x,y
1.750697353081956953e-01,4.996888740863671408e-01
1.752505641347649190e-01,4.996034286311731853e-01
1.754313087725700993e-01,4.995178052336853303e-01
1.756119688784841537e-01,4.994320036230615600e-01
1.757925441126418631e-01,4.993460235380058898e-01
1.759730341384767305e-01,4.992598647267612599e-01
1.761534386227576465e-01,4.991735269470998770e-01
1.763337572356234173e-01,4.990870099663093362e-01
1.765139896506175143e-01,4.990003135611773000e-01
1.766941355447197159e-01,4.989134375179729575e-01
1.768741945983791364e-01,4.988263816324264854e-01
1.770541664955433414e-01,4.987391457097037351e-01
1.772340509236884909e-01,4.986517295643803638e-01
1.774138475738470111e-01,4.985641330204125254e-01
1.775935561406347396e-01,4.984763559111043407e-01
1.777731763222761829e-01,4.983883980790745905e-01
1.779527078206294688e-01,4.983002593762181909e-01
1.781321503412092999e-01,4.982119396636677799e-01
1.783115035932088810e-01,4.981234388117511958e-01
1.784907672895208741e-01,4.980347566999467346e-01
1.786699411467569665e-01,4.979458932168377427e-01
1.788490248852662445e-01,4.978568482600611023e-01
1.790280182291519584e-01,4.977676217362586031e-01
1.792069209062880086e-01,4.976782135610202107e-01
1.793857326483326020e-01,4.975886236588315525e-01
1.795644531907426289e-01,4.974988519630124117e-01
1.797430822727854871e-01,4.974088984156591065e-01
1.799216196375497956e-01,4.973187629675815402e-01
1.801000650319551644e-01,4.972284455782382540e-01
1.802784182067609653e-01,4.971379462156711448e-01
1.804566789165734098e-01,4.970472648564371876e-01
1.806348469198514051e-01,4.969564014855377132e-01
1.808129219789117725e-01,4.968653560963479099e-01
1.809909038599327447e-01,4.967741286905422160e-01
1.811687923329564909e-01,4.966827192780197131e-01
1.813465871718901445e-01,4.965911278768265213e-01
1.815242881545062470e-01,4.964993545130786390e-01
1.817018950624414708e-01,4.964073992208800079e-01
1.818794076811945659e-01,4.963152620422429107e-01
1.820568258001228623e-01,4.962229430270035935e-01
1.822341492124378293e-01,4.961304422327383334e-01
1.824113777151994131e-01,4.960377597246781733e-01
1.825885111093094593e-01,4.959448955756214361e-01
1.827655491995038850e-01,4.958518498658452400e-01
1.829424917943436590e-01,4.957586226830173470e-01
1.831193387062048095e-01,4.956652141221040142e-01
1.832960897512675713e-01,4.955716242852798437e-01
1.834727447495043406e-01,4.954778532818343018e-01
1.836493035246665184e-01,4.953839012280784604e-01
1.838257659042704384e-01,4.952897682472509611e-01
1.840021317195822681e-01,4.951954544694219806e-01
1.841784008056021327e-01,4.951009600313981962e-01
1.843545730010467398e-01,4.950062850766244194e-01
1.845306481483322270e-01,4.949114297550872288e-01
1.847066260935543991e-01,4.948163942232169377e-01
1.848825066864695776e-01,4.947211786437878955e-01
1.850582897804738391e-01,4.946257831858200116e-01
1.852339752325813660e-01,4.945302080244779463e-01
1.854095629034023529e-01,4.944344533409727460e-01
1.855850526571198311e-01,4.943385193224588137e-01
1.857604443614655210e-01,4.942424061619347664e-01
1.859357378876951572e-01,4.941461140581416278e-01
1.861109331105634535e-01,4.940496432154603546e-01
1.862860299082968740e-01,4.939529938438123602e-01
1.864610281625679045e-01,4.938561661585547102e-01
1.866359277584662968e-01,4.937591603803809792e-01
1.868107285844713972e-01,4.936619767352172228e-01
1.869854305324229193e-01,4.935646154541205033e-01
1.871600334974917734e-01,4.934670767731773044e-01
1.873345373781488410e-01,4.933693609334008356e-01
1.875089420761351100e-01,4.932714681806303347e-01
1.876832474964299224e-01,4.931733987654272622e-01
1.878574535472188334e-01,4.930751529429757141e-01
1.880315601398616920e-01,4.929767309729806146e-01
1.882055671888589743e-01,4.928781331195664639e-01
1.883794746118187813e-01,4.927793596511760854e-01
1.885532823294229221e-01,4.926804108404715943e-01
1.887269902653923859e-01,4.925812869642334779e-01
1.889005983464525085e-01,4.924819883032606760e-01
1.890741065022981948e-01,4.923825151422726587e-01
1.892475146655580864e-01,4.922828677698093958e-01
1.894208227717583404e-01,4.921830464781344339e-01
1.895940307592872687e-01,4.920830515631367530e-01
1.897671385693579238e-01,4.919828833242335109e-01
1.899401461459719054e-01,4.918825420642742308e-01
1.901130534358817237e-01,4.917820280894448781e-01
1.902858603885542732e-01,4.916813417091721594e-01
1.904585669561321970e-01,4.915804832360301524e-01
1.906311730933969717e-01,4.914794529856464922e-01
1.908036787577307714e-01,4.913782512766083355e-01
1.909760839090780260e-01,4.912768784303718772e-01
1.911483885099073687e-01,4.911753347711696471e-01
1.913205925251733330e-01,4.910736206259212477e-01
1.914926959222780500e-01,4.909717363241422050e-01
1.916646986710318912e-01,4.908696821978568159e-01
1.918366007436158593e-01,4.907674585815088864e-01
1.920084021145420095e-01,4.906650658118755781e-01
1.921801027606152290e-01,4.905625042279814774e-01
1.923517026608945468e-01,4.904597741710124414e-01
1.925232017966538034e-01,4.903568759842326652e-01
1.926946001513436812e-01,4.902538100129007481e-01
1.928658977105529304e-01,4.901505766041880929e-01
1.930370944619691220e-01,4.900471761070971932e-01
1.932081903953409563e-01,4.899436088723815863e-01
1.933791855024391271e-01,4.898398752524673605e-01
1.935500797770186299e-01,4.897359756013749954e-01
1.937208732147801260e-01,4.896319102746414242e-01
1.938915658133318620e-01,4.895276796292453159e-01
1.940621575721522551e-01,4.894232840235320237e-01
1.942326484925516739e-01,4.893187238171396447e-01
1.944030385776348846e-01,4.892139993709267443e-01
1.945733278322641924e-01,4.891091110469000802e-01
1.947435162630219430e-01,4.890040592081458803e-01
1.949136038781734970e-01,4.888988442187592320e-01
1.950835906876309811e-01,4.887934664437762478e-01
1.952534767029166229e-01,4.886879262491076736e-01
1.954232619371265856e-01,4.885822240014731643e-01
1.955929464048953292e-01,4.884763600683360019e-01
1.957625301223598902e-01,4.883703348178402570e-01
1.959320131071247140e-01,4.882641486187482838e-01
1.961013953782267394e-01,4.881578018403794350e-01
1.962706769561005649e-01,4.880512948525507766e-01
1.964398578625445868e-01,4.879446280255176904e-01
1.966089381206867492e-01,4.878378017299163649e-01
1.967779177549510705e-01,4.877308163367078397e-01
1.969467967910246420e-01,4.876236722171224947e-01
1.971155752558245711e-01,4.875163697426055376e-01
1.972842531774657016e-01,4.874089092847649352e-01
1.974528305852284171e-01,4.873012912153188991e-01
1.976213075095276384e-01,4.871935159060468146e-01
1.977896839818808761e-01,4.870855837287372814e-01
1.979579600348775614e-01,4.869774950551429282e-01
1.981261357021495140e-01,4.868692502569308966e-01
1.982942110183398832e-01,4.867608497056385430e-01
1.984621860190746434e-01,4.866522937726279197e-01
1.986300607409332009e-01,4.865435828290429199e-01
1.987978352214197220e-01,4.864347172457655355e-01
1.989655094989354056e-01,4.863256973933762217e-01
1.991330836127506998e-01,4.862165236421133740e-01
1.993005576029781567e-01,4.861071963618328051e-01
1.994679315105459816e-01,4.859977159219724396e-01
1.996352053771716373e-01,4.858880826915132345e-01
1.998023792453365310e-01,4.857782970389448729e-01
1.999694531582605905e-01,4.856683593322313475e-01
2.001364271598777556e-01,4.855582699387767653e-01
2.003033012948116920e-01,4.854480292253935958e-01
2.004700756083526436e-01,4.853376375582711399e-01
2.006367501464335901e-01,4.852270953029457767e-01
2.008033249556083477e-01,4.851164028242718751e-01
2.009698000830291154e-01,4.850055604863928171e-01
2.011361755764252135e-01,4.848945686527160182e-01
2.013024514840817958e-01,4.847834276858846159e-01
2.014686278548196985e-01,4.846721379477552660e-01
2.016347047379750401e-01,4.845606997993714971e-01
2.018006821833805697e-01,4.844491136009439480e-01
2.019665602413459882e-01,4.843373797118254998e-01
2.021323389626401568e-01,4.842254984904929560e-01
2.022980183984733060e-01,4.841134702945258383e-01
2.024635986004793275e-01,4.840012954805882894e-01
2.026290796206999811e-01,4.838889744044111985e-01
2.027944615115676030e-01,4.837765074207744376e-01
2.029597443258905620e-01,4.836638948834922069e-01
2.031249281168375775e-01,4.835511371453973806e-01
2.032900129379233145e-01,4.834382345583276286e-01
2.034549988429947553e-01,4.833251874731118725e-01
2.036198858862172945e-01,4.832119962395595159e-01
2.037846741220622759e-01,4.830986612064467889e-01
2.039493636052945313e-01,4.829851827215085325e-01
2.041139543909605003e-01,4.828715611314276512e-01
2.042784465343771283e-01,4.827577967818261206e-01
2.044428400911212640e-01,4.826438900172585478e-01
2.046071351170191399e-01,4.825298411812029564e-01
2.047713316681374907e-01,4.824156506160576785e-01
2.049354298007736719e-01,4.823013186631329163e-01
2.050994295714476390e-01,4.821868456626488553e-01
2.052633310368939534e-01,4.820722319537296685e-01
2.054271342540539835e-01,4.819574778744030730e-01
2.055908392800694651e-01,4.818425837615958884e-01
2.057544461722757567e-01,4.817275499511344816e-01
2.059179549881960669e-01,4.816123767777426568e-01
2.060813657855364300e-01,4.814970645750430989e-01
2.062446786221803496e-01,4.813816136755580399e-01
2.064078935561849404e-01,4.812660244107092589e-01
2.065710106457771256e-01,4.811502971108228555e-01
2.067340299493500011e-01,4.810344321051305827e-01
2.068969515254608094e-01,4.809184297217738435e-01
2.070597754328279139e-01,4.808022902878084648e-01
2.072225017303297168e-01,4.806860141292092492e-01
2.073851304770031045e-01,4.805696015708760815e-01
2.075476617320428374e-01,4.804530529366399239e-01
2.077100955548011052e-01,4.803363685492694768e-01
2.078724320047884155e-01,4.802195487304797283e-01
2.080346711416733718e-01,4.801025938009390592e-01
2.081968130252848659e-01,4.799855040802781247e-01
2.083588577156133270e-01,4.798682798871005128e-01
2.085208052728129424e-01,4.797509215389907378e-01
2.086826557572040997e-01,4.796334293525252312e-01
2.088444092292772170e-01,4.795158036432847770e-01
2.090060657496956853e-01,4.793980447258639477e-01
2.091676253792999485e-01,4.792801529138845384e-01
2.093290881791124158e-01,4.791621285200074465e-01
2.094904542103422640e-01,4.790439718559465487e-01
2.096517235343902941e-01,4.789256832324806923e-01
2.098128962128556763e-01,4.788072629594699037e-01
2.099739723075414177e-01,4.786887113458677123e-01
2.101349518804615790e-01,4.785700286997369157e-01
2.102958349938479632e-01,4.784512153282664548e-01
2.104566217101580539e-01,4.783322715377839596e-01
2.106173120920824815e-01,4.782131976337750667e-01
2.107779062025539052e-01,4.780939939208981859e-01
2.109384041047553116e-01,4.779746607030023742e-01
2.110988058621291463e-01,4.778551982831436562e-01
2.112591115383872231e-01,4.777356069636050084e-01
2.114193211975202435e-01,4.776158870459115691e-01
2.115794349038081501e-01,4.774960388308512882e-01
2.117394527218309508e-01,4.773760626184928024e-01
2.118993747164792663e-01,4.772559587082043087e-01
2.120592009529663480e-01,4.771357273986739922e-01
2.122189314968390972e-01,4.770153689879284564e-01
2.123785664139905827e-01,4.768948837733539281e-01
2.125381057706723920e-01,4.767742720517154642e-01
2.126975496335067051e-01,4.766535341191782682e-01
2.128568980695003388e-01,4.765326702713286733e-01
2.130161511460574031e-01,4.764116808031940153e-01
2.131753089309927907e-01,4.762905660092647264e-01
2.133343714925468038e-01,4.761693261835162061e-01
2.134933388993988379e-01,4.760479616194293606e-01
2.136522112206821478e-01,4.759264726100133625e-01
2.138109885259982801e-01,4.758048594478277438e-01
2.139696708854328389e-01,4.756831224250041568e-01
2.141282583695700847e-01,4.755612618332690222e-01
2.142867510495089778e-01,4.754392779639661781e-01
2.144451489968787761e-01,4.753171711080786399e-01
2.146034522838550507e-01,4.751949415562533585e-01
2.147616609831762557e-01,4.750725895988224257e-01
2.149197751681599933e-01,4.749501155258263885e-01
2.150777949127197497e-01,4.748275196270381193e-01
2.152357202913818546e-01,4.747048021919851313e-01
2.153935513793026890e-01,4.745819635099734479e-01
2.155512882522858942e-01,4.744590038701106960e-01
2.157089309868000238e-01,4.743359235613294200e-01
2.158664796599958080e-01,4.742127228724107302e-01
2.160239343497243891e-01,4.740894020920075058e-01
2.161812951345551126e-01,4.739659615086679323e-01
2.163385620937936515e-01,4.738424014108589266e-01
2.164957353075001867e-01,4.737187220869891191e-01
2.166528148565079470e-01,4.735949238254336113e-01
2.168098008224415285e-01,4.734710069145556255e-01
2.169666932877356846e-01,4.733469716427318175e-01
2.171234923356536173e-01,4.732228182983728160e-01
2.172801980503064057e-01,4.730985471699495348e-01
2.174368105166711029e-01,4.729741585460142672e-01
2.175933298206104982e-01,4.728496527152245554e-01
2.177497560488911299e-01,4.727250299663657285e-01
2.179060892892032697e-01,4.726002905883743277e-01
2.180623296301793246e-01,4.724754348703602003e-01
2.182184771614134600e-01,4.723504631016298139e-01
2.183745319734801127e-01,4.722253755717077950e-01
2.185304941579537807e-01,4.721001725703605767e-01
2.186863638074276195e-01,4.719748543876174929e-01
2.188421410155330371e-01,4.718494213137932047e-01
2.189978258769584574e-01,4.717238736395089060e-01
2.191534184874686375e-01,4.715982116557154158e-01
2.193089189439233200e-01,4.714724356537124961e-01
2.194643273442969389e-01,4.713465459251727219e-01
2.196196437876968000e-01,4.712205427621594667e-01
2.197748683743824816e-01,4.710944264571502171e-01
2.199300012057842091e-01,4.709681973030558910e-01
2.200850423845219783e-01,4.708418555932409322e-01
2.202399920144238743e-01,4.707154016215440717e-01
2.203948502005446952e-01,4.705888356822974239e-01
2.205496170491840213e-01,4.704621580703465811e-01
2.207042926679050610e-01,4.703353690810689325e-01
2.208588771655521643e-01,4.702084690103939812e-01
2.210133706522691421e-01,4.700814581548194426e-01
2.211677732395167240e-01,4.699543368114328934e-01
2.213220850400906825e-01,4.698271052779264267e-01
2.214763061681387646e-01,4.696997638526167473e-01
2.216304367391782604e-01,4.695723128344603814e-01
2.217844768701128788e-01,4.694447525230726614e-01
2.219384266792499283e-01,4.693170832187423813e-01
2.220922862863162761e-01,4.691893052224491156e-01
2.222460558124755570e-01,4.690614188358790959e-01
2.223997353803437438e-01,4.689334243614400877e-01
2.225533251140054125e-01,4.688053221022766004e-01
2.227068251390289522e-01,4.686771123622844315e-01
2.228602355824824965e-01,4.685487954461256543e-01
2.230135565729486902e-01,4.684203716592413858e-01
2.231667882405395653e-01,4.682918413078657749e-01
2.233199307169109471e-01,4.681632046990386598e-01
2.234729841352771362e-01,4.680344621406191119e-01
2.236259486304242039e-01,4.679056139412962056e-01
2.237788243387238418e-01,4.677766604106014525e-01
2.239316113981468515e-01,4.676476018589202366e-01
2.240843099482755230e-01,4.675184385975012513e-01
2.242369201303166526e-01,4.673891709384689341e-01
2.243894420871135886e-01,4.672597991948312379e-01
2.245418759631578609e-01,4.671303236804902892e-01
2.246942219046009492e-01,4.670007447102511589e-01
2.248464800592651913e-01,4.668710625998289676e-01
2.249986505766544964e-01,4.667412776658585449e-01
2.251507336079645316e-01,4.666113902259010904e-01
2.253027293060928249e-01,4.664814005984509460e-01
2.254546378256478689e-01,4.663513091029418134e-01
2.256064593229585302e-01,4.662211160597533044e-01
2.257581939560823481e-01,4.660908217902157147e-01
2.259098418848139167e-01,4.659604266166155750e-01
2.260614032706925458e-01,4.658299308621993151e-01
2.262128782770093938e-01,4.656993348511777042e-01
2.263642670688146563e-01,4.655686389087286270e-01
2.265155698129233397e-01,4.654378433610001919e-01
2.266667866779218665e-01,4.653069485351133960e-01
2.268179178341727387e-01,4.651759547591627908e-01
2.269689634538200329e-01,4.650448623622189248e-01
2.271199237107937863e-01,4.649136716743280107e-01
2.272707987808134933e-01,4.647823830265125911e-01
2.274215888413922693e-01,4.646509967507716499e-01
2.275722940718390153e-01,4.645195131800780586e-01
2.277229146532616100e-01,4.643879326483793535e-01
2.278734507685686028e-01,4.642562554905938499e-01
2.280239026024702409e-01,4.641244820426087547e-01
2.281742703414799123e-01,4.639926126412778351e-01
2.283245541739142570e-01,4.638606476244165333e-01
2.284747542898934169e-01,4.637285873307988582e-01
2.286248708813396757e-01,4.635964321001520561e-01
2.287749041419770146e-01,4.634641822731520588e-01
2.289248542673287812e-01,4.633318381914171558e-01
2.290747214547160238e-01,4.631994001975018871e-01
2.292245059032539112e-01,4.630668686348909380e-01
2.293742078138495122e-01,4.629342438479903676e-01
2.295238273891966885e-01,4.628015261821212811e-01
2.296733648337727640e-01,4.626687159835107255e-01
2.298228203538326408e-01,4.625358135992830300e-01
2.299721941574040251e-01,4.624028193774501472e-01
2.301214864542811545e-01,4.622697336669023271e-01
2.302706974560180531e-01,4.621365568173970151e-01
2.304198273759216486e-01,4.620032891795487484e-01
2.305688764290436399e-01,4.618699311048167222e-01
2.307178448321731135e-01,4.617364829454946862e-01
2.308667328038270516e-01,4.616029450546965118e-01
2.310155405642414228e-01,4.614693177863442020e-01
2.311642683353609118e-01,4.613356014951553452e-01
2.313129163408294831e-01,4.612017965366280170e-01
2.314614848059782237e-01,4.610679032670276789e-01
2.316099739578152128e-01,4.609339220433713025e-01
2.317583840250125038e-01,4.607998532234130473e-01
2.319067152378942731e-01,4.606656971656283850e-01
2.320549678284236084e-01,4.605314542291982227e-01
2.322031420301888804e-01,4.603971247739920281e-01
2.323512380783901154e-01,4.602627091605509535e-01
2.324992562098240623e-01,4.601282077500709611e-01
2.326471966628691213e-01,4.599936209043840596e-01
2.327950596774701897e-01,4.598589489859418733e-01
2.329428454951221472e-01,4.597241923577949918e-01
2.330905543588538131e-01,4.595893513835755395e-01
2.332381865132104048e-01,4.594544264274774137e-01
2.333857422042364127e-01,4.593194178542367445e-01
2.335332216794576143e-01,4.591843260291105788e-01
2.336806251878623120e-01,4.590491513178587835e-01
2.338279529798827638e-01,4.589138940867209526e-01
2.339752053073757554e-01,4.587785547023970900e-01
2.341223824236026985e-01,4.586431335320248492e-01
2.342694845832093975e-01,4.585076309431587727e-01
2.344165120422055659e-01,4.583720473037475318e-01
2.345634650579435931e-01,4.582363829821117229e-01
2.347103438890967564e-01,4.581006383469216625e-01
2.348571487956380155e-01,4.579648137671741837e-01
2.350038800388167259e-01,4.578289096121684332e-01
2.351505378811367120e-01,4.576929262514846664e-01
2.352971225863329519e-01,4.575568640549581567e-01
2.354436344193477360e-01,4.574207233926565475e-01
2.355900736463073242e-01,4.572845046348554265e-01
2.357364405344975766e-01,4.571482081520136798e-01
2.358827353523391401e-01,4.570118343147492879e-01
2.360289583693629123e-01,4.568753834938137914e-01
2.361751098561848117e-01,4.567388560600680880e-01
2.363211900844799374e-01,4.566022523844568970e-01
2.364671993269569505e-01,4.564655728379828914e-01
2.366131378573320676e-01,4.563288177916823840e-01
2.367590059503023314e-01,4.561919876165982379e-01
2.369048038815189383e-01,4.560550826837547755e-01
2.370505319275605927e-01,4.559181033641321323e-01
2.371961903659060567e-01,4.557810500286398336e-01
2.373417794749065335e-01,4.556439230480905933e-01
2.374872995337581338e-01,4.555067227931738905e-01
2.376327508224738705e-01,4.553694496344304343e-01
2.377781336218556529e-01,4.552321039422249638e-01
2.379234482134658102e-01,4.550946860867194910e-01
2.380686948795986413e-01,4.549571964378484323e-01
2.382138739032512997e-01,4.548196353652900759e-01
2.383589855680953995e-01,4.546820032384408239e-01
2.385040301584480382e-01,4.545443004263893250e-01
2.386490079592419045e-01,4.544065272978887182e-01
2.387939192559965784e-01,4.542686842213300991e-01
2.389387643347890000e-01,4.541307715647164289e-01
2.390835434822233541e-01,4.539927896956360009e-01
2.392282569854022878e-01,4.538547389812354615e-01
2.393729051318963519e-01,4.537166197881936092e-01
2.395174882097146907e-01,4.535784324826941938e-01
2.396620065072747330e-01,4.534401774304007149e-01
2.398064603133724659e-01,4.533018549964292210e-01
2.399508499171522646e-01,4.531634655453221083e-01
2.400951756080769994e-01,4.530250094410221418e-01
2.402394376758979766e-01,4.528864870468466974e-01
2.403836364106244905e-01,4.527478987254613396e-01
2.405277721024941529e-01,4.526092448388535083e-01
2.406718450419427224e-01,4.524705257483082055e-01
2.408158555195737960e-01,4.523317418143811275e-01
2.409598038261291375e-01,4.521928933968735742e-01
2.411036902524582859e-01,4.520539808548078020e-01
2.412475150894889120e-01,4.519150045464009335e-01
2.413912786281968981e-01,4.517759648290401997e-01
2.415349811595763896e-01,4.516368620592589589e-01
2.416786229746102077e-01,4.514976965927114949e-01
2.418222043642402619e-01,4.513584687841480370e-01
2.419657256193376293e-01,4.512191789873916670e-01
2.421091870306735505e-01,4.510798275553134506e-01
2.422525888888901191e-01,4.509404148398095669e-01
2.423959314844708612e-01,4.508009411917766607e-01
2.425392151077119529e-01,4.506614069610895279e-01
2.426824400486930766e-01,4.505218124965770232e-01
2.428256065972487776e-01,4.503821581460002998e-01
2.429687150429402365e-01,4.502424442560290507e-01
2.431117656750265144e-01,4.501026711722201923e-01
2.432547587824362145e-01,4.499628392389953269e-01
2.433976946537400876e-01,4.498229487996187603e-01
2.435405735771227487e-01,4.496830001961761858e-01
2.436833958403551159e-01,4.495429937695531453e-01
2.438261617307672935e-01,4.494029298594153787e-01
2.439688715352211212e-01,4.492628088041850654e-01
2.441115255400834183e-01,4.491226309410242812e-01
2.442541240311993378e-01,4.489823966058122395e-01
2.443966672938658047e-01,4.488421061331255291e-01
2.445391556128053423e-01,4.487017598562205722e-01
2.446815892721403984e-01,4.485613581070126421e-01
2.448239685553673384e-01,4.484209012160573216e-01
2.449662937453312705e-01,4.482803895125326288e-01
2.451085651242009000e-01,4.481398233242200324e-01
2.452507829734436040e-01,4.479992029774871320e-01
2.453929475738010069e-01,4.478585287972693396e-01
2.455350592052650549e-01,4.477178011070538921e-01
2.456771181470533139e-01,4.475770202288615329e-01
2.458191246775859040e-01,4.474361864832303026e-01
2.459610790744622966e-01,4.472953001892006619e-01
2.461029816144379434e-01,4.471543616642975061e-01
2.462448325734015175e-01,4.470133712245159541e-01
2.463866322263530140e-01,4.468723291843055834e-01
2.465283808473813232e-01,4.467312358565565522e-01
2.466700787096428593e-01,4.465900915525829462e-01
2.468117260853398276e-01,4.464488965821111210e-01
2.469533232456994354e-01,4.463076512532646034e-01
2.470948704609529367e-01,4.461663558725502132e-01
2.472363680003159259e-01,4.460250107448460732e-01
2.473778161319674096e-01,4.458836161733876202e-01
2.475192151230310167e-01,4.457421724597567247e-01
2.476605652395551249e-01,4.456006799038679245e-01
2.478018667464942648e-01,4.454591388039582101e-01
2.479431199076904124e-01,4.453175494565742576e-01
2.480843249858546151e-01,4.451759121565632138e-01
2.482254822425492835e-01,4.450342271970601504e-01
2.483665919381710385e-01,4.448924948694787385e-01
2.485076543319325315e-01,4.447507154635014781e-01
2.486486696818465680e-01,4.446088892670694848e-01
2.487896382447098709e-01,4.444670165663737182e-01
2.489305602760857605e-01,4.443250976458461010e-01
2.490714360302901109e-01,4.441831327881501923e-01
2.492122657603745572e-01,4.440411222741743047e-01
2.493530497181126737e-01,4.438990663830217343e-01
2.494937881539842361e-01,4.437569653920057644e-01
2.496344813171623711e-01,4.436148195766393409e-01
2.497751294554984292e-01,4.434726292106318524e-01
2.499157328155089675e-01,4.433303945658786938e-01
2.500562916423629267e-01,4.431881159124582692e-01
2.501968061798685028e-01,4.430457935186245533e-01
2.503372766704602959e-01,4.429034276508019841e-01
2.504777033551880416e-01,4.427610185735796899e-01
2.506180864737048708e-01,4.426185665497073818e-01
2.507584262642548745e-01,4.424760718400903570e-01
2.508987229636637784e-01,4.423335347037851695e-01
2.510389768073267858e-01,4.421909553979962992e-01
2.511791880291989743e-01,4.420483341780712672e-01
2.513193568617856366e-01,4.419056712974987478e-01
2.514594835361319558e-01,4.417629670079044613e-01
2.515995682818146228e-01,4.416202215590488422e-01
2.517396113269317337e-01,4.414774351988247081e-01
2.518796128980954063e-01,4.413346081732551496e-01
2.520195732204230099e-01,4.411917407264911994e-01
2.521594925175294488e-01,4.410488331008107221e-01
2.522993710115192245e-01,4.409058855366175256e-01
2.524392089229795522e-01,4.407628982724389188e-01
2.525790064709731997e-01,4.406198715449268222e-01
2.527187638730323815e-01,4.404768055888558798e-01
2.528584813451520974e-01,4.403337006371241258e-01
2.529981591017839704e-01,4.401905569207526514e-01
2.531377973558308625e-01,4.400473746688859378e-01
2.532773963186419897e-01,4.399041541087925222e-01
2.534169562000070375e-01,4.397608954658661085e-01
2.535564772081522755e-01,4.396175989636264547e-01
2.536959595497353392e-01,4.394742648237200400e-01
2.538354034298417883e-01,4.393308932659235055e-01
2.539748090519807211e-01,4.391874845081431000e-01
2.541141766180815553e-01,4.390440387664182320e-01
2.542535063284909747e-01,4.389005562549238015e-01
2.543927983819695982e-01,4.387570371859715324e-01
2.545320529756890382e-01,4.386134817700141908e-01
2.546712703052297910e-01,4.384698902156470290e-01
2.548104505645795714e-01,4.383262627296124481e-01
2.549495939461304816e-01,4.381825995168018295e-01
2.550887006406778457e-01,4.380389007802600876e-01
2.552277708374189880e-01,4.378951667211895549e-01
2.553668047239516237e-01,4.377513975389525913e-01
2.555058024862733035e-01,4.376075934310776350e-01
2.556447643087810251e-01,4.374637545932616445e-01
2.557836903742700119e-01,4.373198812193761498e-01
2.559225808639348232e-01,4.371759735014710269e-01
2.560614359573678001e-01,4.370320316297796048e-01
2.562002558325610080e-01,4.368880557927234398e-01
2.563390406659052378e-01,4.367440461769180327e-01
2.564777906321923928e-01,4.366000029671776028e-01
2.566165059046150998e-01,4.364559263465212502e-01
2.567551866547681527e-01,4.363118164961782286e-01
2.568938330526505109e-01,4.361676735955931083e-01
2.570324452666665205e-01,4.360234978224333813e-01
2.571710234636270798e-01,4.358792893525939571e-01
2.573095678087524152e-01,4.357350483602037694e-01
2.574480784656745791e-01,4.355907750176334914e-01
2.575865555964383935e-01,4.354464694954999771e-01
2.577249993615053358e-01,4.353021319626741437e-01
2.578634099197557039e-01,4.351577625862873555e-01
2.580017874284915580e-01,4.350133615317388069e-01
2.581401320434394964e-01,4.348689289627018506e-01
2.582784439187548187e-01,4.347244650411310474e-01
2.584167232070238018e-01,4.345799699272704930e-01
2.585549700592676414e-01,4.344354437796595358e-01
2.586931846249466704e-01,4.342908867551413254e-01
2.588313670519640786e-01,4.341462990088699736e-01
2.589695174866689098e-01,4.340016806943184924e-01
2.591076360738612805e-01,4.338570319632858441e-01
2.592457229567969312e-01,4.337123529659051013e-01
2.593837782771905576e-01,4.335676438506516628e-01
2.595218021752211945e-01,4.334229047643508026e-01
2.596597947895365466e-01,4.332781358521856085e-01
2.597977562572584276e-01,4.331333372577055862e-01
2.599356867139865912e-01,4.329885091228345417e-01
2.600735862938051146e-01,4.328436515878787416e-01
2.602114551292867284e-01,4.326987647915354063e-01
2.603492933514985896e-01,4.325538488709017027e-01
2.604871010900071671e-01,4.324089039614818497e-01
2.606248784728842915e-01,4.322639301971968884e-01
2.607626256267127074e-01,4.321189277103930082e-01
2.609003426765919564e-01,4.319738966318492079e-01
2.610380297461432075e-01,4.318288370907879536e-01
2.611756869575169726e-01,4.316837492148817845e-01
2.613133144313977141e-01,4.315386331302632494e-01
2.614509122870103952e-01,4.313934889615341217e-01
2.615884806421268083e-01,4.312483168317733928e-01
2.617260196130715699e-01,4.311031168625464871e-01
2.618635293147293375e-01,4.309578891739144768e-01
2.620010098605501381e-01,4.308126338844427972e-01
2.621384613625566407e-01,4.306673511112105168e-01
2.622758839313504842e-01,4.305220409698192752e-01
2.624132776761192165e-01,4.303767035744024416e-01
2.625506427046427893e-01,4.302313390376340529e-01
2.626879791233009409e-01,4.300859474707383057e-01
2.628252870370790251e-01,4.299405289834986044e-01
2.629625665495762266e-01,4.297950836842669431e-01
2.630998177630117230e-01,4.296496116799726206e-01
2.632370407782321231e-01,4.295041130761320658e-01
2.633742356947187946e-01,4.293585879768580527e-01
2.635114026105945251e-01,4.292130364848685264e-01
2.636485416226311829e-01,4.290674587014967623e-01
2.637856528262573219e-01,4.289218547266998027e-01
2.639227363155646766e-01,4.287762246590683390e-01
2.640597921833167105e-01,4.286305685958359257e-01
2.641968205209552778e-01,4.284848866328889172e-01
2.643338214186081170e-01,4.283391788647748499e-01
2.644707949650969003e-01,4.281934453847119904e-01
2.646077412479447277e-01,4.280476862846002706e-01
2.647446603533837317e-01,4.279019016550286159e-01
2.648815523663626270e-01,4.277560915852857693e-01
2.650184173705544821e-01,4.276102561633691179e-01
2.651552554483650459e-01,4.274643954759945186e-01
2.652920666809394645e-01,4.273185096086054569e-01
2.654288511481713853e-01,4.271725986453827617e-01
2.655656089287102284e-01,4.270266626692539869e-01
2.657023400999688478e-01,4.268807017619025146e-01
2.658390447381324684e-01,4.267347160037778808e-01
2.659757229181652916e-01,4.265887054741045459e-01
2.661123747138200990e-01,4.264426702508919420e-01
2.662490001976452469e-01,4.262966104109431886e-01
2.663855994409932704e-01,4.261505260298648623e-01
2.665221725140287656e-01,4.260044171820777659e-01
2.666587194857363285e-01,4.258582839408243115e-01
2.667952404239303799e-01,4.257121263781796228e-01
2.669317353952607719e-01,4.255659445650606387e-01
2.670682044652233356e-01,4.254197385712352175e-01
2.672046476981670970e-01,4.252735084653320174e-01
2.673410651573028818e-01,4.251272543148503225e-01
2.674774569047115302e-01,4.249809761861687574e-01
2.676138230013528352e-01,4.248346741445556685e-01
2.677501635070733688e-01,4.246883482541784494e-01
2.678864784806152533e-01,4.245419985781125338e-01
2.680227679796244877e-01,4.243956251783513878e-01
2.681590320606598299e-01,4.242492281158167233e-01
2.682952707792010116e-01,4.241028074503664924e-01
2.684314841896573989e-01,4.239563632408059890e-01
2.685676723453769843e-01,4.238098955448965088e-01
2.687038352986543255e-01,4.236634044193653970e-01
2.688399731007402593e-01,4.235168899199151515e-01
2.689760858018495626e-01,4.233703521012336934e-01
2.691121734511704444e-01,4.232237910170035255e-01
2.692482360968729838e-01,4.230772067199115027e-01
2.693842737861184555e-01,4.229305992616580467e-01
2.695202865650674351e-01,4.227839686929676932e-01
2.696562744788895682e-01,4.226373150635975851e-01
2.697922375717714538e-01,4.224906384223484079e-01
2.699281758869266357e-01,4.223439388170729947e-01
2.700640894666042069e-01,4.221972162946864837e-01
2.701999783520982468e-01,4.220504709011761446e-01
2.703358425837557588e-01,4.219037026816106484e-01
2.704716822009870514e-01,4.217569116801504481e-01
2.706074972422747860e-01,4.216100979400569382e-01
2.707432877451822484e-01,4.214632615037025576e-01
2.708790537463638404e-01,4.213164024125803375e-01
2.710147952815731842e-01,4.211695207073140046e-01
2.711505123856738364e-01,4.210226164276676952e-01
2.712862050926472812e-01,4.208756896125561142e-01
2.714218734356033114e-01,4.207287403000533610e-01
2.715575174467892983e-01,4.205817685274040874e-01
2.716931371575995735e-01,4.204347743310329899e-01
2.718287325985851988e-01,4.202877577465544134e-01
2.719643037994631252e-01,4.201407188087827316e-01
2.720998507891271290e-01,4.199936575517421167e-01
2.722353735956555831e-01,4.198465740086769760e-01
2.723708722463232257e-01,4.196994682120614439e-01
2.725063467676100415e-01,4.195523401936099295e-01
2.726417971852109212e-01,4.194051899842872744e-01
2.727772235240460974e-01,4.192580176143181903e-01
2.729126258082711365e-01,4.191108231131987494e-01
2.730480040612871528e-01,4.189636065097053774e-01
2.731833583057503012e-01,4.188163678319056227e-01
2.733186885635825458e-01,4.186691071071690362e-01
2.734539948559818190e-01,4.185218243621762757e-01
2.735892772034324016e-01,4.183745196229304852e-01
2.737245356257149709e-01,4.182271929147675094e-01
2.738597701419173691e-01,4.180798442623661626e-01
2.739949807704453177e-01,4.179324736897589987e-01
2.741301675290321316e-01,4.177850812203425801e-01
2.742653304347503207e-01,4.176376668768880251e-01
2.744004695040224706e-01,4.174902306815522768e-01
2.745355847526307347e-01,4.173427726558882056e-01
2.746706761957288245e-01,4.171952928208554345e-01
2.748057438478525016e-01,4.170477911968311635e-01
2.749407877229312902e-01,4.169002678036213827e-01
2.750758078342978585e-01,4.167527226604711976e-01
2.752108041947016193e-01,4.166051557860756538e-01
2.753457768163176667e-01,4.164575671985916716e-01
2.754807257107595442e-01,4.163099569156482604e-01
2.756156508890901247e-01,4.161623249543576208e-01
2.757505523618331567e-01,4.160146713313269129e-01
2.758854301389846442e-01,4.158669960626684703e-01
2.760202842300246706e-01,4.157192991640122348e-01
2.761551146439293891e-01,4.155715806505161924e-01
2.762899213891819583e-01,4.154238405368780307e-01
2.764247044737853654e-01,4.152760788373464629e-01
2.765594639052740278e-01,4.151282955657329965e-01
2.766941996907253398e-01,4.149804907354229244e-01
2.768289118367723844e-01,4.148326643593877594e-01
2.769636003496165899e-01,4.146848164501961143e-01
2.770982652350386655e-01,4.145369470200253592e-01
2.772329064984120350e-01,4.143890560806741674e-01
2.773675241447152162e-01,4.142411436435740613e-01
2.775021181785437552e-01,4.140932097198002926e-01
2.776366886041233273e-01,4.139452543200857204e-01
2.777712354253228932e-01,4.137972774548306365e-01
2.779057586456663564e-01,4.136492791341166986e-01
2.780402582683466073e-01,4.135012593677178661e-01
2.781747342962374581e-01,4.133532181651131121e-01
2.783091867319079094e-01,4.132051555354984140e-01
2.784436155776340849e-01,4.130570714877990768e-01
2.785780208354127763e-01,4.129089660306822229e-01
2.787124025069758759e-01,4.127608391725692827e-01
2.788467605938020344e-01,4.126126909216480954e-01
2.789810950971312598e-01,4.124645212858857879e-01
2.791154060179782403e-01,4.123163302730407098e-01
2.792496933571457784e-01,4.121681178906764220e-01
2.793839571152386680e-01,4.120198841461722994e-01
2.795181972926778502e-01,4.118716290467385188e-01
2.796524138897132916e-01,4.117233525994270504e-01
2.797866069064391947e-01,4.115750548111455909e-01
2.799207763428072093e-01,4.114267356886697757e-01
2.800549221986403103e-01,4.112783952386568909e-01
2.801890444736482300e-01,4.111300334676573631e-01
2.803231431674402807e-01,4.109816503821297484e-01
2.804572182795405655e-01,4.108332459884523336e-01
2.805912698094024660e-01,4.106848202929367364e-01
2.807252977564217433e-01,4.105363733018410621e-01
2.808593021199531359e-01,4.103879050213826707e-01
2.809932828993232934e-01,4.102394154577525542e-01
2.811272400938462646e-01,4.100909046171269945e-01
2.812611737028379300e-01,4.099423725056819401e-01
2.813950837256306570e-01,4.097938191296058297e-01
2.815289701615885098e-01,4.096452444951138028e-01
2.816628330101216826e-01,4.094966486084596347e-01
2.817966722707019867e-01,4.093480314759498362e-01
2.819304879428771171e-01,4.091993931039577537e-01
2.820642800262859740e-01,4.090507334989357258e-01
2.821980485206741496e-01,4.089020526674292388e-01
2.823317934259081952e-01,4.087533506160909158e-01
2.824655147419915524e-01,4.086046273516921734e-01
2.825992124690792084e-01,4.084558828811391540e-01
2.827328866074929614e-01,4.083071172114839942e-01
2.828665371577366860e-01,4.081583303499397020e-01
2.830001641205117102e-01,4.080095223038928132e-01
2.831337674967318585e-01,4.078606930809176023e-01
2.832673472875388287e-01,4.077118426887886837e-01
2.834009034943172911e-01,4.075629711354952778e-01
2.835344361187104312e-01,4.074140784292539785e-01
2.836679451626349935e-01,4.072651645785227426e-01
2.838014306282969357e-01,4.071162295920136009e-01
2.839348925182058059e-01,4.069672734787068147e-01
2.840683308351911740e-01,4.068182962478635867e-01
2.842017455824172867e-01,4.066692979090392734e-01
2.843351367633978888e-01,4.065202784720969853e-01
2.844685043820122106e-01,4.063712379472212977e-01
2.846018484425197892e-01,4.062221763449299083e-01
2.847351689495750682e-01,4.060730936760882925e-01
2.848684659082434956e-01,4.059239899519216377e-01
2.850017393240156793e-01,4.057748651840283327e-01
2.851349892028228750e-01,4.056257193843929021e-01
2.852682155510518625e-01,4.054765525653989955e-01
2.854014183755597123e-01,4.053273647398414337e-01
2.855345976836881072e-01,4.051781559209393646e-01
2.856677534832789966e-01,4.050289261223494752e-01
2.858008857826889182e-01,4.048796753581771490e-01
2.859339945908030423e-01,4.047304036429902330e-01
2.860670799170502709e-01,4.045811109918301951e-01
2.862001417714172269e-01,4.044317974202252253e-01
2.863331801644626307e-01,4.042824629442017814e-01
2.864661951073316781e-01,4.041331075802970241e-01
2.865991866117697517e-01,4.039837313455699186e-01
2.867321546901365203e-01,4.038343342576140027e-01
2.868650993554195949e-01,4.036849163345679337e-01
2.869980206212485174e-01,4.035354775951281447e-01
2.871309185019080279e-01,4.033860180585588373e-01
2.872637930123513872e-01,4.032365377447036381e-01
2.873966441682135886e-01,4.030870366739979782e-01
2.875294719858249581e-01,4.029375148674771978e-01
2.876622764822227563e-01,4.027879723467901463e-01
2.877950576751659439e-01,4.026384091342075644e-01
2.879278155831457298e-01,4.024888252526336863e-01
2.880605502253988925e-01,4.023392207256157316e-01
2.881932616219202159e-01,4.021895955773542863e-01
2.883259497934734794e-01,4.020399498327132393e-01
2.884586147616040597e-01,4.018902835172286081e-01
2.885912565486505876e-01,4.017405966571189202e-01
2.887238751777555512e-01,4.015908892792935947e-01
2.888564706728773412e-01,4.014411614113632676e-01
2.889890430587992998e-01,4.012914130816463421e-01
2.891215923611434868e-01,4.011416443191797021e-01
2.892541186063780079e-01,4.009918551537257625e-01
2.893866218218288378e-01,4.008420456157814060e-01
2.895191020356895351e-01,4.006922157365848114e-01
2.896515592770304570e-01,4.005423655481242795e-01
2.897839935758083629e-01,4.003924950831449503e-01
2.899164049628756845e-01,4.002426043751555196e-01
2.900487934699894077e-01,4.000926934584361772e-01
2.901811591298185111e-01,3.999427623680442134e-01
2.903135019759541247e-01,3.997928111398213469e-01
2.904458220429159687e-01,3.996428398103982760e-01
2.905781193661607364e-01,3.994928484172028393e-01
2.907103939820886440e-01,3.993428369984630133e-01
2.908426459280519238e-01,3.991928055932139618e-01
2.909748752423595985e-01,3.990427542413020334e-01
2.911070819642858076e-01,3.988926829833900345e-01
2.912392661340744149e-01,3.987425918609612263e-01
2.913714277929453922e-01,3.985924809163235438e-01
2.915035669831000376e-01,3.984423501926134814e-01
2.916356837477265818e-01,3.982921997337996456e-01
2.917677781310034635e-01,3.981420295846855306e-01
2.918998501781056021e-01,3.979918397909125161e-01
2.920318999352068401e-01,3.978416303989633085e-01
2.921639274494842176e-01,3.976914014561624966e-01
2.922959327691210252e-01,3.975411530106802704e-01
2.924279159433103570e-01,3.973908851115328100e-01
2.925598770222568312e-01,3.972405978085839506e-01
2.926918160571791994e-01,3.970902911525464041e-01
2.928237331003117894e-01,3.969399651949822583e-01
2.929556282049067817e-01,3.967896199883026997e-01
2.930875014252339317e-01,3.966392555857692348e-01
2.932193528165825680e-01,3.964888720414923573e-01
2.933511824352608710e-01,3.963384694104311601e-01
2.934829903385963168e-01,3.961880477483925023e-01
2.936147765849346780e-01,3.960376071120294550e-01
2.937465412336400239e-01,3.958871475588394140e-01
2.938782843450924998e-01,3.957366691471634890e-01
2.940100059806871058e-01,3.955861719361820072e-01
2.941417062028315321e-01,3.954356559859132370e-01
2.942733850749439384e-01,3.952851213572102229e-01
2.944050426614494564e-01,3.951345681117580111e-01
2.945366790277779701e-01,3.949839963120682085e-01
2.946682942403596739e-01,3.948334060214768737e-01
2.947998883666213543e-01,3.946827973041395765e-01
2.949314614749819485e-01,3.945321702250259022e-01
2.950630136348475485e-01,3.943815248499161763e-01
2.951945449166067381e-01,3.942308612453945815e-01
2.953260553916243203e-01,3.940801794788446055e-01
2.954575451322359880e-01,3.939294796184425462e-01
2.955890142117418851e-01,3.937787617331511836e-01
2.957204627043991119e-01,3.936280258927143949e-01
2.958518906854160080e-01,3.934772721676478846e-01
2.959832982309429927e-01,3.933265006292346322e-01
2.961146854180668475e-01,3.931757113495157330e-01
2.962460523248002242e-01,3.930249044012831816e-01
2.963773990300744288e-01,3.928740798580719340e-01
2.965087256137304283e-01,3.927232377941508035e-01
2.966400321565091369e-01,3.925723782845145227e-01
2.967713187400421448e-01,3.924215014048742511e-01
2.969025854468411718e-01,3.922706072316490267e-01
2.970338323602882968e-01,3.921196958419551071e-01
2.971650595646252446e-01,3.919687673135978101e-01
2.972962671449418393e-01,3.918178217250595785e-01
2.974274551871651795e-01,3.916668591554906542e-01
2.975586237780479260e-01,3.915158796846987532e-01
2.976897730051560331e-01,3.913648833931376858e-01
2.978209029568566479e-01,3.912138703618957547e-01
2.979520137223057863e-01,3.910628406726862072e-01
2.980831053914345663e-01,3.909117944078338014e-01
2.982141780549376064e-01,3.907607316502634820e-01
2.983452318042576490e-01,3.906096524834893335e-01
2.984762667315731255e-01,3.904585569916009802e-01
2.986072829297840014e-01,3.903074452592519283e-01
2.987382804924969548e-01,3.901563173716467436e-01
2.988692595140111652e-01,3.900051734145282278e-01
2.990002200893041584e-01,3.898540134741643182e-01
2.991311623140153753e-01,3.897028376373347647e-01
2.992620862844321272e-01,3.895516459913180296e-01
2.993929920974741088e-01,3.894004386238770210e-01
2.995238798506767441e-01,3.892492156232464917e-01
2.996547496421763102e-01,3.890979770781180513e-01
2.997856015706933386e-01,3.889467230776265105e-01
2.999164357355166288e-01,3.887954537113363362e-01
3.000472522364865391e-01,3.886441690692261086e-01
3.001780511739786106e-01,3.884928692416749763e-01
3.003088326488865256e-01,3.883415543194482233e-01
3.004395967626052877e-01,3.881902243936818375e-01
3.005703436170144016e-01,3.880388795558680770e-01
3.007010733144601100e-01,3.878875198978410377e-01
3.008317859577385733e-01,3.877361455117615541e-01
3.009624816500781619e-01,3.875847564901013231e-01
3.010931604951223028e-01,3.874333529256290265e-01
3.012238225969106620e-01,3.872819349113945098e-01
3.013544680598628234e-01,3.871305025407135725e-01
3.014850969887599152e-01,3.869790559071532576e-01
3.016157094887262913e-01,3.868275951045156424e-01
3.017463056652121001e-01,3.866761202268231279e-01
3.018768856239750220e-01,3.865246313683035617e-01
3.020074494710626167e-01,3.863731286233734741e-01
3.021379973127934493e-01,3.862216120866239222e-01
3.022685292557402148e-01,3.860700818528050582e-01
3.023990454067100875e-01,3.859185380168098645e-01
3.025295458727279563e-01,3.857669806736596096e-01
3.026600307610174956e-01,3.856154099184882500e-01
3.027905001789834571e-01,3.854638258465277745e-01
3.029209542341936290e-01,3.853122285530913294e-01
3.030513930343602391e-01,3.851606181335596735e-01
3.031818166873228027e-01,3.850089946833655241e-01
3.033122253010293590e-01,3.848573582979776808e-01
3.034426189835193188e-01,3.847057090728872031e-01
3.035729978429045350e-01,3.845540471035918118e-01
3.037033619873529267e-01,3.844023724855809010e-01
3.038337115250701603e-01,3.842506853143208834e-01
3.039640465642815537e-01,3.840989856852404238e-01
3.040943672132153663e-01,3.839472736937165620e-01
3.042246735800850921e-01,3.837955494350583918e-01
3.043549657730720837e-01,3.836438130044954598e-01
3.044852439003090661e-01,3.834920644971606674e-01
3.046155080698620954e-01,3.833403040080776703e-01
3.047457583897145161e-01,3.831885316321467783e-01
3.048759949677498082e-01,3.830367474641305225e-01
3.050062179117352112e-01,3.828849515986409435e-01
3.051364273293050711e-01,3.827331441301246584e-01
3.052666233279450192e-01,3.825813251528500936e-01
3.053968060149753749e-01,3.824294947608948836e-01
3.055269754975356578e-01,3.822776530481312163e-01
3.056571318825684336e-01,3.821258001082144529e-01
3.057872752768044933e-01,3.819739360345689172e-01
3.059174057867463103e-01,3.818220609203766824e-01
3.060475235186539411e-01,3.816701748585640264e-01
3.061776285785302587e-01,3.815182779417894965e-01
3.063077210721050769e-01,3.813663702624325857e-01
3.064378011048214390e-01,3.812144519125805764e-01
3.065678687818215176e-01,3.810625229840176043e-01
3.066979242079315715e-01,3.809105835682137786e-01
3.068279674876493446e-01,3.807586337563121925e-01
3.069579987251294106e-01,3.806066736391197636e-01
3.070880180241702950e-01,3.804547033070949102e-01
3.072180254882014849e-01,3.803027228503379487e-01
3.073480212202700512e-01,3.801507323585798237e-01
3.074780053230284360e-01,3.799987319211722281e-01
3.076079778987217406e-01,3.798467216270778324e-01
3.077379390491756794e-01,3.796947015648600710e-01
3.078678888757848675e-01,3.795426718226738161e-01
3.079978274795009408e-01,3.793906324882555525e-01
3.081277549608212318e-01,3.792385836489152173e-01
3.082576714197778900e-01,3.790865253915263744e-01
3.083875769559262792e-01,3.789344578025180543e-01
3.085174716683355411e-01,3.787823809678653730e-01
3.086473556555773823e-01,3.786302949730832035e-01
3.087772290157161370e-01,3.784781999032161282e-01
3.089070918462992754e-01,3.783260958428315557e-01
3.090369442443475778e-01,3.781739828760125044e-01
3.091667863063460864e-01,3.780218610863498307e-01
3.092966181282353899e-01,3.778697305569349019e-01
3.094264398054015208e-01,3.777175913703531562e-01
3.095562514326695713e-01,3.775654436086778865e-01
3.096860531042939790e-01,3.774132873534627453e-01
3.098158449139510884e-01,3.772611226857362499e-01
3.099456269547317677e-01,3.771089496859958978e-01
3.100753993191331381e-01,3.769567684342017833e-01
3.102051620990529113e-01,3.768045790097722669e-01
3.103349153857810627e-01,3.766523814915772594e-01
3.104646592699942254e-01,3.765001759579343910e-01
3.105943938417489170e-01,3.763479624866037376e-01
3.107241191904757671e-01,3.761957411547826591e-01
3.108538354049730223e-01,3.760435120391023012e-01
3.109835425734023273e-01,3.758912752156228221e-01
3.111132407832820079e-01,3.757390307598297841e-01
3.112429301214827415e-01,3.755867787466299901e-01
3.113726106742230049e-01,3.754345192503480977e-01
3.115022825270642448e-01,3.752822523447236214e-01
3.116319457649061042e-01,3.751299781029076574e-01
3.117616004719833134e-01,3.749776965974591092e-01
3.118912467318614157e-01,3.748254079003435768e-01
3.120208846274330483e-01,3.746731120829292494e-01
3.121505142409151112e-01,3.745208092159857949e-01
3.122801356538449369e-01,3.743684993696811403e-01
3.124097489470785693e-01,3.742161826135805280e-01
3.125393542007868786e-01,3.740638590166441846e-01
3.126689514944541726e-01,3.739115286472258770e-01
3.127985409068751443e-01,3.737591915730715808e-01
3.129281225161535396e-01,3.736068478613182031e-01
3.130576963997008244e-01,3.734544975784926391e-01
3.131872626342331323e-01,3.733021407905106614e-01
3.133168212957713750e-01,3.731497775626769209e-01
3.134463724596397993e-01,3.729974079596834469e-01
3.135759162004642664e-01,3.728450320456098699e-01
3.137054525921726955e-01,3.726926498839239765e-01
3.138349817079937321e-01,3.725402615374796000e-01
3.139645036204567474e-01,3.723878670685189518e-01
3.140940184013917280e-01,3.722354665386717887e-01
3.142235261219289422e-01,3.720830600089559126e-01
3.143530268524996618e-01,3.719306475397783918e-01
3.144825206628358849e-01,3.717782291909346726e-01
3.146120076219716677e-01,3.716258050216117437e-01
3.147414877982431247e-01,3.714733750903873033e-01
3.148709612592900386e-01,3.713209394552314246e-01
3.150004280720559158e-01,3.711684981735085542e-01
3.151298883027904840e-01,3.710160513019770678e-01
3.152593420170496930e-01,3.708635988967930452e-01
3.153887892796982673e-01,3.707111410135102703e-01
3.155182301549107060e-01,3.705586777070826177e-01
3.156476647061735585e-01,3.704062090318657741e-01
3.157770929962865902e-01,3.702537350416192918e-01
3.159065150873657801e-01,3.701012557895080879e-01
3.160359310408444311e-01,3.699487713281058299e-01
3.161653409174768337e-01,3.697962817093959353e-01
3.162947447773390430e-01,3.696437869847745694e-01
3.164241426798328760e-01,3.694912872050531427e-01
3.165535346836878539e-01,3.693387824204607539e-01
3.166829208469638113e-01,3.691862726806464656e-01
3.168123012270538941e-01,3.690337580346825797e-01
3.169416758806881673e-01,3.688812385310671904e-01
3.170710448639356693e-01,3.687287142177272381e-01
3.172004082322080754e-01,3.685761851420210067e-01
3.173297660402626397e-01,3.684236513507416211e-01
3.174591183422064145e-01,3.682711128901194342e-01
3.175884651914983592e-01,3.681185698058265232e-01
3.177178066409538371e-01,3.679660221429786326e-01
3.178471427427475016e-01,3.678134699461387824e-01
3.179764735484173488e-01,3.676609132593208207e-01
3.181057991088682146e-01,3.675083521259928099e-01
3.182351194743761602e-01,3.673557865890803575e-01
3.183644346945912473e-01,3.672032166909697803e-01
3.184937448185419795e-01,3.670506424735121009e-01
3.186230498946392986e-01,3.668980639780267672e-01
3.187523499706809149e-01,3.667454812453043722e-01
3.188816450938543601e-01,3.665928943156113728e-01
3.190109353107419832e-01,3.664403032286930872e-01
3.191402206673248365e-01,3.662877080237775806e-01
3.192695012089867834e-01,3.661351087395796067e-01
3.193987769805184396e-01,3.659825054143039380e-01
3.195280480261224465e-01,3.658298980856497518e-01
3.196573143894164692e-01,3.656772867908141822e-01
3.197865761134381368e-01,3.655246715664955404e-01
3.199158332406494276e-01,3.653720524488986432e-01
3.200450858129411102e-01,3.652194294737370339e-01
3.201743338716369625e-01,3.650668026762383667e-01
3.203035774574975458e-01,3.649141720911469045e-01
3.204328166107262010e-01,3.647615377527286817e-01
3.205620513709718788e-01,3.646088996947744465e-01
3.206912817773345803e-01,3.644562579506043787e-01
3.208205078683694089e-01,3.643036125530716984e-01
3.209497296820911783e-01,3.641509635345660523e-01
3.210789472559786306e-01,3.639983109270187867e-01
3.212081606269792111e-01,3.638456547619054460e-01
3.213373698315138971e-01,3.636929950702505465e-01
3.214665749054804178e-01,3.635403318826312957e-01
3.215957758842589720e-01,3.633876652291817555e-01
3.217249728027162803e-01,3.632349951395958398e-01
3.218541656952099705e-01,3.630823216431329770e-01
3.219833545955929077e-01,3.629296447686199412e-01
3.221125395372181899e-01,3.627769645444564039e-01
3.222417205529426454e-01,3.626242809986179316e-01
3.223708976751321620e-01,3.624715941586598711e-01
3.225000709356657946e-01,3.623189040517217907e-01
3.226292403659398733e-01,3.621662107045304779e-01
3.227584059968721664e-01,3.620135141434047132e-01
3.228875678589078202e-01,3.618608143942579347e-01
3.230167259820210246e-01,3.617081114826031230e-01
3.231458803957220072e-01,3.615554054335554102e-01
3.232750311290593093e-01,3.614026962718371871e-01
3.234041782106250040e-01,3.612499840217806568e-01
3.235333216685588598e-01,3.610972687073315535e-01
3.236624615305525587e-01,3.609445503520535836e-01
3.237915978238531944e-01,3.607918289791316457e-01
3.239207305752683785e-01,3.606391046113752719e-01
3.240498598111696271e-01,3.604863772712220693e-01
3.241789855574970791e-01,3.603336469807417175e-01
3.243081078397626604e-01,3.601809137616391321e-01
3.244372266830549134e-01,3.600281776352583507e-01
3.245663421120429937e-01,3.598754386225854751e-01
3.246954541509794456e-01,3.597226967442521128e-01
3.248245628237058091e-01,3.595699520205395960e-01
3.249536681536547844e-01,3.594172044713810354e-01
3.250827701638558942e-01,3.592644541163654837e-01
3.252118688769373156e-01,3.591117009747412658e-01
3.253409643151314867e-01,3.589589450654187552e-01
3.254700565002769386e-01,3.588061864069739815e-01
3.255991454538235130e-01,3.586534250176514060e-01
3.257282311968356381e-01,3.585006609153674195e-01
3.258573137499954364e-01,3.583478941177135613e-01
3.259863931336061116e-01,3.581951246419587398e-01
3.261154693675966665e-01,3.580423525050533962e-01
3.262445424715241238e-01,3.578895777236318909e-01
3.263736124645773562e-01,3.577368003140153907e-01
3.265026793655803061e-01,3.575840202922149214e-01
3.266317431929963155e-01,3.574312376739340880e-01
3.267608039649296248e-01,3.572784524745722945e-01
3.268898616991298689e-01,3.571256647092274084e-01
3.270189164129954085e-01,3.569728743926975922e-01
3.271479681235752168e-01,3.568200815394859116e-01
3.272770168475733765e-01,3.566672861638011116e-01
3.274060626013513553e-01,3.565144882795615033e-01
3.275351054009312812e-01,3.563616879003968507e-01
3.276641452619986072e-01,3.562088850396512574e-01
3.277931821999052753e-01,3.560560797103854980e-01
3.279222162296728249e-01,3.559032719253796828e-01
3.280512473659945027e-01,3.557504616971357558e-01
3.281802756232382601e-01,3.555976490378790489e-01
3.283093010154504165e-01,3.554448339595622230e-01
3.284383235563571590e-01,3.552920164738659348e-01
3.285673432593670396e-01,3.551391965922020000e-01
3.286963601375749167e-01,3.549863743257154480e-01
3.288253742037632876e-01,3.548335496852866311e-01
3.289543854704048975e-01,3.546807226815334446e-01
3.290833939496659033e-01,3.545278933248132147e-01
3.292123996534069286e-01,3.543750616252251961e-01
3.293414025931870048e-01,3.542222275926120711e-01
3.294704027802649593e-01,3.540693912365620588e-01
3.295994002256013578e-01,3.539165525664111911e-01
3.297283949398614467e-01,3.537637115912449781e-01
3.298573869334167630e-01,3.536108683198997960e-01
3.299863762163473546e-01,3.534580227609655512e-01
3.301153627984440564e-01,3.533051749227869021e-01
3.302443466892103774e-01,3.531523248134649795e-01
3.303733278978639443e-01,3.529994724408593298e-01
3.305023064333392213e-01,3.528466178125892472e-01
3.306312823042889537e-01,3.526937609360356052e-01
3.307602555190857774e-01,3.525409018183424670e-01
3.308892260858246059e-01,3.523880404664181398e-01
3.310181940123232969e-01,3.522351768869375621e-01
3.311471593061256491e-01,3.520823110863426919e-01
3.312761219745017360e-01,3.519294430708443389e-01
3.314050820244505147e-01,3.517765728464242181e-01
3.315340394627004916e-01,3.516237004188348392e-01
3.316629942957119992e-01,3.514708257936018376e-01
3.317919465296776949e-01,3.513179489760252516e-01
3.319208961705251149e-01,3.511650699711799661e-01
3.320498432239168962e-01,3.510121887839176558e-01
3.321787876952524976e-01,3.508593054188675064e-01
3.323077295896700312e-01,3.507064198804368815e-01
3.324366689120463736e-01,3.505535321728135423e-01
3.325656056669987759e-01,3.504006422999654258e-01
3.326945398588866398e-01,3.502477502656424213e-01
3.328234714918113513e-01,3.500948560733768145e-01
3.329524005696186117e-01,3.499419597264844528e-01
3.330813270958977723e-01,3.497890612280655787e-01
3.332102510739848311e-01,3.496361605810051620e-01
3.333391725069613787e-01,3.494832577879747881e-01
3.334680913976566519e-01,3.493303528514320466e-01
3.335970077486477559e-01,3.491774457736220860e-01
3.337259215622609410e-01,3.490245365565781688e-01
3.338548328405713805e-01,3.488716252021220599e-01
3.339837415854051139e-01,3.487187117118649149e-01
3.341126477983386023e-01,3.485657960872073358e-01
3.342415514806996724e-01,3.484128783293405918e-01
3.343704526335682936e-01,3.482599584392463421e-01
3.344993512577764117e-01,3.481070364176978571e-01
3.346282473539095026e-01,3.479541122652595742e-01
3.347571409223058514e-01,3.478011859822886520e-01
3.348860319630573845e-01,3.476482575689337495e-01
3.350149204760103916e-01,3.474953270251366910e-01
3.351438064607652478e-01,3.473423943506324663e-01
3.352726899166763586e-01,3.471894595449482313e-01
3.354015708428538800e-01,3.470365226074057508e-01
3.355304492381619430e-01,3.468835835371190668e-01
3.356593251012201518e-01,3.467306423329973852e-01
3.357881984304031953e-01,3.465776989937420782e-01
3.359170692238410139e-01,3.464247535178496817e-01
3.360459374794182441e-01,3.462718059036095641e-01
3.361748031947754956e-01,3.461188561491060356e-01
3.363036663673076854e-01,3.459659042522164607e-01
3.364325269941653707e-01,3.458129502106121467e-01
3.365613850722534717e-01,3.456599940217583433e-01
3.366902405982318269e-01,3.455070356829140210e-01
3.368190935685148046e-01,3.453540751911312601e-01
3.369479439792709696e-01,3.452011125432553063e-01
3.370767918264225838e-01,3.450481477359252369e-01
3.372056371056459390e-01,3.448951807655718516e-01
3.373344798123703026e-01,3.447422116284195592e-01
3.374633199417779172e-01,3.445892403204844912e-01
3.375921574888035570e-01,3.444362668375746672e-01
3.377209924481338055e-01,3.442832911752898295e-01
3.378498248142071114e-01,3.441303133290207206e-01
3.379786545812126786e-01,3.439773332939495831e-01
3.381074817430902435e-01,3.438243510650480506e-01
3.382363062935294651e-01,3.436713666370782572e-01
3.383651282259689252e-01,3.435183800045917279e-01
3.384939475335962955e-01,3.433653911619284349e-01
3.386227642093471712e-01,3.432124001032173521e-01
3.387515782459038505e-01,3.430594068223748461e-01
3.388803896356956669e-01,3.429064113131043423e-01
3.390091983708972689e-01,3.427534135688963812e-01
3.391380044434288976e-01,3.426004135830272301e-01
3.392668078449539992e-01,3.424474113485582727e-01
3.393956085668800027e-01,3.422944068583357313e-01
3.395244066003567096e-01,3.421414001049898901e-01
3.396532019362750732e-01,3.419883910809338734e-01
3.397819945652669205e-01,3.418353797783637016e-01
3.399107844777036758e-01,3.416823661892567920e-01
3.400395716636952503e-01,3.415293503053716262e-01
3.401683561130895983e-01,3.413763321182468058e-01
3.402971378154712734e-01,3.412233116192002202e-01
3.404259167601603742e-01,3.410702887993284915e-01
3.405546929362112674e-01,3.409172636495053643e-01
3.406834663324126988e-01,3.407642361603818171e-01
3.408122369372851290e-01,3.406112063223845632e-01
3.409410047390806775e-01,3.404581741257154959e-01
3.410697697257812355e-01,3.403051395603500784e-01
3.411985318850984106e-01,3.401521026160373995e-01
3.413272912044710283e-01,3.399990632822983971e-01
3.414560476710650216e-01,3.398460215484259694e-01
3.415848012717720428e-01,3.396929774034824767e-01
3.417135519932077425e-01,3.395399308363003521e-01
3.418422998217107711e-01,3.393868818354797701e-01
3.419710447433418898e-01,3.392338303893887019e-01
3.420997867438826945e-01,3.390807764861613616e-01
3.422285258088340054e-01,3.389277201136978168e-01
3.423572619234147574e-01,3.387746612596614360e-01
3.424859950725610558e-01,3.386215999114800534e-01
3.426147252409247335e-01,3.384685360563434720e-01
3.427434524128717408e-01,3.383154696812030182e-01
3.428721765724813131e-01,3.381624007727696557e-01
3.430008977035444717e-01,3.380093293175147617e-01
3.431296157895631915e-01,3.378562553016671299e-01
3.432583308137485689e-01,3.377031787112135253e-01
3.433870427590199892e-01,3.375500995318964637e-01
3.435157516080031836e-01,3.373970177492138789e-01
3.436444573430302296e-01,3.372439333484179014e-01
3.437731599461369969e-01,3.370908463145147471e-01
3.439018593990627037e-01,3.369377566322616091e-01
3.440305556832482514e-01,3.367846642861677675e-01
3.441592487798353917e-01,3.366315692604927023e-01
3.442879386696655608e-01,3.364784715392454273e-01
3.444166253332778815e-01,3.363253711061831575e-01
3.445453087509092183e-01,3.361722679448107542e-01
3.446739889024920678e-01,3.360191620383798372e-01
3.448026657676533935e-01,3.358660533698870632e-01
3.449313393257146254e-01,3.357129419220749589e-01
3.450600095556891622e-01,3.355598276774288125e-01
3.451886764362823712e-01,3.354067106181779501e-01
3.453173399458897563e-01,3.352535907262938486e-01
3.454460000625964033e-01,3.351004679834888589e-01
3.455746567641761469e-01,3.349473423712172049e-01
3.457033100280898497e-01,3.347942138706719306e-01
3.458319598314856802e-01,3.346410824627860658e-01
3.459606061511967257e-01,3.344879481282310163e-01
3.460892489637417690e-01,3.343348108474167302e-01
3.462178882453229578e-01,3.341816706004893667e-01
3.463465239718260813e-01,3.340285273673330724e-01
3.464751561188196272e-01,3.338753811275674832e-01
3.466037846615537821e-01,3.337222318605482796e-01
3.467324095749600432e-01,3.335690795453664093e-01
3.468610308336507186e-01,3.334159241608476987e-01
3.469896484119181501e-01,3.332627656855522980e-01
3.471182622837343801e-01,3.331096040977748474e-01
3.472468724227509851e-01,3.329564393755435336e-01
3.473754788022978546e-01,3.328032714966205896e-01
3.475040813953843566e-01,3.326501004385017390e-01
3.476326801746975059e-01,3.324969261784154750e-01
3.477612751126029078e-01,3.323437486933245033e-01
3.478898661811439252e-01,3.321905679599244654e-01
3.480184533520427337e-01,3.320373839546440498e-01
3.481470365966987113e-01,3.318841966536458243e-01
3.482756158861905482e-01,3.317310060328262922e-01
3.484041911912738598e-01,3.315778120678151142e-01
3.485327624823846282e-01,3.314246147339764414e-01
3.486613297296368708e-01,3.312714140064097479e-01
3.487898929028243056e-01,3.311182098599488310e-01
3.489184519714209065e-01,3.309650022691630888e-01
3.490470069045810142e-01,3.308117912083586298e-01
3.491755576711407794e-01,3.306585766515780511e-01
3.493041042396177742e-01,3.305053585726017151e-01
3.494326465782136015e-01,3.303521369449485268e-01
3.495611846548126733e-01,3.301989117418769326e-01
3.496897184369860967e-01,3.300456829363856426e-01
3.498182478919902305e-01,3.298924505012149067e-01
3.499467729867692944e-01,3.297392144088479582e-01
3.500752936879570343e-01,3.295859746315121241e-01
3.502038099618772771e-01,3.294327311411799353e-01
3.503323217745469842e-01,3.292794839095707360e-01
3.504608290916759739e-01,3.291262329081530158e-01
3.505893318786711399e-01,3.289729781081444648e-01
3.507178301006367294e-01,3.288197194805151935e-01
3.508463237223773401e-01,3.286664569959897308e-01
3.509748127083994751e-01,3.285131906250475797e-01
3.511032970229145400e-01,3.283599203379263254e-01
3.512317766298413413e-01,3.282066461046240780e-01
3.513602514928086396e-01,3.280533678949009713e-01
3.514887215751575367e-01,3.279000856782827156e-01
3.516171868399449174e-01,3.277467994240613192e-01
3.517456472499458919e-01,3.275935091012999734e-01
3.518741027676577926e-01,3.274402146788344403e-01
3.520025533553030606e-01,3.272869161252757730e-01
3.521309989748327984e-01,3.271336134090146452e-01
3.522594395879301010e-01,3.269803064982231278e-01
3.523878751560142186e-01,3.268269953608587408e-01
3.525163056402447204e-01,3.266736799646675071e-01
3.526447310015249359e-01,3.265203602771880043e-01
3.527731512005066183e-01,3.263670362657544177e-01
3.529015661975937745e-01,3.262137078975003712e-01
3.530299759529486603e-01,3.260603751393632566e-01
3.531583804264947224e-01,3.259070379580878973e-01
3.532867795779219833e-01,3.257536963202310454e-01
3.534151733666931472e-01,3.256003501921655996e-01
3.535435617520473195e-01,3.254469995400847693e-01
3.536719446930063349e-01,3.252936443300069591e-01
3.538003221483798644e-01,3.251402845277804321e-01
3.539286940767711886e-01,3.249869200990885831e-01
3.540570604365828600e-01,3.248335510094537137e-01
3.541854211860230306e-01,3.246801772242435824e-01
3.543137762831115589e-01,3.245267987086760675e-01
3.544421256856862268e-01,3.243734154278242188e-01
3.545704693514094008e-01,3.242200273466227523e-01
3.546988072377743606e-01,3.240666344298728796e-01
3.548271393021126818e-01,3.239132366422481368e-01
3.549554655016010640e-01,3.237598339483013787e-01
3.550837857932682140e-01,3.236064263124695528e-01
3.552121001340024509e-01,3.234530136990806937e-01
3.553404084805595331e-01,3.232995960723605844e-01
3.554687107895694864e-01,3.231461733964385297e-01
3.555970070175455411e-01,3.229927456353543502e-01
3.557252971208913483e-01,3.228393127530654882e-01
3.558535810559091961e-01,3.226858747134533356e-01
3.559818587788090016e-01,3.225324314803305614e-01
3.561101302457159723e-01,3.223789830174487725e-01
3.562383954126800978e-01,3.222255292885050637e-01
3.563666542356841438e-01,3.220720702571502336e-01
3.564949066706531999e-01,3.219186058869951683e-01
3.566231526734637836e-01,3.217651361416200007e-01
3.567513921999524440e-01,3.216116609845816043e-01
3.568796252059261986e-01,3.214581803794201442e-01
3.570078516471718588e-01,3.213046942896690683e-01
3.571360714794649671e-01,3.211512026788622132e-01
3.572642846585805665e-01,3.209977055105426302e-01
3.573924911403026927e-01,3.208442027482701353e-01
3.575206908804346995e-01,3.206906943556310785e-01
3.576488838348098609e-01,3.205371802962459493e-01
3.577770699593009196e-01,3.203836605337785914e-01
3.579052492098318550e-01,3.202301350319450290e-01
3.580334215423865429e-01,3.200766037545224041e-01
3.581615869130221341e-01,3.199230666653579136e-01
3.582897452778781577e-01,3.197695237283776915e-01
3.584178965931875682e-01,3.196159749075966894e-01
3.585460408152888467e-01,3.194624201671272257e-01
3.586741779006357711e-01,3.193088594711890882e-01
3.588023078058106274e-01,3.191552927841182496e-01
3.589304304875334806e-01,3.190017200703768041e-01
3.590585459026750526e-01,3.188481412945629034e-01
3.591866540082682691e-01,3.186945564214191395e-01
3.593147547615189730e-01,3.185409654158440351e-01
3.594428481198180259e-01,3.183873682429002594e-01
3.595709340407539090e-01,3.182337648678250641e-01
3.596990124821233814e-01,3.180801552560409973e-01
3.598270834019442477e-01,3.179265393731636191e-01
3.599551467584659603e-01,3.177729171850133816e-01
3.600832025101832201e-01,3.176192886576253982e-01
3.602112506158475780e-01,3.174656537572580484e-01
3.603392910344784816e-01,3.173120124504046347e-01
3.604673237253761542e-01,3.171583647038018205e-01
3.605953486481336956e-01,3.170047104844415098e-01
3.607233657626487955e-01,3.168510497595789510e-01
3.608513750291360012e-01,3.166973824967438955e-01
3.609793764081390410e-01,3.165437086637505337e-01
3.611073698605421489e-01,3.163900282287070431e-01
3.612353553475832757e-01,3.162363411600256913e-01
3.613633328308645254e-01,3.160826474264327168e-01
3.614913022723659775e-01,3.159289469969789321e-01
3.616192636344561784e-01,3.157752398410484385e-01
3.617472168799046317e-01,3.156215259283690622e-01
3.618751619718936774e-01,3.154678052290223467e-01
3.620030988740302602e-01,3.153140777134526562e-01
3.621310275503571430e-01,3.151603433524776121e-01
3.622589479653654521e-01,3.150066021172959752e-01
3.623868600840052800e-01,3.148528539794997472e-01
3.625147638716979537e-01,3.146990989110812209e-01
3.626426592943470251e-01,3.145453368844434161e-01
3.627705463183489853e-01,3.143915678724094609e-01
3.628984249106056437e-01,3.142377918482304189e-01
3.630262950385339527e-01,3.140840087855962248e-01
3.631541566700774992e-01,3.139302186586428456e-01
3.632820097737175513e-01,3.137764214419619391e-01
3.634098543184824948e-01,3.136226171106094029e-01
3.635376902739592686e-01,3.134688056401137568e-01
3.636655176103038567e-01,3.133149870064845799e-01
3.637933362982501140e-01,3.131611611862202826e-01
3.639211463091214238e-01,3.130073281563172105e-01
3.640489476148389136e-01,3.128534878942764164e-01
3.641767401879322241e-01,3.126996403781123202e-01
3.643045240015480024e-01,3.125457855863595924e-01
3.644322990294596720e-01,3.123919234980808146e-01
3.645600652460761482e-01,3.122380540928743620e-01
3.646878226264508305e-01,3.120841773508799544e-01
3.648155711462895412e-01,3.119302932527874828e-01
3.649433107819597955e-01,3.117764017798416165e-01
3.650710415104977402e-01,3.116225029138499081e-01
3.651987633096174801e-01,3.114685966371881221e-01
3.653264761577169062e-01,3.113146829328066190e-01
3.654541800338863555e-01,3.111607617842362949e-01
3.655818749179153837e-01,3.110068331755935778e-01
3.657095607902993706e-01,3.108528970915873102e-01
3.658372376322457931e-01,3.106989535175216921e-01
3.659649054256816081e-01,3.105450024393033304e-01
3.660925641532583596e-01,3.103910438434447361e-01
3.662202137983576744e-01,3.102370777170689875e-01
3.663478543450976455e-01,3.100831040479143375e-01
3.664754857783372732e-01,3.099291228243378216e-01
3.666031080836816836e-01,3.097751340353194216e-01
3.667307212474866240e-01,3.096211376704647855e-01
3.668583252568623498e-01,3.094671337200095573e-01
3.669859200996782866e-01,3.093131221748210424e-01
3.671135057645657507e-01,3.091591030264023154e-01
3.672410822409228337e-01,3.090050762668937745e-01
3.673686495189152912e-01,3.088510418890753062e-01
3.674962075894812052e-01,3.086969998863691167e-01
3.676237564443322614e-01,3.085429502528403423e-01
3.677512960759569127e-01,3.083888929831993253e-01
3.678788264776198802e-01,3.082348280728022805e-01
3.680063476433673153e-01,3.080807555176520163e-01
3.681338595680235803e-01,3.079266753143989899e-01
3.682613622471956338e-01,3.077725874603419731e-01
3.683888556772717537e-01,3.076184919534269979e-01
3.685163398554220371e-01,3.074643887922482999e-01
3.686438147795983444e-01,3.073102779760472081e-01
3.687712804485335782e-01,3.071561595047115900e-01
3.688987368617412388e-01,3.070020333787751854e-01
3.690261840195140364e-01,3.068478995994158853e-01
3.691536219229225591e-01,3.066937581684545666e-01
3.692810505738134408e-01,3.065396090883530378e-01
3.694084699748071965e-01,3.063854523622124293e-01
3.695358801292961681e-01,3.062312879937704180e-01
3.696632810414414161e-01,3.060771159873988956e-01
3.697906727161702212e-01,3.059229363481014707e-01
3.699180551591719768e-01,3.057687490815094722e-01
3.700454283768952468e-01,3.056145541938801169e-01
3.701727923765438799e-01,3.054603516920916251e-01
3.703001471660717359e-01,3.053061415836400005e-01
3.704274927541796325e-01,3.051519238766350339e-01
3.705548291503096836e-01,3.049976985797959173e-01
3.706821563646404138e-01,3.048434657024466921e-01
3.708094744080807637e-01,3.046892252545116420e-01
3.709367832922657593e-01,3.045349772465104077e-01
3.710640830295492965e-01,3.043807216895524359e-01
3.711913736329986446e-01,3.042264585953317058e-01
3.713186551163873417e-01,3.040721879761218993e-01
3.714459274941895317e-01,3.039179098447685745e-01
3.715731907815719159e-01,3.037636242146861121e-01
3.717004449943871469e-01,3.036093310998487227e-01
3.718276901491657238e-01,3.034550305147849514e-01
3.719549262631092201e-01,3.033007224745723485e-01
3.720821533540815129e-01,3.031464069948283102e-01
3.722093714406010667e-01,3.029920840917052494e-01
3.723365805418322183e-01,3.028377537818821019e-01
3.724637806775769611e-01,3.026834160825573328e-01
3.725909718682657301e-01,3.025290710114418302e-01
3.727181541349488536e-01,3.023747185867507459e-01
3.728453274992868383e-01,3.022203588271961672e-01
3.729724919835413210e-01,3.020659917519784021e-01
3.730996476105655768e-01,3.019116173807788184e-01
3.732267944037944707e-01,3.017572357337511835e-01
3.733539323872344662e-01,3.016028468315129496e-01
3.734810615854545213e-01,3.014484506951375931e-01
3.736081820235744311e-01,3.012940473461451218e-01
3.737352937272555575e-01,3.011396368064939155e-01
3.738623967226898936e-01,3.009852190985718989e-01
3.739894910365897385e-01,3.008307942451871608e-01
3.741165766961762063e-01,3.006763622695597937e-01
3.742436537291692344e-01,3.005219231953118464e-01
3.743707221637763705e-01,3.003674770464586641e-01
3.744977820286813364e-01,3.002130238473993962e-01
3.746248333530333152e-01,3.000585636229078923e-01
3.747518761664352938e-01,2.999040963981234320e-01
3.748789104989329601e-01,2.997496221985402332e-01
3.750059363810035462e-01,2.995951410499996248e-01
3.751329538435435040e-01,2.994406529786793891e-01
3.752599629178580698e-01,2.992861580110836583e-01
3.753869636356488848e-01,2.991316561740349211e-01
3.755139560290029488e-01,2.989771474946627539e-01
3.756409401303801854e-01,2.988226320003952718e-01
3.757679159726025064e-01,2.986681097189485823e-01
3.758948835888417106e-01,2.985135806783177359e-01
3.760218430126078815e-01,2.983590449067662909e-01
3.761487942777377302e-01,2.982045024328176530e-01
3.762757374183821613e-01,2.980499532852436961e-01
3.764026724689958359e-01,2.978953974930570459e-01
3.765295994643239608e-01,2.977408350854999775e-01
3.766565184393920740e-01,2.975862660920345903e-01
3.767834294294928887e-01,2.974316905423347035e-01
3.769103324701755797e-01,2.972771084662741425e-01
3.770372275972337373e-01,2.971225198939188017e-01
3.771641148466937099e-01,2.969679248555165407e-01
3.772909942548037243e-01,2.968133233814872485e-01
3.774178658580215062e-01,2.966587155024137390e-01
3.775447296930032337e-01,2.965041012490326477e-01
3.776715857965918244e-01,2.963494806522240510e-01
3.777984342058062772e-01,2.961948537430033057e-01
3.779252749578299042e-01,2.960402205525115571e-01
3.780521080899993391e-01,2.958855811120057466e-01
3.781789336397929358e-01,2.957309354528503964e-01
3.783057516448208313e-01,2.955762836065081722e-01
3.784325621428127895e-01,2.954216256045309463e-01
3.785593651716081531e-01,2.952669614785509711e-01
3.786861607691449638e-01,2.951122912602727189e-01
3.788129489734491928e-01,2.949576149814622794e-01
3.789397298226239164e-01,2.948029326739410871e-01
3.790665033548397123e-01,2.946482443695763176e-01
3.791932696083236132e-01,2.944935501002720613e-01
3.793200286213491146e-01,2.943388498979611634e-01
3.794467804322263493e-01,2.941841437945980631e-01
3.795735250792917070e-01,2.940294318221494119e-01
3.797002626008983972e-01,2.938747140125867463e-01
3.798269930354061241e-01,2.937199903978777171e-01
3.799537164211724272e-01,2.935652610099798165e-01
3.800804327965423002e-01,2.934105258808308303e-01
3.802071421998395873e-01,2.932557850423431756e-01
3.803338446693572128e-01,2.931010385263947415e-01
3.804605402433486327e-01,2.929462863648227278e-01
3.805872289600187863e-01,2.927915285894155950e-01
3.807139108575151587e-01,2.926367652319067925e-01
3.808405859739188992e-01,2.924819963239666532e-01
3.809672543472374939e-01,2.923272218971966208e-01
3.810939160153948291e-01,2.921724419831220887e-01
3.812205710162245853e-01,2.920176566131855167e-01
3.813472193874604121e-01,2.918628658187399916e-01
3.814738611667298218e-01,2.917080696310432320e-01
3.816004963915456405e-01,2.915532680812512045e-01
3.817271250992979037e-01,2.913984612004113517e-01
3.818537473272473615e-01,2.912436490194574290e-01
3.819803631125174292e-01,2.910888315692032324e-01
3.821069724920876931e-01,2.909340088803367141e-01
3.822335755027858051e-01,2.907791809834147645e-01
3.823601721812822651e-01,2.906243479088568282e-01
3.824867625640822055e-01,2.904695096869407966e-01
3.826133466875195621e-01,2.903146663477967349e-01
3.827399245877509681e-01,2.901598179214016082e-01
3.828664963007479272e-01,2.900049644375752855e-01
3.829930618622928717e-01,2.898501059259748769e-01
3.831196213079717805e-01,2.896952424160897377e-01
3.832461746731686825e-01,2.895403739372373608e-01
3.833727219930597174e-01,2.893855005185587692e-01
3.834992633026084174e-01,2.892306221890134088e-01
3.836257986365592121e-01,2.890757389773759845e-01
3.837523280294331540e-01,2.889208509122310198e-01
3.838788515155221459e-01,2.887659580219698041e-01
3.840053691288838889e-01,2.886110603347860626e-01
3.841318809033379966e-01,2.884561578786712377e-01
3.842583868724595564e-01,2.883012506814122133e-01
3.843848870695767972e-01,2.881463387705871515e-01
3.845113815277647618e-01,2.879914221735611624e-01
3.846378702798416427e-01,2.878365009174838618e-01
3.847643533583647857e-01,2.876815750292858187e-01
3.848908307956265817e-01,2.875266445356750578e-01
3.850173026236501927e-01,2.873717094631338953e-01
3.851437688741858323e-01,2.872167698379162748e-01
3.852702295787080455e-01,2.870618256860452688e-01
3.853966847684100472e-01,2.869068770333088603e-01
3.855231344742024446e-01,2.867519239052585545e-01
3.856495787267087416e-01,2.865969663272061596e-01
3.857760175562619520e-01,2.864420043242217329e-01
3.859024509929024904e-01,2.862870379211299721e-01
3.860288790663742864e-01,2.861320671425092166e-01
3.861553018061217868e-01,2.859770920126883942e-01
3.862817192412877354e-01,2.858221125557453557e-01
3.864081314007106749e-01,2.856671287955039884e-01
3.865345383129211720e-01,2.855121407555331059e-01
3.866609400061404300e-01,2.853571484591438390e-01
3.867873365082772352e-01,2.852021519293878038e-01
3.869137278469263475e-01,2.850471511890559362e-01
3.870401140493655578e-01,2.848921462606758825e-01
3.871664951425533574e-01,2.847371371665110562e-01
3.872928711531282708e-01,2.845821239285586945e-01
3.874192421074051929e-01,2.844271065685483602e-01
3.875456080313746110e-01,2.842720851079408861e-01
3.876719689506999966e-01,2.841170595679260447e-01
3.877983248907168612e-01,2.839620299694224914e-01
3.879246758764308134e-01,2.838069963330756007e-01
3.880510219325154497e-01,2.836519586792562997e-01
3.881773630833116329e-01,2.834969170280602913e-01
3.883036993528247161e-01,2.833418713993066662e-01
3.884300307647257089e-01,2.831868218125373482e-01
3.885563573423467254e-01,2.830317682870149842e-01
3.886826791086817057e-01,2.828767108417232778e-01
3.888089960863850836e-01,2.827216494953650461e-01
3.889353082977700105e-01,2.825665842663622751e-01
3.890616157648069673e-01,2.824115151728545103e-01
3.891879185091240423e-01,2.822564422326981348e-01
3.893142165520048215e-01,2.821013654634663692e-01
3.894405099143868898e-01,2.819462848824474954e-01
3.895667986168624974e-01,2.817912005066448566e-01
3.896930826796765612e-01,2.816361123527766908e-01
3.898193621227256100e-01,2.814810204372737434e-01
3.899456369655577292e-01,2.813259247762805448e-01
3.900719072273715060e-01,2.811708253856535777e-01
3.901981729270146415e-01,2.810157222809618882e-01
3.903244340829839509e-01,2.808606154774853092e-01
3.904506907134245308e-01,2.807055049902146271e-01
3.905769428361285378e-01,2.805503908338513042e-01
3.907031904685352997e-01,2.803952730228064794e-01
3.908294336277299275e-01,2.802401515712006907e-01
3.909556723304430936e-01,2.800850264928635425e-01
3.910819065930503657e-01,2.799298978013335937e-01
3.912081364315714849e-01,2.797747655098568043e-01
3.913343618616696995e-01,2.796196296313874785e-01
3.914605828986514879e-01,2.794644901785869329e-01
3.915867995574655036e-01,2.793093471638234404e-01
3.917130118527025195e-01,2.791542005991720088e-01
3.918392197985942627e-01,2.789990504964135476e-01
3.919654234090132472e-01,2.788438968670348128e-01
3.920916226974722196e-01,2.786887397222276297e-01
3.922178176771232705e-01,2.785335790728890037e-01
3.923440083607574458e-01,2.783784149296203991e-01
3.924701947608039143e-01,2.782232473027270170e-01
3.925963768893297456e-01,2.780680762022180730e-01
3.927225547580389664e-01,2.779129016378060757e-01
3.928487283782718942e-01,2.777577236189057719e-01
3.929748977610049709e-01,2.776025421546344796e-01
3.931010629168489867e-01,2.774473572538115884e-01
3.932272238560500788e-01,2.772921689249573385e-01
3.933533805884870116e-01,2.771369771762930978e-01
3.934795331236722871e-01,2.769817820157401411e-01
3.936056814707500906e-01,2.768265834509200940e-01
3.937318256384964577e-01,2.766713814891530454e-01
3.938579656353173863e-01,2.765161761374578808e-01
3.939841014692487819e-01,2.763609674025515051e-01
3.941102331479557352e-01,2.762057552908481206e-01
3.942363606787306907e-01,2.760505398084584505e-01
3.943624840684933353e-01,2.758953209611889057e-01
3.944886033237893219e-01,2.757400987545415294e-01
3.946147184507890482e-01,2.755848731937122209e-01
3.947408294552869346e-01,2.754296442835906800e-01
3.948669363427000922e-01,2.752744120287595186e-01
3.949930391180669909e-01,2.751191764334930401e-01
3.951191377860470144e-01,2.749639375017566834e-01
3.952452323509181853e-01,2.748086952372054137e-01
3.953713228165766091e-01,2.746534496431840555e-01
3.954974091865347541e-01,2.744982007227246834e-01
3.956234914639203404e-01,2.743429484785465666e-01
3.957495696514744532e-01,2.741876929130548923e-01
3.958756437515502102e-01,2.740324340283391558e-01
3.960017137661117070e-01,2.738771718261728272e-01
3.961277796967314635e-01,2.737219063080111869e-01
3.962538415445898132e-01,2.735666374749902152e-01
3.963798993104715174e-01,2.734113653279259259e-01
3.965059529947658756e-01,2.732560898673119243e-01
3.966320025974637287e-01,2.731008110933186850e-01
3.967580481181551821e-01,2.729455290057917760e-01
3.968840895560287185e-01,2.727902436042505263e-01
3.970101269098680885e-01,2.726349548878855278e-01
3.971361601780509787e-01,2.724796628555586353e-01
3.972621893585456254e-01,2.723243675057993030e-01
3.973882144489098711e-01,2.721690688368036959e-01
3.975142354462876670e-01,2.720137668464334690e-01
3.976402523474069639e-01,2.718584615322124365e-01
3.977662651485773804e-01,2.717031528913253502e-01
3.978922738456875940e-01,2.715478409206159016e-01
3.980182784342016777e-01,2.713925256165845568e-01
3.981442789091580448e-01,2.712372069753861137e-01
3.982702752651644529e-01,2.710818849928272045e-01
3.983962674963967832e-01,2.709265596643644081e-01
3.985222555965950431e-01,2.707712309851021959e-01
3.986482395590600913e-01,2.706158989497891576e-01
3.987742193766511400e-01,2.704605635528166685e-01
3.989001950417812026e-01,2.703052247882153369e-01
3.990261665464153173e-01,2.701498826496531724e-01
3.991521338820649967e-01,2.699945371304319219e-01
3.992780970397860063e-01,2.698391882234847383e-01
3.994040560101740356e-01,2.696838359213727387e-01
3.995300107833610337e-01,2.695284802162825621e-01
3.996559613490108798e-01,2.693731211000223724e-01
3.997819076963154972e-01,2.692177585640195825e-01
3.999078498139905791e-01,2.690623925993165244e-01
4.000337876902712031e-01,2.689070231965678959e-01
4.001597213129078345e-01,2.687516503460371520e-01
4.002856506691609972e-01,2.685962740375918978e-01
4.004115757457971103e-01,2.684408942607012238e-01
4.005374965290836586e-01,2.682855110044319313e-01
4.006634130047840303e-01,2.681301242574440358e-01
4.007893251581527982e-01,2.679747340079869922e-01
4.009152329739295584e-01,2.678193402438956428e-01
4.010411364363353770e-01,2.676639429525859981e-01
4.011670355290657963e-01,2.675085421210511849e-01
4.012929302352856720e-01,2.673531377358562833e-01
4.014188205376240104e-01,2.671977297831348297e-01
4.015447064181674186e-01,2.670423182485830993e-01
4.016705878584539979e-01,2.668869031174562756e-01
4.017964648394680705e-01,2.667314843745630659e-01
4.019223373416329625e-01,2.665760620042607054e-01
4.020482053448051207e-01,2.664206359904501276e-01
4.021740688282672282e-01,2.662652063165706351e-01
4.022999277707216548e-01,2.661097729655945154e-01
4.024257821502834620e-01,2.659543359200216006e-01
4.025516319444734092e-01,2.657988951618735496e-01
4.026774771302104039e-01,2.656434506726886302e-01
4.028033176838045071e-01,2.654880024335150579e-01
4.029291535809496061e-01,2.653325504249056666e-01
4.030549847967146437e-01,2.651770946269114693e-01
4.031808113055369569e-01,2.650216350190759962e-01
4.033066330812133948e-01,2.648661715804280781e-01
4.034324500968925475e-01,2.647107042894752404e-01
4.035582623250661971e-01,2.645552331241987076e-01
4.036840697375604359e-01,2.643997580620443544e-01
4.038098723055272288e-01,2.642442790799174324e-01
4.039356699994348654e-01,2.640887961541747431e-01
4.040614627890602439e-01,2.639333092606168663e-01
4.041872506434781576e-01,2.637778183744823313e-01
4.043130335310513024e-01,2.636223234704389018e-01
4.044388114194221728e-01,2.634668245225759153e-01
4.045645842755024035e-01,2.633113215043965116e-01
4.046903520654619446e-01,2.631558143888101942e-01
4.048161147547196803e-01,2.630003031481237818e-01
4.049418723079322158e-01,2.628447877540335265e-01
4.050676246889835519e-01,2.626892681776170080e-01
4.051933718609734836e-01,2.625337443893234202e-01
4.053191137862073301e-01,2.623782163589654659e-01
4.054448504261837227e-01,2.622226840557102534e-01
4.055705817415826697e-01,2.620671474480700813e-01
4.056963076922548428e-01,2.619116065038926688e-01
4.058220282372085874e-01,2.617560611903525514e-01
4.059477433345979325e-01,2.616005114739397008e-01
4.060734529417091010e-01,2.614449573204516986e-01
4.061991570149494635e-01,2.612893986949820224e-01
4.063248555098326609e-01,2.611338355619101104e-01
4.064505483809662811e-01,2.609782678848913684e-01
4.065762355820380369e-01,2.608226956268459573e-01
4.067019170658021654e-01,2.606671187499482456e-01
4.068275927840647732e-01,2.605115372156155962e-01
4.069532626876704029e-01,2.603559509844969866e-01
4.070789267264861566e-01,2.602003600164616848e-01
4.072045848493883180e-01,2.600447642705874252e-01
4.073302370042458653e-01,2.598891637051488623e-01
4.074558831379062607e-01,2.597335582776050256e-01
4.075815231961783525e-01,2.595779479445870508e-01
4.077071571238182202e-01,2.594223326618860237e-01
4.078327848645113551e-01,2.592667123844398236e-01
4.079584063608568956e-01,2.591110870663207999e-01
4.080840215543504179e-01,2.589554566607212283e-01
4.082096303853671726e-01,2.587998211199418752e-01
4.083352327931445425e-01,2.586441803953762331e-01
4.084608287157643902e-01,2.584885344374983629e-01
4.085864180901350728e-01,2.583328831958478511e-01
4.087120008519726788e-01,2.581772266190159315e-01
4.088375769357832645e-01,2.580215646546309416e-01
4.089631462748429813e-01,2.578658972493426682e-01
4.090887088011793127e-01,2.577102243488087474e-01
4.092142644455521450e-01,2.575545458976782887e-01
4.093398131374321736e-01,2.573988618395765537e-01
4.094653548049827507e-01,2.572431721170894692e-01
4.095908893750372926e-01,2.570874766717475279e-01
4.097164167730802942e-01,2.569317754440095802e-01
4.098419369232249587e-01,2.567760683732460691e-01
4.099674497481919921e-01,2.566203553977222662e-01
4.100929551692875097e-01,2.564646364545817847e-01
4.102184531063812756e-01,2.563089114798286494e-01
4.103439434778838324e-01,2.561531804083101993e-01
4.104694262007237970e-01,2.559974431736993239e-01
4.105949011903243795e-01,2.558416997084756450e-01
4.107203683605791245e-01,2.556859499439086414e-01
4.108458276238301510e-01,2.555301938100376091e-01
4.109712788908412850e-01,2.553744312356536206e-01
4.110967220707746339e-01,2.552186621482809836e-01
4.112221570711652729e-01,2.550628864741559254e-01
4.113475837978964877e-01,2.549071041382093283e-01
4.114730021551726846e-01,2.547513150640449697e-01
4.115984120454946327e-01,2.545955191739208145e-01
4.117238133696314306e-01,2.544397163887272550e-01
4.118492060265959154e-01,2.542839066279670157e-01
4.119745899136146861e-01,2.541280898097348362e-01
4.120999649261026798e-01,2.539722658506951558e-01
4.122253309576336400e-01,2.538164346660607973e-01
4.123506878999130820e-01,2.536605961695718170e-01
4.124760356427479291e-01,2.535047502734728009e-01
4.126013740740190894e-01,2.533488968884907711e-01
4.127267030796507585e-01,2.531930359238128148e-01
4.128520225435809987e-01,2.530371672870626587e-01
4.129773323477310965e-01,2.528812908842784091e-01
4.131026323719750870e-01,2.527254066198877935e-01
4.132279224941092233e-01,2.525695143966860123e-01
4.133532025898194462e-01,2.524136141158109248e-01
4.134784725326505761e-01,2.522577056767189574e-01
4.136037321939737832e-01,2.521017889771604015e-01
4.137289814429533363e-01,2.519458639131556543e-01
4.138542201465149617e-01,2.517899303789690735e-01
4.139794481693110928e-01,2.516339882670845518e-01
4.141046653736885075e-01,2.514780374681792607e-01
4.142298716196533004e-01,2.513220778710990588e-01
4.143550667648360220e-01,2.511661093628310693e-01
4.144802506644583717e-01,2.510101318284786998e-01
4.146054231712964500e-01,2.508541451512341092e-01
4.147305841356461742e-01,2.506981492123523947e-01
4.148557334052865309e-01,2.505421438911238918e-01
4.149808708254435485e-01,2.503861290648476956e-01
4.151059962387538826e-01,2.502301046088034053e-01
4.152311094852272344e-01,2.500740703962241462e-01
4.153562104022096579e-01,2.499180262982682310e-01
4.154812988243451466e-01,2.497619721839914042e-01
4.156063745835372747e-01,2.496059079203183095e-01
4.157314375089116165e-01,2.494498333720143457e-01
4.158564874267763889e-01,2.492937484016564675e-01
4.159815241605833158e-01,2.491376528696044312e-01
4.161065475308881045e-01,2.489815466339720118e-01
4.162315573553112547e-01,2.488254295505973601e-01
4.163565534484967579e-01,2.486693014730138040e-01
4.164815356220730180e-01,2.485131622524201500e-01
4.166065036846108294e-01,2.483570117376508180e-01
4.167314574415836859e-01,2.482008497751460874e-01
4.168563966953246491e-01,2.480446762089218438e-01
4.169813212449867135e-01,2.478884908805396026e-01
4.171062308864996182e-01,2.477322936290760613e-01
4.172311254125279367e-01,2.475760842910924575e-01
4.173560046124282774e-01,2.474198627006044537e-01
4.174808682722080944e-01,2.472636286890508572e-01
4.176057161744805013e-01,2.471073820852636160e-01
4.177305480984228048e-01,2.469511227154363164e-01
4.178553638197324283e-01,2.467948504030936796e-01
4.179801631105836135e-01,2.466385649690603088e-01
4.181049457395827895e-01,2.464822662314300750e-01
4.182297114717259401e-01,2.463259540055347807e-01
4.183544600683525294e-01,2.461696281039131018e-01
4.184791912871028696e-01,2.460132883362795009e-01
4.186039048818728237e-01,2.458569345094932801e-01
4.187286006027689522e-01,2.457005664275274393e-01
4.188532781960641049e-01,2.455441838914375896e-01
4.189779374041517346e-01,2.453877866993312007e-01
4.191025779655021544e-01,2.452313746463360145e-01
4.192271996146156865e-01,2.450749475245701248e-01
4.193518020819787528e-01,2.449185051231102250e-01
4.194763850940182448e-01,2.447620472279614656e-01
4.196009483730555600e-01,2.446055736220269228e-01
4.197254916372621381e-01,2.444490840850767899e-01
4.198500146006131084e-01,2.442925783937181794e-01
4.199745169728427152e-01,2.441360563213652857e-01
4.200989984593984095e-01,2.439795176382088260e-01
4.202234587613953298e-01,2.438229621111868417e-01
4.203478975755712277e-01,2.436663895039548056e-01
4.204723145942415030e-01,2.435097995768562562e-01
4.205967095052530746e-01,2.433531920868940157e-01
4.207210819919402489e-01,2.431965667877009074e-01
4.208454317330790340e-01,2.430399234295114730e-01
4.209697584028426753e-01,2.428832617591339116e-01
4.210940616707570805e-01,2.427265815199217136e-01
4.212183412016551332e-01,2.425698824517464880e-01
4.213425966556343383e-01,2.424131642909705120e-01
4.214668276880110254e-01,2.422564267704198082e-01
4.215910339492772163e-01,2.420996696193579711e-01
4.217152150850563830e-01,2.419428925634599381e-01
4.218393707360612588e-01,2.417860953247864819e-01
4.219635005380490966e-01,2.416292776217589255e-01
4.220876041217810348e-01,2.414724391691348837e-01
4.222116811129771330e-01,2.413155796779835882e-01
4.223357311322763485e-01,2.411586988556627120e-01
4.224597537951941817e-01,2.410017964057950823e-01
4.225837487120812641e-01,2.408448720282461430e-01
4.227077154880825027e-01,2.406879254191021389e-01
4.228316537230970007e-01,2.405309562706486326e-01
4.229555630117377008e-01,2.403739642713501046e-01
4.230794429432925829e-01,2.402169491058296080e-01
4.232032931016849187e-01,2.400599104548495066e-01
4.233271130654358005e-01,2.399028479952928783e-01
4.234509024076252848e-01,2.397457614001456405e-01
4.235746606958561422e-01,2.395886503384791477e-01
4.236983874922168880e-01,2.394315144754337321e-01
4.238220823532453663e-01,2.392743534722031329e-01
4.239457448298942221e-01,2.391171669860197857e-01
4.240693744674958188e-01,2.389599546701406396e-01
4.241929708057278203e-01,2.388027161738336679e-01
4.243165333785809956e-01,2.386454511423662106e-01
4.244400617143264665e-01,2.384881592169929843e-01
4.245635553354829561e-01,2.383308400349459233e-01
4.246870137587874794e-01,2.381734932294243545e-01
4.248104364951641454e-01,2.380161184295865318e-01
4.249338230496950142e-01,2.378587152605419752e-01
4.250571729215928407e-01,2.377012833433447270e-01
4.251804856041719316e-01,2.375438222949877998e-01
4.253037605848227765e-01,2.373863317283986807e-01
4.254269973449859576e-01,2.372288112524353065e-01
4.255501953601272813e-01,2.370712604718843708e-01
4.256733540997145737e-01,2.369136789874594085e-01
4.257964730271949216e-01,2.367560663958004075e-01
4.259195515999715242e-01,2.365984222894754740e-01
4.260425892693860406e-01,2.364407462569814711e-01
4.261655854806953858e-01,2.362830378827485700e-01
4.262885396730559107e-01,2.361252967471441366e-01
4.264114512795051937e-01,2.359675224264776439e-01
4.265343197269446662e-01,2.358097144930085265e-01
4.266571444361261789e-01,2.356518725149533422e-01
4.267799248216365138e-01,2.354939960564954582e-01
4.269026602918853941e-01,2.353360846777951265e-01
4.270253502490931607e-01,2.351781379350018075e-01
4.271479940892807803e-01,2.350201553802666321e-01
4.272705912022605745e-01,2.348621365617572232e-01
4.273931409716271723e-01,2.347040810236728225e-01
4.275156427747529575e-01,2.345459883062619155e-01
4.276380959827799089e-01,2.343878579458399392e-01
4.277604999606170466e-01,2.342296894748090164e-01
4.278828540669369351e-01,2.340714824216790502e-01
4.280051576541741842e-01,2.339132363110899837e-01
4.281274100685249495e-01,2.337549506638355312e-01
4.282496106499476540e-01,2.335966249968878528e-01
4.283717587321658749e-01,2.334382588234245326e-01
4.284938536426713407e-01,2.332798516528558075e-01
4.286158947027292054e-01,2.331214029908538210e-01
4.287378812273845430e-01,2.329629123393835710e-01
4.288598125254701188e-01,2.328043791967340514e-01
4.289816878996145499e-01,2.326458030575520863e-01
4.291035066462532410e-01,2.324871834128768022e-01
4.292252680556409850e-01,2.323285197501758770e-01
4.293469714118639535e-01,2.321698115533822049e-01
4.294686159928544078e-01,2.320110583029336149e-01
4.295902010704071294e-01,2.318522594758123112e-01
4.297117259101964626e-01,2.316934145455865623e-01
4.298331897717948547e-01,2.315345229824538331e-01
4.299545919086931733e-01,2.313755842532845275e-01
4.300759315683216899e-01,2.312165978216676188e-01
4.301972079920728387e-01,2.310575631479578063e-01
4.303184204153258641e-01,2.308984796893233105e-01
4.304395680674721336e-01,2.307393468997954167e-01
4.305606501719414503e-01,2.305801642303195453e-01
4.306816659462306962e-01,2.304209311288070994e-01
4.308026146019338087e-01,2.302616470401883941e-01
4.309234953447705907e-01,2.301023114064678909e-01
4.310443073746216269e-01,2.299429236667795695e-01
4.311650498855597036e-01,2.297834832574439934e-01
4.312857220658848911e-01,2.296239896120265689e-01
4.314063230981606267e-01,2.294644421613969976e-01
4.315268521592515727e-01,2.293048403337894225e-01
4.316473084203605315e-01,2.291451835548646287e-01
4.317676910470696905e-01,2.289854712477723264e-01
4.318879991993805900e-01,2.288257028332153775e-01
4.320082320317558677e-01,2.286658777295144662e-01
4.321283886931632789e-01,2.285059953526739629e-01
4.322484683271193839e-01,2.283460551164492869e-01
4.323684700717354001e-01,2.281860564324143803e-01
4.324883930597630544e-01,2.280259987100309582e-01
4.326082364186424334e-01,2.278658813567180086e-01
4.327279992705514999e-01,2.277057037779226245e-01
4.328476807324538322e-01,2.275454653771916691e-01
4.329672799161509156e-01,2.273851655562439400e-01
4.330867959283324353e-01,2.272248037150435274e-01
4.332062278706299008e-01,2.270643792518738102e-01
4.333255748396688811e-01,2.269038915634117026e-01
4.334448359271236839e-01,2.267433400448038150e-01
4.335640102197724222e-01,2.265827240897414496e-01
4.336830967995529140e-01,2.264220430905382331e-01
4.338020947436190822e-01,2.262612964382067493e-01
4.339210031243979637e-01,2.261004835225363940e-01
4.340398210096485521e-01,2.259396037321718953e-01
4.341585474625194174e-01,2.257786564546919450e-01
4.342771815416087700e-01,2.256176410766882467e-01
4.343957223010234125e-01,2.254565569838452854e-01
4.345141687904403582e-01,2.252954035610202355e-01
4.346325200551667267e-01,2.251341801923231190e-01
4.347507751362007511e-01,2.249728862611974078e-01
4.348689330702946720e-01,2.248115211505008759e-01
4.349869928900160776e-01,2.246500842425861733e-01
4.351049536238104087e-01,2.244885749193822611e-01
4.352228142960642421e-01,2.243269925624756245e-01
4.353405739271670738e-01,2.241653365531912079e-01
4.354582315335756570e-01,2.240036062726741273e-01
4.355757861278772847e-01,2.238418011019704112e-01
4.356932367188521837e-01,2.236799204221087967e-01
4.358105823115385191e-01,2.235179636141813309e-01
4.359278219072946214e-01,2.233559300594245567e-01
4.360449545038636021e-01,2.231938191393003368e-01
4.361619790954365250e-01,2.230316302355761782e-01
4.362788946727150785e-01,2.228693627304057234e-01
4.363957002229760240e-01,2.227070160064084925e-01
4.365123947301333129e-01,2.225445894467495966e-01
4.366289771748009252e-01,2.223820824352189807e-01
4.367454465343558745e-01,2.222194943563101932e-01
4.368618017830004363e-01,2.220568245952983522e-01
4.369780418918226550e-01,2.218940725383185819e-01
4.370941658288596265e-01,2.217312375724425633e-01
4.372101725591562849e-01,2.215683190857555829e-01
4.373260610448271857e-01,2.214053164674323060e-01
4.374418302451160701e-01,2.212422291078122438e-01
4.375574791164549282e-01,2.210790563984742774e-01
4.376730066125211760e-01,2.209157977323104594e-01
4.377884116842980511e-01,2.207524525035992335e-01
4.379036932801287918e-01,2.205890201080779045e-01
4.380188503457751459e-01,2.204254999430133866e-01
4.381338818244716049e-01,2.202618914072733969e-01
4.382487866569799717e-01,2.200981939013958166e-01
4.383635637816425401e-01,2.199344068276572195e-01
4.384782121344361627e-01,2.197705295901408451e-01
4.385927306490214894e-01,2.196065615948026850e-01
4.387071182567960914e-01,2.194425022495380684e-01
4.388213738869414238e-01,2.192783509642450279e-01
4.389354964664720637e-01,2.191141071508885818e-01
4.390494849202833949e-01,2.189497702235626286e-01
4.391633381711963491e-01,2.187853395985512872e-01
4.392770551400020373e-01,2.186208146943887098e-01
4.393906347455056594e-01,2.184561949319177854e-01
4.395040759045677481e-01,2.182914797343478153e-01
4.396173775321442490e-01,2.181266685273107464e-01
4.397305385413271539e-01,2.179617607389160161e-01
4.398435578433799176e-01,2.177967557998044257e-01
4.399564343477748718e-01,2.176316531432004320e-01
4.400691669622273650e-01,2.174664522049629123e-01
4.401817545927288466e-01,2.173011524236355130e-01
4.402941961435775653e-01,2.171357532404943058e-01
4.404064905174088773e-01,2.169702540995953333e-01
4.405186366152229471e-01,2.168046544478195448e-01
4.406306333364111705e-01,2.166389537349172612e-01
4.407424795787804328e-01,2.164731514135510571e-01
4.408541742385757578e-01,2.163072469393370056e-01
4.409657162105019013e-01,2.161412397708840916e-01
4.410771043877415587e-01,2.159751293698333463e-01
4.411883376619730734e-01,2.158089152008941247e-01
4.412994149233860353e-01,2.156425967318802150e-01
4.414103350606940479e-01,2.154761734337435619e-01
4.415210969611466640e-01,2.153096447806068514e-01
4.416316995105387111e-01,2.151430102497947361e-01
4.417421415932178963e-01,2.149762693218636445e-01
4.418524220920903023e-01,2.148094214806294810e-01
4.419625398886239953e-01,2.146424662131949657e-01
4.420724938628496914e-01,2.144754030099743358e-01
4.421822828933610894e-01,2.143082313647177994e-01
4.422919058573115403e-01,2.141409507745331287e-01
4.424013616304094954e-01,2.139735607399071704e-01
4.425106490869108455e-01,2.138060607647249145e-01
4.426197670996103728e-01,2.136384503562879511e-01
4.427287145398300927e-01,2.134707290253306800e-01
4.428374902774061539e-01,2.133028962860356315e-01
4.429460931806723512e-01,2.131349516560474000e-01
4.430545221164428060e-01,2.129668946564849119e-01
4.431627759499918717e-01,2.127987248119524721e-01
4.432708535450312626e-01,2.126304416505493400e-01
4.433787537636855736e-01,2.124620447038784721e-01
4.434864754664663566e-01,2.122935335070529617e-01
4.435940175122410345e-01,2.121249075987021171e-01
4.437013787582037572e-01,2.119561665209755696e-01
4.438085580598395419e-01,2.117873098195466597e-01
4.439155542708900226e-01,2.116183370436141020e-01
4.440223662433144813e-01,2.114492477459028463e-01
4.441289928272496024e-01,2.112800414826631890e-01
4.442354328709658962e-01,2.111107178136691631e-01
4.443416852208238454e-01,2.109412763022156800e-01
4.444477487212248334e-01,2.107717165151141991e-01
4.445536222145635152e-01,2.106020380226878708e-01
4.446593045411733058e-01,2.104322403987650136e-01
4.447647945392746438e-01,2.102623232206718151e-01
4.448700910449163715e-01,2.100922860692242544e-01
4.449751928919177812e-01,2.099221285287178329e-01
4.450800989118068873e-01,2.097518501869183871e-01
4.451848079337575870e-01,2.095814506350499873e-01
4.452893187845234912e-01,2.094109294677829469e-01
4.453936302883692022e-01,2.092402862832205834e-01
4.454977412670016457e-01,2.090695206828853681e-01
4.456016505394954086e-01,2.088986322717040767e-01
4.457053569222190759e-01,2.087276206579921911e-01
4.458088592287585139e-01,2.085564854534375512e-01
4.459121562698355468e-01,2.083852262730832017e-01
4.460152468532286307e-01,2.082138427353096288e-01
4.461181297836871451e-01,2.080423344618164694e-01
4.462208038628465712e-01,2.078707010776032482e-01
4.463232678891389527e-01,2.076989422109499772e-01
4.464255206577036339e-01,2.075270574933965051e-01
4.465275609602936124e-01,2.073550465597224501e-01
4.466293875851811146e-01,2.071829090479254953e-01
4.467309993170600624e-01,2.070106445991999056e-01
4.468323949369474302e-01,2.068382528579145729e-01
4.469335732220813817e-01,2.066657334715906180e-01
4.470345329458181860e-01,2.064930860908785470e-01
4.471352728775258578e-01,2.063203103695354090e-01
4.472357917824776319e-01,2.061474059644012036e-01
4.473360884217406630e-01,2.059743725353758992e-01
4.474361615520653368e-01,2.058012097453954248e-01
4.475360099257710278e-01,2.056279172604078276e-01
4.476356322906293039e-01,2.054544947493500140e-01
4.477350273897471866e-01,2.052809418841227695e-01
4.478341939614459699e-01,2.051072583395680549e-01
4.479331307391401507e-01,2.049334437934440256e-01
4.480318364512126394e-01,2.047594979264019677e-01
4.481303098208890279e-01,2.045854204219623995e-01
4.482285495661102459e-01,2.044112109664911747e-01
4.483265543994012781e-01,2.042368692491764726e-01
4.484243230277417114e-01,2.040623949620055666e-01
4.485218541524295111e-01,2.038877877997421761e-01
4.486191464689476271e-01,2.037130474599034013e-01
4.487161986668254388e-01,2.035381736427383514e-01
4.488130094295001982e-01,2.033631660512057737e-01
4.489095774341758105e-01,2.031880243909529593e-01
4.490059013516797815e-01,2.030127483702950653e-01
4.491019798463197210e-01,2.028373377001946865e-01
4.491978115757357393e-01,2.026617920942421769e-01
4.492933951907529533e-01,2.024861112686368869e-01
4.493887293352326062e-01,2.023102949421682339e-01
4.494838126459192451e-01,2.021343428361984385e-01
4.495786437522890644e-01,2.019582546746456764e-01
4.496732212763938641e-01,2.017820301839675368e-01
4.497675438327062847e-01,2.016056690931459228e-01
4.498616100279602126e-01,2.014291711336730073e-01
4.499554184609930729e-01,2.012525360395372165e-01
4.500489677225831819e-01,2.010757635472110727e-01
4.501422563952888201e-01,2.008988533956397593e-01
4.502352830532828643e-01,2.007218053262305180e-01
4.503280462621881419e-01,2.005446190828436837e-01
4.504205445789098983e-01,2.003672944117841359e-01
4.505127765514684857e-01,2.001898310617948318e-01
4.506047407188281673e-01,2.000122287840509494e-01
4.506964356107273639e-01,1.998344873321553639e-01
4.507878597475055704e-01,1.996566064621358993e-01
4.508790116399290504e-01,1.994785859324436916e-01
4.509698897890173086e-01,1.993004255039524664e-01
4.510604926858651220e-01,1.991221249399608428e-01
4.511508188114665141e-01,1.989436840061940270e-01
4.512408666365348431e-01,1.987651024708089742e-01
4.513306346213230014e-01,1.985863801044002175e-01
4.514201212154440590e-01,1.984075166800072232e-01
4.515093248576861340e-01,1.982285119731243828e-01
4.515982439758324807e-01,1.980493657617116710e-01
4.516868769864745281e-01,1.978700778262079130e-01
4.517752222948281382e-01,1.976906479495458557e-01
4.518632782945469772e-01,1.975110759171681274e-01
4.519510433675352212e-01,1.973313615170471658e-01
4.520385158837592621e-01,1.971515045397048971e-01
4.521256942010599134e-01,1.969715047782360784e-01
4.522125766649608414e-01,1.967913620283333331e-01
4.522991616084791611e-01,1.966110760883139352e-01
4.523854473519338115e-01,1.964306467591492578e-01
4.524714322027535429e-01,1.962500738444963866e-01
4.525571144552837932e-01,1.960693571507318433e-01
4.526424923905939535e-01,1.958884964869882228e-01
4.527275642762826346e-01,1.957074916651921903e-01
4.528123283662837117e-01,1.955263425001064204e-01
4.528967829006710355e-01,1.953450488093726456e-01
4.529809261054630332e-01,1.951636104135583971e-01
4.530647561924263100e-01,1.949820271362053270e-01
4.531482713588799172e-01,1.948002988038812777e-01
4.532314697874989529e-01,1.946184252462341557e-01
4.533143496461162769e-01,1.944364062960495243e-01
4.533969090875274999e-01,1.942542417893097506e-01
4.534791462492915315e-01,1.940719315652577881e-01
4.535610592535347374e-01,1.938894754664620967e-01
4.536426462067528753e-01,1.937068733388857267e-01
4.537239051996133643e-01,1.935241250319583717e-01
4.538048343067589419e-01,1.933412303986510039e-01
4.538854315866089895e-01,1.931581892955541446e-01
4.539656950811632452e-01,1.929750015829590770e-01
4.540456228158051832e-01,1.927916671249426950e-01
4.541252127991047827e-01,1.926081857894552662e-01
4.542044630226226287e-01,1.924245574484119148e-01
4.542833714607141804e-01,1.922407819777874338e-01
4.543619360703348153e-01,1.920568592577142908e-01
4.544401547908447636e-01,1.918727891725851842e-01
4.545180255438154848e-01,1.916885716111577931e-01
4.545955462328359342e-01,1.915042064666644950e-01
4.546727147433206606e-01,1.913196936369251366e-01
4.547495289423182374e-01,1.911350330244634133e-01
4.548259866783202487e-01,1.909502245366280493e-01
4.549020857810723850e-01,1.907652680857166716e-01
4.549778240613858715e-01,1.905801635891045676e-01
4.550531993109492301e-01,1.903949109693771069e-01
4.551282093021453701e-01,1.902095101544659939e-01
4.552028517878641267e-01,1.900239610777902655e-01
4.552771245013212953e-01,1.898382636784008426e-01
4.553510251558765543e-01,1.896524179011298272e-01
4.554245514448542198e-01,1.894664236967436022e-01
4.554977010413659433e-01,1.892802810221010379e-01
4.555704715981344632e-01,1.890939898403150021e-01
4.556428607473199666e-01,1.889075501209195040e-01
4.557148661003487811e-01,1.887209618400404465e-01
4.557864852477437889e-01,1.885342249805715964e-01
4.558577157589580042e-01,1.883473395323548294e-01
4.559285551822091498e-01,1.881603054923646767e-01
4.559990010443190078e-01,1.879731228648990615e-01
4.560690508505541030e-01,1.877857916617726164e-01
4.561387020844688278e-01,1.875983119025169121e-01
4.562079522077532312e-01,1.874106836145840727e-01
4.562767986600824166e-01,1.872229068335564406e-01
4.563452388589703257e-01,1.870349816033599899e-01
4.564132701996258534e-01,1.868469079764840668e-01
4.564808900548137371e-01,1.866586860142054327e-01
4.565480957747181101e-01,1.864703157868172201e-01
4.566148846868109956e-01,1.862817973738636612e-01
4.566812540957230215e-01,1.860931308643795079e-01
4.567472012831210737e-01,1.859043163571351687e-01
4.568127235075876147e-01,1.857153539608864812e-01
4.568778180045056647e-01,1.855262437946301191e-01
4.569424819859491116e-01,1.853369859878645498e-01
4.570067126405764624e-01,1.851475806808557945e-01
4.570705071335308123e-01,1.849580280249092379e-01
4.571338626063439214e-01,1.847683281826460744e-01
4.571967761768467309e-01,1.845784813282861092e-01
4.572592449390848746e-01,1.843884876479348345e-01
4.573212659632398536e-01,1.841983473398774440e-01
4.573828362955564275e-01,1.840080606148770115e-01
4.574439529582757791e-01,1.838176276964788580e-01
4.575046129495757841e-01,1.836270488213204155e-01
4.575648132435167770e-01,1.834363242394463633e-01
4.576245507899946441e-01,1.832454542146294552e-01
4.576838225147005224e-01,1.830544390246969244e-01
4.577426253190887140e-01,1.828632789618619414e-01
4.578009560803499300e-01,1.826719743330614820e-01
4.578588116513939710e-01,1.824805254602989424e-01
4.579161888608399567e-01,1.822889326809920274e-01
4.579730845130128847e-01,1.820971963483274392e-01
4.580294953879510134e-01,1.819053168316191182e-01
4.580854182414194620e-01,1.817132945166737568e-01
4.581408498049338585e-01,1.815211298061601697e-01
4.581957867857926470e-01,1.813288231199848000e-01
4.582502258671181106e-01,1.811363748956725528e-01
4.583041637079070529e-01,1.809437855887524871e-01
4.583575969430915276e-01,1.807510556731489748e-01
4.584105221836092259e-01,1.805581856415778008e-01
4.584629360164838019e-01,1.803651760059473697e-01
4.585148350049154109e-01,1.801720272977650750e-01
4.585662156883819618e-01,1.799787400685485539e-01
4.586170745827530260e-01,1.797853148902413822e-01
4.586674081804116287e-01,1.795917523556340156e-01
4.587172129503896967e-01,1.793980530787888106e-01
4.587664853385151065e-01,1.792042176954704302e-01
4.588152217675696143e-01,1.790102468635797750e-01
4.588634186374599411e-01,1.788161412635923542e-01
4.589110723254000712e-01,1.786219015990016534e-01
4.589581791861085946e-01,1.784275285967653613e-01
4.590047355520155969e-01,1.782330230077563971e-01
4.590507377334858696e-01,1.780383856072171589e-01
4.590961820190537224e-01,1.778436171952176570e-01
4.591410646756724501e-01,1.776487185971168392e-01
4.591853819489769561e-01,1.774536906640272194e-01
4.592291300635622520e-01,1.772585342732825864e-01
4.592723052232736691e-01,1.770632503289088777e-01
4.593149036115152795e-01,1.768678397620970233e-01
4.593569213915699168e-01,1.766723035316787038e-01
4.593983547069373508e-01,1.764766426246044684e-01
4.594391996816863388e-01,1.762808580564232397e-01
4.594794524208220543e-01,1.760849508717643175e-01
4.595191090106717224e-01,1.758889221448203533e-01
4.595581655192838011e-01,1.756927729798316851e-01
4.595966179968458132e-01,1.754965045115717548e-01
4.596344624761172781e-01,1.753001179058330528e-01
4.596716949728810175e-01,1.751036143599136730e-01
4.597083114864101705e-01,1.749069951031038406e-01
4.597443079999542492e-01,1.747102613971719953e-01
4.597796804812407934e-01,1.745134145368508471e-01
4.598144248829967862e-01,1.743164558503219330e-01
4.598485371434874458e-01,1.741193866996998962e-01
4.598820131870716699e-01,1.739222084815137681e-01
4.599148489247790184e-01,1.737249226271876945e-01
4.599470402549014625e-01,1.735275306035187759e-01
4.599785830636077266e-01,1.733300339131521317e-01
4.600094732255733954e-01,1.731324340950528562e-01
4.600397066046319483e-01,1.729347327249746435e-01
4.600692790544439470e-01,1.727369314159246105e-01
4.600981864191862614e-01,1.725390318186234007e-01
4.601264245342601145e-01,1.723410356219605699e-01
4.601539892270197774e-01,1.721429445534453928e-01
4.601808763175191941e-01,1.719447603796505630e-01
4.602070816192800340e-01,1.717464849066513699e-01
4.602326009400781182e-01,1.715481199804570756e-01
4.602574300827512177e-01,1.713496674874355197e-01
4.602815648460257814e-01,1.711511293547299251e-01
4.603050010253630919e-01,1.709525075506684866e-01
4.603277344138276828e-01,1.707538040851632744e-01
4.603497608029727961e-01,1.705550210101020869e-01
4.603710759837469357e-01,1.703561604197296464e-01
4.603916757474227905e-01,1.701572244510180520e-01
4.604115558865414792e-01,1.699582152840272975e-01
4.604307121958803872e-01,1.697591351422540473e-01
4.604491404734385451e-01,1.695599862929680623e-01
4.604668365214433789e-01,1.693607710475370787e-01
4.604837961473755570e-01,1.691614917617372538e-01
4.605000151650135987e-01,1.689621508360514834e-01
4.605154893954985784e-01,1.687627507159521201e-01
4.605302146684155939e-01,1.685632938921695356e-01
4.605441868228979940e-01,1.683637829009448361e-01
4.605574017087464278e-01,1.681642203242670608e-01
4.605698551875671010e-01,1.679646087900931728e-01
4.605815431339308486e-01,1.677649509725509247e-01
4.605924614365463077e-01,1.675652495921240714e-01
4.606026059994529631e-01,1.673655074158185707e-01
4.606119727432310684e-01,1.671657272573105479e-01
4.606205576062273321e-01,1.669659119770734723e-01
4.606283565457988116e-01,1.667660644824860705e-01
4.606353655395707958e-01,1.665661877279181191e-01
4.606415805867124513e-01,1.663662847147962254e-01
4.606469977092262358e-01,1.661663584916459879e-01
4.606516129532522430e-01,1.659664121541122583e-01
4.606554223903870371e-01,1.657664488449563100e-01
4.606584221190163642e-01,1.655664717540279718e-01
4.606606082656601875e-01,1.653664841182146128e-01
4.606619769863310454e-01,1.651664892213642322e-01
4.606625244679042885e-01,1.649664903941834015e-01
4.606622469294986977e-01,1.647664910141085626e-01
4.606611406238694806e-01,1.645664945051514005e-01
4.606592018388095955e-01,1.643665043377157409e-01
4.606564268985609556e-01,1.641665240283885774e-01
4.606528121652352370e-01,1.639665571397007360e-01
4.606483540402401267e-01,1.637666072798607819e-01
4.606430489657150629e-01,1.635666781024581184e-01
4.606368934259720271e-01,1.633667733061379135e-01
4.606298839489407215e-01,1.631668966342444960e-01
4.606220171076215175e-01,1.629670518744356922e-01
4.606132895215384049e-01,1.627672428582653819e-01
4.606036978581962149e-01,1.625674734607349126e-01
4.605932388345406192e-01,1.623677475998132613e-01
4.605819092184181285e-01,1.621680692359254161e-01
4.605697058300363134e-01,1.619684423714075339e-01
4.605566255434217493e-01,1.617688710499311511e-01
4.605426652878784610e-01,1.615693593558934771e-01
4.605278220494413155e-01,1.613699114137750468e-01
4.605120928723263618e-01,1.611705313874647327e-01
4.604954748603752313e-01,1.609712234795506181e-01
4.604779651784943750e-01,1.607719919305783673e-01
4.604595610540860307e-01,1.605728410182751809e-01
4.604402597784714724e-01,1.603737750567410247e-01
4.604200587083043805e-01,1.601747983956055554e-01
4.603989552669748297e-01,1.599759154191519039e-01
4.603769469459991215e-01,1.597771305454066260e-01
4.603540313063989586e-01,1.595784482251961234e-01
4.603302059800655766e-01,1.593798729411700366e-01
4.603054686711093302e-01,1.591814092067910524e-01
4.602798171571917951e-01,1.589830615652917112e-01
4.602532492908415485e-01,1.587848345885985724e-01
4.602257630007505762e-01,1.585867328762236017e-01
4.601973562930511408e-01,1.583887610541235280e-01
4.601680272525711102e-01,1.581909237735270035e-01
4.601377740440677488e-01,1.579932257097305670e-01
4.601065949134376387e-01,1.577956715608631044e-01
4.600744881889019533e-01,1.575982660466201668e-01
4.600414522821669738e-01,1.574010139069676184e-01
4.600074856895559616e-01,1.572039199008163080e-01
4.599725869931149957e-01,1.570069888046669027e-01
4.599367548616881685e-01,1.568102254112272165e-01
4.598999880519634709e-01,1.566136345280014497e-01
4.598622854094864820e-01,1.564172209758525056e-01
4.598236458696429718e-01,1.562209895875378007e-01
4.597840684586056992e-01,1.560249452062199838e-01
4.597435522942491248e-01,1.558290926839531743e-01
4.597020965870274312e-01,1.556334368801450541e-01
4.596597006408149610e-01,1.554379826599961989e-01
4.596163638537111851e-01,1.552427348929179829e-01
4.595720857188051456e-01,1.550476984509289446e-01
4.595268658249014315e-01,1.548528782070320020e-01
4.594807038572058522e-01,1.546582790335722379e-01
4.594335995979694776e-01,1.544639058005774779e-01
4.593855529270898241e-01,1.542697633740816032e-01
4.593365638226719616e-01,1.540758566144336261e-01
4.592866323615419355e-01,1.538821903745913877e-01
4.592357587197191116e-01,1.536887694984025721e-01
4.591839431728420573e-01,1.534955988188748399e-01
4.591311860965489600e-01,1.533026831564339443e-01
4.590774879668109709e-01,1.531100273171741855e-01
4.590228493602199755e-01,1.529176360911002341e-01
4.589672709542284013e-01,1.527255142503625984e-01
4.589107535273395655e-01,1.525336665474885112e-01
4.588532979592527816e-01,1.523420977136079879e-01
4.587949052309573394e-01,1.521508124566794129e-01
4.587355764247771361e-01,1.519598154597121831e-01
4.586753127243683448e-01,1.517691113789920443e-01
4.586141154146647914e-01,1.515787048423067607e-01
4.585519858817755923e-01,1.513886004471764746e-01
4.584889256128308888e-01,1.511988027590887296e-01
4.584249361957792868e-01,1.510093163097399604e-01
4.583600193191341154e-01,1.508201455952848657e-01
4.582941767716707249e-01,1.506312950745956336e-01
4.582274104420712146e-01,1.504427691675321588e-01
4.581597223185228662e-01,1.502545722532238892e-01
4.580911144882638397e-01,1.500667086683673823e-01
4.580215891370811310e-01,1.498791827055371562e-01
4.579511485487579581e-01,1.496919986115156642e-01
4.578797951044733527e-01,1.495051605856396459e-01
4.578075312821526244e-01,1.493186727781679601e-01
4.577343596557692518e-01,1.491325392886698464e-01
4.576602828946004231e-01,1.489467641644358353e-01
4.575853037624343367e-01,1.487613513989135550e-01
4.575094251167305393e-01,1.485763049301679073e-01
4.574326499077369101e-01,1.483916286393690831e-01
4.573549811775567964e-01,1.482073263493083048e-01
4.572764220591769568e-01,1.480234018229429904e-01
4.571969757754481556e-01,1.478398587619730586e-01
4.571166456380227339e-01,1.476567008054485430e-01
4.570354350462532689e-01,1.474739315284116781e-01
4.569533474860457689e-01,1.472915544405717925e-01
4.568703865286765642e-01,1.471095729850171174e-01
4.567865558295669537e-01,1.469279905369627326e-01
4.567018591270211036e-01,1.467468104025356490e-01
4.566163002409266980e-01,1.465660358176001377e-01
4.565298830714192846e-01,1.463856699466209998e-01
4.564426115975107612e-01,1.462057158815687208e-01
4.563544898756859980e-01,1.460261766408661732e-01
4.562655220384649324e-01,1.458470551683766769e-01
4.561757122929348540e-01,1.456683543324367724e-01
4.560850649192507156e-01,1.454900769249314885e-01
4.559935842691088537e-01,1.453122256604154894e-01
4.559012747641907892e-01,1.451348031752786871e-01
4.558081408945827695e-01,1.449578120269580384e-01
4.557141872171691088e-01,1.447812546931962763e-01
4.556194183540021037e-01,1.446051335713463837e-01
4.555238389906506868e-01,1.444294509777250823e-01
4.554274538745267664e-01,1.442542091470126742e-01
4.553302678131939119e-01,1.440794102317017877e-01
4.552322856726562783e-01,1.439050563015942807e-01
4.551335123756320433e-01,1.437311493433466036e-01
4.550339528998111893e-01,1.435576912600647903e-01
4.549336122761001855e-01,1.433846838709465776e-01
4.548324955868526809e-01,1.432121289109747064e-01
4.547306079640921483e-01,1.430400280306575733e-01
4.546279545877218720e-01,1.428683827958193431e-01
4.545245406837281066e-01,1.426971946874392438e-01
4.544203715223784634e-01,1.425264651015388517e-01
4.543154524164113583e-01,1.423561953491183085e-01
4.542097887192241279e-01,1.421863866561409451e-01
4.541033858230583142e-01,1.420170401635653390e-01
4.539962491571840619e-01,1.418481569274251952e-01
4.538883841860822943e-01,1.416797379189564943e-01
4.537797964076316082e-01,1.415117840247712144e-01
4.536704913512968340e-01,1.413442960470771836e-01
4.535604745763207046e-01,1.411772747039442277e-01
4.534497516699228514e-01,1.410107206296142834e-01
4.533383282455035745e-01,1.408446343748571694e-01
4.532262099408566058e-01,1.406790164073694060e-01
4.531134024163914753e-01,1.405138671122165839e-01
4.529999113533645927e-01,1.403491867923173930e-01
4.528857424521224306e-01,1.401849756689701743e-01
4.527709014303584190e-01,1.400212338824194380e-01
4.526553940213814964e-01,1.398579614924626846e-01
4.525392259724011490e-01,1.396951584790957768e-01
4.524224030428253274e-01,1.395328247431968094e-01
4.523049310025797354e-01,1.393709601072471160e-01
4.521868156304402198e-01,1.392095643160879137e-01
4.520680627123859763e-01,1.390486370377125858e-01
4.519486780399712966e-01,1.388881778640929654e-01
4.518286674087191312e-01,1.387281863120384817e-01
4.517080366165340810e-01,1.385686618240875301e-01
4.515867914621378154e-01,1.384096037694298731e-01
4.514649377435275834e-01,1.382510114448581573e-01
4.513424812564580391e-01,1.380928840757487952e-01
4.512194277929464370e-01,1.379352208170707972e-01
4.510957831398028084e-01,1.377780207544192503e-01
4.509715530771862824e-01,1.376212829050761921e-01
4.508467433771861099e-01,1.374650062190939936e-01
4.507213598024290002e-01,1.373091895804022522e-01
4.505954081047142679e-01,1.371538318079368046e-01
4.504688940236757366e-01,1.369989316567881976e-01
4.503418232854712322e-01,1.368444878193706138e-01
4.502142016015001635e-01,1.366904989266087556e-01
4.500860346671499701e-01,1.365369635491406053e-01
4.499573281605706576e-01,1.363838801985381710e-01
4.498280877414797541e-01,1.362312473285405556e-01
4.496983190499933558e-01,1.360790633363022084e-01
4.495680277054912577e-01,1.359273265636527228e-01
4.494372193055072850e-01,1.357760352983679031e-01
4.493058994246526550e-01,1.356251877754508228e-01
4.491740736135670931e-01,1.354747821784221540e-01
4.490417473979010365e-01,1.353248166406177955e-01
4.489089262773280353e-01,1.351752892464933298e-01
4.487756157245852418e-01,1.350261980329340306e-01
4.486418211845471515e-01,1.348775409905696998e-01
4.485075480733264897e-01,1.347293160650923638e-01
4.483728017774062380e-01,1.345815211585769666e-01
4.482375876528010838e-01,1.344341541308027577e-01
4.481019110242494552e-01,1.342872128005759558e-01
4.479657771844337000e-01,1.341406949470508037e-01
4.478291913932310186e-01,1.339945983110500671e-01
4.476921588769922078e-01,1.338489205963822315e-01
4.475546848278509904e-01,1.337036594711556170e-01
4.474167744030609351e-01,1.335588125690881089e-01
4.472784327243605196e-01,1.334143774908118640e-01
4.471396648773686699e-01,1.332703518051716884e-01
4.470004759110050019e-01,1.331267330505167268e-01
4.468608708369407045e-01,1.329835187359849069e-01
4.467208546290740157e-01,1.328407063427778645e-01
4.465804322230357837e-01,1.326982933254278463e-01
4.464396085157184002e-01,1.325562771130545936e-01
4.462983883648334871e-01,1.324146551106104019e-01
4.461567765884935088e-01,1.322734247001157992e-01
4.460147779648209188e-01,1.321325832418820123e-01
4.458723972315801198e-01,1.319921280757214432e-01
4.457296390858362933e-01,1.318520565221448504e-01
4.455865081836364316e-01,1.317123658835449851e-01
4.454430091397154623e-01,1.315730534453664058e-01
4.452991465272256866e-01,1.314341164772597770e-01
4.451549248774882006e-01,1.312955522342219294e-01
4.450103486797682972e-01,1.311573579577197113e-01
4.448654223810702968e-01,1.310195308767977129e-01
4.447201503859572469e-01,1.308820682091702825e-01
4.445745370563896071e-01,1.307449671622955834e-01
4.444285867115835842e-01,1.306082249344339141e-01
4.442823036278923943e-01,1.304718387156866555e-01
4.441356920387052876e-01,1.303358056890196182e-01
4.439887561343653366e-01,1.302001230312659630e-01
4.438415000621074857e-01,1.300647879141131058e-01
4.436939279260132540e-01,1.299297975050689447e-01
4.435460437869847561e-01,1.297951489684107951e-01
4.433978516627339328e-01,1.296608394661147579e-01
4.432493555277901010e-01,1.295268661587659909e-01
4.431005593135231013e-01,1.293932262064497463e-01
4.429514669081834333e-01,1.292599167696230067e-01
4.428020821569549348e-01,1.291269350099667201e-01
4.426524088620255593e-01,1.289942780912183284e-01
4.425024507826706976e-01,1.288619431799849224e-01
4.423522116353504341e-01,1.287299274465363574e-01
4.422016950938208457e-01,1.285982280655789400e-01
4.420509047892580146e-01,1.284668422170097413e-01
4.418998443103951956e-01,1.283357670866501210e-01
4.417485172036711427e-01,1.282049998669609059e-01
4.415969269733903135e-01,1.280745377577374444e-01
4.414450770818956205e-01,1.279443779667848446e-01
4.412929709497492303e-01,1.278145177105741437e-01
4.411406119559276862e-01,1.276849542148789374e-01
4.409880034380226355e-01,1.275556847153928863e-01
4.408351486924551033e-01,1.274267064583277931e-01
4.406820509746959269e-01,1.272980167009933050e-01
4.405287134994966269e-01,1.271696127123569109e-01
4.403751394411286602e-01,1.270414917735858684e-01
4.402213319336292230e-01,1.269136511785703136e-01
4.400672940710568803e-01,1.267860882344281626e-01
4.399130289077518574e-01,1.266588002619921660e-01
4.397585394586065455e-01,1.265317845962777299e-01
4.396038286993389499e-01,1.264050385869347759e-01
4.394488995667743536e-01,1.262785595986806175e-01
4.392937549591339752e-01,1.261523450117165990e-01
4.391383977363259028e-01,1.260263922221264432e-01
4.389828307202437996e-01,1.259006986422590291e-01
4.388270566950707163e-01,1.257752617010936547e-01
4.386710784075845693e-01,1.256500788445894801e-01
4.385148985674722777e-01,1.255251475360186220e-01
4.383585198476435130e-01,1.254004652562833444e-01
4.382019448845512199e-01,1.252760295042179284e-01
4.380451762785148029e-01,1.251518377968753315e-01
4.378882165940450877e-01,1.250278876697985542e-01
4.377310683601749464e-01,1.249041766772769763e-01
4.375737340707893108e-01,1.247807023925891351e-01
4.374162161849599606e-01,1.246574624082308624e-01
4.372585171272826976e-01,1.245344543361289608e-01
4.371006392882131886e-01,1.244116758078423202e-01
4.369425850244094134e-01,1.242891244747489216e-01
4.367843566590712268e-01,1.241667980082204470e-01
4.366259564822831396e-01,1.240446940997834563e-01
4.364673867513590433e-01,1.239228104612687814e-01
4.363086496911853795e-01,1.238011448249482366e-01
4.361497474945677522e-01,1.236796949436601012e-01
4.359906823225750960e-01,1.235584585909222932e-01
4.358314563048865109e-01,1.234374335610347734e-01
4.356720715401374289e-01,1.233166176691709859e-01
4.355125300962653934e-01,1.231960087514581553e-01
4.353528340108562822e-01,1.230756046650477997e-01
4.351929852914886432e-01,1.229554032881755021e-01
4.350329859160806389e-01,1.228354025202111621e-01
4.348728378332329392e-01,1.227156002816998381e-01
4.347125429625727788e-01,1.225959945143927365e-01
4.345521031950961843e-01,1.224765831812700823e-01
4.343915203935103664e-01,1.223573642665542333e-01
4.342307963925733372e-01,1.222383357757150790e-01
4.340699329994336386e-01,1.221194957354668764e-01
4.339089319939681277e-01,1.220008421937574389e-01
4.337477951291172085e-01,1.218823732197492488e-01
4.335865241312207852e-01,1.217640869037937418e-01
4.334251207003503303e-01,1.216459813573976256e-01
4.332635865106401751e-01,1.215280547131830924e-01
4.331019232106171346e-01,1.214103051248407728e-01
4.329401324235272464e-01,1.212927307670767924e-01
4.327782157476609548e-01,1.211753298355531250e-01
4.326161747566770188e-01,1.210581005468223253e-01
4.324540109999223114e-01,1.209410411382566553e-01
4.322917260027508979e-01,1.208241498679710757e-01
4.321293212668404493e-01,1.207074250147420480e-01
4.319667982705062137e-01,1.205908648779202841e-01
4.318041584690117674e-01,1.204744677773390560e-01
4.316414032948787671e-01,1.203582320532181754e-01
4.314785341581930389e-01,1.202421560660630606e-01
4.313155524469081126e-01,1.201262381965598897e-01
4.311524595271466476e-01,1.200104768454666876e-01
4.309892567434986388e-01,1.198948704335006804e-01
4.308259454193176241e-01,1.197794174012215690e-01
4.306625268570133391e-01,1.196641162089122634e-01
4.304990023383411524e-01,1.195489653364552318e-01
4.303353731246916669e-01,1.194339632832068926e-01
4.301716404573723285e-01,1.193191085678679819e-01
4.300078055578916425e-01,1.192043997283522144e-01
4.298438696282361748e-01,1.190898353216515854e-01
4.296798338511475523e-01,1.189754139236995772e-01
4.295156993903944120e-01,1.188611341292321599e-01
4.293514673910439616e-01,1.187469945516463204e-01
4.291871389797271563e-01,1.186329938228573716e-01
4.290227152649038755e-01,1.185191305931532907e-01
4.288581973371240474e-01,1.184054035310486974e-01
4.286935862692857202e-01,1.182918113231358204e-01
4.285288831168897472e-01,1.181783526739355744e-01
4.283640889182925293e-01,1.180650263057460986e-01
4.281992046949550934e-01,1.179518309584906138e-01
4.280342314516890623e-01,1.178387653895645593e-01
4.278691701768998490e-01,1.177258283736811323e-01
4.277040218428276308e-01,1.176130187027163015e-01
4.275387874057836046e-01,1.175003351855534728e-01
4.273734678063849657e-01,1.173877766479266144e-01
4.272080639697860560e-01,1.172753419322639379e-01
4.270425768059063487e-01,1.171630298975305517e-01
4.268770072096564894e-01,1.170508394190707263e-01
4.267113560611609513e-01,1.169387693884502977e-01
4.265456242259765274e-01,1.168268187132985858e-01
4.263798125553099894e-01,1.167149863171506041e-01
4.262139218862316392e-01,1.166032711392891302e-01
4.260479530418858074e-01,1.164916721345864853e-01
4.258819068316995748e-01,1.163801882733473542e-01
4.257157840515876646e-01,1.162688185411509673e-01
4.255495854841542247e-01,1.161575619386942676e-01
4.253833118988934459e-01,1.160464174816350919e-01
4.252169640523849603e-01,1.159353842004357399e-01
4.250505426884895188e-01,1.158244611402076130e-01
4.248840485385385612e-01,1.157136473605557131e-01
4.247174823215241757e-01,1.156029419354241000e-01
4.245508447442836175e-01,1.154923439529422641e-01
4.243841365016831624e-01,1.153818525152716101e-01
4.242173582767981288e-01,1.152714667384534125e-01
4.240505107410915686e-01,1.151611857522571031e-01
4.238835945545880168e-01,1.150510087000296694e-01
4.237166103660469085e-01,1.149409347385457469e-01
4.235495588131331091e-01,1.148309630378590157e-01
4.233824405225834475e-01,1.147210927811542353e-01
4.232152561103719179e-01,1.146113231646004038e-01
4.230480061818717719e-01,1.145016533972051664e-01
4.228806913320168892e-01,1.143920827006698615e-01
4.227133121454575981e-01,1.142826103092465101e-01
4.225458691967171054e-01,1.141732354695948193e-01
4.223783630503431530e-01,1.140639574406413087e-01
4.222107942610592857e-01,1.139547754934390478e-01
4.220431633739121224e-01,1.138456889110291137e-01
4.218754709244174061e-01,1.137366969883028545e-01
4.217077174387038885e-01,1.136277990318654840e-01
4.215399034336532735e-01,1.135189943599012735e-01
4.213720294170404945e-01,1.134102823020395612e-01
4.212040958876698271e-01,1.133016621992224970e-01
4.210361033355084492e-01,1.131931334035738423e-01
4.208680522418208891e-01,1.130846952782691567e-01
4.206999430792977002e-01,1.129763471974073313e-01
4.205317763121838581e-01,1.128680885458836630e-01
4.203635523964052711e-01,1.127599187192640240e-01
4.201952717796929582e-01,1.126518371236605032e-01
4.200269349017040077e-01,1.125438431756084212e-01
4.198585421941430917e-01,1.124359363019447888e-01
4.196900940808789282e-01,1.123281159396882917e-01
4.195215909780620755e-01,1.122203815359199136e-01
4.193530332942378425e-01,1.121127325476661413e-01
4.191844214304589755e-01,1.120051684417827376e-01
4.190157557803967370e-01,1.118976886948399307e-01
4.188470367304487629e-01,1.117902927930093243e-01
4.186782646598463109e-01,1.116829802319522086e-01
4.185094399407586208e-01,1.115757505167087743e-01
4.183405629383978863e-01,1.114686031615894773e-01
4.181716340111188979e-01,1.113615376900669585e-01
4.180026535105200725e-01,1.112545536346700864e-01
4.178336217815411535e-01,1.111476505368787643e-01
4.176645391625605219e-01,1.110408279470206372e-01
4.174954059854886212e-01,1.109340854241687990e-01
4.173262225758631594e-01,1.108274225360410259e-01
4.171569892529390366e-01,1.107208388589001474e-01
4.169877063297798836e-01,1.106143339774562501e-01
4.168183741133460463e-01,1.105079074847695186e-01
4.166489929045821272e-01,1.104015589821552429e-01
4.164795629985023062e-01,1.102952880790891294e-01
4.163100846842743286e-01,1.101890943931148614e-01
4.161405582453036600e-01,1.100829775497525198e-01
4.159709839593129788e-01,1.099769371824082242e-01
4.158013620984237768e-01,1.098709729322852879e-01
4.156316929292339646e-01,1.097650844482963711e-01
4.154619767128956975e-01,1.096592713869772584e-01
4.152922137051910934e-01,1.095535334124012466e-01
4.151224041566075051e-01,1.094478701960956979e-01
4.149525483124100189e-01,1.093422814169587864e-01
4.147826464127143398e-01,1.092367667611784665e-01
4.146126986925577906e-01,1.091313259221514814e-01
4.144427053819682572e-01,1.090259586004047876e-01
4.142726667060342427e-01,1.089206645035170062e-01
4.141025828849705936e-01,1.088154433460420401e-01
4.139324541341857788e-01,1.087102948494327315e-01
4.137622806643467266e-01,1.086052187419669912e-01
4.135920626814433287e-01,1.085002147586735660e-01
4.134218003868509461e-01,1.083952826412601517e-01
4.132514939773924700e-01,1.082904221380417420e-01
4.130811436453987184e-01,1.081856330038703379e-01
4.129107495787697202e-01,1.080809150000658914e-01
4.127403119610320581e-01,1.079762678943481935e-01
4.125698309713973777e-01,1.078716914607691230e-01
4.123993067848196192e-01,1.077671854796471429e-01
4.122287395720503067e-01,1.076627497375016729e-01
4.120581294996947808e-01,1.075583840269889457e-01
4.118874767302650453e-01,1.074540881468387249e-01
4.117167814222341682e-01,1.073498619017919653e-01
4.115460437300876295e-01,1.072457051025393210e-01
4.113752638043760568e-01,1.071416175656607767e-01
4.112044417917656292e-01,1.070375991135657373e-01
4.110335778350875380e-01,1.069336495744344362e-01
4.108626720733876692e-01,1.068297687821599257e-01
4.106917246419750089e-01,1.067259565762912199e-01
4.105207356724686063e-01,1.066222128019765070e-01
4.103497052928457567e-01,1.065185373099083732e-01
4.101786336274870770e-01,1.064149299562685003e-01
4.100075207972225244e-01,1.063113906026741662e-01
4.098363669193758607e-01,1.062079191161249825e-01
4.096651721078089503e-01,1.061045153689502418e-01
4.094939364729652254e-01,1.060011792387575286e-01
4.093226601219129845e-01,1.058979106083816762e-01
4.091513431583864158e-01,1.057947093658343912e-01
4.089799856828283953e-01,1.056915754042545286e-01
4.088085877924310663e-01,1.055885086218591867e-01
4.086371495811758070e-01,1.054855089218952602e-01
4.084656711398739204e-01,1.053825762125918386e-01
4.082941525562054363e-01,1.052797104071130224e-01
4.081225939147585802e-01,1.051769114235112518e-01
4.079509952970665210e-01,1.050741791846813572e-01
4.077793567816470066e-01,1.049715136183153041e-01
4.076076784440386680e-01,1.048689146568567987e-01
4.074359603568380450e-01,1.047663822374574755e-01
4.072642025897357243e-01,1.046639163019325164e-01
4.070924052095529766e-01,1.045615167967176296e-01
4.069205682802762292e-01,1.044591836728255424e-01
4.067486918630933701e-01,1.043569168858041324e-01
4.065767760164271660e-01,1.042547163956937667e-01
4.064048207959710113e-01,1.041525821669861546e-01
4.062328262547212354e-01,1.040505141685825197e-01
4.060607924430119642e-01,1.039485123737531186e-01
4.058887194085479821e-01,1.038465767600964956e-01
4.057166071964372067e-01,1.037447073094993344e-01
4.055444558492242724e-01,1.036429040080967534e-01
4.053722654069209508e-01,1.035411668462322826e-01
4.052000359070407343e-01,1.034394958184192692e-01
4.050277673846277571e-01,1.033378909233013815e-01
4.048554598722906572e-01,1.032363521636140147e-01
4.046831134002316643e-01,1.031348795461458495e-01
4.045107279962794067e-01,1.030334730817007161e-01
4.043383036859179436e-01,1.029321327850592910e-01
4.041658404923181847e-01,1.028308586749416137e-01
4.039933384363681435e-01,1.027296507739689502e-01
4.038207975367020253e-01,1.026285091086267948e-01
4.036482178097317020e-01,1.025274337092271781e-01
4.034755992696750226e-01,1.024264246098716552e-01
4.033029419285854011e-01,1.023254818484139600e-01
4.031302457963816810e-01,1.022246054664233128e-01
4.029575108808775008e-01,1.021237955091471167e-01
4.027847371878103266e-01,1.020230520254745143e-01
4.026119247208693741e-01,1.019223750678993207e-01
4.024390734817253623e-01,1.018217646924833852e-01
4.022661834700596017e-01,1.017212209588196775e-01
4.020932546835914723e-01,1.016207439299956633e-01
4.019202871181079550e-01,1.015203336725566396e-01
4.017472807674917212e-01,1.014199902564689032e-01
4.015742356237493871e-01,1.013197137550828908e-01
4.014011516770400467e-01,1.012195042450963339e-01
4.012280289157038604e-01,1.011193618065173855e-01
4.010548673262896990e-01,1.010192865226275105e-01
4.008816668935837324e-01,1.009192784799444326e-01
4.007084276006377954e-01,1.008193377681850106e-01
4.005351494287971437e-01,1.007194644802277828e-01
4.003618323577289306e-01,1.006196587120755104e-01
4.001884763654504074e-01,1.005199205628174997e-01
4.000150814283570111e-01,1.004202501345920623e-01
3.998416475212505095e-01,1.003206475325480185e-01
3.996681746173673666e-01,1.002211128648070881e-01
3.994946626884071095e-01,1.001216462424253800e-01
3.993211117045606384e-01,1.000222477793544090e-01
3.991475216345378163e-01,9.992291759240290450e-02
3.989738924455973335e-01,9.982365580119720305e-02
3.988002241035734086e-01,9.972446252814236300e-02
3.986265165729062643e-01,9.962533789838246001e-02
3.984527698166686061e-01,9.952628203976057741e-02
3.982789837965963198e-01,9.942729508277892148e-02
3.981051584731155613e-01,9.932837716055825661e-02
3.979312938053725102e-01,9.922952840879729897e-02
3.977573897512623469e-01,9.913074896573152717e-02
3.975834462674570080e-01,9.903203897209188200e-02
3.974094633094364393e-01,9.893339857106313306e-02
3.972354408315158514e-01,9.883482790824163478e-02
3.970613787868763067e-01,9.873632713159313790e-02
3.968872771275928080e-01,9.863789639140992105e-02
3.967131358046654399e-01,9.853953584026758916e-02
3.965389547680482352e-01,9.844124563298159436e-02
3.963647339666784286e-01,9.834302592656360420e-02
3.961904733485070440e-01,9.824487688017662090e-02
3.960161728605292586e-01,9.814679865509090551e-02
3.958418324488134910e-01,9.804879141463847259e-02
3.956674520585321542e-01,9.795085532416772378e-02
3.954930316339924090e-01,9.785299055099767884e-02
3.953185711186665285e-01,9.775519726437123524e-02
3.951440704552220962e-01,9.765747563540867759e-02
3.949695295855530919e-01,9.755982583706042377e-02
3.947949484508110896e-01,9.746224804405952125e-02
3.946203269914358991e-01,9.736474243287326913e-02
3.944456651471869857e-01,9.726730918165479856e-02
3.942709628571746117e-01,9.716994847019437553e-02
3.940962200598915888e-01,9.707266047986956581e-02
3.939214366932441980e-01,9.697544539359576055e-02
3.937466126945847744e-01,9.687830339577573058e-02
3.935717480007427937e-01,9.678123467224875043e-02
3.933968425480568465e-01,9.668423941023972235e-02
3.932218962724076672e-01,9.658731779830713460e-02
3.930469091092488876e-01,9.649047002629150549e-02
3.928718809936400658e-01,9.639369628526224532e-02
3.926968118602792157e-01,9.629699676746515669e-02
3.925217016435352813e-01,9.620037166626889402e-02
3.923465502774803326e-01,9.610382117611104835e-02
3.921713576959223735e-01,9.600734549244389904e-02
3.919961238324385366e-01,9.591094481167995733e-02
3.918208486204077801e-01,9.581461933113634422e-02
3.916455319930435275e-01,9.571836924897983434e-02
3.914701738834270306e-01,9.562219476417048447e-02
3.912947742245406202e-01,9.552609607640558109e-02
3.911193329493003468e-01,9.543007338606246392e-02
3.909438499905901754e-01,9.533412689414205721e-02
3.907683252812940156e-01,9.523825680221080503e-02
3.905927587543298607e-01,9.514246331234300913e-02
3.904171503426834278e-01,9.504674662706262545e-02
3.902414999794404649e-01,9.495110694928453332e-02
3.900658075978215011e-01,9.485554448225570756e-02
3.898900731312140988e-01,9.476005942949609906e-02
3.897142965132069370e-01,9.466465199473861336e-02
3.895384776776235070e-01,9.456932238186978312e-02
3.893626165585543086e-01,9.447407079486917769e-02
3.891867130903923222e-01,9.437889743774909024e-02
3.890107672078637058e-01,9.428380251449414162e-02
3.888347788460637111e-01,9.418878622899971853e-02
3.886587479404881584e-01,9.409384878501124427e-02
3.884826744270673538e-01,9.399899038606270019e-02
3.883065582421992845e-01,9.390421123541481396e-02
3.881303993227824822e-01,9.380951153599347003e-02
3.879541976062486075e-01,9.371489149032766197e-02
3.877779530305964784e-01,9.362035130048754206e-02
3.876016655344231010e-01,9.352589116802201286e-02
3.874253350569577536e-01,9.343151129389640208e-02
3.872489615380936279e-01,9.333721187842995703e-02
3.870725449184206912e-01,9.324299312123385253e-02
3.868960851392565514e-01,9.314885522114783878e-02
3.867195821426804292e-01,9.305479837617834649e-02
3.865430358715631898e-01,9.296082278343556493e-02
3.863664462695998170e-01,9.286692863907086704e-02
3.861898132813404994e-01,9.277311613821447034e-02
3.860131368522209394e-01,9.267938547491277879e-02
3.858364169285953826e-01,9.258573684206611309e-02
3.856596534577648727e-01,9.249217043136633010e-02
3.854828463880088929e-01,9.239868643323485842e-02
3.853059956686150644e-01,9.230528503676047047e-02
3.851291012499089561e-01,9.221196642963766510e-02
3.849521630832841157e-01,9.211873079810495302e-02
3.847751811212297701e-01,9.202557832688365580e-02
3.845981553173611900e-01,9.193250919911641339e-02
3.844210856264476117e-01,9.183952359630684348e-02
3.842439720044399931e-01,9.174662169825863189e-02
3.840668144084987690e-01,9.165380368301558056e-02
3.838896127970219396e-01,9.156106972680165546e-02
3.837123671296713834e-01,9.146842000396157579e-02
3.835350773673995572e-01,9.137585468690177792e-02
3.833577434724754207e-01,9.128337394603203148e-02
3.831803654085103594e-01,9.119097794970691673e-02
3.830029431404832208e-01,9.109866686416868975e-02
3.828254766347650717e-01,9.100644085348991164e-02
3.826479658591440125e-01,9.091430007951686876e-02
3.824704107828479915e-01,9.082224470181382570e-02
3.822928113765690639e-01,9.073027487760755572e-02
3.821151676124852070e-01,9.063839076173267617e-02
3.819374794642831361e-01,9.054659250657751124e-02
3.817597469071805083e-01,9.045488026203073184e-02
3.815819699179460178e-01,9.036325417542893923e-02
3.814041484749204347e-01,9.027171439150442900e-02
3.812262825580373105e-01,9.018026105233427347e-02
3.810483721488410747e-01,9.008889429729000087e-02
3.808704172305070745e-01,8.999761426298773237e-02
3.806924177878591720e-01,8.990642108323997073e-02
3.805143738073878956e-01,8.981531488900755533e-02
3.803362852772673164e-01,8.972429580835288021e-02
3.801581521873707570e-01,8.963336396639387527e-02
3.799799745292875564e-01,8.954251948525887572e-02
3.798017522963376136e-01,8.945176248404272668e-02
3.796234854835857653e-01,8.936109307876376195e-02
3.794451740878559409e-01,8.927051138232171279e-02
3.792668181077443190e-01,8.918001750445678222e-02
3.790884175436309844e-01,8.908961155170962154e-02
3.789099723976926404e-01,8.899929362738277783e-02
3.787314826739132112e-01,8.890906383150258552e-02
3.785529483780939453e-01,8.881892226078327846e-02
3.783743695178639621e-01,8.872886900859069947e-02
3.781957461026879130e-01,8.863890416490884105e-02
3.780170781438751404e-01,8.854902781630658026e-02
3.778383656545872826e-01,8.845924004590563494e-02
3.776596086498438254e-01,8.836954093335025462e-02
3.774808071465303172e-01,8.827993055477788287e-02
3.773019611634014225e-01,8.819040898279077723e-02
3.771230707210869171e-01,8.810097628642989120e-02
3.769441358420950738e-01,8.801163253114870078e-02
3.767651565508159939e-01,8.792237777878954275e-02
3.765861328735239932e-01,8.783321208756041110e-02
3.764070648383787687e-01,8.774413551201383499e-02
3.762279524754272853e-01,8.765514810302663107e-02
3.760487958166028877e-01,8.756624990778100193e-02
3.758695948957255228e-01,8.747744096974736927e-02
3.756903497485001298e-01,8.738872132866826181e-02
3.755110604125143081e-01,8.730009102054388237e-02
3.753317269272367085e-01,8.721155007761867417e-02
3.751523493340117588e-01,8.712309852836974677e-02
3.749729276760571106e-01,8.703473639749656487e-02
3.747934619984575888e-01,8.694646370591202489e-02
3.746139523481603062e-01,8.685828047073478053e-02
3.744343987739678359e-01,8.677018670528348354e-02
3.742548013265304951e-01,8.668218241907184318e-02
3.740751600583405168e-01,8.659426761780604498e-02
3.738954750237213909e-01,8.650644230338225271e-02
3.737157462788195383e-01,8.641870647388713578e-02
3.735359738815948738e-01,8.633106012359838266e-02
3.733561578918097590e-01,8.624350324298785120e-02
3.731762983710179005e-01,8.615603581872528782e-02
3.729963953825516931e-01,8.606865783368392031e-02
3.728164489915112845e-01,8.598136926694759097e-02
3.726364592647497531e-01,8.589417009381875023e-02
3.724564262708603413e-01,8.580706028582858746e-02
3.722763500801611336e-01,8.572003981074821644e-02
3.720962307646806799e-01,8.563310863260095718e-02
3.719160683981417304e-01,8.554626671167689378e-02
3.717358630559455812e-01,8.545951400454769586e-02
3.715556148151540894e-01,8.537285046408403522e-02
3.713753237544726860e-01,8.528627603947337710e-02
3.711949899542332787e-01,8.519979067623953406e-02
3.710146134963741016e-01,8.511339431626362140e-02
3.708341944644213961e-01,8.502708689780645590e-02
3.706537329434690942e-01,8.494086835553178727e-02
3.704732290201598333e-01,8.485473862053129201e-02
3.702926827826624745e-01,8.476869762035084410e-02
3.701120943206523961e-01,8.468274527901765991e-02
3.699314637252885674e-01,8.459688151706933057e-02
3.697507910891925098e-01,8.451110625158322898e-02
3.695700765064248716e-01,8.442541939620826219e-02
3.693893200724622239e-01,8.433982086119672095e-02
3.692085218841741345e-01,8.425431055343811371e-02
3.690276820397987434e-01,8.416888837649359745e-02
3.688468006389189480e-01,8.408355423063214318e-02
3.686658777824367572e-01,8.399830801286704840e-02
3.684849135725496438e-01,8.391314961699448960e-02
3.683039081127228997e-01,8.382807893363229679e-02
3.681228615076664878e-01,8.374309585026018521e-02
3.679417738633067314e-01,8.365820025126109727e-02
3.677606452867605569e-01,8.357339201796337713e-02
3.675794758863095146e-01,8.348867102868394452e-02
3.673982657713717459e-01,8.340403715877238444e-02
3.672170150524747267e-01,8.331949028065618879e-02
3.670357238412283452e-01,8.323503026388667791e-02
3.668543922502967014e-01,8.315065697518575494e-02
3.666730203933700194e-01,8.306637027849403387e-02
3.664916083851364470e-01,8.298217003501882905e-02
3.663101563412539119e-01,8.289805610328390695e-02
3.661286643783207007e-01,8.281402833917972384e-02
3.659471326138477032e-01,8.273008659601367720e-02
3.657655611662289363e-01,8.264623072456260544e-02
3.655839501547121784e-01,8.256246057312437159e-02
3.654022996993702144e-01,8.247877598757094586e-02
3.652206099210714152e-01,8.239517681140236249e-02
3.650388809414505942e-01,8.231166288580035739e-02
3.648571128828785870e-01,8.222823404968378214e-02
3.646753058684336635e-01,8.214489013976324083e-02
3.644934600218716625e-01,8.206163099059772537e-02
3.643115754675958495e-01,8.197845643465016818e-02
3.641296523306276622e-01,8.189536630234477144e-02
3.639476907365776781e-01,8.181236042212416959e-02
3.637656908116139176e-01,8.172943862050700836e-02
3.635836526824341441e-01,8.164660072214605102e-02
3.634015764762356104e-01,8.156384654988677041e-02
3.632194623206851380e-01,8.148117592482567728e-02
3.630373103438893079e-01,8.139858866636975887e-02
3.628551206743658164e-01,8.131608459229561214e-02
3.626728934410131666e-01,8.123366351880900726e-02
3.624906287730821908e-01,8.115132526060490903e-02
3.623083268001454638e-01,8.106906963092709584e-02
3.621259876520696031e-01,8.098689644162858359e-02
3.619436114589856257e-01,8.090480550323182751e-02
3.617611983512591944e-01,8.082279662498922934e-02
3.615787484594635837e-01,8.074086961494351955e-02
3.613962619143493704e-01,8.065902427998856983e-02
3.612137388468174004e-01,8.057726042592955329e-02
3.610311793878890341e-01,8.049557785754431205e-02
3.608485836686791126e-01,8.041397637864322601e-02
3.606659518203679249e-01,8.033245579213059429e-02
3.604832839741727857e-01,8.025101590006429586e-02
3.603005802613212794e-01,8.016965650371725427e-02
3.601178408130234487e-01,8.008837740363716762e-02
3.599350657604445947e-01,8.000717839970698797e-02
3.597522552346792413e-01,7.992605929120516484e-02
3.595694093667231583e-01,7.984501987686559721e-02
3.593865282874481037e-01,7.976405995493744683e-02
3.592036121275750116e-01,7.968317932324456287e-02
3.590206610176483459e-01,7.960237777924511482e-02
3.588376750880106214e-01,7.952165512009085058e-02
3.586546544687765348e-01,7.944101114268559138e-02
3.584715992898080961e-01,7.936044564374439281e-02
3.582885096806901482e-01,7.927995841985151226e-02
3.581053857707050536e-01,7.919954926751852919e-02
3.579222276888088805e-01,7.911921798324236810e-02
3.577390355636081432e-01,7.903896436356236399e-02
3.575558095233344336e-01,7.895878820511742502e-02
3.573725496958223280e-01,7.887868930470280648e-02
3.571892562084860168e-01,7.879866745932612160e-02
3.570059291882965447e-01,7.871872246626378244e-02
3.568225687617594399e-01,7.863885412311595602e-02
3.566391750548916217e-01,7.855906222786201987e-02
3.564557481932009164e-01,7.847934657891519894e-02
3.562722883016640196e-01,7.839970697517631426e-02
3.560887955047051245e-01,7.832014321608844754e-02
3.559052699261747721e-01,7.824065510168953796e-02
3.557217116893299225e-01,7.816124243266536764e-02
3.555381209168133605e-01,7.808190501040225551e-02
3.553544977306339891e-01,7.800264263703861334e-02
3.551708422521465680e-01,7.792345511551634907e-02
3.549871546020335611e-01,7.784434224963192317e-02
3.548034349002850973e-01,7.776530384408661400e-02
3.546196832661811515e-01,7.768633970453653337e-02
3.544358998182727261e-01,7.760744963764171223e-02
3.542520846743640872e-01,7.752863345111510318e-02
3.540682379514952793e-01,7.744989095377093069e-02
3.538843597659245277e-01,7.737122195557222248e-02
3.537004502331113631e-01,7.729262626767811895e-02
3.535165094676999686e-01,7.721410370249076616e-02
3.533325375835030813e-01,7.713565407370093219e-02
3.531485346934852276e-01,7.705727719633409523e-02
3.529645009097480690e-01,7.697897288679524108e-02
3.527804363435136370e-01,7.690074096291325823e-02
3.525963411051107332e-01,7.682258124398505528e-02
3.524122153039595529e-01,7.674449355081890134e-02
3.522280590485566409e-01,7.666647770577697529e-02
3.520438724464620139e-01,7.658853353281785958e-02
3.518596556042838386e-01,7.651066085753817358e-02
3.516754086276662195e-01,7.643285950721379063e-02
3.514911316212753212e-01,7.635512931084040278e-02
3.513068246887864898e-01,7.627747009917346110e-02
3.511224879328719295e-01,7.619988170476761635e-02
3.509381214551880457e-01,7.612236396201615962e-02
3.507537253563631774e-01,7.604491670718863117e-02
3.505692997359868279e-01,7.596753977846944228e-02
3.503848446925971194e-01,7.589023301599452653e-02
3.502003603236700791e-01,7.581299626188885143e-02
3.500158467256090922e-01,7.573582936030182067e-02
3.498313039937334668e-01,7.565873215744370328e-02
3.496467322222687191e-01,7.558170450162043918e-02
3.494621315043360266e-01,7.550474624326852791e-02
3.492775019319433460e-01,7.542785723498904304e-02
3.490928435959743670e-01,7.535103733158132755e-02
3.489081565861802958e-01,7.527428639007603672e-02
3.487234409911707522e-01,7.519760426976801471e-02
3.485386968984044431e-01,7.512099083224819951e-02
3.483539243941813912e-01,7.504444594143534764e-02
3.481691235636334425e-01,7.496796946360734237e-02
3.479842944907174385e-01,7.489156126743157227e-02
3.477994372582067784e-01,7.481522122399550390e-02
3.476145519476839252e-01,7.473894920683610277e-02
3.474296386395328562e-01,7.466274509196935139e-02
3.472446974129322905e-01,7.458660875791894851e-02
3.470597283458483617e-01,7.451054008574464760e-02
3.468747315150284560e-01,7.443453895907049811e-02
3.466897069959939404e-01,7.435860526411197657e-02
3.465046548630347778e-01,7.428273888970310379e-02
3.463195751892025331e-01,7.420693972732333998e-02
3.461344680463053214e-01,7.413120767112368892e-02
3.459493335049015905e-01,7.405554261795228854e-02
3.457641716342951255e-01,7.397994446738036245e-02
3.455789825025288309e-01,7.390441312172676969e-02
3.453937661763810674e-01,7.382894848608261007e-02
3.452085227213595453e-01,7.375355046833585726e-02
3.450232522016968284e-01,7.367821897919496488e-02
3.448379546803463924e-01,7.360295393221243099e-02
3.446526302189774071e-01,7.352775524380801564e-02
3.444672788779711281e-01,7.345262283329119513e-02
3.442819007164166778e-01,7.337755662288396319e-02
3.440964957921071044e-01,7.330255653774295221e-02
3.439110641615357733e-01,7.322762250598058298e-02
3.437256058798928149e-01,7.315275445868731075e-02
3.435401210010621265e-01,7.307795232995205337e-02
3.433546095776167095e-01,7.300321605688328552e-02
3.431690716608173930e-01,7.292854557962932804e-02
3.429835073006090584e-01,7.285394084139863724e-02
3.427979165456175314e-01,7.277940178847946973e-02
3.426122994431479163e-01,7.270492837025954724e-02
3.424266560391810432e-01,7.263052053924522189e-02
3.422409863783716366e-01,7.255617825108043317e-02
3.420552905040458169e-01,7.248190146456549854e-02
3.418695684582000460e-01,7.240769014167526552e-02
3.416838202814975745e-01,7.233354424757752754e-02
3.414980460132675533e-01,7.225946375065038507e-02
3.413122456915034242e-01,7.218544862250050875e-02
3.411264193528609767e-01,7.211149883797983440e-02
3.409405670326567384e-01,7.203761437520296573e-02
3.407546887648679745e-01,7.196379521556370285e-02
3.405687845821294135e-01,7.189004134375182042e-02
3.403828545157341345e-01,7.181635274776913824e-02
3.401968985956315139e-01,7.174272941894595246e-02
3.400109168504265034e-01,7.166917135195625954e-02
3.398249093073795191e-01,7.159567854483379901e-02
3.396388759924056089e-01,7.152225099898693039e-02
3.394528169300735088e-01,7.144888871921423190e-02
3.392667321436056427e-01,7.137559171371865574e-02
3.390806216548786778e-01,7.130235999412265491e-02
3.388944854844219701e-01,7.122919357548246344e-02
3.387083236514188966e-01,7.115609247630168277e-02
3.385221361737064116e-01,7.108305671854579788e-02
3.383359230677750462e-01,7.101008632765559714e-02
3.381496843487700743e-01,7.093718133256013414e-02
3.379634200304916236e-01,7.086434176569057775e-02
3.377771301253951752e-01,7.079156766299242454e-02
3.375908146445922853e-01,7.071885906393855781e-02
3.374044735978519727e-01,7.064621601154148778e-02
3.372181069936014408e-01,7.057363855236561956e-02
3.370317148389268547e-01,7.050112673653882722e-02
3.368452971395752837e-01,7.042868061776448585e-02
3.366588538999558677e-01,7.035630025333261539e-02
3.364723851231410934e-01,7.028398570413083024e-02
3.362858908108689038e-01,7.021173703465548310e-02
3.360993709635439197e-01,7.013955431302199006e-02
3.359128255802402152e-01,7.006743761097507239e-02
3.357262546587023166e-01,6.999538700389880408e-02
3.355396581953488666e-01,6.992340257082624300e-02
3.353530361852737895e-01,6.985148439444889557e-02
3.351663886222492339e-01,6.977963256112555690e-02
3.349797154987286807e-01,6.970784716089123423e-02
3.347930168058489420e-01,6.963612828746532091e-02
3.346062925334342686e-01,6.956447603826004800e-02
3.344195426699983487e-01,6.949289051438758968e-02
3.342327672027486374e-01,6.942137182066798751e-02
3.340459661175895767e-01,6.934992006563600597e-02
3.338591393991257594e-01,6.927853536154732206e-02
3.336722870306667588e-01,6.920721782438539471e-02
3.334854089942305144e-01,6.913596757386673841e-02
3.332985052705477735e-01,6.906478473344650204e-02
3.331115758390665871e-01,6.899366943032339550e-02
3.329246206779571393e-01,6.892262179544444978e-02
3.327376397641163552e-01,6.885164196350848642e-02
3.325506330731728966e-01,6.878073007297041963e-02
3.323636005794925463e-01,6.870988626604378202e-02
3.321765422561844261e-01,6.863911068870363896e-02
3.319894580751054924e-01,6.856840349068843432e-02
3.318023480068673092e-01,6.849776482550182233e-02
3.316152120208424314e-01,6.842719485041315330e-02
3.314280500851700673e-01,6.835669372645829245e-02
3.312408621667635167e-01,6.828626161843934228e-02
3.310536482313171658e-01,6.821589869492379610e-02
3.308664082433133147e-01,6.814560512824277549e-02
3.306791421660297270e-01,6.807538109448961483e-02
3.304918499615475680e-01,6.800522677351641954e-02
3.303045315907599533e-01,6.793514234893101300e-02
3.301171870133798869e-01,6.786512800809246793e-02
3.299298161879486990e-01,6.779518394210630461e-02
3.297424190718454273e-01,6.772531034581896758e-02
3.295549956212961429e-01,6.765550741781087285e-02
3.293675457913834981e-01,6.758577536038971878e-02
3.291800695360568851e-01,6.751611437958175699e-02
3.289925668081423171e-01,6.744652468512303545e-02
3.288050375593535302e-01,6.737700649044950363e-02
3.286174817403029746e-01,6.730756001268643762e-02
3.284298993005131395e-01,6.723818547263600565e-02
3.282422901884281541e-01,6.716888309476524987e-02
3.280546543514261115e-01,6.709965310719184783e-02
3.278669917358321140e-01,6.703049574166955460e-02
3.276793022869298744e-01,6.696141123357232661e-02
3.274915859489765380e-01,6.689239982187739075e-02
3.273038426652160049e-01,6.682346174914714776e-02
3.271160723778924750e-01,6.675459726151007633e-02
3.269282750282661576e-01,6.668580660864013854e-02
3.267404505566272599e-01,6.661709004373535248e-02
3.265525989023127518e-01,6.654844782349493559e-02
3.263647200037210760e-01,6.647988020809490750e-02
3.261768137983297455e-01,6.641138746116313774e-02
3.259888802227114413e-01,6.634296984975188161e-02
3.258009192125521647e-01,6.627462764431009401e-02
3.256129307026685016e-01,6.620636111865373097e-02
3.254249146270271620e-01,6.613817054993458011e-02
3.252368709187618556e-01,6.607005621860760625e-02
3.250487995101954963e-01,6.600201840839714507e-02
3.248607003328582432e-01,6.593405740626123723e-02
3.246725733175082063e-01,6.586617350235414448e-02
3.244844183941541504e-01,6.579836698998776934e-02
3.242962354920748136e-01,6.573063816559107653e-02
3.241080245398429982e-01,6.566298732866776566e-02
3.239197854653478315e-01,6.559541478175238971e-02
3.237315181958173027e-01,6.552792083036458604e-02
3.235432226578436321e-01,6.546050578296168376e-02
3.233548987774068073e-01,6.539316995088909068e-02
3.231665464799002851e-01,6.532591364832894543e-02
3.229781656901560272e-01,6.525873719224754843e-02
3.227897563324721997e-01,6.519164090233926789e-02
3.226013183306385423e-01,6.512462510097001556e-02
3.224128516079654005e-01,6.505769011311797467e-02
3.222243560873109813e-01,6.499083626631230182e-02
3.220358316911111074e-01,6.492406389056984417e-02
3.218472783414077498e-01,6.485737331832938657e-02
3.216586959598802808e-01,6.479076488438462178e-02
3.214700844678755609e-01,6.472423892581369298e-02
3.212814437864395245e-01,6.465779578190736232e-02
3.210927738363495987e-01,6.459143579409494518e-02
3.209040745381473436e-01,6.452515930586723292e-02
3.207153458121718148e-01,6.445896666269772257e-02
3.205265875785936469e-01,6.439285821196126525e-02
3.203377997574501923e-01,6.432683430285057735e-02
3.201489822686809372e-01,6.426089528628983749e-02
3.199601350321625848e-01,6.419504151484613230e-02
3.197712579677475797e-01,6.412927334263848755e-02
3.195823509953000796e-01,6.406359112524440125e-02
3.193934140347350348e-01,6.399799521960365667e-02
3.192044470060558803e-01,6.393248598391990112e-02
3.190154498293952812e-01,6.386706377755904662e-02
3.188264224250539902e-01,6.380172896094613022e-02
3.186373647135423703e-01,6.373648189545848275e-02
3.184482766156214728e-01,6.367132294331709352e-02
3.182591580523444486e-01,6.360625246747454720e-02
3.180700089451004020e-01,6.354127083150126754e-02
3.178808292156567461e-01,6.347637839946847216e-02
3.176916187862031116e-01,6.341157553582833784e-02
3.175023775793960334e-01,6.334686260529200086e-02
3.173131055184038596e-01,6.328223997270454593e-02
3.171238025269524918e-01,6.321770800291727499e-02
3.169344685293717379e-01,6.315326706065772788e-02
3.167451034506413299e-01,6.308891751039609475e-02
3.165557072164391084e-01,6.302465971621033780e-02
3.163662797531884285e-01,6.296049404164703878e-02
3.161768209881066771e-01,6.289642084958103896e-02
3.159873308492537891e-01,6.283244050207138776e-02
3.157978092655819857e-01,6.276855336021523735e-02
3.156082561669853459e-01,6.270475978399868422e-02
3.154186714843498218e-01,6.264106013214561230e-02
3.152290551496042537e-01,6.257745476196320544e-02
3.150394070957715509e-01,6.251394402918568349e-02
3.148497272570193739e-01,6.245052828781486737e-02
3.146600155687125921e-01,6.238720788995861383e-02
3.144702719674649094e-01,6.232398318566665513e-02
3.142804963911920435e-01,6.226085452276425986e-02
3.140906887791631852e-01,6.219782224668297249e-02
3.139008490720553435e-01,6.213488670028999988e-02
3.137109772120053597e-01,6.207204822371410052e-02
3.135210731426639197e-01,6.200930715417058564e-02
3.133311368092481786e-01,6.194666382578265656e-02
3.131411681585973272e-01,6.188411856940218697e-02
3.129511671392236072e-01,6.182167171242731324e-02
3.127611337013687098e-01,6.175932357861877581e-02
3.125710677970559570e-01,6.169707448791384580e-02
3.123809693801445353e-01,6.163492475623903039e-02
3.121908384063833419e-01,6.157287469532016916e-02
3.120006748334651081e-01,6.151092461249228066e-02
3.118104786210791346e-01,6.144907481050599501e-02
3.116202497309649710e-01,6.138732558733443062e-02
3.114299881269668169e-01,6.132567723597715653e-02
3.112396937750843695e-01,6.126413004426418257e-02
3.110493666435275584e-01,6.120268429465753474e-02
3.108590067027673931e-01,6.114134026405291383e-02
3.106686139255894208e-01,6.108009822357955004e-02
3.104781882871441301e-01,6.101895843839997419e-02
3.102877297649989097e-01,6.095792116750856776e-02
3.100972383391882303e-01,6.089698666352991868e-02
3.099067139922643266e-01,6.083615517251603905e-02
3.097161567093464352e-01,6.077542693374472088e-02
3.095255664781696447e-01,6.071480217951583797e-02
3.093349432891334683e-01,6.065428113494947954e-02
3.091442871353493604e-01,6.059386401778250192e-02
3.089535980126874581e-01,6.053355103816710631e-02
3.087628759198220441e-01,6.047334239846808429e-02
3.085721208582776764e-01,6.041323829306206178e-02
3.083813328324724878e-01,6.035323890813690945e-02
3.081905118497620943e-01,6.029334442149168055e-02
3.079996579204812845e-01,6.023355500233846388e-02
3.078087710579855973e-01,6.017387081110479180e-02
3.076178512786916230e-01,6.011429199923776917e-02
3.074268986021149175e-01,6.005481870900975655e-02
3.072359130509095815e-01,5.999545107332591304e-02
3.070448946509030108e-01,5.993618921553337670e-02
3.068538434311323670e-01,5.987703324923280418e-02
3.066627594238777732e-01,5.981798327809221411e-02
3.064716426646955649e-01,5.975903939566332840e-02
3.062804931924490992e-01,5.970020168520055043e-02
3.060893110493386193e-01,5.964147021948257993e-02
3.058980962809288995e-01,5.958284506063794145e-02
3.057068489361773889e-01,5.952432625997231691e-02
3.055155690674575264e-01,5.946591385780087419e-02
3.053242567305839428e-01,5.940760788328303815e-02
3.051329119848325555e-01,5.934940835426178590e-02
3.049415348929625513e-01,5.929131527710663346e-02
3.047501255212339277e-01,5.923332864656089686e-02
3.045586839394237577e-01,5.917544844559344958e-02
3.043672102208420105e-01,5.911767464525467114e-02
3.041757044423443745e-01,5.906000720453803005e-02
3.039841666843427492e-01,5.900244607024560800e-02
3.037925970308157364e-01,5.894499117685945283e-02
3.036009955693153572e-01,5.888764244641764983e-02
3.034093623909726034e-01,5.883039978839697121e-02
3.032176975905016558e-01,5.877326309960004963e-02
3.030260012662001623e-01,5.871623226404879686e-02
3.028342735199503477e-01,5.865930715288417835e-02
3.026425144572155168e-01,5.860248762427217734e-02
3.024507241870358354e-01,5.854577352331519907e-02
3.022589028220224461e-01,5.848916468197141311e-02
3.020670504783482535e-01,5.843266091897984099e-02
3.018751672757369331e-01,5.837626203979218859e-02
3.016832533374515513e-01,5.831996783651225563e-02
3.014913087902785227e-01,5.826377808784225648e-02
3.012993337645119563e-01,5.820769255903602418e-02
3.011073283939331158e-01,5.815171100185998615e-02
3.009152928157913798e-01,5.809583315456182812e-02
3.007232271707792615e-01,5.804005874184587493e-02
3.005311316030090385e-01,5.798438747485704786e-02
3.003390062599841648e-01,5.792881905117275992e-02
3.001468512925704601e-01,5.787335315480166692e-02
2.999546668549649131e-01,5.781798945619171654e-02
2.997624531046624852e-01,5.776272761224546942e-02
2.995702102024204172e-01,5.770756726634355266e-02
2.993779383122210369e-01,5.765250804837707826e-02
2.991856376012325125e-01,5.759754957478722265e-02
2.989933082397674968e-01,5.754269144861415969e-02
2.988009504012402173e-01,5.748793325955379313e-02
2.986085642621210678e-01,5.743327458402287117e-02
2.984161500018898683e-01,5.737871498523251096e-02
2.982237078029869592e-01,5.732425401327074371e-02
2.980312378507632975e-01,5.726989120519194315e-02
2.978387403334272210e-01,5.721562608511657905e-02
2.976462154419908801e-01,5.716145816433793742e-02
2.974536633702146160e-01,5.710738694143755595e-02
2.972610843145494508e-01,5.705341190240923593e-02
2.970684784740783568e-01,5.699953252079090898e-02
2.968758460504556940e-01,5.694574825780477495e-02
2.966831872478447596e-01,5.689205856250598853e-02
2.964905022728549500e-01,5.683846287193842356e-02
2.962977913344767567e-01,5.678496061129951339e-02
2.961050546440153752e-01,5.673155119411205788e-02
2.959122924150233702e-01,5.667823402240402403e-02
2.957195048632318968e-01,5.662500848689628469e-02
2.955266922064807567e-01,5.657187396719732392e-02
2.953338546646472884e-01,5.651882983200535310e-02
2.951409924595748135e-01,5.646587543931797654e-02
2.949481058149980295e-01,5.641301013664849068e-02
2.947551949564706231e-01,5.636023326124931648e-02
2.945622601112892203e-01,5.630754414034184335e-02
2.943693015084181686e-01,5.625494209135312867e-02
2.941763193784121544e-01,5.620242642215820400e-02
2.939833139533399864e-01,5.614999643132948665e-02
2.937902854667059915e-01,5.609765140839113179e-02
2.935972341533714114e-01,5.604539063407960181e-02
2.934041602494761314e-01,5.599321338060964798e-02
2.932110639923583006e-01,5.594111891194476077e-02
2.930179456204754507e-01,5.588910648407405951e-02
2.928248053733235601e-01,5.583717534529251264e-02
2.926316434913573961e-01,5.578532473648593198e-02
2.924384602159091906e-01,5.573355389142121280e-02
2.922452557891085378e-01,5.568186203703882203e-02
2.920520304538016809e-01,5.563024839375008829e-02
2.918587844534703546e-01,5.557871217573815553e-02
2.916655180321514051e-01,5.552725259126082419e-02
2.914722314343565213e-01,5.547586884295752779e-02
2.912789249049916318e-01,5.542456012815811378e-02
2.910855986892770253e-01,5.537332563919409451e-02
2.908922530326675804e-01,5.532216456371214647e-02
2.906988881807735514e-01,5.527107608498874752e-02
2.905055043792815206e-01,5.522005938224686800e-02
2.903121018738765713e-01,5.516911363097330018e-02
2.901186809101636843e-01,5.511823800323707029e-02
2.899252417335917431e-01,5.506743166800829453e-02
2.897317845893759847e-01,5.501669379147703515e-02
2.895383097224230040e-01,5.496602353737312791e-02
2.893448173772552590e-01,5.491542006728367814e-02
2.891513077979374624e-01,5.486488254097219436e-02
2.889577812280030300e-01,5.481441011669494628e-02
2.887642379103825818e-01,5.476400195151760047e-02
2.885706780873315558e-01,5.471365720162913587e-02
2.883771020003611518e-01,5.466337502265462139e-02
2.881835098901679992e-01,5.461315456996613388e-02
2.879899019965675433e-01,5.456299499899059519e-02
2.877962785584264327e-01,5.451289546551608273e-02
2.876026398135962947e-01,5.446285512599430972e-02
2.874089859988513407e-01,5.441287313784069074e-02
2.872153173498228074e-01,5.436294865973077123e-02
2.870216341009396155e-01,5.431308085189296558e-02
2.868279364853661972e-01,5.426326887639799229e-02
2.866342247349443761e-01,5.421351189744336857e-02
2.864404990801359130e-01,5.416380908163499069e-02
2.862467597499657179e-01,5.411415959826260808e-02
2.860530069719676716e-01,5.406456261957188342e-02
2.858592409721318894e-01,5.401501732103084624e-02
2.856654619748518753e-01,5.396552288159185001e-02
2.854716702028758379e-01,5.391607848394747854e-02
2.852778658772572307e-01,5.386668331478173394e-02
2.850840492173083995e-01,5.381733656501542368e-02
2.848902204405545091e-01,5.376803743004546915e-02
2.846963797626907988e-01,5.371878510997874639e-02
2.845025273975396729e-01,5.366957880985940427e-02
2.843086635570108989e-01,5.362041773989054821e-02
2.841147884510616950e-01,5.357130111564934599e-02
2.839209022876609811e-01,5.352222815829538877e-02
2.837270052727525194e-01,5.347319809477347335e-02
2.835330976102219958e-01,5.342421015800847411e-02
2.833391795018642689e-01,5.337526358709483026e-02
2.831452511473526723e-01,5.332635762747862246e-02
2.829513127442108700e-01,5.327749153113240516e-02
2.827573644877840464e-01,5.322866455672448788e-02
2.825634065712155918e-01,5.317987596977980652e-02
2.823694391854201236e-01,5.313112504283479948e-02
2.821754625190642241e-01,5.308241105558490075e-02
2.819814767585430149e-01,5.303373329502542727e-02
2.817874820879630593e-01,5.298509105558488891e-02
2.815934786891225450e-01,5.293648363925158168e-02
2.813994667414979056e-01,5.288791035569374160e-02
2.812054464222274452e-01,5.283937052237145521e-02
2.810114179060990702e-01,5.279086346464271357e-02
2.808173813655389650e-01,5.274238851586247195e-02
2.806233369706016556e-01,5.269394501747388243e-02
2.804292848889615164e-01,5.264553231909405856e-02
2.802352252859056092e-01,5.259714977859198531e-02
2.800411583243294089e-01,5.254879676216023948e-02
2.798470841647311969e-01,5.250047264438002098e-02
2.796530029652100624e-01,5.245217680827938406e-02
2.794589148814645707e-01,5.240390864538566756e-02
2.792648200667929292e-01,5.235566755577043124e-02
2.790707186720937649e-01,5.230745294808922946e-02
2.788766108458696213e-01,5.225926423961452932e-02
2.786824967342299009e-01,5.221110085626282787e-02
2.784883764808963047e-01,5.216296223261557979e-02
2.782942502272089946e-01,5.211484781193474053e-02
2.781001181121346422e-01,5.206675704617175909e-02
2.779059802722739780e-01,5.201868939597212999e-02
2.777118368418719507e-01,5.197064433067325601e-02
2.775176879528288287e-01,5.192262132829773141e-02
2.773235337347108032e-01,5.187461987554126824e-02
2.771293743147641986e-01,5.182663946775554337e-02
2.769352098179278521e-01,5.177867960892607729e-02
2.767410403668484342e-01,5.173073981164525575e-02
2.765468660818958258e-01,5.168281959708099366e-02
2.763526870811794378e-01,5.163491849494037528e-02
2.761585034805658645e-01,5.158703604342968624e-02
2.759643153936955917e-01,5.153917178920981029e-02
2.757701229320033698e-01,5.149132528734751829e-02
2.755759262047371982e-01,5.144349610126303790e-02
2.753817253189773107e-01,5.139568380267393183e-02
2.751875203796589342e-01,5.134788797153534007e-02
2.749933114895922737e-01,5.130010819597669719e-02
2.747990987494851045e-01,5.125234407223528549e-02
2.746048822579655879e-01,5.120459520458673502e-02
2.744106621116049194e-01,5.115686120527235953e-02
2.742164384049413095e-01,5.110914169442380001e-02
2.740222112305037983e-01,5.106143629998469852e-02
2.738279806788371240e-01,5.101374465763070659e-02
2.736337468385262595e-01,5.096606641068594096e-02
2.734395097962213916e-01,5.091840121003788494e-02
2.732452696366649558e-01,5.087074871405043025e-02
2.730510264427157274e-01,5.082310858847417095e-02
2.728567802953761889e-01,5.077548050635555948e-02
2.726625312738182871e-01,5.072786414794425852e-02
2.724682794554106890e-01,5.068025920059852224e-02
2.722740249157454273e-01,5.063266535868999468e-02
2.720797677286645455e-01,5.058508232350601014e-02
2.718855079662877428e-01,5.053750980315228208e-02
2.716912456990395186e-01,5.048994751245309415e-02
2.714969809956760405e-01,5.044239517285140778e-02
2.713027139233135099e-01,5.039485251230802626e-02
2.711084445474547522e-01,5.034731926519998152e-02
2.709141729320171943e-01,5.029979517221847690e-02
2.707198991393601761e-01,5.025227998026619153e-02
2.705256232303123731e-01,5.020477344235414058e-02
2.703313452641994408e-01,5.015727531749884088e-02
2.701370652988708265e-01,5.010978537061858834e-02
2.699427833907275809e-01,5.006230337243009615e-02
2.697484995947495579e-01,5.001482909934518856e-02
2.695542139645213942e-01,4.996736233336716154e-02
2.693599265522613195e-01,4.991990286198830923e-02
2.691656374088458592e-01,4.987245047808636783e-02
2.689713465838379780e-01,4.982500497982226412e-02
2.687770541255123380e-01,4.977756617053839122e-02
2.685827600808823323e-01,4.973013385865663466e-02
2.683884644957255095e-01,4.968270785757756408e-02
2.681941674146097743e-01,4.963528798558018013e-02
2.679998688809185348e-01,4.958787406572196660e-02
2.678055689368759595e-01,4.954046592574063573e-02
2.676112676235725130e-01,4.949306339795517956e-02
2.674169649809891580e-01,4.944566631916930827e-02
2.672226610480215592e-01,4.939827453057491630e-02
2.670283558625055620e-01,4.935088787765682522e-02
2.668340494612395086e-01,4.930350621009816497e-02
2.666397418800087737e-01,4.925612938168747595e-02
2.664454331536088016e-01,4.920875725022628294e-02
2.662511233158683099e-01,4.916138967743789029e-02
2.660568123996708834e-01,4.911402652887737058e-02
2.658625004369791212e-01,4.906666767384321864e-02
2.656681874588551762e-01,4.901931298528911657e-02
2.654738734954820711e-01,4.897196233973825225e-02
2.652795585761869024e-01,4.892461561719755464e-02
2.650852427294598801e-01,4.887727270107445482e-02
2.648909259829760887e-01,4.882993347809375800e-02
2.646966083636149158e-01,4.878259783821676382e-02
2.645022898974811465e-01,4.873526567456138575e-02
2.643079706099232262e-01,4.868793688332307551e-02
2.641136505255533562e-01,4.864061136369818988e-02
2.639193296682663115e-01,4.859328901780752413e-02
2.637250080612571490e-01,4.854596975062192704e-02
2.635306857270407477e-01,4.849865346988924825e-02
2.633363626874682950e-01,4.845134008606206272e-02
2.631420389637457169e-01,4.840402951222753242e-02
2.629477145764501089e-01,4.835672166403810063e-02
2.627533895455472779e-01,4.830941645964365733e-02
2.625590638904072849e-01,4.826211381962500907e-02
2.623647376298211542e-01,4.821481366692915299e-02
2.621704107820165830e-01,4.816751592680491162e-02
2.619760833646731513e-01,4.812022052674098244e-02
2.617817553949374210e-01,4.807292739640476459e-02
2.615874268894373689e-01,4.802563646758221255e-02
2.613930978642978187e-01,4.797834767411974372e-02
2.611987683351534861e-01,4.793106095186686760e-02
2.610044383171630233e-01,4.788377623862023064e-02
2.608101078250228966e-01,4.783649347406921520e-02
2.606157768729797652e-01,4.778921259974209385e-02
2.604214454748443042e-01,4.774193355895437613e-02
2.602271136440023613e-01,4.769465629675740531e-02
2.600327813934286691e-01,4.764738075988917548e-02
2.598384487356975581e-01,4.760010689672531520e-02
2.596441156829951691e-01,4.755283465723204178e-02
2.594497822471308335e-01,4.750556399291989279e-02
2.592554484395476755e-01,4.745829485679884524e-02
2.590611142713338810e-01,4.741102720333407322e-02
2.588667797532327453e-01,4.736376098840345411e-02
2.586724448956531086e-01,4.731649616925587970e-02
2.584781097086798485e-01,4.726923270447028896e-02
2.582837742020821503e-01,4.722197055391642168e-02
2.580894383853242768e-01,4.717470967871621040e-02
2.578951022675747273e-01,4.712745004120622722e-02
2.577007658577137872e-01,4.708019160490096305e-02
2.575064291643440195e-01,4.703293433445782795e-02
2.573120921957974816e-01,4.698567819564167941e-02
2.571177549601445511e-01,4.693842315529220960e-02
2.569234174652013647e-01,4.689116918129030559e-02
2.567290797185385887e-01,4.684391624252682435e-02
2.565347417274880248e-01,4.679666430887142320e-02
2.563404034991504932e-01,4.674941335114236179e-02
2.561460650404021044e-01,4.670216334107763628e-02
2.559517263579028090e-01,4.665491425130628006e-02
2.557573874581017814e-01,4.660766605532049717e-02
2.555630483472443593e-01,4.656041872744976634e-02
2.553687090313783714e-01,4.651317224283380708e-02
2.551743695163605219e-01,4.646592657739798821e-02
2.549800298078623295e-01,4.641868170782826458e-02
2.547856899113756235e-01,4.637143761154780691e-02
2.545913498322185387e-01,4.632419426669371482e-02
2.543970095755401783e-01,4.627695165209431277e-02
2.542026691463282195e-01,4.622970974724766730e-02
2.540083285494108001e-01,4.618246853230071475e-02
2.538139877894640684e-01,4.613522798802788955e-02
2.536196468710156804e-01,4.608798809581230588e-02
2.534253057984502400e-01,4.604074883762569043e-02
2.532309645760135175e-01,4.599351019601009144e-02
2.530366232078167243e-01,4.594627215405964332e-02
2.528422816978412313e-01,4.589903469540299735e-02
2.526479400499421768e-01,4.585179780418633527e-02
2.524535982678530743e-01,4.580456146505677145e-02
2.522592563551893652e-01,4.575732566314653221e-02
2.520649143154520266e-01,4.571009038405741270e-02
2.518705721520314023e-01,4.566285561384556685e-02
2.516762298682112542e-01,4.561562133900707444e-02
2.514818874671711502e-01,4.556838754646431316e-02
2.512875449519912929e-01,4.552115422355155344e-02
2.510932023256531864e-01,4.547392135800210761e-02
2.508988595910458530e-01,4.542668893793578438e-02
2.507045167509668326e-01,4.537945695184603806e-02
2.505101738081256246e-01,4.533222538858831113e-02
2.503158307651464631e-01,4.528499423736848800e-02
2.501214876245712593e-01,4.523776348773107109e-02
2.499271443888620714e-01,4.519053312954907781e-02
2.497328010604033532e-01,4.514330315301316038e-02
2.495384576415054512e-01,4.509607354862133627e-02
2.493441141344055478e-01,4.504884430716919047e-02
2.491497705412716590e-01,4.500161541974046636e-02
2.489554268642032164e-01,4.495438687769790637e-02
2.487610831052343985e-01,4.490715867267370404e-02
2.485667392663354625e-01,4.485993079656187127e-02
2.483723953494156589e-01,4.481270324150910672e-02
2.481780513563245083e-01,4.476547599990694098e-02
2.479837072888536331e-01,4.471824906438415931e-02
2.477893631487392556e-01,4.467102242779875249e-02
2.475950189376633082e-01,4.462379608323122776e-02
2.474006746572552928e-01,4.457657002397692053e-02
2.472063303090943909e-01,4.452934424353961057e-02
2.470119858947104896e-01,4.448211873562491619e-02
2.468176414155863752e-01,4.443489349413346640e-02
2.466232968731582320e-01,4.438766851315518319e-02
2.464289522688183076e-01,4.434044378696320315e-02
2.462346076039152731e-01,4.429321931000793772e-02
2.460402628797561109e-01,4.424599507691177186e-02
2.458459180976076963e-01,4.419877108246337422e-02
2.456515732586973533e-01,4.415154732161272882e-02
2.454572283642144082e-01,4.410432378946597259e-02
2.452628834153115223e-01,4.405710048128062134e-02
2.450685384131060518e-01,4.400987739246085134e-02
2.448741933586800756e-01,4.396265451855280865e-02
2.446798482530825602e-01,4.391543185524041798e-02
2.444855030973302756e-01,4.386820939834096961e-02
2.442911578924082672e-01,4.382098714380142784e-02
2.440968126392710769e-01,4.377376508769374036e-02
2.439024673388438536e-01,4.372654322621172956e-02
2.437081219920229358e-01,4.367932155566695701e-02
2.435137765996768511e-01,4.363210007248544825e-02
2.433194311626474537e-01,4.358487877320397358e-02
2.431250856817500638e-01,4.353765765446699493e-02
2.429307401577750491e-01,4.349043671302327968e-02
2.427363945914876864e-01,4.344321594572268103e-02
2.425420489836297711e-01,4.339599534951366772e-02
2.423477033349198118e-01,4.334877492143966032e-02
2.421533576460537518e-01,4.330155465863697734e-02
2.419590119177056631e-01,4.325433455833158775e-02
2.417646661505285788e-01,4.320711461783672408e-02
2.415703203451546599e-01,4.315989483455074521e-02
2.413759745021963610e-01,4.311267520595380570e-02
2.411816286222464578e-01,4.306545572960652352e-02
2.409872827058790190e-01,4.301823640314720448e-02
2.407929367536495169e-01,4.297101722428945531e-02
2.405985907660957157e-01,4.292379819082068476e-02
2.404042447437379215e-01,4.287657930059952244e-02
2.402098986870797870e-01,4.282936055155448646e-02
2.400155525966080894e-01,4.278214194168118018e-02
2.398212064727938686e-01,4.273492346904154277e-02
2.396268603160927324e-01,4.268770513176135123e-02
2.394325141269450230e-01,4.264048692802880486e-02
2.392381679057760391e-01,4.259326885609294316e-02
2.390438216529970350e-01,4.254605091426192504e-02
2.388494753690050543e-01,4.249883310090186300e-02
2.386551290541835402e-01,4.245161541443488035e-02
2.384607827089025023e-01,4.240439785333811190e-02
2.382664363335190993e-01,4.235718041614234403e-02
2.380720899283776670e-01,4.230996310143048805e-02
2.378777434938101620e-01,4.226274590783638679e-02
2.376833970301365229e-01,4.221552883404417617e-02
2.374890505376644756e-01,4.216831187878617576e-02
2.372947040166906996e-01,4.212109504084266681e-02
2.371003574675001890e-01,4.207387831904042114e-02
2.369060108903671413e-01,4.202666171225175745e-02
2.367116642855544850e-01,4.197944521939373647e-02
2.365173176533149624e-01,4.193222883942688411e-02
2.363229709938907963e-01,4.188501257135474748e-02
2.361286243075139402e-01,4.183779641422267354e-02
2.359342775944062998e-01,4.179058036711739282e-02
2.357399308547800387e-01,4.174336442916596474e-02
2.355455840888376617e-01,4.169614859953497260e-02
2.353512372967722643e-01,4.164893287743021838e-02
2.351568904787675607e-01,4.160171726209572346e-02
2.349625436349979946e-01,4.155450175281320130e-02
2.347681967656291835e-01,4.150728634890166885e-02
2.345738498708176689e-01,4.146007104971647511e-02
2.343795029507114991e-01,4.141285585464916236e-02
2.341851560054499237e-01,4.136564076312688326e-02
2.339908090351633663e-01,4.131842577461170701e-02
2.337964620399745619e-01,4.127121088860053605e-02
2.336021150199971974e-01,4.122399610462446767e-02
2.334077679753369383e-01,4.117678142224857202e-02
2.332134209060917063e-01,4.112956684107119815e-02
2.330190738123506800e-01,4.108235236072425162e-02
2.328247266941954607e-01,4.103513798087263936e-02
2.326303795516996564e-01,4.098792370121374234e-02
2.324360323849288812e-01,4.094070952147747106e-02
2.322416851939409776e-01,4.089349544142609899e-02
2.320473379787858781e-01,4.084628146085395733e-02
2.318529907395059098e-01,4.079906757958749047e-02
2.316586434761354896e-01,4.075185379748475639e-02
2.314642961887015682e-01,4.070464011443575975e-02
2.312699488772230749e-01,4.065742653036209103e-02
2.310756015417114173e-01,4.061021304521714864e-02
2.308812541821703979e-01,4.056299965898588905e-02
2.306869067985959643e-01,4.051578637168502112e-02
2.304925593909763759e-01,4.046857318336297832e-02
2.302982119592922039e-01,4.042136009409986325e-02
2.301038645035163310e-01,4.037414710400783618e-02
2.299095170236136187e-01,4.032693421323114286e-02
2.297151695195415178e-01,4.027972142194608668e-02
2.295208219912492076e-01,4.023250873036141734e-02
2.293264744386781795e-01,4.018529613871860834e-02
2.291321268617617368e-01,4.013808364729174599e-02
2.289377792604254391e-01,4.009087125638838983e-02
2.287434316345864638e-01,4.004365896634918404e-02
2.285490839841538835e-01,3.999644677754869010e-02
2.283547363090284443e-01,3.994923469039574765e-02
2.281603886091025379e-01,3.990202270533344669e-02
2.279660408842601182e-01,3.985481082283998805e-02
2.277716931343764517e-01,3.980759904342912742e-02
2.275773453593180617e-01,3.976038736765017539e-02
2.273829975589427843e-01,3.971317579608930198e-02
2.271886497330991295e-01,3.966596432936937006e-02
2.269943018816267810e-01,3.961875296815107333e-02
2.267999540043560414e-01,3.957154171313315844e-02
2.266056061011078315e-01,3.952433056505347958e-02
2.264112581716933303e-01,3.947711952468922064e-02
2.262169102159137801e-01,3.942990859285833843e-02
2.260225622335609030e-01,3.938269777041970149e-02
2.258282142244156521e-01,3.933548705827420028e-02
2.256338661882490160e-01,3.928827645736552437e-02
2.254395181248210478e-01,3.924106596868130042e-02
2.252451700338810869e-01,3.919385559325392482e-02
2.250508219151673150e-01,3.914664533216136860e-02
2.248564737684066173e-01,3.909943518652850974e-02
2.246621255933141659e-01,3.905222515752829887e-02
2.244677773895930595e-01,3.900501524638250866e-02
2.242734291569345173e-01,3.895780545436326042e-02
2.240790808950170188e-01,3.891059578279432857e-02
2.238847326035062479e-01,3.886338623305230638e-02
2.236903842820547050e-01,3.881617680656802155e-02
2.234960359303014010e-01,3.876896750482817372e-02
2.233016875478714691e-01,3.872175832937619494e-02
2.231073391343757206e-01,3.867454928181474766e-02
2.229129906894102009e-01,3.862734036380666841e-02
2.227186422125560783e-01,3.858013157707696622e-02
2.225242937033790058e-01,3.853292292341432140e-02
2.223299451614285382e-01,3.848571440467336152e-02
2.221355965862378268e-01,3.843850602277624345e-02
2.219412479773233138e-01,3.839129777971467955e-02
2.217468993341835948e-01,3.834408967755240788e-02
2.215525506562998348e-01,3.829688171842666328e-02
2.213582019431342973e-01,3.824967390455098065e-02
2.211638531941305108e-01,3.820246623821758197e-02
2.209695044087120475e-01,3.815525872179937467e-02
2.207751555862824955e-01,3.810805135775297697e-02
2.205808067262241268e-01,3.806084414862107718e-02
2.203864578278980912e-01,3.801363709703526467e-02
2.201921088906428625e-01,3.796643020571891652e-02
2.199977599137740158e-01,3.791922347749016736e-02
2.198034108965835620e-01,3.787201691526529551e-02
2.196090618383388371e-01,3.782481052206116551e-02
2.194147127382814755e-01,3.777760430099953021e-02
2.192203635956274654e-01,3.773039825530997288e-02
2.190260144095653727e-01,3.768319238833365420e-02
2.188316651792556744e-01,3.763598670352711478e-02
2.186373159038302594e-01,3.758878120446632748e-02
2.184429665823905964e-01,3.754157589485052765e-02
2.182486172140074288e-01,3.749437077850651528e-02
2.180542677977193311e-01,3.744716585939342895e-02
2.178599183325317934e-01,3.739996114160699242e-02
2.176655688174158609e-01,3.735275662938417757e-02
2.174712192513070241e-01,3.730555232710875552e-02
2.172768696331041360e-01,3.725834823931573753e-02
2.170825199616676082e-01,3.721114437069767550e-02
2.168881702358188279e-01,3.716394072610893634e-02
2.166938204543377711e-01,3.711673731057297393e-02
2.164994706159624471e-01,3.706953412928726960e-02
2.163051207193869285e-01,3.702233118763035430e-02
2.161107707632597685e-01,3.697512849116780381e-02
2.159164207461821972e-01,3.692792604565967723e-02
2.157220706667070109e-01,3.688072385706692852e-02
2.155277205233359916e-01,3.683352193155895599e-02
2.153333703145186850e-01,3.678632027552181799e-02
2.151390200386501250e-01,3.673911889556525506e-02
2.149446696940689183e-01,3.669191779853196028e-02
2.147503192790551629e-01,3.664471699150532308e-02
2.145559687918283664e-01,3.659751648181900491e-02
2.143616182305447537e-01,3.655031627706595981e-02
2.141672675932955461e-01,3.650311638510820439e-02
2.139729168781042412e-01,3.645591681408697632e-02
2.137785660829238099e-01,3.640871757243314272e-02
2.135842152056343923e-01,3.636151866887791378e-02
2.133898642440404669e-01,3.631432011246474995e-02
2.131955131958679084e-01,3.626712191256046408e-02
2.130011620587611565e-01,3.621992407886815563e-02
2.128068108302797190e-01,3.617272662143942302e-02
2.126124595078957291e-01,3.612552955068785293e-02
2.124181080889895601e-01,3.607833287740303679e-02
2.122237565708475215e-01,3.603113661276461516e-02
2.120294049506570577e-01,3.598394076835732119e-02
2.118350532255039165e-01,3.593674535618677363e-02
2.116407013923677638e-01,3.588955038869507536e-02
2.114463494481179373e-01,3.584235587877807744e-02
2.112519973895100878e-01,3.579516183980289284e-02
2.110576452131804337e-01,3.574796828562552126e-02
2.108632929156425140e-01,3.570077523061050001e-02
2.106689404932813592e-01,3.565358268964991667e-02
2.104745879423494670e-01,3.560639067818425346e-02
2.102802352589608070e-01,3.555919921222339825e-02
2.100858824390859636e-01,3.551200830836884897e-02
2.098915294785464736e-01,3.546481798383669531e-02
2.096971763730090255e-01,3.541762825648148844e-02
2.095028231179793532e-01,3.537043914482116552e-02
2.093084697087963242e-01,3.532325066806266817e-02
2.091141161406247229e-01,3.527606284612889304e-02
2.089197624084493665e-01,3.522887569968664173e-02
2.087254085070672505e-01,3.518168925017568088e-02
2.085310544310811365e-01,3.513450351983880143e-02
2.083367001748910596e-01,3.508731853175315468e-02
2.081423457326869730e-01,3.504013430986280958e-02
2.079479910984406432e-01,3.499295087901278106e-02
2.077536362658965741e-01,3.494576826498400207e-02
2.075592812285637356e-01,3.489858649453007194e-02
2.073649259797061273e-01,3.485140559541511501e-02
2.071705705123332297e-01,3.480422559645336006e-02
2.069762148191899576e-01,3.475704652754996876e-02
2.067818588927467505e-01,3.470986841974400133e-02
2.065875027251884710e-01,3.466269130525215930e-02
2.063931463084033580e-01,3.461551521751527610e-02
2.061987896339716742e-01,3.456834019124555707e-02
2.060044326931535219e-01,3.452116626247673375e-02
2.058100754768765195e-01,3.447399346861505093e-02
2.056157179757229503e-01,3.442682184849289034e-02
2.054213601799159961e-01,3.437965144242439292e-02
2.052270020793063587e-01,3.433248229226274623e-02
2.050326436633573002e-01,3.428531444146035861e-02
2.048382849211300150e-01,3.423814793513064308e-02
2.046439258412680873e-01,3.419098282011252127e-02
2.044495664119809486e-01,3.414381914503731436e-02
2.042552066210275297e-01,3.409665696039788224e-02
2.040608464556991353e-01,3.404949631862070475e-02
2.038664859028006815e-01,3.400233727414029433e-02
2.036721249486327656e-01,3.395517988347682842e-02
2.034777635789720984e-01,3.390802420531605771e-02
2.032834017790511594e-01,3.386087030059248965e-02
2.030890395335382403e-01,3.381371823257598580e-02
2.028946768265148248e-01,3.376656806696063523e-02
2.027003136414542717e-01,3.371941987195748586e-02
2.025059499611980840e-01,3.367227371839085631e-02
2.023115857679323448e-01,3.362512967979717354e-02
2.021172210431628202e-01,3.357798783252805702e-02
2.019228557676892855e-01,3.353084825585745526e-02
2.017284899215791294e-01,3.348371103209130811e-02
2.015341234841398765e-01,3.343657624668251033e-02
2.013397564338907098e-01,3.338944398834865074e-02
2.011453887485328551e-01,3.334231434919499720e-02
2.009510204049197446e-01,3.329518742484078447e-02
2.007566513790253471e-01,3.324806331455047032e-02
2.005622816459111946e-01,3.320094212136921047e-02
2.003679111796937418e-01,3.315382395226313533e-02
2.001735399535089777e-01,3.310670891826415080e-02
1.999791679394766764e-01,3.305959713461984611e-02
1.997847951086638152e-01,3.301248872094828674e-02
1.995904214310456337e-01,3.296538380139788643e-02
1.993960468754670257e-01,3.291828250481269175e-02
1.992016714096010721e-01,3.287118496490307878e-02
1.990072949999077412e-01,3.282409132042144601e-02
1.988129176115898955e-01,3.277700171534487367e-02
1.986185392085491885e-01,3.272991629906194661e-02
1.984241597533397961e-01,3.268283522656690449e-02
1.982297792071205655e-01,3.263575865865889908e-02
1.980353975296072211e-01,3.258868676214838472e-02
1.978410146790208490e-01,3.254161971006864357e-02
1.976466306120366334e-01,3.249455768189533217e-02
1.974522452837308706e-01,3.244750086377121839e-02
1.972578586475250695e-01,3.240044944873857885e-02
1.970634706551304960e-01,3.235340363697825766e-02
1.968690812564896919e-01,3.230636363605544209e-02
1.966746903997169948e-01,3.225932966117337625e-02
1.964802980310369762e-01,3.221230193543326431e-02
1.962859040947221023e-01,3.216528069010244489e-02
1.960915085330272589e-01,3.211826616488964309e-02
1.958971112861243868e-01,3.207125860822827162e-02
1.957027122920338702e-01,3.202425827756703175e-02
1.955083114865548977e-01,3.197726543966864649e-02
1.953139088031943527e-01,3.193028037091644872e-02
1.951195041730930113e-01,3.188330335762907392e-02
1.949250975249514628e-01,3.183633469638334074e-02
1.947306887849523382e-01,3.178937469434565261e-02
1.945362778766825951e-01,3.174242366961086553e-02
1.943418647210530537e-01,3.169548195155073161e-02
1.941474492362164628e-01,3.164854988117003082e-02
1.939530313374834003e-01,3.160162781147105721e-02
1.937586109372373966e-01,3.155471610782770858e-02
1.935641879448469771e-01,3.150781514836715341e-02
1.933697622665773441e-01,3.146092532436037953e-02
1.931753338054990887e-01,3.141404704062212422e-02
1.929809024613964585e-01,3.136718071591838158e-02
1.927864681306728500e-01,3.132032678338320802e-02
1.925920307062556347e-01,3.127348569094454828e-02
1.923975900774987924e-01,3.122665790175761444e-02
1.922031461300839073e-01,3.117984389464771230e-02
1.920086987459204420e-01,3.113304416456137355e-02
1.918142478030438192e-01,3.108625922302577990e-02
1.916197931755123374e-01,3.103948959861689214e-02
1.914253347333030597e-01,3.099273583743501412e-02
1.912308723422060097e-01,3.094599850358982149e-02
1.910364058637176454e-01,3.089927817969191290e-02
1.908419351549326959e-01,3.085257546735318754e-02
1.906474600684355258e-01,3.080589098769460563e-02
1.904529804521907510e-01,3.075922538186113761e-02
1.902584961494319382e-01,3.071257931154429063e-02
1.900640069985509994e-01,3.066595345951118531e-02
1.898695128329863369e-01,3.061934853014087674e-02
1.896750134811107935e-01,3.057276524996661513e-02
1.894805087661183829e-01,3.052620436822454583e-02
1.892859985059128503e-01,3.047966665740804368e-02
1.890914825129941523e-01,3.043315291382740415e-02
1.888969605943463803e-01,3.038666395817480811e-02
1.887024325513251000e-01,3.034020063609350545e-02
1.885078981795465791e-01,3.029376381875166155e-02
1.883133572687759327e-01,3.024735440341967327e-02
1.881188096028174328e-01,3.020097331405045479e-02
1.879242549594059286e-01,3.015462150186338716e-02
1.877296931100983779e-01,3.010829994592893397e-02
1.875351238201682647e-01,3.006200965375669873e-02
1.873405468485010994e-01,3.001575166188253860e-02
1.871459619474920566e-01,2.996952703645775970e-02
1.869513688629458048e-01,2.992333687383700799e-02
1.867567673339791401e-01,2.987718230116535520e-02
1.865621570929255901e-01,2.983106447696410798e-02
1.863675378652446257e-01,2.978498459171373056e-02
1.861729093694325654e-01,2.973894386843388069e-02
1.859782713169378654e-01,2.969294356325925463e-02
1.857836234120805730e-01,2.964698496601082464e-02
1.855889653519758598e-01,2.960106940076102575e-02
1.853942968264617186e-01,2.955519822639289182e-02
1.851996175180322668e-01,2.950937283715139234e-02
1.850049271017757124e-01,2.946359466318630368e-02
1.848102252453184546e-01,2.941786517108642071e-02
1.846155116087743464e-01,2.937218586440208321e-02
1.844207858447008408e-01,2.932655828415798790e-02
1.842260475980619094e-01,2.928098400935226150e-02
1.840312965061969563e-01,2.923546465744312692e-02
1.838365321987986412e-01,2.919000188482010968e-02
1.836417542978968920e-01,2.914459738726070046e-02
1.834469624178518554e-01,2.909925290036947595e-02
1.832521561653550624e-01,2.905397019999992822e-02
1.830573351394398085e-01,2.900875110265719800e-02
1.828624989314998894e-01,2.896359746588018577e-02
1.826676471253189382e-01,2.891851118860353995e-02
1.824727792971088391e-01,2.887349421149633041e-02
1.822778950155584943e-01,2.882854851727674125e-02
1.820829938418944971e-01,2.878367613100342101e-02
1.818880753299505770e-01,2.873887912033902189e-02
1.816931390262507551e-01,2.869415959578803729e-02
1.814981844701023805e-01,2.864951971090546820e-02
1.813032111937019630e-01,2.860496166247584668e-02
1.811082187222535500e-01,2.856048769066172818e-02
1.809132065740989281e-01,2.851610007912065356e-02
1.807181742608618968e-01,2.847180115508797169e-02
1.805231212876043101e-01,2.842759328942624439e-02
1.803280471529970508e-01,2.838347889663917975e-02
1.801329513495033841e-01,2.833946043484798435e-02
1.799378333635774652e-01,2.829554040573213289e-02
1.797426926758755872e-01,2.825172135442917051e-02
1.795475287614834159e-01,2.820800586939621254e-02
1.793523410901560200e-01,2.816439658223036588e-02
1.791571291265734722e-01,2.812089616744704521e-02
1.789618923306113552e-01,2.807750734221571218e-02
1.787666301576248951e-01,2.803423286605228812e-02
1.785713420587492772e-01,2.799107554046674148e-02
1.783760274812139779e-01,2.794803820856526719e-02
1.781806858686722506e-01,2.790512375460691905e-02
1.779853166615451288e-01,2.786233510351208628e-02
1.777899192973808051e-01,2.781967522032550641e-02
1.775944932112278052e-01,2.777714710962892949e-02
1.773990378360234266e-01,2.773475381490651467e-02
1.772035526029955843e-01,2.769249841786073849e-02
1.770080369420799216e-01,2.765038403767795458e-02
1.768124902823491051e-01,2.760841383024468729e-02
1.766169120524576919e-01,2.756659098731335453e-02
1.764213016810979584e-01,2.752491873561733679e-02
1.762256585974704415e-01,2.748340033593528117e-02
1.760299822317655527e-01,2.744203908210450168e-02
1.758342720156581829e-01,2.740083829998411422e-02
1.756385273828121873e-01,2.735980134636643510e-02
1.754427477693978055e-01,2.731893160783878047e-02
1.752469326146175177e-01,2.727823249959402882e-02
1.750510813612429495e-01,2.723770746419208397e-02
1.748551934561599353e-01,2.719735997027076732e-02
1.746592683509219923e-01,2.715719351120794364e-02
1.744633055023122326e-01,2.711721160373574066e-02
1.742673043729109361e-01,2.707741778650544703e-02
1.740712644316698698e-01,2.703781561860678015e-02
1.738751851544911575e-01,2.699840867804008046e-02
1.736790660248116180e-01,2.695920056014323649e-02
1.734829065341888243e-01,2.692019487597470048e-02
1.732867061828908262e-01,2.688139525065301114e-02
1.730904644804868997e-01,2.684280532165434982e-02
1.728941809464384638e-01,2.680442873706976800e-02
1.726978551106901072e-01,2.676626915382297398e-02
1.725014865142580622e-01,2.672833023585056630e-02
1.723050747098170132e-01,2.669061565224543561e-02
1.721086192622824085e-01,2.665312907536658213e-02
1.719121197493878872e-01,2.661587417891534899e-02
1.717155757622571832e-01,2.657885463598115214e-02
1.715189869059685623e-01,2.654207411705773387e-02
1.713223528001111551e-01,2.650553628803268766e-02
1.711256730793318526e-01,2.646924480815139244e-02
1.709289473938718218e-01,2.643320332795852032e-02
1.707321754100910860e-01,2.639741548721842232e-02
1.705353568109806983e-01,2.636188491281719545e-02
1.703384912966613707e-01,2.632661521664812418e-02
1.701415785848656992e-01,2.629160999348382696e-02
1.699446184114064284e-01,2.625687281883627364e-02
1.697476105306258698e-01,2.622240724680883692e-02
1.695505547158281112e-01,2.618821680794032256e-02
1.693534507596916872e-01,2.615430500704689007e-02
1.691562984746624032e-01,2.612067532106117015e-02
1.689590976933246502e-01,2.608733119687335275e-02
1.687618482687514576e-01,2.605427604917649395e-02
1.685645500748304826e-01,2.602151325831723525e-02
1.683672030065674619e-01,2.598904616815748622e-02
1.681698069803645723e-01,2.595687808394676541e-02
1.679723619342736451e-01,2.592501227020936258e-02
1.677748678282233175e-01,2.589345194864995855e-02
1.675773246442201214e-01,2.586220029607753587e-02
1.673797323865216236e-01,2.583126044235404747e-02
1.671820910817827521e-01,2.580063546836673313e-02
1.669844007791731755e-01,2.577032840402944044e-02
1.667866615504669248e-01,2.574034222631486554e-02
1.665888734901020962e-01,2.571067985731887925e-02
1.663910367152129088e-01,2.568134416236207349e-02
1.661931513656308979e-01,2.565233794812886089e-02
1.659952176038572424e-01,2.562366396084726425e-02
1.657972356150059223e-01,2.559532488451228202e-02
1.655992056067163432e-01,2.556732333915466213e-02
1.654011278090370407e-01,2.553966187915727645e-02
1.652030024742800196e-01,2.551234299162184402e-02
1.650048298768455879e-01,2.548536909478741827e-02
1.648066103130181315e-01,2.545874253650346961e-02
1.646083441007337445e-01,2.543246559275881211e-02
1.644100315793192435e-01,2.540654046626903903e-02
1.642116731092034543e-01,2.538096928512316094e-02
1.640132690716014918e-01,2.535575410149252737e-02
1.638148198681717294e-01,2.533089689040250378e-02
1.636163259206478426e-01,2.530639954856934645e-02
1.634177876704442089e-01,2.528226389330196985e-02
1.632192055782379081e-01,2.525849166147268662e-02
1.630205801235265206e-01,2.523508450855569893e-02
1.628219118041622504e-01,2.521204400773470120e-02
1.626232011358660634e-01,2.518937164908256407e-02
1.624244486517185393e-01,2.516706883881076814e-02
1.622256549016321270e-01,2.514513689859227893e-02
1.620268204518042487e-01,2.512357706495703044e-02
1.618279458841520579e-01,2.510239048875976750e-02
1.616290317957308487e-01,2.508157823472268941e-02
1.614300787981365615e-01,2.506114128105147928e-02
1.612310875168934954e-01,2.504108051912532981e-02
1.610320585908301960e-01,2.502139675326107635e-02
1.608329926714409386e-01,2.500209070055152069e-02
1.606338904222385511e-01,2.498316299077722388e-02
1.604347525180957745e-01,2.496461416639162920e-02
1.602355796445802116e-01,2.494644468257962641e-02
1.600363724972801993e-01,2.492865490738800302e-02
1.598371317811254910e-01,2.491124512192778237e-02
1.596378582097045806e-01,2.489421552064772711e-02
1.594385525045761975e-01,2.487756621167756463e-02
1.592392153945807187e-01,2.486129721724065697e-02
1.590398476151496654e-01,2.484540847413417228e-02
1.588404499076156162e-01,2.482989983427689659e-02
1.586410230185233416e-01,2.481477106532166063e-02
1.584415676989443245e-01,2.480002185133282563e-02
1.582420847037938894e-01,2.478565179352533107e-02
1.580425747911543277e-01,2.477166041106691405e-02
1.578430387216029629e-01,2.475804714193761621e-02
1.576434772575479315e-01,2.474481134384913170e-02
1.574438911625715976e-01,2.473195229521908331e-02
1.572442812007828206e-01,2.471946919620078217e-02
1.570446481361801594e-01,2.470736116976436289e-02
1.568449927320239856e-01,2.469562726282948859e-02
1.566453157502223081e-01,2.468426644744623963e-02
1.564456179507276168e-01,2.467327762202274274e-02
1.562459000909480478e-01,2.466265961259701475e-02
1.560461629251717330e-01,2.465241117415210501e-02
1.558464072040062487e-01,2.464253099197048422e-02
1.556466336738332734e-01,2.463301768302773517e-02
1.554468430762791231e-01,2.462386979742157631e-02
1.552470361477020500e-01,2.461508581983469154e-02
1.550472136186954730e-01,2.460666417102978440e-02
1.548473762136097498e-01,2.459860320937352560e-02
1.546475246500916001e-01,2.459090123238792322e-02
1.544476596386397949e-01,2.458355647832667287e-02
1.542477818821823277e-01,2.457656712777473926e-02
1.540478920756691850e-01,2.456993130526736666e-02
1.538479909056862660e-01,2.456364708092937874e-02
1.536480790500870108e-01,2.455771247212868921e-02
1.534481571776432351e-01,2.455212544514579973e-02
1.532482259477160880e-01,2.454688391685392809e-02
1.530482860099448283e-01,2.454198575640998900e-02
1.528483380039562800e-01,2.453742878695265237e-02
1.526483825590918275e-01,2.453321078730709079e-02
1.524484202941553401e-01,2.452932949369275237e-02
1.522484518171782764e-01,2.452578260143371477e-02
1.520484777252048281e-01,2.452256776666845647e-02
1.518484986040946338e-01,2.451968260805832342e-02
1.516485150283448935e-01,2.451712470849163814e-02
1.514485275609296910e-01,2.451489161678339565e-02
1.512485367531576641e-01,2.451298084936649399e-02
1.510485431445468818e-01,2.451138989197544291e-02
1.508485472627167645e-01,2.451011620131863730e-02
1.506485496232974619e-01,2.450915720673961171e-02
1.504485507298546632e-01,2.450851031186347326e-02
1.502485510738312824e-01,2.450817289623042836e-02
1.500485511345040213e-01,2.450814231691118492e-02
1.498485513789556967e-01,2.450841591010589557e-02
1.496485522620618625e-01,2.450899099272378298e-02
1.494485542264917255e-01,2.450986486394311423e-02
1.492485577027226895e-01,2.451103480674988663e-02
1.490485631090684160e-01,2.451249808945389283e-02
1.488485708517200135e-01,2.451425196718272012e-02
1.486485813247980514e-01,2.451629368335007594e-02
1.484485949104177860e-01,2.451862047110046558e-02
1.482486119787656265e-01,2.452122955472691920e-02
1.480486328881846503e-01,2.452411815106304502e-02
1.478486579852727745e-01,2.452728347084693825e-02
1.476486876049885877e-01,2.453072272005763985e-02
1.474487220707672019e-01,2.453443310122270168e-02
1.472487616946451805e-01,2.453841181469702468e-02
1.470488067773929319e-01,2.454265605991197072e-02
1.468488576086550146e-01,2.454716303659399898e-02
1.466489144670978517e-01,2.455192994595377029e-02
1.464489776205640803e-01,2.455695399184430402e-02
1.462490473262322843e-01,2.456223238188763244e-02
1.460491238307841388e-01,2.456776232857122919e-02
1.458492073705756065e-01,2.457354105031207478e-02
1.456492981718129354e-01,2.457956577249074612e-02
1.454493964507333759e-01,2.458583372845228252e-02
1.452495024137906987e-01,2.459234216047685370e-02
1.450496162578419068e-01,2.459908832071820359e-02
1.448497381703400810e-01,2.460606947211073023e-02
1.446498683295275312e-01,2.461328288924570160e-02
1.444500069046321666e-01,2.462072585921527487e-02
1.442501540560663376e-01,2.462839568242617891e-02
1.440503099356268135e-01,2.463628967338250472e-02
1.438504746866955120e-01,2.464440516143707668e-02
1.436506484444423359e-01,2.465273949151354158e-02
1.434508313360276233e-01,2.466129002479734364e-02
1.432510234808055394e-01,2.467005413939741751e-02
1.430512249905269706e-01,2.467902923097871001e-02
1.428514359695428892e-01,2.468821271336486475e-02
1.426516565150065530e-01,2.469760201911298456e-02
1.424518867170748715e-01,2.470719460005927834e-02
1.422521266591096345e-01,2.471698792783836793e-02
1.420523764178766302e-01,2.472697949437314621e-02
1.418526360637435979e-01,2.473716681233965528e-02
1.416529056608765436e-01,2.474754741560429225e-02
1.414531852674345558e-01,2.475811885963578526e-02
1.412534749357622355e-01,2.476887872189121806e-02
1.410537747125796826e-01,2.477982460217762958e-02
1.408540846391710399e-01,2.479095412298896670e-02
1.406544047515695950e-01,2.480226492981958339e-02
1.404547350807413553e-01,2.481375469145378695e-02
1.402550756527649045e-01,2.482542110023323520e-02
1.400554264890088441e-01,2.483726187230240676e-02
1.398557876063067640e-01,2.484927474783147835e-02
1.396561590171283007e-01,2.486145749121968992e-02
1.394565407297481685e-01,2.487380789127650524e-02
1.392569327484111386e-01,2.488632376138448163e-02
1.390573350734942148e-01,2.489900293964201691e-02
1.388577477016655903e-01,2.491184328898750008e-02
1.386581706260402447e-01,2.492484269730530985e-02
1.384586038363319893e-01,2.493799907751446596e-02
1.382590473190024594e-01,2.495131036764009977e-02
1.380595010574066084e-01,2.496477453086821605e-02
1.378599650319345948e-01,2.497838955558518911e-02
1.376604392201505045e-01,2.499215345540138286e-02
1.374609235969274090e-01,2.500606426916006028e-02
1.372614181345794271e-01,2.502012006093280380e-02
1.370619228029892889e-01,2.503431891999958678e-02
1.368624375697344298e-01,2.504865896081757623e-02
1.366629624002075605e-01,2.506313832297622432e-02
1.364634972577350724e-01,2.507775517114017513e-02
1.362640421036921956e-01,2.509250769498112474e-02
1.360645968976139375e-01,2.510739410909807942e-02
1.358651615973037186e-01,2.512241265292709455e-02
1.356657361589381494e-01,2.513756159064132675e-02
1.354663205371688661e-01,2.515283921104053896e-02
1.352669146852210347e-01,2.516824382743205676e-02
1.350675185549885804e-01,2.518377377750287069e-02
1.348681320971268638e-01,2.519942742318330084e-02
1.346687552611421923e-01,2.521520315050272340e-02
1.344693879954775850e-01,2.523109936943824724e-02
1.342700302475964558e-01,2.524711451375559121e-02
1.340706819640634095e-01,2.526324704084421599e-02
1.338713430906215973e-01,2.527949543154546161e-02
1.336720135722679059e-01,2.529585818997535582e-02
1.334726933533250115e-01,2.531233384334148281e-02
1.332733823775109905e-01,2.532892094175535555e-02
1.330740805880065436e-01,2.534561805803912590e-02
1.328747879275192223e-01,2.536242378752876989e-02
1.326755043383453514e-01,2.537933674787252666e-02
1.324762297624300367e-01,2.539635557882572933e-02
1.322769641414235642e-01,2.541347894204255484e-02
1.320777074167373555e-01,2.543070552086388811e-02
1.318784595295957041e-01,2.544803402010282697e-02
1.316792204210867623e-01,2.546546316582757805e-02
1.314799900322109472e-01,2.548299170514177134e-02
1.312807683039267648e-01,2.550061840596283200e-02
1.310815551771959409e-01,2.551834205679863118e-02
1.308823505930249431e-01,2.553616146652247162e-02
1.306831544925061983e-01,2.555407546414682415e-02
1.304839668168560618e-01,2.557208289859562098e-02
1.302847875074521766e-01,2.559018263847629912e-02
1.300856165058685288e-01,2.560837357185056715e-02
1.298864537539089203e-01,2.562665460600486653e-02
1.296872991936386388e-01,2.564502466722094406e-02
1.294881527674153765e-01,2.566348270054550837e-02
1.292890144179172085e-01,2.568202766956063574e-02
1.290898840881707088e-01,2.570065855615412051e-02
1.288907617215766521e-01,2.571937436029026955e-02
1.286916472619344110e-01,2.573817409978139056e-02
1.284925406534654646e-01,2.575705681005925271e-02
1.282934418408355481e-01,2.577602154394907294e-02
1.280943507691753858e-01,2.579506737144197578e-02
1.278952673841000920e-01,2.581419337947078382e-02
1.276961916317279622e-01,2.583339867168600243e-02
1.274971234586980140e-01,2.585268236823280372e-02
1.272980628121863633e-01,2.587204360553036972e-02
1.270990096399214064e-01,2.589148153605201272e-02
1.268999638901984472e-01,2.591099532810707193e-02
1.267009255118930755e-01,2.593058416562455878e-02
1.265018944544744617e-01,2.595024724793905044e-02
1.263028706680160707e-01,2.596998378957722162e-02
1.261038541032077076e-01,2.598979302004779043e-02
1.259048447113651492e-01,2.600967418363254666e-02
1.257058424444395250e-01,2.602962653917954491e-02
1.255068472550271430e-01,2.604964935989860161e-02
1.253078590963759009e-01,2.606974193315926211e-02
1.251088779223942515e-01,2.608990356029004462e-02
1.249099036876572810e-01,2.611013355638137565e-02
1.247109363474130650e-01,2.613043125008924703e-02
1.245119758575889135e-01,2.615079598344264775e-02
1.243130221747954789e-01,2.617122711165271662e-02
1.241140752563325844e-01,2.619172400292405986e-02
1.239151350601924439e-01,2.621228603826939937e-02
1.237162015450643249e-01,2.623291261132569205e-02
1.235172746703369628e-01,2.625360312817366301e-02
1.233183543961022255e-01,2.627435700715905972e-02
1.231194406831569998e-01,2.629517367871732000e-02
1.229205334930060234e-01,2.631605258519982213e-02
1.227216327878629110e-01,2.633699318070368764e-02
1.225227385306523753e-01,2.635799493090330500e-02
1.223238506850111706e-01,2.637905731288504516e-02
1.221249692152888700e-01,2.640017981498422525e-02
1.219260940865483089e-01,2.642136193662498675e-02
1.217272252645668351e-01,2.644260318816233843e-02
1.215283627158356139e-01,2.646390309072730804e-02
1.213295064075599061e-01,2.648526117607409233e-02
1.211306563076587350e-01,2.650667698643045453e-02
1.209318123847649140e-01,2.652815007435025893e-02
1.207329746082234645e-01,2.654968000256855906e-02
1.205341429480918380e-01,2.657126634385948913e-02
1.203353173751384730e-01,2.659290868089679225e-02
1.201364978608419343e-01,2.661460660611637483e-02
1.199376843773897472e-01,2.663635972158233042e-02
1.197388768976770379e-01,2.665816763885407378e-02
1.195400753953052009e-01,2.668002997885758273e-02
1.193412798445805945e-01,2.670194637175794458e-02
1.191424902205126812e-01,2.672391645683481684e-02
1.189437064988130011e-01,2.674593988236046924e-02
1.187449286558930894e-01,2.676801630548012942e-02
1.185461566688625346e-01,2.679014539209452136e-02
1.183473905155281447e-01,2.681232681674498505e-02
1.181486301743911171e-01,2.683456026250156598e-02
1.179498756246461499e-01,2.685684542085224266e-02
1.177511268461791105e-01,2.687918199159537377e-02
1.175523838195654536e-01,2.690156968273450452e-02
1.173536465260682504e-01,2.692400821037478284e-02
1.171549149476364682e-01,2.694649729862251195e-02
1.169561890669032767e-01,2.696903667948603520e-02
1.167574688671842442e-01,2.699162609277972955e-02
1.165587543324753672e-01,2.701426528602966434e-02
1.163600454474515711e-01,2.703695401438148058e-02
1.161613421974652671e-01,2.705969204051043506e-02
1.159626445685439933e-01,2.708247913453391484e-02
1.157639525473894704e-01,2.710531507392567249e-02
1.155652661213758536e-01,2.712819964343203202e-02
1.153665852785483170e-01,2.715113263499062055e-02
1.151679100076210549e-01,2.717411384765084856e-02
1.149692402979769768e-01,2.719714308749622209e-02
1.147705761396655144e-01,2.722022016756915283e-02
1.145719175234013176e-01,2.724334490779696180e-02
1.143732644405640597e-01,2.726651713492063075e-02
1.141746168831962449e-01,2.728973668242491366e-02
1.139759748440027087e-01,2.731300339047041878e-02
1.137773383163499241e-01,2.733631710582763372e-02
1.135787072942642528e-01,2.735967768181267121e-02
1.133800817724323062e-01,2.738308497822501339e-02
1.131814617461995298e-01,2.740653886128683811e-02
1.129828472115697868e-01,2.743003920358412159e-02
1.127842381652047754e-01,2.745358588400935093e-02
1.125856346044240841e-01,2.747717878770631825e-02
1.123870365272043037e-01,2.750081780601605283e-02
1.121884439321789717e-01,2.752450283642508475e-02
1.119898568186389609e-01,2.754823378251443008e-02
1.117912751865314802e-01,2.757201055391090769e-02
1.115926990364612403e-01,2.759583306623973262e-02
1.113941283696901485e-01,2.761970124107885824e-02
1.111955631881374196e-01,2.764361500591426199e-02
1.109970034943805195e-01,2.766757429409764588e-02
1.107984492916551378e-01,2.769157904480471985e-02
1.105999005838563809e-01,2.771562920299531704e-02
1.104013573755388278e-01,2.773972471937520209e-02
1.102028196719181952e-01,2.776386555035865664e-02
1.100042874788716707e-01,2.778805165803278562e-02
1.098057608029391341e-01,2.781228301012348900e-02
1.096072396513246838e-01,2.783655957996173866e-02
1.094087240318973031e-01,2.786088134645260325e-02
1.092102139531929972e-01,2.788524829404396763e-02
1.090117094244156537e-01,2.790966041269794459e-02
1.088132104554394020e-01,2.793411769786212015e-02
1.086147170568094733e-01,2.795862015044357426e-02
1.084162292397448102e-01,2.798316777678220776e-02
1.082177470161399535e-01,2.800776058862703907e-02
1.080192703985667080e-01,2.803239860311233442e-02
1.078207994002768622e-01,2.805708184273526459e-02
1.076223340352040758e-01,2.808181033533481072e-02
1.074238743179665445e-01,2.810658411407158594e-02
1.072254202638696641e-01,2.813140321740826774e-02
1.070269718889085564e-01,2.815626768909194541e-02
1.068285292097706507e-01,2.818117757813618993e-02
1.066300922438391530e-01,2.820613293880537206e-02
1.064316610091952109e-01,2.823113383059884171e-02
1.062332355246217441e-01,2.825618031823668927e-02
1.060348158096064974e-01,2.828127247164595112e-02
1.058364018843448717e-01,2.830641036594789758e-02
1.056379937697441707e-01,2.833159408144590372e-02
1.054395914874265983e-01,2.835682370361431934e-02
1.052411950597329782e-01,2.838209932308808844e-02
1.050428045097266394e-01,2.840742103565306251e-02
1.048444198611970246e-01,2.843278894223670236e-02
1.046460411386644918e-01,2.845820314890016786e-02
1.044476683673829787e-01,2.848366376683004672e-02
1.042493015733452766e-01,2.850917091233202624e-02
1.040509407832870548e-01,2.853472470682381565e-02
1.038525860246909405e-01,2.856032527682956720e-02
1.036542373257911265e-01,2.858597275397449164e-02
1.034558947155781450e-01,2.861166727497964010e-02
1.032575582238033085e-01,2.863740898165810164e-02
1.030592278809834283e-01,2.866319802091086763e-02
1.028609037184055608e-01,2.868903454472289047e-02
1.026625857681324194e-01,2.871491871016058559e-02
1.024642740630065385e-01,2.874085067936886159e-02
1.022659686366564069e-01,2.876683061956884432e-02
1.020676695235003539e-01,2.879285870305518455e-02
1.018693767587531829e-01,2.881893510719494775e-02
1.016710903784302233e-01,2.884506001442578224e-02
1.014728104193538261e-01,2.887123361225411508e-02
1.012745369191579148e-01,2.889745609325445816e-02
1.010762699162942035e-01,2.892372765506804819e-02
1.008780094500373037e-01,2.895004850040195851e-02
1.006797555604905803e-01,2.897641883702823870e-02
1.004815082885920918e-01,2.900283887778283207e-02
1.002832676761199748e-01,2.902930884056485403e-02
1.000850337656982725e-01,2.905582894833581495e-02
9.988680660080340168e-02,2.908239942911862094e-02
9.968858622576937112e-02,2.910902051599624160e-02
9.949037268579408178e-02,2.913569244711104386e-02
9.929216602694551641e-02,2.916241546566304341e-02
9.909396629616720742e-02,2.918918981990829484e-02
9.889577354128481490e-02,2.921601576315761492e-02
9.869758781101209411e-02,2.924289355377386254e-02
9.849940915495686289e-02,2.926982345516974601e-02
9.830123762362735773e-02,2.929680573580532507e-02
9.810307326843831222e-02,2.932384066918456919e-02
9.790491614171700774e-02,2.935092853385194364e-02
9.770676629670943525e-02,2.937806961338782982e-02
9.750862378758673454e-02,2.940526419640480602e-02
9.731048866945110620e-02,2.943251257654176320e-02
9.711236099834183455e-02,2.945981505245852047e-02
9.691424083124175470e-02,2.948717192782933025e-02
9.671612822608313675e-02,2.951458351133582833e-02
9.651802324175362546e-02,2.954205011665940114e-02
9.631992593810290160e-02,2.956957206247247047e-02
9.612183637594778896e-02,2.959714967242908432e-02
9.592375461707888795e-02,2.962478327515514695e-02
9.572568072426618224e-02,2.965247320423678931e-02
9.552761476126514495e-02,2.968021979820879494e-02
9.532955679282209549e-02,2.970802340054133281e-02
9.513150688468022254e-02,2.973588435962624607e-02
9.493346510358519064e-02,2.976380302876175873e-02
9.473543151729055256e-02,2.979177976613632192e-02
9.453740619456327265e-02,2.981981493481132214e-02
9.433938920518908366e-02,2.984790890270279037e-02
9.414138061997762152e-02,2.987606204256114048e-02
9.394338051076792095e-02,2.990427473195079663e-02
9.374538895043263431e-02,2.993254735322723945e-02
9.354740601288369373e-02,2.996088029351363577e-02
9.334943177307664097e-02,2.998927394467560889e-02
9.315146630701534591e-02,3.001772870329459317e-02
9.295350969175603106e-02,3.004624497063971764e-02
9.275556200541221208e-02,3.007482315263841285e-02
9.255762332715827823e-02,3.010346365984474179e-02
9.235969373723310061e-02,3.013216690740675927e-02
9.216177331694469510e-02,3.016093331503228933e-02
9.196386214867285913e-02,3.018976330695201035e-02
9.176596031587233582e-02,3.021865731188201273e-02
9.156806790307675525e-02,3.024761576298355334e-02
9.137018499590063292e-02,3.027663909782186621e-02
9.117231168104256156e-02,3.030572775832219776e-02
9.097444804628662673e-02,3.033488219072437084e-02
9.077659418050568196e-02,3.036410284553571134e-02
9.057875017366215364e-02,3.039339017748139346e-02
9.038091611681001170e-02,3.042274464545273102e-02
9.018309210209587978e-02,3.045216671245416437e-02
8.998527822275967369e-02,3.048165684554699981e-02
8.978747457313596136e-02,3.051121551579217758e-02
8.958968124865326899e-02,3.054084319818990353e-02
8.939189834583458061e-02,3.057054037161739332e-02
8.919412596229681078e-02,3.060030751876484031e-02
8.899636419674997190e-02,3.063014512606824710e-02
8.879861314899611946e-02,3.066005368364050840e-02
8.860087291992774228e-02,3.069003368520002370e-02
8.840314361152565303e-02,3.072008562799714501e-02
8.820542532685715642e-02,3.075021001273754370e-02
8.800771817007263520e-02,3.078040734350399529e-02
8.781002224640305220e-02,3.081067812767555522e-02
8.761233766215578700e-02,3.084102287584343169e-02
8.741466452471091664e-02,3.087144210172563727e-02
8.721700294251633068e-02,3.090193632207814331e-02
8.701935302508354009e-02,3.093250605660425798e-02
8.682171488298101591e-02,3.096315182786064588e-02
8.662408862782927654e-02,3.099387416116173785e-02
8.642647437229344920e-02,3.102467358448061582e-02
8.622887223007733026e-02,3.105555062834834332e-02
8.603128231591505859e-02,3.108650582574977103e-02
8.583370474556326069e-02,3.111753971201748278e-02
8.563613963579258526e-02,3.114865282472263283e-02
8.543858710437815529e-02,3.117984570356372928e-02
8.524104727009046423e-02,3.121111889025228112e-02
8.504352025268444026e-02,3.124247292839636356e-02
8.484600617288859392e-02,3.127390836338123786e-02
8.464850515239399908e-02,3.130542574224762925e-02
8.445101731384146992e-02,3.133702561356736110e-02
8.425354278080951498e-02,3.136870852731666465e-02
8.405608167780012629e-02,3.140047503474655693e-02
8.385863413022567880e-02,3.143232568825102963e-02
8.366120026439344270e-02,3.146426104123296180e-02
8.346378020749106730e-02,3.149628164796700741e-02
8.326637408756956682e-02,3.152838806346051209e-02
8.306898203352780508e-02,3.156058084331182095e-02
8.287160417509464860e-02,3.159286054356669898e-02
8.267424064281025942e-02,3.162522772057142079e-02
8.247689156800891430e-02,3.165768293082477786e-02
8.227955708279821589e-02,3.169022673082686620e-02
8.208223732003985806e-02,3.172285967692645842e-02
8.188493241332842065e-02,3.175558232516557250e-02
8.168764249696969237e-02,3.178839523112240301e-02
8.149036770595907697e-02,3.182129894975200407e-02
8.129310817595800098e-02,3.185429403522502950e-02
8.109586404327059905e-02,3.188738104076430796e-02
8.089863544481920576e-02,3.192056051848030790e-02
8.070142251811940337e-02,3.195383301920393798e-02
8.050422540125379278e-02,3.198719909231812625e-02
8.030704423284590332e-02,3.202065928558717883e-02
8.010987915203252041e-02,3.205421414498561133e-02
7.991273029843595777e-02,3.208786421452445442e-02
7.971559781213508056e-02,3.212161003607639370e-02
7.951848183363605105e-02,3.215545214920004918e-02
7.932138250384207501e-02,3.218939109096250611e-02
7.912429996402248200e-02,3.222342739576040255e-02
7.892723435578102853e-02,3.225756159514096139e-02
7.873018582102403462e-02,3.229179421762102403e-02
7.853315450192671632e-02,3.232612578850561219e-02
7.833614054090018430e-02,3.236055682970582353e-02
7.813914408055647187e-02,3.239508785955578368e-02
7.794216526367400699e-02,3.242971939262907083e-02
7.774520423316153006e-02,3.246445193955483505e-02
7.754826113202212268e-02,3.249928600683316821e-02
7.735133610331565435e-02,3.253422209665077919e-02
7.715442929012167328e-02,3.256926070669594747e-02
7.695754083550099267e-02,3.260440232997361548e-02
7.676067088245674963e-02,3.263964745462084177e-02
7.656381957389504778e-02,3.267499656372219868e-02
7.636698705258476716e-02,3.271045013512514227e-02
7.617017346111748521e-02,3.274600864125685323e-02
7.597337894186570462e-02,3.278167254894013422e-02
7.577660363694177503e-02,3.281744231921149973e-02
7.557984768815551035e-02,3.285331840713890533e-02
7.538311123697152838e-02,3.288930126164114204e-02
7.518639442446639620e-02,3.292539132530773044e-02
7.498969739128485967e-02,3.296158903422056335e-02
7.479302027759604510e-02,3.299789481777629790e-02
7.459636322304927236e-02,3.303430909851049618e-02
7.439972636672900763e-02,3.307083229192318147e-02
7.420310984711012137e-02,3.310746480630608751e-02
7.400651380201242469e-02,3.314420704257218381e-02
7.380993836855528900e-02,3.318105939408608901e-02
7.361338368311087788e-02,3.321802224649756524e-02
7.341684988125937728e-02,3.325509597757678876e-02
7.322033709774111720e-02,3.329228095705189655e-02
7.302384546641144114e-02,3.332957754644900322e-02
7.282737512019282766e-02,3.336698609893482687e-02
7.263092619102903824e-02,3.340450695916203500e-02
7.243449880983754419e-02,3.344214046311753258e-02
7.223809310646298054e-02,3.347988693797316478e-02
7.204170920962996161e-02,3.351774670194002798e-02
7.184534724689650709e-02,3.355572006412566727e-02
7.164900734460660781e-02,3.359380732439471579e-02
7.145268962784362410e-02,3.363200877323269805e-02
7.125639422038393400e-02,3.367032469161360814e-02
7.106012124464969326e-02,3.370875535087090175e-02
7.086387082166314966e-02,3.374730101257220755e-02
7.066764307099995812e-02,3.378596192839792428e-02
7.047143811074352282e-02,3.382473834002439755e-02
7.027525605743956127e-02,3.386363047900915052e-02
7.007909702605019664e-02,3.390263856668291470e-02
6.988296112990999287e-02,3.394176281404357592e-02
6.968684848068043558e-02,3.398100342165614324e-02
6.949075918830657783e-02,3.402036057955552112e-02
6.929469336097313081e-02,3.405983446715508262e-02
6.909865110506141495e-02,3.409942525315946132e-02
6.890263252510686609e-02,3.413913309548103486e-02
6.870663772375681932e-02,3.417895814116237579e-02
6.851066680172979151e-02,3.421890052630283813e-02
6.831471985777359812e-02,3.425896037598983451e-02
6.811879698862680077e-02,3.429913780423563680e-02
6.792289828897826731e-02,3.433943291391817337e-02
6.772702385142928549e-02,3.437984579672754420e-02
6.753117376645534353e-02,3.442037653311753181e-02
6.733534812236957601e-02,3.446102519226152544e-02
6.713954700528659836e-02,3.450179183201460692e-02
6.694377049908734056e-02,3.454267649887974440e-02
6.674801868538457472e-02,3.458367922797948163e-02
6.655229164349008020e-02,3.462480004303373354e-02
6.635658945038180878e-02,3.466603895634096794e-02
6.616091218067277069e-02,3.470739596876663141e-02
6.596525990658103078e-02,3.474887106973498924e-02
6.576963269790001010e-02,3.479046423722754328e-02
6.557403062197075805e-02,3.483217543778622388e-02
6.537845374365477968e-02,3.487400462652149452e-02
6.518290212530827854e-02,3.491595174712611854e-02
6.498737582675745417e-02,3.495801673189400521e-02
6.479187490527479887e-02,3.500019950174435707e-02
6.459639941555717080e-02,3.504249996625064673e-02
6.440094940970461646e-02,3.508491802367508933e-02
6.420552493720016463e-02,3.512745356100805544e-02
6.401012604489222935e-02,3.517010645401272978e-02
6.381475277697634674e-02,3.521287656727457166e-02
6.361940517497979841e-02,3.525576375425557712e-02
6.342408327774695653e-02,3.529876785735442529e-02
6.322878712142571134e-02,3.534188870797031617e-02
6.303351673945561950e-02,3.538512612657227635e-02
6.283827216255774561e-02,3.542847992277318309e-02
6.264305341872439259e-02,3.547194989540842364e-02
6.244786053321248892e-02,3.551553583261907870e-02
6.225269352853565058e-02,3.555923751193976884e-02
6.205755242446050340e-02,3.560305470039108050e-02
6.186243723800171485e-02,3.564698715457587791e-02
6.166734798342007190e-02,3.569103462078088845e-02
6.147228467222164844e-02,3.573519683508139672e-02
6.127724731315799950e-02,3.577947352345076798e-02
6.108223591222785437e-02,3.582386440187380200e-02
6.088725047268030849e-02,3.586836917646422235e-02
6.069229099501918107e-02,3.591298754358541317e-02
6.049735747700926008e-02,3.595771918997565236e-02
6.030244991368310242e-02,3.600256379287650882e-02
6.010756829734974910e-02,3.604752102016465370e-02
5.991271261760446748e-02,3.609259053048758520e-02
5.971788286134038087e-02,3.613777197340218433e-02
5.952307901276037566e-02,3.618306498951671252e-02
5.932830105339172849e-02,3.622846921063561237e-02
5.913354896210001183e-02,3.627398425990758374e-02
5.893882271510691301e-02,3.631960975197610214e-02
5.874412228600663782e-02,3.636534529313332348e-02
5.854944764578536714e-02,3.641119048147551523e-02
5.835479876284107442e-02,3.645714490706212368e-02
5.816017560300481420e-02,3.650320815207611785e-02
5.796557812956323191e-02,3.654937979098744211e-02
5.777100630328176750e-02,3.659565939071793977e-02
5.757646008242971875e-02,3.664204651080844172e-02
5.738193942280541554e-02,3.668854070358777003e-02
5.718744427776369793e-02,3.673514151434365688e-02
5.699297459824319984e-02,3.678184848149424618e-02
5.679853033279532587e-02,3.682866113676270398e-02
5.660411142761450493e-02,3.687557900535163441e-02
5.640971782656808292e-02,3.692260160611952197e-02
5.621534947122904663e-02,3.696972845175797856e-02
5.602100630090763728e-02,3.701695904897015638e-02
5.582668825268562868e-02,3.706429289864977134e-02
5.563239526145010577e-02,3.711172949606090371e-02
5.543812725992868645e-02,3.715926833101852039e-02
5.524388417872524298e-02,3.720690888806913593e-02
5.504966594635678917e-02,3.725465064667252829e-02
5.485547248929056180e-02,3.730249308138267744e-02
5.466130373198171272e-02,3.735043566202967541e-02
5.446715959691219439e-02,3.739847785390110896e-02
5.427304000463014505e-02,3.744661911792385861e-02
5.407894487378896858e-02,3.749485891084514827e-02
5.388487412118813519e-02,3.754319668541337279e-02
5.369082766181370453e-02,3.759163189055889781e-02
5.349680540887954278e-02,3.764016397157372157e-02
5.330280727386915024e-02,3.768879237029116452e-02
5.310883316657760006e-02,3.773751652526372707e-02
5.291488299515383770e-02,3.778633587194161342e-02
5.272095666614323023e-02,3.783524984284925702e-02
5.252705408453133690e-02,3.788425786776065257e-02
5.233317515378645840e-02,3.793335937387443818e-02
5.213931977590321315e-02,3.798255378598725668e-02
5.194548785144655761e-02,3.803184052666567366e-02
5.175167927959547359e-02,3.808121901641684653e-02
5.155789395818684978e-02,3.813068867385805555e-02
5.136413178375952987e-02,3.818024891588434749e-02
5.117039265159894351e-02,3.822989915783426423e-02
5.097667645578068257e-02,3.827963881365484961e-02
5.078298308921479903e-02,3.832946729606374198e-02
5.058931244369015839e-02,3.837938401671032312e-02
5.039566440991851554e-02,3.842938838633461890e-02
5.020203887757859057e-02,3.847947981492400721e-02
5.000843573535956182e-02,3.852965771186839944e-02
4.981485487100528048e-02,3.857992148611320143e-02
4.962129617135770804e-02,3.863027054630991525e-02
4.942775952240015952e-02,3.868070430096471474e-02
4.923424480930082420e-02,3.873122215858493950e-02
4.904075191645567572e-02,3.878182352782328507e-02
4.884728072753079936e-02,3.883250781761932863e-02
4.865383112550510786e-02,3.888327443733927830e-02
4.846040299271222457e-02,3.893412279691311345e-02
4.826699621088253317e-02,3.898505230696889395e-02
4.807361066118425591e-02,3.903606237896534853e-02
4.788024622426461513e-02,3.908715242532149331e-02
4.768690278029046742e-02,3.913832185954405768e-02
4.749358020898841043e-02,3.918957009635202354e-02
4.730027838968477866e-02,3.924089655179886088e-02
4.710699720134488983e-02,3.929230064339243184e-02
4.691373652261181942e-02,3.934378179021192495e-02
4.672049623184459238e-02,3.939533941302201386e-02
4.652727620715695761e-02,3.944697293438554492e-02
4.633407632645366453e-02,3.949868177877214476e-02
4.614089646746798862e-02,3.955046537266507928e-02
4.594773650779792468e-02,3.960232314466553133e-02
4.575459632494207479e-02,3.965425452559382530e-02
4.556147579633487016e-02,3.970625894858854227e-02
4.536837479938101575e-02,3.975833584920247105e-02
4.517529321148962967e-02,3.981048466549628323e-02
4.498223091010802172e-02,3.986270483812993232e-02
4.478918777275483348e-02,3.991499581045047235e-02
4.459616367705129120e-02,3.996735702857851652e-02
4.440315850075426257e-02,4.001978794149108759e-02
4.421017212178631611e-02,4.007228800110258088e-02
4.401720441826705715e-02,4.012485666234311826e-02
4.382425526854216019e-02,4.017749338323357150e-02
4.363132455121340042e-02,4.023019762495964186e-02
4.343841214516674237e-02,4.028296885194172089e-02
4.324551792960073388e-02,4.033580653190366877e-02
4.305264178405326242e-02,4.038871013593840070e-02
4.285978358842922747e-02,4.044167913857136393e-02
4.266694322302574255e-02,4.049471301782115590e-02
4.247412056855814216e-02,4.054781125525861590e-02
4.228131550618454554e-02,4.060097333606297459e-02
4.208852791753030925e-02,4.065419874907572756e-02
4.189575768471131417e-02,4.070748698685220518e-02
4.170300469035736340e-02,4.076083754571158818e-02
4.151026881763397042e-02,4.081424992578348149e-02
4.131754995026425820e-02,4.086772363105357214e-02
4.112484797255030328e-02,4.092125816940606758e-02
4.093216276939364712e-02,4.097485305266480166e-02
4.073949422631439193e-02,4.102850779663181485e-02
4.054684222947132349e-02,4.108222192112424148e-02
4.035420666568025755e-02,4.113599495000861556e-02
4.016158742243216423e-02,4.118982641123412197e-02
3.996898438791048752e-02,4.124371583686260029e-02
3.977639745100810392e-02,4.129766276309821543e-02
3.958382650134394803e-02,4.135166673031413082e-02
3.939127142927816710e-02,4.140572728307746059e-02
3.919873212592791395e-02,4.145984397017291739e-02
3.900620848318169659e-02,4.151401634462468376e-02
3.881370039371345032e-02,4.156824396371586877e-02
3.862120775099608244e-02,4.162252638900718754e-02
3.842873044931487819e-02,4.167686318635344805e-02
3.823626838377935239e-02,4.173125392591859467e-02
3.804382145033548962e-02,4.178569818218936388e-02
3.785138954577776244e-02,4.184019553398724695e-02
3.765897256775931762e-02,4.189474556447867620e-02
3.746657041480293965e-02,4.194934786118465625e-02
3.727418298631073740e-02,4.200400201598803590e-02
3.708181018257419165e-02,4.205870762514008626e-02
3.688945190478278707e-02,4.211346428926538571e-02
3.669710805503283851e-02,4.216827161336565016e-02
3.650477853633567887e-02,4.222312920682212006e-02
3.631246325262529190e-02,4.227803668339683713e-02
3.612016210876613925e-02,4.233299366123300517e-02
3.592787501055918348e-02,4.238799976285360233e-02
3.573560186474940975e-02,4.244305461515963246e-02
3.554334257903137700e-02,4.249815784942657243e-02
3.535109706205490782e-02,4.255330910130065286e-02
3.515886522343080606e-02,4.260850801079339029e-02
3.496664697373576963e-02,4.266375422227550868e-02
3.477444222451694239e-02,4.271904738446980626e-02
3.458225088829624400e-02,4.277438715044357825e-02
3.439007287857431122e-02,4.282977317759948527e-02
3.419790810983441148e-02,4.288520512766628295e-02
3.400575649754538493e-02,4.294068266668841366e-02
3.381361795816522492e-02,4.299620546501473767e-02
3.362149240914293763e-02,4.305177319728684809e-02
3.342937976892209478e-02,4.310738554242652537e-02
3.323727995694208265e-02,4.316304218362302519e-02
3.304519289364021145e-02,4.321874280831856235e-02
3.285311850045393584e-02,4.327448710819457173e-02
3.266105669982135445e-02,4.333027477915677578e-02
3.246900741518306960e-02,4.338610552131936388e-02
3.227697057098279781e-02,4.344197903898950469e-02
3.208494609266800829e-02,4.349789504065069284e-02
3.189293390669045020e-02,4.355385323894612332e-02
3.170093394050684660e-02,4.360985335066128871e-02
3.150894612257795074e-02,4.366589509670610464e-02
3.131697038236960079e-02,4.372197820209761804e-02
3.112500665035155406e-02,4.377810239594093905e-02
3.093305485799751481e-02,4.383426741141083910e-02
3.074111493778419052e-02,4.389047298573293260e-02
3.054918682319093109e-02,4.394671886016433132e-02
3.035727044869809127e-02,4.400300477997440979e-02
3.016536574978653101e-02,4.405933049442482125e-02
2.997347266293625551e-02,4.411569575674965243e-02
2.978159112562499961e-02,4.417210032413591142e-02
2.958972107632661802e-02,4.422854395770273866e-02
2.939786245451011387e-02,4.428502642248142301e-02
2.920601520063714068e-02,4.434154748739480706e-02
2.901417925616061461e-02,4.439810692523708108e-02
2.882235456352302133e-02,4.445470451265282757e-02
2.863054106615425115e-02,4.451134003011653767e-02
2.843873870846957280e-02,4.456801326191212748e-02
2.824694743586752405e-02,4.462472399611192714e-02
2.805516719472788550e-02,4.468147202455633599e-02
2.786339793240915491e-02,4.473825714283297811e-02
2.767163959724652095e-02,4.479507915025613546e-02
2.747989213854967055e-02,4.485193784984604221e-02
2.728815550659990236e-02,4.490883304830862316e-02
2.709642965264835029e-02,4.496576455601498240e-02
2.690471452891281950e-02,4.502273218698094742e-02
2.671301008857631526e-02,4.507973575884719614e-02
2.652131628578337924e-02,4.513677509285855122e-02
2.632963307563861849e-02,4.519385001384499528e-02
2.613796041420362454e-02,4.525096035020079871e-02
2.594629825849472521e-02,4.530810593386584012e-02
2.575464656648034784e-02,4.536528660030540033e-02
2.556300529707843799e-02,4.542250218849159388e-02
2.537137441015418354e-02,4.547975254088363478e-02
2.517975386651765540e-02,4.553703750340962891e-02
2.498814362792056015e-02,4.559435692544736712e-02
2.479654365705485225e-02,4.565171065980639514e-02
2.460495391754970868e-02,4.570909856270966715e-02
2.441337437396939175e-02,4.576652049377558790e-02
2.422180499181064012e-02,4.582397631600049898e-02
2.403024573750033727e-02,4.588146589574138706e-02
2.383869657839404049e-02,4.593898910269859220e-02
2.364715748277262247e-02,4.599654580989918223e-02
2.345562841984093899e-02,4.605413589368035493e-02
2.326410935972521993e-02,4.611175923367339530e-02
2.307260027347145942e-02,4.616941571278777162e-02
2.288110113304302889e-02,4.622710521719517601e-02
2.268961191131903948e-02,4.628482763631511926e-02
2.249813258209217709e-02,4.634258286279916567e-02
2.230666312006720359e-02,4.640037079251691648e-02
2.211520350085918046e-02,4.645819132454177131e-02
2.192375370099166471e-02,4.651604436113677271e-02
2.173231369789509898e-02,4.657392980774139463e-02
2.154088346990575692e-02,4.663184757295833066e-02
2.134946299626396676e-02,4.668979756854061552e-02
2.115805225711255705e-02,4.674777970937946808e-02
2.096665123349663457e-02,4.680579391349205115e-02
2.077525990736114186e-02,4.686384010200989741e-02
2.058387826155046868e-02,4.692191819916802925e-02
2.039250627980800784e-02,4.698002813229335689e-02
2.020114394677443442e-02,4.703816983179510275e-02
2.000979124798709513e-02,4.709634323115397675e-02
1.981844816988034136e-02,4.715454826691335005e-02
1.962711469978314222e-02,4.721278487866909651e-02
1.943579082592097190e-02,4.727105300906168234e-02
1.924447653741342273e-02,4.732935260376709002e-02
1.905317182427509332e-02,4.738768361148921332e-02
1.886187667741553303e-02,4.744604598395205791e-02
1.867059108863824285e-02,4.750443967589291355e-02
1.847931505064261820e-02,4.756286464505524864e-02
1.828804855702228366e-02,4.762132085218282601e-02
1.809679160226653621e-02,4.767980826101343023e-02
1.790554418176084489e-02,4.773832683827409357e-02
1.771430629178723931e-02,4.779687655367512861e-02
1.752307792952480930e-02,4.785545737990682530e-02
1.733185909305120370e-02,4.791406929263420517e-02
1.714064978134290790e-02,4.797271227049424575e-02
1.694944999427724225e-02,4.803138629509199481e-02
1.675825973263263963e-02,4.809009135099829441e-02
1.656707899809092138e-02,4.814882742574725510e-02
1.637590779323813001e-02,4.820759450983434086e-02
1.618474612156674958e-02,4.826639259671503673e-02
1.599359398747731559e-02,4.832522168280387748e-02
1.580245139627985823e-02,4.838408176747397565e-02
1.561131835419728858e-02,4.844297285305671635e-02
1.542019486836600922e-02,4.850189494484253433e-02
1.522908094683913388e-02,4.856084805108127483e-02
1.503797659858931851e-02,4.861983218298413650e-02
1.484688183351053764e-02,4.867884735472461505e-02
1.465579666242191464e-02,4.873789358344133432e-02
1.446472109706927606e-02,4.879697088924062759e-02
1.427365515012992553e-02,4.885607929519920206e-02
1.408259883521419814e-02,4.891521882736841326e-02
1.389155216687023436e-02,4.897438951477762342e-02
1.370051516058675561e-02,4.903359138943916978e-02
1.350948783279678350e-02,4.909282448635297197e-02
1.331847020088208072e-02,4.915208884351222191e-02
1.312746228317609315e-02,4.921138450190901820e-02
1.293646409896905686e-02,4.927071150554063889e-02
1.274547566851193942e-02,4.933006990141648035e-02
1.255449701302093629e-02,4.938945973956532925e-02
1.236352815468191174e-02,4.944888107304266228e-02
1.217256911665539482e-02,4.950833395793902830e-02
1.198161992308146434e-02,4.956781845338862486e-02
1.179068059908480043e-02,4.962733462157820769e-02
1.159975117077979151e-02,4.968688252775647213e-02
1.140883166527625198e-02,4.974646224024446145e-02
1.121792211068486228e-02,4.980607383044519804e-02
1.102702253612277555e-02,4.986571737285489664e-02
1.083613297171944628e-02,4.992539294507417763e-02
1.064525344862334716e-02,4.998510062781964108e-02
1.045438399900685406e-02,5.004484050493619024e-02
1.026352465607446168e-02,5.010461266340924397e-02
1.007267545406744652e-02,5.016441719337805943e-02
9.881836428272082473e-03,5.022425418814911030e-02
9.691007615025525046e-03,5.028412374420952041e-02
9.500189051723305356e-03,5.034402596124196855e-02
9.309380776826546577e-03,5.040396094213889927e-02
9.118582829869013862e-03,5.046392879301798279e-02
8.927795251465218962e-03,5.052392962323738052e-02
8.737018083317581174e-03,5.058396354541181555e-02
8.546251368224476452e-03,5.064403067542903175e-02
8.355495150088508571e-03,5.070413113246636377e-02
8.164749473924280687e-03,5.076426503900830639e-02
7.974014385867221610e-03,5.082443252086350088e-02
7.783289933181745945e-03,5.088463370718322026e-02
7.592576164270135874e-03,5.094486873047952141e-02
7.401873128681589475e-03,5.100513772664428541e-02
7.211180877121158017e-03,5.106544083496759173e-02
7.020499461458516721e-03,5.112577819815845165e-02
6.829828934738123303e-03,5.118614996236365428e-02
6.639169351188155266e-03,5.124655627718841672e-02
6.448520766230446399e-03,5.130699729571720075e-02
6.257883236490423273e-03,5.136747317453458500e-02
6.067256819807097246e-03,5.142798407374633146e-02
5.876641575243278515e-03,5.148853015700164543e-02
5.686037563095845682e-03,5.154911159151465833e-02
5.495444844906459403e-03,5.160972854808727056e-02
5.304863483472053998e-03,5.167038120113149474e-02
5.114293542856383767e-03,5.173106972869271486e-02
4.923735088399792958e-03,5.179179431247280668e-02
4.733188186731539238e-03,5.185255513785422959e-02
4.542652905780951433e-03,5.191335239392328577e-02
4.352129314788087677e-03,5.197418627349523895e-02
4.161617484317113591e-03,5.203505697313799000e-02
3.971117486266016738e-03,5.209596469319744544e-02
3.780629393880484412e-03,5.215690963782238648e-02
3.590153281765116888e-03,5.221789201498992089e-02
3.399689225895473343e-03,5.227891203653096258e-02
3.209237303631672089e-03,5.233996991815593330e-02
3.018797593729603823e-03,5.240106587948124145e-02
2.828370176354753907e-03,5.246220014405531679e-02
2.637955133094969928e-03,5.252337293938478396e-02
2.447552546972618648e-03,5.258458449696174625e-02
2.257162502459240938e-03,5.264583505229034760e-02
2.066785085487653217e-03,5.270712484491388988e-02
1.876420383466269543e-03,5.276845411844211658e-02
1.686068485292201375e-03,5.282982312057841329e-02
1.495729481365580755e-03,5.289123210314761875e-02
1.305403463602660069e-03,5.295268132212336415e-02
1.115090525450911302e-03,5.301417103765632827e-02
9.247907619024042184e-04,5.307570151410149345e-02
7.345042695082947774e-04,5.313727302004670611e-02
5.442311463935910979e-04,5.319888582834029350e-02
3.539714922713088022e-04,5.326054021611965200e-02
1.637254084572924932e-04,5.332223646483872509e-02
-2.650700211468521271e-05,5.338397486029703570e-02
-2.167256348783797634e-04,5.344575569266699772e-02
-4.069303836200311494e-04,5.350757925652325359e-02
-5.971211404630983374e-04,5.356944585086959726e-02
-7.872977958527716588e-04,5.363135577916836733e-02
-9.774602385408182655e-04,5.369330934936759198e-02
-1.167608355570594119e-03,5.375530687392968826e-02
-1.357742032260890247e-03,5.381734866985935645e-02
-1.547861152190167571e-03,5.387943505873122457e-02
-1.737965597181624416e-03,5.394156636671757626e-02
-1.928055247286432133e-03,5.400374292461680020e-02
-2.118129980768747311e-03,5.406596506787948037e-02
-2.308189674088780008e-03,5.412823313663709529e-02
-2.498234201888029082e-03,5.419054747572816383e-02
-2.688263436971739806e-03,5.425290843472572316e-02
-2.878277250293694023e-03,5.431531636796372436e-02
-3.068275510939778850e-03,5.437777163456334467e-02
-3.258258086112054974e-03,5.444027459845943856e-02
-3.448224841111159622e-03,5.450282562842629491e-02
-3.638175639321762633e-03,5.456542509810283909e-02
-3.828110342194858406e-03,5.462807338601825130e-02
-4.018028809231778686e-03,5.469077087561647482e-02
-4.207930897967650241e-03,5.475351795528077964e-02
-4.397816463955629696e-03,5.481631501835766002e-02
-4.587685360749028940e-03,5.487916246318048225e-02
-4.777537439885938542e-03,5.494206069309266055e-02
-4.967372550872740933e-03,5.500501011647016686e-02
-5.157190541166901954e-03,5.506801114674365200e-02
-5.346991256161483241e-03,5.513106420242001177e-02
-5.536774539167767240e-03,5.519416970710361997e-02
-5.726540231399436520e-03,5.525732808951650671e-02
-5.916288171956364528e-03,5.532053978351839790e-02
-6.106018197807462633e-03,5.538380522812556134e-02
-6.295730143775248033e-03,5.544712486752976371e-02
-6.485423842519578985e-03,5.551049915111592320e-02
-6.675099124520557370e-03,5.557392853347887379e-02
-6.864755818063873749e-03,5.563741347444051827e-02
-7.054393749223709931e-03,5.570095443906448313e-02
-7.244012741847473402e-03,5.576455189767168946e-02
-7.433612617539310519e-03,5.582820632585373116e-02
-7.623193195645340536e-03,5.589191820448641962e-02
-7.812754293237279823e-03,5.595568801974177414e-02
-8.002295725097509360e-03,5.601951626309915194e-02
-8.191817303703365083e-03,5.608340343135607281e-02
-8.381318839212038851e-03,5.614735002663710089e-02
-8.570800139446034527e-03,5.621135655640253220e-02
-8.760261009877458316e-03,5.627542353345547227e-02
-8.949701253614363028e-03,5.633955147594844198e-02
-9.139120671384982908e-03,5.640374090738840135e-02
-9.328519061524966072e-03,5.646799235664063527e-02
-9.517896219961498316e-03,5.653230635793211195e-02
-9.707251940200757601e-03,5.659668345085273194e-02
-9.896586013313869723e-03,5.666112418035618853e-02
-1.008589822792341911e-02,5.672562909675935711e-02
-1.027518837018979309e-02,5.679019875573990822e-02
-1.046445622379885837e-02,5.685483371833336547e-02
-1.065370156994886047e-02,5.691953455092844255e-02
-1.084292418733893287e-02,5.698430182526118687e-02
-1.103212385215516372e-02,5.704913611840745774e-02
-1.122130033806071486e-02,5.711403801277446096e-02
-1.141045341618283221e-02,5.717900809609022944e-02
-1.159958285510274273e-02,5.724404696139229892e-02
-1.178868842084388607e-02,5.730915520701455185e-02
-1.197776987686175604e-02,5.737433343657231261e-02
-1.216682698403429713e-02,5.743958225894652686e-02
-1.235585950065107991e-02,5.750490228826547062e-02
-1.254486718240464121e-02,5.757029414388584870e-02
-1.273384978238099180e-02,5.763575845037172823e-02
-1.292280705105134514e-02,5.770129583747164032e-02
-1.311173873626356873e-02,5.776690694009415511e-02
-1.330064458323469007e-02,5.783259239828240222e-02
-1.348952433454340266e-02,5.789835285718584329e-02
-1.367837773012307162e-02,5.796418896703060125e-02
-1.386720450725557191e-02,5.803010138308876270e-02
-1.405600440056501560e-02,5.809609076564484914e-02
-1.424477714201247830e-02,5.816215777996078945e-02
-1.443352246089089214e-02,5.822830309623956008e-02
-1.462224008382066037e-02,5.829452738958652153e-02
-1.481092973474571611e-02,5.836083133996864541e-02
-1.499959113493024715e-02,5.842721563217243702e-02
-1.518822400295525427e-02,5.849368095575941534e-02
-1.537682805471721897e-02,5.856022800502006659e-02
-1.556540300342538347e-02,5.862685747892563276e-02
-1.575394855960125101e-02,5.869357008107790180e-02
-1.594246443107775330e-02,5.876036651965716590e-02
-1.613095032299980552e-02,5.882724750736820912e-02
-1.631940593782375132e-02,5.889421376138396363e-02
-1.650783097532030480e-02,5.896126600328755601e-02
-1.669622513257527224e-02,5.902840495901227197e-02
-1.688458810399266069e-02,5.909563135877902301e-02
-1.707291958129795312e-02,5.916294593703278620e-02
-1.726121925354177217e-02,5.923034943237554667e-02
-1.744948680710493166e-02,5.929784258749854625e-02
-1.763772192570343261e-02,5.936542614911175658e-02
-1.782592429039473597e-02,5.943310086787146479e-02
-1.801409357958414642e-02,5.950086749830555549e-02
-1.820222946903308353e-02,5.956872679873737725e-02
-1.839033163186613168e-02,5.963667953120686122e-02
-1.857839973858153165e-02,5.970472646138989120e-02
-1.876643345705928528e-02,5.977286835851542551e-02
-1.895443245257309034e-02,5.984110599528103674e-02
-1.914239638780077662e-02,5.990944014776584253e-02
-1.933032492283679599e-02,5.997787159534154894e-02
-1.951821771520465681e-02,6.004640112058177298e-02
-1.970607441987141245e-02,6.011502950916895044e-02
-1.989389468926115040e-02,6.018375754979971709e-02
-2.008167817327109056e-02,6.025258603408737562e-02
-2.026942451928779448e-02,6.032151575646352987e-02
-2.045713337220315259e-02,6.039054751407694349e-02
-2.064480437443336897e-02,6.045968210669103865e-02
-2.083243716593716904e-02,6.052892033657859133e-02
-2.102003138423545053e-02,6.059826300841567731e-02
-2.120758666443104540e-02,6.066771092917267599e-02
-2.139510263923120187e-02,6.073726490800416405e-02
-2.158257893896878971e-02,6.080692575613650536e-02
-2.177001519162533733e-02,6.087669428675402533e-02
-2.195741102285562324e-02,6.094657131488299268e-02
-2.214476605601176790e-02,6.101655765727401898e-02
-2.233207991216937943e-02,6.108665413228298730e-02
-2.251935221015364391e-02,6.115686155975001009e-02
-2.270658256656724744e-02,6.122718076087672184e-02
-2.289377059581835377e-02,6.129761255810204507e-02
-2.308091591015030281e-02,6.136815777497648533e-02
-2.326801811967142003e-02,6.143881723603473316e-02
-2.345507683238615831e-02,6.150959176666679490e-02
-2.364209165422690578e-02,6.158048219298773579e-02
-2.382906218908740353e-02,6.165148934170592426e-02
-2.401598803885527517e-02,6.172261403998999946e-02
-2.420286880344855313e-02,6.179385711533453424e-02
-2.438970408084926295e-02,6.186521939542408838e-02
-2.457649346714117083e-02,6.193670170799659563e-02
-2.476323655654653205e-02,6.200830488070539076e-02
-2.494993294146422708e-02,6.208002974097968224e-02
-2.513658221250934105e-02,6.215187711588449765e-02
-2.532318395855268772e-02,6.222384783197932451e-02
-2.550973776676199872e-02,6.229594271517614051e-02
-2.569624322264250221e-02,6.236816259059577844e-02
-2.588269991008166487e-02,6.244050828242459633e-02
-2.606910741138999260e-02,6.251298061376918402e-02
-2.625546530734727130e-02,6.258558040651114596e-02
-2.644177317724653170e-02,6.265830848116081542e-02
-2.662803059894056773e-02,6.273116565671062184e-02
-2.681423714888801074e-02,6.280415275048793766e-02
-2.700039240220123565e-02,6.287727057800678032e-02
-2.718649593269487769e-02,6.295051995282015256e-02
-2.737254731293401605e-02,6.302390168637157786e-02
-2.755854611428524420e-02,6.309741658784580320e-02
-2.774449190696601925e-02,6.317106546402016798e-02
-2.793038426009734204e-02,6.324484911911523732e-02
-2.811622274175421682e-02,6.331876835464589348e-02
-2.830200691901971904e-02,6.339282396927160834e-02
-2.848773635803795307e-02,6.346701675864786785e-02
-2.867341062406850855e-02,6.354134751527637515e-02
-2.885902928154030628e-02,6.361581702835693297e-02
-2.904459189410883019e-02,6.369042608363834068e-02
-2.923009802471030621e-02,6.376517546327059582e-02
-2.941554723561954493e-02,6.384006594565655446e-02
-2.960093908850695149e-02,6.391509830530522906e-02
-2.978627314449647928e-02,6.399027331268422603e-02
-2.997154896422408316e-02,6.406559173407443131e-02
-3.015676610789595063e-02,6.414105433142391899e-02
-3.034192413534923111e-02,6.421666186220352512e-02
-3.052702260611093316e-02,6.429241507926301835e-02
-3.071206107945882030e-02,6.436831473068796439e-02
-3.089703911448225121e-02,6.444436155965806157e-02
-3.108195627014329748e-02,6.452055630430585109e-02
-3.126681210533841654e-02,6.459689969757731465e-02
-3.145160617896079064e-02,6.467339246709309653e-02
-3.163633804996244386e-02,6.475003533501100250e-02
-3.182100727741691421e-02,6.482682901789021956e-02
-3.200561342058264730e-02,6.490377422655661810e-02
-3.219015603896616812e-02,6.498087166596953901e-02
-3.237463469238519714e-02,6.505812203509017677e-02
-3.255904894103282127e-02,6.513552602675143355e-02
-3.274339834554188672e-02,6.521308432752982720e-02
-3.292768246704800422e-02,6.529079761761842626e-02
-3.311190086725488563e-02,6.536866657070217190e-02
-3.329605310849795968e-02,6.544669185383476806e-02
-3.348013875380932008e-02,6.552487412731754224e-02
-3.366415736698222944e-02,6.560321404458027694e-02
-3.384810851263545667e-02,6.568171225206392849e-02
-3.403199175627766998e-02,6.576036938910566343e-02
-3.421580666437271795e-02,6.583918608782585169e-02
-3.439955280440280122e-02,6.591816297301718308e-02
-3.458322974493397567e-02,6.599730066203637890e-02
-3.476683705568037880e-02,6.607659976469755503e-02
-3.495037430756729041e-02,6.615606088316865196e-02
-3.513384107279613616e-02,6.623568461186966905e-02
-3.531723692490799232e-02,6.631547153737382683e-02
-3.550056143884625787e-02,6.639542223831065848e-02
-3.568381419102093638e-02,6.647553728527212658e-02
-3.586699475937125264e-02,6.655581724072091865e-02
-3.605010272342793615e-02,6.663626265890182365e-02
-3.623313766437567113e-02,6.671687408575494027e-02
-3.641609916511504702e-02,6.679765205883263224e-02
-3.659898681032389828e-02,6.687859710721816286e-02
-3.678180018651858868e-02,6.695970975144803494e-02
-3.696453888211396338e-02,6.704099050343598210e-02
-3.714720248748407810e-02,6.712243986640094306e-02
-3.732979059502148506e-02,6.720405833479718705e-02
-3.751230279919613025e-02,6.728584639424735336e-02
-3.769473869661358473e-02,6.736780452147846099e-02
-3.787709788607355327e-02,6.744993318426094342e-02
-3.805937996862616274e-02,6.753223284135041748e-02
-3.824158454762897202e-02,6.761470394243251913e-02
-3.842371122880270523e-02,6.769734692807047316e-02
-3.860575962028615221e-02,6.778016222965595194e-02
-3.878772933269101358e-02,6.786315026936291794e-02
-3.896961997915480286e-02,6.794631146010399192e-02
-3.915143117539441470e-02,6.802964620549034613e-02
-3.933316253975736171e-02,6.811315489979441473e-02
-3.951481369327378840e-02,6.819683792791544907e-02
-3.969638425970576506e-02,6.828069566534847312e-02
-3.987787386559774744e-02,6.836472847815588949e-02
-4.005928214032426077e-02,6.844893672294218023e-02
-4.024060871613819451e-02,6.853332074683188280e-02
-4.042185322821676557e-02,6.861788088745011949e-02
-4.060301531470775910e-02,6.870261747290658250e-02
-4.078409461677421494e-02,6.878753082178207245e-02
-4.096509077863739329e-02,6.887262124311840927e-02
-4.114600344762051748e-02,6.895788903641116019e-02
