d,lambda0_midpoint,lambda1_midpoint,rigor
0.1732866900,2.188072193185908319e-07,2.483185867735378632e-05,FLOATING_OBSERVATION_ONLY
0.1732867900,2.188075524324561643e-07,2.483176770223562079e-05,FLOATING_OBSERVATION_ONLY
0.1732868000,2.188075860321993917e-07,2.483175860467793909e-05,FLOATING_OBSERVATION_ONLY
0.1732869000,2.188079189462218586e-07,2.483166762941256263e-05,FLOATING_OBSERVATION_ONLY
