t,psi
-10.0,0.0
-9.996,-2.4574350836279157e-07
-9.992,-0.0028872568035209047
-9.988,-0.06547965585848146
-9.984,-0.31124228379128976
-9.98,-0.7917922292754387
-9.976,-1.4735312840179722
-9.972,-2.2935346934765444
-9.968,-3.1924866850890665
-9.964,-4.124631333417248
-9.96,-5.05783914698192
-9.956,-5.9708343810248055
-9.952,-6.850227318327195
-9.948,-7.688101218455796
-9.944,-8.48023465527656
-9.94,-9.224849583664469
-9.936,-9.921749576359863
-9.932,-10.571734109278754
-9.928,-11.176203711920872
-9.924,-11.73689560627245
-9.92,-12.255708072818484
-9.916,-12.734584985707905
-9.912,-13.175441078636705
-9.908,-13.580114724161788
-9.904,-13.950339231979115
-9.9,-14.287726535521905
-9.896,-14.593759080997602
-9.892,-14.869787056928743
-9.888,-15.117029006189355
-9.884,-15.336574481468084
-9.88,-15.529387829910691
-9.876,-15.696312484776817
-9.872,-15.838075342870894
-9.868,-15.955290944618277
-9.864,-16.048465268342017
-9.86,-16.117999014919867
-9.856,-16.164190302818557
-9.852,-16.187236723003544
-9.848,-16.187236723003547
-9.844,-16.164190302818557
-9.84,-16.117999014919867
-9.836,-16.048465268342056
-9.832,-15.95529094461832
-9.828,-15.838075342870894
-9.824,-15.696312484776817
-9.82,-15.52938782991077
-9.816,-15.336574481468176
-9.812,-15.117029006189355
-9.808,-14.869787056928743
-9.804,-14.593759080997728
-9.8,-14.287726535522049
-9.796,-13.950339231979115
-9.792,-13.580114724161788
-9.788,-13.175441078636897
-9.784,-12.734584985708103
-9.78,-12.255708072818484
-9.776,-11.73689560627245
-9.772,-11.17620371192113
-9.768,-10.571734109279031
-9.764,-9.921749576359863
-9.76,-9.224849583664469
-9.756,-8.480234655276904
-9.752,-7.688101218456158
-9.748,-6.850227318327195
-9.744,-5.970834388437699
-9.74,-5.058768193776775
-9.736,-4.156155714489259
-9.732,-3.3643328716543053
-9.728,-2.7588927681002784
-9.724,-2.3691914962253606
-9.72,-2.2142696786110307
-9.716,-2.317235045880118
-9.712,-2.6803813964160454
-9.708,-3.2298841043156283
-9.704,-3.8274644970183815
-9.7,-4.4069115991745775
-9.696,-4.959727840700776
-9.692,-5.4828634351001835
-9.688,-5.974967347087765
-9.684,-6.4357915583409655
-9.68,-6.865785755849315
-9.676,-7.26582382035773
-9.672,-7.637020525305087
-9.668,-7.980609608957362
-9.664,-8.29786347802314
-9.66,-8.590041100083534
-9.656,-8.858354944362638
-9.652,-9.103950751813722
-9.648,-9.327895896662291
-9.644,-9.53117344655579
-9.64,-9.714679943747718
-9.636,-9.879225554403252
-9.632,-10.02553566065722
-9.628,-10.154253263428267
-9.624,-10.265941765654228
-9.62,-10.36108784434548
-9.616,-10.440104215227962
-9.612,-10.503332159170014
-9.608,-10.551043724268288
-9.604,-10.583443547798765
-9.6,-10.600670262675509
-9.596,-10.602797466766589
-9.592,-10.58983424267637
-9.588,-10.561725222134863
-9.584,-10.518350194304782
-9.58,-10.459523262323346
-9.576,-10.384991558415113
-9.572,-10.294433536247212
-9.568,-10.187456871449118
-9.564,-10.063596019481619
-9.56,-9.922309507194692
-9.556,-9.762977074497426
-9.552,-9.584896841346195
-9.548,-9.387282761038325
-9.544,-9.169262745633297
-9.54,-8.929878030786977
-9.536,-8.66808461118724
-9.532,-8.382757962146634
-9.528,-8.072702824057652
-9.524,-7.736670647950486
-9.52,-7.373388506695338
-9.516,-6.9816050522182715
-9.512,-6.560161717428222
-9.508,-6.108101220141035
-9.504,-5.6248310885332105
-9.5,-5.11036814521202
-9.496,-4.565701531161981
-9.492,-3.993327538042128
-9.488,-3.399875308655524
-9.484,-2.8900471748851224
-9.48,-2.8265954568041813
-9.475999999999999,-3.46963211329008
-9.472,-4.802490472779035
-9.468,-6.686206330530044
-9.464,-8.977688859544939
-9.46,-11.555308289039182
-9.456,-14.288421919238587
-9.452,-17.02620952633326
-9.448,-19.676736402341028
-9.443999999999999,-22.208938186052595
-9.44,-24.607572614250376
-9.436,-26.865594103849396
-9.432,-28.981295649731813
-9.428,-30.95636164939949
-9.424,-32.794552537333
-9.42,-34.50082240843986
-9.416,-36.080731396992675
-9.412,-37.54005806017195
-9.408,-38.884547218077124
-9.404,-40.11974935816091
-9.4,-41.25092174557193
-9.396,-42.28297089772364
-9.392,-43.22042254073243
-9.388,-44.06740955926825
-9.384,-44.82767144885089
-9.38,-45.50456083043183
-9.376,-46.101053993887334
-9.372,-46.61976340386505
-9.368,-47.0629507665161
-9.364,-47.43253971296356
-9.36,-47.73012746919739
-9.356,-47.95699509658136
-9.352,-48.114116032900796
-9.348,-48.20216276218229
-9.344,-48.221511507465365
-9.34,-48.17224488514827
-9.336,-48.054152490578204
-9.332,-47.866729408601934
-9.328,-47.60917266534616
-9.324,-47.28037566388345
-9.32,-46.87892068245776
-9.316,-46.40306956663407
-9.312,-45.85075282523877
-9.308,-45.21955745677875
-9.304,-44.506714005649144
-9.3,-43.709083600808455
-9.296,-42.82314609953792
-9.292,-41.84499099741352
-9.288,-40.77031354846378
-9.284,-39.59441967782982
-9.28,-38.31224492675055
-9.276,-36.91839508865321
-9.272,-35.407219735070846
-9.268,-33.77293502589039
-9.264,-32.00981984481615
-9.26,-30.112520573571125
-9.256,-28.07651643479559
-9.252,-25.898821739689026
-9.248,-23.579036872953566
-9.244,-21.120910374138663
-9.24,-18.53464320603503
-9.236,-15.839691216345502
-9.232,-13.016121860588669
-9.228,-9.85836868261974
-9.224,-6.227444183899685
-9.22,-2.2574724786988862
-9.216,1.7502446316181557
-9.212,5.454305598495427
-9.208,8.590529025532668
-9.204,11.13653637415703
-9.2,13.374340259532032
-9.196,15.516102418274906
-9.192,17.56517103339247
-9.188,19.508176871314983
-9.184,21.338688999952264
-9.18,23.054839693057524
-9.176,24.65767186467718
-9.172,26.150021506139588
-9.168,27.535767282672644
-9.164,28.819330240529048
-9.16,30.005343282285065
-9.156,31.098435648087786
-9.152,32.10309516191008
-9.148,33.02358291247664
-9.144,33.86388311621919
-9.14,34.62767639086765
-9.136,35.3183283955371
-9.132,35.9388883347757
-9.128,36.49209356228386
-9.124,36.98037771195938
-9.12,37.40588060294793
-9.116,37.770458728739065
-9.112,38.07569552779844
-9.108,38.32291089920078
-9.104,38.513169608656426
-9.1,38.647288354039794
-9.096,38.72584134307114
-9.092,38.749164291863806
-9.088,38.71735679076678
-9.084,38.63028301006144
-9.08,38.48757073790831
-9.076,38.28860876097544
-9.072,38.03254261867925
-9.068,37.71826878950963
-9.064,37.344427407958655
-9.06,36.90939367019958
-9.056,36.41126817544331
-9.052,35.84786658124275
-9.048,35.21670914394134
-9.044,34.51501099735048
-9.04,33.73967443317655
-9.036,32.887285043461034
-9.032,31.954114452891595
-9.028,30.936133631849202
-9.024000000000001,29.829042623570622
-9.02,28.628325214112813
-9.016,27.32934102820588
-9.012,25.92747335164284
-9.008,24.418359555987294
-9.004,22.798243643845648
-9.0,21.064509016934196
-8.996,19.21647665016031
-8.992,17.256592560291622
-8.988,15.192181567487745
-8.984,13.038194969471393
-8.98,10.859012948977496
-8.975999999999999,8.945697887480053
-8.972,7.629772844469043
-8.968,7.026956379387848
-8.964,7.133752860120819
-8.96,7.94156227274705
-8.956,9.438822999925277
-8.952,11.503151320296787
-8.948,13.81181969891739
-8.943999999999999,16.087680853139968
-8.94,18.268550648400183
-8.936,20.338786995615877
-8.932,22.29072823068725
-8.928,24.12184132732312
-8.924,25.832877207326682
-8.92,27.426621836635558
-8.916,28.907056829675945
-8.911999999999999,30.278799220603254
-8.908,31.546730794969484
-8.904,32.715755866355
-8.9,33.79064593087083
-8.896,34.775942930111725
-8.892,35.67590187251478
-8.888,36.49445968215541
-8.884,37.23522130349263
-8.879999999999999,37.90145692574582
-8.876,38.496106128820614
-8.872,39.02178608133349
-8.868,39.480801833992174
-8.864,39.875157379366605
-8.86,40.206566580864866
-8.856,40.47646337025666
-8.852,40.686010816034916
-8.847999999999999,40.83610880304585
-8.844,40.92740015719898
-8.84,40.96027511176963
-8.836,40.93487405392864
-8.832,40.851088519117816
-8.828,40.70856042249555
-8.824,40.50667953573782
-8.82,40.24457923850153
-8.816,39.9211306016
-8.812,39.53493489900399
-8.808,39.08431470535222
-8.804,38.56730382440714
-8.8,37.98163642533202
-8.796,37.324735956905904
-8.792,36.59370469232084
-8.788,35.785315168724416
-8.784,34.89600538405817
-8.78,33.92188048364644
-8.776,32.85872493505928
-8.772,31.70203103612156
-8.768,30.447052300768586
-8.764,29.088894226811316
-8.76,27.62266077252943
-8.756,26.04368345021853
-8.752,24.347872597836933
-8.748,22.53224900215157
-8.744,20.59574121575759
-8.74,18.54037288469085
-8.736,16.373018299169196
-8.732,14.107978956189683
-8.728,11.773832050751684
-8.724,9.440546311449909
-8.72,7.210706915806779
-8.716,5.187028624191496
-8.712,3.4854488805013433
-8.708,2.2445434668765447
-8.704,1.587711574418121
-8.7,1.5089864879853432
-8.696,1.7586368923661655
-8.692,2.056354857128132
-8.688,2.342597768203287
-8.684,2.614629451085163
-8.68,2.871331433749123
-8.676,3.11229588375139
-8.672,3.3375716781083544
-8.668,3.547492281248981
-8.664,3.7425599496318274
-8.66,3.9233683667737362
-8.656,4.090551383874284
-8.652,4.244749453821061
-8.648,4.386588036015016
-8.644,4.5166640805230145
-8.64,4.635537942235237
-8.636,4.743728918304681
-8.632,4.841713174709648
-8.628,4.929923217894181
-8.624,5.008748334023734
-8.62,5.078535601071142
-8.616,5.139591204405477
-8.612,5.192181872838983
-8.608,5.236536311436698
-8.604,5.2728465481664415
-8.6,5.301269139387544
-8.596,5.321926198200208
-8.592,5.334906222548323
-8.588000000000001,5.340264708618837
-8.584,5.3380245408856055
-8.58,5.328176154116787
-8.576,5.310677465577317
-8.572,5.285453578154328
-8.568,5.25239625780219
-8.564,5.211363192156156
-8.56,5.162177042110407
-8.556000000000001,5.104624305496292
-8.552,5.038454022939304
-8.548,4.963376372194037
-8.544,4.879061221127569
-8.54,4.785136744446362
-8.536,4.6811882601516945
-8.532,4.566757515716156
-8.528,4.441342761560573
-8.524000000000001,4.304400105953193
-8.52,4.155346873673938
-8.516,3.993568024364624
-8.512,3.8184271754857915
-8.508,3.6292844936864928
-8.504,3.4255247775859776
-8.5,3.2066006168443533
-8.496,2.9720978112397822
-8.492,2.721833594315509
-8.488,2.45600304338482
-8.484,2.175395793637572
-8.48,1.881711825539316
-8.475999999999999,1.5741077262922467
-8.472,1.2076556040555853
-8.468,0.7063618023442001
-8.464,0.05728589072559649
-8.46,-0.6941791201594826
-8.456,-1.483152517688933
-8.452,-2.2501170921246336
-8.448,-2.9600672012517775
-8.443999999999999,-3.618957997687562
-8.44,-4.251474403625373
-8.436,-4.859355862892735
-8.432,-5.437746803603009
-8.428,-5.984019664343459
-8.424,-6.497139715359378
-8.42,-6.977099500987645
-8.416,-7.424535005332542
-8.411999999999999,-7.8404671761476585
-8.408,-8.22612905645336
-8.404,-8.582851094869143
-8.4,-8.91198589741772
-8.396,-9.21485967133634
-8.392,-9.492741691493682
-8.388,-9.746825888548607
-8.384,-9.97822053571869
-8.379999999999999,-10.187943286575265
-8.376,-10.376919685020466
-8.372,-10.545983862006713
-8.368,-10.695880540037912
-8.364,-10.827267745583054
-8.36,-10.940719821443398
-8.356,-11.036730463132455
-8.352,-11.115715594047419
-8.347999999999999,-11.17801595636958
-8.344,-11.22389933701905
-8.34,-11.253562376697953
-8.336,-11.26713192936442
-8.332,-11.264665952432308
-8.328,-11.246153916807172
-8.324,-11.21151673224317
-8.32,-11.160606188819997
-8.316,-11.093203920843674
-8.312,-11.009019906442083
-8.308,-10.907690526015317
-8.304,-10.788776217339397
-8.3,-10.651758786952579
-8.296,-10.496038469843404
-8.292,-10.320930877177192
-8.288,-10.125664041654154
-8.284,-9.909375871935904
-8.28,-9.671112475703888
-8.276,-9.409828026244213
-8.272,-9.124387160705746
-8.268,-8.81357135472023
-8.264,-8.476091385105963
-8.26,-8.1106089697981
-8.256,-7.715772110509582
-8.252,-7.290270779423939
-8.248,-6.832922711178226
-8.244,-6.342803655756649
-8.24,-5.81944317393045
-8.236,-5.263116766535534
-8.232,-4.675278734772284
-8.228,-4.059198659289039
-8.224,-3.426791114189229
-8.22,-2.900062624653215
-8.216,-2.7328452113822754
-8.212,-3.0458183838721373
-8.208,-3.8061917068299405
-8.204,-4.934805245842923
-8.2,-6.360210547380786
-8.196,-8.011352113352034
-8.192,-9.779454785962793
-8.188,-11.538839746486103
-8.184,-13.234078551699346
-8.18,-14.849091401963896
-8.176,-16.375809762522387
-8.172,-17.810852393691476
-8.168,-19.15387126162674
-8.164,-20.406427447405484
-8.16,-21.571233429217816
-8.156,-22.65164581781317
-8.152,-23.65132838244367
-8.148,-24.574030554184603
-8.144,-25.423444098392327
-8.14,-26.203112588260094
-8.136,-26.91637641604876
-8.132,-27.566341574928465
-8.128,-28.155864176969008
-8.124,-28.68754521393038
-8.12,-29.163731802557418
-8.116,-29.586522344125157
-8.112,-29.957773843465397
-8.108,-30.27911019336599
-8.104,-30.551930615940446
-8.1,-30.777417717665948
-8.096,-30.956544796539088
-8.092,-31.090082163824135
-8.088,-31.178602326967862
-8.084,-31.222483936862055
-8.08,-31.221914440598944
-8.076,-31.176891406601225
-8.072,-31.087222507382936
-8.068,-30.95252416012536
-8.064,-30.772218840224713
-8.06,-30.545531101479355
-8.056000000000001,-30.27148236256868
-8.052,-29.948884557828443
-8.048,-29.57633280751972
-8.044,-29.15219734773081
-8.04,-28.674615085315928
-8.036,-28.14148132679549
-8.032,-27.550442497814306
-8.028,-26.898891059177597
-8.024000000000001,-26.183964391551473
-8.02,-25.402550244281187
-8.016,-24.551302543386775
-8.012,-23.626673105823432
-8.008,-22.624967373315734
-8.004,-21.542436048774537
-8.0,-20.375420069619928
-7.996,-19.120574538063465
-7.992,-17.77520928731989
-7.9879999999999995,-16.33780143803681
-7.984,-14.808760883948192
-7.98,-13.191565699684585
-7.976,-11.494432369245356
-7.9719999999999995,-9.724023778253981
-7.968,-7.6481931968274806
-7.964,-4.6055017911787814
-7.96,-0.2851871604338454
-7.9559999999999995,5.075739663742327
-7.952,11.0089411175886
-7.948,17.045236641400038
-7.944,22.848111411921668
-7.9399999999999995,28.326159503139735
-7.936,33.58857106867328
-7.932,38.66082735035236
-7.928,43.49937389347166
-7.9239999999999995,48.0777349021446
-7.92,52.384230209438805
-7.916,56.416785455846515
-7.912,60.17939992078485
-7.9079999999999995,63.679763174959135
-7.904,66.92765795706049
-7.9,69.933897917101
-7.896,72.70962816777983
-7.8919999999999995,75.26587148892044
-7.888,77.61324052451002
-7.884,79.76176177179596
-7.88,81.72077442751515
-7.8759999999999994,83.4988788781547
-7.872,85.10391759816903
-7.868,86.54297666438957
-7.864,87.82239982136798
-7.859999999999999,88.94780958949251
-7.856,89.92413166550115
-7.852,90.75562007423486
-7.848,91.44588136180414
-7.843999999999999,91.99789669054796
-7.84,92.41404108558594
-7.836,92.69609934706853
-7.832,92.84527832031928
-7.827999999999999,92.86221533549417
-7.824,92.74698270909467
-7.82,92.4990882566464
-7.816,92.11747181105633
-7.811999999999999,91.600497785057
-7.808,90.9459438690454
-7.804,90.15098602897268
-7.8,89.21218007678127
-7.795999999999999,88.12544024666401
-7.792,86.88601544944018
-7.788,85.48846423016347
-7.784,83.92662997142247
-7.779999999999999,82.19361863973917
-7.776,80.28178247105208
-7.772,78.1827145882553
-7.768,75.88726186623562
-7.763999999999999,73.38556674260619
-7.76,70.66715361102122
-7.756,67.72108266465851
-7.752,64.5362046749746
-7.747999999999999,61.101565821662206
-7.744,57.40703473637947
-7.74,53.44425788552104
-7.736,49.2080992509244
-7.731999999999999,44.69879257547336
-7.728,39.92513685545113
-7.724,34.90920360280457
-7.72,29.692030685110222
-7.715999999999999,24.288185534441034
-7.712,18.609688774436062
-7.708,12.695066473686502
-7.704,6.824036205716002
-7.699999999999999,1.4309203649472009
-7.696,-3.0122770427431838
-7.692,-6.188836811569954
-7.688000000000001,-8.256868940620366
-7.684,-9.87158712838202
-7.68,-11.40443034356605
-7.676,-12.868644334923152
-7.672000000000001,-14.255496647964321
-7.668,-15.560959360889967
-7.664,-16.78407613810801
-7.66,-17.92584116795789
-7.656000000000001,-18.988441930348305
-7.652,-19.974751272715036
-7.648,-20.887989191757246
-7.644,-21.7314997646722
-7.640000000000001,-22.508606065605917
-7.636,-23.222517796157575
-7.632,-23.87627443843173
-7.628,-24.472712218351
-7.6240000000000006,-25.014446885892088
-7.62,-25.503866848796612
-7.616,-25.943132922234046
-7.612,-26.334182137784726
-7.6080000000000005,-26.67873386517085
-7.604,-26.978297056902843
-7.6,-27.234177808991785
-7.596,-27.44748669422405
-7.5920000000000005,-27.6191455052006
-7.588,-27.74989316784897
-7.584,-27.840290670021727
-7.58,-27.890724906387536
-7.5760000000000005,-27.90141137878182
-7.572,-27.872395716774097
-7.568,-27.803554001100075
-7.564,-27.69459188648827
-7.5600000000000005,-27.545042533470053
-7.556,-27.354263374078066
-7.552,-27.1214317572758
-7.548,-26.84553955060068
-7.5440000000000005,-26.525386820161202
-7.54,-26.159574779063373
-7.536,-25.746498294722297
-7.532,-25.284338392829117
-7.5280000000000005,-24.771055410835316
-7.524,-24.204383766901543
-7.52,-23.5818297654031
-7.516,-22.900674521907796
-7.5120000000000005,-22.15798505424789
-7.508,-21.350637992761083
-7.504,-20.47536242109783
-7.5,-19.5288113802014
-7.496,-18.507676014399756
-7.492,-17.408862893584786
-7.4879999999999995,-16.22976470774425
-7.484,-14.968668720855897
-7.48,-13.62536800655207
-7.476,-12.202069849284662
-7.4719999999999995,-10.704735601708233
-7.468,-9.145864688527098
-7.464,-7.62169809844946
-7.46,-6.519786651902326
-7.4559999999999995,-6.188864585988823
-7.452,-6.684426646286838
-7.448,-7.9203730427750685
-7.444,-9.803940719652948
-7.4399999999999995,-12.248751040238545
-7.436,-15.09271369529025
-7.432,-18.054473034599127
-7.428,-20.93814915268476
-7.4239999999999995,-23.696731169992216
-7.42,-26.31227250902966
-7.416,-28.776206825981454
-7.412,-31.086080609812967
-7.4079999999999995,-33.24333801339403
-7.404,-35.251822975406526
-7.4,-37.1167735363601
-7.396,-38.84415141759308
-7.3919999999999995,-40.44019916037563
-7.388,-41.9111514175533
-7.384,-43.263050477530676
-7.38,-44.50163206575332
-7.3759999999999994,-45.63225829633812
-7.372,-46.65988199384225
-7.368,-47.58903160148383
-7.364,-48.423809299271646
-7.359999999999999,-49.16789728576325
-7.356,-49.82456877514371
-7.352,-50.39670135933391
-7.348,-50.88679114012692
-7.343999999999999,-51.29696655578115
-7.34,-51.62900118307218
-7.336,-51.884325039674735
-7.332,-52.064034077582775
-7.327999999999999,-52.16889767024298
-7.324,-52.19936397121457
-7.32,-52.15556307272159
-7.316,-52.03730792751459
-7.311999999999999,-51.84409302411283
-7.308,-51.57509082980007
-7.304,-51.22914604344234
-7.3,-50.804767737463195
-7.295999999999999,-50.300119522534246
-7.292,-49.71300794927166
-7.288,-49.04086948143947
-7.284,-48.28075655297223
-7.279999999999999,-47.42932348230278
-7.276,-46.4828133990449
-7.272,-45.437047893658566
-7.268,-44.28742190845903
-7.263999999999999,-43.028907562716654
-7.26,-41.656072314219884
-7.256,-40.163119353852146
-7.252,-38.54396177842404
-7.247999999999999,-36.79234744035941
-7.244,-34.90205924875356
-7.24,-32.8672273056373
-7.236,-30.682806376903855
-7.231999999999999,-28.345297354990876
-7.228,-25.853828024532437
-7.224,-23.21176081143213
-7.22,-20.4290670005774
-7.215999999999999,-17.525430963030875
-7.212,-14.465094511087957
-7.208,-10.859540411938912
-7.204,-6.329144167472325
-7.199999999999999,-0.9713118632086941
-7.196,4.802591204872291
-7.192,10.501789923605592
-7.188,15.719536361387949
-7.184,20.313247333341884
-7.18,24.508172108253998
-7.176,28.536504956683327
-7.172000000000001,32.39571566676484
-7.168,36.05878240930068
-7.164,39.51228181489617
-7.16,42.75182128786917
-7.156000000000001,45.778788797564346
-7.152,48.59815263226689
-7.148,51.21698272954585
-7.144,53.64346387922129
-7.140000000000001,55.88624290698733
-7.136,57.95400215620635
-7.132,59.855186029750556
-7.128,61.59783078275035
-7.1240000000000006,63.18946364805654
-7.12,64.63704815739466
-7.116,65.94695984997736
-7.112,67.12498155598351
-7.1080000000000005,68.17631085761761
-7.104,69.10557467170297
-7.1,69.91684750612842
-7.096,70.61367104871601
-7.0920000000000005,71.19907350795765
-7.088,71.6755876475856
-7.084,72.0452668145375
-7.08,72.30969850326947
-7.0760000000000005,72.47001516387171
-7.072,72.52690207190024
-7.068,72.48060215205052
-7.064,72.33091769888829
-7.0600000000000005,72.07720897600191
-7.056,71.71838970868453
-7.052,71.2529195225755
-7.048,70.67879343002302
-7.0440000000000005,69.99352853722655
-7.04,69.19414825123722
-7.036,68.27716442385021
-7.032,67.23855810331038
-7.0280000000000005,66.07375990861051
-7.024,64.77763154384056
-7.02,63.344450702230034
-7.016,61.767902674141226
-7.0120000000000005,60.041083521011885
-7.008,58.15652192985072
-7.004,56.106230148071326
-7.0,53.88179920234198
-6.996,51.474560650489344
-6.992,48.87584747705653
-6.9879999999999995,46.07740201341467
-6.984,43.072001279166834
-6.98,39.85440325995076
-6.976,36.422765973539605
-6.9719999999999995,32.78076049401948
-6.968,28.94069489584359
-6.964,24.92807799407958
-6.96,20.783206359721056
-6.9559999999999995,16.536816566502758
-6.952,12.247214894507024
-6.948,8.07437148931505
-6.944,4.276251074497813
-6.9399999999999995,1.1680032887036371
-6.936,-0.972909579333887
-6.932,-2.1168678555837266
-6.928,-2.680049105642798
-6.9239999999999995,-3.1345078267722255
-6.92,-3.5697738176398808
-6.916,-3.9833862478968065
-6.912,-4.37366031760455
-6.9079999999999995,-4.7399865368726415
-6.904,-5.082446263388804
-6.9,-5.401551130160615
-6.896,-5.698067760479489
-6.8919999999999995,-5.972900667836684
-6.888,-6.227014679093174
-6.884,-6.461384144393891
-6.88,-6.676960269757089
-6.8759999999999994,-6.874650680495531
-6.872,-7.055307204235639
-6.868,-7.219719137981908
-6.864,-7.368610130557336
-6.859999999999999,-7.502637402416202
-6.856,-7.622392428472765
-6.852,-7.728402486196506
-6.848,-7.821132661198237
-6.843999999999999,-7.900988033183514
-6.84,-7.968315855020466
-6.836,-8.023407599405742
-6.832,-8.066500789888757
-6.827999999999999,-8.097780561815155
-6.824,-8.117380918235911
-6.82,-8.125385658922008
-6.816,-8.121828969412714
-6.811999999999999,-8.106695663040034
-6.808,-8.079921073289427
-6.804,-8.04139059765261
-6.8,-7.990938898198282
-6.795999999999999,-7.928348769361512
-6.792,-7.853349691015773
-6.788,-7.765616096117733
-6.784,-7.664765398949291
-6.779999999999999,-7.550355854785029
-6.776,-7.42188435831349
-6.772,-7.278784341536442
-6.768,-7.1204240096751885
-6.763999999999999,-6.946105266758924
-6.76,-6.755063847052007
-6.756,-6.546471407813585
-6.752,-6.319440687814045
-6.747999999999999,-6.073035346065615
-6.744,-5.806286842924338
-6.74,-5.518221824956655
-6.736,-5.207905094599373
-6.731999999999999,-4.874505633932986
-6.728,-4.5173966669017265
-6.724,-4.136305882503722
-6.72,-3.7315393346739394
-6.715999999999999,-3.304312823589368
-6.712,-2.857239723056159
-6.708,-2.398072009974197
-6.704,-1.9721639157087927
-6.699999999999999,-1.653440471693816
-6.696,-1.477625231741236
-6.692,-1.4482847406102046
-6.688,-1.5638948283434988
-6.683999999999999,-1.8245425224262772
-6.68,-2.2146287897135424
-6.676,-2.6769647646361783
-6.672,-3.14310847859397
-6.668,-3.591414198741454
-6.664,-4.0179237791827935
-6.66,-4.420716737659606
-6.656000000000001,-4.799041549703158
-6.652,-5.152900357402999
-6.648,-5.482767151287575
-6.644,-5.789398009350471
-6.640000000000001,-6.0737041968474745
-6.636,-6.336667984250902
-6.632,-6.579287424710555
-6.628,-6.802540729390881
-6.6240000000000006,-7.007363874918818
-6.62,-7.194637109976851
-6.616,-7.365177406813574
-6.612,-7.5197348400554125
-6.6080000000000005,-7.6589915131197
-6.604,-7.7835620882870495
-6.6,-7.893995274993911
-6.596,-7.990775835862
-6.5920000000000005,-8.074326810918913
-6.588,-8.145011757415828
-6.584,-8.203136869269038
-6.58,-8.248952885798067
-6.5760000000000005,-8.282656730556283
-6.572,-8.304392842128317
-6.568,-8.314254172944416
-6.564,-8.312282841670273
-6.5600000000000005,-8.298470431206326
-6.556,-8.27275792901776
-6.552,-8.235035310434201
-6.548,-8.185140769627692
-6.5440000000000005,-8.122859608139164
-6.54,-8.047922798156572
-6.536,-7.960005248605669
-6.532,-7.858723818305164
-6.5280000000000005,-7.74363514446003
-6.524,-7.614233390151443
-6.52,-7.469948066281938
-6.516,-7.3101421589472
-6.5120000000000005,-7.134110903038716
-6.508,-6.9410817025404965
-6.504,-6.730215930254778
-6.5,-6.5006136782144415
-6.496,-6.251323024665121
-6.492,-5.981356108308727
-6.4879999999999995,-5.6897153656794295
-6.484,-5.375434856589294
-6.48,-5.037643916340993
-6.476,-4.67566378043358
-6.4719999999999995,-4.2891528147028275
-6.468,-3.87832318149233
-6.464,-3.444261852885821
-6.46,-2.989402467257593
-6.4559999999999995,-2.521078666885027
-6.452,-2.0991245359618484
-6.448,-1.844213687532558
-6.444,-1.8171579123138766
-6.4399999999999995,-2.0117552462820614
-6.436,-2.403593027695417
-6.432,-2.9719297850291135
-6.428,-3.6886578187884167
-6.4239999999999995,-4.490228971079864
-6.42,-5.295594178701589
-6.416,-6.07167238399611
-6.412,-6.810937489763749
-6.4079999999999995,-7.509727294413237
-6.404,-8.166514994764158
-6.4,-8.78115521394249
-6.396,-9.354371678624831
-6.3919999999999995,-9.887411908147172
-6.388,-10.381816062113828
-6.384,-10.839263404092247
-6.38,-11.261471396995145
-6.3759999999999994,-11.6501304251796
-6.372,-12.00686258058199
-6.368,-12.333196644124996
-6.364,-12.630553898787323
-6.359999999999999,-12.900241112025354
-6.356,-13.143448183510847
-6.352,-13.361248745030153
-6.348,-13.55460254095768
-6.343999999999999,-13.724358789457485
-6.34,-13.871259980155713
-6.336,-13.995945739851408
-6.332,-14.098956518683316
-6.327999999999999,-14.180736932016595
-6.324,-14.241638649845948
-6.32,-14.281922763838693
-6.316,-14.301761587939335
-6.311999999999999,-14.30123986575789
-6.308,-14.280355369697487
-6.304,-14.239018885161327
-6.3,-14.177053580008048
-6.295999999999999,-14.09419376629336
-6.292,-13.990083069845765
-6.288,-13.864272035184708
-6.284,-13.716215210946743
-6.279999999999999,-13.545267787316465
-6.276,-13.350681896064273
-6.272,-13.131602741453323
-6.268,-12.887064814751934
-6.263999999999999,-12.615988568289197
-6.26,-12.31717810422363
-6.256,-11.989320693735353
-6.252,-11.63098932131802
-6.247999999999999,-11.240650000997618
-6.244,-10.816676417756065
-6.24,-10.35737562869375
-6.236,-9.86103029376649
-6.231999999999999,-9.325965461423905
-6.228,-8.750651702705502
-6.224,-8.13386193839989
-6.22,-7.4749074394437045
-6.215999999999999,-6.773990254101537
-6.212,-6.032725898362382
-6.208,-5.254912174457613
-6.204,-4.4458713404876935
-6.199999999999999,-3.5672665199297997
-6.196,-2.5042505162764943
-6.192,-1.2160212859726935
-6.188,0.22755965281787702
-6.183999999999999,1.7064316363393028
-6.18,3.099160796683529
-6.176,4.325632353387893
-6.172,5.397205219845828
-6.167999999999999,6.3986104078968955
-6.164,7.3624470656085546
-6.16,8.28176202487255
-6.156000000000001,9.151565673094556
-6.152,9.969666190418197
-6.148,10.735687688914615
-6.144,11.450402008699712
-6.140000000000001,12.115277886208325
-6.136,12.732178870531556
-6.132,13.303162427506377
-6.128,13.830347679120871
-6.1240000000000006,14.315829614058137
-6.12,14.761624698690925
-6.116,15.169637634351545
-6.112,15.541642273020061
-6.1080000000000005,15.879271921166646
-6.104,16.184015770672595
-6.1,16.45721922581361
-6.096,16.70008660036452
-6.0920000000000005,16.91368514271446
-6.088,17.098949679479496
-6.084,17.256687396902656
-6.08,17.3875824366271
-6.0760000000000005,17.492200090312497
-6.072,17.570990451239688
-6.068,17.62429143104809
-6.064,17.652331083437062
-6.0600000000000005,17.6552291992525
-6.056,17.632998152651584
-6.052,17.585542988828628
-6.048,17.51266075236317
-6.0440000000000005,17.414039063606417
-6.04,17.28925396061498
-6.036,17.137767038152333
-6.032,16.958921935885055
-6.0280000000000005,16.751940258626444
-6.024,16.515917057153533
-6.02,16.249816065534947
-6.016,15.952464989747131
-6.0120000000000005,15.622551286584295
-6.008,15.258619081739528
-6.004,14.85906818101857
-6.0,14.422156572333982
-5.9959999999999996,13.946008462389315
-5.992,13.428630835511141
-5.9879999999999995,12.867942903575296
-5.984,12.261824844630164
-5.9799999999999995,11.60819521442105
-5.976,10.905130818627843
-5.9719999999999995,10.1510493228145
-5.968,9.344984397855656
-5.9639999999999995,8.48699701022676
-5.96,7.578786020311963
-5.9559999999999995,6.624587545892563
-5.952,5.634861775712472
-5.9479999999999995,4.735638035447309
-5.944,4.336134404381827
-5.9399999999999995,4.724973009898886
-5.936,5.894413998769434
-5.9319999999999995,7.712406058860648
-5.928,10.046336875945395
-5.9239999999999995,12.777912338519355
-5.92,15.748332090061464
-5.9159999999999995,18.747211105005146
-5.912,21.650811674637275
-5.9079999999999995,24.424080186908114
-5.904,27.0505816949512
-5.9,29.522774095858377
-5.896,31.83890397004351
-5.892,34.00089243260473
-5.888,36.012907248825286
-5.884,37.88040514451223
-5.88,39.60949416269064
-5.876,41.20651317321475
-5.872,42.67775844640129
-5.868,44.0293096315067
-5.864,45.26692271794116
-5.86,46.39596789007417
-5.856,47.42139720004424
-5.852,48.34773175422534
-5.848,49.179061364160304
-5.844,49.91905184002866
-5.84,50.570956632628516
-5.836,51.1376305799514
-5.832,51.62154423681987
-5.828,52.02479776276149
-5.824,52.34913368413008
-5.82,52.59594807940575
-5.816,52.76629989483949
-5.812,52.86091820431709
-5.808,52.880207298897965
-5.804,52.82424953974444
-5.8,52.692805941926515
-5.796,52.48531448284068
-5.792,52.20088615374794
-5.788,51.83829880205963
-5.784,51.39598885186358
-5.78,50.87204104855068
-5.776,50.264176460377286
-5.772,49.569739099208896
-5.768,48.78568171387803
-5.764,47.908551590162894
-5.76,46.93447760101073
-5.756,45.85916034687369
-5.752,44.67786809277887
-5.748,43.38544246914001
-5.744,41.97631973862058
-5.74,40.44457610996523
-5.736,38.784009499925006
-5.732,36.98827589874829
-5.728,35.051106963613556
-5.724,32.96664794993432
-5.72,30.729973494063366
-5.716,28.33786578769737
-5.712,25.789978977675997
-5.708,23.090569511854575
-5.704,20.251048047272803
-5.7,17.29214273694698
-5.696,14.117826509741876
-5.692,10.178455304235815
-5.688,5.0641489066062775
-5.684,-1.0532954915653014
-5.68,-7.676259459905664
-5.676,-14.249167513472704
-5.672,-20.337936172471675
-5.668,-25.81952700470126
-5.664,-30.93534631704799
-5.66,-35.86371407630114
-5.656,-40.57758542555203
-5.652,-45.04659893418158
-5.648,-49.256271830367396
-5.644,-53.202515189635726
-5.64,-56.88786501088433
-5.636,-60.31893395788209
-5.632,-63.504700592373254
-5.628,-66.4553690368152
-5.624,-69.18161580463152
-5.62,-71.69409889764539
-5.616,-74.00314423410168
-5.612,-76.11855163415773
-5.608,-78.04948101154827
-5.604,-79.80439192104261
-5.6,-81.39101811249347
-5.596,-82.8163645396542
-5.592,-84.08671823715646
-5.588,-85.2076671982211
-5.584,-86.1841232541885
-5.58,-87.02034624221312
-5.576,-87.71996763138691
-5.572,-88.28601238429704
-5.568,-88.72091824598539
-5.564,-89.02655193441576
-5.56,-89.20422189704341
-5.556,-89.25468742589443
-5.552,-89.17816400957935
-5.548,-88.97432486033856
-5.544,-88.64229859967975
-5.54,-88.18066312773304
-5.536,-87.58743574894456
-5.532,-86.86005969073919
-5.528,-85.99538724496077
-5.524,-84.98965990065903
-5.52,-83.8384860433729
-5.516,-82.5368171016209
-5.512,-81.07892347006403
-5.508,-79.45837219441336
-5.504,-77.66800935768383
-5.5,-75.69995149518302
-5.4959999999999996,-73.54559238333708
-5.492,-71.19563448488826
-5.4879999999999995,-68.6401586184945
-5.484,-65.86875169024835
-5.4799999999999995,-62.870721523493906
-5.476,-59.63544135729058
-5.4719999999999995,-56.152886533521425
-5.468,-52.41445530410876
-5.4639999999999995,-48.41420891756836
-5.46,-44.15072911556212
-5.4559999999999995,-39.62988110767066
-5.452,-34.86889331510295
-5.4479999999999995,-29.90215878817516
-5.444,-24.76129600109448
-5.4399999999999995,-19.368308948745188
-5.436,-13.693250859503207
-5.4319999999999995,-7.946940891096839
-5.428,-2.5222187112530463
-5.4239999999999995,2.117655625709794
-5.42,5.596644744807758
-5.4159999999999995,7.910447224827789
-5.412,9.608149645298388
-5.4079999999999995,11.183525473916603
-5.404,12.692350896021434
-5.3999999999999995,14.124346426753872
-5.396,15.474316313375779
-5.3919999999999995,16.740578130924476
-5.388,17.923697548161154
-5.384,19.02563191038933
-5.38,20.04915473654482
-5.376,20.997471691923796
-5.372,21.873966568056254
-5.368,22.682035350691415
-5.364,23.424979865894322
-5.36,24.1059416144363
-5.356,24.727862590463957
-5.352,25.29346407722271
-5.348,25.805237265598667
-5.344,26.265441486029424
-5.34,26.676107173966624
-5.336,27.039041600568346
-5.332,27.355836026497073
-5.328,27.62787336739642
-5.324,27.856335755861735
-5.32,28.042211588142038
-5.316,28.186301783025165
-5.312,28.2892250751003
-5.308,28.35142222862347
-5.304,28.373159101200677
-5.3,28.35452851539187
-5.296,28.295450916236426
-5.292,28.195673807583546
-5.288,28.054769973309494
-5.284,27.872134504142487
-5.28,27.646980670199913
-5.276,27.378334707372748
-5.272,27.065029627382543
-5.268,26.705698223442454
-5.264,26.298765535413175
-5.26,25.8424411735212
-5.256,25.33471209731743
-5.252,24.773336734366225
-5.248,24.1558417416496
-5.244,23.47952332106792
-5.24,22.7414558859236
-5.236,21.938512166712048
-5.232,21.06740073308995
-5.228,20.124729678702078
-5.224,19.107109289248402
-5.22,18.0113125178549
-5.216,16.834520944104263
-5.212,15.574696913043706
-5.208,14.231141550513474
-5.204,12.805325589513464
-5.2,11.30211755819081
-5.196,9.731702170655359
-5.192,8.166096771403241
-5.188,7.090588830219108
-5.184,7.135911332981067
-5.18,8.467197748571724
-5.176,10.924999525797105
-5.172,14.288964702016363
-5.168,18.369384643886075
-5.164,22.95457508876139
-5.16,27.727580911552028
-5.156,32.40617828673562
-5.152,36.89531740049671
-5.148,41.16068239805676
-5.144,45.18506092790116
-5.14,48.96227648031459
-5.136,52.4932403435895
-5.132,55.78327608310075
-5.128,58.84031989572728
-5.124,61.673718460367645
-5.12,64.29343263384195
-5.116,66.70951620080105
-5.112,68.93178070785014
-5.108,70.96958587914897
-5.104,72.83171442168948
-5.1,74.52630312795806
-5.096,76.06081108560998
-5.092,77.44201186953237
-5.088,78.67600073697413
-5.084,79.76821068720956
-5.08,80.72343319825794
-5.076,81.54584079504457
-5.072,82.23900952637196
-5.068,82.80594006212095
-5.064,83.2490765562451
-5.06,83.57032271687567
-5.056,83.77105472491775
-5.052,83.85213077695563
-5.048,83.81389711851413
-5.044,83.6561904955114
-5.04,83.37833699718222
-5.036,82.97914730290098
-5.032,82.45690838743135
-5.028,81.80937179379048
-5.024,81.03373866135807
-5.02,80.12664181330004
-5.016,79.08412538095885
-5.012,77.90162270010458
-5.008,76.57393359247934
-5.004,75.09520269976143
-5.0,73.45890134388573
-4.9959999999999996,71.65781656089257
-4.992,69.68405266107324
-4.9879999999999995,67.5290531499803
-4.984,65.18365446327249
-4.9799999999999995,62.6381882575234
-4.976,59.88265675330254
-4.9719999999999995,56.90701702699966
-4.968,53.701626945527565
-4.9639999999999995,50.25793020744909
-4.96,46.569494407194206
-4.9559999999999995,42.63356931837602
-4.952,38.45340923224986
-4.9479999999999995,34.04170978111313
-4.944,29.42562010014867
-4.9399999999999995,24.613972930918173
-4.936,19.208903579387677
-4.9319999999999995,12.566209549919504
-4.928,4.661336894492805
-4.9239999999999995,-3.9699998636116094
-4.92,-12.59405774111343
-4.9159999999999995,-20.539281589269663
-4.912,-27.464082689542376
-4.9079999999999995,-33.61273014468609
-4.904,-39.45684482150107
-4.8999999999999995,-45.070866106584035
-4.896,-50.41135104052519
-4.8919999999999995,-55.45446571518041
-4.888,-60.19094326303081
-4.8839999999999995,-64.62090572758757
-4.88,-68.75035057444494
-4.876,-72.58878510923378
-4.872,-76.14764467016366
-4.868,-79.43924342633426
-4.864,-82.47608623173312
-4.86,-85.27042481200878
-4.856,-87.8339789138638
-4.852,-90.17776839138097
-4.848,-92.3120193936184
-4.844,-94.24611949569415
-4.84,-95.98860456963104
-4.836,-97.54716562474705
-4.832,-98.92866756961945
-4.828,-100.13917440341243
-4.824,-101.18397710188705
-4.82,-102.0676216723823
-4.816,-102.79393568281344
-4.812,-103.3660521388867
-4.808,-103.78642997179072
-4.804,-104.05687066139883
-4.8,-104.17853069673873
-4.796,-104.15192969401888
-4.792,-103.9769540732643
-4.788,-103.65285625314286
-4.784,-103.17824937260542
-4.78,-102.55109759905658
-4.776,-101.76870214770231
-4.772,-100.82768322905613
-4.768,-99.72395827832746
-4.764,-98.45271702433298
-4.76,-97.00839425806896
-4.756,-95.38464160665413
-4.752,-93.57430027055344
-4.748,-91.56937763275818
-4.744,-89.36103203139857
-4.74,-86.939571997444
-4.736,-84.29447918354468
-4.732,-81.41446847240277
-4.728,-78.28760498101437
-4.724,-74.90150680381491
-4.72,-71.24367575072846
-4.716,-67.30201809470888
-4.712,-63.06564647946097
-4.708,-58.52609703947971
-4.704,-53.67915857620018
-4.7,-48.52760123273356
-4.696,-43.0852189249831
-4.692,-37.38276548085376
-4.688,-31.47202650289487
-4.684,-25.367446309601448
-4.68,-19.055103159408404
-4.676,-12.693824463383248
-4.672,-6.641715327400435
-4.668,-1.3754348957716522
-4.664,2.6351964886155406
-4.66,5.186065228298226
-4.656,6.68811986666308
-4.652,7.894232846046896
-4.648,9.048281270944942
-4.644,10.147460667151389
-4.64,11.18637199250874
-4.636,12.162776112983865
-4.632,13.076477496493833
-4.628,13.928565757616175
-4.624,14.720904497110723
-4.62,15.455789159898297
-4.616,16.135719802979136
-4.612,16.7632517821465
-4.608,17.340899181220106
-4.604,17.871073864923016
-4.6,18.356048505279354
-4.596,18.797935640237128
-4.592,19.198677342037605
-4.588,19.56004178775836
-4.584,19.883624195468496
-4.58,20.170850391316833
-4.576,20.422981823324502
-4.572,20.641121216109394
-4.568,20.82621832112669
-4.564,20.979075395948712
-4.56,21.100352168776404
-4.556,21.190570128070195
-4.552,21.250116033930013
-4.548,21.27924458604015
-4.544,21.278080208606212
-4.54,21.246617930084632
-4.536,21.18472334793603
-4.532,21.092131678779296
-4.528,20.968445904559115
-4.524,20.813134038050016
-4.52,20.62552554889995
-4.516,20.404807017823913
-4.512,20.15001712593429
-4.508,19.860041144673755
-4.504,19.533605178028058
-4.5,19.16927053499737
-4.4959999999999996,18.765428794493882
-4.492,18.3202983927929
-4.4879999999999995,17.831923953172392
-4.484,17.298180143950162
-4.4799999999999995,16.716782676633358
-4.476,16.085310261653845
-4.4719999999999995,15.401243105357851
-4.468,14.662026126624639
-4.4639999999999995,13.865168892662988
-4.46,13.00839990813861
-4.4559999999999995,12.089901191916306
-4.452,11.108661239053687
-4.4479999999999995,10.065002063673909
-4.444,8.961360793089147
-4.4399999999999995,7.803439308784596
-4.436,6.608845655268085
-4.4319999999999995,5.58499805535296
-4.428,5.253002171444677
-4.4239999999999995,5.905636136853127
-4.42,7.493577166853001
-4.4159999999999995,9.847086470918171
-4.412,12.806365922006137
-4.4079999999999995,16.223368448571208
-4.404,19.891022419139283
-4.3999999999999995,23.55783835959362
-4.396,27.09750601036243
-4.3919999999999995,30.473260557625373
-4.388,33.66692804299622
-4.3839999999999995,36.67056015085641
-4.38,39.482843262716536
-4.3759999999999994,42.10665539972092
-4.372,44.54741806492248
-4.368,46.81199197855342
-4.364,48.907942784466805
-4.36,50.84305770007563
-4.356,52.62503206966725
-4.352,54.26127071734849
-4.348,55.7587666061582
-4.344,57.1240312522874
-4.34,58.3630594516178
-4.336,59.48131639404459
-4.332,60.48373900757596
-4.328,61.37474595244848
-4.324,62.15825245479793
-4.32,62.83768738568225
-4.316,63.41601082797055
-4.312,63.89573094880582
-4.308,64.27891938985545
-4.304,64.56722465694166
-4.3,64.76188317345219
-4.296,64.86372778507629
-4.292,64.87319358600051
-4.288,64.79032099253722
-4.284,64.61475602965612
-4.28,64.34574782735206
-4.276,63.9821433545186
-4.272,63.52237945521496
-4.268,62.96447230393808
-4.264,62.30600447262349
-4.26,61.54410991557058
-4.256,60.67545734716741
-4.252,59.69623273621352
-4.248,58.602122005606496
-4.244,57.38829555866979
-4.24,56.049397028289555
-4.236,54.57953977142858
-4.232,52.97231626977532
-4.228,51.22082798344844
-4.224,49.31774668865937
-4.22,47.25542343144193
-4.216,45.026068720745315
-4.212,42.622038613066174
-4.208,40.03627760251861
-4.204,37.26299319297124
-4.2,34.298672183137874
-4.196,31.143599682436648
-4.192,27.80411402799799
-4.188,24.29592769744836
-4.184,20.646193420352365
-4.18,16.78168598744053
-4.176,12.36562264045652
-4.172,7.25181910256277
-4.168,1.681009804509282
-4.164,-3.9030629149983125
-4.16,-9.028798793103862
-4.156,-13.366632290088353
-4.152,-16.95669060411817
-4.148,-20.20505207683457
-4.144,-23.326502130824387
-4.14,-26.30745567695956
-4.136,-29.13039259329337
-4.132,-31.787298953023324
-4.128,-34.27635198355255
-4.124,-36.59965741747607
-4.12,-38.761721458550205
-4.116,-40.76842601069143
-4.112,-42.62634644233662
-4.108,-44.34230175593814
-4.104,-45.92306214738325
-4.1,-47.37516294665454
-4.096,-48.70479023844215
-4.092,-49.91771452027765
-4.088,-51.019256262117004
-4.084,-52.014272338029315
-4.08,-52.90715578476144
-4.076,-53.70184372600647
-4.072,-54.40182993667601
-4.068,-55.0101796455698
-4.064,-55.529544948087974
-4.06,-55.96217973233514
-4.056,-56.3099533867751
-4.052,-56.574362806906905
-4.048,-56.75654238776624
-4.044,-56.85727180325722
-4.04,-56.87698144991003
-4.036,-56.81575548431879
-4.032,-56.67333241968411
-4.028,-56.44910327506428
-4.024,-56.14210729759808
-4.02,-55.75102530938677
-4.016,-55.27417077380262
-4.012,-54.70947873908352
-4.008,-54.05449291111134
-4.004,-53.30635124715771
-4.0,-52.4617706690554
-3.9959999999999996,-51.51703179749355
-3.992,-50.46796505186668
-3.9879999999999995,-49.30994010448183
-3.984,-48.03786161470536
-3.9799999999999995,-46.64617553078739
-3.976,-45.128892230721185
-3.9719999999999995,-43.47963566858197
-3.968,-41.69173193007244
-3.9639999999999995,-39.7583568209021
-3.96,-37.67277126608314
-3.9559999999999995,-35.42868679452587
-3.952,-33.02082327645377
-3.9479999999999995,-30.44575029292165
-3.944,-27.703145978894185
-3.9399999999999995,-24.79766755095795
-3.936,-21.741709643930054
-3.9319999999999995,-18.55931960617476
-3.928,-15.283467291581452
-3.9239999999999995,-11.942717134184901
-3.92,-8.608490216199911
-3.9159999999999995,-5.4317641415280855
-3.912,-2.6303308422883913
-3.9079999999999995,-0.45050561276631185
-3.904,0.9302451620618393
-3.8999999999999995,1.5923299436532758
-3.896,1.9384376215739327
-3.8919999999999995,2.246495129998451
-3.888,2.5410755613856035
-3.8839999999999995,2.8203275402025034
-3.88,3.083355672972424
-3.8759999999999994,3.3299108800134594
-3.872,3.5601558849730446
-3.8679999999999994,3.7745066725965826
-3.864,3.9735260610424965
-3.8599999999999994,4.1578527680633615
-3.856,4.328154567170448
-3.8520000000000003,4.485097761992751
-3.848,4.629327693786224
-3.8440000000000003,4.761456687210731
-3.84,4.8820569857199425
-3.8360000000000003,4.991657005749017
-3.832,5.090739767867296
-3.8280000000000003,5.179742723816456
-3.824,5.259058445106842
-3.8200000000000003,5.329035808062405
-3.816,5.389981426486733
-3.8120000000000003,5.4421611631077615
-3.808,5.485801605966938
-3.8040000000000003,5.521091433675836
-3.8,5.548182619284684
-3.7960000000000003,5.567191440062077
-3.792,5.5781992723363825
-3.7880000000000003,5.581253158500801
-3.784,5.576366138636223
-3.7800000000000002,5.563517342921591
-3.776,5.542651843837338
-3.7720000000000002,5.513680269767422
-3.768,5.476478184584373
-3.7640000000000002,5.430885241822364
-3.76,5.376704127899348
-3.7560000000000002,5.31369931757092
-3.752,5.241595677781941
-3.748,5.160076975284568
-3.7439999999999998,5.068784371590249
-3.74,4.967315030018293
-3.7359999999999998,4.855221019579447
-3.732,4.732008787631116
-3.7279999999999998,4.597139600019802
-3.724,4.450031531998479
-3.7199999999999998,4.290063862492087
-3.716,4.116585118251635
-3.7119999999999997,3.9289265925046903
-3.708,3.726424013227287
-3.7039999999999997,3.508451289880078
-3.7,3.274472115761446
-3.6959999999999997,3.024117919510589
-3.692,2.7573046156693284
-3.6879999999999997,2.4744062527799797
-3.684,2.1765113906274265
-3.6799999999999997,1.8658432583957414
-3.676,1.5538204652640322
-3.6719999999999997,1.2918949091497092
-3.668,1.1352273044230752
-3.6639999999999997,1.0997911334325285
-3.66,1.1804812519432752
-3.6559999999999997,1.3709796064950226
-3.652,1.6650472590914698
-3.6479999999999997,2.0408490607502285
-3.644,2.4489658774269207
-3.6399999999999997,2.8493552678535328
-3.636,3.2328598423433457
-3.6319999999999997,3.5967997891204946
-3.628,3.939867725147337
-3.6239999999999997,4.261644859500521
-3.62,4.5622807932384015
-3.6159999999999997,4.842276803542469
-3.612,5.102340225702256
-3.6079999999999997,5.34328729314135
-3.604,5.5659788781083
-3.5999999999999996,5.771278524170119
-3.596,5.960025555294104
-3.5919999999999996,6.133018354362997
-3.588,6.291004469390422
-3.5839999999999996,6.4346752678003165
-3.58,6.56466358116394
-3.5759999999999996,6.681543274998387
-3.572,6.785830014755012
-3.5679999999999996,6.8779827298361225
-3.564,6.95840543597321
-3.5599999999999996,7.027449185319132
-3.556,7.085413988586294
-3.5519999999999996,7.132550605052307
-3.548,7.16906213148636
-3.5439999999999996,7.195105345027444
-3.54,7.210791771247096
-3.5359999999999996,7.216188459507915
-3.532,7.2113184550387315
-3.5279999999999996,7.196160962186275
-3.524,7.1706511970772295
-3.5199999999999996,7.134679931281219
-3.516,7.088092731798509
-3.5119999999999996,7.030688907647064
-3.508,6.962220180489151
-3.5039999999999996,6.882389107394216
-3.5,6.790847299712167
-3.4959999999999996,6.687193505534454
-3.492,6.570971657770806
-3.4879999999999995,6.441669040369591
-3.484,6.298714798764714
-3.4799999999999995,6.141479127576812
-3.476,5.969273624079198
-3.4719999999999995,5.781353522235764
-3.468,5.576922852173729
-3.4639999999999995,5.355144052621103
-3.46,5.115154271774282
-3.4559999999999995,4.856091633278722
-3.452,4.5771362785588625
-3.4479999999999995,4.277573259360837
-3.444,3.9568876820630488
-3.4399999999999995,3.614907360654215
-3.436,3.2520151936400206
-3.4319999999999995,2.8694630829513694
-3.428,2.469866777273782
-3.4239999999999995,2.072294179575086
-3.42,1.8026516822411605
-3.4159999999999995,1.82149380434027
-3.412,2.169442039860462
-3.4079999999999995,2.8049278964845246
-3.404,3.6713394213693804
-3.3999999999999995,4.7199689114034715
-3.396,5.896331538728863
-3.3919999999999995,7.119254929849552
-3.388,8.317348051327269
-3.3839999999999995,9.466747969311704
-3.38,10.558738264863466
-3.3759999999999994,11.588953660290343
-3.372,12.555840624030663
-3.3679999999999994,13.459650880154982
-3.364,14.301759401938927
-3.3599999999999994,15.084205711489403
-3.356,15.809387500305881
-3.3519999999999994,16.47985770898551
-3.348,17.09819172279478
-3.3439999999999994,17.666902002045024
-3.34,18.188384723173176
-3.3360000000000003,18.664887929215844
-3.332,19.098494027737797
-3.3280000000000003,19.491111743678058
-3.324,19.844474180982896
-3.3200000000000003,20.160140703750375
-3.316,20.43950107189679
-3.3120000000000003,20.683780763808294
-3.308,20.894046760573886
-3.3040000000000003,21.071213301725614
-3.3,21.216047284069703
-3.2960000000000003,21.329173085874974
-3.292,21.411076674080103
-3.2880000000000003,21.462108903178095
-3.284,21.482487948701664
-3.2800000000000002,21.472300841233444
-3.276,21.4315040826225
-3.2720000000000002,21.359923337695257
-3.268,21.257252204773394
-3.2640000000000002,21.12305007912187
-3.26,20.956739137512823
-3.2560000000000002,20.75760049228674
-3.252,20.52476959327742
-3.248,20.257231000664316
-3.2439999999999998,19.95381271805017
-3.24,19.613180372518347
-3.2359999999999998,19.233831670966534
-3.232,18.81409176970988
-3.2279999999999998,18.35211049636773
-3.224,17.845862802114247
-3.2199999999999998,17.293154461267374
-3.216,16.691635966710603
-3.2119999999999997,16.03882893132994
-3.208,15.33217130202907
-3.2039999999999997,14.569090628054763
-3.2,13.747118950305042
-3.1959999999999997,12.864069255712298
-3.192,11.918302825958055
-3.1879999999999997,10.909130525140002
-3.184,9.837410794189518
-3.1799999999999997,8.706434534683657
-3.176,7.523220124684831
-3.1719999999999997,6.297356929847675
-3.168,5.01465498691778
-3.1639999999999997,3.6524405697158344
-3.16,2.2443636969664746
-3.1559999999999997,0.8775647889235454
-3.152,-0.3355143337916848
-3.1479999999999997,-1.2910339451931083
-3.144,-1.9540581055828796
-3.1399999999999997,-2.4243716753406876
-3.136,-2.8452350471751813
-3.1319999999999997,-3.2490736656956507
-3.128,-3.6331935746907664
-3.1239999999999997,-3.995895759283248
-3.12,-4.336523947040412
-3.1159999999999997,-4.655093733416613
-3.112,-4.952040963309729
-3.1079999999999997,-5.228052334967479
-3.104,-5.483952139326024
-3.0999999999999996,-5.7206271440136485
-3.096,-5.938977335168381
-3.0919999999999996,-6.139884157283082
-3.088,-6.3241905664893645
-3.0839999999999996,-6.4926890278261915
-3.08,-6.646114818166283
-3.0759999999999996,-6.785142832862364
-3.072,-6.9103866638691525
-3.0679999999999996,-7.022399106284972
-3.064,-7.121673516872782
-3.0599999999999996,-7.208645631194997
-3.056,-7.283695571887617
-3.0519999999999996,-7.347149867202241
-3.048,-7.399283358448539
-3.0439999999999996,-7.440320915738119
-3.04,-7.47043890922184
-3.0359999999999996,-7.489766401832498
-3.032,-7.498386042198207
-3.0279999999999996,-7.496334644881103
-3.024,-7.483603450881319
-3.0199999999999996,-7.460138065544873
-3.016,-7.425838074540695
-3.0119999999999996,-7.3805563422564235
-3.008,-7.324098001655328
-3.0039999999999996,-7.256219151314237
-3.0,-7.176625285256248
-2.9959999999999996,-7.08496949594261
-2.992,-6.9808505126719
-2.9879999999999995,-6.863810669861043
-2.984,-6.7333339468563045
-2.9799999999999995,-6.588844289681985
-2.976,-6.429704525144472
-2.9719999999999995,-6.255216323086196
-2.968,-6.064621874090372
-2.9639999999999995,-5.857108258208311
-2.96,-5.631815930741555
-2.9559999999999995,-5.387853411246537
-2.952,-5.124321232139338
-2.9479999999999995,-4.840349632509172
-2.944,-4.535156590315953
-2.9399999999999995,-4.2081358892844465
-2.936,-3.8589894581113366
-2.9319999999999995,-3.4879247702544194
-2.928,-3.0959472567871265
-2.9239999999999995,-2.685291907952693
-2.92,-2.273229057069304
-2.9159999999999995,-2.0899330548043817
-2.912,-2.590862903813894
-2.9079999999999995,-3.95924859080772
-2.904,-6.085954193509333
-2.8999999999999995,-8.770535728858258
-2.896,-11.82877917030519
-2.8919999999999995,-15.107921810278219
-2.888,-18.46088941969541
-2.8839999999999995,-21.756470884757746
-2.88,-24.929156791601653
-2.8759999999999994,-27.95065045383308
-2.872,-30.806236690769733
-2.8679999999999994,-33.48984525509313
-2.864,-36.00099508109616
-2.8599999999999994,-38.34271841044052
-2.856,-40.520161884441656
-2.8519999999999994,-42.53965027824505
-2.848,-44.40806475518877
-2.8439999999999994,-46.13243438753116
-2.84,-47.71967203190701
-2.8359999999999994,-49.17640770224907
-2.832,-50.508887551209526
-2.8280000000000003,-51.722916722544774
-2.824,-52.8238312312923
-2.8200000000000003,-53.8164887227422
-2.816,-54.705271166668986
-2.8120000000000003,-55.49409473841692
-2.808,-56.1864236453041
-2.8040000000000003,-56.78528569286108
-2.8,-57.29328809816276
-2.7960000000000003,-57.712632547358915
-2.792,-58.04512883029996
-2.7880000000000003,-58.2922066142443
-2.784,-58.45492507393173
-2.7800000000000002,-58.53398019981141
-2.776,-58.52970967630391
-2.7720000000000002,-58.44209526954065
-2.768,-58.27076269809185
-2.7640000000000002,-58.01497898806618
-2.76,-57.673647342165076
-2.7560000000000002,-57.245299587370546
-2.752,-56.728086315365275
-2.748,-56.11976490279637
-2.7439999999999998,-55.41768570736151
-2.74,-54.618776897367304
-2.7359999999999998,-53.71952861072674
-2.732,-52.71597748847696
-2.7279999999999998,-51.60369313699912
-2.724,-50.37776881375301
-2.7199999999999998,-49.03281970792054
-2.716,-47.56299375336705
-2.7119999999999997,-45.962002193090306
-2.708,-44.22318044725564
-2.7039999999999997,-42.33959471917349
-2.7,-40.304216946324786
-2.6959999999999997,-38.11020126698226
-2.692,-35.75131074962257
-2.6879999999999997,-33.22256607691425
-2.684,-30.521221496447147
-2.6799999999999997,-27.64822198092275
-2.676,-24.610363969363757
-2.6719999999999997,-21.423472646856517
-2.668,-18.106780675835395
-2.6639999999999997,-14.44328667991009
-2.66,-9.83398913652492
-2.6559999999999997,-4.061467436185437
-2.652,2.5503762627050546
-2.6479999999999997,9.443240586634483
-2.644,16.05938224258332
-2.6399999999999997,22.029024189041067
-2.636,27.37521662334076
-2.6319999999999997,32.42255446620542
-2.628,37.28198059827082
-2.6239999999999997,41.91581967239138
-2.62,46.29932835145229
-2.6159999999999997,50.42173292445053
-2.612,54.28132128065899
-2.6079999999999997,57.882103867372905
-2.604,61.23156128373687
-2.5999999999999996,64.33913530327088
-2.596,67.21522557170535
-2.5919999999999996,69.8705292844028
-2.588,72.31561307576598
-2.5839999999999996,74.56064180362944
-2.58,76.61521298085403
-2.5759999999999996,78.4882619290456
-2.572,80.18801381174387
-2.5679999999999996,81.72196624717894
-2.564,83.09689134915331
-2.5599999999999996,84.3188495690212
-2.556,85.39321013032445
-2.5519999999999996,86.3246745103362
-2.548,87.11730056653717
-2.5439999999999996,87.77452569237201
-2.54,88.29918792586945
-2.5359999999999996,88.69354430293288
-2.532,88.95928599693518
-2.5279999999999996,89.09754995455786
-2.524,89.10892685066726
-2.5199999999999996,88.99346526135919
-2.516,88.7506720083417
-2.5119999999999996,88.37950867097061
-2.508,87.87838430452321
-2.5039999999999996,87.24514445459552
-2.5,86.47705662890093
-2.4959999999999996,85.57079249281797
-2.492,84.52240721171374
-2.4879999999999995,83.3273165959187
-2.484,81.98027304786591
-2.4799999999999995,80.47534181464587
-2.476,78.80587978425152
-2.4719999999999995,76.96452013325828
-2.468,74.9431676883829
-2.4639999999999995,72.7330121253808
-2.46,70.32456942230428
-2.4559999999999995,67.70776679303715
-2.452,64.87209336855453
-2.4479999999999995,61.80684923415863
-2.444,58.501540655749565
-2.4399999999999995,54.94649177667414
-2.436,51.13377614530931
-2.4319999999999995,47.0586199564032
-2.428,42.72149925085717
-2.4239999999999995,38.131252843875494
-2.42,33.309666319184394
-2.4159999999999995,28.297525161196614
-2.412,23.13900419413372
-2.4079999999999995,17.86012440025174
-2.404,12.576994424594776
-2.3999999999999995,7.548062389585036
-2.396,3.1377366374556446
-2.3919999999999995,-0.2598315837048082
-2.388,-2.397758956847476
-2.3839999999999995,-3.483140422965554
-2.38,-4.172339920768435
-2.3759999999999994,-4.815288802529942
-2.372,-5.429215955181441
-2.3679999999999994,-6.010546572679383
-2.364,-6.557649250886472
-2.3599999999999994,-7.070161290561604
-2.356,-7.548524719572369
-2.3519999999999994,-7.99367298493752
-2.348,-8.406820852228373
-2.3439999999999994,-8.789324546943762
-2.34,-9.14258955264689
-2.3359999999999994,-9.468010682619292
-2.332,-9.766933964804958
-2.3279999999999994,-10.040633223840144
-2.324,-10.2902965116932
-2.3200000000000003,-10.517019077742196
-2.316,-10.721800616359932
-2.3120000000000003,-10.905545244604859
-2.308,-11.069063151553543
-2.3040000000000003,-11.213073196236728
-2.3,-11.338205961689201
-2.2960000000000003,-11.445006931216179
-2.292,-11.533939562028621
-2.2880000000000003,-11.60538810621741
-2.284,-11.659660080163622
-2.2800000000000002,-11.696988318204811
-2.276,-11.71753256979248
-2.2720000000000002,-11.721380615079482
-2.268,-11.708548884469801
-2.2640000000000002,-11.678982575087318
-2.26,-11.632555262914906
-2.2560000000000002,-11.569068014853887
-2.252,-11.488248011451065
-2.248,-11.389746699959892
-2.2439999999999998,-11.273137510470601
-2.24,-11.137913187323559
-2.2359999999999998,-10.983482816994213
-2.232,-10.809168676442036
-2.2279999999999998,-10.614203088714323
-2.224,-10.39772556427722
-2.2199999999999998,-10.158780639980712
-2.216,-9.8963170215469
-2.2119999999999997,-9.609188917542632
-2.208,-9.29616086356942
-2.2039999999999997,-8.955917934944582
-2.2,-8.587084123675242
-2.1959999999999997,-8.188252943695938
-2.192,-7.758036224324922
-2.1879999999999997,-7.2951398471536475
-2.184,-6.798479301623506
-2.1799999999999997,-6.267353984057437
-2.176,-5.701707956792362
-2.1719999999999997,-5.102517378660525
-2.168,-4.472361756902229
-2.1639999999999997,-3.818346406405138
-2.16,-3.3093534452491187
-2.1559999999999997,-3.651294242232972
-2.152,-5.413895751431439
-2.1479999999999997,-8.57687106981186
-2.144,-12.827411819173669
-2.1399999999999997,-17.82624154554629
-2.136,-23.291646780211614
-2.1319999999999997,-28.976417746291627
-2.128,-34.64198611782325
-2.1239999999999997,-40.13243981498614
-2.12,-45.382581481793295
-2.1159999999999997,-50.35905823928439
-2.112,-55.04608349703894
-2.1079999999999997,-59.43933240052758
-2.104,-63.54178034923131
-2.0999999999999996,-67.36088988126495
-2.096,-70.90672242347213
-2.0919999999999996,-74.19067990417687
-2.088,-77.22467384570558
-2.0839999999999996,-80.02058401898843
-2.08,-82.5899128729736
-2.0759999999999996,-84.9435719440432
-2.072,-87.09175679061524
-2.0679999999999996,-89.04388080136499
-2.064,-90.80854761283194
-2.0599999999999996,-92.39354827446073
-2.056,-93.80587367829291
-2.0519999999999996,-95.05173577385565
-2.048,-96.13659315255914
-2.0439999999999996,-97.06517800557135
-2.04,-97.84152243539722
-2.0359999999999996,-98.46898277152262
-2.032,-98.95026099869551
-2.0279999999999996,-99.28742271795096
-2.024,-99.48191127074595
-2.0199999999999996,-99.53455779766593
-2.016,-99.44558709812921
-2.0119999999999996,-99.21461922350518
-2.008,-98.84066678650846
-2.0039999999999996,-98.32212801611587
-2.0,-97.65677564054008
-1.9960000000000004,-96.84174175281376
-1.991999999999999,-95.87349891850963
-1.9879999999999995,-94.74783794145279
-1.984,-93.45984293600205
-1.9800000000000004,-92.0038646986404
-1.975999999999999,-90.3734938769704
-1.9719999999999995,-88.5615361724299
-1.968,-86.55999288778943
-1.9640000000000004,-84.36005169304264
-1.959999999999999,-81.95209475513727
-1.9559999999999995,-79.32573468453295
-1.952,-76.46989357734678
-1.9480000000000004,-73.37294749226454
-1.943999999999999,-70.02296906150814
-1.9399999999999995,-66.40811617857229
-1.936,-62.5172371755989
-1.9320000000000004,-58.34079602966395
-1.927999999999999,-53.8722698182289
-1.9239999999999995,-49.11024153510119
-1.92,-44.06151255353904
-1.9160000000000004,-38.74569742951907
-1.911999999999999,-33.20112932380383
-1.9079999999999995,-27.370687533575772
-1.904,-20.639762137524144
-1.9000000000000004,-12.461907360738103
-1.895999999999999,-3.0606985964961364
-1.8919999999999995,6.846035453234361
-1.888,16.416694065045146
-1.8840000000000003,24.966323887560712
-1.879999999999999,32.30682850008126
-1.8759999999999994,38.926401685828715
-1.8719999999999999,45.27458030375164
-1.8680000000000003,51.35373500404102
-1.863999999999999,57.12218405973407
-1.8599999999999994,62.559412338940746
-1.8559999999999999,67.65892078261157
-1.8520000000000003,72.42317266107479
-1.847999999999999,76.86017348623791
-1.8439999999999994,80.98117314959795
-1.8399999999999999,84.79913288099357
-1.8360000000000003,88.32771146601469
-1.831999999999999,91.58060327866221
-1.8279999999999994,94.57111425048754
-1.8239999999999998,97.31189832504785
-1.8200000000000003,99.8148016529507
-1.815999999999999,102.09077854572102
-1.8119999999999994,104.14985460280182
-1.8079999999999998,106.0011201950353
-1.8040000000000003,107.6527427998599
-1.8000000000000007,109.1119903252341
-1.7959999999999994,110.3852600612128
-1.7919999999999998,111.47810961900308
-1.7880000000000003,112.39528740094251
-1.7840000000000007,113.14076095755668
-1.7799999999999994,113.71774214398572
-1.7759999999999998,114.12870836647674
-1.7720000000000002,114.37541946533854
-1.7680000000000007,114.45892995240258
-1.7639999999999993,114.37959643641301
-1.7599999999999998,114.13708014933027
-1.7560000000000002,113.7303445462342
-1.7520000000000007,113.15764800475006
-1.7479999999999993,112.4165317092914
-1.7439999999999998,111.50380288429301
-1.7400000000000002,110.4155136548174
-1.7360000000000007,109.14693598283645
-1.7319999999999993,107.69253338058616
-1.7279999999999998,106.04593047707294
-1.7240000000000002,104.19988206448984
-1.7200000000000006,102.1462440562277
-1.7159999999999993,99.87594996043013
-1.7119999999999997,97.37899817753248
-1.7080000000000002,94.644457908219
-1.7040000000000006,91.66050506503946
-1.6999999999999993,88.414504841481
-1.6959999999999997,84.89316528567657
-1.6920000000000002,81.08279751019585
-1.6880000000000006,76.96973476677998
-1.6839999999999993,72.54098707646592
-1.6799999999999997,67.7852441728999
-1.6760000000000002,62.694392558144216
-1.6720000000000006,57.26578985012398
-1.6679999999999993,51.505650459850486
-1.6639999999999997,45.43404952081976
-1.6600000000000001,39.09223107985504
-1.6560000000000006,32.547631086665625
-1.6519999999999992,25.8756872161574
-1.6479999999999997,19.207247360877773
-1.6440000000000001,12.806465938152868
-1.6400000000000006,7.0702637697734145
-1.6359999999999992,2.4778119551672217
-1.6319999999999997,-0.5574243574361027
-1.6280000000000001,-2.0248819458601934
-1.6240000000000006,-2.6131793739431175
-1.6199999999999992,-3.0529827348841345
-1.6159999999999997,-3.473867145205198
-1.612,-3.87368770810309
-1.6080000000000005,-4.250861183191214
-1.6039999999999992,-4.6048288712848855
-1.5999999999999996,-4.93568965254488
-1.596,-5.243951357167469
-1.5920000000000005,-5.530363558178011
-1.5879999999999992,-5.795805899397899
-1.5839999999999996,-6.041214142502328
-1.58,-6.267531776314603
-1.5760000000000005,-6.475678919034183
-1.5719999999999992,-6.666532889877025
-1.5679999999999996,-6.840916621339253
-1.564,-6.9995923007795495
-1.5600000000000005,-7.14325845742162
-1.5559999999999992,-7.272549274713173
-1.5519999999999996,-7.388035293328794
-1.548,-7.49022493420272
-1.5440000000000005,-7.579566452369558
-1.5399999999999991,-7.656450057148379
-1.5359999999999996,-7.721210020017151
-1.532,-7.774126650469748
-1.5280000000000005,-7.815428060504084
-1.5239999999999991,-7.845291665877977
-1.5199999999999996,-7.8638453908601305
-1.516,-7.8711685556940925
-1.5120000000000005,-7.867292434377803
-1.5079999999999991,-7.852200476108924
-1.5039999999999996,-7.825828187985592
-1.5,-7.788062680223378
-1.4960000000000004,-7.738741879119653
-1.491999999999999,-7.677653418170743
-1.4879999999999995,-7.604533225183643
-1.484,-7.519063834266818
-1.4800000000000004,-7.4208724680454825
-1.475999999999999,-7.309528959836203
-1.4719999999999995,-7.184543621399178
-1.468,-7.045365214367373
-1.4640000000000004,-6.891379259918679
-1.459999999999999,-6.721907032448754
-1.4559999999999995,-6.536205744649323
-1.452,-6.333470666617491
-1.4480000000000004,-6.112840264588631
-1.443999999999999,-5.873405946249207
-1.4399999999999995,-5.614228734666532
-1.436,-5.334366273658563
-1.4320000000000004,-5.032915159986894
-1.427999999999999,-4.709075946082251
-1.4239999999999995,-4.36225161268589
-1.42,-3.992195360181338
-1.4160000000000004,-3.599230826445502
-1.411999999999999,-3.184577922730992
-1.4079999999999995,-2.75086576857373
-1.404,-2.3434124777829344
-1.4000000000000004,-2.4243326569516532
-1.395999999999999,-3.7072230985224763
-1.3919999999999995,-6.389396727684285
-1.388,-10.23655638829391
-1.3840000000000003,-14.901659027031352
-1.379999999999999,-20.077027527493808
-1.3759999999999994,-25.5148011014373
-1.3719999999999999,-30.997621423539716
-1.3680000000000003,-36.355252028215645
-1.363999999999999,-41.50274849193804
-1.3599999999999994,-46.39836688491177
-1.3559999999999999,-51.02064688555448
-1.3520000000000003,-55.361354411982795
-1.347999999999999,-59.42077471564722
-1.3439999999999994,-63.20451936639522
-1.3399999999999999,-66.72137682190052
-1.3360000000000003,-69.98187541983847
-1.331999999999999,-72.99733044957576
-1.3279999999999994,-75.77921936786218
-1.3239999999999998,-78.33877906483741
-1.3200000000000003,-80.68675303708113
-1.315999999999999,-82.83323935942667
-1.3119999999999994,-84.78760597106962
-1.3079999999999998,-86.55845040612446
-1.3040000000000003,-88.15358832904067
-1.299999999999999,-89.5800601748545
-1.2959999999999994,-90.84414857824768
-1.2919999999999998,-91.95140159909027
-1.2880000000000003,-92.90665835006365
-1.2840000000000007,-93.71407473119716
-1.2799999999999994,-94.3771477314092
-1.2759999999999998,-94.89873727455655
-1.2720000000000002,-95.28108494020715
-1.2680000000000007,-95.52582912814896
-1.2639999999999993,-95.63401639622165
-1.2599999999999998,-95.60610880876803
-1.2560000000000002,-95.44198720645235
-1.2520000000000007,-95.140950361558
-1.2479999999999993,-94.70171002781733
-1.2439999999999998,-94.12238194091049
-1.2400000000000002,-93.40047288585717
-1.2360000000000007,-92.5328640331166
-1.2319999999999993,-91.51579087203164
-1.2279999999999998,-90.34482025935823
-1.2240000000000002,-89.01482538110287
-1.2200000000000006,-87.51995983895836
-1.2159999999999993,-85.85363267717096
-1.2119999999999997,-84.00848704688458
-1.2080000000000002,-81.9763864866162
-1.2040000000000006,-79.74841466060401
-1.1999999999999993,-77.3148971072661
-1.1959999999999997,-74.66545750080576
-1.1920000000000002,-71.78912670216656
-1.1880000000000006,-68.67453133641745
-1.1839999999999993,-65.31020106895559
-1.1799999999999997,-61.68505207217105
-1.1760000000000002,-57.78913118788605
-1.1720000000000006,-53.61474506374002
-1.1679999999999993,-49.15815674019397
-1.1639999999999997,-44.42211609176994
-1.1600000000000001,-39.419607872230756
-1.1560000000000006,-34.17935051455265
-1.1519999999999992,-28.732749904508818
-1.1479999999999997,-22.823949123238105
-1.1440000000000001,-15.921511538665111
-1.1400000000000006,-7.986070856029851
-1.1359999999999992,0.49265268991980055
-1.1319999999999997,8.806929991529326
-1.1280000000000001,16.279697378859822
-1.1240000000000006,22.54436007956181
-1.1199999999999992,27.86114673961093
-1.1159999999999997,32.82906733867145
-1.112,37.60461250805776
-1.1080000000000005,42.152061417800496
-1.1039999999999992,46.44945620971499
-1.0999999999999996,50.48778804272577
-1.096,54.26641742607732
-1.0920000000000005,57.789963469295685
-1.0879999999999992,61.06620777275142
-1.0839999999999996,64.10469166254344
-1.08,66.91578476386094
-1.0760000000000005,69.51007316634029
-1.0719999999999992,71.89796390841717
-1.0679999999999996,74.08943555875538
-1.064,76.09388710405227
-1.0600000000000005,77.92005256525715
-1.0559999999999992,79.57595909639953
-1.0519999999999996,81.0689133552556
-1.048,82.40550573926112
-1.0440000000000005,83.59162537010143
-1.0399999999999991,84.63248096896218
-1.0359999999999996,85.53262431731243
-1.032,86.29597406638102
-1.0280000000000005,86.92583839267816
-1.0239999999999991,87.42493550018028
-1.0199999999999996,87.79541131312067
-1.016,88.03885393603818
-1.0120000000000005,88.15630461432454
-1.0079999999999991,88.14826503353463
-1.0039999999999996,88.01470086701929
-1.0,87.75504153256216
-0.9960000000000004,87.36817616062373
-0.9919999999999991,86.85244581933748
-0.9879999999999995,86.20563209445926
-0.984,85.42494219725965
-0.9800000000000004,84.50699088387513
-0.9759999999999991,83.44777963443472
-0.9719999999999995,82.2426737849889
-0.968,80.88637866595964
-0.9640000000000004,79.37291632918485
-0.9599999999999991,77.69560521606422
-0.9559999999999995,75.84704624010843
-0.952,73.81912038638771
-0.9480000000000004,71.6030053002671
-0.9439999999999991,69.18922179095607
-0.9399999999999995,66.56772621951433
-0.9359999999999999,63.728072130141726
-0.9320000000000004,60.65967533976348
-0.927999999999999,57.35223268941892
-0.9239999999999995,53.79636823738702
-0.9199999999999999,49.98461540111568
-0.9160000000000004,45.91289443473666
-0.911999999999999,41.582718206787156
-0.9079999999999995,37.004462723310574
-0.9039999999999999,32.2021759954898
-0.9000000000000004,27.220374493638083
-0.895999999999999,22.129743352459396
-0.8919999999999995,17.038116157129593
-0.8879999999999999,12.119347336196745
-0.8840000000000003,7.6303334756593175
-0.879999999999999,3.903598353877194
-0.8759999999999994,1.2842529634176845
-0.8719999999999999,-0.060763876658685656
-0.8680000000000003,-0.44612985088286417
-0.863999999999999,-0.5416470146133598
-0.8599999999999994,-0.6226252474307755
-0.8559999999999999,-0.6998346442977418
-0.8520000000000003,-0.7728666656160313
-0.847999999999999,-0.8415440679473465
-0.8439999999999994,-0.9058398343446553
-0.8399999999999999,-0.9658217795201932
-0.8360000000000003,-1.021615185802695
-0.831999999999999,-1.0733777736776358
-0.8279999999999994,-1.1212830618089324
-0.8239999999999998,-1.165509417164047
-0.8200000000000003,-1.2062329574988437
-0.815999999999999,-1.2436230566198192
-0.8119999999999994,-1.2778396021592595
-0.8079999999999998,-1.3090314263997536
-0.8040000000000003,-1.3373355145514745
-0.7999999999999989,-1.3628767200309222
-0.7959999999999994,-1.3857678017135273
-0.7919999999999998,-1.4061096566118916
-0.7880000000000003,-1.4239916615633061
-0.7839999999999989,-1.4394920650999783
-0.7799999999999994,-1.4526783896545128
-0.7759999999999998,-1.4636078173006342
-0.7720000000000002,-1.4723275411763852
-0.7680000000000007,-1.4788750708462868
-0.7639999999999993,-1.4832784840035702
-0.7599999999999998,-1.4855566197053804
-0.7560000000000002,-1.4857192102060073
-0.7520000000000007,-1.4837669497197332
-0.7479999999999993,-1.4796914993425354
-0.7439999999999998,-1.4734754280799693
-0.7400000000000002,-1.465092090634185
-0.7360000000000007,-1.454505443461534
-0.7319999999999993,-1.4416698018080683
-0.7279999999999998,-1.4265295421911992
-0.7240000000000002,-1.4090187574212838
-0.7200000000000006,-1.3890608751591846
-0.7159999999999993,-1.3665682567633812
-0.7119999999999997,-1.3414418016205432
-0.7080000000000002,-1.3135705944673817
-0.7040000000000006,-1.2828316511295133
-0.6999999999999993,-1.2490898441487936
-0.6959999999999997,-1.2121981276514038
-0.6920000000000002,-1.1719982359886105
-0.6880000000000006,-1.128322111254188
-0.6839999999999993,-1.080994432763992
-0.6799999999999997,-1.0298367948530185
-0.6760000000000002,-0.9746743344556145
-0.6720000000000006,-0.9153459860924842
-0.6679999999999993,-0.8517200961505316
-0.6639999999999997,-0.7837179413132916
-0.6600000000000001,-0.7113488746097217
-0.6560000000000006,-0.6347624889205115
-0.6519999999999992,-0.5543254258343145
-0.6479999999999997,-0.4734261872478254
-0.6440000000000001,-0.5029821638144341
-0.6400000000000006,-0.9969915374632132
-0.6359999999999992,-2.176116500044367
-0.6319999999999997,-3.9862654040745498
-0.6280000000000001,-6.255580808889512
-0.6240000000000006,-8.809441626920128
-0.6199999999999992,-11.507837729727903
-0.6159999999999997,-14.244388425125113
-0.6120000000000001,-16.939268609380456
-0.6080000000000005,-19.54292757415239
-0.6039999999999992,-22.028772885468545
-0.5999999999999996,-24.38241812985406
-0.5960000000000001,-26.597334443221822
-0.5920000000000005,-28.672104410620353
-0.5879999999999992,-30.608551501303488
-0.5839999999999996,-32.41047706229745
-0.5800000000000001,-34.0828134353393
-0.5760000000000005,-35.631060267757704
-0.5719999999999992,-37.06091295525722
-0.5679999999999996,-38.37802119500314
-0.5640000000000001,-39.58783547606303
-0.5600000000000005,-40.69551281603863
-0.5559999999999992,-41.705862195370784
-0.5519999999999996,-42.623316346785025
-0.548,-43.4519207796901
-0.5440000000000005,-44.195333800296225
-0.5399999999999991,-44.85683325970017
-0.5359999999999996,-45.43932711470599
-0.532,-45.94536581579615
-0.5280000000000005,-46.3771551761666
-0.5239999999999991,-46.736568815460274
-0.5199999999999996,-47.02515957350681
-0.516,-47.244169495512885
-0.5120000000000005,-47.394538130131636
-0.5079999999999991,-47.47690897623129
-0.5039999999999996,-47.49163397748364
-0.5,-47.43877600660599
-0.49600000000000044,-47.318109311048794
-0.4919999999999991,-47.12911791535252
-0.48799999999999955,-46.87099199769412
-0.484,-46.542622284555065
-0.4800000000000004,-46.14259254375102
-0.4759999999999991,-45.66917030928064
-0.47199999999999953,-45.12029605078175
-0.46799999999999997,-44.49357111837223
-0.4640000000000004,-43.7862449679464
-0.4599999999999991,-42.99520242768354
-0.4559999999999995,-42.11695213979031
-0.45199999999999996,-41.147617854740275
-0.4480000000000004,-40.08293504501994
-0.44399999999999906,-38.918256453775115
-0.4399999999999995,-37.648571866148274
-0.43599999999999994,-36.26854983212436
-0.4320000000000004,-34.772612642686425
-0.42799999999999905,-33.15506110624082
-0.4239999999999995,-31.410273392553567
-0.41999999999999993,-29.53301359362856
-0.41600000000000037,-27.518902427232607
-0.41199999999999903,-25.365127139578604
-0.4079999999999995,-23.071503453188424
-0.4039999999999999,-20.64205324758823
-0.40000000000000036,-18.08733052590253
-0.395999999999999,-15.42725270357614
-0.39199999999999946,-12.656580244602857
-0.3879999999999999,-9.66156722108576
-0.38400000000000034,-6.396384950529579
-0.379999999999999,-3.000086232508187
-0.37599999999999945,0.27404783690095447
-0.3719999999999999,3.144336511873315
-0.3680000000000003,5.4039524132883825
-0.363999999999999,7.082969267296119
-0.35999999999999943,8.49091285372803
-0.35599999999999987,9.83321716138435
-0.3520000000000003,11.116579322169725
-0.347999999999999,12.332930410338028
-0.3439999999999994,13.478453229079166
-0.33999999999999986,14.552118418462848
-0.3360000000000003,15.554671606127139
-0.33199999999999896,16.487948800284073
-0.3279999999999994,17.35441690028975
-0.32399999999999984,18.156867509942106
-0.3200000000000003,18.898214792181328
-0.31599999999999895,19.581363796802425
-0.3119999999999994,20.209126434077053
-0.30799999999999983,20.78416956691381
-0.30400000000000027,21.30898464462039
-0.29999999999999893,21.78587166089522
-0.2959999999999994,22.216932503528184
-0.2919999999999998,22.604070321646834
-0.28800000000000026,22.94899260230062
-0.2839999999999989,23.253216379256095
-0.27999999999999936,23.518074499253455
-0.2759999999999998,23.744722216560127
-0.27200000000000024,23.934143624302436
-0.2680000000000007,24.087157594179835
-0.26399999999999935,24.204423007695716
-0.2599999999999998,24.286443137858466
-0.2560000000000002,24.333569091477933
-0.25200000000000067,24.34600225651424
-0.24799999999999933,24.32379572205216
-0.24399999999999977,24.266854654545558
-0.2400000000000002,24.174935626285844
-0.23600000000000065,24.04764490339915
-0.23199999999999932,23.884435713749692
-0.22799999999999976,23.684604532823826
-0.2240000000000002,23.44728645147264
-0.22000000000000064,23.17144972782853
-0.2159999999999993,22.85588968292256
-0.21199999999999974,22.499222184129373
-0.20800000000000018,22.099877084782133
-0.20400000000000063,21.65609216974383
-0.1999999999999993,21.165908420868433
-0.19599999999999973,20.62716780031869
-0.19200000000000017,20.037515308073875
-0.1880000000000006,19.394407882899248
-0.18399999999999928,18.695133902179066
-0.17999999999999972,17.936848771462476
-0.17600000000000016,17.11663464118364
-0.1720000000000006,16.231596035108588
-0.16799999999999926,15.279008698681825
-0.1639999999999997,14.256547118458137
-0.16000000000000014,13.162628129534223
-0.15600000000000058,11.996925449825987
-0.15199999999999925,10.76113483535216
-0.1479999999999997,9.46010352590098
-0.14400000000000013,8.103491430055108
-0.14000000000000057,6.709790662261945
-0.13599999999999923,5.315696368130398
-0.13199999999999967,3.972268215107836
-0.1280000000000001,2.7408292815554285
-0.12400000000000055,1.6989191389516425
-0.11999999999999922,0.9368443168974596
-0.11599999999999966,0.5248281543551687
-0.1120000000000001,0.43635008445389156
-0.10800000000000054,0.5026092968339907
-0.1039999999999992,0.5842977736756297
-0.09999999999999964,0.6625666207790237
-0.09600000000000009,0.7368277704125871
-0.09200000000000053,0.8068197690554133
-0.08799999999999919,0.8724607284543181
-0.08399999999999963,0.9337835401063922
-0.08000000000000007,0.9908920366204189
-0.07600000000000051,1.0439315403111362
-0.07199999999999918,1.0930692163271336
-0.06799999999999962,1.1384810821331124
-0.06400000000000006,1.1803435267971556
-0.0600000000000005,1.2188278802266252
-0.05599999999999916,1.2540970394654145
-0.0519999999999996,1.2863034758760905
-0.04800000000000004,1.3155881619176641
-0.04400000000000048,1.3420801023227065
-0.03999999999999915,1.3658962540773096
-0.03599999999999959,1.3871416877087632
-0.03200000000000003,1.4059098890767208
-0.02800000000000047,1.42228313294113
-0.023999999999999133,1.436332881644765
-0.019999999999999574,1.4481201774231738
-0.016000000000000014,1.4576960072749228
-0.012000000000000455,1.465101626454179
-0.007999999999999119,1.4703688314988625
-0.0039999999999995595,1.4735201769848116
0.0,1.47456913239665
0.0039999999999995595,1.4735201769848116
0.008000000000000895,1.4703688314988606
0.012000000000000455,1.465101626454179
0.016000000000000014,1.4576960072749228
0.019999999999999574,1.4481201774231738
0.02400000000000091,1.4363328816447594
0.02800000000000047,1.42228313294113
0.03200000000000003,1.4059098890767208
0.03599999999999959,1.3871416877087632
0.040000000000000924,1.3658962540772996
0.04400000000000048,1.3420801023227065
0.04800000000000004,1.3155881619176641
0.0519999999999996,1.2863034758760905
0.05600000000000094,1.2540970394653994
0.0600000000000005,1.2188278802266252
0.06400000000000006,1.1803435267971556
0.06799999999999962,1.1384810821331124
0.07200000000000095,1.0930692163271123
0.07600000000000051,1.0439315403111362
0.08000000000000007,0.9908920366204189
0.08399999999999963,0.9337835401063922
0.08800000000000097,0.8724607284542899
0.09200000000000053,0.8068197690554133
0.09600000000000009,0.7368277704125871
0.09999999999999964,0.6625666207790237
0.10400000000000098,0.5842977736755941
0.10800000000000054,0.5026092968339907
0.1120000000000001,0.43635008445389156
0.11599999999999966,0.5248281543551687
0.120000000000001,0.9368443168977241
0.12400000000000055,1.6989191389516425
0.1280000000000001,2.7408292815554285
0.13199999999999967,3.972268215107836
0.136000000000001,5.315696368131007
0.14000000000000057,6.709790662261945
0.14400000000000013,8.103491430055108
0.1479999999999997,9.46010352590098
0.15200000000000102,10.761134835352722
0.15600000000000058,11.996925449825987
0.16000000000000014,13.162628129534223
0.1639999999999997,14.256547118458137
0.16800000000000104,15.279008698682265
0.1720000000000006,16.231596035108588
0.17600000000000016,17.11663464118364
0.17999999999999972,17.936848771462476
0.18400000000000105,18.69513390217939
0.1880000000000006,19.394407882899248
0.19200000000000017,20.037515308073875
0.19599999999999973,20.62716780031869
0.20000000000000107,21.165908420868664
0.20400000000000063,21.65609216974383
0.20800000000000018,22.099877084782133
0.21199999999999974,22.499222184129373
0.21600000000000108,22.855889682922705
0.22000000000000064,23.17144972782853
0.2240000000000002,23.44728645147264
0.22799999999999976,23.684604532823826
0.2320000000000011,23.884435713749774
0.23600000000000065,24.04764490339915
0.2400000000000002,24.174935626285844
0.24399999999999977,24.266854654545558
0.24799999999999933,24.32379572205216
0.25200000000000067,24.34600225651424
0.2560000000000002,24.333569091477933
0.2599999999999998,24.286443137858466
0.26399999999999935,24.204423007695716
0.2680000000000007,24.087157594179835
0.27200000000000024,23.934143624302436
0.2759999999999998,23.744722216560127
0.27999999999999936,23.518074499253455
0.2840000000000007,23.25321637925596
0.28800000000000026,22.94899260230062
0.2919999999999998,22.604070321646834
0.2959999999999994,22.216932503528184
0.3000000000000007,21.785871660895015
0.30400000000000027,21.30898464462039
0.30799999999999983,20.78416956691381
0.3119999999999994,20.209126434077053
0.3160000000000007,19.581363796802133
0.3200000000000003,18.898214792181328
0.32399999999999984,18.156867509942106
0.3279999999999994,17.35441690028975
0.33200000000000074,16.48794880028367
0.3360000000000003,15.554671606127139
0.33999999999999986,14.552118418462848
0.3439999999999994,13.478453229079166
0.34800000000000075,12.332930410337502
0.3520000000000003,11.116579322169725
0.35599999999999987,9.83321716138435
0.35999999999999943,8.49091285372803
0.36400000000000077,7.0829692672954625
0.3680000000000003,5.4039524132883825
0.3719999999999999,3.144336511873315
0.37599999999999945,0.27404783690095447
0.3800000000000008,-3.0000862325096915
0.38400000000000034,-6.396384950529579
0.3879999999999999,-9.66156722108576
0.39199999999999946,-12.656580244602857
0.3960000000000008,-15.427252703577347
0.40000000000000036,-18.08733052590253
0.4039999999999999,-20.64205324758823
0.4079999999999995,-23.071503453188424
0.4120000000000008,-25.36512713957959
0.41600000000000037,-27.518902427232607
0.41999999999999993,-29.53301359362856
0.4239999999999995,-31.410273392553567
0.4280000000000008,-33.15506110624157
0.4320000000000004,-34.772612642686425
0.43599999999999994,-36.26854983212436
0.4399999999999995,-37.648571866148274
0.44400000000000084,-38.91825645377566
0.4480000000000004,-40.08293504501994
0.45199999999999996,-41.147617854740275
0.4559999999999995,-42.11695213979031
0.46000000000000085,-42.9952024276839
0.4640000000000004,-43.7862449679464
0.46799999999999997,-44.49357111837223
0.47199999999999953,-45.12029605078175
0.47600000000000087,-45.66917030928087
0.4800000000000004,-46.14259254375102
0.484,-46.542622284555065
0.48799999999999955,-46.87099199769412
0.4920000000000009,-47.129117915352616
0.49600000000000044,-47.318109311048794
0.5,-47.43877600660599
0.5039999999999996,-47.49163397748364
0.5080000000000009,-47.47690897623127
0.5120000000000005,-47.394538130131636
0.516,-47.244169495512885
0.5199999999999996,-47.02515957350681
0.5240000000000009,-46.73656881546014
0.5280000000000005,-46.3771551761666
0.532,-45.94536581579615
0.5359999999999996,-45.43932711470599
0.5400000000000009,-44.85683325969989
0.5440000000000005,-44.195333800296225
0.548,-43.4519207796901
0.5519999999999996,-42.623316346785025
0.5560000000000009,-41.70586219537035
0.5600000000000005,-40.69551281603863
0.5640000000000001,-39.58783547606303
0.5679999999999996,-38.37802119500314
0.572000000000001,-37.06091295525661
0.5760000000000005,-35.631060267757704
0.5800000000000001,-34.0828134353393
0.5839999999999996,-32.41047706229745
0.588000000000001,-30.608551501302657
0.5920000000000005,-28.672104410620353
0.5960000000000001,-26.597334443221822
0.5999999999999996,-24.38241812985406
0.604000000000001,-22.02877288546746
0.6080000000000005,-19.54292757415239
0.6120000000000001,-16.939268609380456
0.6159999999999997,-14.244388425125113
0.620000000000001,-11.507837729726685
0.6240000000000006,-8.809441626920128
0.6280000000000001,-6.255580808889512
0.6319999999999997,-3.9862654040745498
0.636000000000001,-2.1761165000436957
0.6400000000000006,-0.9969915374632132
0.6440000000000001,-0.5029821638144341
0.6479999999999997,-0.4734261872478254
0.652000000000001,-0.5543254258343512
0.6560000000000006,-0.6347624889205115
0.6600000000000001,-0.7113488746097217
0.6639999999999997,-0.7837179413132916
0.668000000000001,-0.8517200961505608
0.6720000000000006,-0.9153459860924842
0.6760000000000002,-0.9746743344556145
0.6799999999999997,-1.0298367948530185
0.684000000000001,-1.0809944327640142
0.6880000000000006,-1.128322111254188
0.6920000000000002,-1.1719982359886105
0.6959999999999997,-1.2121981276514038
0.7000000000000011,-1.2490898441488094
0.7040000000000006,-1.2828316511295133
0.7080000000000002,-1.3135705944673817
0.7119999999999997,-1.3414418016205432
0.7160000000000011,-1.3665682567633917
0.7200000000000006,-1.3890608751591846
0.7240000000000002,-1.4090187574212838
0.7279999999999998,-1.4265295421911992
0.7320000000000011,-1.4416698018080747
0.7360000000000007,-1.454505443461534
0.7400000000000002,-1.465092090634185
0.7439999999999998,-1.4734754280799693
0.7480000000000011,-1.4796914993425379
0.7520000000000007,-1.4837669497197332
0.7560000000000002,-1.4857192102060073
0.7599999999999998,-1.4855566197053804
0.7639999999999993,-1.4832784840035702
0.7680000000000007,-1.4788750708462868
0.7720000000000002,-1.4723275411763852
0.7759999999999998,-1.4636078173006342
0.7799999999999994,-1.4526783896545128
0.7840000000000007,-1.439492065099972
0.7880000000000003,-1.4239916615633061
0.7919999999999998,-1.4061096566118916
0.7959999999999994,-1.3857678017135273
0.8000000000000007,-1.3628767200309115
0.8040000000000003,-1.3373355145514745
0.8079999999999998,-1.3090314263997536
0.8119999999999994,-1.2778396021592595
0.8160000000000007,-1.2436230566198037
0.8200000000000003,-1.2062329574988437
0.8239999999999998,-1.165509417164047
0.8279999999999994,-1.1212830618089324
0.8320000000000007,-1.0733777736776136
0.8360000000000003,-1.021615185802695
0.8399999999999999,-0.9658217795201932
0.8439999999999994,-0.9058398343446553
0.8480000000000008,-0.841544067947317
0.8520000000000003,-0.7728666656160313
0.8559999999999999,-0.6998346442977418
0.8599999999999994,-0.6226252474307755
0.8640000000000008,-0.5416470146133234
0.8680000000000003,-0.44612985088286417
0.8719999999999999,-0.060763876658685656
0.8759999999999994,1.2842529634176845
0.8800000000000008,3.903598353878631
0.8840000000000003,7.6303334756593175
0.8879999999999999,12.119347336196745
0.8919999999999995,17.038116157129593
0.8960000000000008,22.129743352461684
0.9000000000000004,27.220374493638083
0.9039999999999999,32.2021759954898
0.9079999999999995,37.004462723310574
0.9120000000000008,41.582718206789146
0.9160000000000004,45.91289443473666
0.9199999999999999,49.98461540111568
0.9239999999999995,53.79636823738702
0.9280000000000008,57.35223268942044
0.9320000000000004,60.65967533976348
0.9359999999999999,63.728072130141726
0.9399999999999995,66.56772621951433
0.9440000000000008,69.1892217909572
0.9480000000000004,71.6030053002671
0.952,73.81912038638771
0.9559999999999995,75.84704624010843
0.9600000000000009,77.69560521606499
0.9640000000000004,79.37291632918485
0.968,80.88637866595964
0.9719999999999995,82.2426737849889
0.9760000000000009,83.44777963443525
0.9800000000000004,84.50699088387513
0.984,85.42494219725965
0.9879999999999995,86.20563209445926
0.9920000000000009,86.85244581933772
0.9960000000000004,87.36817616062373
1.0,87.75504153256216
1.0039999999999996,88.01470086701929
1.008000000000001,88.14826503353466
1.0120000000000005,88.15630461432454
1.016,88.03885393603818
1.0199999999999996,87.79541131312067
1.024000000000001,87.42493550018011
1.0280000000000005,86.92583839267816
1.032,86.29597406638102
1.0359999999999996,85.53262431731243
1.040000000000001,84.63248096896176
1.0440000000000005,83.59162537010143
1.048,82.40550573926112
1.0519999999999996,81.0689133552556
1.056000000000001,79.57595909639885
1.0600000000000005,77.92005256525715
1.064,76.09388710405227
1.0679999999999996,74.08943555875538
1.072000000000001,71.89796390841616
1.0760000000000005,69.51007316634029
1.08,66.91578476386094
1.0839999999999996,64.10469166254344
1.088000000000001,61.066207772750026
1.0920000000000005,57.789963469295685
1.096,54.26641742607732
1.0999999999999996,50.48778804272577
1.104000000000001,46.44945620971315
1.1080000000000005,42.152061417800496
1.112,37.60461250805776
1.1159999999999997,32.82906733867145
1.120000000000001,27.861146739608667
1.1240000000000006,22.54436007956181
1.1280000000000001,16.279697378859822
1.1319999999999997,8.806929991529326
1.136000000000001,0.49265268991603006
1.1400000000000006,-7.986070856029851
1.1440000000000001,-15.921511538665111
1.1479999999999997,-22.823949123238105
1.152000000000001,-28.7327499045113
1.1560000000000006,-34.17935051455265
1.1600000000000001,-39.419607872230756
1.1639999999999997,-44.42211609176994
1.168000000000001,-49.158156740196006
1.1720000000000006,-53.61474506374002
1.1760000000000002,-57.78913118788605
1.1799999999999997,-61.68505207217105
1.184000000000001,-65.31020106895714
1.1880000000000006,-68.67453133641745
1.1920000000000002,-71.78912670216656
1.1959999999999997,-74.66545750080576
1.200000000000001,-77.31489710726726
1.2040000000000006,-79.74841466060401
1.2080000000000002,-81.9763864866162
1.2119999999999997,-84.00848704688458
1.216000000000001,-85.85363267717176
1.2200000000000006,-87.51995983895836
1.2240000000000002,-89.01482538110287
1.2279999999999998,-90.34482025935823
1.232000000000001,-91.5157908720321
1.2360000000000007,-92.5328640331166
1.2400000000000002,-93.40047288585717
1.2439999999999998,-94.12238194091049
1.248000000000001,-94.70171002781755
1.2520000000000007,-95.140950361558
1.2560000000000002,-95.44198720645235
1.2599999999999998,-95.60610880876803
1.2639999999999993,-95.63401639622165
1.2680000000000007,-95.52582912814896
1.2720000000000002,-95.28108494020715
1.2759999999999998,-94.89873727455655
1.2799999999999994,-94.3771477314092
1.2840000000000007,-93.71407473119716
1.2880000000000003,-92.90665835006365
1.2919999999999998,-91.95140159909027
1.2959999999999994,-90.84414857824768
1.3000000000000007,-89.58006017485388
1.3040000000000003,-88.15358832904067
1.3079999999999998,-86.55845040612446
1.3119999999999994,-84.78760597106962
1.3160000000000007,-82.83323935942576
1.3200000000000003,-80.68675303708113
1.3239999999999998,-78.33877906483741
1.3279999999999994,-75.77921936786218
1.3320000000000007,-72.99733044957448
1.3360000000000003,-69.98187541983847
1.3399999999999999,-66.72137682190052
1.3439999999999994,-63.20451936639522
1.3480000000000008,-59.42077471564549
1.3520000000000003,-55.361354411982795
1.3559999999999999,-51.02064688555448
1.3599999999999994,-46.39836688491177
1.3640000000000008,-41.50274849193582
1.3680000000000003,-36.355252028215645
1.3719999999999999,-30.997621423539716
1.3759999999999994,-25.5148011014373
1.3800000000000008,-20.077027527491424
1.3840000000000003,-14.901659027031352
1.388,-10.23655638829391
1.3919999999999995,-6.389396727684285
1.3960000000000008,-3.7072230985215877
1.4000000000000004,-2.4243326569516532
1.404,-2.3434124777829344
1.4079999999999995,-2.75086576857373
1.4120000000000008,-3.184577922731179
1.4160000000000004,-3.599230826445502
1.42,-3.992195360181338
1.4239999999999995,-4.36225161268589
1.4280000000000008,-4.709075946082401
1.4320000000000004,-5.032915159986894
1.436,-5.334366273658563
1.4399999999999995,-5.614228734666532
1.4440000000000008,-5.873405946249319
1.4480000000000004,-6.112840264588631
1.452,-6.333470666617491
1.4559999999999995,-6.536205744649323
1.4600000000000009,-6.721907032448831
1.4640000000000004,-6.891379259918679
1.468,-7.045365214367373
1.4719999999999995,-7.184543621399178
1.4760000000000009,-7.309528959836257
1.4800000000000004,-7.4208724680454825
1.484,-7.519063834266818
1.4879999999999995,-7.604533225183643
1.4920000000000009,-7.677653418170771
1.4960000000000004,-7.738741879119653
1.5,-7.788062680223378
1.5039999999999996,-7.825828187985592
1.508000000000001,-7.8522004761089335
1.5120000000000005,-7.867292434377803
1.516,-7.8711685556940925
1.5199999999999996,-7.8638453908601305
1.524000000000001,-7.845291665877968
1.5280000000000005,-7.815428060504084
1.532,-7.774126650469748
1.5359999999999996,-7.721210020017151
1.540000000000001,-7.656450057148349
1.5440000000000005,-7.579566452369558
1.548,-7.49022493420272
1.5519999999999996,-7.388035293328794
1.556000000000001,-7.272549274713119
1.5600000000000005,-7.14325845742162
1.564,-6.9995923007795495
1.5679999999999996,-6.840916621339253
1.572000000000001,-6.666532889876944
1.5760000000000005,-6.475678919034183
1.58,-6.267531776314603
1.5839999999999996,-6.041214142502328
1.588000000000001,-5.795805899397784
1.5920000000000005,-5.530363558178011
1.596,-5.243951357167469
1.5999999999999996,-4.93568965254488
1.604000000000001,-4.6048288712847345
1.6080000000000005,-4.250861183191214
1.612,-3.87368770810309
1.6159999999999997,-3.473867145205198
1.620000000000001,-3.052982734883944
1.6240000000000006,-2.6131793739431175
1.6280000000000001,-2.0248819458601934
1.6319999999999997,-0.5574243574361027
1.636000000000001,2.477811955168932
1.6400000000000006,7.0702637697734145
1.6440000000000001,12.806465938152868
1.6479999999999997,19.207247360877773
1.652000000000001,25.875687216160383
1.6560000000000006,32.547631086665625
1.6600000000000001,39.09223107985504
1.6639999999999997,45.43404952081976
1.668000000000001,51.50565045985313
1.6720000000000006,57.26578985012398
1.6760000000000002,62.694392558144216
1.6799999999999997,67.7852441728999
1.684000000000001,72.54098707646796
1.6880000000000006,76.96973476677998
1.6920000000000002,81.08279751019585
1.6959999999999997,84.89316528567657
1.700000000000001,88.4145048414825
1.7040000000000006,91.66050506503946
1.7080000000000002,94.644457908219
1.7119999999999997,97.37899817753248
1.716000000000001,99.87594996043119
1.7200000000000006,102.1462440562277
1.7240000000000002,104.19988206448984
1.7279999999999998,106.04593047707294
1.732000000000001,107.69253338058684
1.7360000000000007,109.14693598283645
1.7400000000000002,110.4155136548174
1.7439999999999998,111.50380288429301
1.748000000000001,112.41653170929175
1.7520000000000007,113.15764800475006
1.7560000000000002,113.7303445462342
1.7599999999999998,114.13708014933027
1.7640000000000011,114.3795964364131
1.7680000000000007,114.45892995240258
1.7720000000000002,114.37541946533854
1.7759999999999998,114.12870836647674
1.7799999999999994,113.71774214398572
1.7840000000000007,113.14076095755668
1.7880000000000003,112.39528740094251
1.7919999999999998,111.47810961900308
1.7959999999999994,110.3852600612128
1.8000000000000007,109.1119903252341
1.8040000000000003,107.6527427998599
1.8079999999999998,106.0011201950353
1.8119999999999994,104.14985460280182
1.8160000000000007,102.09077854572007
1.8200000000000003,99.8148016529507
1.8239999999999998,97.31189832504785
1.8279999999999994,94.57111425048754
1.8320000000000007,91.58060327866083
1.8360000000000003,88.32771146601469
1.8399999999999999,84.79913288099357
1.8439999999999994,80.98117314959795
1.8480000000000008,76.86017348623601
1.8520000000000003,72.42317266107479
1.8559999999999999,67.65892078261157
1.8599999999999994,62.559412338940746
1.8640000000000008,57.12218405973158
1.8680000000000003,51.35373500404102
1.8719999999999999,45.27458030375164
1.8759999999999994,38.926401685828715
1.8800000000000008,32.3068285000782
1.8840000000000003,24.966323887560712
1.888,16.416694065045146
1.8919999999999995,6.846035453234361
1.8960000000000008,-3.0606985965004965
1.9000000000000004,-12.461907360738103
1.904,-20.639762137524144
1.9079999999999995,-27.370687533575772
1.9120000000000008,-33.201129323806335
1.9160000000000004,-38.74569742951907
1.92,-44.06151255353904
1.9239999999999995,-49.11024153510119
1.9280000000000008,-53.87226981823096
1.9320000000000004,-58.34079602966395
1.936,-62.5172371755989
1.9399999999999995,-66.40811617857229
1.9440000000000008,-70.02296906150968
1.9480000000000004,-73.37294749226454
1.952,-76.46989357734678
1.9559999999999995,-79.32573468453295
1.9600000000000009,-81.9520947551384
1.9640000000000004,-84.36005169304264
1.968,-86.55999288778943
1.9719999999999995,-88.5615361724299
1.9760000000000009,-90.37349387697114
1.9800000000000004,-92.0038646986404
1.984,-93.45984293600205
1.9879999999999995,-94.74783794145279
1.9920000000000009,-95.8734989185101
1.9960000000000004,-96.84174175281376
2.0,-97.65677564054008
2.0039999999999996,-98.32212801611587
2.008000000000001,-98.84066678650855
2.0120000000000005,-99.21461922350524
2.016,-99.44558709812921
2.0199999999999996,-99.53455779766593
2.024000000000001,-99.48191127074593
2.0280000000000005,-99.28742271795092
2.032,-98.95026099869551
2.0359999999999996,-98.46898277152262
2.040000000000001,-97.84152243539707
2.0440000000000005,-97.06517800557116
2.048,-96.13659315255914
2.0519999999999996,-95.05173577385565
2.056000000000001,-93.80587367829263
2.0600000000000005,-92.3935482744604
2.064,-90.80854761283194
2.0679999999999996,-89.04388080136499
2.072000000000001,-87.0917567906148
2.0760000000000005,-84.94357194404269
2.08,-82.5899128729736
2.0839999999999996,-80.02058401898843
2.088000000000001,-77.22467384570493
2.0920000000000005,-74.19067990417616
2.096,-70.90672242347213
2.0999999999999996,-67.36088988126495
2.104000000000001,-63.54178034923042
2.1080000000000005,-59.439332400526645
2.112,-55.04608349703894
2.1159999999999997,-50.35905823928439
2.120000000000001,-45.382581481792144
2.1240000000000006,-40.13243981498493
2.128,-34.64198611782325
2.1319999999999997,-28.976417746291627
2.136000000000001,-23.291646780210385
2.1400000000000006,-17.826241545545134
2.144,-12.827411819173669
2.1479999999999997,-8.57687106981186
2.152000000000001,-5.4138957514308865
2.1560000000000006,-3.651294242232748
2.16,-3.3093534452491187
2.1639999999999997,-3.818346406405138
2.168000000000001,-4.472361756902374
2.1720000000000006,-5.1025173786606635
2.176,-5.701707956792362
2.1799999999999997,-6.267353984057437
2.184000000000001,-6.798479301623622
2.1880000000000006,-7.295139847153752
2.192,-7.758036224324922
2.1959999999999997,-8.188252943695938
2.200000000000001,-8.587084123675325
2.2040000000000006,-8.955917934944662
2.208,-9.29616086356942
2.2119999999999997,-9.609188917542632
2.216000000000001,-9.89631702154696
2.2200000000000006,-10.158780639980767
2.224,-10.39772556427722
2.2279999999999998,-10.614203088714323
2.232000000000001,-10.809168676442079
2.2360000000000007,-10.98348281699425
2.24,-11.137913187323559
2.2439999999999998,-11.273137510470601
2.248000000000001,-11.389746699959915
2.2520000000000007,-11.488248011451086
2.2560000000000002,-11.569068014853887
2.26,-11.632555262914906
2.264000000000001,-11.678982575087325
2.2680000000000007,-11.708548884469806
2.2720000000000002,-11.721380615079482
2.276,-11.71753256979248
2.280000000000001,-11.696988318204804
2.2840000000000007,-11.659660080163611
2.2880000000000003,-11.60538810621741
2.292,-11.533939562028621
2.2959999999999994,-11.445006931216204
2.3000000000000007,-11.338205961689177
2.3040000000000003,-11.213073196236728
2.308,-11.069063151553543
2.3119999999999994,-10.9055452446049
2.3160000000000007,-10.721800616359893
2.3200000000000003,-10.517019077742196
2.324,-10.2902965116932
2.3279999999999994,-10.040633223840144
2.3320000000000007,-9.766933964804894
2.3360000000000003,-9.468010682619221
2.34,-9.14258955264689
2.3439999999999994,-8.789324546943762
2.3480000000000008,-8.406820852228284
2.3520000000000003,-7.993672984937425
2.356,-7.548524719572369
2.3599999999999994,-7.070161290561604
2.3640000000000008,-6.557649250886352
2.3680000000000003,-6.010546572679258
2.372,-5.429215955181441
2.3759999999999994,-4.815288802529942
2.380000000000001,-4.172339920768291
2.3840000000000003,-3.483140422965383
2.388,-2.397758956847476
2.3919999999999995,-0.2598315837048082
2.396000000000001,3.137736637456542
2.4000000000000004,7.5480623895861205
2.404,12.576994424594776
2.4079999999999995,17.86012440025174
2.412000000000001,23.139004194134873
2.4160000000000004,28.297525161197715
2.42,33.309666319184394
2.4239999999999995,38.131252843875494
2.428000000000001,42.721499250858145
2.4320000000000004,47.05861995640412
2.436,51.13377614530931
2.4399999999999995,54.94649177667414
2.444000000000001,58.501540655750325
2.4480000000000004,61.80684923415936
2.452,64.87209336855453
2.4559999999999995,67.70776679303715
2.460000000000001,70.32456942230485
2.4640000000000004,72.73301212538134
2.468,74.9431676883829
2.4719999999999995,76.96452013325828
2.476000000000001,78.80587978425189
2.4800000000000004,80.4753418146462
2.484,81.98027304786591
2.4879999999999995,83.3273165959187
2.492000000000001,84.522407211714
2.4960000000000004,85.57079249281817
2.5,86.47705662890093
2.5039999999999996,87.24514445459552
2.508000000000001,87.87838430452335
2.5120000000000005,88.3795086709707
2.516,88.7506720083417
2.5199999999999996,88.99346526135919
2.524000000000001,89.10892685066726
2.5280000000000005,89.09754995455786
2.532,88.95928599693518
2.5359999999999996,88.69354430293288
2.540000000000001,88.29918792586935
2.5440000000000005,87.77452569237188
2.548,87.11730056653717
2.5519999999999996,86.3246745103362
2.556000000000001,85.39321013032425
2.5600000000000005,84.31884956902094
2.564,83.09689134915331
2.5679999999999996,81.72196624717894
2.572000000000001,80.1880138117435
2.5760000000000005,78.48826192904524
2.58,76.61521298085403
2.5839999999999996,74.56064180362944
2.588000000000001,72.31561307576547
2.5920000000000005,69.87052928440224
2.596,67.21522557170535
2.5999999999999996,64.33913530327088
2.604000000000001,61.23156128373616
2.6080000000000005,57.88210386737213
2.612,54.28132128065899
2.6159999999999997,50.42173292445053
2.620000000000001,46.29932835145134
2.6240000000000006,41.91581967239038
2.628,37.28198059827082
2.6319999999999997,32.42255446620542
2.636000000000001,27.375216623339625
2.6400000000000006,22.029024189039838
2.644,16.05938224258332
2.6479999999999997,9.443240586634483
2.652000000000001,2.550376262703546
2.6560000000000006,-4.061467436186828
2.66,-9.83398913652492
2.6639999999999997,-14.44328667991009
2.668000000000001,-18.106780675836156
2.6720000000000006,-21.42347264685726
2.676,-24.610363969363757
2.6799999999999997,-27.64822198092275
2.684000000000001,-30.521221496447755
2.6880000000000006,-33.22256607691482
2.692,-35.75131074962257
2.6959999999999997,-38.11020126698226
2.700000000000001,-40.304216946325226
2.7040000000000006,-42.33959471917392
2.708,-44.22318044725564
2.7119999999999997,-45.962002193090306
2.716000000000001,-47.5629937533674
2.7200000000000006,-49.03281970792085
2.724,-50.37776881375301
2.7279999999999998,-51.60369313699912
2.732000000000001,-52.71597748847718
2.7360000000000007,-53.71952861072697
2.74,-54.618776897367304
2.7439999999999998,-55.41768570736151
2.748000000000001,-56.11976490279652
2.7520000000000007,-56.728086315365395
2.7560000000000002,-57.245299587370546
2.76,-57.673647342165076
2.764000000000001,-58.01497898806625
2.7680000000000007,-58.270762698091886
2.7720000000000002,-58.44209526954065
2.776,-58.52970967630391
2.780000000000001,-58.533980199811396
2.7840000000000007,-58.4549250739317
2.7880000000000003,-58.2922066142443
2.792,-58.04512883029996
2.796000000000001,-57.71263254735884
2.8000000000000007,-57.29328809816265
2.8040000000000003,-56.78528569286108
2.808,-56.1864236453041
2.8119999999999994,-55.494094738417076
2.8160000000000007,-54.7052711666688
2.8200000000000003,-53.8164887227422
2.824,-52.8238312312923
2.8279999999999994,-51.72291672254504
2.8320000000000007,-50.50888755120925
2.8360000000000003,-49.17640770224877
2.84,-47.71967203190701
2.8439999999999994,-46.13243438753116
2.8480000000000008,-44.40806475518836
2.8520000000000003,-42.53965027824462
2.856,-40.520161884441656
2.8599999999999994,-38.34271841044052
2.8640000000000008,-36.00099508109562
2.8680000000000003,-33.489845255092554
2.872,-30.806236690769733
2.8759999999999994,-27.95065045383308
2.880000000000001,-24.929156791600967
2.8840000000000003,-21.756470884757032
2.888,-18.46088941969541
2.8919999999999995,-15.107921810278219
2.896000000000001,-11.828779170304472
2.9000000000000004,-8.770535728857613
2.904,-6.085954193509333
2.9079999999999995,-3.95924859080772
2.912000000000001,-2.590862903813685
2.9160000000000004,-2.0899330548043613
2.92,-2.273229057069304
2.9239999999999995,-2.685291907952693
2.928000000000001,-3.095947256787215
2.9320000000000004,-3.487924770254504
2.936,-3.8589894581113366
2.9399999999999995,-4.2081358892844465
2.944000000000001,-4.535156590316025
2.9480000000000004,-4.840349632509237
2.952,-5.124321232139338
2.9559999999999995,-5.387853411246537
2.960000000000001,-5.631815930741608
2.9640000000000004,-5.857108258208359
2.968,-6.064621874090372
2.9719999999999995,-6.255216323086196
2.976000000000001,-6.429704525144509
2.9800000000000004,-6.588844289682019
2.984,-6.7333339468563045
2.9879999999999995,-6.863810669861043
2.992000000000001,-6.980850512671923
2.9960000000000004,-7.08496949594263
3.0,-7.176625285256248
3.0039999999999996,-7.256219151314237
3.008000000000001,-7.32409800165534
3.0120000000000005,-7.380556342256434
3.016,-7.425838074540695
3.0199999999999996,-7.460138065544873
3.024000000000001,-7.483603450881325
3.0280000000000005,-7.496334644881104
3.032,-7.498386042198207
3.0359999999999996,-7.489766401832498
3.040000000000001,-7.470438909221835
3.0440000000000005,-7.44032091573811
3.048,-7.399283358448539
3.0519999999999996,-7.347149867202241
3.056000000000001,-7.283695571887601
3.0600000000000005,-7.208645631194979
3.064,-7.121673516872782
3.0679999999999996,-7.022399106284972
3.072000000000001,-6.910386663869127
3.0760000000000005,-6.785142832862335
3.08,-6.646114818166283
3.0839999999999996,-6.4926890278261915
3.088000000000001,-6.324190566489325
3.0920000000000005,-6.139884157283039
3.096,-5.938977335168381
3.0999999999999996,-5.7206271440136485
3.104000000000001,-5.483952139325969
3.1080000000000005,-5.228052334967418
3.112,-4.952040963309729
3.1159999999999997,-4.655093733416613
3.120000000000001,-4.336523947040337
3.1240000000000006,-3.995895759283169
3.128,-3.6331935746907664
3.1319999999999997,-3.2490736656956507
3.136000000000001,-2.8452350471750902
3.1400000000000006,-2.4243716753405926
3.144,-1.9540581055828796
3.1479999999999997,-1.2910339451931083
3.152000000000001,-0.33551433379144124
3.1560000000000006,0.8775647889238342
3.16,2.2443636969664746
3.1639999999999997,3.6524405697158344
3.168000000000001,5.01465498691808
3.1720000000000006,6.297356929847955
3.176,7.523220124684831
3.1799999999999997,8.706434534683657
3.184000000000001,9.837410794189763
3.1880000000000006,10.909130525140233
3.192,11.918302825958055
3.1959999999999997,12.864069255712298
3.200000000000001,13.747118950305232
3.2040000000000006,14.569090628054939
3.208,15.33217130202907
3.2119999999999997,16.03882893132994
3.216000000000001,16.69163596671074
3.2200000000000006,17.293154461267505
3.224,17.845862802114247
3.2279999999999998,18.35211049636773
3.232000000000001,18.814091769709975
3.2360000000000007,19.233831670966623
3.24,19.613180372518347
3.2439999999999998,19.95381271805017
3.248000000000001,20.25723100066438
3.2520000000000007,20.524769593277476
3.2560000000000002,20.75760049228674
3.26,20.956739137512823
3.264000000000001,21.1230500791219
3.2680000000000007,21.257252204773415
3.2720000000000002,21.359923337695257
3.276,21.4315040826225
3.280000000000001,21.472300841233448
3.2840000000000007,21.482487948701664
3.2880000000000003,21.462108903178095
3.292,21.411076674080103
3.296000000000001,21.32917308587495
3.3000000000000007,21.216047284069674
3.3040000000000003,21.071213301725614
3.308,20.894046760573886
3.312000000000001,20.683780763808244
3.3160000000000007,20.43950107189672
3.3200000000000003,20.160140703750375
3.324,19.844474180982896
3.3279999999999994,19.491111743678143
3.3320000000000007,19.098494027737708
3.3360000000000003,18.664887929215844
3.34,18.188384723173176
3.3439999999999994,17.666902002045024
3.3480000000000008,17.09819172279465
3.3520000000000003,16.47985770898536
3.356,15.809387500305881
3.3599999999999994,15.084205711489403
3.3640000000000008,14.301759401938748
3.3680000000000003,13.459650880154786
3.372,12.555840624030663
3.3759999999999994,11.588953660290343
3.380000000000001,10.558738264863228
3.3840000000000003,9.466747969311458
3.388,8.317348051327269
3.3919999999999995,7.119254929849552
3.396000000000001,5.8963315387285915
3.4000000000000004,4.71996891140322
3.404,3.6713394213693804
3.4079999999999995,2.8049278964845246
3.412000000000001,2.169442039860352
3.4160000000000004,1.8214938043402302
3.42,1.8026516822411605
3.4239999999999995,2.072294179575086
3.428000000000001,2.4698667772738703
3.4320000000000004,2.8694630829514574
3.436,3.2520151936400206
3.4399999999999995,3.614907360654215
3.444000000000001,3.9568876820631234
3.4480000000000004,4.277573259360907
3.452,4.5771362785588625
3.4559999999999995,4.856091633278722
3.460000000000001,5.115154271774338
3.4640000000000004,5.355144052621155
3.468,5.576922852173729
3.4719999999999995,5.781353522235764
3.476000000000001,5.969273624079238
3.4800000000000004,6.141479127576847
3.484,6.298714798764714
3.4879999999999995,6.441669040369591
3.492000000000001,6.5709716577708335
3.4960000000000004,6.687193505534477
3.5,6.790847299712167
3.5039999999999996,6.882389107394216
3.508000000000001,6.962220180489169
3.5120000000000005,7.030688907647078
3.516,7.088092731798509
3.5199999999999996,7.134679931281219
3.524000000000001,7.170651197077236
3.5280000000000005,7.196160962186279
3.532,7.2113184550387315
3.5359999999999996,7.216188459507915
3.540000000000001,7.210791771247094
3.5440000000000005,7.19510534502744
3.548,7.16906213148636
3.5519999999999996,7.132550605052307
3.556000000000001,7.085413988586282
3.5600000000000005,7.027449185319118
3.564,6.95840543597321
3.5679999999999996,6.8779827298361225
3.572000000000001,6.78583001475499
3.5760000000000005,6.681543274998362
3.58,6.56466358116394
3.5839999999999996,6.4346752678003165
3.588000000000001,6.291004469390388
3.5920000000000005,6.13301835436296
3.596,5.960025555294104
3.5999999999999996,5.771278524170119
3.604000000000001,5.565978878108252
3.6080000000000005,5.3432872931413
3.612,5.102340225702256
3.6159999999999997,4.842276803542469
3.620000000000001,4.562280793238338
3.6240000000000006,4.261644859500451
3.628,3.939867725147337
3.6319999999999997,3.5967997891204946
3.636000000000001,3.2328598423432626
3.6400000000000006,2.8493552678534457
3.644,2.4489658774269207
3.6479999999999997,2.0408490607502285
3.652000000000001,1.6650472590913927
3.6560000000000006,1.3709796064949689
3.66,1.1804812519432752
3.6639999999999997,1.0997911334325285
3.668000000000001,1.1352273044230972
3.6720000000000006,1.2918949091497578
3.676,1.5538204652640322
3.6799999999999997,1.8658432583957414
3.684000000000001,2.1765113906274944
3.6880000000000006,2.474406252780044
3.692,2.7573046156693284
3.6959999999999997,3.024117919510589
3.700000000000001,3.274472115761499
3.7040000000000006,3.508451289880128
3.708,3.726424013227287
3.7119999999999997,3.9289265925046903
3.716000000000001,4.116585118251674
3.7200000000000006,4.290063862492125
3.724,4.450031531998479
3.7279999999999998,4.597139600019802
3.732000000000001,4.732008787631145
3.7360000000000007,4.855221019579473
3.74,4.967315030018293
3.7439999999999998,5.068784371590249
3.748000000000001,5.160076975284587
3.7520000000000007,5.241595677781958
3.7560000000000002,5.31369931757092
3.76,5.376704127899348
3.764000000000001,5.430885241822375
3.7680000000000007,5.476478184584382
3.7720000000000002,5.513680269767422
3.776,5.542651843837338
3.780000000000001,5.563517342921593
3.7840000000000007,5.5763661386362235
3.7880000000000003,5.581253158500801
3.792,5.5781992723363825
3.796000000000001,5.567191440062073
3.8000000000000007,5.548182619284678
3.8040000000000003,5.521091433675836
3.808,5.485801605966938
3.812000000000001,5.44216116310775
3.8160000000000007,5.389981426486721
3.8200000000000003,5.329035808062405
3.824,5.259058445106842
3.8279999999999994,5.179742723816475
3.8320000000000007,5.090739767867275
3.8360000000000003,4.991657005749017
3.84,4.8820569857199425
3.8439999999999994,4.761456687210758
3.8480000000000008,4.629327693786193
3.8520000000000003,4.485097761992751
3.856,4.328154567170448
3.8599999999999994,4.1578527680633615
3.8640000000000008,3.973526061042453
3.8680000000000003,3.7745066725965373
3.872,3.5601558849730446
3.8759999999999994,3.3299108800134594
3.880000000000001,3.0833556729723677
3.8840000000000003,2.820327540202444
3.888,2.5410755613856035
3.8919999999999995,2.246495129998451
3.896000000000001,1.9384376215738621
3.9000000000000004,1.5923299436531806
3.904,0.9302451620618393
3.9079999999999995,-0.45050561276631185
3.912000000000001,-2.630330842288955
3.9160000000000004,-5.43176414152875
3.92,-8.608490216199911
3.9239999999999995,-11.942717134184901
3.928000000000001,-15.283467291582184
3.9320000000000004,-18.559319606175478
3.936,-21.741709643930054
3.9399999999999995,-24.79766755095795
3.944000000000001,-27.703145978894824
3.9480000000000004,-30.445750292922263
3.952,-33.02082327645377
3.9559999999999995,-35.42868679452587
3.960000000000001,-37.67277126608361
3.9640000000000004,-39.75835682090255
3.968,-41.69173193007244
3.9719999999999995,-43.47963566858197
3.976000000000001,-45.12889223072153
3.9800000000000004,-46.646175530787716
3.984,-48.03786161470536
3.9879999999999995,-49.30994010448183
3.992000000000001,-50.46796505186692
3.9960000000000004,-51.517031797493765
4.0,-52.4617706690554
4.004,-53.30635124715771
4.008000000000001,-54.0544929111115
4.0120000000000005,-54.70947873908366
4.016,-55.27417077380262
4.02,-55.75102530938677
4.024000000000001,-56.14210729759816
4.0280000000000005,-56.44910327506434
4.032,-56.67333241968411
4.036,-56.81575548431879
4.040000000000001,-56.87698144991003
4.0440000000000005,-56.8572718032572
4.048,-56.75654238776624
4.052,-56.574362806906905
4.056000000000001,-56.30995338677504
4.0600000000000005,-55.96217973233505
4.064,-55.529544948087974
4.068,-55.0101796455698
4.072000000000001,-54.40182993667586
4.0760000000000005,-53.70184372600632
4.08,-52.90715578476144
4.084,-52.014272338029315
4.088000000000001,-51.01925626211677
4.0920000000000005,-49.9177145202774
4.096,-48.70479023844215
4.1,-47.37516294665454
4.104000000000001,-45.92306214738292
4.1080000000000005,-44.34230175593776
4.112,-42.62634644233662
4.116,-40.76842601069143
4.120000000000001,-38.76172145854974
4.1240000000000006,-36.59965741747556
4.128,-34.27635198355255
4.132,-31.787298953023324
4.136000000000001,-29.130392593292765
4.140000000000001,-26.307455676958924
4.144,-23.326502130824387
4.148,-20.20505207683457
4.152000000000001,-16.956690604117426
4.156000000000001,-13.36663229008749
4.16,-9.028798793103862
4.164,-3.9030629149983125
4.168000000000001,1.6810098045105608
4.172000000000001,7.251819102563987
4.176,12.36562264045652
4.18,16.78168598744053
4.184000000000001,20.64619342035318
4.188000000000001,24.29592769744915
4.192,27.80411402799799
4.196,31.143599682436648
4.200000000000001,34.29867218313855
4.204000000000001,37.262993192971884
4.208,40.03627760251861
4.212,42.622038613066174
4.216000000000001,45.02606872074583
4.220000000000001,47.25542343144241
4.224,49.31774668865937
4.228,51.22082798344844
4.232000000000001,52.9723162697757
4.236000000000001,54.57953977142891
4.24,56.049397028289555
4.244,57.38829555866979
4.248000000000001,58.60212200560676
4.252000000000001,59.696232736213744
4.256,60.67545734716741
4.26,61.54410991557058
4.264000000000001,62.30600447262365
4.268000000000001,62.96447230393821
4.272,63.52237945521496
4.276,63.9821433545186
4.280000000000001,64.34574782735213
4.284000000000001,64.61475602965618
4.288,64.79032099253722
4.292,64.87319358600051
4.296000000000001,64.86372778507628
4.300000000000001,64.76188317345216
4.304,64.56722465694166
4.308,64.27891938985545
4.312000000000001,63.89573094880571
4.316000000000001,63.41601082797043
4.32,62.83768738568225
4.324,62.15825245479793
4.328000000000001,61.37474595244828
4.332000000000001,60.48373900757575
4.336,59.48131639404459
4.34,58.3630594516178
4.343999999999999,57.1240312522877
4.348000000000001,55.75876660615789
4.352,54.26127071734849
4.356,52.62503206966725
4.359999999999999,50.84305770007605
4.364000000000001,48.907942784466364
4.368,46.81199197855342
4.372,44.54741806492248
4.3759999999999994,42.10665539972092
4.380000000000001,39.482843262715924
4.384,36.67056015085577
4.388,33.66692804299622
4.3919999999999995,30.473260557625373
4.396000000000001,27.09750601036164
4.4,23.55783835959281
4.404,19.891022419139283
4.4079999999999995,16.223368448571208
4.412000000000001,12.80636592200543
4.416,9.847086470917578
4.42,7.493577166853001
4.4239999999999995,5.905636136853127
4.428000000000001,5.2530021714446455
4.432,5.584998055353131
4.436,6.608845655268085
4.4399999999999995,7.803439308784596
4.444000000000001,8.9613607930894
4.448,10.065002063674147
4.452,11.108661239053687
4.4559999999999995,12.089901191916306
4.460000000000001,13.008399908138806
4.464,13.865168892663172
4.468,14.662026126624639
4.4719999999999995,15.401243105357851
4.476000000000001,16.08531026165399
4.48,16.716782676633493
4.484,17.298180143950162
4.4879999999999995,17.831923953172392
4.492000000000001,18.320298392793006
4.496,18.765428794493975
4.5,19.16927053499737
4.504,19.533605178028058
4.508000000000001,19.86004114467383
4.5120000000000005,20.150017125934347
4.516,20.404807017823913
4.52,20.62552554889995
4.524000000000001,20.813134038050055
4.5280000000000005,20.96844590455914
4.532,21.092131678779296
4.536,21.18472334793603
4.540000000000001,21.24661793008464
4.5440000000000005,21.278080208606212
4.548,21.27924458604015
4.552,21.250116033930013
4.556000000000001,21.190570128070185
4.5600000000000005,21.100352168776382
4.564,20.979075395948712
4.568,20.82621832112669
4.572000000000001,20.64112121610935
4.5760000000000005,20.42298182332445
4.58,20.170850391316833
4.584,19.883624195468496
4.588000000000001,19.560041787758287
4.5920000000000005,19.198677342037517
4.596,18.797935640237128
4.6,18.356048505279354
4.604000000000001,17.871073864922902
4.6080000000000005,17.34089918121998
4.612,16.7632517821465
4.616,16.135719802979136
4.620000000000001,15.455789159898131
4.6240000000000006,14.72090449711055
4.628,13.928565757616175
4.632,13.076477496493833
4.636000000000001,12.162776112983657
4.640000000000001,11.186371992508517
4.644,10.147460667151389
4.648,9.048281270944942
4.652000000000001,7.894232846046636
4.656000000000001,6.688119866662801
4.66,5.186065228298226
4.664,2.6351964886155406
4.668000000000001,-1.3754348957727105
4.672000000000001,-6.641715327401722
4.676,-12.693824463383248
4.68,-19.055103159408404
4.684000000000001,-25.367446309602823
4.688000000000001,-31.47202650289619
4.692,-37.38276548085376
4.696,-43.0852189249831
4.700000000000001,-48.5276012327347
4.704000000000001,-53.67915857620126
4.708,-58.52609703947971
4.712,-63.06564647946097
4.716000000000001,-67.30201809470982
4.720000000000001,-71.2436757507293
4.724,-74.90150680381491
4.728,-78.28760498101437
4.732000000000001,-81.41446847240343
4.736000000000001,-84.29447918354528
4.74,-86.939571997444
4.744,-89.36103203139857
4.748000000000001,-91.56937763275864
4.752000000000001,-93.57430027055386
4.756,-95.38464160665413
4.76,-97.00839425806896
4.764000000000001,-98.4527170243333
4.768000000000001,-99.72395827832773
4.772,-100.82768322905613
4.776,-101.76870214770231
4.780000000000001,-102.55109759905673
4.784000000000001,-103.17824937260555
4.788,-103.65285625314286
4.792,-103.9769540732643
4.796000000000001,-104.15192969401888
4.800000000000001,-104.17853069673869
4.804,-104.05687066139883
4.808,-103.78642997179072
4.812000000000001,-103.36605213888657
4.816000000000001,-102.79393568281328
4.82,-102.0676216723823
4.824,-101.18397710188705
4.828000000000001,-100.13917440341218
4.832000000000001,-98.92866756961917
4.836,-97.54716562474705
4.84,-95.98860456963104
4.844000000000001,-94.24611949569372
4.848000000000001,-92.31201939361796
4.852,-90.17776839138097
4.856,-87.8339789138638
4.859999999999999,-85.2704248120094
4.864000000000001,-82.47608623173248
4.868,-79.43924342633426
4.872,-76.14764467016366
4.8759999999999994,-72.5887851092346
4.880000000000001,-68.75035057444407
4.884,-64.62090572758662
4.888,-60.19094326303081
4.8919999999999995,-55.45446571518041
4.896000000000001,-50.411351040524
4.9,-45.07086610658279
4.904,-39.45684482150107
4.9079999999999995,-33.61273014468609
4.912000000000001,-27.46408268954094
4.916,-20.53928158926801
4.92,-12.59405774111343
4.9239999999999995,-3.9699998636116094
4.928000000000001,4.661336894494646
4.932,12.566209549921115
4.936,19.208903579387677
4.9399999999999995,24.613972930918173
4.944000000000001,29.425620100149743
4.948,34.04170978111414
4.952,38.45340923224986
4.9559999999999995,42.63356931837602
4.960000000000001,46.56949440719506
4.964,50.25793020744989
4.968,53.701626945527565
4.9719999999999995,56.90701702699966
4.976000000000001,59.88265675330317
4.98,62.63818825752399
4.984,65.18365446327249
4.9879999999999995,67.5290531499803
4.992000000000001,69.68405266107368
4.996,71.65781656089298
5.0,73.45890134388573
5.004,75.09520269976143
5.008000000000001,76.57393359247965
5.0120000000000005,77.90162270010485
5.016,79.08412538095885
5.02,80.12664181330004
5.024000000000001,81.03373866135827
5.0280000000000005,81.80937179379065
5.032,82.45690838743135
5.036,82.97914730290098
5.040000000000001,83.3783369971823
5.0440000000000005,83.65619049551144
5.048,83.81389711851413
5.052,83.85213077695563
5.056000000000001,83.7710547249177
5.0600000000000005,83.57032271687561
5.064,83.2490765562451
5.068,82.80594006212095
5.072000000000001,82.23900952637182
5.0760000000000005,81.5458407950444
5.08,80.72343319825794
5.084,79.76821068720956
5.088000000000001,78.67600073697385
5.0920000000000005,77.44201186953207
5.096,76.06081108560998
5.1,74.52630312795806
5.104000000000001,72.8317144216891
5.1080000000000005,70.96958587914851
5.112,68.93178070785014
5.116,66.70951620080105
5.120000000000001,64.29343263384139
5.1240000000000006,61.67371846036705
5.128,58.84031989572728
5.132,55.78327608310075
5.136000000000001,52.493240343588774
5.140000000000001,48.962276480313804
5.144,45.18506092790116
5.148,41.16068239805676
5.152000000000001,36.89531740049573
5.156000000000001,32.406178286734615
5.16,27.727580911552028
5.164,22.95457508876139
5.168000000000001,18.369384643885088
5.172000000000001,14.288964702015521
5.176,10.924999525797105
5.18,8.467197748571724
5.184000000000001,7.13591133298091
5.188000000000001,7.090588830219238
5.192,8.166096771403241
5.196,9.731702170655359
5.200000000000001,11.302117558191155
5.204000000000001,12.80532558951379
5.208,14.231141550513474
5.212,15.574696913043706
5.216000000000001,16.83452094410454
5.220000000000001,18.01131251785516
5.224,19.107109289248402
5.228,20.124729678702078
5.232000000000001,21.067400733090157
5.236000000000001,21.938512166712236
5.24,22.7414558859236
5.244,23.47952332106792
5.248000000000001,24.15584174164975
5.252000000000001,24.773336734366357
5.256,25.33471209731743
5.26,25.8424411735212
5.264000000000001,26.29876553541327
5.268000000000001,26.705698223442536
5.272,27.065029627382543
5.276,27.378334707372748
5.280000000000001,27.64698067019997
5.284000000000001,27.87213450414253
5.288,28.054769973309494
5.292,28.195673807583546
5.296000000000001,28.29545091623645
5.300000000000001,28.354528515391877
5.304,28.373159101200677
5.308,28.35142222862347
5.312000000000001,28.289225075100287
5.316000000000001,28.186301783025137
5.32,28.042211588142038
5.324,27.856335755861735
5.328000000000001,27.627873367396358
5.332000000000001,27.355836026497006
5.336,27.039041600568346
5.34,26.676107173966624
5.344000000000001,26.265441486029324
5.348000000000001,25.80523726559856
5.352,25.29346407722271
5.356,24.727862590463957
5.359999999999999,24.105941614436443
5.364000000000001,23.424979865894166
5.368,22.682035350691415
5.372,21.873966568056254
5.3759999999999994,20.997471691923995
5.380000000000001,20.049154736544605
5.384,19.02563191038933
5.388,17.923697548161154
5.3919999999999995,16.740578130924476
5.396000000000001,15.474316313375487
5.4,14.124346426753567
5.404,12.692350896021434
5.4079999999999995,11.183525473916603
5.412000000000001,9.608149645298038
5.416,7.910447224827378
5.42,5.596644744807758
5.4239999999999995,2.117655625709794
5.428000000000001,-2.52221871125417
5.432,-7.946940891098091
5.436,-13.693250859503207
5.4399999999999995,-19.368308948745188
5.444000000000001,-24.761296001095655
5.448,-29.90215878817629
5.452,-34.86889331510295
5.4559999999999995,-39.62988110767066
5.460000000000001,-44.150729115563095
5.464,-48.41420891756926
5.468,-52.41445530410876
5.4719999999999995,-56.152886533521425
5.476000000000001,-59.63544135729132
5.48,-62.870721523494595
5.484,-65.86875169024835
5.4879999999999995,-68.6401586184945
5.492000000000001,-71.19563448488881
5.496,-73.54559238333758
5.5,-75.69995149518302
5.504,-77.66800935768383
5.508000000000001,-79.45837219441373
5.5120000000000005,-81.07892347006435
5.516,-82.5368171016209
5.52,-83.8384860433729
5.524000000000001,-84.98965990065926
5.5280000000000005,-85.99538724496097
5.532,-86.86005969073919
5.536,-87.58743574894456
5.540000000000001,-88.18066312773315
5.5440000000000005,-88.64229859967986
5.548,-88.97432486033856
5.552,-89.17816400957935
5.556000000000001,-89.25468742589443
5.5600000000000005,-89.2042218970434
5.564,-89.02655193441576
5.568,-88.72091824598539
5.572000000000001,-88.28601238429692
5.5760000000000005,-87.71996763138677
5.58,-87.02034624221312
5.584,-86.1841232541885
5.588000000000001,-85.20766719822086
5.5920000000000005,-84.0867182371562
5.596,-82.8163645396542
5.6,-81.39101811249347
5.604000000000001,-79.80439192104224
5.6080000000000005,-78.04948101154785
5.612,-76.11855163415773
5.616,-74.00314423410168
5.620000000000001,-71.69409889764482
5.6240000000000006,-69.18161580463094
5.628,-66.4553690368152
5.632,-63.504700592373254
5.636000000000001,-60.318933957881356
5.640000000000001,-56.887865010883544
5.644,-53.202515189635726
5.648,-49.256271830367396
5.652000000000001,-45.04659893418061
5.656000000000001,-40.57758542555102
5.66,-35.86371407630114
5.664,-30.93534631704799
5.668000000000001,-25.81952700470009
5.672000000000001,-20.33793617247039
5.676,-14.249167513472704
5.68,-7.676259459905664
5.684000000000001,-1.0532954915638735
5.688000000000001,5.064148906607534
5.692,10.178455304235815
5.696,14.117826509741876
5.700000000000001,17.292142736947643
5.704000000000001,20.251048047273446
5.708,23.090569511854575
5.712,25.789978977675997
5.716000000000001,28.337865787697933
5.720000000000001,30.729973494063895
5.724,32.96664794993432
5.728,35.051106963613556
5.732000000000001,36.988275898748704
5.736000000000001,38.78400949992538
5.74,40.44457610996523
5.744,41.97631973862058
5.748000000000001,43.3854424691403
5.752000000000001,44.67786809277915
5.756,45.85916034687369
5.76,46.93447760101073
5.764000000000001,47.908551590163086
5.768000000000001,48.78568171387821
5.772,49.569739099208896
5.776,50.264176460377286
5.780000000000001,50.8720410485508
5.784000000000001,51.39598885186369
5.788,51.83829880205963
5.792,52.20088615374794
5.796000000000001,52.48531448284074
5.800000000000001,52.69280594192656
5.804,52.82424953974444
5.808,52.880207298897965
5.812000000000001,52.86091820431707
5.816000000000001,52.76629989483944
5.82,52.59594807940575
5.824,52.34913368413008
5.828000000000001,52.02479776276139
5.832000000000001,51.62154423681977
5.836,51.1376305799514
5.84,50.570956632628516
5.844000000000001,49.91905184002849
5.848000000000001,49.17906136416013
5.852,48.34773175422534
5.856,47.42139720004424
5.860000000000001,46.39596789007393
5.864000000000001,45.26692271794091
5.868,44.0293096315067
5.872,42.67775844640129
5.8759999999999994,41.20651317321509
5.880000000000001,39.609494162690275
5.884,37.88040514451223
5.888,36.012907248825286
5.8919999999999995,34.000892432605205
5.896000000000001,31.838903970043013
5.9,29.522774095858377
5.904,27.0505816949512
5.9079999999999995,24.424080186908114
5.912000000000001,21.650811674636643
5.916,18.7472111050045
5.92,15.748332090061464
5.9239999999999995,12.777912338519355
5.928000000000001,10.04633687594483
5.932,7.712406058860185
5.936,5.894413998769434
5.9399999999999995,4.724973009898886
5.944000000000001,4.336134404381834
5.948,4.7356380354474705
5.952,5.634861775712472
5.9559999999999995,6.624587545892563
5.960000000000001,7.578786020312169
5.964,8.486997010226952
5.968,9.344984397855656
5.9719999999999995,10.1510493228145
5.976000000000001,10.905130818628002
5.98,11.608195214421203
5.984,12.261824844630164
5.9879999999999995,12.867942903575296
5.992000000000001,13.428630835511262
5.996,13.946008462389429
6.0,14.422156572333982
6.004000000000001,14.859068181018756
6.007999999999999,15.25861908173945
6.0120000000000005,15.622551286584295
6.016000000000002,15.95246498974727
6.02,16.249816065534947
6.024000000000001,16.515917057153587
6.027999999999999,16.751940258626345
6.032,16.958921935885055
6.036000000000001,17.13776703815241
6.039999999999999,17.289253960614946
6.0440000000000005,17.414039063606417
6.048000000000002,17.512660752363214
6.052,17.585542988828628
6.056000000000001,17.63299815265159
6.059999999999999,17.6552291992525
6.064,17.652331083437062
6.068000000000001,17.62429143104808
6.071999999999999,17.5709904512397
6.0760000000000005,17.492200090312497
6.080000000000002,17.387582436627046
6.084,17.256687396902656
6.088000000000001,17.098949679479457
6.091999999999999,16.913685142714545
6.096,16.70008660036452
6.100000000000001,16.457219225813493
6.103999999999999,16.18401577067266
6.1080000000000005,15.879271921166646
6.112000000000002,15.541642273019905
6.116,15.169637634351545
6.120000000000001,14.761624698690829
6.123999999999999,14.315829614058341
6.128,13.830347679120871
6.1320000000000014,13.303162427506136
6.135999999999999,12.732178870531687
6.140000000000001,12.115277886208325
6.144000000000002,11.450402008699403
6.148,10.735687688914615
6.152000000000001,9.969666190418023
6.155999999999999,9.151565673094929
6.16,8.28176202487255
6.1640000000000015,7.362447065608137
6.167999999999999,6.3986104078968955
6.172000000000001,5.397205219845598
6.176000000000002,4.32563235338739
6.18,3.099160796683529
6.184000000000001,1.7064316363386614
6.187999999999999,0.22755965281820492
6.192,-1.2160212859726935
6.1960000000000015,-2.5042505162770223
6.199999999999999,-3.5672665199297997
6.204000000000001,-4.445871340487876
6.208000000000002,-5.254912174457965
6.212,-6.032725898362382
6.216000000000001,-6.7739902541018555
6.219999999999999,-7.474907439443554
6.224,-8.13386193839989
6.2280000000000015,-8.750651702705765
6.231999999999999,-9.325965461423905
6.236000000000001,-9.861030293766603
6.240000000000002,-10.35737562869396
6.244,-10.816676417756065
6.248000000000001,-11.240650000997798
6.251999999999999,-11.630989321317937
6.256,-11.989320693735353
6.260000000000002,-12.317178104223771
6.263999999999999,-12.615988568289197
6.268000000000001,-12.88706481475199
6.272000000000002,-13.131602741453426
6.276,-13.350681896064273
6.280000000000001,-13.545267787316547
6.283999999999999,-13.71621521094671
6.288,-13.864272035184708
6.292000000000002,-13.990083069845817
6.295999999999999,-14.09419376629336
6.300000000000001,-14.177053580008064
6.304000000000002,-14.239018885161348
6.308,-14.280355369697487
6.312000000000001,-14.301239865757896
6.315999999999999,-14.301761587939335
6.32,-14.281922763838693
6.324000000000002,-14.241638649845928
6.327999999999999,-14.180736932016595
6.332000000000001,-14.098956518683298
6.336000000000002,-13.995945739851356
6.34,-13.871259980155713
6.344000000000001,-13.724358789457415
6.347999999999999,-13.554602540957719
6.352,-13.361248745030153
6.356000000000002,-13.14344818351074
6.359999999999999,-12.900241112025354
6.364000000000001,-12.63055389878726
6.368000000000002,-12.333196644124857
6.372,-12.00686258058199
6.376000000000001,-11.650130425179434
6.379999999999999,-11.261471396995233
6.384,-10.839263404092247
6.388000000000002,-10.38181606211362
6.3919999999999995,-9.887411908147172
6.396000000000001,-9.354371678624705
6.399999999999999,-8.781155213942753
6.404,-8.166514994764158
6.408000000000001,-7.509727294412935
6.411999999999999,-6.810937489763907
6.416,-6.07167238399611
6.420000000000002,-5.2955941787012355
6.4239999999999995,-4.490228971079864
6.428000000000001,-3.688657818788245
6.431999999999999,-2.9719297850294017
6.436,-2.403593027695417
6.440000000000001,-2.011755246281929
6.443999999999999,-1.817157912313896
6.448,-1.844213687532558
6.452000000000002,-2.0991245359620057
6.4559999999999995,-2.521078666885027
6.460000000000001,-2.9894024672576953
6.463999999999999,-3.4442618528856235
6.468,-3.87832318149233
6.472000000000001,-4.289152814703006
6.475999999999999,-4.675663780433497
6.48,-5.037643916340993
6.484000000000002,-5.37543485658944
6.4879999999999995,-5.6897153656794295
6.492000000000001,-5.9813561083087885
6.495999999999999,-6.251323024665005
6.5,-6.5006136782144415
6.504000000000001,-6.730215930254874
6.507999999999999,-6.941081702540452
6.5120000000000005,-7.134110903038716
6.516000000000002,-7.310142158947274
6.52,-7.469948066281938
6.524000000000001,-7.614233390151473
6.527999999999999,-7.743635144459975
6.532,-7.858723818305164
6.536000000000001,-7.960005248605712
6.539999999999999,-8.047922798156554
6.5440000000000005,-8.122859608139164
6.548000000000002,-8.185140769627713
6.552,-8.235035310434201
6.556000000000001,-8.272757929017766
6.559999999999999,-8.298470431206319
6.564,-8.312282841670273
6.568000000000001,-8.314254172944413
6.571999999999999,-8.30439284212832
6.5760000000000005,-8.282656730556283
6.580000000000002,-8.248952885798051
6.584,-8.203136869269038
6.588000000000001,-8.145011757415817
6.591999999999999,-8.074326810918947
6.596,-7.990775835862
6.600000000000001,-7.893995274993864
6.603999999999999,-7.783562088287077
6.6080000000000005,-7.6589915131197
6.612000000000002,-7.5197348400553485
6.616,-7.365177406813574
6.620000000000001,-7.194637109976811
6.623999999999999,-7.007363874918906
6.628,-6.802540729390881
6.6320000000000014,-6.579287424710452
6.635999999999999,-6.336667984250957
6.640000000000001,-6.0737041968474745
6.644000000000002,-5.789398009350341
6.648,-5.482767151287575
6.652000000000001,-5.152900357402923
6.655999999999999,-4.799041549703322
6.66,-4.420716737659606
6.6640000000000015,-4.017923779182608
6.667999999999999,-3.5914141987415507
6.672000000000001,-3.1431084785938674
6.676000000000002,-2.6769647646359704
6.68,-2.2146287897135424
6.684000000000001,-1.8245425224261314
6.687999999999999,-1.5638948283435408
6.692,-1.4482847406102046
6.6960000000000015,-1.4776252317412815
6.699999999999999,-1.653440471693816
6.704000000000001,-1.972163915708876
6.708000000000002,-2.3980720099744013
6.712,-2.857239723056159
6.716000000000001,-3.3043128235895645
6.719999999999999,-3.7315393346738475
6.724,-4.136305882503722
6.7280000000000015,-4.517396666901889
6.731999999999999,-4.874505633932986
6.736000000000001,-5.207905094599444
6.740000000000002,-5.518221824956788
6.744,-5.806286842924338
6.748000000000001,-6.07303534606573
6.751999999999999,-6.319440687813992
6.756,-6.546471407813585
6.760000000000002,-6.755063847052095
6.763999999999999,-6.946105266758924
6.768000000000001,-7.120424009675225
6.772000000000002,-7.27878434153651
6.776,-7.42188435831349
6.780000000000001,-7.550355854785083
6.783999999999999,-7.6647653989492674
6.788,-7.765616096117733
6.792000000000002,-7.853349691015809
6.795999999999999,-7.928348769361512
6.800000000000001,-7.990938898198293
6.804000000000002,-8.04139059765263
6.808,-8.079921073289427
6.812000000000001,-8.106695663040043
6.815999999999999,-8.12182896941271
6.82,-8.125385658922008
6.824000000000002,-8.117380918235904
6.827999999999999,-8.097780561815155
6.832000000000001,-8.06650078988875
6.836000000000002,-8.023407599405719
6.84,-7.968315855020466
6.844000000000001,-7.900988033183481
6.847999999999999,-7.821132661198257
6.852,-7.728402486196506
6.856000000000002,-7.622392428472715
6.859999999999999,-7.502637402416202
6.864000000000001,-7.368610130557305
6.868000000000002,-7.21971913798184
6.872,-7.055307204235639
6.876000000000001,-6.874650680495446
6.879999999999999,-6.676960269757135
6.884,-6.461384144393891
6.888000000000002,-6.227014679093065
6.8919999999999995,-5.972900667836684
6.896000000000001,-5.698067760479425
6.899999999999999,-5.401551130160753
6.904,-5.082446263388804
6.908000000000001,-4.739986536872486
6.911999999999999,-4.3736603176046325
6.916,-3.9833862478968065
6.920000000000002,-3.5697738176396916
6.9239999999999995,-3.1345078267722255
6.928000000000001,-2.6800491056426945
6.931999999999999,-2.1168678555840623
6.936,-0.972909579333887
6.940000000000001,1.1680032887048215
6.943999999999999,4.27625107449704
6.948,8.07437148931505
6.952000000000002,12.247214894508904
6.9559999999999995,16.536816566502758
6.960000000000001,20.78320635972198
6.963999999999999,24.92807799407778
6.968,28.94069489584359
6.972000000000001,32.78076049402114
6.975999999999999,36.422765973538795
6.98,39.85440325995076
6.984000000000002,43.07200127916821
6.9879999999999995,46.07740201341467
6.992000000000001,48.875847477057135
6.995999999999999,51.474560650488236
7.0,53.88179920234198
7.004000000000001,56.10623014807226
7.007999999999999,58.15652192985031
7.0120000000000005,60.041083521011885
7.016000000000002,61.767902674141965
7.02,63.344450702230034
7.024000000000001,64.77763154384085
7.027999999999999,66.07375990860997
7.032,67.23855810331038
7.036000000000001,68.27716442385065
7.039999999999999,69.19414825123704
7.0440000000000005,69.99352853722655
7.048000000000002,70.67879343002329
7.052,71.2529195225755
7.056000000000001,71.7183897086846
7.059999999999999,72.0772089760018
7.064,72.33091769888829
7.068000000000001,72.48060215205057
7.071999999999999,72.52690207190024
7.0760000000000005,72.47001516387171
7.080000000000002,72.3096985032694
7.084,72.0452668145375
7.088000000000001,71.6755876475855
7.091999999999999,71.19907350795789
7.096,70.61367104871601
7.100000000000001,69.91684750612808
7.103999999999999,69.10557467170318
7.1080000000000005,68.17631085761761
7.112000000000002,67.12498155598303
7.116,65.94695984997736
7.120000000000001,64.63704815739435
7.123999999999999,63.18946364805722
7.128,61.59783078275035
7.1320000000000014,59.85518602974975
7.135999999999999,57.95400215620678
7.140000000000001,55.88624290698733
7.144000000000002,53.64346387922024
7.148,51.21698272954585
7.152000000000001,48.598152632266284
7.155999999999999,45.778788797565646
7.16,42.75182128786917
7.1640000000000015,39.51228181489467
7.167999999999999,36.05878240930147
7.172000000000001,32.39571566676484
7.176000000000002,28.5365049566816
7.18,24.508172108253998
7.184000000000001,20.313247333340932
7.187999999999999,15.719536361389036
7.192,10.501789923605592
7.1960000000000015,4.802591204869703
7.199999999999999,-0.9713118632086941
7.204000000000001,-6.32914416747342
7.208000000000002,-10.859540411940717
7.212,-14.465094511087957
7.216000000000001,-17.52543096303219
7.219999999999999,-20.429067000576772
7.224,-23.21176081143213
7.2280000000000015,-25.853828024533577
7.231999999999999,-28.345297354990876
7.236000000000001,-30.682806376904352
7.240000000000002,-32.86722730563823
7.244,-34.90205924875356
7.248000000000001,-36.79234744036021
7.251999999999999,-38.543961778423686
7.256,-40.163119353852146
7.260000000000002,-41.656072314220516
7.263999999999999,-43.028907562716654
7.268000000000001,-44.28742190845929
7.272000000000002,-45.43704789365905
7.276,-46.4828133990449
7.280000000000001,-47.42932348230317
7.283999999999999,-48.28075655297205
7.288,-49.04086948143947
7.292000000000002,-49.71300794927193
7.295999999999999,-50.300119522534246
7.300000000000001,-50.804767737463294
7.304000000000002,-51.22914604344251
7.308,-51.57509082980007
7.312000000000001,-51.844093024112944
7.315999999999999,-52.037307927514554
7.32,-52.15556307272159
7.324000000000002,-52.19936397121457
7.327999999999999,-52.16889767024298
7.332000000000001,-52.06403407758275
7.336000000000002,-51.88432503967464
7.34,-51.62900118307218
7.344000000000001,-51.29696655578099
7.347999999999999,-50.88679114012701
7.352,-50.39670135933391
7.356000000000002,-49.82456877514345
7.359999999999999,-49.16789728576325
7.364000000000001,-48.42380929927146
7.368000000000002,-47.58903160148343
7.372,-46.65988199384225
7.376000000000001,-45.63225829633765
7.379999999999999,-44.501632065753576
7.384,-43.263050477530676
7.388000000000002,-41.91115141755268
7.3919999999999995,-40.44019916037563
7.396000000000001,-38.84415141759272
7.400000000000002,-37.116773536359304
7.404,-35.251822975406526
7.408000000000001,-33.243338013393114
7.411999999999999,-31.086080609813454
7.416,-28.776206825981454
7.420000000000002,-26.312272509028528
7.4239999999999995,-23.696731169992216
7.428000000000001,-20.938149152684133
7.431999999999999,-18.054473034600438
7.436,-15.09271369529025
7.440000000000001,-12.248751040237353
7.443999999999999,-9.803940719653426
7.448,-7.9203730427750685
7.452000000000002,-6.684426646286452
7.4559999999999995,-6.188864585988823
7.460000000000001,-6.51978665190249
7.463999999999999,-7.6216980984488485
7.468,-9.145864688527098
7.472000000000001,-10.704735601708917
7.475999999999999,-12.202069849284335
7.48,-13.62536800655207
7.484000000000002,-14.96866872085647
7.4879999999999995,-16.22976470774425
7.492000000000001,-17.40886289358504
7.495999999999999,-18.507676014399284
7.5,-19.5288113802014
7.504000000000001,-20.475362421098236
7.507999999999999,-21.350637992760905
7.5120000000000005,-22.15798505424789
7.516000000000002,-22.900674521908115
7.52,-23.5818297654031
7.524000000000001,-24.204383766901675
7.527999999999999,-24.77105541083507
7.532,-25.284338392829117
7.536000000000001,-25.746498294722493
7.539999999999999,-26.159574779063288
7.5440000000000005,-26.525386820161202
7.548000000000002,-26.84553955060081
7.552,-27.1214317572758
7.556000000000001,-27.354263374078116
7.559999999999999,-27.54504253346998
7.564,-27.69459188648827
7.568000000000001,-27.803554001100114
7.571999999999999,-27.872395716774086
7.5760000000000005,-27.90141137878182
7.580000000000002,-27.890724906387522
7.584,-27.840290670021727
7.588000000000001,-27.749893167848946
7.591999999999999,-27.619145505200667
7.596,-27.44748669422405
7.600000000000001,-27.23417780899168
7.603999999999999,-26.9782970569029
7.6080000000000005,-26.67873386517085
7.612000000000002,-26.334182137784563
7.616,-25.943132922234046
7.620000000000001,-25.50386684879651
7.623999999999999,-25.014446885892312
7.628,-24.472712218351
7.6320000000000014,-23.87627443843145
7.635999999999999,-23.222517796157728
7.640000000000001,-22.508606065605917
7.644000000000002,-21.731499764671845
7.648,-20.887989191757246
7.652000000000001,-19.974751272714823
7.655999999999999,-18.988441930348763
7.66,-17.92584116795789
7.6640000000000015,-16.784076138107483
7.667999999999999,-15.560959360890248
7.672000000000001,-14.255496647964321
7.676000000000002,-12.868644334922523
7.68,-11.40443034356605
7.684000000000001,-9.871587128381675
7.687999999999999,-8.256868940621125
7.692,-6.188836811569954
7.6960000000000015,-3.012277042741471
7.699999999999999,1.4309203649472009
7.704000000000001,6.824036205717267
7.708000000000002,12.69506647368916
7.712,18.609688774436062
7.716000000000001,24.288185534443503
7.719999999999999,29.692030685109057
7.724,34.90920360280457
7.7280000000000015,39.92513685545329
7.731999999999999,44.69879257547336
7.736000000000001,49.20809925092535
7.740000000000002,53.444257885522866
7.744,57.40703473637947
7.748000000000001,61.1015658216638
7.751999999999999,64.53620467497385
7.756,67.72108266465851
7.760000000000002,70.66715361102248
7.763999999999999,73.38556674260619
7.768000000000001,75.88726186623616
7.772000000000002,78.18271458825625
7.776,80.28178247105208
7.780000000000001,82.19361863973997
7.783999999999999,83.9266299714221
7.788,85.48846423016347
7.792000000000002,86.88601544944076
7.795999999999999,88.12544024666401
7.800000000000001,89.2121800767815
7.804000000000002,90.15098602897305
7.808,90.9459438690454
7.812000000000001,91.60049778505727
7.815999999999999,92.11747181105622
7.82,92.4990882566464
7.824000000000002,92.74698270909475
7.827999999999999,92.86221533549417
7.832000000000001,92.84527832031925
7.836000000000002,92.69609934706844
7.84,92.41404108558594
7.844000000000001,91.99789669054775
7.847999999999999,91.4458813618043
7.852,90.75562007423486
7.856000000000002,89.92413166550077
7.859999999999999,88.94780958949251
7.864000000000001,87.82239982136772
7.868000000000002,86.54297666438895
7.872,85.10391759816903
7.876000000000001,83.49887887815396
7.879999999999999,81.72077442751555
7.884,79.76176177179596
7.888000000000002,77.61324052450902
7.8919999999999995,75.26587148892044
7.896000000000001,72.70962816777924
7.900000000000002,69.93389791709973
7.904,66.92765795706049
7.908000000000001,63.67976317495764
7.911999999999999,60.17939992078566
7.916,56.416785455846515
7.920000000000002,52.38423020943695
7.9239999999999995,48.0777349021446
7.928000000000001,43.49937389347063
7.931999999999999,38.66082735035459
7.936,33.58857106867328
7.940000000000001,28.32615950313736
7.943999999999999,22.848111411922915
7.948,17.045236641400038
7.952000000000002,11.00894111758593
7.9559999999999995,5.075739663742327
7.960000000000001,-0.28518716043492454
7.963999999999999,-4.6055017911771605
7.968,-7.6481931968274806
7.972000000000001,-9.724023778254798
7.975999999999999,-11.494432369244967
7.98,-13.191565699684585
7.984000000000002,-14.808760883948898
7.9879999999999995,-16.33780143803681
7.992000000000001,-17.7752092873202
7.995999999999999,-19.120574538062886
8.0,-20.375420069619928
8.004000000000001,-21.542436048775027
8.008,-22.624967373315734
8.012,-23.626673105823432
8.016000000000002,-24.551302543387177
8.02,-25.402550244281187
8.024000000000001,-26.183964391551473
8.027999999999999,-26.89889105917729
8.032,-27.550442497814306
8.036000000000001,-28.14148132679574
8.04,-28.674615085315928
8.044,-29.15219734773081
8.048000000000002,-29.576332807519893
8.052,-29.948884557828443
8.056000000000001,-30.27148236256868
8.059999999999999,-30.545531101479245
8.064,-30.772218840224713
8.068000000000001,-30.952524160125428
8.072,-31.087222507382936
8.076,-31.176891406601225
8.080000000000002,-31.221914440598947
8.084,-31.222483936862055
8.088000000000001,-31.17860232696783
8.091999999999999,-31.090082163824192
8.096,-30.956544796539088
8.100000000000001,-30.77741771766585
8.104,-30.551930615940446
8.108,-30.27911019336599
8.112000000000002,-29.957773843465247
8.116,-29.586522344125157
8.120000000000001,-29.163731802557212
8.123999999999999,-28.6875452139306
8.128,-28.155864176969008
8.132000000000001,-27.566341574928185
8.136,-26.91637641604876
8.14,-26.203112588260094
8.144000000000002,-25.423444098391965
8.148,-24.574030554184603
8.152000000000001,-23.651328382443243
8.155999999999999,-22.65164581781363
8.16,-21.571233429217816
8.164000000000001,-20.406427447404948
8.168,-19.15387126162674
8.172,-17.810852393691476
8.176000000000002,-16.37580976252173
8.18,-14.849091401963896
8.184000000000001,-13.23407855169861
8.187999999999999,-11.538839746486861
8.192,-9.779454785962793
8.196000000000002,-8.01135211335126
8.2,-6.360210547380786
8.204,-4.934805245842923
8.208000000000002,-3.806191706829517
8.212,-3.0458183838721373
8.216000000000001,-2.732845211382245
8.219999999999999,-2.900062624653044
8.224,-3.426791114189229
8.228000000000002,-4.059198659289317
8.232,-4.675278734772284
8.236,-5.263116766535534
8.240000000000002,-5.819443173930691
8.244,-6.342803655756649
8.248000000000001,-6.832922711178436
8.251999999999999,-7.290270779423742
8.256,-7.715772110509582
8.260000000000002,-8.11060896979827
8.264,-8.476091385105963
8.268,-8.81357135472023
8.272000000000002,-9.124387160705878
8.276,-9.409828026244213
8.280000000000001,-9.671112475703996
8.283999999999999,-9.909375871935806
8.288,-10.125664041654154
8.292000000000002,-10.320930877177275
8.296,-10.496038469843404
8.3,-10.651758786952579
8.304000000000002,-10.788776217339453
8.308,-10.907690526015317
8.312000000000001,-11.00901990644212
8.315999999999999,-11.093203920843639
8.32,-11.160606188819997
8.324000000000002,-11.21151673224319
8.328,-11.246153916807172
8.332,-11.264665952432308
8.336000000000002,-11.267131929364414
8.34,-11.253562376697953
8.344000000000001,-11.223899337019033
8.347999999999999,-11.17801595636958
8.352,-11.115715594047419
8.356000000000002,-11.036730463132418
8.36,-10.940719821443398
8.364,-10.827267745583054
8.368000000000002,-10.695880540037852
8.372,-10.545983862006713
8.376000000000001,-10.376919685020386
8.379999999999999,-10.187943286575265
8.384,-9.97822053571869
8.388000000000002,-9.746825888548498
8.392,-9.492741691493682
8.396,-9.21485967133634
8.400000000000002,-8.911985897417578
8.404,-8.582851094869143
8.408000000000001,-8.226129056453194
8.411999999999999,-7.8404671761476585
8.416,-7.424535005332542
8.420000000000002,-6.97709950098744
8.424,-6.497139715359378
8.428,-5.984019664343459
8.432000000000002,-5.437746803602758
8.436,-4.859355862892735
8.440000000000001,-4.251474403625096
8.443999999999999,-3.618957997687562
8.448,-2.9600672012517775
8.452000000000002,-2.2501170921243068
8.456,-1.483152517688933
8.46,-0.6941791201594826
8.463999999999999,0.057285890725282916
8.468,0.7063618023442001
8.472000000000001,1.207655604055774
8.475999999999999,1.5741077262922467
8.48,1.881711825539316
8.484000000000002,2.1753957936376995
8.488,2.45600304338482
8.492,2.721833594315509
8.495999999999999,2.9720978112396748
8.5,3.2066006168443533
8.504000000000001,3.42552477758607
8.508,3.6292844936864928
8.512,3.8184271754857915
8.516000000000002,3.993568024364698
8.52,4.155346873673938
8.524000000000001,4.304400105953193
8.527999999999999,4.441342761560514
8.532,4.566757515716156
8.536000000000001,4.681188260151743
8.54,4.785136744446362
8.544,4.879061221127569
8.548000000000002,4.963376372194071
8.552,5.038454022939304
8.556000000000001,5.104624305496292
8.559999999999999,5.162177042110383
8.564,5.211363192156156
8.568000000000001,5.252396257802206
8.572,5.285453578154328
8.576,5.310677465577317
8.580000000000002,5.328176154116792
8.584,5.3380245408856055
8.588000000000001,5.340264708618837
8.591999999999999,5.334906222548328
8.596,5.321926198200208
8.600000000000001,5.301269139387532
8.604,5.2728465481664415
8.608,5.236536311436698
8.612000000000002,5.19218187283896
8.616,5.139591204405477
8.620000000000001,5.078535601071114
8.623999999999999,5.008748334023767
8.628,4.929923217894181
8.632000000000001,4.841713174709606
8.636,4.743728918304681
8.64,4.635537942235237
8.644000000000002,4.516664080522959
8.648,4.386588036015016
8.652000000000001,4.2447494538209956
8.655999999999999,4.090551383874356
8.66,3.9233683667737362
8.664000000000001,3.742559949631743
8.668,3.547492281248981
8.672,3.3375716781083544
8.676000000000002,3.112295883751287
8.68,2.871331433749123
8.684000000000001,2.614629451085046
8.687999999999999,2.34259776820341
8.692,2.056354857128132
8.696000000000002,1.7586368923660318
8.7,1.5089864879853432
8.704,1.587711574418121
8.708000000000002,2.2445434668769746
8.712,3.4854488805013433
8.716000000000001,5.1870286241923385
8.719999999999999,7.2107069158058215
8.724,9.440546311449909
8.728000000000002,11.773832050752727
8.732,14.107978956189683
8.736,16.373018299169196
8.740000000000002,18.5403728846918
8.744,20.59574121575759
8.748000000000001,22.5322490021524
8.751999999999999,24.347872597836144
8.756,26.04368345021853
8.760000000000002,27.62266077253011
8.764,29.088894226811316
8.768,30.447052300768586
8.772000000000002,31.702031036122104
8.776,32.85872493505928
8.780000000000001,33.92188048364689
8.783999999999999,34.89600538405775
8.788,35.785315168724416
8.792000000000002,36.59370469232118
8.796,37.324735956905904
8.8,37.98163642533202
8.804000000000002,38.56730382440739
8.808,39.08431470535222
8.812000000000001,39.53493489900418
8.815999999999999,39.92113060159984
8.82,40.24457923850153
8.824000000000002,40.50667953573793
8.828,40.70856042249555
8.832,40.851088519117816
8.836000000000002,40.93487405392866
8.84,40.96027511176963
8.844000000000001,40.92740015719895
8.847999999999999,40.83610880304585
8.852,40.686010816034916
8.856000000000002,40.476463370256546
8.86,40.206566580864866
8.864,39.875157379366605
8.868000000000002,39.48080183399199
8.872,39.02178608133349
8.876000000000001,38.49610612882036
8.879999999999999,37.90145692574582
8.884,37.23522130349263
8.888000000000002,36.49445968215506
8.892,35.67590187251478
8.896,34.775942930111725
8.900000000000002,33.790645930870376
8.904,32.715755866355
8.908000000000001,31.546730794968948
8.911999999999999,30.278799220603254
8.916,28.907056829675945
8.920000000000002,27.426621836634865
8.924,25.832877207326682
8.928,24.12184132732312
8.932000000000002,22.290728230686405
8.936,20.338786995615877
8.940000000000001,18.268550648399223
8.943999999999999,16.087680853139968
8.948,13.81181969891739
8.952000000000002,11.5031513202958
8.956,9.438822999925277
8.96,7.94156227274705
8.963999999999999,7.1337528601210245
8.968,7.026956379387848
8.972000000000001,7.629772844469476
8.975999999999999,8.945697887480053
8.98,10.859012948977496
8.984000000000002,13.038194969472363
8.988,15.192181567487745
8.992,17.256592560291622
8.995999999999999,19.216476650159468
9.0,21.064509016934196
9.004000000000001,22.79824364384639
9.008,24.418359555987294
9.012,25.92747335164284
9.016000000000002,27.329341028206485
9.02,28.628325214112813
9.024000000000001,29.829042623570622
9.027999999999999,30.936133631848726
9.032,31.954114452891595
9.036000000000001,32.88728504346144
9.04,33.73967443317655
9.044,34.51501099735048
9.048000000000002,35.216709143941635
9.052,35.84786658124275
9.056000000000001,36.411268175443546
9.059999999999999,36.90939367019937
9.064,37.344427407958655
9.068000000000001,37.71826878950978
9.072,38.03254261867925
9.076,38.28860876097544
9.080000000000002,38.487570737908385
9.084,38.63028301006144
9.088000000000001,38.7173567907668
9.091999999999999,38.7491642918638
9.096,38.72584134307114
9.100000000000001,38.647288354039745
9.104,38.513169608656426
9.108,38.32291089920078
9.112000000000002,38.0756955277983
9.116,37.770458728739065
9.120000000000001,37.40588060294776
9.123999999999999,36.98037771195957
9.128,36.49209356228386
9.132000000000001,35.93888833477545
9.136,35.3183283955371
9.14,34.62767639086765
9.144000000000002,33.86388311621883
9.148,33.02358291247664
9.152000000000001,32.10309516190966
9.155999999999999,31.098435648088252
9.16,30.005343282285065
9.164000000000001,28.819330240528505
9.168,27.535767282672644
9.172,26.150021506139588
9.176000000000002,24.6576718646765
9.18,23.054839693057524
9.184000000000001,21.338688999951483
9.187999999999999,19.50817687131582
9.192,17.56517103339247
9.196000000000002,15.516102418273974
9.2,13.374340259532032
9.204,11.13653637415703
9.208000000000002,8.590529025531412
9.212,5.454305598495427
9.216000000000001,1.7502446316164104
9.219999999999999,-2.2574724786970837
9.224,-6.227444183899685
9.228000000000002,-9.858368682621245
9.232,-13.016121860588669
9.236,-15.839691216345502
9.240000000000002,-18.534643206036208
9.244,-21.120910374138663
9.248000000000001,-23.57903687295463
9.251999999999999,-25.898821739688024
9.256,-28.07651643479559
9.260000000000002,-30.112520573572
9.264,-32.00981984481615
9.268,-33.77293502589039
9.272000000000002,-35.40721973507154
9.276,-36.91839508865321
9.280000000000001,-38.31224492675115
9.283999999999999,-39.59441967782927
9.288,-40.77031354846378
9.292000000000002,-41.844990997413966
9.296,-42.82314609953792
9.3,-43.709083600808455
9.304000000000002,-44.506714005649464
9.308,-45.21955745677875
9.312000000000001,-45.85075282523904
9.315999999999999,-46.40306956663385
9.32,-46.87892068245776
9.324000000000002,-47.2803756638836
9.328,-47.60917266534616
9.332,-47.866729408601934
9.336000000000002,-48.05415249057828
9.34,-48.17224488514827
9.344000000000001,-48.22151150746539
9.347999999999999,-48.20216276218231
9.352,-48.114116032900796
9.356000000000002,-47.956995096581274
9.36,-47.73012746919739
9.364,-47.43253971296356
9.368000000000002,-47.062950766515925
9.372,-46.61976340386505
9.376000000000001,-46.101053993887085
9.379999999999999,-45.50456083043212
9.384,-44.82767144885089
9.388000000000002,-44.06740955926789
9.392,-43.22042254073243
9.396,-42.28297089772364
9.400000000000002,-41.250921745571446
9.404,-40.11974935816091
9.408000000000001,-38.88454721807655
9.411999999999999,-37.540058060172576
9.416,-36.080731396992675
9.420000000000002,-34.50082240843912
9.424,-32.794552537333
9.428,-30.95636164939949
9.432000000000002,-28.981295649730907
9.436,-26.865594103849396
9.440000000000001,-24.60757261424934
9.443999999999999,-22.208938186052595
9.448,-19.676736402341028
9.452000000000002,-17.02620952633206
9.456,-14.288421919238587
9.46,-11.555308289039182
9.463999999999999,-8.97768885954602
9.468,-6.686206330530044
9.472000000000001,-4.802490472778303
9.475999999999999,-3.46963211329008
9.48,-2.8265954568041813
9.484000000000002,-2.89004717488528
9.488,-3.399875308655524
9.492,-3.993327538042128
9.495999999999999,-4.565701531161732
9.5,-5.11036814521202
9.504000000000001,-5.624831088533431
9.508,-6.108101220141035
9.512,-6.560161717428222
9.516000000000002,-6.981605052218452
9.52,-7.373388506695338
9.524000000000001,-7.73667064795064
9.527999999999999,-8.07270282405751
9.532,-8.382757962146634
9.536000000000001,-8.66808461118736
9.54,-8.929878030786977
9.544,-9.169262745633297
9.548000000000002,-9.387282761038419
9.552,-9.584896841346195
9.556000000000001,-9.762977074497503
9.559999999999999,-9.922309507194626
9.564,-10.063596019481619
9.568000000000001,-10.187456871449168
9.572,-10.294433536247212
9.576,-10.384991558415113
9.580000000000002,-10.459523262323376
9.584,-10.518350194304782
9.588000000000001,-10.561725222134875
9.591999999999999,-10.589834242676362
9.596,-10.602797466766589
9.600000000000001,-10.600670262675504
9.604,-10.583443547798765
9.608,-10.551043724268288
9.612000000000002,-10.50333215916999
9.616,-10.440104215227962
9.620000000000001,-10.361087844345441
9.623999999999999,-10.265941765654276
9.628,-10.154253263428267
9.632000000000001,-10.025535660657157
9.636,-9.879225554403252
9.64,-9.714679943747718
9.644000000000002,-9.531173446555705
9.648,-9.327895896662291
9.652000000000001,-9.103950751813617
9.655999999999999,-8.858354944362752
9.66,-8.590041100083534
9.664000000000001,-8.297863478023006
9.668,-7.980609608957362
9.672,-7.637020525305087
9.676000000000002,-7.2658238203575625
9.68,-6.865785755849315
9.684000000000001,-6.435791558340768
9.687999999999999,-5.974967347087977
9.692,-5.4828634351001835
9.696000000000002,-4.959727840700536
9.7,-4.4069115991745775
9.704,-3.8274644970183815
9.708000000000002,-3.229884104315364
9.712,-2.6803813964160454
9.716000000000001,-2.317235045880013
9.719999999999999,-2.2142696786110183
9.724,-2.3691914962253606
9.728000000000002,-2.758892768100499
9.732,-3.3643328716543053
9.736,-4.156155714489259
9.740000000000002,-5.058768193777186
9.744,-5.970834388437699
9.748000000000001,-6.850227318327577
9.751999999999999,-7.688101218455796
9.756,-8.480234655276904
9.760000000000002,-9.224849583664792
9.764,-9.921749576359863
9.768,-10.571734109279031
9.772000000000002,-11.176203711921389
9.776,-11.73689560627245
9.780000000000001,-12.255708072818704
9.783999999999999,-12.734584985707905
9.788,-13.175441078636897
9.792000000000002,-13.58011472416196
9.796,-13.950339231979115
9.8,-14.287726535522049
9.804000000000002,-14.593759080997863
9.808,-14.869787056928743
9.812000000000001,-15.11702900618946
9.815999999999999,-15.336574481468084
9.82,-15.52938782991077
9.824000000000002,-15.696312484776886
9.828,-15.838075342870894
9.832,-15.95529094461832
9.836000000000002,-16.048465268342092
9.84,-16.117999014919867
9.844000000000001,-16.164190302818575
9.847999999999999,-16.187236723003544
9.852,-16.187236723003544
9.856000000000002,-16.164190302818543
9.86,-16.117999014919867
9.864,-16.048465268342017
9.868000000000002,-15.955290944618227
9.872,-15.838075342870894
9.876000000000001,-15.69631248477675
9.879999999999999,-15.52938782991077
9.884,-15.336574481468084
9.888000000000002,-15.117029006189252
9.892,-14.869787056928743
9.896,-14.593759080997602
9.900000000000002,-14.287726535521763
9.904,-13.950339231979115
9.908000000000001,-13.580114724161616
9.911999999999999,-13.175441078636897
9.916,-12.734584985707905
9.920000000000002,-12.255708072818262
9.924,-11.73689560627245
9.928,-11.176203711920872
9.932000000000002,-10.571734109278474
9.936,-9.921749576359863
9.940000000000001,-9.224849583664149
9.943999999999999,-8.480234655276904
9.948,-7.688101218455796
9.952000000000002,-6.850227318326813
9.956,-5.9708343810248055
9.96,-5.05783914698192
9.964000000000002,-4.124631333416831
9.968,-3.1924866850890665
9.972000000000001,-2.2935346934761554
9.975999999999999,-1.4735312840183126
9.98,-0.7917922292754387
9.984000000000002,-0.31124228379112806
9.988,-0.06547965585848146
9.992,-0.0028872568035209047
9.995999999999999,-2.4574350836484064e-07
10.0,0.0
