x,y
1.802665888641373226e-01,4.958898611584570126e-01
1.804475191735790962e-01,4.958046308032013627e-01
1.806283655059232052e-01,4.957192224056613528e-01
1.808091275183650037e-01,4.956336356945870714e-01
1.809898048713501351e-01,4.955478704082785790e-01
1.811703972286117792e-01,4.954619262945789138e-01
1.813509042572070407e-01,4.953758031108638216e-01
1.815313256275518650e-01,4.952895006240288778e-01
1.817116610134551224e-01,4.952030186104739440e-01
1.818919100921513599e-01,4.951163568560842942e-01
1.820720725443324695e-01,4.950295151562099094e-01
1.822521480541781647e-01,4.949424933156409967e-01
1.824321363093852344e-01,4.948552911485818440e-01
1.826120370011957150e-01,4.947679084786211212e-01
1.827918498244238410e-01,4.946803451387002393e-01
1.829715744774815800e-01,4.945926009710788218e-01
1.831512106624033076e-01,4.945046758272975129e-01
1.833307580848690388e-01,4.944165695681388972e-01
1.835102164542264658e-01,4.943282820635849228e-01
1.836895854835117747e-01,4.942398131927729366e-01
1.838688648894694078e-01,4.941511628439487214e-01
1.840480543925702150e-01,4.940623309144173692e-01
1.842271537170288576e-01,4.939733173104919883e-01
1.844061625908195168e-01,4.938841219474397470e-01
1.845850807456907161e-01,4.937947447494263620e-01
1.847639079171787546e-01,4.937051856494577562e-01
1.849426438446199195e-01,4.936154445893200515e-01
1.851212882711615881e-01,4.935255215195173961e-01
1.852998409437718041e-01,4.934354163992076825e-01
1.854783016132480755e-01,4.933451291961363783e-01
1.856566700342245912e-01,4.932546598865684695e-01
1.858349459651784108e-01,4.931640084552183501e-01
1.860131291684343491e-01,4.930731748951784343e-01
1.861912194101688345e-01,4.929821592078450498e-01
1.863692164604123236e-01,4.928909614028437747e-01
1.865471200930507722e-01,4.927995814979521660e-01
1.867249300858257466e-01,4.927080195190214340e-01
1.869026462203335626e-01,4.926162754998962834e-01
1.870802682820231488e-01,4.925243494823335899e-01
1.872577960601926605e-01,4.924322415159191335e-01
1.874352293479852882e-01,4.923399516579833879e-01
1.876125679423836234e-01,4.922474799735158668e-01
1.877898116442030252e-01,4.921548265350780271e-01
1.879669602580840704e-01,4.920619914227150060e-01
1.881440135924835333e-01,4.919689747238664146e-01
1.883209714596647544e-01,4.918757765332756882e-01
1.884978336756866213e-01,4.917823969528984929e-01
1.886746000603916062e-01,4.916888360918102996e-01
1.888512704373929429e-01,4.915950940661126256e-01
1.890278446340604990e-01,4.915011709988386657e-01
1.892043224815059266e-01,4.914070670198580904e-01
1.893807038145667310e-01,4.913127822657807897e-01
1.895569884717893117e-01,4.912183168798600619e-01
1.897331762954113377e-01,4.911236710118951354e-01
1.899092671313428182e-01,4.910288448181328591e-01
1.900852608291465906e-01,4.909338384611689476e-01
1.902611572420178088e-01,4.908386521098486721e-01
1.904369562267625160e-01,4.907432859391669955e-01
1.906126576437754960e-01,4.906477401301684860e-01
1.907882613570172359e-01,4.905520148698463423e-01
1.909637672339901115e-01,4.904561103510415854e-01
1.911391751457136856e-01,4.903600267723417505e-01
1.913144849666994496e-01,4.902637643379794130e-01
1.914896965749246505e-01,4.901673232577301031e-01
1.916648098518054510e-01,4.900707037468108318e-01
1.918398246821694242e-01,4.899739060257778944e-01
1.920147409542273254e-01,4.898769303204245640e-01
1.921895585595442268e-01,4.897797768616793945e-01
1.923642773930100969e-01,4.896824458855039142e-01
1.925388973528095182e-01,4.895849376327905400e-01
1.927134183403911294e-01,4.894872523492609373e-01
1.928878402604363718e-01,4.893893902853640454e-01
1.930621630208274597e-01,4.892913516961744369e-01
1.932363865326153229e-01,4.891931368412913983e-01
1.934105107099864940e-01,4.890947459847372891e-01
1.935845354702299681e-01,4.889961793948572888e-01
1.937584607337032583e-01,4.888974373442186439e-01
1.939322864237982835e-01,4.887985201095108589e-01
1.941060124669066467e-01,4.886994279714458322e-01
1.942796387923845791e-01,4.886001612146589346e-01
1.944531653325175247e-01,4.885007201276101441e-01
1.946265920224843904e-01,4.884011050024859579e-01
1.947999188003214921e-01,4.883013161351017484e-01
1.949731456068859448e-01,4.882013538248047291e-01
1.951462723858191639e-01,4.881012183743775878e-01
1.953192990835097564e-01,4.880009100899425079e-01
1.954922256490564114e-01,4.879004292808663545e-01
1.956650520342303190e-01,4.877997762596658626e-01
1.958377781934375894e-01,4.876989513419143774e-01
1.960104040836814776e-01,4.875979548461486512e-01
1.961829296645242193e-01,4.874967870937765846e-01
1.963553548980489782e-01,4.873954484089861872e-01
1.965276797488215710e-01,4.872939391186547620e-01
1.966999041838520812e-01,4.871922595522591992e-01
1.968720281725563070e-01,4.870904100417874361e-01
1.970440516867173475e-01,4.869883909216501383e-01
1.972159747004469110e-01,4.868862025285939366e-01
1.973877971901467354e-01,4.867838452016153283e-01
1.975595191344699797e-01,4.866813192818753575e-01
1.977311405142825329e-01,4.865786251126154593e-01
1.979026613126244616e-01,4.864757630390744714e-01
1.980740815146714850e-01,4.863727334084062548e-01
1.982454011076963118e-01,4.862695365695983152e-01
1.984166200810304481e-01,4.861661728733921994e-01
1.985877384260256173e-01,4.860626426722036708e-01
1.987587561360156796e-01,4.859589463200453263e-01
1.989296732062785233e-01,4.858550841724490477e-01
1.991004896339980401e-01,4.857510565863904506e-01
1.992712054182263492e-01,4.856468639202138893e-01
1.994418205598461058e-01,4.855425065335587376e-01
1.996123350615331415e-01,4.854379847872867804e-01
1.997827489277191337e-01,4.853332990434108818e-01
1.999530621645546069e-01,4.852284496650243195e-01
2.001232747798720180e-01,4.851234370162318399e-01
2.002933867831493409e-01,4.850182614620812682e-01
2.004633981854736235e-01,4.849129233684968399e-01
2.006333089995050445e-01,4.848074231022133085e-01
2.008031192394409969e-01,4.847017610307111646e-01
2.009728289209807284e-01,4.845959375221534082e-01
2.011424380612901464e-01,4.844899529453229881e-01
2.013119466789669021e-01,4.843838076695618500e-01
2.014813547940059457e-01,4.842775020647109852e-01
2.016506624277652482e-01,4.841710365010513106e-01
2.018198696029319672e-01,4.840644113492465483e-01
2.019889763434890573e-01,4.839576269802863262e-01
2.021579826746820463e-01,4.838506837654311110e-01
2.023268886229863117e-01,4.837435820761581962e-01
2.024956942160747730e-01,4.836363222841085774e-01
2.026643994827859452e-01,4.835289047610353275e-01
2.028330044530922971e-01,4.834213298787530255e-01
2.030015091580692488e-01,4.833135980090882411e-01
2.031699136298643626e-01,4.832057095238315170e-01
2.033382179016671454e-01,4.830976647946901292e-01
2.035064220076791552e-01,4.829894641932421795e-01
2.036745259830846089e-01,4.828811080908919084e-01
2.038425298640214323e-01,4.827725968588261751e-01
2.040104336875528390e-01,4.826639308679717688e-01
2.041782374916392973e-01,4.825551104889544973e-01
2.043459413151108850e-01,4.824461360920586084e-01
2.045135451976403673e-01,4.823370080471880428e-01
2.046810491797165510e-01,4.822277267238286313e-01
2.048484533026181387e-01,4.821182924910109580e-01
2.050157576083882216e-01,4.820087057172751099e-01
2.051829621398091330e-01,4.818989667706358726e-01
2.053500669403778844e-01,4.817890760185494781e-01
2.055170720542819907e-01,4.816790338278811312e-01
2.056839775263760162e-01,4.815688405648739234e-01
2.058507834021583438e-01,4.814584965951184681e-01
2.060174897277488593e-01,4.813480022835240346e-01
2.061840965498667189e-01,4.812373579942902935e-01
2.063506039158089500e-01,4.811265640908806152e-01
2.065170118734295235e-01,4.810156209359959800e-01
2.066833204711187866e-01,4.809045288915501648e-01
2.068495297577837011e-01,4.807932883186457063e-01
2.070156397828283867e-01,4.806818995775515857e-01
2.071816505961353028e-01,4.805703630276808025e-01
2.073475622480469849e-01,4.804586790275700570e-01
2.075133747893482816e-01,4.803468479348595999e-01
2.076790882712491459e-01,4.802348701062747471e-01
2.078447027453679541e-01,4.801227458976076723e-01
2.080102182637153518e-01,4.800104756637008085e-01
2.081756348786787947e-01,4.798980597584306951e-01
2.083409526430073933e-01,4.797854985346932666e-01
2.085061716097974527e-01,4.796727923443894759e-01
2.086712918324786226e-01,4.795599415384123598e-01
2.088363133648003522e-01,4.794469464666347713e-01
2.090012362608191232e-01,4.793338074778982216e-01
2.091660605748861812e-01,4.792205249200020556e-01
2.093307863616357123e-01,4.791070991396943479e-01
2.094954136759736296e-01,4.789935304826629103e-01
2.096599425730669153e-01,4.788798192935277420e-01
2.098243731083334895e-01,4.787659659158337022e-01
2.099887053374326351e-01,4.786519706920447925e-01
2.101529393162559212e-01,4.785378339635384393e-01
2.103170751009186545e-01,4.784235560706013857e-01
2.104811127477519972e-01,4.783091373524256396e-01
2.106450523132954444e-01,4.781945781471057533e-01
2.108088938542899138e-01,4.780798787916367143e-01
2.109726374276713889e-01,4.779650396219124464e-01
2.111362830905650634e-01,4.778500609727253101e-01
2.112998309002800390e-01,4.777349431777663247e-01
2.114632809143044412e-01,4.776196865696257787e-01
2.116266331903012554e-01,4.775042914797950067e-01
2.117898877861044138e-01,4.773887582386687201e-01
2.119530447597156309e-01,4.772730871755478388e-01
2.121161041693017113e-01,4.771572786186433213e-01
2.122790660731921908e-01,4.770413328950806053e-01
2.124419305298776983e-01,4.769252503309042157e-01
2.126046975980087350e-01,4.768090312510839812e-01
2.127673673363948692e-01,4.766926759795209745e-01
2.129299398040045699e-01,4.765761848390545063e-01
2.130924150599654565e-01,4.764595581514697864e-01
2.132547931635650762e-01,4.763427962375060831e-01
2.134170741742520139e-01,4.762258994168653281e-01
2.135792581516377520e-01,4.761088680082215530e-01
2.137413451554986965e-01,4.759917023292307703e-01
2.139033352457789805e-01,4.758744026965414098e-01
2.140652284825934615e-01,4.757569694258053095e-01
2.142270249262314130e-01,4.756394028316893730e-01
2.143887246371604105e-01,4.755217032278873379e-01
2.145503276760309386e-01,4.754038709271326546e-01
2.147118341036812761e-01,4.752859062412113644e-01
2.148732439811428807e-01,4.751678094809757003e-01
2.150345573696461898e-01,4.750495809563581306e-01
2.151957743306269211e-01,4.749312209763857373e-01
2.153568949257325948e-01,4.748127298491952586e-01
2.155179192168297786e-01,4.746941078820484661e-01
2.156788472660115530e-01,4.745753553813478742e-01
2.158396791356053668e-01,4.744564726526530607e-01
2.160004148881813635e-01,4.743374600006970976e-01
2.161610545865611521e-01,4.742183177294039820e-01
2.163215982938269111e-01,4.740990461419054003e-01
2.164820460733308249e-01,4.739796455405591580e-01
2.166423979887049378e-01,4.738601162269667766e-01
2.168026541038715616e-01,4.737404585019922010e-01
2.169628144830537120e-01,4.736206726657806176e-01
2.171228791907860722e-01,4.735007590177774395e-01
2.172828482919265392e-01,4.733807178567479013e-01
2.174427218516676863e-01,4.732605494807965996e-01
2.176024999355488099e-01,4.731402541873876433e-01
2.177621826094684188e-01,4.730198322733649707e-01
2.179217699396967522e-01,4.728992840349728333e-01
2.180812619928888252e-01,4.727786097678765564e-01
2.182406588360978339e-01,4.726578097671836343e-01
2.183999605367886176e-01,4.725368843274652120e-01
2.185591671628517030e-01,4.724158337427772358e-01
2.187182787826174313e-01,4.722946583066823800e-01
2.188772954648705582e-01,4.721733583122718625e-01
2.190362172788647976e-01,4.720519340521875939e-01
2.191950442943381983e-01,4.719303858186443823e-01
2.193537765815281038e-01,4.718087139034523592e-01
2.195124142111868903e-01,4.716869185980395729e-01
2.196709572545977318e-01,4.715650001934745816e-01
2.198294057835906423e-01,4.714429589804893794e-01
2.199877598705586301e-01,4.713207952495024888e-01
2.201460195884743509e-01,4.711985092906415540e-01
2.203041850109066502e-01,4.710761013937670438e-01
2.204622562120375773e-01,4.709535718484949562e-01
2.206202332666793997e-01,4.708309209442204657e-01
2.207781162502918670e-01,4.707081489701411825e-01
2.209359052389998357e-01,4.705852562152803564e-01
2.210936003096106162e-01,4.704622429685106355e-01
2.212512015396320697e-01,4.703391095185772142e-01
2.214087090072902886e-01,4.702158561541214254e-01
2.215661227915478593e-01,4.700924831637043333e-01
2.217234429721219591e-01,4.699689908358299362e-01
2.218806696295028136e-01,4.698453794589688148e-01
2.220378028449720709e-01,4.697216493215814470e-01
2.221948427006213977e-01,4.695978007121416331e-01
2.223517892793711037e-01,4.694738339191596443e-01
2.225086426649890425e-01,4.693497492312057595e-01
2.226654029421091807e-01,4.692255469369331911e-01
2.228220701962507766e-01,4.691012273251013442e-01
2.229786445138371431e-01,4.689767906845985768e-01
2.231351259822147159e-01,4.688522373044654579e-01
2.232915146896721492e-01,4.687275674739171394e-01
2.234478107254593005e-01,4.686027814823662263e-01
2.236040141798064651e-01,4.684778796194452588e-01
2.237601251439433891e-01,4.683528621750290277e-01
2.239161437101183094e-01,4.682277294392567790e-01
2.240720699716172715e-01,4.681024817025541962e-01
2.242279040227830866e-01,4.679771192556552717e-01
2.243836459590343724e-01,4.678516423896240672e-01
2.245392958768845093e-01,4.677260513958758636e-01
2.246948538739608758e-01,4.676003465661988101e-01
2.248503200490234999e-01,4.674745281927746299e-01
2.250056945019839327e-01,4.673485965681994925e-01
2.251609773339242060e-01,4.672225519855045528e-01
2.253161686471152336e-01,4.670963947381764347e-01
2.254712685450356580e-01,4.669701251201769376e-01
2.256262771323900851e-01,4.668437434259630758e-01
2.257811945151275701e-01,4.667172499505063965e-01
2.259360208004598247e-01,4.665906449893123531e-01
2.260907560968793140e-01,4.664639288384390126e-01
2.262454005141770474e-01,4.663371017945157626e-01
2.263999541634605928e-01,4.662101641547617414e-01
2.265544171571714505e-01,4.660831162170033792e-01
2.267087896091025678e-01,4.659559582796926058e-01
2.268630716344156584e-01,4.658286906419235041e-01
2.270172633496581049e-01,4.657013136034497958e-01
2.271713648727798907e-01,4.655738274647011066e-01
2.273253763231500302e-01,4.654462325267991751e-01
2.274792978215732508e-01,4.653185290915740069e-01
2.276331294903058133e-01,4.651907174615787510e-01
2.277868714530716376e-01,4.650627979401054657e-01
2.279405238350777629e-01,4.649347708311991623e-01
2.280940867630298907e-01,4.648066364396725159e-01
2.282475603651472895e-01,4.646783950711194655e-01
2.284009447711777552e-01,4.645500470319286479e-01
2.285542401124120160e-01,4.644215926292966090e-01
2.287074465216979713e-01,4.642930321712401831e-01
2.288605641334545970e-01,4.641643659666086497e-01
2.290135930836854905e-01,4.640355943250955018e-01
2.291665335099920819e-01,4.639067175572497148e-01
2.293193855515865409e-01,4.637777359744862937e-01
2.294721493493043774e-01,4.636486498890968755e-01
2.296248250456165152e-01,4.635194596142593326e-01
2.297774127846412551e-01,4.633901654640474321e-01
2.299299127121555153e-01,4.632607677534393287e-01
2.300823249756061284e-01,4.631312667983263909e-01
2.302346497241203049e-01,4.630016629155207508e-01
2.303868871085160142e-01,4.628719564227630756e-01
2.305390372813118371e-01,4.627421476387292287e-01
2.306911003967364038e-01,4.626122368830367093e-01
2.308430766107373855e-01,4.624822244762507584e-01
2.309949660809901828e-01,4.623521107398895214e-01
2.311467689669059744e-01,4.622218959964292107e-01
2.312984854296395165e-01,4.620915805693082135e-01
2.314501156320963871e-01,4.619611647829311440e-01
2.316016597389398135e-01,4.618306489626719524e-01
2.317531179165970290e-01,4.617000334348770885e-01
2.319044903332651564e-01,4.615693185268674448e-01
2.320557771589165097e-01,4.614385045669401886e-01
2.322069785653037566e-01,4.613075918843701495e-01
2.323580947259641927e-01,4.611765808094103747e-01
2.325091258162236829e-01,4.610454716732921288e-01
2.326600720132002142e-01,4.609142648082249494e-01
2.328109334958068377e-01,4.607829605473952039e-01
2.329617104447540554e-01,4.606515592249650903e-01
2.331124030425518745e-01,4.605200611760703056e-01
2.332630114735111670e-01,4.603884667368177697e-01
2.334135359237445584e-01,4.602567762442824062e-01
2.335639765811669266e-01,4.601249900365035894e-01
2.337143336354951806e-01,4.599931084524811475e-01
2.338646072782476770e-01,4.598611318321704222e-01
2.340147977027429715e-01,4.597290605164772725e-01
2.341649051040981810e-01,4.595968948472524129e-01
2.343149296792266523e-01,4.594646351672848072e-01
2.344648716268352417e-01,4.593322818202953961e-01
2.346147311474209851e-01,4.591998351509292142e-01
2.347645084432671836e-01,4.590672955047481740e-01
2.349142037184391296e-01,4.589346632282220728e-01
2.350638171787788888e-01,4.588019386687203216e-01
2.352133490319002207e-01,4.586691221745020641e-01
2.353627994871821949e-01,4.585362140947066290e-01
2.355121687557627796e-01,4.584032147793430934e-01
2.356614570505317641e-01,4.582701245792790701e-01
2.358106645861229311e-01,4.581369438462297716e-01
2.359597915789061195e-01,4.580036729327457978e-01
2.361088382469782310e-01,4.578703121922008679e-01
2.362578048101541539e-01,4.577368619787789417e-01
2.364066914899568272e-01,4.576033226474610083e-01
2.365554985096069984e-01,4.574696945540110415e-01
2.367042260940122322e-01,4.573359780549619003e-01
2.368528744697556143e-01,4.572021735076005067e-01
2.370014438650837330e-01,4.570682812699526920e-01
2.371499345098942724e-01,4.569343017007676533e-01
2.372983466357230231e-01,4.568002351595016330e-01
2.374466804757303096e-01,4.566660820063017101e-01
2.375949362646871954e-01,4.565318426019885911e-01
2.377431142389606344e-01,4.563975173080393466e-01
2.378912146364987323e-01,4.562631064865696473e-01
2.380392376968150647e-01,4.561286105003157232e-01
2.381871836609727455e-01,4.559940297126153785e-01
2.383350527715678013e-01,4.558593644873895068e-01
2.384828452727123516e-01,4.557246151891224395e-01
2.386305614100169281e-01,4.555897821828423511e-01
2.387782014305726841e-01,4.554548658341009970e-01
2.389257655829328808e-01,4.553198665089535635e-01
2.390732541170940695e-01,4.551847845739376286e-01
2.392206672844767457e-01,4.550496203960520125e-01
2.393680053379055594e-01,4.549143743427356279e-01
2.395152685315891095e-01,4.547790467818453308e-01
2.396624571210992927e-01,4.546436380816341050e-01
2.398095713633502657e-01,4.545081486107285240e-01
2.399566115165768787e-01,4.543725787381059367e-01
2.401035778403128318e-01,4.542369288330719845e-01
2.402504705953683595e-01,4.541011992652367879e-01
2.403972900438076099e-01,4.539653904044918531e-01
2.405440364489253580e-01,4.538295026209861471e-01
2.406907100752238016e-01,4.536935362851021170e-01
2.408373111883886919e-01,4.535574917674314310e-01
2.409838400552650473e-01,4.534213694387507765e-01
2.411302969438326727e-01,4.532851696699968236e-01
2.412766821231814018e-01,4.531488928322416343e-01
2.414229958634858120e-01,4.530125392966675713e-01
2.415692384359797718e-01,4.528761094345419846e-01
2.417154101129306287e-01,4.527396036171919547e-01
2.418615111676130081e-01,4.526030222159785343e-01
2.420075418742825835e-01,4.524663656022712144e-01
2.421535025081492376e-01,4.523296341474221105e-01
2.422993933453502780e-01,4.521928282227398177e-01
2.424452146629230698e-01,4.520559481994634865e-01
2.425909667387777247e-01,4.519189944487366217e-01
2.427366498516693727e-01,4.517819673415806037e-01
2.428822642811702126e-01,4.516448672488686533e-01
2.430278103076414786e-01,4.515076945412990761e-01
2.431732882122050743e-01,4.513704495893690050e-01
2.433186982767151230e-01,4.512331327633476441e-01
2.434640407837290743e-01,4.510957444332498456e-01
2.436093160164791160e-01,4.509582849688094086e-01
2.437545242588430305e-01,4.508207547394522674e-01
2.438996657953149128e-01,4.506831541142701791e-01
2.440447409109760546e-01,4.505454834619938564e-01
2.441897498914654685e-01,4.504077431509661555e-01
2.443346930229502167e-01,4.502699335491158750e-01
2.444795705920959905e-01,4.501320550239307772e-01
2.446243828860371339e-01,4.499941079424311652e-01
2.447691301923470286e-01,4.498560926711434593e-01
2.449138127990081459e-01,4.497180095760736074e-01
2.450584309943820149e-01,4.495798590226808278e-01
2.452029850671793854e-01,4.494416413758511863e-01
2.453474753064300851e-01,4.493033569998715615e-01
2.454919020014530717e-01,4.491650062584033876e-01
2.456362654418263181e-01,4.490265895144567865e-01
2.457805659173566970e-01,4.488881071303644776e-01
2.459248037180500890e-01,4.487495594677561872e-01
2.460689791340811561e-01,4.486109468875331685e-01
2.462130924557635048e-01,4.484722697498422783e-01
2.463571439735196544e-01,4.483335284140511079e-01
2.465011339778510058e-01,4.481947232387226143e-01
2.466450627593082534e-01,4.480558545815900851e-01
2.467889306084613543e-01,4.479169227995323799e-01
2.469327378158699682e-01,4.477779282485493950e-01
2.470764846720538421e-01,4.476388712837374162e-01
2.472201714674632234e-01,4.474997522592650823e-01
2.473637984924495492e-01,4.473605715283491269e-01
2.475073660372361373e-01,4.472213294432308417e-01
2.476508743918890976e-01,4.470820263551522622e-01
2.477943238462881892e-01,4.469426626143329639e-01
2.479377146900981765e-01,4.468032385699467479e-01
2.480810472127399080e-01,4.466637545700988254e-01
2.482243217033620053e-01,4.465242109618034472e-01
2.483675384508123307e-01,4.463846080909610325e-01
2.485106977436098985e-01,4.462449463023364649e-01
2.486537998699169250e-01,4.461052259395370534e-01
2.487968451175109896e-01,4.459654473449909950e-01
2.489398337737575018e-01,4.458256108599260026e-01
2.490827661255823888e-01,4.456857168243485434e-01
2.492256424594448405e-01,4.455457655770226899e-01
2.493684630613105802e-01,4.454057574554501353e-01
2.495112282166250528e-01,4.452656927958496547e-01
2.496539382102871685e-01,4.451255719331376204e-01
2.497965933266229899e-01,4.449853952009081848e-01
2.499391938493599474e-01,4.448451629314143507e-01
2.500817400616011654e-01,4.447048754555488204e-01
2.502242322458000379e-01,4.445645331028255098e-01
2.503666706837353595e-01,4.444241362013613417e-01
2.505090556564861237e-01,4.442836850778582591e-01
2.506513874444075141e-01,4.441431800575856292e-01
2.507936663271063127e-01,4.440026214643629787e-01
2.509358925834171972e-01,4.438620096205430077e-01
2.510780664913788152e-01,4.437213448469950472e-01
2.512201883282110249e-01,4.435806274630888502e-01
2.513622583702913582e-01,4.434398577866784374e-01
2.515042768931328165e-01,4.432990361340868324e-01
2.516462441713610554e-01,4.431581628200905731e-01
2.517881604786927907e-01,4.430172381579049468e-01
2.519300260879139275e-01,4.428762624591693897e-01
2.520718412708581879e-01,4.427352360339334991e-01
2.522136062983861282e-01,4.425941591906427663e-01
2.523553214403644884e-01,4.424530322361255319e-01
2.524969869656458199e-01,4.423118554755795517e-01
2.526386031420486677e-01,4.421706292125594517e-01
2.527801702363376424e-01,4.420293537489640712e-01
2.529216885142043791e-01,4.418880293850243612e-01
2.530631582402484425e-01,4.417466564192920053e-01
2.532045796779590630e-01,4.416052351486276506e-01
2.533459530896964296e-01,4.414637658681899723e-01
2.534872787366742042e-01,4.413222488714252378e-01
2.536285568789420908e-01,4.411806844500567037e-01
2.537697877753682940e-01,4.410390728940747351e-01
2.539109716836231434e-01,4.408974144917272020e-01
2.540521088601624400e-01,4.407557095295102645e-01
2.541931995602114691e-01,4.406139582921592690e-01
2.543342440377495683e-01,4.404721610626403661e-01
2.544752425454942513e-01,4.403303181221421836e-01
2.546161953348868856e-01,4.401884297500677778e-01
2.547571026560775387e-01,4.400464962240274169e-01
2.548979647579112662e-01,4.399045178198309758e-01
2.550387818879138457e-01,4.397624948114814969e-01
2.551795542922784543e-01,4.396204274711680848e-01
2.553202822158525120e-01,4.394783160692601887e-01
2.554609659021249146e-01,4.393361608743015512e-01
2.556016055932135433e-01,4.391939621530045468e-01
2.557422015298533302e-01,4.390517201702450745e-01
2.558827539513844340e-01,4.389094351890575618e-01
2.560232630957410271e-01,4.387671074706303576e-01
2.561637291994400822e-01,4.386247372743017348e-01
2.563041524975709917e-01,4.384823248575553944e-01
2.564445332237851871e-01,4.383398704760174125e-01
2.565848716102860916e-01,4.381973743834524093e-01
2.567251678878196275e-01,4.380548368317608299e-01
2.568654222856650571e-01,4.379122580709760015e-01
2.570056350316258786e-01,4.377696383492618026e-01
2.571458063520214443e-01,4.376269779129104420e-01
2.572859364716785224e-01,4.374842770063406827e-01
2.574260256139235814e-01,4.373415358720962876e-01
2.575660740005752958e-01,4.371987547508445204e-01
2.577060818519369412e-01,4.370559338813754247e-01
2.578460493867899550e-01,4.369130735006008792e-01
2.579859768223869976e-01,4.367701738435542103e-01
2.581258643744458459e-01,4.366272351433900800e-01
2.582657122571433983e-01,4.364842576313843203e-01
2.584055206831100682e-01,4.363412415369345432e-01
2.585452898634242880e-01,4.361981870875606404e-01
2.586850200076078465e-01,4.360550945089053942e-01
2.588247113236208374e-01,4.359119640247359762e-01
2.589643640178572737e-01,4.357687958569449460e-01
2.591039782951410908e-01,4.356255902255519730e-01
2.592435543587223723e-01,4.354823473487055563e-01
2.593830924102734081e-01,4.353390674426851348e-01
2.595225926498859192e-01,4.351957507219034182e-01
2.596620552760677825e-01,4.350523973989087190e-01
2.598014804857404769e-01,4.349090076843877828e-01
2.599408684742363640e-01,4.347655817871686756e-01
2.600802194352968555e-01,4.346221199142238922e-01
2.602195335610704707e-01,4.344786222706737977e-01
2.603588110421108937e-01,4.343350890597900693e-01
2.604980520673759736e-01,4.341915204829995267e-01
2.606372568242262822e-01,4.340479167398879068e-01
2.607764254984245023e-01,4.339042780282043599e-01
2.609155582741343737e-01,4.337606045438652802e-01
2.610546553339209153e-01,4.336168964809592463e-01
2.611937168587497027e-01,4.334731540317514620e-01
2.613327430279870911e-01,4.333293773866886411e-01
2.614717340194006590e-01,4.331855667344040595e-01
2.616106900091596521e-01,4.330417222617227169e-01
2.617496111718355944e-01,4.328978441536667776e-01
2.618884976804033982e-01,4.327539325934609549e-01
2.620273497062424184e-01,4.326099877625382839e-01
2.621661674191380631e-01,4.324660098405458397e-01
2.623049509872829588e-01,4.323219990053508432e-01
2.624437005772790599e-01,4.321779554330464901e-01
2.625824163541394807e-01,4.320338792979585008e-01
2.627210984812907713e-01,4.318897707726513935e-01
2.628597471205750824e-01,4.317456300279348680e-01
2.629983624322528857e-01,4.316014572328705778e-01
2.631369445750055824e-01,4.314572525547788473e-01
2.632754937059383349e-01,4.313130161592456102e-01
2.634140099805832858e-01,4.311687482101291824e-01
2.635524935529026114e-01,4.310244488695677556e-01
2.636909445752921854e-01,4.308801182979862254e-01
2.638293631985846877e-01,4.307357566541037963e-01
2.639677495720537115e-01,4.305913640949411425e-01
2.641061038434174835e-01,4.304469407758282351e-01
2.642444261588428600e-01,4.303024868504118361e-01
2.643827166629493797e-01,4.301580024706630478e-01
2.645209754988138151e-01,4.300134877868853622e-01
2.646592028079743919e-01,4.298689429477224322e-01
2.647973987304353960e-01,4.297243681001661209e-01
2.649355634046718921e-01,4.295797633895643841e-01
2.650736969676346089e-01,4.294351289596296528e-01
2.652117995547548235e-01,4.292904649524467708e-01
2.653498712999494691e-01,4.291457715084814883e-01
2.654879123356262416e-01,4.290010487665887884e-01
2.656259227926890398e-01,4.288562968640211026e-01
2.657639028005432391e-01,4.287115159364370265e-01
2.659018524871014089e-01,4.285667061179097570e-01
2.660397719787887527e-01,4.284218675409355859e-01
2.661776614005489927e-01,4.282770003364427813e-01
2.663155208758499759e-01,4.281321046338000258e-01
2.664533505266900026e-01,4.279871805608255197e-01
2.665911504736033777e-01,4.278422282437952529e-01
2.667289208356669605e-01,4.276972478074525519e-01
2.668666617305060496e-01,4.275522393750162964e-01
2.670043732743008214e-01,4.274072030681902445e-01
2.671420555817927145e-01,4.272621390071720260e-01
2.672797087662908133e-01,4.271170473106618570e-01
2.674173329396785093e-01,4.269719280958719776e-01
2.675549282124199957e-01,4.268267814785353664e-01
2.676924946935668737e-01,4.266816075729152336e-01
2.678300324907652019e-01,4.265364064918137910e-01
2.679675417102620472e-01,4.263911783465815786e-01
2.681050224569124785e-01,4.262459232471268455e-01
2.682424748341865617e-01,4.261006413019244876e-01
2.683798989441762983e-01,4.259553326180255395e-01
2.685172948876027865e-01,4.258099973010661676e-01
2.686546627638233820e-01,4.256646354552773293e-01
2.687920026708387478e-01,4.255192471834937651e-01
2.689293147053002930e-01,4.253738325871634363e-01
2.690665989625173893e-01,4.252283917663570723e-01
2.692038555364647534e-01,4.250829248197771637e-01
2.693410845197898862e-01,4.249374318447676213e-01
2.694782860038205663e-01,4.247919129373231018e-01
2.696154600785721778e-01,4.246463681920983335e-01
2.697526068327554816e-01,4.245007977024176093e-01
2.698897263537842206e-01,4.243552015602842786e-01
2.700268187277826137e-01,4.242095798563901288e-01
2.701638840395931829e-01,4.240639326801246556e-01
2.703009223727844135e-01,4.239182601195848332e-01
2.704379338096585816e-01,4.237725622615843291e-01
2.705749184312595257e-01,4.236268391916632181e-01
2.707118763173805842e-01,4.234810909940971424e-01
2.708488075465723677e-01,4.233353177519070254e-01
2.709857121961507520e-01,4.231895195468686199e-01
2.711225903422049832e-01,4.230436964595217786e-01
2.712594420596053935e-01,4.228978485691801126e-01
2.713962674220116167e-01,4.227519759539403177e-01
2.715330665018807488e-01,4.226060786906921107e-01
2.716698393704752301e-01,4.224601568551271114e-01
2.718065860978712278e-01,4.223142105217490005e-01
2.719433067529664627e-01,4.221682397638824580e-01
2.720800014034889802e-01,4.220222446536832095e-01
2.722166701160046998e-01,4.218762252621471864e-01
2.723533129559262966e-01,4.217301816591202401e-01
2.724899299875211400e-01,4.215841139133075233e-01
2.726265212739197308e-01,4.214380220922833153e-01
2.727630868771240835e-01,4.212919062625001820e-01
2.728996268580161644e-01,4.211457664892989117e-01
2.730361412763662177e-01,4.209996028369177856e-01
2.731726301908412591e-01,4.208534153685022372e-01
2.733090936590136799e-01,4.207072041461143996e-01
2.734455317373696848e-01,4.205609692307428205e-01
2.735819444813176737e-01,4.204147106823117319e-01
2.737183319451972907e-01,4.202684285596908209e-01
2.738546941822875280e-01,4.201221229207049435e-01
2.739910312448157192e-01,4.199757938221435061e-01
2.741273431839661434e-01,4.198294413197700692e-01
2.742636300498886848e-01,4.196830654683321171e-01
2.743998918917076590e-01,4.195366663215706060e-01
2.745361287575305287e-01,4.193902439322295117e-01
2.746723406944567847e-01,4.192437983520655442e-01
2.748085277485869393e-01,4.190973296318578623e-01
2.749446899650311305e-01,4.189508378214176210e-01
2.750808273879181698e-01,4.188043229695977421e-01
2.752169400604047023e-01,4.186577851243024062e-01
2.753530280246839212e-01,4.185112243324971004e-01
2.754890913219948945e-01,4.183646406402180551e-01
2.756251299926313347e-01,4.182180340925820139e-01
2.757611440759510923e-01,4.180714047337961148e-01
2.758971336103849259e-01,4.179247526071675489e-01
2.760330986334461612e-01,4.177780777551133862e-01
2.761690391817394619e-01,4.176313802191702895e-01
2.763049552909704887e-01,4.174846600400045071e-01
2.764408469959551140e-01,4.173379172574215312e-01
2.765767143306288034e-01,4.171911519103762567e-01
2.767125573280559414e-01,4.170443640369824179e-01
2.768483760204395461e-01,4.168975536745229693e-01
2.769841704391306503e-01,4.167507208594596890e-01
2.771199406146378497e-01,4.166038656274433927e-01
2.772556865766370171e-01,4.164569880133237034e-01
2.773914083539808506e-01,4.163100880511593216e-01
2.775271059747088098e-01,4.161631657742277390e-01
2.776627794660566639e-01,4.160162212150357308e-01
2.777984288544664837e-01,4.158692544053290696e-01
2.779340541655966335e-01,4.157222653761030173e-01
2.780696554243313745e-01,4.155752541576122061e-01
2.782052326547911347e-01,4.154282207793810189e-01
2.783407858803426116e-01,4.152811652702139700e-01
2.784763151236087086e-01,4.151340876582055861e-01
2.786118204064789161e-01,4.149869879707511755e-01
2.787473017501193029e-01,4.148398662345567645e-01
2.788827591749831747e-01,4.146927224756499220e-01
2.790181927008211216e-01,4.145455567193898627e-01
2.791536023466916761e-01,4.143983689904781609e-01
2.792889881309718048e-01,4.142511593129691305e-01
2.794243500713672335e-01,4.141039277102803728e-01
2.795596881849234383e-01,4.139566742052035453e-01
2.796950024880361929e-01,4.138093988199149642e-01
2.798302929964623376e-01,4.136621015759861519e-01
2.799655597253305483e-01,4.135147824943948835e-01
2.801008026891524949e-01,4.133674415955356229e-01
2.802360219018337761e-01,4.132200788992307916e-01
2.803712173766848004e-01,4.130726944247412602e-01
2.805063891264319986e-01,4.129252881907776174e-01
2.806415371632294264e-01,4.127778602155109389e-01
2.807766614986694220e-01,4.126304105165840008e-01
2.809117621437944856e-01,4.124829391111223265e-01
2.810468391091086038e-01,4.123354460157453438e-01
2.811818924045886847e-01,4.121879312465776546e-01
2.813169220396962711e-01,4.120403948192601362e-01
2.814519280233893084e-01,4.118928367489614883e-01
2.815869103641336357e-01,4.117452570503894460e-01
2.817218690699152539e-01,4.115976557378023815e-01
2.818568041482519826e-01,4.114500328250205730e-01
2.819917156062054509e-01,4.113023883254379731e-01
2.821266034503935316e-01,4.111547222520336997e-01
2.822614676870022210e-01,4.110070346173837486e-01
2.823963083217980730e-01,4.108593254336725953e-01
2.825311253601403561e-01,4.107115947127052413e-01
2.826659188069939321e-01,4.105638424659187602e-01
2.828006886669413023e-01,4.104160687043944544e-01
2.829354349441954852e-01,4.102682734388695684e-01
2.830701576426127852e-01,4.101204566797495010e-01
2.832048567657053373e-01,4.099726184371198512e-01
2.833395323166542079e-01,4.098247587207583531e-01
2.834741842983222737e-01,4.096768775401474216e-01
2.836088127132671000e-01,4.095289749044861427e-01
2.837434175637544853e-01,4.093810508227024858e-01
2.838779988517711184e-01,4.092331053034660160e-01
2.840125565790385109e-01,4.090851383552001064e-01
2.841470907470257101e-01,4.089371499860944281e-01
2.842816013569632871e-01,4.087891402041173294e-01
2.844160884098565489e-01,4.086411090170288252e-01
2.845505519064995825e-01,4.084930564323928093e-01
2.846849918474882446e-01,4.083449824575899889e-01
2.848194082332347610e-01,4.081968870998307075e-01
2.849538010639809937e-01,4.080487703661672683e-01
2.850881703398127076e-01,4.079006322635075898e-01
2.852225160606735033e-01,4.077524727986271413e-01
2.853568382263786951e-01,4.076042919781828200e-01
2.854911368366299662e-01,4.074560898087251637e-01
2.856254118910290796e-01,4.073078662967118957e-01
2.857596633890925886e-01,4.071596214485208032e-01
2.858938913302659368e-01,4.070113552704628379e-01
2.860280957139381131e-01,4.068630677687953834e-01
2.861622765394560286e-01,4.067147589497352445e-01
2.862964338061391167e-01,4.065664288194721920e-01
2.864305675132939877e-01,4.064180773841819527e-01
2.865646776602292500e-01,4.062697046500396980e-01
2.866987642462699437e-01,4.061213106232332004e-01
2.868328272707727500e-01,4.059728953099763227e-01
2.869668667331403689e-01,4.058244587165223960e-01
2.871008826328370622e-01,4.056760008491775427e-01
2.872348749694029202e-01,4.055275217143141653e-01
2.873688437424694042e-01,4.053790213183844915e-01
2.875027889517740576e-01,4.052304996679337301e-01
2.876367105971757709e-01,4.050819567696138934e-01
2.877706086786697148e-01,4.049333926301970643e-01
2.879044831964027162e-01,4.047848072565889410e-01
2.880383341506881911e-01,4.046362006558423818e-01
2.881721615420215765e-01,4.044875728351708388e-01
2.883059653710952630e-01,4.043389238019617915e-01
2.884397456388140824e-01,4.041902535637904581e-01
2.885735023463104620e-01,4.040415621284329517e-01
2.887072354949596908e-01,4.038928495038800470e-01
2.888409450863950734e-01,4.037441156983503365e-01
2.889746311225234177e-01,4.035953607203039417e-01
2.891082936055400232e-01,4.034465845784557247e-01
2.892419325379441131e-01,4.032977872817887777e-01
2.893755479225541549e-01,4.031489688395674675e-01
2.895091397625229046e-01,4.030001292613512587e-01
2.896427080613524496e-01,4.028512685570074803e-01
2.897762528229099743e-01,4.027023867367248711e-01
2.899097740514421928e-01,4.025534838110266245e-01
2.900432717515910586e-01,4.024045597907833782e-01
2.901767459284083639e-01,4.022556146872264815e-01
2.903101965873711166e-01,4.021066485119609846e-01
2.904436237343962501e-01,4.019576612769784618e-01
2.905770273758557787e-01,4.018086529946698349e-01
2.907104075185913961e-01,4.016596236778382512e-01
2.908437641699294085e-01,4.015105733397118515e-01
2.909770973376953895e-01,4.013615019939562045e-01
2.911104070302289459e-01,4.012124096546869634e-01
2.912436932563980396e-01,4.010632963364821890e-01
2.913769560256135871e-01,4.009141620543948403e-01
2.915101953478437813e-01,4.007650068239648200e-01
2.916434112336284135e-01,4.006158306612312425e-01
2.917766036940928065e-01,4.004666335827443135e-01
2.919097727409621368e-01,4.003174156055772093e-01
2.920429183865751455e-01,4.001681767473379558e-01
2.921760406438979052e-01,4.000189170261808647e-01
2.923091395265376979e-01,3.998696364608181897e-01
2.924422150487562266e-01,3.997203350705312852e-01
2.925752672254832709e-01,3.995710128751819301e-01
2.927082960723295102e-01,3.994216698952234301e-01
2.928413016056000129e-01,3.992723061517112204e-01
2.929742838423067819e-01,3.991229216663139123e-01
2.931072428001818553e-01,3.989735164613235074e-01
2.932401784976892412e-01,3.988240905596662222e-01
2.933730909540378518e-01,3.986746439849121471e-01
2.935059801891934939e-01,3.985251767612856821e-01
2.936388462238905261e-01,3.983756889136751411e-01
2.937716890796440716e-01,3.982261804676424655e-01
2.939045087787612864e-01,3.980766514494325503e-01
2.940373053443527396e-01,3.979271018859825704e-01
2.941700788003436262e-01,3.977775318049310282e-01
2.943028291714844813e-01,3.976279412346263586e-01
2.944355564833619487e-01,3.974783302041356436e-01
2.945682607624090510e-01,3.973286987432528838e-01
2.947009420359156251e-01,3.971790468825072695e-01
2.948336003320378151e-01,3.970293746531706747e-01
2.949662356798080087e-01,3.968796820872658726e-01
2.950988481091440518e-01,3.967299692175734194e-01
2.952314376508584637e-01,3.965802360776389812e-01
2.953640043366672074e-01,3.964304827017802735e-01
2.954965481991980725e-01,3.962807091250935554e-01
2.956290692719991675e-01,3.961309153834602359e-01
2.957615675895467477e-01,3.959811015135525913e-01
2.958940431872527643e-01,3.958312675528398161e-01
2.960264961014723584e-01,3.956814135395936849e-01
2.961589263695108554e-01,3.955315395128934930e-01
2.962913340296302600e-01,3.953816455126313301e-01
2.964237191210560285e-01,3.952317315795165209e-01
2.965560816839828417e-01,3.950817977550802329e-01
2.966884217595802675e-01,3.949318440816794173e-01
2.968207393899984226e-01,3.947818706025007507e-01
2.969530346183729130e-01,3.946318773615639097e-01
2.970853074888292200e-01,3.944818644037251243e-01
2.972175580464876399e-01,3.943318317746795643e-01
2.973497863374667816e-01,3.941817795209644482e-01
2.974819924088874523e-01,3.940317076899608195e-01
2.976141763088757664e-01,3.938816163298958228e-01
2.977463380865662534e-01,3.937315054898442579e-01
2.978784777921042459e-01,3.935813752197296900e-01
2.980105954766481546e-01,3.934312255703256156e-01
2.981426911923711343e-01,3.932810565932560176e-01
2.982747649924626376e-01,3.931308683409958094e-01
2.984068169311294705e-01,3.929806608668707235e-01
2.985388470635962355e-01,3.928304342250569237e-01
2.986708554461058318e-01,3.926801884705805046e-01
2.988028421359193443e-01,3.925299236593164376e-01
2.989348071913152660e-01,3.923796398479870717e-01
2.990667506715889989e-01,3.922293370941607460e-01
2.991986726370514105e-01,3.920790154562496799e-01
2.993305731490270016e-01,3.919286749935074754e-01
2.994624522698521307e-01,3.917783157660268412e-01
2.995943100628724043e-01,3.916279378347360951e-01
2.997261465924397905e-01,3.914775412613963890e-01
2.998579619239096772e-01,3.913271261085976005e-01
2.999897561236368748e-01,3.911766924397545586e-01
3.001215292589717865e-01,3.910262403191027691e-01
3.002532813982560222e-01,3.908757698116935853e-01
3.003850126108175145e-01,3.907252809833894891e-01
3.005167229669655216e-01,3.905747739008584851e-01
3.006484125379847994e-01,3.904242486315687710e-01
3.007800813961298281e-01,3.902737052437825760e-01
3.009117296146185394e-01,3.901231438065501655e-01
3.010433572676253222e-01,3.899725643897029026e-01
3.011749644302743611e-01,3.898219670638466972e-01
3.013065511786315875e-01,3.896713519003546233e-01
3.014381175896975185e-01,3.895207189713595364e-01
3.015696637413985415e-01,3.893700683497461346e-01
3.017011897125785325e-01,3.892194001091429101e-01
3.018326955829899738e-01,3.890687143239138779e-01
3.019641814332845731e-01,3.889180110691495829e-01
3.020956473450036595e-01,3.887672904206584956e-01
3.022270934005682474e-01,3.886165524549573536e-01
3.023585196832686561e-01,3.884657972492619460e-01
3.024899262772537401e-01,3.883150248814771222e-01
3.026213132675201756e-01,3.881642354301867437e-01
3.027526807399008035e-01,3.880134289746434151e-01
3.028840287810533050e-01,3.878626055947576590e-01
3.030153574784479331e-01,3.877117653710873135e-01
3.031466669203553566e-01,3.875609083848261527e-01
3.032779571958342246e-01,3.874100347177929504e-01
3.034092283947180668e-01,3.872591444524193793e-01
3.035404806076022477e-01,3.871082376717384643e-01
3.036717139258305331e-01,3.869573144593726477e-01
3.038029284414812681e-01,3.868063748995212436e-01
3.039341242473534987e-01,3.866554190769482813e-01
3.040653014369527063e-01,3.865044470769695706e-01
3.041964601044760408e-01,3.863534589854398793e-01
3.043276003447981104e-01,3.862024548887400544e-01
3.044587222534552717e-01,3.860514348737634771e-01
3.045898259266311969e-01,3.859003990279030738e-01
3.047209114611406644e-01,3.857493474390371047e-01
3.048519789544145153e-01,3.855982801955159522e-01
3.049830285044832778e-01,3.854471973861480771e-01
3.051140602099615129e-01,3.852960991001857516e-01
3.052450741700314385e-01,3.851449854273110707e-01
3.053760704844262763e-01,3.849938564576215749e-01
3.055070492534139870e-01,3.848427122816157064e-01
3.056380105777802836e-01,3.846915529901784869e-01
3.057689545588118119e-01,3.845403786745664743e-01
3.058998812982790527e-01,3.843891894263931630e-01
3.060307908984191139e-01,3.842379853376142740e-01
3.061616834619184102e-01,3.840867665005125442e-01
3.062925590918953445e-01,3.839355330076826278e-01
3.064234178918826546e-01,3.837842849520163302e-01
3.065542599658096501e-01,3.836330224266871758e-01
3.066850854179848374e-01,3.834817455251350871e-01
3.068158943530777116e-01,3.833304543410514520e-01
3.069466868761012712e-01,3.831791489683634699e-01
3.070774630923936432e-01,3.830278295012190526e-01
3.072082231076005421e-01,3.828764960339713364e-01
3.073389670276569507e-01,3.827251486611631393e-01
3.074696949587691353e-01,3.825737874775120284e-01
3.076004070073966590e-01,3.824224125778943884e-01
3.077311032802341195e-01,3.822710240573304330e-01
3.078617838841931631e-01,3.821196220109687181e-01
3.079924489263843879e-01,3.819682065340705979e-01
3.081230985140991918e-01,3.818167777219954040e-01
3.082537327547917871e-01,3.816653356701844579e-01
3.083843517560611591e-01,3.815138804741465828e-01
3.085149556256329140e-01,3.813624122294423380e-01
3.086455444713418483e-01,3.812109310316692534e-01
3.087761184011132976e-01,3.810594369764466194e-01
3.089066775229459827e-01,3.809079301594005540e-01
3.090372219448939695e-01,3.807564106761489597e-01
3.091677517750491822e-01,3.806048786222869795e-01
3.092982671215234736e-01,3.804533340933721197e-01
3.094287680924316941e-01,3.803017771849095952e-01
3.095592547958738172e-01,3.801502079923377853e-01
3.096897273399180639e-01,3.799986266110140232e-01
3.098201858325837499e-01,3.798470331362001629e-01
3.099506303818238551e-01,3.796954276630482572e-01
3.100810610955088142e-01,3.795438102865870134e-01
3.102114780814094197e-01,3.793921811017072487e-01
3.103418814471802234e-01,3.792405402031488459e-01
3.104722713003432721e-01,3.790888876854864309e-01
3.106026477482720094e-01,3.789372236431164942e-01
3.107330108981747330e-01,3.787855481702436800e-01
3.108633608570793294e-01,3.786338613608680181e-01
3.109936977318168427e-01,3.784821633087716020e-01
3.111240216290067639e-01,3.783304541075059313e-01
3.112543326550409883e-01,3.781787338503794227e-01
3.113846309160689940e-01,3.780270026304447528e-01
3.115149165179830759e-01,3.778752605404865905e-01
3.116451895664033023e-01,3.777235076730097729e-01
3.117754501666631928e-01,3.775717441202270930e-01
3.119056984237954522e-01,3.774199699740478087e-01
3.120359344425178150e-01,3.772681853260662632e-01
3.121661583272192786e-01,3.771163902675501722e-01
3.122963701819465032e-01,3.769645848894299101e-01
3.124265701103904336e-01,3.768127692822874630e-01
3.125567582158731983e-01,3.766609435363459935e-01
3.126869346013351203e-01,3.765091077414589038e-01
3.128170993693223378e-01,3.763572619871000113e-01
3.129472526219740924e-01,3.762054063623533895e-01
3.130773944610106829e-01,3.760535409559035425e-01
3.132075249877218637e-01,3.759016658560258017e-01
3.133376443029548541e-01,3.757497811505768892e-01
3.134677525071031257e-01,3.755978869269859244e-01
3.135978497000951881e-01,3.754459832722454316e-01
3.137279359813839319e-01,3.752940702729026246e-01
3.138580114499359697e-01,3.751421480150508581e-01
3.139880762042212003e-01,3.749902165843216340e-01
3.141181303422029281e-01,3.748382760658761637e-01
3.142481739613278702e-01,3.746863265443981517e-01
3.143782071585168314e-01,3.745343681040856354e-01
3.145082300301553779e-01,3.743824008286441019e-01
3.146382426720849557e-01,3.742304248012791601e-01
3.147682451795937864e-01,3.740784401046897689e-01
3.148982376474088740e-01,3.739264468210614645e-01
3.150282201696878448e-01,3.737744450320601985e-01
3.151581928400105648e-01,3.736224348188257882e-01
3.152881557513719235e-01,3.734704162619661982e-01
3.154181089961742845e-01,3.733183894415519344e-01
3.155480526662205465e-01,3.731663544371100483e-01
3.156779868527069266e-01,3.730143113276194189e-01
3.158079116462168545e-01,3.728622601915052570e-01
3.159378271367142554e-01,3.727102011066344422e-01
3.160677334135378880e-01,3.725581341503110266e-01
3.161976305653950714e-01,3.724060593992714607e-01
3.163275186803564676e-01,3.722539769296807632e-01
3.164573978458509185e-01,3.721018868171284133e-01
3.165872681486600060e-01,3.719497891366245756e-01
3.167171296749136111e-01,3.717976839625964924e-01
3.168469825100852511e-01,3.716455713688852081e-01
3.169768267389878602e-01,3.714934514287425715e-01
3.171066624457696825e-01,3.713413242148280724e-01
3.172364897139105522e-01,3.711891897992061762e-01
3.173663086262182853e-01,3.710370482533438818e-01
3.174961192648254604e-01,3.708848996481083349e-01
3.176259217111860877e-01,3.707327440537646623e-01
3.177557160460732222e-01,3.705805815399740299e-01
3.178855023495757992e-01,3.704284121757920323e-01
3.180152807010966365e-01,3.702762360296668609e-01
3.181450511793499913e-01,3.701240531694381386e-01
3.182748138623597844e-01,3.699718636623356427e-01
3.184045688274579899e-01,3.698196675749781948e-01
3.185343161512825261e-01,3.696674649733728835e-01
3.186640559097766445e-01,3.695152559229145650e-01
3.187937881781872651e-01,3.693630404883848639e-01
3.189235130310643651e-01,3.692108187339523950e-01
3.190532305422602577e-01,3.690585907231721530e-01
3.191829407849287592e-01,3.689063565189855676e-01
3.193126438315252447e-01,3.687541161837210035e-01
3.194423397538061482e-01,3.686018697790933718e-01
3.195720286228292961e-01,3.684496173662052954e-01
3.197017105089539069e-01,3.682973590055470536e-01
3.198313854818410906e-01,3.681450947569976373e-01
3.199610536104541825e-01,3.679928246798256364e-01
3.200907149630598525e-01,3.678405488326900175e-01
3.202203696072286609e-01,3.676882672736414559e-01
3.203500176098360575e-01,3.675359800601235571e-01
3.204796590370641018e-01,3.673836872489739669e-01
3.206092939544020193e-01,3.672313888964264250e-01
3.207389224266483652e-01,3.670790850581118203e-01
3.208685445179122464e-01,3.669267757890602999e-01
3.209981602916153753e-01,3.667744611437030455e-01
3.211277698104937350e-01,3.666221411758741056e-01
3.212573731365998553e-01,3.664698159388125043e-01
3.213869703313048665e-01,3.663174854851646289e-01
3.215165614553007201e-01,3.661651498669863392e-01
3.216461465686026866e-01,3.660128091357450764e-01
3.217757257305519092e-01,3.658604633423229724e-01
3.219052989998181236e-01,3.657081125370187369e-01
3.220348664344021006e-01,3.655557567695505439e-01
3.221644280916388103e-01,3.654033960890590849e-01
3.222939840282003088e-01,3.652510305441096783e-01
3.224235343000986798e-01,3.650986601826958777e-01
3.225530789626892547e-01,3.649462850522419144e-01
3.226826180706738323e-01,3.647939051996057502e-01
3.228121516781040645e-01,3.646415206710826862e-01
3.229416798383847875e-01,3.644891315124078046e-01
3.230712026042774632e-01,3.643367377687596886e-01
3.232007200279040093e-01,3.641843394847634752e-01
3.233302321607499086e-01,3.640319367044942966e-01
3.234597390536684269e-01,3.638795294714807227e-01
3.235892407568842222e-01,3.637271178287078688e-01
3.237187373199971185e-01,3.635747018186212820e-01
3.238482287919857150e-01,3.634222814831303827e-01
3.239777152212119926e-01,3.632698568636117953e-01
3.241071966554247563e-01,3.631174280009132893e-01
3.242366731417639647e-01,3.629649949353571659e-01
3.243661447267645048e-01,3.628125577067442542e-01
3.244956114563608551e-01,3.626601163543572426e-01
3.246250733758906382e-01,3.625076709169646749e-01
3.247545305300992835e-01,3.623552214328248366e-01
3.248839829631442466e-01,3.622027679396892519e-01
3.250134307185990612e-01,3.620503104748068468e-01
3.251428738394577800e-01,3.618978490749273358e-01
3.252723123681392492e-01,3.617453837763057178e-01
3.254017463464916604e-01,3.615929146147055517e-01
3.255311758157967139e-01,3.614404416254033414e-01
3.256606008167740596e-01,3.612879648431921442e-01
3.257900213895859043e-01,3.611354843023855121e-01
3.259194375738412308e-01,3.609830000368214886e-01
3.260488494086001832e-01,3.608305120798666610e-01
3.261782569323788961e-01,3.606780204644199350e-01
3.263076601831534918e-01,3.605255252229164764e-01
3.264370591983648540e-01,3.603730263873318740e-01
3.265664540149231243e-01,3.602205239891856925e-01
3.266958446692118656e-01,3.600680180595456914e-01
3.268252311970928359e-01,3.599155086290318772e-01
3.269546136339103182e-01,3.597629957278201118e-01
3.270839920144955615e-01,3.596104793856461646e-01
3.272133663731714992e-01,3.594579596318098202e-01
3.273427367437566904e-01,3.593054364951784319e-01
3.274721031595702603e-01,3.591529100041911393e-01
3.276014656534359526e-01,3.590003801868626443e-01
3.277308242576868480e-01,3.588478470707867629e-01
3.278601790041695274e-01,3.586953106831408666e-01
3.279895299242485684e-01,3.585427710506892129e-01
3.281188770488108197e-01,3.583902281997871642e-01
3.282482204082698418e-01,3.582376821563845182e-01
3.283775600325702371e-01,3.580851329460296162e-01
3.285068959511917575e-01,3.579325805938731730e-01
3.286362281931537455e-01,3.577800251246715524e-01
3.287655567870194639e-01,3.576274665627910965e-01
3.288948817609000930e-01,3.574749049322112349e-01
3.290242031424590041e-01,3.573223402565284257e-01
3.291535209589160349e-01,3.571697725589598749e-01
3.292828352370514855e-01,3.570172018623469778e-01
3.294121460032103377e-01,3.568646281891587058e-01
3.295414532833061960e-01,3.567120515614956577e-01
3.296707571028254513e-01,3.565594720010930585e-01
3.298000574868311108e-01,3.564068895293247552e-01
3.299293544599671835e-01,3.562543041672060484e-01
3.300586480464620109e-01,3.561017159353976336e-01
3.301879382701326526e-01,3.559491248542088204e-01
3.303172251543885496e-01,3.557965309436008638e-01
3.304465087222354103e-01,3.556439342231901835e-01
3.305757889962788743e-01,3.554913347122518053e-01
3.307050659987283980e-01,3.553387324297226924e-01
3.308343397514009743e-01,3.551861273942046870e-01
3.309636102757245180e-01,3.550335196239678415e-01
3.310928775927420853e-01,3.548809091369536928e-01
3.312221417231147047e-01,3.547282959507780387e-01
3.313514026871253737e-01,3.545756800827343236e-01
3.314806605046827226e-01,3.544230615497964698e-01
3.316099151953239010e-01,3.542704403686220416e-01
3.317391667782185749e-01,3.541178165555550206e-01
3.318684152721717018e-01,3.539651901266288037e-01
3.319976606956275278e-01,3.538125610975690893e-01
3.321269030666721966e-01,3.536599294837966534e-01
3.322561424030375798e-01,3.535072953004303464e-01
3.323853787221039968e-01,3.533546585622894809e-01
3.325146120409035455e-01,3.532020192838968842e-01
3.326438423761232666e-01,3.530493774794814521e-01
3.327730697441080299e-01,3.528967331629807580e-01
3.329022941608636987e-01,3.527440863480436617e-01
3.330315156420600164e-01,3.525914370480329185e-01
3.331607342030332708e-01,3.524387852760276219e-01
3.332899498587896248e-01,3.522861310448257011e-01
3.334191626240076145e-01,3.521334743669464196e-01
3.335483725130409249e-01,3.519808152546325397e-01
3.336775795399212763e-01,3.518281537198529874e-01
3.338067837183609221e-01,3.516754897743049613e-01
3.339359850617551473e-01,3.515228234294162091e-01
3.340651835831853211e-01,3.513701546963473588e-01
3.341943792954209513e-01,3.512174835859938615e-01
3.343235722109222929e-01,3.510648101089884898e-01
3.344527623418429574e-01,3.509121342757030582e-01
3.345819497000319664e-01,3.507594560962508101e-01
3.347111342970364167e-01,3.506067755804882502e-01
3.348403161441035891e-01,3.504540927380169757e-01
3.349694952521830027e-01,3.503014075781861192e-01
3.350986716319291903e-01,3.501487201100935698e-01
3.352278452937030306e-01,3.499960303425884156e-01
3.353570162475745242e-01,3.498433382842723871e-01
3.354861845033245138e-01,3.496906439435016889e-01
3.356153500704467385e-01,3.495379473283888316e-01
3.357445129581496102e-01,3.493852484468042974e-01
3.358736731753585447e-01,3.492325473063779828e-01
3.360028307307174611e-01,3.490798439145011978e-01
3.361319856325905020e-01,3.489271382783276643e-01
3.362611378890641989e-01,3.487744304047757371e-01
3.363902875079487487e-01,3.486217203005291809e-01
3.365194344967800677e-01,3.484690079720391687e-01
3.366485788628209574e-01,3.483162934255252252e-01
3.367777206130631584e-01,3.481635766669770593e-01
3.369068597542284604e-01,3.480108577021554517e-01
3.370359962927704234e-01,3.478581365365938094e-01
3.371651302348757095e-01,3.477054131755992761e-01
3.372942615864654714e-01,3.475526876242539531e-01
3.374233903531967393e-01,3.473999598874161210e-01
3.375525165404636430e-01,3.472472299697213494e-01
3.376816401533986323e-01,3.470944978755833299e-01
3.378107611968738100e-01,3.469417636091953749e-01
3.379398796755018752e-01,3.467890271745311392e-01
3.380689955936375668e-01,3.466362885753455081e-01
3.381981089553781628e-01,3.464835478151757631e-01
3.383272197645651458e-01,3.463308048973422482e-01
3.384563280247847028e-01,3.461780598249494245e-01
3.385854337393688906e-01,3.460253126008864255e-01
3.387145369113964133e-01,3.458725632278282780e-01
3.388436375436935100e-01,3.457198117082360689e-01
3.389727356388346213e-01,3.455670580443579443e-01
3.391018311991434997e-01,3.454143022382299977e-01
3.392309242266933200e-01,3.452615442916764366e-01
3.393600147233080122e-01,3.451087842063105260e-01
3.394891026905624831e-01,3.449560219835347552e-01
3.396181881297830607e-01,3.448032576245419478e-01
3.397472710420485487e-01,3.446504911303152063e-01
3.398763514281901710e-01,3.444977225016285782e-01
3.400054292887925156e-01,3.443449517390475556e-01
3.401345046241934789e-01,3.441921788429291307e-01
3.402635774344849318e-01,3.440394038134225729e-01
3.403926477195130529e-01,3.438866266504693736e-01
3.405217154788785505e-01,3.437338473538037453e-01
3.406507807119366626e-01,3.435810659229526220e-01
3.407798434177979896e-01,3.434282823572362142e-01
3.409089035953278835e-01,3.432754966557677867e-01
3.410379612431473362e-01,3.431227088174541029e-01
3.411670163596325356e-01,3.429699188409953692e-01
3.412960689429149763e-01,3.428171267248854015e-01
3.414251189908817374e-01,3.426643324674114033e-01
3.415541665011753159e-01,3.425115360666545206e-01
3.416832114711935153e-01,3.423587375204891758e-01
3.418122538980893355e-01,3.422059368265834567e-01
3.419412937787708606e-01,3.420531339823988937e-01
3.420703311099012600e-01,3.419003289851901828e-01
3.421993658878983435e-01,3.417475218320053520e-01
3.423283981089343397e-01,3.415947125196853174e-01
3.424574277689357293e-01,3.414419010448638270e-01
3.425864548635827456e-01,3.412890874039670730e-01
3.427154793883093742e-01,3.411362715932135803e-01
3.428445013383025763e-01,3.409834536086139289e-01
3.429735207085020110e-01,3.408306334459700881e-01
3.431025374935997019e-01,3.406778111008755827e-01
3.432315516880393713e-01,3.405249865687146604e-01
3.433605632860160517e-01,3.403721598446621810e-01
3.434895722814754748e-01,3.402193309236830610e-01
3.436185786681134058e-01,3.400664998005316630e-01
3.437475824393751433e-01,3.399136664697517407e-01
3.438765835884550204e-01,3.397608309256753278e-01
3.440055821082953491e-01,3.396079931624227943e-01
3.441345779915859771e-01,3.394551531739018468e-01
3.442635712307636764e-01,3.393023109538072513e-01
3.443925618180108117e-01,3.391494664956198335e-01
3.445215497452554509e-01,3.389966197926063129e-01
3.446505350041696447e-01,3.388437708378183033e-01
3.447795175861691486e-01,3.386909196240918130e-01
3.449084974824123684e-01,3.385380661440464123e-01
3.450374746837995277e-01,3.383852103900846786e-01
3.451664491809717239e-01,3.382323523543912525e-01
3.452954209643097627e-01,3.380794920289322270e-01
3.454243900239336029e-01,3.379266294054543152e-01
3.455533563497011351e-01,3.377737644754841284e-01
3.456823199312071826e-01,3.376208972303270661e-01
3.458112807577824466e-01,3.374680276610669827e-01
3.459402388184924515e-01,3.373151557585648552e-01
3.460691941021366569e-01,3.371622815134581730e-01
3.461981465972471250e-01,3.370094049161600491e-01
3.463270962920874663e-01,3.368565259568582215e-01
3.464560431746517288e-01,3.367036446255141646e-01
3.465849872326636216e-01,3.365507609118622012e-01
3.467139284535745158e-01,3.363978748054085033e-01
3.468428668245630564e-01,3.362449862954304258e-01
3.469718023325337186e-01,3.360920953709750636e-01
3.471007349641154760e-01,3.359392020208585850e-01
3.472296647056608010e-01,3.357863062336652327e-01
3.473585915432442217e-01,3.356334079977463247e-01
3.474875154626613227e-01,3.354805073012191996e-01
3.476164364494274128e-01,3.353276041319663836e-01
3.477453544887761927e-01,3.351746984776342586e-01
3.478742695656585893e-01,3.350217903256323959e-01
3.480031816647415344e-01,3.348688796631322795e-01
3.481320907704067436e-01,3.347159664770666954e-01
3.482609968667492728e-01,3.345630507541280108e-01
3.483898999375761862e-01,3.344101324807678965e-01
3.485187999664058900e-01,3.342572116431958840e-01
3.486476969364661338e-01,3.341042882273784209e-01
3.487765908306930118e-01,3.339513622190379283e-01
3.489054816317300189e-01,3.337984336036518007e-01
3.490343693219263299e-01,3.336455023664511854e-01
3.491632538833358557e-01,3.334925684924204825e-01
3.492921352977159666e-01,3.333396319662955687e-01
3.494210135465259381e-01,3.331866927725637417e-01
3.495498886109263958e-01,3.330337508954619996e-01
3.496787604717775944e-01,3.328808063189764299e-01
3.498076291096381407e-01,3.327278590268412106e-01
3.499364945047643838e-01,3.325749090025377219e-01
3.500653566371088043e-01,3.324219562292935470e-01
3.501942154863187939e-01,3.322690006900815285e-01
3.503230710317360441e-01,3.321160423676190465e-01
3.504519232523949923e-01,3.319630812443671308e-01
3.505807721270219890e-01,3.318101173025294059e-01
3.507096176340341875e-01,3.316571505240514806e-01
3.508384597515383230e-01,3.315041808906201704e-01
3.509672984573302124e-01,3.313512083836627209e-01
3.510961337288933670e-01,3.311982329843457529e-01
3.512249655433982154e-01,3.310452546735751511e-01
3.513537938777013259e-01,3.308922734319947323e-01
3.514826187083442965e-01,3.307392892399861895e-01
3.516114400115534222e-01,3.305863020776679262e-01
3.517402577632381400e-01,3.304333119248951123e-01
3.518690719389911958e-01,3.302803187612584068e-01
3.519978825140873679e-01,3.301273225660841248e-01
3.521266894634831335e-01,3.299743233184333491e-01
3.522554927618158360e-01,3.298213209971017079e-01
3.523842923834034080e-01,3.296683155806188203e-01
3.525130883022438155e-01,3.295153070472484624e-01
3.526418804920146144e-01,3.293622953749876237e-01
3.527706689260723394e-01,3.292092805415665069e-01
3.528994535774528929e-01,3.290562625244488615e-01
3.530282344188706012e-01,3.289032413008309286e-01
3.531570114227183810e-01,3.287502168476423847e-01
3.532857845610675174e-01,3.285971891415455093e-01
3.534145538056678859e-01,3.284441581589356840e-01
3.535433191279476195e-01,3.282911238759413930e-01
3.536720804990135525e-01,3.281380862684244448e-01
3.538008378896510542e-01,3.279850453119801390e-01
3.539295912703248059e-01,3.278320009819375436e-01
3.540583406111786902e-01,3.276789532533602722e-01
3.541870858820364010e-01,3.275259021010462623e-01
3.543158270524021103e-01,3.273728474995288851e-01
3.544445640914608564e-01,3.272197894230772786e-01
3.545732969680793767e-01,3.270667278456972360e-01
3.547020256508068292e-01,3.269136627411316498e-01
3.548307501078759030e-01,3.267605940828615663e-01
3.549594703072034840e-01,3.266075218441072403e-01
3.550881862163920988e-01,3.264544459978289126e-01
3.552168978027308022e-01,3.263013665167279753e-01
3.553456050331968430e-01,3.261482833732483044e-01
3.554743078744566631e-01,3.259951965395774254e-01
3.556030062928677293e-01,3.258421059876479564e-01
3.557317002544801987e-01,3.256890116891389964e-01
3.558603897250384729e-01,3.255359136154778454e-01
3.559890746699831965e-01,3.253828117378415041e-01
3.561177550544533665e-01,3.252297060271587270e-01
3.562464308432882198e-01,3.250765964541116881e-01
3.563751020010296200e-01,3.249234829891378684e-01
3.565037684919244443e-01,3.247703656024326646e-01
3.566324302799271928e-01,3.246172442639509992e-01
3.567610873287023754e-01,3.244641189434098738e-01
3.568897396016275092e-01,3.243109896102911449e-01
3.570183870617957833e-01,3.241578562338434111e-01
3.571470296720196114e-01,3.240047187830852327e-01
3.572756673948330741e-01,3.238515772268077408e-01
3.574043001924960272e-01,3.236984315335774687e-01
3.575329280269970988e-01,3.235452816717395708e-01
3.576615508600574644e-01,3.233921276094205988e-01
3.577901686531345105e-01,3.232389693145323317e-01
3.579187813674259977e-01,3.230858067547747181e-01
3.580473889638738916e-01,3.229326398976396506e-01
3.581759914031688585e-01,3.227794687104145188e-01
3.583045886457543183e-01,3.226262931601859840e-01
3.584331806518313845e-01,3.224731132138440870e-01
3.585617673813632500e-01,3.223199288380861338e-01
3.586903487940799606e-01,3.221667399994208036e-01
3.588189248494839667e-01,3.220135466641727007e-01
3.589474955068547857e-01,3.218603487984867950e-01
3.590760607252546643e-01,3.217071463683327526e-01
3.592046204635337969e-01,3.215539393395099310e-01
3.593331746803362647e-01,3.214007276776522093e-01
3.594617233341058649e-01,3.212475113482328171e-01
3.595902663830918833e-01,3.210942903165697748e-01
3.597188037853555342e-01,3.209410645478308344e-01
3.598473354987761219e-01,3.207878340070392520e-01
3.599758614810577573e-01,3.206345986590791730e-01
3.601043816897356864e-01,3.204813584687011829e-01
3.602328960821835624e-01,3.203281134005285247e-01
3.603614046156200512e-01,3.201748634190627052e-01
3.604899072471163812e-01,3.200216084886898238e-01
3.606184039336032821e-01,3.198683485736868448e-01
3.607468946318789227e-01,3.197150836382278150e-01
3.608753792986163500e-01,3.195618136463905801e-01
3.610038578903713158e-01,3.194085385621634465e-01
3.611323303635903814e-01,3.192552583494517870e-01
3.612607966746189669e-01,3.191019729720852016e-01
3.613892567797098998e-01,3.189486823938244009e-01
3.615177106350316860e-01,3.187953865783687002e-01
3.616461581966773364e-01,3.186420854893630139e-01
3.617745994206729154e-01,3.184887790904056271e-01
3.619030342629869779e-01,3.183354673450553562e-01
3.620314626795390067e-01,3.181821502168398763e-01
3.621598846262094051e-01,3.180288276692630478e-01
3.622883000588484892e-01,3.178754996658130771e-01
3.624167089332861469e-01,3.177221661699707322e-01
3.625451112053414970e-01,3.175688271452172251e-01
3.626735068308329923e-01,3.174154825550428716e-01
3.628018957655879673e-01,3.172621323629551959e-01
3.629302779654532962e-01,3.171087765324879237e-01
3.630586533863052745e-01,3.169554150272090309e-01
3.631870219840601099e-01,3.168020478107299587e-01
3.633153837146845255e-01,3.166486748467143286e-01
3.634437385342063065e-01,3.164952960988869357e-01
3.635720863987250695e-01,3.163419115310426855e-01
3.637004272644232539e-01,3.161885211070557533e-01
3.638287610875768907e-01,3.160351247908888550e-01
3.639570878245668162e-01,3.158817225466026279e-01
3.640854074318898848e-01,3.157283143383649016e-01
3.642137198661702935e-01,3.155749001304601342e-01
3.643420250841707952e-01,3.154214798872990722e-01
3.644703230428041341e-01,3.152680535734282419e-01
3.645986136991450355e-01,3.151146211535397201e-01
3.647268970104411423e-01,3.149611825924807373e-01
3.648551729341252270e-01,3.148077378552635031e-01
3.649834414278268491e-01,3.146542869070750315e-01
3.651117024493839569e-01,3.145008297132870778e-01
3.652399559568550447e-01,3.143473662394659085e-01
3.653682019085308097e-01,3.141938964513822929e-01
3.654964402629461429e-01,3.140404203150216622e-01
3.656246709788924520e-01,3.138869377965936014e-01
3.657528940154292085e-01,3.137334488625426188e-01
3.658811093318963259e-01,3.135799534795572496e-01
3.660093168879261505e-01,3.134264516145810475e-01
3.661375166434552297e-01,3.132729432348217435e-01
3.662657085587369687e-01,3.131194283077618490e-01
3.663938925943531211e-01,3.129659068011685363e-01
3.665220687112261677e-01,3.128123786831035202e-01
3.666502368706313630e-01,3.126588439219328830e-01
3.667783970342083921e-01,3.125053024863376772e-01
3.669065491639738608e-01,3.123517543453229739e-01
3.670346932223328418e-01,3.121981994682283545e-01
3.671628291720908654e-01,3.120446378247375696e-01
3.672909569764659099e-01,3.118910693848881976e-01
3.674190765990998919e-01,3.117374941190814708e-01
3.675471880040706019e-01,3.115839119980918781e-01
3.676752911559032500e-01,3.114303229930766581e-01
3.678033860195818461e-01,3.112767270755856241e-01
3.679314725605609682e-01,3.111231242175701572e-01
3.680595507447769199e-01,3.109695143913927540e-01
3.681876205386587775e-01,3.108158975698363524e-01
3.683156819091399914e-01,3.106622737261131584e-01
3.684437348236689891e-01,3.105086428338739157e-01
3.685717792502201107e-01,3.103550048672167883e-01
3.686998151573045446e-01,3.102013598006958528e-01
3.688278425139806527e-01,3.100477076093302586e-01
3.689558612898645729e-01,3.098940482686122766e-01
3.690838714551405442e-01,3.097403817545159033e-01
3.692118729805707877e-01,3.095867080435051877e-01
3.693398658375056653e-01,3.094330271125419474e-01
3.694678499978933939e-01,3.092793389390940950e-01
3.695958254342894822e-01,3.091256435011432435e-01
3.697237921198663901e-01,3.089719407771922555e-01
3.698517500284222992e-01,3.088182307462726817e-01
3.699796991343904939e-01,3.086645133879520886e-01
3.701076394128478553e-01,3.085107886823410528e-01
3.702355708395234091e-01,3.083570566101000443e-01
3.703634933908067084e-01,3.082033171524460879e-01
3.704914070437560492e-01,3.080495702911590916e-01
3.706193117761058531e-01,3.078958160085886187e-01
3.707472075662747724e-01,3.077420542876592169e-01
3.708750943933726285e-01,3.075882851118768579e-01
3.710029722372077954e-01,3.074345084653342663e-01
3.711308410782937495e-01,3.072807243327165816e-01
3.712587008978559533e-01,3.071269326993061322e-01
3.713865516778376286e-01,3.069731335509877646e-01
3.715143934009064175e-01,3.068193268742534507e-01
3.716422260504595454e-01,3.066655126562066180e-01
3.717700496106295383e-01,3.065116908845665344e-01
3.718978640662893298e-01,3.063578615476723055e-01
3.720256694030570355e-01,3.062040246344866490e-01
3.721534656073007818e-01,3.060501801345992257e-01
3.722812526661425370e-01,3.058963280382300254e-01
3.724090305674624402e-01,3.057424683362323092e-01
3.725367992999022437e-01,3.055886010200954406e-01
3.726645588528688657e-01,3.054347260819472165e-01
3.727923092165372210e-01,3.052808435145559773e-01
3.729200503818529411e-01,3.051269533113329380e-01
3.730477823405349280e-01,3.049730554663335758e-01
3.731755050850774635e-01,3.048191499742591848e-01
3.733032186087515969e-01,3.046652368304578751e-01
3.734309229056072543e-01,3.045113160309255718e-01
3.735586179704736276e-01,3.043573875723066813e-01
3.736863037989605063e-01,3.042034514518944244e-01
3.738139803874587219e-01,3.040495076676307806e-01
3.739416477331399813e-01,3.038955562181064329e-01
3.740693058339570332e-01,3.037415971025604344e-01
3.741969546886430020e-01,3.035876303208790983e-01
3.743245942967106665e-01,3.034336558735956091e-01
3.744522246584514047e-01,3.032796737618882466e-01
3.745798457749335841e-01,3.031256839875789977e-01
3.747074576480008412e-01,3.029716865531320580e-01
3.748350602802702491e-01,3.028176814616515000e-01
3.749626536751294870e-01,3.026636687168791084e-01
3.750902378367345635e-01,3.025096483231917155e-01
3.752178127700065979e-01,3.023556202855987030e-01
3.753453784806284332e-01,3.022015846097384495e-01
3.754729349750411949e-01,3.020475413018754995e-01
3.756004822604402937e-01,3.018934903688967886e-01
3.757280203447711520e-01,3.017394318183077573e-01
3.758555492367245954e-01,3.015853656582285769e-01
3.759830689457324127e-01,3.014312918973895972e-01
3.761105794819619152e-01,3.012772105451270166e-01
3.762380808563106083e-01,3.011231216113781084e-01
3.763655730804006394e-01,3.009690251066761135e-01
3.764930561665728592e-01,3.008149210421453557e-01
3.766205301278804374e-01,3.006608094294954681e-01
3.767479949780826454e-01,3.005066902810160645e-01
3.768754507316380287e-01,3.003525636095706330e-01
3.770028974036974678e-01,3.001984294285908739e-01
3.771303350100968510e-01,3.000442877520699270e-01
3.772577635673495799e-01,2.998901385945565989e-01
3.773851830926391870e-01,2.997359819711481466e-01
3.775125936038110086e-01,2.995818178974836155e-01
3.776399951193641913e-01,2.994276463897372897e-01
3.777673876584434209e-01,2.992734674646109205e-01
3.778947712408299298e-01,2.991192811393265094e-01
3.780221458869333362e-01,2.989650874316192586e-01
3.781495116177820970e-01,2.988108863597292997e-01
3.782768684550146254e-01,2.986566779423943663e-01
3.784042164208696324e-01,2.985024621988414117e-01
3.785315555381769115e-01,2.983482391487789487e-01
3.786588858303473470e-01,2.981940088123884447e-01
3.787862073213631442e-01,2.980397712103159957e-01
3.789135200357677813e-01,2.978855263636641659e-01
3.790408239986556849e-01,2.977312742939830503e-01
3.791681192356620711e-01,2.975770150232612821e-01
3.792954057729522321e-01,2.974227485739180388e-01
3.794226836372112110e-01,2.972684749687933836e-01
3.795499528556326996e-01,2.971141942311392725e-01
3.796772134559085465e-01,2.969599063846110054e-01
3.798044654662175446e-01,2.968056114532573453e-01
3.799317089152144389e-01,2.966513094615116919e-01
3.800589438320189362e-01,2.964970004341824783e-01
3.801861702462041581e-01,2.963426843964439561e-01
3.803133881877853728e-01,2.961883613738264254e-01
3.804405976872090589e-01,2.960340313922072419e-01
3.805677987753406377e-01,2.958796944778007143e-01
3.806949914834537596e-01,2.957253506571486112e-01
3.808221758432182025e-01,2.955709999571107804e-01
3.809493518866883255e-01,2.954166424048551010e-01
3.810765196462918003e-01,2.952622780278481573e-01
3.812036791548174541e-01,2.951079068538451367e-01
3.813308304454037234e-01,2.949535289108804470e-01
3.814579735515271075e-01,2.947991442272576146e-01
3.815851085069901782e-01,2.946447528315400133e-01
3.817122353459100337e-01,2.944903547525404841e-01
3.818393541027063631e-01,2.943359500193122869e-01
3.819664648120900119e-01,2.941815386611389416e-01
3.820935675090509909e-01,2.940271207075245696e-01
3.822206622288468747e-01,2.938726961881845123e-01
3.823477490069914220e-01,2.937182651330352279e-01
3.824748278792422518e-01,2.935638275721849655e-01
3.826018988815900745e-01,2.934093835359242730e-01
3.827289620502464240e-01,2.932549330547162825e-01
3.828560174216328882e-01,2.931004761591871621e-01
3.829830650323690078e-01,2.929460128801169017e-01
3.831101049192610630e-01,2.927915432484297087e-01
3.832371371192910825e-01,2.926370672951849050e-01
3.833641616696053522e-01,2.924825850515675452e-01
3.834911786075030915e-01,2.923280965488790906e-01
3.836181879704256836e-01,2.921736018185286388e-01
3.837451897959455183e-01,2.920191008920234865e-01
3.838721841217550002e-01,2.918645938009604701e-01
3.839991709856557800e-01,2.917100805770168614e-01
3.841261504255480408e-01,2.915555612519417639e-01
3.842531224794200062e-01,2.914010358575471749e-01
3.843800871853370604e-01,2.912465044256994373e-01
3.845070445814317006e-01,2.910919669883109684e-01
3.846339947058931008e-01,2.909374235773313222e-01
3.847609375969567314e-01,2.907828742247392517e-01
3.848878732928945334e-01,2.906283189625343821e-01
3.850148018320050936e-01,2.904737578227289951e-01
3.851417232526032630e-01,2.903191908373400354e-01
3.852686375930110541e-01,2.901646180383811169e-01
3.853955448915477033e-01,2.900100394578548624e-01
3.855224451865203461e-01,2.898554551277452429e-01
3.856493385162147458e-01,2.897008650800096952e-01
3.857762249188860793e-01,2.895462693465719051e-01
3.859031044327497773e-01,2.893916679593143693e-01
3.860299770959729204e-01,2.892370609500710676e-01
3.861568429466651908e-01,2.890824483506205800e-01
3.862837020228703233e-01,2.889278301926788695e-01
3.864105543625578343e-01,2.887732065078925103e-01
3.865374000036143620e-01,2.886185773278316380e-01
3.866642389838358396e-01,2.884639426839838983e-01
3.867910713409191126e-01,2.883093026077472310e-01
3.869178971124542787e-01,2.881546571304242077e-01
3.870447163359168607e-01,2.880000062832149266e-01
3.871715290486601457e-01,2.878453500972117385e-01
3.872983352879080243e-01,2.876906886033925304e-01
3.874251350907472746e-01,2.875360218326151740e-01
3.875519284941209008e-01,2.873813498156116419e-01
3.876787155348203617e-01,2.872266725829824008e-01
3.878054962494797975e-01,2.870719901651909156e-01
3.879322706745683136e-01,2.869173025925581544e-01
3.880590388463841522e-01,2.867626098952572589e-01
3.881858008010477534e-01,2.866079121033084931e-01
3.883125565744958152e-01,2.864532092465743585e-01
3.884393062024751875e-01,2.862985013547543200e-01
3.885660497205366548e-01,2.861437884573801993e-01
3.886927871640294407e-01,2.859890705838115110e-01
3.888195185680951571e-01,2.858343477632310226e-01
3.889462439676626415e-01,2.856796200246400352e-01
3.890729633974422397e-01,2.855248873968541101e-01
3.891996768919209204e-01,2.853701499084991822e-01
3.893263844853566136e-01,2.852154075880071193e-01
3.894530862117737691e-01,2.850606604636118924e-01
3.895797821049584719e-01,2.849059085633456334e-01
3.897064721984531133e-01,2.847511519150349724e-01
3.898331565255527265e-01,2.845963905462973731e-01
3.899598351192997692e-01,2.844416244845376918e-01
3.900865080124803486e-01,2.842868537569442910e-01
3.902131752376196694e-01,2.841320783904864866e-01
3.903398368269782592e-01,2.839772984119104948e-01
3.904664928125478607e-01,2.838225138477370457e-01
3.905931432260476011e-01,2.836677247242578304e-01
3.907197880989205507e-01,2.835129310675329473e-01
3.908464274623297818e-01,2.833581329033878493e-01
3.909730613471552596e-01,2.832033302574106237e-01
3.910996897839902897e-01,2.830485231549494940e-01
3.912263128031383541e-01,2.828937116211103220e-01
3.913529304346100579e-01,2.827388956807538323e-01
3.914795427081199097e-01,2.825840753584936138e-01
3.916061496530838792e-01,2.824292506786937884e-01
3.917327512986158999e-01,2.822744216654665128e-01
3.918593476735258152e-01,2.821195883426702022e-01
3.919859388063164363e-01,2.819647507339073655e-01
3.921125247251812107e-01,2.818099088625227733e-01
3.922391054580015579e-01,2.816550627516013483e-01
3.923656810323449262e-01,2.815002124239666115e-01
3.924922514754624059e-01,2.813453579021787387e-01
3.926188168142861201e-01,2.811904992085332289e-01
3.927453770754281703e-01,2.810356363650589051e-01
3.928719322851776941e-01,2.808807693935166383e-01
3.929984824694996437e-01,2.807258983153980703e-01
3.931250276540323996e-01,2.805710231519237263e-01
3.932515678640864376e-01,2.804161439240420717e-01
3.933781031246427751e-01,2.802612606524282901e-01
3.935046334603508056e-01,2.801063733574827297e-01
3.936311588955273555e-01,2.799514820593300146e-01
3.937576794541547409e-01,2.797965867778178239e-01
3.938841951598798796e-01,2.796416875325159479e-01
3.940107060360124591e-01,2.794867843427150111e-01
3.941372121055239375e-01,2.793318772274259731e-01
3.942637133910461555e-01,2.791769662053786849e-01
3.943902099148703932e-01,2.790220512950214449e-01
3.945167016989458153e-01,2.788671325145199997e-01
3.946431887648791381e-01,2.787122098817565452e-01
3.947696711339326869e-01,2.785572834143293930e-01
3.948961488270240627e-01,2.784023531295519716e-01
3.950226218647248655e-01,2.782474190444520490e-01
3.951490902672601946e-01,2.780924811757715664e-01
3.952755540545071500e-01,2.779375395399652504e-01
3.954020132459945547e-01,2.777825941532008347e-01
3.955284678609019555e-01,2.776276450313577282e-01
3.956549179180587350e-01,2.774726921900271259e-01
3.957813634359433896e-01,2.773177356445109543e-01
3.959078044326832524e-01,2.771627754098216490e-01
3.960342409260531049e-01,2.770078115006817110e-01
3.961606729334748445e-01,2.768528439315229850e-01
3.962871004720169843e-01,2.766978727164864926e-01
3.964135235583937655e-01,2.765428978694216555e-01
3.965399422089644355e-01,2.763879194038862397e-01
3.966663564397331365e-01,2.762329373331455784e-01
3.967927662663476851e-01,2.760779516701724057e-01
3.969191717040993495e-01,2.759229624276463566e-01
3.970455727679223501e-01,2.757679696179534679e-01
3.971719694723927496e-01,2.756129732531860110e-01
3.972983618317285082e-01,2.754579733451417711e-01
3.974247498597884287e-01,2.753029699053241020e-01
3.975511335700719351e-01,2.751479629449408160e-01
3.976775129757179617e-01,2.749929524749046283e-01
3.978038880895051754e-01,2.748379385058320468e-01
3.979302589238504217e-01,2.746829210480433714e-01
3.980566254908088908e-01,2.745279001115619177e-01
3.981829878020728963e-01,2.743728757061139056e-01
3.983093458689717092e-01,2.742178478411279041e-01
3.984356997024707248e-01,2.740628165257342763e-01
3.985620493131706299e-01,2.739077817687647354e-01
3.986883947113067928e-01,2.737527435787520114e-01
3.988147359067488740e-01,2.735977019639289631e-01
3.989410729089995500e-01,2.734426569322284672e-01
3.990674057271941244e-01,2.732876084912826409e-01
3.991937343700996954e-01,2.731325566484222311e-01
3.993200588461140454e-01,2.729775014106761710e-01
3.994463791632652527e-01,2.728224427847708577e-01
3.995726953292103589e-01,2.726673807771295976e-01
3.996990073512349806e-01,2.725123153938716070e-01
3.998253152362516438e-01,2.723572466408118453e-01
3.999516189907993957e-01,2.722021745234597945e-01
4.000779186210425831e-01,2.720470990470189587e-01
4.002042141327697977e-01,2.718920202163858657e-01
4.003305055313926553e-01,2.717369380361495113e-01
4.004567928219447404e-01,2.715818525105901937e-01
4.005830760090804410e-01,2.714267636436788478e-01
4.007093550970735052e-01,2.712716714390757122e-01
4.008356300898161528e-01,2.711165759001299413e-01
4.009619009908171883e-01,2.709614770298779951e-01
4.010881678032010011e-01,2.708063748310428620e-01
4.012144305297058455e-01,2.706512693060328933e-01
4.013406891726826187e-01,2.704961604569405820e-01
4.014669437340929181e-01,2.703410482855414521e-01
4.015931942155078205e-01,2.701859327932926713e-01
4.017194406181059940e-01,2.700308139813318853e-01
4.018456829426716448e-01,2.698756918504757740e-01
4.019719211895931843e-01,2.697205664012185533e-01
4.020981553588612867e-01,2.695654376337306424e-01
4.022243854500663907e-01,2.694103055478572761e-01
4.023506114623974228e-01,2.692551701431165068e-01
4.024768333946392440e-01,2.691000314186978715e-01
4.026030512451705956e-01,2.689448893734608381e-01
4.027292650119617679e-01,2.687897440059326959e-01
4.028554746925724905e-01,2.686345953143068899e-01
4.029816802841493795e-01,2.684794432964412447e-01
4.031078817834234385e-01,2.683242879498559663e-01
4.032340791867076168e-01,2.681691292717314212e-01
4.033602724898941450e-01,2.680139672589064714e-01
4.034864616884515920e-01,2.678588019078760318e-01
4.036126467774225346e-01,2.677036332147888498e-01
4.037388277514201151e-01,2.675484611754455067e-01
4.038650046046254327e-01,2.673932857852956424e-01
4.039911773307841569e-01,2.672381070394359570e-01
4.041173459232036969e-01,2.670829249326073240e-01
4.042435103747496483e-01,2.669277394591925701e-01
4.043696706778425742e-01,2.667725506132133662e-01
4.044958268244545074e-01,2.666173583883281184e-01
4.046219788061053424e-01,2.664621627778284152e-01
4.047481266138590605e-01,2.663069637746368068e-01
4.048742702383203440e-01,2.661517613713033636e-01
4.050004096696303013e-01,2.659965555600027343e-01
4.051265448974625816e-01,2.658413463325310921e-01
4.052526759110192667e-01,2.656861336803026941e-01
4.053788026990268190e-01,2.655309175943467714e-01
4.055049252497314183e-01,2.653756980653039221e-01
4.056310435508950762e-01,2.652204750834228353e-01
4.057571575897903626e-01,2.650652486385561835e-01
4.058832673531964086e-01,2.649100187201574585e-01
4.060093728273934666e-01,2.647547853172769194e-01
4.061354739981584694e-01,2.645995484185575952e-01
4.062615708507598677e-01,2.644443080122316214e-01
4.063876633699521901e-01,2.642890640861155771e-01
4.065137515399710466e-01,2.641338166276068211e-01
4.066398353445276337e-01,2.639785656236789402e-01
4.067659147668027941e-01,2.638233110608773080e-01
4.068919897894419102e-01,2.636680529253143668e-01
4.070180603945485753e-01,2.635127912026654640e-01
4.071441265636787099e-01,2.633575258781636341e-01
4.072701882778344551e-01,2.632022569365950471e-01
4.073962455174579556e-01,2.630469843622936787e-01
4.075222982624246981e-01,2.628917081391365373e-01
4.076483464920371280e-01,2.627364282505382787e-01
4.077743901850178210e-01,2.625811446794459325e-01
4.079004293195027664e-01,2.624258574083332407e-01
4.080264638730338733e-01,2.622705664191952168e-01
4.081524938225523091e-01,2.621152716935425397e-01
4.082785191443906170e-01,2.619599732123953917e-01
4.084045398142656658e-01,2.618046709562776853e-01
4.085305558072702681e-01,2.616493649052109571e-01
4.086565670978661302e-01,2.614940550387080953e-01
4.087825736598750259e-01,2.613387413357667333e-01
4.089085754664711914e-01,2.611834237748629217e-01
4.090345724901723878e-01,2.610281023339448003e-01
4.091605647028316861e-01,2.608727769904248817e-01
4.092865520756285291e-01,2.607174477211741115e-01
4.094125345790596837e-01,2.605621145025139862e-01
4.095385121829303587e-01,2.604067773102096695e-01
4.096644848563447683e-01,2.602514361194625536e-01
4.097904525676961951e-01,2.600960909049028214e-01
4.099164152846577203e-01,2.599407416405812854e-01
4.100423729741725087e-01,2.597853882999620057e-01
4.101683256024427626e-01,2.596300308559140735e-01
4.102942731349203398e-01,2.594746692807032851e-01
4.104202155362955962e-01,2.593193035459839813e-01
4.105461527704867275e-01,2.591639336227905543e-01
4.106720848006290003e-01,2.590085594815284553e-01
4.107980115890634831e-01,2.588531810919656451e-01
4.109239330973253335e-01,2.586977984232234906e-01
4.110498492861324737e-01,2.585424114437674392e-01
4.111757601153736008e-01,2.583870201213976925e-01
4.113016655440960845e-01,2.582316244232396585e-01
4.114275655304936441e-01,2.580762243157340707e-01
4.115534600318936920e-01,2.579208197646274403e-01
4.116793490047447324e-01,2.577654107349612866e-01
4.118052324046029833e-01,2.576099971910625341e-01
4.119311101861192204e-01,2.574545790965324654e-01
4.120569823030254542e-01,2.572991564142361742e-01
4.121828487081206638e-01,2.571437291062919073e-01
4.123087093532570857e-01,2.569882971340597400e-01
4.124345641893257808e-01,2.568328604581301411e-01
4.125604131662420349e-01,2.566774190383129262e-01
4.126862562329304263e-01,2.565219728336250449e-01
4.128120933373100598e-01,2.563665218022790349e-01
4.129379244262785242e-01,2.562110659016708092e-01
4.130637494456967374e-01,2.560556050883672219e-01
4.131895683403730701e-01,2.559001393180936335e-01
4.133153810540467488e-01,2.557446685457210322e-01
4.134411875293714234e-01,2.555891927252532669e-01
4.135669877078985701e-01,2.554337118098134463e-01
4.136927815300601718e-01,2.552782257516310604e-01
4.138185689351514540e-01,2.551227345020277704e-01
4.139443498613132322e-01,2.549672380114038628e-01
4.140701242455138154e-01,2.548117362292239840e-01
4.141958920235305763e-01,2.546562291040029846e-01
4.143216531299316885e-01,2.545007165832910978e-01
4.144474074980570855e-01,2.543451986136591736e-01
4.145731550599989212e-01,2.541896751406838018e-01
4.146988957465826409e-01,2.540341461089318242e-01
4.148246294873463857e-01,2.538786114619446810e-01
4.149503562105213983e-01,2.537230711422230334e-01
4.150760758430112052e-01,2.535675250912103884e-01
4.152017883103708007e-01,2.534119732492768895e-01
4.153274935367856635e-01,2.532564155557026631e-01
4.154531914450498298e-01,2.531008519486615538e-01
4.155788819565444103e-01,2.529452823652032500e-01
4.157045649912153307e-01,2.527897067412367416e-01
4.158302404675505715e-01,2.526341250115122783e-01
4.159559083025576864e-01,2.524785371096039954e-01
4.160815684117400437e-01,2.523229429678911506e-01
4.162072207090736775e-01,2.521673425175406935e-01
4.163328651069831965e-01,2.520117356884877813e-01
4.164585015163174697e-01,2.518561224094176820e-01
4.165841298463248132e-01,2.517005026077460683e-01
4.167097500046282321e-01,2.515448762095999768e-01
4.168353618972000518e-01,2.513892431397979355e-01
4.169609654283358835e-01,2.512336033218302012e-01
4.170865605006287558e-01,2.510779566778384986e-01
4.172121470149424693e-01,2.509223031285955363e-01
4.173377248703848963e-01,2.507666425934841348e-01
4.174632939642806684e-01,2.506109749904764650e-01
4.175888541921435326e-01,2.504553002361127878e-01
4.177144054476484847e-01,2.502996182454796381e-01
4.178399476226033471e-01,2.501439289321880644e-01
4.179654806069198481e-01,2.499882322083518404e-01
4.180910042885848110e-01,2.498325279845648172e-01
4.182165185536307339e-01,2.496768161698782740e-01
4.183420232861053689e-01,2.495210966717781864e-01
4.184675183680419686e-01,2.493653693961619677e-01
4.185930036794284215e-01,2.492096342473149873e-01
4.187184790981764437e-01,2.490538911278870060e-01
4.188439445000898265e-01,2.488981399388680293e-01
4.189693997588330165e-01,2.487423805795641596e-01
4.190948447458985315e-01,2.485866129475731157e-01
4.192202793305748187e-01,2.484308369387594750e-01
4.193457033799132261e-01,2.482750524472294995e-01
4.194711167586944178e-01,2.481192593653061551e-01
4.195965193293948459e-01,2.479634575835031884e-01
4.197219109521529434e-01,2.478076469904997581e-01
4.198472914847341531e-01,2.476518274731139835e-01
4.199726607824965652e-01,2.474959989162770213e-01
4.200980186983555020e-01,2.473401612030062535e-01
4.202233650827479350e-01,2.471843142143786698e-01
4.203486997835965688e-01,2.470284578295038336e-01
4.204740226462736485e-01,2.468725919254966539e-01
4.205993335135640998e-01,2.467167163774497962e-01
4.207246322256287252e-01,2.465608310584061491e-01
4.208499186199665676e-01,2.464049358393308464e-01
4.209751925313774956e-01,2.462490305890829290e-01
4.211004537919236235e-01,2.460931151743873946e-01
4.212257022308914522e-01,2.459371894598063601e-01
4.213509376747526236e-01,2.457812533077103900e-01
4.214761599471250619e-01,2.456253065782494360e-01
4.216013688687336169e-01,2.454693491293238883e-01
4.217265642573698736e-01,2.453133808165552376e-01
4.218517459278525727e-01,2.451574014932564327e-01
4.219769136919868657e-01,2.450014110104023479e-01
4.221020673585237915e-01,2.448454092165999185e-01
4.222272067331190870e-01,2.446893959580581090e-01
4.223523316182919984e-01,2.445333710785579928e-01
4.224774418133837584e-01,2.443773344194222763e-01
4.226025371145156750e-01,2.442212858194850456e-01
4.227276173145466664e-01,2.440652251150611796e-01
4.228526822030314047e-01,2.439091521399158746e-01
4.229777315661772952e-01,2.437530667252336691e-01
4.231027651868015660e-01,2.435969686995880790e-01
4.232277828442883028e-01,2.434408578889101782e-01
4.233527843145449276e-01,2.432847341164581234e-01
4.234777693699587342e-01,2.431285972027857345e-01
4.236027377793529780e-01,2.429724469657118524e-01
4.237276893079429119e-01,2.428162832202888644e-01
4.238526237172917099e-01,2.426601057787717286e-01
4.239775407652658368e-01,2.425039144505869437e-01
4.241024402059909715e-01,2.423477090423012958e-01
4.242273217898070437e-01,2.421914893575907168e-01
4.243521852632234914e-01,2.420352551972091981e-01
4.244770303688744084e-01,2.418790063589579820e-01
4.246018568454734132e-01,2.417227426376540866e-01
4.247266644277686298e-01,2.415664638250998308e-01
4.248514528464974460e-01,2.414101697100516919e-01
4.249762218283412718e-01,2.412538600781896636e-01
4.251009710958800203e-01,2.410975347120866141e-01
4.252257003675470881e-01,2.409411933911778658e-01
4.253504093575836142e-01,2.407848358917306086e-01
4.254750977759934605e-01,2.406284619868138130e-01
4.255997653284974147e-01,2.404720714462682540e-01
4.257244117164881159e-01,2.403156640366767016e-01
4.258490366369847013e-01,2.401592395213340003e-01
4.259736397825875098e-01,2.400027976602181479e-01
4.260982208414328953e-01,2.398463382099608188e-01
4.262227794971482076e-01,2.396898609238184430e-01
4.263473154288068279e-01,2.395333655516438398e-01
4.264718283108832608e-01,2.393768518398577960e-01
4.265963178132085587e-01,2.392203195314210884e-01
4.267207836009258570e-01,2.390637683658068946e-01
4.268452253344459102e-01,2.389071980789733707e-01
4.269696426694030711e-01,2.387506084033370057e-01
4.270940352566116038e-01,2.385939990677458100e-01
4.272184027420216079e-01,2.384373697974536133e-01
4.273427447666763301e-01,2.382807203140940300e-01
4.274670609666685328e-01,2.381240503356555349e-01
4.275913509730981943e-01,2.379673595764567051e-01
4.277156144120296544e-01,2.378106477471220170e-01
4.278398509044502029e-01,2.376539145545581433e-01
4.279640600662278915e-01,2.374971597019309710e-01
4.280882415080705106e-01,2.373403828886426759e-01
4.282123948354847887e-01,2.371835838103101834e-01
4.283365196487359805e-01,2.370267621587436313e-01
4.284606155428078988e-01,2.368699176219254410e-01
4.285846821073636681e-01,2.367130498839906116e-01
4.287087189267067000e-01,2.365561586252068471e-01
4.288327255797422799e-01,2.363992435219563482e-01
4.289567016399400967e-01,2.362423042467174383e-01
4.290806466752964399e-01,2.360853404680475776e-01
4.292045602482983946e-01,2.359283518505665422e-01
4.293284419158871490e-01,2.357713380549410487e-01
4.294522912294232442e-01,2.356142987378697096e-01
4.295761077346514911e-01,2.354572335520689341e-01
4.296998909716673309e-01,2.353001421462596610e-01
4.298236404748836947e-01,2.351430241651553121e-01
4.299473557729980855e-01,2.349858792494498028e-01
4.300710363889616028e-01,2.348287070358075490e-01
4.301946818399474126e-01,2.346715071568534761e-01
4.303182916373210487e-01,2.345142792411644694e-01
4.304418652866110473e-01,2.343570229132617144e-01
4.305654022874807474e-01,2.341997377936040903e-01
4.306889021337004797e-01,2.340424234985822305e-01
4.308123643131214209e-01,2.338850796405143595e-01
4.309357883076495033e-01,2.337277058276420738e-01
4.310591735932210455e-01,2.335703016641285656e-01
4.311825196397790494e-01,2.334128667500566245e-01
4.313058259112503845e-01,2.332554006814286374e-01
4.314290918655238061e-01,2.330979030501674765e-01
4.315523169544298043e-01,2.329403734441181650e-01
4.316755006237205650e-01,2.327828114470513743e-01
4.317986423130518170e-01,2.326252166386676423e-01
4.319217414559650137e-01,2.324675885946027587e-01
4.320447974798710122e-01,2.323099268864348144e-01
4.321678098060353634e-01,2.321522310816918622e-01
4.322907778495636011e-01,2.319945007438612983e-01
4.324137010193888075e-01,2.318367354324003538e-01
4.325365787182596233e-01,2.316789347027478629e-01
4.326594103427301441e-01,2.315210981063369755e-01
4.327821952831500951e-01,2.313632251906100334e-01
4.329049329236572263e-01,2.312053154990336701e-01
4.330276226421703178e-01,2.310473685711161851e-01
4.331502638103836289e-01,2.308893839424254746e-01
4.332728557937627345e-01,2.307313611446087931e-01
4.333953979515412502e-01,2.305732997054137923e-01
4.335178896367195556e-01,2.304151991487105589e-01
4.336403301960639056e-01,2.302570589945157065e-01
4.337627189701078745e-01,2.300988787590168561e-01
4.338850552931542981e-01,2.299406579545995033e-01
4.340073384932788825e-01,2.297823960898746076e-01
4.341295678923352552e-01,2.296240926697074580e-01
4.342517428059610163e-01,2.294657471952488148e-01
4.343738625435858980e-01,2.293073591639661624e-01
4.344959264084400363e-01,2.291489280696774600e-01
4.346179336975650176e-01,2.289904534025854477e-01
4.347398837018251472e-01,2.288319346493140061e-01
4.348617757059208833e-01,2.286733712929452378e-01
4.349836089884030477e-01,2.285147628130585473e-01
4.351053828216888686e-01,2.283561086857706091e-01
4.352270964720791335e-01,2.281974083837768341e-01
4.353487491997768966e-01,2.280386613763944470e-01
4.354703402589074623e-01,2.278798671296065614e-01
4.355918688975394804e-01,2.277210251061075330e-01
4.357133343577078710e-01,2.275621347653503657e-01
4.358347358754379730e-01,2.274031955635943403e-01
4.359560726807706899e-01,2.272442069539548082e-01
4.360773439977895793e-01,2.270851683864540393e-01
4.361985490446485536e-01,2.269260793080732364e-01
4.363196870336017996e-01,2.267669391628056030e-01
4.364407571710338662e-01,2.266077473917114671e-01
4.365617586574925268e-01,2.264485034329736246e-01
4.366826906877213643e-01,2.262892067219547387e-01
4.368035524506947431e-01,2.261298566912553487e-01
4.369243431296537250e-01,2.259704527707733779e-01
4.370450619021430949e-01,2.258109943877645298e-01
4.371657079400495527e-01,2.256514809669044608e-01
4.372862804096417366e-01,2.254919119303510078e-01
4.374067784716104135e-01,2.253322866978084704e-01
4.375272012811110001e-01,2.251726046865924480e-01
4.376475479878060848e-01,2.250128653116957311e-01
4.377678177359100586e-01,2.248530679858556369e-01
4.378880096642343567e-01,2.246932121196215659e-01
4.380081229062336989e-01,2.245332971214242801e-01
4.381281565900537189e-01,2.243733223976455138e-01
4.382481098385795359e-01,2.242132873526890280e-01
4.383679817694850489e-01,2.240531913890519422e-01
4.384877714952835626e-01,2.238930339073971765e-01
4.386074781233792463e-01,2.237328143066270592e-01
4.387271007561194813e-01,2.235725319839569347e-01
4.388466384908480400e-01,2.234121863349899928e-01
4.389660904199592650e-01,2.232517767537929299e-01
4.390854556309529144e-01,2.230913026329716664e-01
4.392047332064901721e-01,2.229307633637483965e-01
4.393239222244495479e-01,2.227701583360387483e-01
4.394430217579847753e-01,2.226094869385294439e-01
4.395620308755820438e-01,2.224487485587570701e-01
4.396809486411192291e-01,2.222879425831866818e-01
4.397997741139244576e-01,2.221270683972908500e-01
4.399185063488360581e-01,2.219661253856297090e-01
4.400371443962629026e-01,2.218051129319306702e-01
4.401556873022451355e-01,2.216440304191689692e-01
4.402741341085151805e-01,2.214828772296481008e-01
4.403924838525598573e-01,2.213216527450806437e-01
4.405107355676817216e-01,2.211603563466693623e-01
4.406288882830620701e-01,2.209989874151882527e-01
4.407469410238233354e-01,2.208375453310640335e-01
4.408648928110916465e-01,2.206760294744572470e-01
4.409827426620604451e-01,2.205144392253435837e-01
4.411004895900534906e-01,2.203527739635955385e-01
4.412181326045879759e-01,2.201910330690634576e-01
4.413356707114386990e-01,2.200292159216565846e-01
4.414531029127006789e-01,2.198673219014244395e-01
4.415704282068532716e-01,2.197053503886372550e-01
4.416876455888231190e-01,2.195433007638671330e-01
4.418047540500478210e-01,2.193811724080676484e-01
4.419217525785386069e-01,2.192189647026546173e-01
4.420386401589439518e-01,2.190566770295852006e-01
4.421554157726113599e-01,2.188943087714375624e-01
4.422720783976504810e-01,2.187318593114895848e-01
4.423886270089951722e-01,2.185693280337969724e-01
4.425050605784645041e-01,2.184067143232716890e-01
4.426213780748247117e-01,2.182440175657586190e-01
4.427375784638496459e-01,2.180812371481127832e-01
4.428536607083808918e-01,2.179183724582750004e-01
4.429696237683877769e-01,2.177554228853476048e-01
4.430854666010263232e-01,2.175923878196688310e-01
4.432011881606972015e-01,2.174292666528869211e-01
4.433167873991042396e-01,2.172660587780333996e-01
4.434322632653104335e-01,2.171027635895951269e-01
4.435476147057947904e-01,2.169393804835859640e-01
4.436628406645073408e-01,2.167759088576172721e-01
4.437779400829234833e-01,2.166123481109677451e-01
4.438929119000973866e-01,2.164486976446518551e-01
4.440077550527148920e-01,2.162849568614879092e-01
4.441224684751444163e-01,2.161211251661643296e-01
4.442370510994877453e-01,2.159572019653059893e-01
4.443515018556291052e-01,2.157931866675379950e-01
4.444658196712832909e-01,2.156290786835498019e-01
4.445800034720429617e-01,2.154648774261572197e-01
4.446940521814239378e-01,2.153005823103638083e-01
4.448079647209098320e-01,2.151361927534206631e-01
4.449217400099950703e-01,2.149717081748854786e-01
4.450353769662269698e-01,2.148071279966798364e-01
4.451488745052454843e-01,2.146424516431457707e-01
4.452622315408230613e-01,2.144776785411006137e-01
4.453754469849012243e-01,2.143128081198908408e-01
4.454885197476270431e-01,2.141478398114443626e-01
4.456014487373875510e-01,2.139827730503217063e-01
4.457142328608424964e-01,2.138176072737658084e-01
4.458268710229554843e-01,2.136523419217502551e-01
4.459393621270237307e-01,2.134869764370262990e-01
4.460517050747059842e-01,2.133215102651685458e-01
4.461638987660487277e-01,2.131559428546188628e-01
4.462759420995103810e-01,2.129902736567295118e-01
4.463878339719843935e-01,2.128245021258041714e-01
4.464995732788198946e-01,2.126586277191380714e-01
4.466111589138406779e-01,2.124926498970562405e-01
4.467225897693624659e-01,2.123265681229504764e-01
4.468338647362083971e-01,2.121603818633152061e-01
4.469449827037220158e-01,2.119940905877811255e-01
4.470559425597790959e-01,2.118276937691480621e-01
4.471667431907967449e-01,2.116611908834160616e-01
4.472773834817412308e-01,2.114945814098151411e-01
4.473878623161333112e-01,2.113278648308332119e-01
4.474981785760513975e-01,2.111610406322431688e-01
4.476083311421334421e-01,2.109941083031278142e-01
4.477183188935759395e-01,2.108270673359040615e-01
4.478281407081309284e-01,2.106599172263448061e-01
4.479377954621014957e-01,2.104926574736001865e-01
4.480472820303346149e-01,2.103252875802169575e-01
4.481565992862117098e-01,2.101578070521564756e-01
4.482657461016373857e-01,2.099902153988113529e-01
4.483747213470262172e-01,2.098225121330204446e-01
4.484835238912864286e-01,2.096546967710829490e-01
4.485921526018026850e-01,2.094867688327705091e-01
4.487006063444151094e-01,2.093187278413384256e-01
4.488088839833975774e-01,2.091505733235350384e-01
4.489169843814327931e-01,2.089823048096103864e-01
4.490249063995853107e-01,2.088139218333229241e-01
4.491326488972725017e-01,2.086454239319451842e-01
4.492402107322334137e-01,2.084768106462682180e-01
4.493475907604945196e-01,2.083080815206045378e-01
4.494547878363343574e-01,2.081392361027902260e-01
4.495618008122447828e-01,2.079702739441851023e-01
4.496686285388908910e-01,2.078011945996724452e-01
4.497752698650676617e-01,2.076319976276569945e-01
4.498817236376554951e-01,2.074626825900620641e-01
4.499879887015721946e-01,2.072932490523252680e-01
4.500940638997235621e-01,2.071236965833933574e-01
4.501999480729513836e-01,2.069540247557159485e-01
4.503056400599789733e-01,2.067842331452379168e-01
4.504111386973547182e-01,2.066143213313912930e-01
4.505164428193929038e-01,2.064442888970852708e-01
4.506215512581128735e-01,2.062741354286963258e-01
4.507264628431754128e-01,2.061038605160564474e-01
4.508311764018166912e-01,2.059334637524410927e-01
4.509356907587805385e-01,2.057629447345556417e-01
4.510400047362480014e-01,2.055923030625216863e-01
4.511441171537647343e-01,2.054215383398619310e-01
4.512480268281660045e-01,2.052506501734845390e-01
4.513517325734998087e-01,2.050796381736668117e-01
4.514552332009472146e-01,2.049085019540377028e-01
4.515585275187408154e-01,2.047372411315602769e-01
4.516616143320811294e-01,2.045658553265130020e-01
4.517644924430499476e-01,2.043943441624706536e-01
4.518671606505227367e-01,2.042227072662845533e-01
4.519696177500776013e-01,2.040509442680620289e-01
4.520718625339026908e-01,2.038790548011460979e-01
4.521738937907015532e-01,2.037070385020937624e-01
4.522757103055957684e-01,2.035348950106543042e-01
4.523773108600260273e-01,2.033626239697472471e-01
4.524786942316506022e-01,2.031902250254398745e-01
4.525798591942418181e-01,2.030176978269243038e-01
4.526808045175806927e-01,2.028450420264942267e-01
4.527815289673489674e-01,2.026722572795217059e-01
4.528820313050194724e-01,2.024993432444335273e-01
4.529823102877442720e-01,2.023262995826874411e-01
4.530823646682406447e-01,2.021531259587480700e-01
4.531821931946750648e-01,2.019798220400632061e-01
4.532817946105453522e-01,2.018063874970394411e-01
4.533811676545605462e-01,2.016328220030184082e-01
4.534803110605191145e-01,2.014591252342524119e-01
4.535792235571845521e-01,2.012852968698807254e-01
4.536779038681599818e-01,2.011113365919057205e-01
4.537763507117598127e-01,2.009372440851688868e-01
4.538745628008801769e-01,2.007630190373275725e-01
4.539725388428670905e-01,2.005886611388316698e-01
4.540702775393830049e-01,2.004141700829006334e-01
4.541677775862712485e-01,2.002395455655005541e-01
4.542650376734186923e-01,2.000647872853222875e-01
4.543620564846166943e-01,1.998898949437591943e-01
4.544588326974201009e-01,1.997148682448856571e-01
4.545553649830044174e-01,1.995397068954364306e-01
4.546516520060215893e-01,1.993644106047859355e-01
4.547476924244533980e-01,1.991889790849284969e-01
4.548434848894637450e-01,1.990134120504590265e-01
4.549390280452487723e-01,1.988377092185546480e-01
4.550343205288856496e-01,1.986618703089565452e-01
4.551293609701795861e-01,1.984858950439531977e-01
4.552241479915090649e-01,1.983097831483637830e-01
4.553186802076694129e-01,1.981335343495228551e-01
4.554129562257154262e-01,1.979571483772658014e-01
4.555069746448013324e-01,1.977806249639150193e-01
4.556007340560202512e-01,1.976039638442674273e-01
4.556942330422416032e-01,1.974271647555826958e-01
4.557874701779469628e-01,1.972502274375728115e-01
4.558804440290645799e-01,1.970731516323923627e-01
4.559731531528027904e-01,1.968959370846304902e-01
4.560655960974812628e-01,1.967185835413035599e-01
4.561577714023615782e-01,1.965410907518494454e-01
4.562496775974760888e-01,1.963634584681228090e-01
4.563413132034552788e-01,1.961856864443921045e-01
4.564326767313541255e-01,1.960077744373375230e-01
4.565237666824771834e-01,1.958297222060506049e-01
4.566145815482021142e-01,1.956515295120355158e-01
4.567051198098022735e-01,1.954731961192114342e-01
4.567953799382677982e-01,1.952947217939167701e-01
4.568853603941259722e-01,1.951161063049152156e-01
4.569750596272600940e-01,1.949373494234026838e-01
4.570644760767271775e-01,1.947584509230171346e-01
4.571536081705750432e-01,1.945794105798490659e-01
4.572424543256575213e-01,1.944002281724545034e-01
4.573310129474497665e-01,1.942209034818697111e-01
4.574192824298616844e-01,1.940414362916274560e-01
4.575072611550508039e-01,1.938618263877758263e-01
4.575949474932339833e-01,1.936820735588987152e-01
4.576823398024987277e-01,1.935021775961381363e-01
4.577694364286131745e-01,1.933221382932193144e-01
4.578562357048353015e-01,1.931419554464773314e-01
4.579427359517220797e-01,1.929616288548862690e-01
4.580289354769369048e-01,1.927811583200905177e-01
4.581148325750566408e-01,1.926005436464384157e-01
4.582004255273788296e-01,1.924197846410185542e-01
4.582857126017271243e-01,1.922388811136975795e-01
4.583706920522567785e-01,1.920578328771619381e-01
4.584553621192598016e-01,1.918766397469606200e-01
4.585397210289690606e-01,1.916953015415515105e-01
4.586237669933624361e-01,1.915138180823500735e-01
4.587074982099667575e-01,1.913321891937804220e-01
4.587909128616604049e-01,1.911504147033294965e-01
4.588740091164769663e-01,1.909684944416040753e-01
4.589567851274078958e-01,1.907864282423901159e-01
4.590392390322048932e-01,1.906042159427158156e-01
4.591213689531828401e-01,1.904218573829165595e-01
4.592031729970219023e-01,1.902393524067038655e-01
4.592846492545701875e-01,1.900567008612369380e-01
4.593657958006461817e-01,1.898739025971972194e-01
4.594466106938415173e-01,1.896909574688664391e-01
4.595270919763235207e-01,1.895078653342075481e-01
4.596072376736384246e-01,1.893246260549493742e-01
4.596870457945147481e-01,1.891412394966741073e-01
4.597665143306668423e-01,1.889577055289084484e-01
4.598456412565992135e-01,1.887740240252184787e-01
4.599244245294110689e-01,1.885901948633071923e-01
4.600028620886015829e-01,1.884062179251168589e-01
4.600809518558758859e-01,1.882220930969336070e-01
4.601586917349515526e-01,1.880378202694968914e-01
4.602360796113661445e-01,1.878533993381118483e-01
4.603131133522855301e-01,1.876688302027659794e-01
4.603897908063131483e-01,1.874841127682493336e-01
4.604661098033003275e-01,1.872992469442789076e-01
4.605420681541579908e-01,1.871142326456265992e-01
4.606176636506690847e-01,1.869290697922517119e-01
4.606928940653028381e-01,1.867437583094370135e-01
4.607677571510302994e-01,1.865582981279293451e-01
4.608422506411411490e-01,1.863726891840840061e-01
4.609163722490623449e-01,1.861869314200139125e-01
4.609901196681786550e-01,1.860010247837424191e-01
4.610634905716543552e-01,1.858149692293612487e-01
4.611364826122578697e-01,1.856287647171920296e-01
4.612090934221872440e-01,1.854424112139529957e-01
4.612813206128988375e-01,1.852559086929295162e-01
4.613531617749376812e-01,1.850692571341500670e-01
4.614246144777703895e-01,1.848824565245661411e-01
4.614956762696202364e-01,1.846955068582367687e-01
4.615663446773056733e-01,1.845084081365186424e-01
4.616366172060806239e-01,1.843211603682597399e-01
4.617064913394783865e-01,1.841337635699991093e-01
4.617759645391579792e-01,1.839462177661703168e-01
4.618450342447540380e-01,1.837585229893108907e-01
4.619136978737300447e-01,1.835706792802758169e-01
4.619819528212343318e-01,1.833826866884568640e-01
4.620497964599607488e-01,1.831945452720062928e-01
4.621172261400115500e-01,1.830062550980661729e-01
4.621842391887660551e-01,1.828178162430025289e-01
4.622508329107510860e-01,1.826292287926447599e-01
4.623170045875178991e-01,1.824404928425305550e-01
4.623827514775213920e-01,1.822516084981556372e-01
4.624480708160054188e-01,1.820625758752289491e-01
4.625129598148915444e-01,1.818733950999334992e-01
4.625774156626736300e-01,1.816840663091919827e-01
4.626414355243165244e-01,1.814945896509385093e-01
4.627050165411609184e-01,1.813049652843949366e-01
4.627681558308325838e-01,1.811151933803533121e-01
4.628308504871578299e-01,1.809252741214635307e-01
4.628930975800844005e-01,1.807352077025264347e-01
4.629548941556085317e-01,1.805449943307923522e-01
4.630162372357078948e-01,1.803546342262653535e-01
4.630771238182807559e-01,1.801641276220130039e-01
4.631375508770923521e-01,1.799734747644813337e-01
4.631975153617270413e-01,1.797826759138158037e-01
4.632570141975479450e-01,1.795917313441874330e-01
4.633160442856636418e-01,1.794006413441245895e-01
4.633746025029023552e-01,1.792094062168503310e-01
4.634326857017933010e-01,1.790180262806252975e-01
4.634902907105561964e-01,1.788265018690956554e-01
4.635474143330986507e-01,1.786348333316475356e-01
4.636040533490218274e-01,1.784430210337656364e-01
4.636602045136344330e-01,1.782510653573982085e-01
4.637158645579754213e-01,1.780589667013269262e-01
4.637710301888463560e-01,1.778667254815424204e-01
4.638256980888513792e-01,1.776743421316248073e-01
4.638798649164481702e-01,1.774818171031297687e-01
4.639335273060076203e-01,1.772891508659796278e-01
4.639866818678837768e-01,1.770963439088595326e-01
4.640393251884937786e-01,1.769033967396189677e-01
4.640914538304081738e-01,1.767103098856779297e-01
4.641430643324518934e-01,1.765170838944383758e-01
4.641941532098163847e-01,1.763237193337002795e-01
4.642447169541822904e-01,1.761302167920823503e-01
4.642947520338538969e-01,1.759365768794476925e-01
4.643442548939054615e-01,1.757428002273337952e-01
4.643932219563390307e-01,1.755488874893870732e-01
4.644416496202543598e-01,1.753548393418015716e-01
4.644895342620319889e-01,1.751606564837618896e-01
4.645368722355279756e-01,1.749663396378903779e-01
4.645836598722824506e-01,1.747718895506980008e-01
4.646298934817406634e-01,1.745773069930389165e-01
4.646755693514882934e-01,1.743825927605689441e-01
4.647206837474995300e-01,1.741877476742070829e-01
4.647652329144003058e-01,1.739927725806006409e-01
4.648092130757444096e-01,1.737976683525932486e-01
4.648526204343052526e-01,1.736024358896957054e-01
4.648954511723817906e-01,1.734070761185596554e-01
4.649377014521197116e-01,1.732115899934535408e-01
4.649793674158477219e-01,1.730159784967411629e-01
4.650204451864294874e-01,1.728202426393614100e-01
4.650609308676309506e-01,1.726243834613110373e-01
4.651008205445044674e-01,1.724284020321278366e-01
4.651401102837883217e-01,1.722322994513755257e-01
4.651787961343232247e-01,1.720360768491295822e-01
4.652168741274852470e-01,1.718397353864640209e-01
4.652543402776360137e-01,1.716432762559380598e-01
4.652911905825899974e-01,1.714467006820833972e-01
4.653274210240985753e-01,1.712500099218909333e-01
4.653630275683528494e-01,1.710532052652973256e-01
4.653980061665032864e-01,1.708562880356702673e-01
4.654323527551977868e-01,1.706592595902930998e-01
4.654660632571376855e-01,1.704621213208473152e-01
4.654991335816528464e-01,1.702648746538934499e-01
4.655315596252943555e-01,1.700675210513499236e-01
4.655633372724465313e-01,1.698700620109685477e-01
4.655944623959579753e-01,1.696724990668075916e-01
4.656249308577909973e-01,1.694748337897010182e-01
4.656547385096910796e-01,1.692770677877239449e-01
4.656838811938749934e-01,1.690792027066538306e-01
4.657123547437386213e-01,1.688812402304265547e-01
4.657401549845845978e-01,1.686831820815880567e-01
4.657672777343692117e-01,1.684850300217390906e-01
4.657937188044691257e-01,1.682867858519752069e-01
4.658194740004681367e-01,1.680884514133188512e-01
4.658445391229636967e-01,1.678900285871454123e-01
4.658689099683932522e-01,1.676915192956007772e-01
4.658925823298807889e-01,1.674929255020115026e-01
4.659155519981030835e-01,1.672942492112855506e-01
4.659378147621764388e-01,1.670954924703046407e-01
4.659593664105624033e-01,1.668966573683066112e-01
4.659802027319947526e-01,1.666977460372570663e-01
4.660003195164253986e-01,1.664987606522111419e-01
4.660197125559902287e-01,1.662997034316628930e-01
4.660383776459955385e-01,1.661005766378836901e-01
4.660563105859227284e-01,1.659013825772475692e-01
4.660735071804539831e-01,1.657021236005434828e-01
4.660899632405162696e-01,1.655028021032742824e-01
4.661056745843451532e-01,1.653034205259412137e-01
4.661206370385673758e-01,1.651039813543134227e-01
4.661348464393026969e-01,1.649044871196822526e-01
4.661482986332841083e-01,1.647049403990994976e-01
4.661609894789960351e-01,1.645053438155988923e-01
4.661729148478319096e-01,1.643057000384004485e-01
4.661840706252681210e-01,1.641060117830968612e-01
4.661944527120567283e-01,1.639062818118213194e-01
4.662040570254346039e-01,1.637065129333966640e-01
4.662128795003499526e-01,1.635067080034643960e-01
4.662209160907050398e-01,1.633068699245935340e-01
4.662281627706149068e-01,1.631070016463686545e-01
4.662346155356822397e-01,1.629071061654562835e-01
4.662402704042870050e-01,1.627071865256494165e-01
4.662451234188906279e-01,1.625072458178888346e-01
4.662491706473554376e-01,1.623072871802618278e-01
4.662524081842763235e-01,1.621073137979763268e-01
4.662548321523267703e-01,1.619073289033111096e-01
4.662564387036171043e-01,1.617073357755406393e-01
4.662572240210643426e-01,1.615073377408345889e-01
4.662571843197736987e-01,1.613073381721308319e-01
4.662563158484310244e-01,1.611073404889823979e-01
4.662546148907050769e-01,1.609073481573762843e-01
4.662520777666586125e-01,1.607073646895256780e-01
4.662487008341690831e-01,1.605073936436328674e-01
4.662444804903559947e-01,1.603074386236243432e-01
4.662394131730165370e-01,1.601075032788561447e-01
4.662334953620665412e-01,1.599075913037897867e-01
4.662267235809872123e-01,1.597077064376382083e-01
4.662190943982766900e-01,1.595078524639810813e-01
4.662106044289047180e-01,1.593080332103495311e-01
4.662012503357706450e-01,1.591082525477793275e-01
4.661910288311634232e-01,1.589085143903324338e-01
4.661799366782220511e-01,1.587088226945873592e-01
4.661679706923964051e-01,1.585091814590961490e-01
4.661551277429070717e-01,1.583095947238100654e-01
4.661414047542029593e-01,1.581100665694717411e-01
4.661267987074163566e-01,1.579106011169747470e-01
4.661113066418137163e-01,1.577112025266899087e-01
4.660949256562410548e-01,1.575118749977583166e-01
4.660776529105638555e-01,1.573126227673511401e-01
4.660594856270994790e-01,1.571134501098954694e-01
4.660404210920406909e-01,1.569143613362670719e-01
4.660204566568709184e-01,1.567153607929490655e-01
4.659995897397677944e-01,1.565164528611574513e-01
4.659778178269957660e-01,1.563176419559325070e-01
4.659551384742853242e-01,1.561189325251972071e-01
4.659315493081988557e-01,1.559203290487818361e-01
4.659070480274807302e-01,1.557218360374156285e-01
4.658816324043914547e-01,1.555234580316851578e-01
4.658553002860242320e-01,1.553251996009600289e-01
4.658280495956028666e-01,1.551270653422857082e-01
4.657998783337597981e-01,1.549290598792446016e-01
4.657707845797931512e-01,1.547311878607846025e-01
4.657407664929016922e-01,1.545334539600164980e-01
4.657098223133961379e-01,1.543358628729797899e-01
4.656779503638865392e-01,1.541384193173787609e-01
4.656451490504432411e-01,1.539411280312871222e-01
4.656114168637314754e-01,1.537439937718241278e-01
4.655767523801182528e-01,1.535470213138008799e-01
4.655411542627490573e-01,1.533502154483388780e-01
4.655046212625957303e-01,1.531535809814603133e-01
4.654671522194718802e-01,1.529571227326518290e-01
4.654287460630167073e-01,1.527608455334014126e-01
4.653894018136444100e-01,1.525647542257102529e-01
4.653491185834601751e-01,1.523688536605800059e-01
4.653078955771397518e-01,1.521731486964759128e-01
4.652657320927726103e-01,1.519776441977673809e-01
4.652226275226677421e-01,1.517823450331465818e-01
4.651785813541209347e-01,1.515872560740257891e-01
4.651335931701421900e-01,1.513923821929153979e-01
4.650876626501433408e-01,1.511977282617828489e-01
4.650407895705839789e-01,1.510032991503933997e-01
4.649929738055756379e-01,1.508090997246347986e-01
4.649442153274429557e-01,1.506151348448265259e-01
4.648945142072411496e-01,1.504214093640143246e-01
4.648438706152292488e-01,1.502279281262519084e-01
4.647922848212982516e-01,1.500346959648711231e-01
4.647397571953534867e-01,1.498417177007411727e-01
4.646862882076506218e-01,1.496489981405189074e-01
4.646318784290849324e-01,1.494565420748912854e-01
4.645765285314330528e-01,1.492643542768110621e-01
4.645202392875464881e-01,1.490724394997278712e-01
4.644630115714976637e-01,1.488808024758146442e-01
4.644048463586762376e-01,1.486894479141928072e-01
4.643457447258367288e-01,1.484983804991557022e-01
4.642857078510970181e-01,1.483076048883932851e-01
4.642247370138870011e-01,1.481171257112181006e-01
4.641628335948470574e-01,1.479269475667954192e-01
4.640999990756773941e-01,1.477370750223779838e-01
4.640362350389363733e-01,1.475475126115474156e-01
4.639715431677894908e-01,1.473582648324631705e-01
4.639059252457078952e-01,1.471693361461215988e-01
4.638393831561168912e-01,1.469807309746252177e-01
4.637719188819943716e-01,1.467924536994649753e-01
4.637035345054202340e-01,1.466045086598162794e-01
4.636342322070748367e-01,1.464169001508500711e-01
4.635640142656898277e-01,1.462296324220615507e-01
4.634928830574486791e-01,1.460427096756161669e-01
4.634208410553393720e-01,1.458561360647166461e-01
4.633478908284586195e-01,1.456699156919901705e-01
4.632740350412686836e-01,1.454840526078987617e-01
4.631992764528067297e-01,1.452985508091738098e-01
4.631236179158474409e-01,1.451134142372755842e-01
4.630470623760207238e-01,1.449286467768798881e-01
4.629696128708822300e-01,1.447442522543928023e-01
4.628912725289414665e-01,1.445602344364949055e-01
4.628120445686446094e-01,1.443765970287159695e-01
4.627319322973146298e-01,1.441933436740417962e-01
4.626509391100498414e-01,1.440104779515543609e-01
4.625690684885804815e-01,1.438280033751060394e-01
4.624863240000856024e-01,1.436459233920295286e-01
4.624027092959703822e-01,1.434642413818844608e-01
4.623182281106046343e-01,1.432829606552411539e-01
4.622328842600252896e-01,1.431020844525039970e-01
4.621466816406017974e-01,1.429216159427736943e-01
4.620596242276665544e-01,1.427415582227503088e-01
4.619717160741120265e-01,1.425619143156783841e-01
4.618829613089544539e-01,1.423826871703337549e-01
4.617933641358669683e-01,1.422038796600536559e-01
4.617029288316816804e-01,1.420254945818112957e-01
4.616116597448635117e-01,1.418475346553342842e-01
4.615195612939559378e-01,1.416700025222688564e-01
4.614266379660005857e-01,1.414929007453898380e-01
4.613328943149319072e-01,1.413162318078570179e-01
4.612383349599483706e-01,1.411399981125183722e-01
4.611429645838607816e-01,1.409642019812609171e-01
4.610467879314205097e-01,1.407888456544089117e-01
4.609498098076278416e-01,1.406139312901705796e-01
4.608520350760220152e-01,1.404394609641329561e-01
4.607534686569552118e-01,1.402654366688051435e-01
4.606541155258510045e-01,1.400918603132110807e-01
4.605539807114484852e-01,1.399187337225301087e-01
4.604530692940351222e-01,1.397460586377874958e-01
4.603513864036675174e-01,1.395738367155934800e-01
4.602489372183831695e-01,1.394020695279309385e-01
4.601457269624040225e-01,1.392307585619927957e-01
4.600417609043331857e-01,1.390599052200668928e-01
4.599370443553464916e-01,1.388895108194704298e-01
4.598315826673798901e-01,1.387195765925319235e-01
4.597253812313142896e-01,1.385501036866216285e-01
4.596184454751596205e-01,1.383810931642288633e-01
4.595107808622382883e-01,1.382125460030872999e-01
4.594023928893708475e-01,1.380444630963462149e-01
4.592932870850640059e-01,1.378768452527885380e-01
4.591834690077027381e-01,1.377096931970944738e-01
4.590729442437483931e-01,1.375430075701498112e-01
4.589617184059422983e-01,1.373767889293993627e-01
4.588497971315184110e-01,1.372110377492438138e-01
4.587371860804237977e-01,1.370457544214795376e-01
4.586238909335507707e-01,1.368809392557813198e-01
4.585099173909789605e-01,1.367165924802260513e-01
4.583952711702307115e-01,1.365527142418576090e-01
4.582799580045398002e-01,1.363893046072913173e-01
4.581639836411351974e-01,1.362263635633575998e-01
4.580473538395392619e-01,1.360638910177837668e-01
4.579300743698843101e-01,1.359018867999126634e-01
4.578121510112455050e-01,1.357403506614577871e-01
4.576935895499927298e-01,1.355792822772933781e-01
4.575743957781617799e-01,1.354186812462788159e-01
4.574545754918458162e-01,1.352585470921158217e-01
4.573341344896082461e-01,1.350988792642380254e-01
4.572130785709169198e-01,1.349396771387312843e-01
4.570914135346011986e-01,1.347809400192838125e-01
4.569691451773327251e-01,1.346226671381648421e-01
4.568462792921295090e-01,1.344648576572315402e-01
4.567228216668851593e-01,1.343075106689614606e-01
4.565987780829232623e-01,1.341506251975109199e-01
4.564741543135772961e-01,1.339942001997971865e-01
4.563489561227974112e-01,1.338382345666034867e-01
4.562231892637833019e-01,1.336827271237064352e-01
4.560968594776451113e-01,1.335276766330230069e-01
4.559699724920915909e-01,1.333730817937778257e-01
4.558425340201462950e-01,1.332189412436883269e-01
4.557145497588923067e-01,1.330652535601666298e-01
4.555860253882458855e-01,1.329120172615379514e-01
4.554569665697587033e-01,1.327592308082731209e-01
4.553273789454496678e-01,1.326068926042348051e-01
4.551972681366660556e-01,1.324550009979362786e-01
4.550666397429742327e-01,1.323035542838110756e-01
4.549354993410800185e-01,1.321525507034928548e-01
4.548038524837795804e-01,1.320019884471042015e-01
4.546717046989393052e-01,1.318518656545534795e-01
4.545390614885064795e-01,1.317021804168376775e-01
4.544059283275492800e-01,1.315529307773516954e-01
4.542723106633277386e-01,1.314041147332016268e-01
4.541382139143935737e-01,1.312557302365217615e-01
4.540036434697208301e-01,1.311077751957940851e-01
4.538686046878657177e-01,1.309602474771686675e-01
4.537331028961565926e-01,1.308131449057853279e-01
4.535971433899130822e-01,1.306664652670940230e-01
4.534607314316952409e-01,1.305202063081739583e-01
4.533238722505809060e-01,1.303743657390504240e-01
4.531865710414730297e-01,1.302289412340078001e-01
4.530488329644354883e-01,1.300839304328985646e-01
4.529106631440567021e-01,1.299393309424473064e-01
4.527720666688426765e-01,1.297951403375482982e-01
4.526330485906371326e-01,1.296513561625565747e-01
4.524936139240695598e-01,1.295079759325715729e-01
4.523537676460304136e-01,1.293649971347116123e-01
4.522135146951737350e-01,1.292224172293803264e-01
4.520728599714458618e-01,1.290802336515223248e-01
4.519318083356408944e-01,1.289384438118686416e-01
4.517903646089812542e-01,1.287970450981713033e-01
4.516485335727251083e-01,1.286560348764254624e-01
4.515063199677969985e-01,1.285154104920793738e-01
4.513637284944450045e-01,1.283751692712314929e-01
4.512207638119208886e-01,1.282353085218134736e-01
4.510774305381845539e-01,1.280958255347593999e-01
4.509337332496318185e-01,1.279567175851604177e-01
4.507896764808451140e-01,1.278179819334037681e-01
4.506452647243665011e-01,1.276796158262967773e-01
4.505005024304928885e-01,1.275416164981744149e-01
4.503553940070927908e-01,1.274039811719908100e-01
4.502099438194439585e-01,1.272667070603933914e-01
4.500641561900918242e-01,1.271297913667805979e-01
4.499180353987279890e-01,1.269932312863414348e-01
4.497715856820885261e-01,1.268570240070777122e-01
4.496248112338709912e-01,1.267211667108080198e-01
4.494777162046706964e-01,1.265856565741533268e-01
4.493303047019348573e-01,1.264504907695042091e-01
4.491825807899345602e-01,1.263156664659691453e-01
4.490345484897538819e-01,1.261811808303041071e-01
4.488862117792961626e-01,1.260470310278226092e-01
4.487375745933057103e-01,1.259132142232871066e-01
4.485886408234067146e-01,1.257797275817804650e-01
4.484394143181558157e-01,1.256465682695582786e-01
4.482898988831112153e-01,1.255137334548814820e-01
4.481400982809147782e-01,1.253812203088296995e-01
4.479900162313891210e-01,1.252490260060943328e-01
4.478396564116475798e-01,1.251171477257525533e-01
4.476890224562175558e-01,1.249855826520214208e-01
4.475381179571760182e-01,1.248543279749920742e-01
4.473869464642979965e-01,1.247233808913447151e-01
4.472355114852155644e-01,1.245927386050439400e-01
4.470838164855892582e-01,1.244623983280141455e-01
4.469318648892895429e-01,1.243323572807960575e-01
4.467796600785891026e-01,1.242026126931835561e-01
4.466272053943649012e-01,1.240731618048411256e-01
4.464745041363101796e-01,1.239440018659027642e-01
4.463215595631550014e-01,1.238151301375512991e-01
4.461683748928966797e-01,1.236865438925791039e-01
4.460149533030371982e-01,1.235582404159301650e-01
4.458612979308299584e-01,1.234302170052235526e-01
4.457074118735333546e-01,1.233024709712585154e-01
4.455532981886719535e-01,1.231749996385017587e-01
4.453989598943046135e-01,1.230478003455559577e-01
4.452443999692992649e-01,1.229208704456115631e-01
4.450896213536132962e-01,1.227942073068802320e-01
4.449346269485807692e-01,1.226678083130116059e-01
4.447794196172044079e-01,1.225416708634922691e-01
4.446240021844534707e-01,1.224157923740286646e-01
4.444683774375658425e-01,1.222901702769129129e-01
4.443125481263554000e-01,1.221648020213723096e-01
4.441565169635232624e-01,1.220396850739031147e-01
4.440002866249730951e-01,1.219148169185880204e-01
4.438438597501304650e-01,1.217901950573982983e-01
4.436872389422654162e-01,1.216658170104809034e-01
4.435304267688179869e-01,1.215416803164302562e-01
4.433734257617272245e-01,1.214177825325449822e-01
4.432162384177622538e-01,1.212941212350710507e-01
4.430588671988565097e-01,1.211706940194302584e-01
4.429013145324432466e-01,1.210474985004344473e-01
4.427435828117936567e-01,1.209245323124868432e-01
4.425856743963565432e-01,1.208017931097696285e-01
4.424275916120992691e-01,1.206792785664188017e-01
4.422693367518503726e-01,1.205569863766859373e-01
4.421109120756427924e-01,1.204349142550878438e-01
4.419523198110585360e-01,1.203130599365437869e-01
4.417935621535734603e-01,1.201914211765012230e-01
4.416346412669029386e-01,1.200699957510495963e-01
4.414755592833476960e-01,1.199487814570230348e-01
4.413163183041396986e-01,1.198277761120921658e-01
4.411569203997883215e-01,1.197069775548449400e-01
4.409973676104260165e-01,1.195863836448574635e-01
4.408376619461535917e-01,1.194659922627541726e-01
4.406778053873855461e-01,1.193458013102586257e-01
4.405177998851940169e-01,1.192258087102345265e-01
4.403576473616523934e-01,1.191060124067174208e-01
4.401973497101780430e-01,1.189864103649376781e-01
4.400369087958738712e-01,1.188670005713342026e-01
4.398763264558685493e-01,1.187477810335601514e-01
4.397156044996559654e-01,1.186287497804802138e-01
4.395547447094327875e-01,1.185099048621602313e-01
4.393937488404345837e-01,1.183912443498486011e-01
4.392326186212709427e-01,1.182727663359510739e-01
4.390713557542578194e-01,1.181544689339973364e-01
4.389099619157491583e-01,1.180363502786018204e-01
4.387484387564661303e-01,1.179184085254168513e-01
4.385867879018241489e-01,1.178006418510801900e-01
4.384250109522584982e-01,1.176830484531557475e-01
4.382631094835474084e-01,1.175656265500687470e-01
4.381010850471327434e-01,1.174483743810351144e-01
4.379389391704391343e-01,1.173312902059850393e-01
4.377766733571900049e-01,1.172143723054819286e-01
4.376142890877217639e-01,1.170976189806356982e-01
4.374517878192951681e-01,1.169810285530114013e-01
4.372891709864046850e-01,1.168645993645335279e-01
4.371264400010846374e-01,1.167483297773855844e-01
4.369635962532133489e-01,1.166322181739053443e-01
4.368006411108141807e-01,1.165162629564766017e-01
4.366375759203545148e-01,1.164004625474166499e-01
4.364744020070412400e-01,1.162848153888600411e-01
4.363111206751140170e-01,1.161693199426395151e-01
4.361477332081356018e-01,1.160539746901629310e-01
4.359842408692795046e-01,1.159387781322877564e-01
4.358206449016144290e-01,1.158237287891919487e-01
4.356569465283863241e-01,1.157088252002428375e-01
4.354931469532970501e-01,1.155940659238628432e-01
4.353292473607808799e-01,1.154794495373929752e-01
4.351652489162770032e-01,1.153649746369540541e-01
4.350011527665001987e-01,1.152506398373058794e-01
4.348369600397080093e-01,1.151364437717043998e-01
4.346726718459644201e-01,1.150223850917567736e-01
4.345082892774020933e-01,1.149084624672753741e-01
4.343438134084799396e-01,1.147946745861292972e-01
4.341792452962388582e-01,1.146810201540955365e-01
4.340145859805538686e-01,1.145674978947079370e-01
4.338498364843836885e-01,1.144541065491053167e-01
4.336849978140169815e-01,1.143408448758789220e-01
4.335200709593157731e-01,1.142277116509181623e-01
4.333550568939559255e-01,1.141147056672561222e-01
4.331899565756645032e-01,1.140018257349141861e-01
4.330247709464544736e-01,1.138890706807458297e-01
4.328595009328560228e-01,1.137764393482801895e-01
4.326941474461450943e-01,1.136639305975652436e-01
4.325287113825691532e-01,1.135515433050103273e-01
4.323631936235697304e-01,1.134392763632286472e-01
4.321975950360024687e-01,1.133271286808796297e-01
4.320319164723535610e-01,1.132150991825113251e-01
4.318661587709540228e-01,1.131031868084026448e-01
4.317003227561906908e-01,1.129913905144054875e-01
4.315344092387143893e-01,1.128797092717879202e-01
4.313684190156454323e-01,1.127681420670763601e-01
4.312023528707760733e-01,1.126566879018990330e-01
4.310362115747702894e-01,1.125453457928296541e-01
4.308699958853604572e-01,1.124341147712308864e-01
4.307037065475420867e-01,1.123229938830994090e-01
4.305373442937646122e-01,1.122119821889105418e-01
4.303709098441206859e-01,1.121010787634640349e-01
4.302044039065313630e-01,1.119902826957305808e-01
4.300378271769303984e-01,1.118795930886986034e-01
4.298711803394438258e-01,1.117690090592222130e-01
4.297044640665687032e-01,1.116585297378699937e-01
4.295376790193480843e-01,1.115481542687744576e-01
4.293708258475439354e-01,1.114378818094823309e-01
4.292039051898073332e-01,1.113277115308061171e-01
4.290369176738458856e-01,1.112176426166765486e-01
4.288698639165891002e-01,1.111076742639956483e-01
4.287027445243509205e-01,1.109978056824915127e-01
4.285355600929898756e-01,1.108880360945735943e-01
4.283683112080666766e-01,1.107783647351896494e-01
4.282009984449998696e-01,1.106687908516831298e-01
4.280336223692181585e-01,1.105593137036524620e-01
4.278661835363115062e-01,1.104499325628108819e-01
4.276986824921787389e-01,1.103406467128481561e-01
4.275311197731738733e-01,1.102314554492929699e-01
4.273634959062496685e-01,1.101223580793766477e-01
4.271958114090984582e-01,1.100133539218986489e-01
4.270280667902919269e-01,1.099044423070926202e-01
4.268602625494173908e-01,1.097956225764943339e-01
4.266923991772128000e-01,1.096868940828106820e-01
4.265244771556991887e-01,1.095782561897900020e-01
4.263564969583111264e-01,1.094697082720937353e-01
4.261884590500249481e-01,1.093612497151696950e-01
4.260203638874849874e-01,1.092528799151263330e-01
4.258522119191279209e-01,1.091445982786086177e-01
4.256840035853047266e-01,1.090364042226751318e-01
4.255157393184010317e-01,1.089282971746766693e-01
4.253474195429550742e-01,1.088202765721363319e-01
4.251790446757744424e-01,1.087123418626304017e-01
4.250106151260497622e-01,1.086044925036716013e-01
4.248421312954678841e-01,1.084967279625929648e-01
4.246735935783217952e-01,1.083890477164332622e-01
4.245050023616201429e-01,1.082814512518239791e-01
4.243363580251935385e-01,1.081739380648776838e-01
4.241676609417999178e-01,1.080665076610775599e-01
4.239989114772283463e-01,1.079591595551686600e-01
4.238301099904002167e-01,1.078518932710501588e-01
4.236612568334696127e-01,1.077447083416693263e-01
4.234923523519215083e-01,1.076376043089166124e-01
4.233233968846683570e-01,1.075305807235223954e-01
4.231543907641450719e-01,1.074236371449547311e-01
4.229853343164028945e-01,1.073167731413188775e-01
4.228162278612007108e-01,1.072099882892575962e-01
4.226470717120955900e-01,1.071032821738535645e-01
4.224778661765317689e-01,1.069966543885322863e-01
4.223086115559274711e-01,1.068901045349672230e-01
4.221393081457611718e-01,1.067836322229851476e-01
4.219699562356554745e-01,1.066772370704739403e-01
4.218005561094606559e-01,1.065709187032909400e-01
4.216311080453353788e-01,1.064646767551727935e-01
4.214616123158274608e-01,1.063585108676466939e-01
4.212920691879521451e-01,1.062524206899425616e-01
4.211224789232698162e-01,1.061464058789069465e-01
4.209528417779622167e-01,1.060404660989175962e-01
4.207831580029066099e-01,1.059346010218000234e-01
4.206134278437501095e-01,1.058288103267442382e-01
4.204436515409814556e-01,1.057230937002239801e-01
4.202738293300022354e-01,1.056174508359156716e-01
4.201039614411965495e-01,1.055118814346200917e-01
4.199340481000001235e-01,1.054063852041837168e-01
4.197640895269671990e-01,1.053009618594225039e-01
4.195940859378375354e-01,1.051956111220456735e-01
4.194240375436010249e-01,1.050903327205818805e-01
4.192539445505624185e-01,1.049851263903049392e-01
4.190838071604040538e-01,1.048799918731623260e-01
4.189136255702479161e-01,1.047749289177031251e-01
4.187433999727165901e-01,1.046699372790083626e-01
4.185731305559933224e-01,1.045650167186215063e-01
4.184028175038809749e-01,1.044601670044807973e-01
4.182324609958598671e-01,1.043553879108514160e-01
4.180620612071449527e-01,1.042506792182600339e-01
4.178916183087417746e-01,1.041460407134291999e-01
4.177211324675016435e-01,1.040414721892135019e-01
4.175506038461761493e-01,1.039369734445360627e-01
4.173800326034701191e-01,1.038325442843264224e-01
4.172094188940944637e-01,1.037281845194591434e-01
4.170387628688177473e-01,1.036238939666933034e-01
4.168680646745169804e-01,1.035196724486128761e-01
4.166973244542277466e-01,1.034155197935680559e-01
4.165265423471933293e-01,1.033114358356174156e-01
4.163557184889132845e-01,1.032074204144708962e-01
4.161848530111911248e-01,1.031034733754334076e-01
4.160139460421812818e-01,1.029995945693497617e-01
4.158429977064354022e-01,1.028957838525497159e-01
4.156720081249477561e-01,1.027920410867942946e-01
4.155009774152003676e-01,1.026883661392227198e-01
4.153299056912068132e-01,1.025847588822997869e-01
4.151587930635561863e-01,1.024812191937645167e-01
4.149876396394555633e-01,1.023777469565791409e-01
4.148164455227726366e-01,1.022743420588788088e-01
4.146452108140771808e-01,1.021710043939219048e-01
4.144739356106821315e-01,1.020677338600411432e-01
4.143026200066841636e-01,1.019645303605952735e-01
4.141312640930035482e-01,1.018613938039214517e-01
4.139598679574236217e-01,1.017583241032881114e-01
4.137884316846295318e-01,1.016553211768482790e-01
4.136169553562465406e-01,1.015523849475938878e-01
4.134454390508782717e-01,1.014495153433102592e-01
4.132738828441434031e-01,1.013467122965310274e-01
4.131022868087133593e-01,1.012439757444941746e-01
4.129306510143478937e-01,1.011413056290977885e-01
4.127589755279318373e-01,1.010387018968570971e-01
4.125872604135099042e-01,1.009361644988609474e-01
4.124155057323226070e-01,1.008336933907300059e-01
4.122437115428405630e-01,1.007312885325741814e-01
4.120718779007989108e-01,1.006289498889513800e-01
4.119000048592311725e-01,1.005266774288259279e-01
4.117280924685032817e-01,1.004244711255278810e-01
4.115561407763465018e-01,1.003223309567126131e-01
4.113841498278903996e-01,1.002202569043204039e-01
4.112121196656956523e-01,1.001182489545370258e-01
4.110400503297861885e-01,1.000163070977535540e-01
4.108679418576812181e-01,9.991443132852795284e-02
4.106957942844271514e-01,9.981262164554560723e-02
4.105236076426288516e-01,9.971087805158063144e-02
4.103513819624808878e-01,9.960920055345762192e-02
4.101791172717985656e-01,9.950758916201357662e-02
4.100068135960486804e-01,9.940604389205937030e-02
4.098344709583797707e-01,9.930456476234261753e-02
4.096620893796528717e-01,9.920315179550942553e-02
4.094896688784709360e-01,9.910180501806742370e-02
4.093172094712093645e-01,9.900052446034812714e-02
4.091447111720454277e-01,9.889931015646996615e-02
4.089721739929879085e-01,9.879816214430098276e-02
4.087995979439061900e-01,9.869708046542219337e-02
4.086269830325600094e-01,9.859606516509022978e-02
4.084543292646283241e-01,9.849511629220103481e-02
4.082816366437382882e-01,9.839423389925278096e-02
4.081089051714940075e-01,9.829341804230923296e-02
4.079361348475056825e-01,9.819266878096299944e-02
4.077633256694178643e-01,9.809198617829872902e-02
4.075904776329383195e-01,9.799137030085669497e-02
4.074175907318665080e-01,9.789082121859588037e-02
4.072446649581218381e-01,9.779033900485711861e-02
4.070717003017723101e-01,9.768992373632640058e-02
4.068986967510627717e-01,9.758957549299795975e-02
4.067256542924431173e-01,9.748929435813724620e-02
4.065525729105967656e-01,9.738908041824378969e-02
4.063794525884686371e-01,9.728893376301422924e-02
4.062062933072937976e-01,9.718885448530484306e-02
4.060330950466251587e-01,9.708884268109418958e-02
4.058598577843620658e-01,9.698889844944535987e-02
4.056865814967784978e-01,9.688902189246845209e-02
4.055132661585513776e-01,9.678921311528232430e-02
4.053399117427886056e-01,9.668947222597679136e-02
4.051665182210575922e-01,9.658979933557415576e-02
4.049930855634134574e-01,9.649019455799046074e-02
4.048196137384277304e-01,9.639065800999713218e-02
4.046461027132163268e-01,9.629118981118151011e-02
4.044725524534684702e-01,9.619179008390787988e-02
4.042989629234750026e-01,9.609245895327800380e-02
4.041253340861571397e-01,9.599319654709093097e-02
4.039516659030953361e-01,9.589400299580325138e-02
4.037779583345575407e-01,9.579487843248862822e-02
4.036042113395285069e-01,9.569582299279705273e-02
4.034304248757389910e-01,9.559683681491382146e-02
4.032565988996940076e-01,9.549792003951829145e-02
4.030827333667028611e-01,9.539907280974219139e-02
4.029088282309079005e-01,9.530029527112743315e-02
4.027348834453138293e-01,9.520158757158397878e-02
4.025608989618176259e-01,9.510294986134698592e-02
4.023868747312375760e-01,9.500438229293373116e-02
4.022128107033434707e-01,9.490588502110003377e-02
4.020387068268861386e-01,9.480745820279667946e-02
4.018645630496274768e-01,9.470910199712473387e-02
4.016903793183705385e-01,9.461081656529124473e-02
4.015161555789897863e-01,9.451260207056400020e-02
4.013418917764610683e-01,9.441445867822612081e-02
4.011675878548925933e-01,9.431638655553020723e-02
4.009932437575552955e-01,9.421838587165187739e-02
4.008188594269133098e-01,9.412045679764308170e-02
4.006444348046551696e-01,9.402259950638508501e-02
4.004699698317245593e-01,9.392481417254072706e-02
4.002954644483515123e-01,9.382710097250634984e-02
4.001209185940836632e-01,9.372946008436344734e-02
3.999463322078175564e-01,9.363189168782964922e-02
3.997717052278302319e-01,9.353439596420926039e-02
3.995970375918106443e-01,9.343697309634374504e-02
3.994223292368918043e-01,9.333962326856115599e-02
3.992475800996821977e-01,9.324234666662561954e-02
3.990727901162980373e-01,9.314514347768615421e-02
3.988979592223955706e-01,9.304801389022482327e-02
3.987230873532028319e-01,9.295095809400533149e-02
3.985481744435522833e-01,9.285397628001967885e-02
3.983732204279133438e-01,9.275706864043586908e-02
3.981982252404249745e-01,9.266023536854439691e-02
3.980231888149280417e-01,9.256347665870429120e-02
3.978481110849983460e-01,9.246679270628904712e-02
3.976729919839794292e-01,9.237018370763194763e-02
3.974978314450154926e-01,9.227364985997082991e-02
3.973226294010845372e-01,9.217719136139285174e-02
3.971473857850311706e-01,9.208080841077836975e-02
3.969721005296002470e-01,9.198450120774481764e-02
3.967967735674698404e-01,9.188826995258964070e-02
3.966214048312844964e-01,9.179211484623384099e-02
3.964459942536887604e-01,9.169603609016385715e-02
3.962705417673605401e-01,9.160003388637405486e-02
3.960950473050443010e-01,9.150410843730860666e-02
3.959195107995848728e-01,9.140825994580265013e-02
3.957439321839609780e-01,9.131248861502361258e-02
3.955683113913182058e-01,9.121679464841203622e-02
3.953926483550032067e-01,9.112117824962179258e-02
3.952169430085967217e-01,9.102563962246051910e-02
3.950411952859472775e-01,9.093017897082927847e-02
3.948654051212045490e-01,9.083479649866221806e-02
3.946895724488528323e-01,9.073949240986611819e-02
3.945136972037445178e-01,9.064426690825910793e-02
3.943377793211333415e-01,9.054912019750976926e-02
3.941618187367076920e-01,9.045405248107568630e-02
3.939858153866238055e-01,9.035906396214182790e-02
3.938097692075387402e-01,9.026415484355893026e-02
3.936336801366437932e-01,9.016932532778143550e-02
3.934575481116971418e-01,9.007457561680559666e-02
3.932813730710563727e-01,8.997990591210713873e-02
3.931051549537116774e-01,8.988531641457897514e-02
3.929288936993182157e-01,8.979080732446881319e-02
3.927525892482283121e-01,8.969637884131692607e-02
3.925762415415237072e-01,8.960203116389325873e-02
3.923998505210477550e-01,8.950776449013514435e-02
3.922234161294371191e-01,8.941357901708468781e-02
3.920469383101534699e-01,8.931947494082620453e-02
3.918704170075149595e-01,8.922545245642382605e-02
3.916938521667270301e-01,8.913151175785893887e-02
3.915172437339138889e-01,8.903765303796784547e-02
3.913405916561490394e-01,8.894387648837975835e-02
3.911638958814854794e-01,8.885018229945434998e-02
3.909871563589859544e-01,8.875657066021996888e-02
3.908103730387532115e-01,8.866304175831191126e-02
3.906335458719586984e-01,8.856959577991080357e-02
3.904566748108725394e-01,8.847623290968126275e-02
3.902797598088921793e-01,8.838295333071066739e-02
3.901028008205708053e-01,8.828975722444876162e-02
3.899257978016457127e-01,8.819664477064664831e-02
3.897487507090657277e-01,8.810361614729711466e-02
3.895716595010193517e-01,8.801067153057451353e-02
3.893945241369610177e-01,8.791781109477547762e-02
3.892173445776381246e-01,8.782503501225985554e-02
3.890401207851171828e-01,8.773234345339248064e-02
3.888628527228091825e-01,8.763973658648449572e-02
3.886855403554955180e-01,8.754721457773639859e-02
3.885081836493522456e-01,8.745477759118064354e-02
3.883307825719747863e-01,8.736242578862513097e-02
3.881533370924015180e-01,8.727015932959736322e-02
3.879758471811372567e-01,8.717797837128921090e-02
3.877983128101761823e-01,8.708588306850201244e-02
3.876207339530238771e-01,8.699387357359278372e-02
3.874431105847194190e-01,8.690195003642059435e-02
3.872654426818565865e-01,8.681011260429427612e-02
3.870877302226040095e-01,8.671836142192029806e-02
3.869099731867260972e-01,8.662669663135175169e-02
3.867321715556017447e-01,8.653511837193811340e-02
3.865543253122438183e-01,8.644362678027545099e-02
3.863764344413171958e-01,8.635222199015807343e-02
3.861984989291565307e-01,8.626090413253068023e-02
3.860205187637834601e-01,8.616967333544151009e-02
3.858424939349227589e-01,8.607852972399637759e-02
3.856644244340183825e-01,8.598747342031348717e-02
3.854863102542487319e-01,8.589650454347969033e-02
3.853081513905406430e-01,8.580562320950735344e-02
3.851299478395838194e-01,8.571482953129239135e-02
3.849516995998437663e-01,8.562412361857318910e-02
3.847734066715741696e-01,8.553350557789085595e-02
3.845950690568287200e-01,8.544297551255036760e-02
3.844166867594722703e-01,8.535253352258281856e-02
3.842382597851913828e-01,8.526217970470917340e-02
3.840597881415036552e-01,8.517191415230435103e-02
3.838812718377671018e-01,8.508173695536352943e-02
3.837027108851880919e-01,8.499164820046894997e-02
3.835241052968291209e-01,8.490164797075794301e-02
3.833454550876155276e-01,8.481173634589256327e-02
3.831667602743416001e-01,8.472191340203022447e-02
3.829880208756760718e-01,8.463217921179555514e-02
3.828092369121666172e-01,8.454253384425386431e-02
3.826304084062435162e-01,8.445297736488543983e-02
3.824515353822233177e-01,8.436350983556151206e-02
3.822726178663110597e-01,8.427413131452132777e-02
3.820936558866017685e-01,8.418484185635083383e-02
3.819146494730816244e-01,8.409564151196258219e-02
3.817355986576279059e-01,8.400653032857668956e-02
3.815565034740090455e-01,8.391750834970373996e-02
3.813773639578823538e-01,8.382857561512874200e-02
3.811981801467929643e-01,8.373973216089652949e-02
3.810189520801707808e-01,8.365097801929849419e-02
3.808396797993266469e-01,8.356231321886087304e-02
3.806603633474486825e-01,8.347373778433453406e-02
3.804810027695968988e-01,8.338525173668592805e-02
3.803015981126978140e-01,8.329685509308953906e-02
3.801221494255381250e-01,8.320854786692205574e-02
3.799426567587572134e-01,8.312033006775743083e-02
3.797631201648399846e-01,8.303220170136421663e-02
3.795835396981078191e-01,8.294416276970323354e-02
3.794039154147095805e-01,8.285621327092790311e-02
3.792242473726117336e-01,8.276835319938480318e-02
3.790445356315880199e-01,8.268058254561694298e-02
3.788647802532076336e-01,8.259290129636720490e-02
3.786849813008238419e-01,8.250530943458417310e-02
3.785051388395612171e-01,8.241780693942912794e-02
3.783252529363023142e-01,8.233039378628403959e-02
3.781453236596741263e-01,8.224306994676167104e-02
3.779653510800330407e-01,8.215583538871679137e-02
3.777853352694503508e-01,8.206869007625838819e-02
3.776052763016960467e-01,8.198163396976426709e-02
3.774251742522226616e-01,8.189466702589576208e-02
3.772450291981483961e-01,8.180778919761527712e-02
3.770648412182392439e-01,8.172100043420382764e-02
3.768846103928913394e-01,8.163430068128085804e-02
3.767043368041122497e-01,8.154768988082494729e-02
3.765240205355014358e-01,8.146116797119629105e-02
3.763436616722307670e-01,8.137473488715984971e-02
3.761632603010243159e-01,8.128839055991038398e-02
3.759828165101374298e-01,8.120213491709871168e-02
3.758023303893354705e-01,8.111596788285874160e-02
3.756218020298721649e-01,8.102988937783645040e-02
3.754412315244674003e-01,8.094389931921952552e-02
3.752606189672842429e-01,8.085799762076867347e-02
3.750799644539062339e-01,8.077218419284987183e-02
3.748992680813134637e-01,8.068645894246789796e-02
3.747185299478588139e-01,8.060082177330074593e-02
3.745377501532435316e-01,8.051527258573587531e-02
3.743569287984922500e-01,8.042981127690668197e-02
3.741760659859282301e-01,8.034443774073096733e-02
3.739951618191473814e-01,8.025915186794962963e-02
3.738142164029928383e-01,8.017395354616702052e-02
3.736332298435285915e-01,8.008884265989213436e-02
3.734522022480127879e-01,8.000381909058074115e-02
3.732711337248713068e-01,7.991888271667862975e-02
3.730900243836704488e-01,7.983403341366562822e-02
3.729088743350895685e-01,7.974927105410067885e-02
3.727276836908934854e-01,7.966459550766802344e-02
3.725464525639046176e-01,7.958000664122355516e-02
3.723651810679750040e-01,7.949550431884322421e-02
3.721838693179578272e-01,7.941108840187077744e-02
3.720025174296788251e-01,7.932675874896771839e-02
3.718211255199080911e-01,7.924251521616315630e-02
3.716396937063305428e-01,7.915835765690443226e-02
3.714582221075174995e-01,7.907428592210918872e-02
3.712767108428972618e-01,7.899029986021727234e-02
3.710951600327259126e-01,7.890639931724352518e-02
3.709135697980577295e-01,7.882258413683179699e-02
3.707319402607160974e-01,7.873885416030868001e-02
3.705502715432635874e-01,7.865520922673852056e-02
3.703685637689724808e-01,7.857164917297854156e-02
3.701868170617951259e-01,7.848817383373490886e-02
3.700050315463341288e-01,7.840478304161868639e-02
3.698232073478126547e-01,7.832147662720284620e-02
3.696413445920445628e-01,7.823825441907950040e-02
3.694594434054047083e-01,7.815511624391746626e-02
3.692775039147991878e-01,7.807206192652033083e-02
3.690955262476357523e-01,7.798909128988490425e-02
3.689135105317936647e-01,7.790620415525967291e-02
3.687314568955945004e-01,7.782340034220408542e-02
3.685493654677723940e-01,7.774067966864767198e-02
3.683672363774444514e-01,7.765804195094971885e-02
3.681850697540814954e-01,7.757548700395888730e-02
3.680028657274784787e-01,7.749301464107327675e-02
3.678206244277254511e-01,7.741062467430043226e-02
3.676383459851784719e-01,7.732831691431768517e-02
3.674560305304304109e-01,7.724609117053260476e-02
3.672736781942824158e-01,7.716394725114333886e-02
3.670912891077147133e-01,7.708188496319939853e-02
3.669088634018588535e-01,7.699990411266177670e-02
3.667264012079683999e-01,7.691800450446417692e-02
3.665439026573914516e-01,7.683618594257313195e-02
3.663613678815423880e-01,7.675444823004901052e-02
3.661787970118740576e-01,7.667279116910591386e-02
3.659961901798500783e-01,7.659121456117296001e-02
3.658135475169176365e-01,7.650971820695401382e-02
3.656308691544800649e-01,7.642830190648813860e-02
3.654481552238701969e-01,7.634696545920982569e-02
3.652654058563232775e-01,7.626570866400889104e-02
3.650826211829508727e-01,7.618453131929026068e-02
3.648998013347142244e-01,7.610343322303342317e-02
3.647169464423986041e-01,7.602241417285193759e-02
3.645340566365875556e-01,7.594147396605260836e-02
3.643511320476372495e-01,7.586061239969421610e-02
3.641681728056513911e-01,7.577982927064635943e-02
3.639851790404565191e-01,7.569912437564751961e-02
3.638021508815769689e-01,7.561849751136323627e-02
3.636190884582108929e-01,7.553794847444383898e-02
3.634359918992062788e-01,7.545747706158179025e-02
3.632528613330366918e-01,7.537708306956864002e-02
3.630696968877784592e-01,7.529676629535175802e-02
3.628864986910868007e-01,7.521652653609051109e-02
3.627032668701738460e-01,7.513636358921238489e-02
3.625200015517854313e-01,7.505627725246810655e-02
3.623367028621791164e-01,7.497626732398710026e-02
3.621533709271022028e-01,7.489633360233194370e-02
3.619700058717704172e-01,7.481647588655226944e-02
3.617866078208461511e-01,7.473669397623927679e-02
3.616031768984178663e-01,7.465698767157824545e-02
3.614197132279794999e-01,7.457735677340177061e-02
3.612362169324098149e-01,7.449780108324205452e-02
3.610526881339528593e-01,7.441832040338280940e-02
3.608691269541979274e-01,7.433891453691038320e-02
3.606855335140605190e-01,7.425958328776488537e-02
3.605019079337629107e-01,7.418032646079042447e-02
3.603182503328161146e-01,7.410114386178512369e-02
3.601345608300010603e-01,7.402203529755008171e-02
3.599508395433504981e-01,7.394300057593850006e-02
3.597670865901318460e-01,7.386403950590392231e-02
3.595833020868291485e-01,7.378515189754775161e-02
3.593994861491264237e-01,7.370633756216660171e-02
3.592156388918910093e-01,7.362759631229903734e-02
3.590317604291568543e-01,7.354892796177131542e-02
3.588478508741085315e-01,7.347033232574340378e-02
3.586639103390657501e-01,7.339180922075372315e-02
3.584799389354675347e-01,7.331335846476355611e-02
3.582959367738572931e-01,7.323497987720112290e-02
3.581119039638680501e-01,7.315667327900493566e-02
3.579278406142077928e-01,7.307843849266631997e-02
3.577437468326455372e-01,7.300027534227193637e-02
3.575596227259969506e-01,7.292218365354524723e-02
3.573754684001114734e-01,7.284416325388792801e-02
3.571912839598585521e-01,7.276621397242022393e-02
3.570070695091146495e-01,7.268833564002102898e-02
3.568228251507509219e-01,7.261052808936718783e-02
3.566385509866207837e-01,7.253279115497296425e-02
3.564542471175473626e-01,7.245512467322773320e-02
3.562699136433121749e-01,7.237752848243445003e-02
3.560855506626436906e-01,7.230000242284634338e-02
3.559011582732054535e-01,7.222254633670432966e-02
3.557167365715860896e-01,7.214516006827265127e-02
3.555322856532877607e-01,7.206784346387501428e-02
3.553478056127163387e-01,7.199059637192950500e-02
3.551632965431709144e-01,7.191341864298350650e-02
3.549787585368342491e-01,7.183631012974756036e-02
3.547941916847631161e-01,7.175927068712922852e-02
3.546095960768784749e-01,7.168230017226595585e-02
3.544249718019572004e-01,7.160539844455809932e-02
3.542403189476225900e-01,7.152856536570068036e-02
3.540556376003362038e-01,7.145180079971519271e-02
3.538709278453892049e-01,7.137510461298085529e-02
3.536861897668943100e-01,7.129847667426497670e-02
3.535014234477782957e-01,7.122191685475354195e-02
3.533166289697737827e-01,7.114542502808063329e-02
3.531318064134123524e-01,7.106900107035790670e-02
3.529469558580169419e-01,7.099264486020329112e-02
3.527620773816952382e-01,7.091635627876941017e-02
3.525771710613327947e-01,7.084013520977155975e-02
3.523922369725863146e-01,7.076398153951518610e-02
3.522072751898778220e-01,7.068789515692269765e-02
3.520222857863880561e-01,7.061187595356049895e-02
3.518372688340508647e-01,7.053592382366508096e-02
3.516522244035473754e-01,7.046003866416855610e-02
3.514671525643005556e-01,7.038422037472463755e-02
3.512820533844697168e-01,7.030846885773311961e-02
3.510969269309458518e-01,7.023278401836469120e-02
3.509117732693459724e-01,7.015716576458519427e-02
3.507265924640091681e-01,7.008161400717954903e-02
3.505413845779914439e-01,7.000612865977523525e-02
3.503561496730613900e-01,6.993070963886532931e-02
3.501708878096961852e-01,6.985535686383120835e-02
3.499855990470773781e-01,6.978007025696519872e-02
3.498002834430870012e-01,6.970484974349266949e-02
3.496149410543038516e-01,6.962969525159334871e-02
3.494295719359999941e-01,6.955460671242330584e-02
3.492441761421373747e-01,6.947958406013560184e-02
3.490587537253642125e-01,6.940462723190127248e-02
3.488733047370122797e-01,6.932973616792964533e-02
3.486878292270939039e-01,6.925491081148860140e-02
3.485023272442989151e-01,6.918015110892428154e-02
3.483167988359923140e-01,6.910545700968068195e-02
3.481312440482114967e-01,6.903082846631886094e-02
3.479456629256639788e-01,6.895626543453592383e-02
3.477600555117249526e-01,6.888176787318373018e-02
3.475744218484357884e-01,6.880733574428704591e-02
3.473887619765011481e-01,6.873296901306208406e-02
3.472030759352879858e-01,6.865866764793376875e-02
3.470173637628232166e-01,6.858443162055394282e-02
3.468316254957926059e-01,6.851026090581813222e-02
3.466458611695389935e-01,6.843615548188297648e-02
3.464600708180611832e-01,6.836211533018266007e-02
3.462742544740126105e-01,6.828814043544584322e-02
3.460884121687002324e-01,6.821423078571153820e-02
3.459025439320838613e-01,6.814038637234559603e-02
3.457166497927748328e-01,6.806660719005613869e-02
3.455307297780358944e-01,6.799289323690926867e-02
3.453447839137800957e-01,6.791924451434416810e-02
3.451588122245706769e-01,6.784566102718864178e-02
3.449728147336204032e-01,6.777214278367321709e-02
3.447867914627918418e-01,6.769868979544640952e-02
3.446007424325966961e-01,6.762530207758882250e-02
3.444146676621961389e-01,6.755197964862685867e-02
3.442285671694009785e-01,6.747872253054720826e-02
3.440424409706717146e-01,6.740553074881022733e-02
3.438562890811190376e-01,6.733240433236298284e-02
3.436701115145043839e-01,6.725934331365301944e-02
3.434839082832406021e-01,6.718634772864062743e-02
3.432976793983922859e-01,6.711341761681188789e-02
3.431114248696773283e-01,6.704055302119088511e-02
3.429251447054675328e-01,6.696775398835197457e-02
3.427388389127894452e-01,6.689502056843149580e-02
3.425525074973263528e-01,6.682235281513959624e-02
3.423661504634191166e-01,6.674975078577144449e-02
3.421797678140678922e-01,6.667721454121833258e-02
3.419933595509338509e-01,6.660474414597861159e-02
3.418069256743407891e-01,6.653233966816812783e-02
3.416204661832771272e-01,6.646000117953043684e-02
3.414339810753981852e-01,6.638772875544690644e-02
3.412474703470282922e-01,6.631552247494626462e-02
3.410609339931631734e-01,6.624338242071414751e-02
3.408743720074723926e-01,6.617130867910181458e-02
3.406877843823020724e-01,6.609930134013530800e-02
3.405011711086777804e-01,6.602736049752339076e-02
3.403145321763078601e-01,6.595548624866609533e-02
3.401278675735858736e-01,6.588367869466194016e-02
3.399411772875945981e-01,6.581193794031559019e-02
3.397544613041092454e-01,6.574026409414501781e-02
3.395677196076012372e-01,6.566865726838755357e-02
3.393809521812419239e-01,6.559711757900660301e-02
3.391941590069070811e-01,6.552564514569730880e-02
3.390073400651805735e-01,6.545424009189182435e-02
3.388204953353593507e-01,6.538290254476430974e-02
3.386336247954576661e-01,6.531163263523570572e-02
3.384467284222123507e-01,6.524043049797728644e-02
3.382598061910874199e-01,6.516929627141493375e-02
3.380728580762799029e-01,6.509823009773152425e-02
3.378858840507248384e-01,6.502723212287009336e-02
3.376988840861013808e-01,6.495630249653550070e-02
3.375118581528386841e-01,6.488544137219631747e-02
3.373248062201219533e-01,6.481464890708538151e-02
3.371377282558991606e-01,6.474392526220057453e-02
3.369506242268877627e-01,6.467327060230448899e-02
3.367634940985814174e-01,6.460268509592370645e-02
3.365763378352575330e-01,6.453216891534707678e-02
3.363891553999847073e-01,6.446172223662405276e-02
3.362019467546303320e-01,6.439134523956152600e-02
3.360147118598689753e-01,6.432103810772071828e-02
3.358274506751909305e-01,6.425080102841262963e-02
3.356401631589102097e-01,6.418063419269337544e-02
3.354528492681743135e-01,6.411053779535852426e-02
3.352655089589731130e-01,6.404051203493638100e-02
3.350781421861487308e-01,6.397055711368099251e-02
3.348907489034055329e-01,6.390067323756376538e-02
3.347033290633202873e-01,6.383086061626447316e-02
3.345158826173528777e-01,6.376111946316154189e-02
3.343284095158576275e-01,6.369144999532128093e-02
3.341409097080942914e-01,6.362185243348572605e-02
3.339533831422402121e-01,6.355232700206042695e-02
3.337658297654024775e-01,6.348287392910034743e-02
3.335782495236301881e-01,6.341349344629526597e-02
3.333906423619276138e-01,6.334418578895384400e-02
3.332030082242676272e-01,6.327495119598691709e-02
3.330153470536055815e-01,6.320578990988917623e-02
3.328276587918931329e-01,6.313670217672023854e-02
3.326399433800935057e-01,6.306768824608405266e-02
3.324522007581960925e-01,6.299874837110747139e-02
3.322644308652322742e-01,6.292988280841738113e-02
3.320766336392914631e-01,6.286109181811633251e-02
3.318888090175375893e-01,6.279237566375767132e-02
3.317009569362257548e-01,6.272373461231806058e-02
3.315130773307205514e-01,6.265516893416978039e-02
3.313251701355129919e-01,6.258667890305102954e-02
3.311372352842397726e-01,6.251826479603489473e-02
3.309492727097018694e-01,6.244992689349665449e-02
3.307612823438843552e-01,6.238166547907997295e-02
3.305732641179762732e-01,6.231348083966120610e-02
3.303852179623909535e-01,6.224537326531209835e-02
3.301971438067879405e-01,6.217734304926114675e-02
3.300090415800940313e-01,6.210939048785296679e-02
3.298209112105257024e-01,6.204151588050610400e-02
3.296327526256121465e-01,6.197371952966912456e-02
3.294445657522184767e-01,6.190600174077498519e-02
3.292563505165699289e-01,6.183836282219340452e-02
3.290681068442763424e-01,6.177080308518162477e-02
3.288798346603574729e-01,6.170332284383284183e-02
3.286915338892686944e-01,6.163592241502369173e-02
3.285032044549276997e-01,6.156860211835829544e-02
3.283148462807411461e-01,6.150136227611174844e-02
3.281264592896330212e-01,6.143420321317077937e-02
3.279380434040719550e-01,6.136712525697257670e-02
3.277495985461013062e-01,6.130012873744150603e-02
3.275611246373680285e-01,6.123321398692344042e-02
3.273726215991532573e-01,6.116638134011870287e-02
3.271840893524029514e-01,6.109963113401162271e-02
3.269955278177598679e-01,6.103296370779887070e-02
3.268069369155952586e-01,6.096637940281529611e-02
3.266183165660423438e-01,6.089987856245693276e-02
3.264296666890293408e-01,6.083346153210233975e-02
3.262409872043140480e-01,6.076712865903116656e-02
3.260522780315184832e-01,6.070088029234083082e-02
3.258635390901646334e-01,6.063471678285997646e-02
3.256747702997104810e-01,6.056863848306021092e-02
3.254859715795871411e-01,6.050264574696501141e-02
3.252971428492359429e-01,6.043673893005629960e-02
3.251082840281473985e-01,6.037091838917840736e-02
3.249193950358992833e-01,6.030518448243954444e-02
3.247304757921966045e-01,6.023953756911043511e-02
3.245415262169119019e-01,6.017397800952106746e-02
3.243525462301256601e-01,6.010850616495400089e-02
3.241635357521680527e-01,6.004312239753567537e-02
3.239744947036611866e-01,5.997782707012461190e-02
3.237854230055614013e-01,5.991262054619750366e-02
3.235963205792034003e-01,5.984750318973225403e-02
3.234071873463434943e-01,5.978247536508818349e-02
3.232180232292044542e-01,5.971753743688429372e-02
3.230288281505209191e-01,5.965268976987397886e-02
3.228396020335849714e-01,5.958793272881762748e-02
3.226503448022925435e-01,5.952326667835244889e-02
3.224610563811901587e-01,5.945869198285930191e-02
3.222717366955228369e-01,5.939420900632735867e-02
3.220823856712815569e-01,5.932981811221560431e-02
3.218930032352521620e-01,5.926551966331194965e-02
3.217035893150641535e-01,5.920131402158967937e-02
3.215141438392405404e-01,5.913720154806112461e-02
3.213246667372470222e-01,5.907318260262889309e-02
3.211351579395433919e-01,5.900925754393432365e-02
3.209456173776333854e-01,5.894542672920349835e-02
3.207560449841169170e-01,5.888169051409064547e-02
3.205664406927408727e-01,5.881804925251904459e-02
3.203768044384511793e-01,5.875450329651948911e-02
3.201871361574455399e-01,5.869105299606608428e-02
3.199974357872260589e-01,5.862769869890999130e-02
3.198077032666511998e-01,5.856444075041034036e-02
3.196179385359902980e-01,5.850127949336347832e-02
3.194281415369755184e-01,5.843821526782921882e-02
3.192383122128567008e-01,5.837524841095548256e-02
3.190484505084540956e-01,5.831237925680016199e-02
3.188585563702128756e-01,5.824960813615170929e-02
3.186686297462564821e-01,5.818693537634678226e-02
3.184786705864413037e-01,5.812436130108666887e-02
3.182886788424102442e-01,5.806188623025143603e-02
3.180986544676469019e-01,5.799951047971241280e-02
3.179085974175296370e-01,5.793723436114273095e-02
3.177185076493854732e-01,5.787505818182669959e-02
3.175283851225438325e-01,5.781298224446695944e-02
3.173382297983902145e-01,5.775100684699080444e-02
3.171480416404198754e-01,5.768913228235467150e-02
3.169578206142907306e-01,5.762735883834790851e-02
3.167675666878764784e-01,5.756568679739448857e-02
3.165772798313192249e-01,5.750411643635489067e-02
3.163869600170817753e-01,5.744264802632581546e-02
3.161966072199994260e-01,5.738128183243990099e-02
3.160062214173315898e-01,5.732001811366482791e-02
3.158158025888123666e-01,5.725885712260109228e-02
3.156253507167015027e-01,5.719779910528000055e-02
3.154348657858333516e-01,5.713684430096127587e-02
3.152443477836672781e-01,5.707599294193022033e-02
3.150537967003346762e-01,5.701524525329515480e-02
3.148632125286882077e-01,5.695460145278480324e-02
3.146725952643479873e-01,5.689406175054612103e-02
3.144819449057479344e-01,5.683362634894228993e-02
3.142912614541811811e-01,5.677329544235154568e-02
3.141005449138446481e-01,5.671306921696689374e-02
3.139097952918823431e-01,5.665294785059610261e-02
3.137190125984278266e-01,5.659293151246330700e-02
3.135281968466460678e-01,5.653302036301183220e-02
3.133373480527731902e-01,5.647321455370823973e-02
3.131464662361560514e-01,5.641351422684803829e-02
3.129555514192901011e-01,5.635391951536311561e-02
3.127646036278564079e-01,5.629443054263133517e-02
3.125736228907569081e-01,5.623504742228774278e-02
3.123826092401484344e-01,5.617577025803871527e-02
3.121915627114760783e-01,5.611659914347816303e-02
3.120004833435041647e-01,5.605753416190661920e-02
3.118093711783461730e-01,5.599857538615299335e-02
3.116182262614933807e-01,5.593972287839987789e-02
3.114270486418416750e-01,5.588097669001118595e-02
3.112358383717169774e-01,5.582233686136428563e-02
3.110445955068987245e-01,5.576380342168502091e-02
3.108533201066421281e-01,5.570537638888684029e-02
3.106620122336984924e-01,5.564705576941386678e-02
3.104706719543338100e-01,5.558884155808818672e-02
3.102792993383456377e-01,5.553073373796163503e-02
3.100878944590782504e-01,5.547273228017191027e-02
3.098964573934359645e-01,5.541483714380385228e-02
3.097049882218940176e-01,5.535704827575516074e-02
3.095134870285087825e-01,5.529936561060783129e-02
3.093219539009249286e-01,5.524178907050419918e-02
3.091303889303811392e-01,5.518431856502931110e-02
3.089387922117139418e-01,5.512695399109857064e-02
3.087471638433592069e-01,5.506969523285087931e-02
3.085555039273520928e-01,5.501254216154854992e-02
3.083638125693245469e-01,5.495549463548288216e-02
3.081720898785010876e-01,5.489855249988617736e-02
3.079803359676923091e-01,5.484171558685069225e-02
3.077885509532864439e-01,5.478498371525358790e-02
3.075967349552389818e-01,5.472835669068915054e-02
3.074048880970596809e-01,5.467183430540800693e-02
3.072130105057983007e-01,5.461541633826311193e-02
3.070211023120276717e-01,5.455910255466356329e-02
3.068291636498245989e-01,5.450289270653502216e-02
3.066371946567492124e-01,5.444678653228851584e-02
3.064451954738218187e-01,5.439078375679584632e-02
3.062531662454976433e-01,5.433488409137365860e-02
3.060611071196396860e-01,5.427908723377483646e-02
3.058690182474896324e-01,5.422339286818778081e-02
3.056768997836362689e-01,5.416780066524401471e-02
3.054847518859823419e-01,5.411231028203355997e-02
3.052925747157090863e-01,5.405692136212858490e-02
3.051003684372388669e-01,5.400163353561537871e-02
3.049081332181959314e-01,5.394644641913420857e-02
3.047158692293647220e-01,5.389135961592811386e-02
3.045235766446473535e-01,5.383637271589941653e-02
3.043312556410177616e-01,5.378148529567505776e-02
3.041389063984750729e-01,5.372669691867998365e-02
3.039465290999947000e-01,5.367200713521930178e-02
3.037541239314777708e-01,5.361741548256832024e-02
3.035616910816984482e-01,5.356292148507157957e-02
3.033692307422499734e-01,5.350852465424987825e-02
3.031767431074888219e-01,5.345422448891551381e-02
3.029842283744772491e-01,5.340002047529629481e-02
3.027916867429239489e-01,5.334591208716726873e-02
3.025991184151237690e-01,5.329189878599077668e-02
3.024065235958952602e-01,5.323798002106516769e-02
3.022139024925171169e-01,5.318415522968045206e-02
3.020212553146631174e-01,5.313042383728294737e-02
3.018285822743357327e-01,5.307678525764719657e-02
3.016358835857986254e-01,5.302323889305554649e-02
3.014431594655072599e-01,5.296978413448577561e-02
3.012504101320390704e-01,5.291642036180593811e-02
3.010576358060220725e-01,5.286314694397609149e-02
3.008648367100624776e-01,5.280996323925812863e-02
3.006720130686711956e-01,5.275686859543193830e-02
3.004791651081897275e-01,5.270386235001861541e-02
3.002862930567147259e-01,5.265094383051027727e-02
3.000933971440217229e-01,5.259811235460670753e-02
2.999004776014887463e-01,5.254536723045771796e-02
2.997075346620183822e-01,5.249270775691211588e-02
2.995145685599595042e-01,5.244013322377227837e-02
2.993215795310288918e-01,5.238764291205444401e-02
2.991285678122313496e-01,5.233523609425461132e-02
2.989355336417805487e-01,5.228291203461921111e-02
2.987424772590183131e-01,5.223066998942132999e-02
2.985493989043345731e-01,5.217850920724131925e-02
2.983562988190863741e-01,5.212642892925151150e-02
2.981631772455172746e-01,5.207442838950626651e-02
2.979700344266759116e-01,5.202250681523451492e-02
2.977768706063353421e-01,5.197066342713702047e-02
2.975836860289116648e-01,5.191889743968691739e-02
2.973904809393831394e-01,5.186720806143285678e-02
2.971972555832095297e-01,5.181559449530559469e-02
2.970040102062510012e-01,5.176405593892674517e-02
2.968107450546881299e-01,5.171259158492008678e-02
2.966174603749417438e-01,5.166120062122464551e-02
2.964241564135930429e-01,5.160988223140960951e-02
2.962308334173046620e-01,5.155863559499074267e-02
2.960374916327418449e-01,5.150745988774751982e-02
2.958441313064942846e-01,5.145635428204164974e-02
2.956507526849986300e-01,5.140531794713570912e-02
2.954573560144616029e-01,5.135435004951205418e-02
2.952639415407839474e-01,5.130344975319217626e-02
2.950705095094851571e-01,5.125261622005466977e-02
2.948770601656288681e-01,5.120184861015381061e-02
2.946835937537495287e-01,5.115114608203619184e-02
2.944901105177798462e-01,5.110050779305680413e-02
2.942966107009785115e-01,5.104993289969345094e-02
2.941030945458605883e-01,5.099942055785894324e-02
2.939095622941272357e-01,5.094896992321212847e-02
2.937160141865979290e-01,5.089858015146581094e-02
2.935224504631427922e-01,5.084825039869267371e-02
2.933288713626170385e-01,5.079797982162786996e-02
2.931352771227960785e-01,5.074776757796906068e-02
2.929416679803120149e-01,5.069761282667245572e-02
2.927480441705918035e-01,5.064751472824596812e-02
2.925544059277963571e-01,5.059747244503809416e-02
2.923607534847613709e-01,5.054748514152274108e-02
2.921670870729393132e-01,5.049755198458039107e-02
2.919734069223429707e-01,5.044767214377371412e-02
2.917797132614903255e-01,5.039784479161957265e-02
2.915860063173517647e-01,5.034806910385536405e-02
2.913922863152971776e-01,5.029834425970075573e-02
2.911985534790465513e-01,5.024866944211386910e-02
2.910048080306201768e-01,5.019904383804224546e-02
2.908110501902925193e-01,5.014946663866792775e-02
2.906172801765455338e-01,5.009993703964715772e-02
2.904234982060253101e-01,5.005045424134380028e-02
2.902297044934996628e-01,5.000101744905693923e-02
2.900358992518171086e-01,4.995162587324220027e-02
2.898420826918678972e-01,4.990227872972696765e-02
2.896482550225467634e-01,4.985297523991877311e-02
2.894544164507167894e-01,4.980371463100768947e-02
2.892605671811756540e-01,4.975449613616178546e-02
2.890667074166228256e-01,4.970531899471591908e-02
2.888728373576290309e-01,4.965618245235414729e-02
2.886789572026069450e-01,4.960708576128447511e-02
2.884850671477838246e-01,4.955802818040805358e-02
2.882911673871755842e-01,4.950900897547994006e-02
2.880972581125625931e-01,4.946002741926425195e-02
2.879033395134672491e-01,4.941108279168121564e-02
2.877094117771327730e-01,4.936217437994827595e-02
2.875154750885042798e-01,4.931330147871337832e-02
2.873215296302105148e-01,4.926446339018164533e-02
2.871275755825483111e-01,4.921565942423505868e-02
2.869336131234674903e-01,4.916688889854492484e-02
2.867396424285582057e-01,4.911815113867756821e-02
2.865456636710392857e-01,4.906944547819341862e-02
2.863516770217481855e-01,4.902077125873838259e-02
2.861576826491326608e-01,4.897212783012938608e-02
2.859636807192435515e-01,4.892351455043242314e-02
2.857696713957295631e-01,4.887493078603427632e-02
2.855756548398326045e-01,4.882637591170735369e-02
2.853816312103855113e-01,4.877784931066830865e-02
2.851876006638103256e-01,4.872935037462994279e-02
2.849935633541184621e-01,4.868087850384655857e-02
2.847995194329118740e-01,4.863243310715359424e-02
2.846054690493856620e-01,4.858401360200054198e-02
2.844114123503319602e-01,4.853561941447803729e-02
2.842173494801447653e-01,4.848724997933884229e-02
2.840232805808263206e-01,4.843890474001338875e-02
2.838292057919947764e-01,4.839058314861877097e-02
2.836351252508921839e-01,4.834228466596335316e-02
2.834410390923946532e-01,4.829400876154443800e-02
2.832469474490226791e-01,4.824575491354193835e-02
2.830528504509532417e-01,4.819752260880599826e-02
2.828587482260322972e-01,4.814931134284000658e-02
2.826646408997886550e-01,4.810112061977833697e-02
2.824705285954485223e-01,4.805294995235959155e-02
2.822764114339511021e-01,4.800479886189518153e-02
2.820822895339650249e-01,4.795666687823291197e-02
2.818881630119056125e-01,4.790855353971734676e-02
2.816940319819529193e-01,4.786045839314467809e-02
2.814998965560705502e-01,4.781238099371454275e-02
2.813057568440252565e-01,4.776432090497739757e-02
2.811116129534069752e-01,4.771627769877845315e-02
2.809174649896500342e-01,4.766825095519794386e-02
2.807233130560545797e-01,4.762024026248784514e-02
2.805291572538084477e-01,4.757224521700553765e-02
2.803349976820101452e-01,4.752426542314414082e-02
2.801408344376921100e-01,4.747630049326007073e-02
2.799466676158440803e-01,4.742835004759771156e-02
2.797524973094375755e-01,4.738041371421103376e-02
2.795583236094504320e-01,4.733249112888354704e-02
2.793641466048916722e-01,4.728458193504497808e-02
2.791699663828269284e-01,4.723668578368617199e-02
2.789757830284044227e-01,4.718880233327193974e-02
2.787815966248805011e-01,4.714093124965174075e-02
2.785874072536463908e-01,4.709307220596847809e-02
2.783932149942542900e-01,4.704522488256629442e-02
2.781990199244446238e-01,4.699738896689564793e-02
2.780048221201727454e-01,4.694956415341822176e-02
2.778106216556358032e-01,4.690175014350944638e-02
2.776164186033007741e-01,4.685394664536096654e-02
2.774222130339309422e-01,4.680615337388099872e-02
2.772280050166139875e-01,4.675837005059452212e-02
2.770337946187894085e-01,4.671059640354230380e-02
2.768395819062758889e-01,4.666283216717953541e-02
2.766453669432992202e-01,4.661507708227352609e-02
2.764511497925195571e-01,4.656733089580128437e-02
2.762569305150593957e-01,4.651959336084643404e-02
2.760627091705307179e-01,4.647186423649607434e-02
2.758684858170626919e-01,4.642414328773758481e-02
2.756742605113289835e-01,4.637643028535481937e-02
2.754800333085749564e-01,4.632872500582518871e-02
2.752858042626450952e-01,4.628102723121596540e-02
2.750915734260097056e-01,4.623333674908153279e-02
2.748973408497919491e-01,4.618565335236024527e-02
2.747031065837944874e-01,4.613797683927228777e-02
2.745088706765260178e-01,4.609030701321747969e-02
2.743146331752276956e-01,4.604264368267374508e-02
2.741203941258989474e-01,4.599498666109630429e-02
2.739261535733237274e-01,4.594733576681719889e-02
2.737319115610957754e-01,4.589969082294576008e-02
2.735376681316441516e-01,4.585205165726985443e-02
2.733434233262586055e-01,4.580441810215757359e-02
2.731491771851141115e-01,4.575678999446025630e-02
2.729549297472954605e-01,4.570916717541617658e-02
2.727606810508218516e-01,4.566154949055523105e-02
2.725664311326705391e-01,4.561393678960445897e-02
2.723721800288007588e-01,4.556632892639506105e-02
2.721779277741770420e-01,4.551872575876997340e-02
2.719836744027923081e-01,4.547112714849282922e-02
2.717894199476904582e-01,4.542353296115803074e-02
2.715951644409890786e-01,4.537594306610198691e-02
2.714009079139012570e-01,4.532835733631562780e-02
2.712066503967573983e-01,4.528077564835791824e-02
2.710123919190267627e-01,4.523319788227087024e-02
2.708181325093384495e-01,4.518562392149577667e-02
2.706238721955021020e-01,4.513805365279055515e-02
2.704296110045281698e-01,4.509048696614847973e-02
2.702353489626481697e-01,4.504292375471852239e-02
2.700410860953343373e-01,4.499536391472652719e-02
2.698468224273185001e-01,4.494780734539804978e-02
2.696525579826117291e-01,4.490025394888236265e-02
2.694582927845223796e-01,4.485270363017807016e-02
2.692640268556747429e-01,4.480515629705972280e-02
2.690697602180266435e-01,4.475761186000604130e-02
2.688754928928872578e-01,4.471007023212947296e-02
2.686812249009340459e-01,4.466253132910696921e-02
2.684869562622300143e-01,4.461499506911215107e-02
2.682926869962398153e-01,4.456746137274902875e-02
2.680984171218460665e-01,4.451993016298694261e-02
2.679041466573652830e-01,4.447240136509644781e-02
2.677098756205631425e-01,4.442487490658736382e-02
2.675156040286698622e-01,4.437735071714743462e-02
2.673213318983948539e-01,4.432982872858248768e-02
2.671270592459412674e-01,4.428230887475820277e-02
2.669327860870202018e-01,4.423479109154265787e-02
2.667385124368643057e-01,4.418727531675065157e-02
2.665442383102416546e-01,4.413976149008896899e-02
2.663499637214686855e-01,4.409224955310298011e-02
2.661556886844230196e-01,4.404473944912457029e-02
2.659614132125562858e-01,4.399723112322112550e-02
2.657671373189062214e-01,4.394972452214601644e-02
2.655728610161087189e-01,4.390221959428991516e-02
2.653785843164094271e-01,4.385471628963355517e-02
2.651843072316752425e-01,4.380721455970160161e-02
2.649900297734051891e-01,4.375971435751757621e-02
2.647957519527415204e-01,4.371221563755994799e-02
2.646014737804801009e-01,4.366471835571938964e-02
2.644071952670807857e-01,4.361722246925714419e-02
2.642129164226771354e-01,4.356972793676422429e-02
2.640186372570866302e-01,4.352223471812199929e-02
2.638243577798196071e-01,4.347474277446372604e-02
2.636300780000890298e-01,4.342725206813680128e-02
2.634357979268189265e-01,4.337976256266645736e-02
2.632415175686537712e-01,4.333227422272017959e-02
2.630472369339663108e-01,4.328478701407290075e-02
2.628529560308662805e-01,4.323730090357386091e-02
2.626586748672083416e-01,4.318981585911335630e-02
2.624643934505997978e-01,4.314233184959115341e-02
2.622701117884083111e-01,4.309484884488568035e-02
2.620758298877692849e-01,4.304736681582371771e-02
2.618815477555929139e-01,4.299988573415142179e-02
2.616872653985712893e-01,4.295240557250568081e-02
2.614929828231851716e-01,4.290492630438658139e-02
2.612987000357104295e-01,4.285744790413087424e-02
2.611044170422245347e-01,4.280997034688555081e-02
2.609101338486128352e-01,4.276249360858291881e-02
2.607158504605743277e-01,4.271501766591578875e-02
2.605215668836279308e-01,4.266754249631382612e-02
2.603272831231175366e-01,4.262006807792040330e-02
2.601329991842180611e-01,4.257259438957011755e-02
2.599387150719406625e-01,4.252512141076691954e-02
2.597444307911376260e-01,4.247764912166340778e-02
2.595501463465077485e-01,4.243017750303978985e-02
2.593558617426009461e-01,4.238270653628439799e-02
2.591615769838233052e-01,4.233523620337426019e-02
2.589672920744411910e-01,4.228776648685650397e-02
2.587730070185860209e-01,4.224029736983009320e-02
2.585787218202585391e-01,4.219282883592850864e-02
2.583844364833329244e-01,4.214536086930248393e-02
2.581901510115607312e-01,4.209789345460357435e-02
2.579958654085751646e-01,4.205042657696833608e-02
2.578015796778942992e-01,4.200296022200272761e-02
2.576072938229252429e-01,4.195549437576689966e-02
2.574130078469675231e-01,4.190802902476103986e-02
2.572187217532165837e-01,4.186056415591110635e-02
2.570244355447670603e-01,4.181309975655506106e-02
2.568301492246158890e-01,4.176563581442988005e-02
2.566358627956656924e-01,4.171817231765867495e-02
2.564415762607277771e-01,4.167070925473836951e-02
2.562472896225249097e-01,4.162324661452759811e-02
2.560530028836941474e-01,4.157578438623527051e-02
2.558587160467898913e-01,4.152832255940908102e-02
2.556644291142860514e-01,4.148086112392490588e-02
2.554701420885790997e-01,4.143340006997625613e-02
2.552758549719903458e-01,4.138593938806384154e-02
2.550815677667683246e-01,4.133847906898596714e-02
2.548872804750911270e-01,4.129101910382898533e-02
2.546929930990686763e-01,4.124355948395802551e-02
2.544987056407451154e-01,4.119610020100789027e-02
2.543044181021005268e-01,4.114864124687478419e-02
2.541101304850532649e-01,4.110118261370776516e-02
2.539158427914619542e-01,4.105372429390052869e-02
2.537215550231269878e-01,4.100626628008396946e-02
2.535272671817930257e-01,4.095880856511824319e-02
2.533329792691502158e-01,4.091135114208577228e-02
2.531386912868363037e-01,4.086389400428391827e-02
2.529444032364378536e-01,4.081643714521826505e-02
2.527501151194924689e-01,4.076898055859623504e-02
2.525558269374899578e-01,4.072152423832031687e-02
2.523615386918737769e-01,4.067406817848212564e-02
2.521672503840427515e-01,4.062661237335640774e-02
2.519729620153522420e-01,4.057915681739521219e-02
2.517786735871158643e-01,4.053170150522245052e-02
2.515843851006063225e-01,4.048424643162834569e-02
2.513900965570570745e-01,4.043679159156432501e-02
2.511958079576633862e-01,4.038933698013796869e-02
2.510015193035834979e-01,4.034188259260812481e-02
2.508072305959400117e-01,4.029442842438030192e-02
2.506129418358206129e-01,4.024697447100200609e-02
2.504186530242792919e-01,4.019952072815830002e-02
2.502243641623377313e-01,4.015206719166780625e-02
2.500300752509858615e-01,4.010461385747854379e-02
2.498357862911828597e-01,4.005716072166370934e-02
2.496414972838583712e-01,4.000970778041812448e-02
2.494472082299132032e-01,3.996225503005451651e-02
2.492529191302201574e-01,3.991480246699985468e-02
2.490586299856250296e-01,3.986735008779201950e-02
2.488643407969473309e-01,3.981989788907636107e-02
2.486700515649810650e-01,3.977244586760259049e-02
2.484757622904955054e-01,3.972499402022156012e-02
2.482814729742359727e-01,3.967754234388248813e-02
2.480871836169244171e-01,3.963009083562979429e-02
2.478928942192602514e-01,3.958263949260049097e-02
2.476986047819208780e-01,3.953518831202140760e-02
2.475043153055624390e-01,3.948773729120663711e-02
2.473100257908203425e-01,3.944028642755514902e-02
2.471157362383099021e-01,3.939283571854790278e-02
2.469214466486268356e-01,3.934538516174629352e-02
2.467271570223479316e-01,3.929793475478909892e-02
2.465328673600315490e-01,3.925048449539081385e-02
2.463385776622179502e-01,3.920303438133937446e-02
2.461442879294300501e-01,3.915558441049410421e-02
2.459499981621738607e-01,3.910813458078393756e-02
2.457557083609387405e-01,3.906068489020531054e-02
2.455614185261979776e-01,3.901323533682055089e-02
2.453671286584093170e-01,3.896578591875604625e-02
2.451728387580151824e-01,3.891833663420052325e-02
2.449785488254431765e-01,3.887088748140349326e-02
2.447842588611064130e-01,3.882343845867369803e-02
2.445899688654039061e-01,3.877598956437755540e-02
2.443956788387209866e-01,3.872854079693777152e-02
2.442013887814295514e-01,3.868109215483189756e-02
2.440070986938883968e-01,3.863364363659110845e-02
2.438128085764435515e-01,3.858619524079875962e-02
2.436185184294286654e-01,3.853874696608916572e-02
2.434242282531650092e-01,3.849129881114665697e-02
2.432299380479621964e-01,3.844385077470408030e-02
2.430356478141181276e-01,3.839640285554202226e-02
2.428413575519192680e-01,3.834895505248758774e-02
2.426470672616410085e-01,3.830150736441345627e-02
2.424527769435478042e-01,3.825405979023688285e-02
2.422584865978934521e-01,3.820661232891886527e-02
2.420641962249214241e-01,3.815916497946308938e-02
2.418699058248647282e-01,3.811171774091531850e-02
2.416756153979464916e-01,3.806427061236244969e-02
2.414813249443798493e-01,3.801682359293179214e-02
2.412870344643682774e-01,3.796937668179023451e-02
2.410927439581058151e-01,3.792192987814374527e-02
2.408984534257770649e-01,3.787448318123659563e-02
2.407041628675574141e-01,3.782703659035074883e-02
2.405098722836132019e-01,3.777959010480530511e-02
2.403155816741018302e-01,3.773214372395589100e-02
2.401212910391719579e-01,3.768469744719427084e-02
2.399270003789634731e-01,3.763725127394762504e-02
2.397327096936077429e-01,3.758980520367827260e-02
2.395384189832276967e-01,3.754235923588322699e-02
2.393441282479378263e-01,3.749491337009375203e-02
2.391498374878443522e-01,3.744746760587497336e-02
2.389555467030453906e-01,3.740002194282548986e-02
2.387612558936308693e-01,3.735257638057720708e-02
2.385669650596826674e-01,3.730513091879511522e-02
2.383726742012747535e-01,3.725768555717673403e-02
2.381783833184730192e-01,3.721024029545205725e-02
2.379840924113356126e-01,3.716279513338344165e-02
2.377898014799127713e-01,3.711535007076521842e-02
2.375955105242469612e-01,3.706790510742385969e-02
2.374012195443728490e-01,3.702046024321758999e-02
2.372069285403173577e-01,3.697301547803633071e-02
2.370126375120996665e-01,3.692557081180175560e-02
2.368183464597312105e-01,3.687812624446723531e-02
2.366240553832157367e-01,3.683068177601778181e-02
2.364297642825492207e-01,3.678323740647004847e-02
2.362354731577198386e-01,3.673579313587244100e-02
2.360411820087081614e-01,3.668834896430511749e-02
2.358468908354868221e-01,3.664090489188021049e-02
2.356525996380205989e-01,3.659346091874177143e-02
2.354583084162666373e-01,3.654601704506621473e-02
2.352640171701739780e-01,3.649857327106220684e-02
2.350697258996836680e-01,3.645112959697105470e-02
2.348754346047288999e-01,3.640368602306687240e-02
2.346811432852346502e-01,3.635624254965702518e-02
2.344868519411178465e-01,3.630879917708218496e-02
2.342925605722870341e-01,3.626135590571671896e-02
2.340982691786425707e-01,3.621391273596935578e-02
2.339039777600762371e-01,3.616646966828307441e-02
2.337096863164714322e-01,3.611902670313593688e-02
2.335153948477027841e-01,3.607158384104147686e-02
2.333211033536362056e-01,3.602414108254903269e-02
2.331268118341287554e-01,3.597669842824441355e-02
2.329325202890283331e-01,3.592925587875039906e-02
2.327382287181737897e-01,3.588181343472746088e-02
2.325439371213945949e-01,3.583437109687415134e-02
2.323496454985107262e-01,3.578692886592810263e-02
2.321553538493324464e-01,3.573948674266630432e-02
2.319610621736601930e-01,3.569204472790643567e-02
2.317667704712844390e-01,3.564460282250708767e-02
2.315724787419852770e-01,3.559716102736898424e-02
2.313781869855323636e-01,3.554971934343553741e-02
2.311838952016847526e-01,3.550227777169401300e-02
2.309896033901904511e-01,3.545483631317652984e-02
2.307953115507864195e-01,3.540739496896072591e-02
2.306010196831981551e-01,3.535995374017125714e-02
2.304067277871394426e-01,3.531251262798057455e-02
2.302124358623119926e-01,3.526507163361020103e-02
2.300181439084054424e-01,3.521763075833195256e-02
2.298238519250966894e-01,3.517019000346904845e-02
2.296295599120498354e-01,3.512274937039783218e-02
2.294352678689156599e-01,3.507530886054865960e-02
2.292409757953313698e-01,3.502786847540773074e-02
2.290466836909202941e-01,3.498042821651820011e-02
2.288523915552913290e-01,3.493298808548211953e-02
2.286580993880386048e-01,3.488554808396188145e-02
2.284638071887412081e-01,3.483810821368199528e-02
2.282695149569625714e-01,3.479066847643069726e-02
2.280752226922501402e-01,3.474322887406194882e-02
2.278809303941347619e-01,3.469578940849743498e-02
2.276866380621304087e-01,3.464835008172834074e-02
2.274923456957334833e-01,3.460091089581768253e-02
2.272980532944223475e-01,3.455347185290208456e-02
2.271037608576567945e-01,3.450603295519455438e-02
2.269094683848775218e-01,3.445859420498659231e-02
2.267151758755053259e-01,3.441115560465035639e-02
2.265208833289408252e-01,3.436371715664188198e-02
2.263265907445633773e-01,3.431627886350296919e-02
2.261322981217308292e-01,3.426884072786456903e-02
2.259380054597786014e-01,3.422140275244922591e-02
2.257437127580189107e-01,3.417396494007429730e-02
2.255494200157401319e-01,3.412652729365506232e-02
2.253551272322060761e-01,3.407908981620771938e-02
2.251608344066548528e-01,3.403165251085299436e-02
2.249665415382983424e-01,3.398421538081958237e-02
2.247722486263212804e-01,3.393677842944764489e-02
2.245779556698800916e-01,3.388934166019280658e-02
2.243836626681022517e-01,3.384190507662987457e-02
2.241893696200848995e-01,3.379446868245705726e-02
2.239950765248942544e-01,3.374703248150012769e-02
2.238007833815642000e-01,3.369959647771697542e-02
2.236064901890952861e-01,3.365216067520215848e-02
2.234121969464535340e-01,3.360472507819151078e-02
2.232179036525693272e-01,3.355728969106741566e-02
2.230236103063359399e-01,3.350985451836369089e-02
2.228293169066084545e-01,3.346241956477130630e-02
2.226350234522021798e-01,3.341498483514354634e-02
2.224407299418914019e-01,3.336755033450217178e-02
2.222464363744078297e-01,3.332011606804324844e-02
2.220521427484390964e-01,3.327268204114369743e-02
2.218578490626271216e-01,3.322524825936762349e-02
2.216635553155664462e-01,3.317781472847319835e-02
2.214692615058026226e-01,3.313038145441976612e-02
2.212749676318301884e-01,3.308294844337500429e-02
2.210806736920910565e-01,3.303551570172302831e-02
2.208863796849724059e-01,3.298808323607171911e-02
2.206920856088047111e-01,3.294065105326171583e-02
2.204977914618596602e-01,3.289321916037446503e-02
2.203034972423479343e-01,3.284578756474143546e-02
2.201092029484168766e-01,3.279835627395338848e-02
2.199149085781483548e-01,3.275092529587009249e-02
2.197206141295560688e-01,3.270349463863037043e-02
2.195263196005830530e-01,3.265606431066264692e-02
2.193320249890990670e-01,3.260863432069577295e-02
2.191377302928978199e-01,3.256120467777035010e-02
2.189434355096940288e-01,3.251377539125066551e-02
2.187491406371205316e-01,3.246634647083690428e-02
2.185548456727250954e-01,3.241891792657775051e-02
2.183605506139672525e-01,3.237148976888393204e-02
2.181662554582147751e-01,3.232406200854170963e-02
2.179719602027403724e-01,3.227663465672758747e-02
2.177776648447179997e-01,3.222920772502302356e-02
2.175833693812189717e-01,3.218178122542997288e-02
2.173890738092081332e-01,3.213435517038709666e-02
2.171947781255397225e-01,3.208692957278647118e-02
2.170004823269531258e-01,3.203950444599129588e-02
2.168061864100684355e-01,3.199207980385365691e-02
2.166118903713818988e-01,3.194465566073384499e-02
2.164175942072610048e-01,3.189723203151967335e-02
2.162232979139396827e-01,3.184980893164712779e-02
2.160290014875130005e-01,3.180238637712151650e-02
2.158347049239318083e-01,3.175496438453950798e-02
2.156404082189971316e-01,3.170754297111216813e-02
2.154461113683544815e-01,3.166012215468899660e-02
2.152518143674875539e-01,3.161270195378240722e-02
2.150575172117122347e-01,3.156528238759392924e-02
2.148632198961698270e-01,3.151786347604063065e-02
2.146689224158204456e-01,3.147044523978337338e-02
2.144746247654357452e-01,3.142302770025567904e-02
2.142803269395918142e-01,3.137561087969392704e-02
2.140860289326614319e-01,3.132819480116855182e-02
2.138917307388060740e-01,3.128077948861673896e-02
2.136974323519678087e-01,3.123336496687634245e-02
2.135031337658606088e-01,3.118595126172080123e-02
2.133088349739616640e-01,3.113853839989594308e-02
2.131145359695019448e-01,3.109112640915795422e-02
2.129202367454565703e-01,3.104371531831262576e-02
2.127259372945350391e-01,3.099630515725654289e-02
2.125316376091707926e-01,3.094889595701971752e-02
2.123373376815103353e-01,3.090148774980966406e-02
2.121430375034022431e-01,3.085408056905741825e-02
2.119487370663854786e-01,3.080667444946522116e-02
2.117544363616773173e-01,3.075926942705636824e-02
2.115601353801608853e-01,3.071186553922622409e-02
2.113658341123722528e-01,3.066446282479606822e-02
2.111715325484867789e-01,3.061706132406821768e-02
2.109772306783052331e-01,3.056966107888398065e-02
2.107829284912393908e-01,3.052226213268299793e-02
2.105886259762967117e-01,3.047486453056574840e-02
2.103943231220650190e-01,3.042746831935766449e-02
2.102000199166960404e-01,3.038007354767591206e-02
2.100057163478886990e-01,3.033268026599877931e-02
2.098114124028717664e-01,3.028528852673756377e-02
2.096171080683855992e-01,3.023789838431117927e-02
2.094228033306636261e-01,3.019050989522331641e-02
2.092284981754126139e-01,3.014312311814282275e-02
2.090341925877928497e-01,3.009573811398669196e-02
2.088398865523971026e-01,3.004835494600638368e-02
2.086455800532288907e-01,3.000097367987708541e-02
2.084512730736804431e-01,2.995359438379013861e-02
2.082569655965090527e-01,2.990621712854935055e-02
2.080626576038133724e-01,2.985884198766991515e-02
2.078683490770083797e-01,2.981146903748149724e-02
2.076740399967996198e-01,2.976409835723503594e-02
2.074797303431565876e-01,2.971673002921282336e-02
2.072854200952851944e-01,2.966936413884302404e-02
2.070911092315990687e-01,2.962200077481763616e-02
2.068967977296901350e-01,2.957464002921533774e-02
2.067024855662980276e-01,2.952728199762777450e-02
2.065081727172785597e-01,2.947992677929073269e-02
2.063138591575709446e-01,2.943257447721969733e-02
2.061195448611643499e-01,2.938522519834990687e-02
2.059252298010626481e-01,2.933787905368118176e-02
2.057309139492487782e-01,2.929053615842802660e-02
2.055365972766472760e-01,2.924319663217389564e-02
2.053422797530859989e-01,2.919586059903145348e-02
2.051479613472564634e-01,2.914852818780760968e-02
2.049536420266729053e-01,2.910119953217410460e-02
2.047593217576301750e-01,2.905387477084353520e-02
2.045650005051600218e-01,2.900655404775132062e-02
2.043706782329864635e-01,2.895923751224316334e-02
2.041763549034792957e-01,2.891192531926856102e-02
2.039820304776064630e-01,2.886461762958042465e-02
2.037877049148850150e-01,2.881731460994108041e-02
2.035933781733304526e-01,2.877001643333415570e-02
2.033990502094045749e-01,2.872272327918351520e-02
2.032047209779621610e-01,2.867543533357846952e-02
2.030103904321954311e-01,2.862815278950575637e-02
2.028160585235775637e-01,2.858087584708857154e-02
2.026217252018042980e-01,2.853360471383259434e-02
2.024273904147340097e-01,2.848633960487906291e-02
2.022330541083261490e-01,2.843908074326512159e-02
2.020387162265779857e-01,2.839182836019166212e-02
2.018443767114596610e-01,2.834458269529860353e-02
2.016500355028474911e-01,2.829734399694805447e-02
2.014556925384557995e-01,2.825011252251474758e-02
2.012613477537667506e-01,2.820288853868491152e-02
2.010670010819584075e-01,2.815567232176263701e-02
2.008726524538312352e-01,2.810846415798440301e-02
2.006783017977330497e-01,2.806126434384215163e-02
2.004839490394813573e-01,2.801407318641413458e-02
2.002895941022848902e-01,2.796689100370425285e-02
2.000952369066628656e-01,2.791971812498988958e-02
1.999008773703624675e-01,2.787255489117823615e-02
1.997065154082746652e-01,2.782540165517066733e-02
1.995121509323484754e-01,2.777825878223666445e-02
1.993177838515028943e-01,2.773112665039523250e-02
1.991234140715377188e-01,2.768400565080580966e-02
1.989290414950424246e-01,2.763689618816739246e-02
1.987346660213031857e-01,2.758979868112654277e-02
1.985402875462085603e-01,2.754271356269394344e-02
1.983459059621532072e-01,2.749564128066972479e-02
1.981515211579403524e-01,2.744858229807728423e-02
1.979571330186823408e-01,2.740153709360554357e-02
1.977627414257001337e-01,2.735450616206042129e-02
1.975683462564208626e-01,2.730749001482363214e-02
1.973739473842744396e-01,2.726048918032086821e-02
1.971795446785885586e-01,2.721350420449758500e-02
1.969851380044825295e-01,2.716653565130339176e-02
1.967907272227599758e-01,2.711958410318376922e-02
1.965963121898003929e-01,2.707265016158028059e-02
1.964018927574496809e-01,2.702573444743811004e-02
1.962074687729098987e-01,2.697883760172098411e-02
1.960130400786280203e-01,2.693196028593353164e-02
1.958186065121841346e-01,2.688510318265019405e-02
1.956241679061791472e-01,2.683826699605140753e-02
1.954297240881217590e-01,2.679145245246589147e-02
1.952352748803155569e-01,2.674466030091898761e-02
1.950408200997455210e-01,2.669789131368693891e-02
1.948463595579647822e-01,2.665114628685660847e-02
1.946518930609816012e-01,2.660442604088991692e-02
1.944574204091462089e-01,2.655773142119333130e-02
1.942629413970388130e-01,2.651106329869140632e-02
1.940684558133577708e-01,2.646442257040387824e-02
1.938739634408088719e-01,2.641781016002592297e-02
1.936794640559957037e-01,2.637122701851185580e-02
1.934849574293112107e-01,2.632467412465994139e-02
1.932904433248309461e-01,2.627815248569975726e-02
1.930959215002079066e-01,2.623166313787977932e-02
1.929013917065696415e-01,2.618520714705613317e-02
1.927068536884171956e-01,2.613878560928034611e-02
1.925123071835270483e-01,2.609239965138654416e-02
1.923177519228555232e-01,2.604605043157676159e-02
1.921231876304462793e-01,2.599973914000430764e-02
1.919286140233414650e-01,2.595346699935308088e-02
1.917340308114960923e-01,2.590723526541388599e-02
1.915394376976965463e-01,2.586104522765503289e-02
1.913448343774835358e-01,2.581489820978788430e-02
1.911502205390794573e-01,2.576879557032568657e-02
1.909555958633205319e-01,2.572273870313479538e-02
1.907609600235945779e-01,2.567672903797768580e-02
1.905663126857840284e-01,2.563076804104674755e-02
1.903716535082150274e-01,2.558485721548720004e-02
1.901769821416127715e-01,2.553899810190934927e-02
1.899822982290636508e-01,2.549319227888807715e-02
1.897876014059839966e-01,2.544744136344911922e-02
1.895928913000969052e-01,2.540174701154057635e-02
1.893981675314159174e-01,2.535611091848916088e-02
1.892034297122375253e-01,2.531053481943967842e-02
1.890086774471417819e-01,2.526502048977669057e-02
1.888139103330020441e-01,2.521956974552702624e-02
1.886191279590034853e-01,2.517418444374264208e-02
1.884243299066717670e-01,2.512886648286172253e-02
1.882295157499111748e-01,2.508361780304796396e-02
1.880346850550533300e-01,2.503844038650537840e-02
1.878398373809166966e-01,2.499333625776928303e-02
1.876449722788767482e-01,2.494830748397036668e-02
1.874500892929478468e-01,2.490335617507233312e-02
1.872551879598767233e-01,2.485848448408078948e-02
1.870602678092478377e-01,2.481369460722238074e-02
1.868653283636015627e-01,2.476898878409355964e-02
1.866703691385644959e-01,2.472436929777738213e-02
1.864753896429930391e-01,2.467983847492682958e-02
1.862803893791301624e-01,2.463539868581421377e-02
1.860853678427756286e-01,2.459105234434522114e-02
1.858903245234700963e-01,2.454680190803598672e-02
1.856952589046928781e-01,2.450264987795336413e-02
1.855001704640742433e-01,2.445859879861556063e-02
1.853050586736218752e-01,2.441465125785363677e-02
1.851099229999618179e-01,2.437080988663226089e-02
1.849147629045940766e-01,2.432707735882833067e-02
1.847195778441632907e-01,2.428345639096712860e-02
1.845243672707435612e-01,2.423994974191495677e-02
1.843291306321389045e-01,2.419656021252697409e-02
1.841338673721982233e-01,2.415329064525023606e-02
1.839385769311451813e-01,2.411014392367988313e-02
1.837432587459229827e-01,2.406712297206903273e-02
1.835479122505541960e-01,2.402423075479132031e-02
1.833525368765148156e-01,2.398147027575459056e-02
1.831571320531230895e-01,2.393884457776657149e-02
1.829616972079428361e-01,2.389635674185103253e-02
1.827662317672005265e-01,2.385400988651431575e-02
1.825707351562165792e-01,2.381180716696168487e-02
1.823752067998500592e-01,2.376975177426399188e-02
1.821796461229567288e-01,2.372784693447288484e-02
1.819840525508596984e-01,2.368609590768588902e-02
1.817884255098329016e-01,2.364450198706041784e-02
1.815927644275963093e-01,2.360306849777732419e-02
1.813970687338226084e-01,2.356179879595315940e-02
1.812013378606550096e-01,2.352069626750225018e-02
1.810055712432351582e-01,2.347976432694826032e-02
1.808097683202411210e-01,2.343900641618595904e-02
1.806139285344342538e-01,2.339842600319291810e-02
1.804180513332143132e-01,2.335802658069247029e-02
1.802221361691826451e-01,2.331781166476809553e-02
1.800261825007117844e-01,2.327778479342962337e-02
1.798301897925213555e-01,2.323794952513263956e-02
1.796341575162591908e-01,2.319830943725176287e-02
1.794380851510867236e-01,2.315886812450801413e-02
1.792419721842677394e-01,2.311962919735272015e-02
1.790458181117596803e-01,2.308059628030745269e-02
1.788496224388064770e-01,2.304177301026272273e-02
1.786533846805317405e-01,2.300316303473554091e-02
1.784571043625314268e-01,2.296477001008806473e-02
1.782607810214652255e-01,2.292659759970833155e-02
1.780644142056447832e-01,2.288864947215490941e-02
1.778680034756186246e-01,2.285092929926657579e-02
1.776715484047520777e-01,2.281344075424013296e-02
1.774750485798011201e-01,2.277618750967602690e-02
1.772785036014794813e-01,2.273917323559582204e-02
1.770819130850170564e-01,2.270240159743214248e-02
1.768852766607094951e-01,2.266587625399324457e-02
1.766885939744569645e-01,2.262960085540538513e-02
1.764918646882913944e-01,2.259357904103348469e-02
1.762950884808911212e-01,2.255781443738419378e-02
1.760982650480816258e-01,2.252231065599158422e-02
1.759013941033210349e-01,2.248707129129001725e-02
1.757044753781702162e-01,2.245209991847485487e-02
1.755075086227451953e-01,2.241740009135473333e-02
1.753104936061516961e-01,2.238297534019645374e-02
1.751134301169005869e-01,2.234882916956709709e-02
1.749163179633030363e-01,2.231496505617380777e-02
1.747191569738446859e-01,2.228138644670529800e-02
1.745219469975377302e-01,2.224809675567740452e-02
1.743246879042501529e-01,2.221509936328452950e-02
1.741273795850112605e-01,2.218239761326123993e-02
1.739300219522927904e-01,2.214999481075530241e-02
1.737326149402643738e-01,2.211789422021515072e-02
1.735351585050236289e-01,2.208609906329539463e-02
1.733376526247991378e-01,2.205461251678153545e-02
1.731400973001265553e-01,2.202343771053816290e-02
1.729424925539969626e-01,2.199257772548224299e-02
1.727448384319768271e-01,2.196203559158382834e-02
1.725471350022999284e-01,2.193181428589885407e-02
1.723493823559295868e-01,2.190191673063351940e-02
1.721515806065923582e-01,2.187234579124563982e-02
1.719537298907820033e-01,2.184310427458391324e-02
1.717558303677339249e-01,2.181419492706765384e-02
1.715578822193700170e-01,2.178562043291015771e-02
1.713598856502139278e-01,2.175738341238719897e-02
1.711618408872764008e-01,2.172948642015343212e-02
1.709637481799116676e-01,2.170193194360886535e-02
1.707656077996439481e-01,2.167472240131712580e-02
1.705674200399655005e-01,2.164786014147840332e-02
1.703691852161056397e-01,2.162134744045796086e-02
1.701709036647714168e-01,2.159518650137332019e-02
1.699725757438608209e-01,2.156937945274067792e-02
1.697742018321481139e-01,2.154392834718321659e-02
1.695757823289428534e-01,2.151883516020264286e-02
1.693773176537227143e-01,2.149410178901522972e-02
1.691788082457408027e-01,2.146973005145369484e-02
1.689802545636083786e-01,2.144572168493691366e-02
1.687816570848537923e-01,2.142207834550802215e-02
1.685830163054584385e-01,2.139880160694179745e-02
1.683843327393706457e-01,2.137589295992320393e-02
1.681856069179984703e-01,2.135335381129677135e-02
1.679868393896823131e-01,2.133118548338847065e-02
1.677880307191487175e-01,2.130938921340058689e-02
1.675891814869457930e-01,2.128796615287908978e-02
1.673902922888622358e-01,2.126691736725555559e-02
1.671913637353302229e-01,2.124624383546214190e-02
1.669923964508138736e-01,2.122594644962128019e-02
1.667933910731845271e-01,2.120602601480903182e-02
1.665943482530833353e-01,2.118648324889232937e-02
1.663952686532736147e-01,2.116731878244038079e-02
1.661961529479828448e-01,2.114853315870884876e-02
1.659970018222365618e-01,2.113012683369747124e-02
1.657978159711848976e-01,2.111210017628001312e-02
1.655985960994231510e-01,2.109445346840560509e-02
1.653993429203077237e-01,2.107718690537141448e-02
1.652000571552684205e-01,2.106030059616520456e-02
1.650007395331186677e-01,2.104379456387700520e-02
1.648013907893646213e-01,2.102766874617867376e-02
1.646020116655143306e-01,2.101192299587056889e-02
1.644026029083885121e-01,2.099655708149361644e-02
1.642031652694336263e-01,2.098157068800537983e-02
1.640036995040388967e-01,2.096696341751902448e-02
1.638042063708577412e-01,2.095273479010401063e-02
1.636046866311353654e-01,2.093888424464523945e-02
1.634051410480431010e-01,2.092541113976154055e-02
1.632055703860209039e-01,2.091231475477911550e-02
1.630059754101284009e-01,2.089959429076038155e-02
1.628063568854063170e-01,2.088724887158477372e-02
1.626067155762480065e-01,2.087527754508022859e-02
1.624070522457833066e-01,2.086367928420368445e-02
1.622073676552742982e-01,2.085245298826765570e-02
1.620076625635245016e-01,2.084159748421177127e-02
1.618079377263021423e-01,2.083111152791689014e-02
1.616081938957777131e-01,2.082099380555907375e-02
1.614084318199769663e-01,2.081124293500247191e-02
1.612086522422500889e-01,2.080185746722773565e-02
1.610088559007565590e-01,2.079283588779429204e-02
1.608090435279674602e-01,2.078417661833475982e-02
1.606092158501849498e-01,2.077587801807839751e-02
1.604093735870794346e-01,2.076793838540180737e-02
1.602095174512446207e-01,2.076035595940489697e-02
1.600096481477712995e-01,2.075312892150971145e-02
1.598097663738395624e-01,2.074625539707941613e-02
1.596098728183296400e-01,2.073973345705654170e-02
1.594099681614521424e-01,2.073356111961655035e-02
1.592100530743970899e-01,2.072773635183666752e-02
1.590101282190022336e-01,2.072225707137576034e-02
1.588101942474404726e-01,2.071712114816465222e-02
1.586102518019266716e-01,2.071232640610431996e-02
1.584103015144434357e-01,2.070787062476980855e-02
1.582103440064860922e-01,2.070375154111814275e-02
1.580103798888263800e-01,2.069996685119801505e-02
1.578104097612952894e-01,2.069651421185958462e-02
1.576104342125840829e-01,2.069339124246255546e-02
1.574104538200638281e-01,2.069059552658025769e-02
1.572104691496231943e-01,2.068812461369873290e-02
1.570104807555238458e-01,2.068597602090832543e-02
1.568104891802732936e-01,2.068414723458694704e-02
1.566104949545152336e-01,2.068263571207218376e-02
1.564104985969362871e-01,2.068143888332252267e-02
1.562105006141894514e-01,2.068055415256386809e-02
1.560105015008334262e-01,2.067997889992262417e-02
1.558105017392876490e-01,2.067971048304129145e-02
1.556105017998022921e-01,2.067974623867741002e-02
1.554105021404432463e-01,2.068008348428301835e-02
1.552105032070912050e-01,2.068071951956468313e-02
1.550105054334543486e-01,2.068165162802221291e-02
1.548105092410946293e-01,2.068287707846488965e-02
1.546105150394667949e-01,2.068439312650516282e-02
1.544105232259693761e-01,2.068619701602747440e-02
1.542105341860077750e-01,2.068828598063260360e-02
1.540105482930687053e-01,2.069065724505586568e-02
1.538105659088050414e-01,2.069330802655888757e-02
1.536105873831311586e-01,2.069623553629396095e-02
1.534106130543280155e-01,2.069943698064036219e-02
1.532106432491574244e-01,2.070290956251230607e-02
1.530106782829848688e-01,2.070665048263781172e-02
1.528107184599110380e-01,2.071065694080770347e-02
1.526107640729102988e-01,2.071492613709502439e-02
1.524108154039771623e-01,2.071945527304375201e-02
1.522108727242790505e-01,2.072424155282737157e-02
1.520109362943153353e-01,2.072928218437575243e-02
1.518110063640823182e-01,2.073457438047160428e-02
1.516110831732434272e-01,2.074011535981512555e-02
1.514111669513044378e-01,2.074590234805773203e-02
1.512112579177926908e-01,2.075193257880358910e-02
1.510113562824408340e-01,2.075820329458033520e-02
1.508114622453738396e-01,2.076471174777771989e-02
1.506115759972993517e-01,2.077145520155504466e-02
1.504116977197005045e-01,2.077843093071746194e-02
1.502118275850314322e-01,2.078563622256024424e-02
1.500119657569146669e-01,2.079306837768285510e-02
1.498121123903402852e-01,2.080072471077171192e-02
1.496122676318661637e-01,2.080860255135219550e-02
1.494124316198194025e-01,2.081669924451040599e-02
1.492126044844983290e-01,2.082501215158488739e-02
1.490127863483748927e-01,2.083353865082848699e-02
1.488129773262971134e-01,2.084227613804079393e-02
1.486131775256912257e-01,2.085122202717137885e-02
1.484133870467634619e-01,2.086037375089466739e-02
1.482136059827011132e-01,2.086972876115600339e-02
1.480138344198725364e-01,2.087928452969073367e-02
1.478140724380260229e-01,2.088903854851498210e-02
1.476143201104871405e-01,2.089898833039016690e-02
1.474145775043546880e-01,2.090913140926076164e-02
1.472148446806946509e-01,2.091946534066629892e-02
1.470151216947323258e-01,2.092998770212795012e-02
1.468154085960421962e-01,2.094069609350990291e-02
1.466157054287355599e-01,2.095158813735698011e-02
1.464160122316458257e-01,2.096266147920794465e-02
1.462163290385110892e-01,2.097391378788560079e-02
1.460166558781541557e-01,2.098534275576435792e-02
1.458169927746595929e-01,2.099694609901558984e-02
1.456173397475482578e-01,2.100872155783117812e-02
1.454176968119484936e-01,2.102066689662668297e-02
1.452180639787644112e-01,2.103277990422303123e-02
1.450184412548411184e-01,2.104505839400938605e-02
1.448188286431264515e-01,2.105750020408608814e-02
1.446192261428300707e-01,2.107010319738911175e-02
1.444196337495785298e-01,2.108286526179609099e-02
1.442200514555677382e-01,2.109578431021530420e-02
1.440204792497113695e-01,2.110885828065728331e-02
1.438209171177864953e-01,2.112208513628965889e-02
1.436213650425755550e-01,2.113546286547685060e-02
1.434218230040047448e-01,2.114898948180399252e-02
1.432222909792794652e-01,2.116266302408598143e-02
1.430227689430157989e-01,2.117648155636253637e-02
1.428232568673690472e-01,2.119044316787943583e-02
1.426237547221586577e-01,2.120454597305654332e-02
1.424242624749898212e-01,2.121878811144345400e-02
1.422247800913715721e-01,2.123316774766248471e-02
1.420253075348318905e-01,2.124768307134078382e-02
1.418258447670290856e-01,2.126233229703033967e-02
1.416263917478602363e-01,2.127711366411838556e-02
1.414269484355661910e-01,2.129202543672714665e-02
1.412275147868335134e-01,2.130706590360365027e-02
1.410280907568931819e-01,2.132223337800087659e-02
1.408286762996160402e-01,2.133752619754969437e-02
1.406292713676055572e-01,2.135294272412291416e-02
1.404298759122871165e-01,2.136848134369107033e-02
1.402304898839947522e-01,2.138414046617104214e-02
1.400311132320545549e-01,2.139991852526718086e-02
1.398317459048654676e-01,2.141581397830644162e-02
1.396323878499773630e-01,2.143182530606679848e-02
1.394330390141659548e-01,2.144795101259988623e-02
1.392336993435053794e-01,2.146418962504820227e-02
1.390343687834381114e-01,2.148053969345720127e-02
1.388350472788419110e-01,2.149699979058261601e-02
1.386357347740947987e-01,2.151356851169317075e-02
1.384364312131371455e-01,2.153024447436951982e-02
1.382371365395314577e-01,2.154702631829896742e-02
1.380378506965198870e-01,2.156391270506713420e-02
1.378385736270794082e-01,2.158090231794623781e-02
1.376393052739746659e-01,2.159799386168043123e-02
1.374400455798088505e-01,2.161518606226869865e-02
1.372407944870722152e-01,2.163247766674541994e-02
1.370415519381886771e-01,2.164986744295865906e-02
1.368423178755605596e-01,2.166735417934695374e-02
1.366430922416108917e-01,2.168493668471432878e-02
1.364438749788245975e-01,2.170261378800392160e-02
1.362446660297869649e-01,2.172038433807066404e-02
1.360454653372212275e-01,2.173824720345307604e-02
1.358462728440235912e-01,2.175620127214417110e-02
1.356470884932973187e-01,2.177424545136197320e-02
1.354479122283847314e-01,2.179237866732003370e-02
1.352487439928978796e-01,2.181059986499728209e-02
1.350495837307476299e-01,2.182890800790837638e-02
1.348504313861711990e-01,2.184730207787405343e-02
1.346512869037585769e-01,2.186578107479208999e-02
1.344521502284772296e-01,2.188434401640848570e-02
1.342530213056958022e-01,2.190298993808964534e-02
1.340539000812063786e-01,2.192171789259539372e-02
1.338547865012456040e-01,2.194052694985232366e-02
1.336556805125144187e-01,2.195941619672930889e-02
1.334565820621973209e-01,2.197838473681335003e-02
1.332574910979795746e-01,2.199743169018680833e-02
1.330584075680641687e-01,2.201655619320669333e-02
1.328593314211874432e-01,2.203575739828461666e-02
1.326602626066338830e-01,2.205503447366918834e-02
1.324612010742495793e-01,2.207438660322913471e-02
1.322621467744556911e-01,2.209381298623941392e-02
1.320630996582600192e-01,2.211331283716805318e-02
1.318640596772684970e-01,2.213288538546559492e-02
1.316650267836956822e-01,2.215252987535643037e-02
1.314660009303742494e-01,2.217224556563202054e-02
1.312669820707644819e-01,2.219203172944639313e-02
1.310679701589620993e-01,2.221188765411391541e-02
1.308689651497063067e-01,2.223181264090884346e-02
1.306699669983867051e-01,2.225180600486803550e-02
1.304709756610498705e-01,2.227186707459472004e-02
1.302719910944053483e-01,2.229199519206603863e-02
1.300730132558308438e-01,2.231218971244186555e-02
1.298740421033773296e-01,2.233245000387651391e-02
1.296750775957733748e-01,2.235277544733327293e-02
1.294761196924291424e-01,2.237316543640027744e-02
1.292771683534398308e-01,2.239361937711042971e-02
1.290782235395888933e-01,2.241413668776248702e-02
1.288792852123507304e-01,2.243471679874559088e-02
1.286803533338929939e-01,2.245535915236573921e-02
1.284814278670788346e-01,2.247606320267553359e-02
1.282825087754682070e-01,2.249682841530564748e-02
1.280835960233197290e-01,2.251765426729956943e-02
1.278846895755914592e-01,2.253854024695062241e-02
1.276857893979417291e-01,2.255948585364164760e-02
1.274868954567299761e-01,2.258049059768746369e-02
1.272880077190169379e-01,2.260155400017943572e-02
1.270891261525646798e-01,2.262267559283320795e-02
1.268902507258367618e-01,2.264385491783865723e-02
1.266913814079979050e-01,2.266509152771267743e-02
1.264925181689132982e-01,2.268638498515412882e-02
1.262936609791484310e-01,2.270773486290189602e-02
1.260948098099680670e-01,2.272914074359527747e-02
1.258959646333354110e-01,2.275060221963653984e-02
1.256971254219112211e-01,2.277211889305691406e-02
1.254982921490525594e-01,2.279369037538392373e-02
1.252994647888117097e-01,2.281531628751237717e-02
1.251006433159347619e-01,2.283699625957708035e-02
1.249018277058603632e-01,2.285872993082826987e-02
1.247030179347181078e-01,2.288051694950959947e-02
1.245042139793272606e-01,2.290235697273834692e-02
1.243054158171949530e-01,2.292424966638834105e-02
1.241066234265147672e-01,2.294619470497483160e-02
1.239078367861650848e-01,2.296819177154241221e-02
1.237090558757073105e-01,2.299024055755460871e-02
1.235102806753843874e-01,2.301234076278602103e-02
1.233115111661189367e-01,2.303449209521729601e-02
1.231127473295117042e-01,2.305669427093159918e-02
1.229139891478398250e-01,2.307894701401380644e-02
1.227152366040551307e-01,2.310125005645197183e-02
1.225164896817825255e-01,2.312360313804068257e-02
1.223177483653183351e-01,2.314600600628718974e-02
1.221190126396287934e-01,2.316845841631909320e-02
1.219202824903482529e-01,2.319096013079441354e-02
1.217215579037779077e-01,2.321351091981405101e-02
1.215228388668840309e-01,2.323611056083613180e-02
1.213241253672967257e-01,2.325875883859213067e-02
1.211254173933085099e-01,2.328145554500554715e-02
1.209267149338728170e-01,2.330420047911252457e-02
1.207280179786029278e-01,2.332699344698413446e-02
1.205293265177706241e-01,2.334983426165104792e-02
1.203306405423049258e-01,2.337272274302965025e-02
1.201319600437912860e-01,2.339565871785087570e-02
1.199332850144703561e-01,2.341864201959004133e-02
1.197346154472371388e-01,2.344167248839923445e-02
1.195359513356400449e-01,2.346474997104114335e-02
1.193372926738801992e-01,2.348787432082494187e-02
1.191386394568107882e-01,2.351104539754383937e-02
1.189399916799363244e-01,2.353426306741457363e-02
1.187413493394122166e-01,2.355752720301840242e-02
1.185427124320442838e-01,2.358083768324403806e-02
1.183440809552885747e-01,2.360419439323213631e-02
1.181454549072508825e-01,2.362759722432139498e-02
1.179468342866867858e-01,2.365104607399676206e-02
1.177482190930016076e-01,2.367454084583847651e-02
1.175496093262503455e-01,2.369808144947338491e-02
1.173510049871378386e-01,2.372166780052747947e-02
1.171524060770192249e-01,2.374529982058021238e-02
1.169538125979000670e-01,2.376897743712003130e-02
1.167552245524369620e-01,2.379270058350163586e-02
1.165566419439380552e-01,2.381646919890462177e-02
1.163580647763637760e-01,2.384028322829356838e-02
1.161594930543274340e-01,2.386414262237962491e-02
1.159609267830965101e-01,2.388804733758331800e-02
1.157623659685932532e-01,2.391199733599880251e-02
1.155638106173960122e-01,2.393599258535972218e-02
1.153652607367404437e-01,2.396003305900573643e-02
1.151667163345207745e-01,2.398411873585115650e-02
1.149681774192914119e-01,2.400824960035413680e-02
1.147696440002682478e-01,2.403242564248764257e-02
1.145711160873306433e-01,2.405664685771113920e-02
1.143725936910229279e-01,2.408091324694411339e-02
1.141740768225564945e-01,2.410522481653987192e-02
1.139755654938117563e-01,2.412958157826156080e-02
1.137770597173402148e-01,2.415398354925835100e-02
1.135785595063668746e-01,2.417843075204317849e-02
1.133800648747922829e-01,2.420292321447164996e-02
1.131815758371953057e-01,2.422746096972161478e-02
1.129830924088354449e-01,2.425204405627401361e-02
1.127846146056558224e-01,2.427667251789483727e-02
1.125861424442856640e-01,2.430134640361752973e-02
1.123876759420434357e-01,2.432606576772711193e-02
1.121892151169397028e-01,2.435083066974436106e-02
1.119907599876803495e-01,2.437564117441171074e-02
1.117923105736697981e-01,2.440049735167920675e-02
1.115938668950143958e-01,2.442539927669218347e-02
1.113954289725257313e-01,2.445034702977871843e-02
1.111969968277243537e-01,2.447534069643897414e-02
1.109985704828433534e-01,2.450038036733431790e-02
1.108001499608320950e-01,2.452546613827788491e-02
1.106017352853602004e-01,2.455059811022547445e-02
1.104033264808214621e-01,2.457577638926722319e-02
1.102049235723378678e-01,2.460100108661977814e-02
1.100065265857638336e-01,2.462627231861957977e-02
1.098081355476905330e-01,2.465159020671608969e-02
1.096097504854501720e-01,2.467695487746601746e-02
1.094113714271205129e-01,2.470236646252804702e-02
1.092129984015293431e-01,2.472782509865767420e-02
1.090146314382593323e-01,2.475333092770320986e-02
1.088162705676525566e-01,2.477888409660178315e-02
1.086179158208154388e-01,2.480448475737556668e-02
1.084195672296236479e-01,2.483013306712894552e-02
1.082212248267271498e-01,2.485582918804579711e-02
1.080228886455552317e-01,2.488157328738699325e-02
1.078245587203216505e-01,2.490736553748812421e-02
1.076262350860300310e-01,2.493320611575799983e-02
1.074279177784789319e-01,2.495909520467687326e-02
1.072296068342674658e-01,2.498503299179488657e-02
1.070313022908006839e-01,2.501101966973123814e-02
1.068330041862951135e-01,2.503705543617262830e-02
1.066347125597843365e-01,2.506314049387275977e-02
1.064364274511247072e-01,2.508927505065122743e-02
1.062381489010009727e-01,2.511545931939246357e-02
1.060398769509321992e-01,2.514169351804518282e-02
1.058416116432773640e-01,2.516797786962138295e-02
1.056433530212415456e-01,2.519431260219545665e-02
1.054451011288816270e-01,2.522069794890302585e-02
1.052468560111123053e-01,2.524713414793999799e-02
1.050486177137121141e-01,2.527362144256095622e-02
1.048503862833295164e-01,2.530016008107771608e-02
1.046521617674888854e-01,2.532675031685771572e-02
1.044539442145966529e-01,2.535339240832146235e-02
1.042557336739474150e-01,2.538008661894064488e-02
1.040575301957300802e-01,2.540683321723513632e-02
1.038593338310341008e-01,2.543363247676988514e-02
1.036611446318554675e-01,2.546048467615125155e-02
1.034629626511029687e-01,2.548739009902289965e-02
1.032647879426044496e-01,2.551434903406152310e-02
1.030666205611128067e-01,2.554136177497134952e-02
1.028684605623122333e-01,2.556842862047864484e-02
1.026703080028243120e-01,2.559554987432527406e-02
1.024721629402142037e-01,2.562272584526142927e-02
1.022740254329966431e-01,2.564995684703835765e-02
1.020758955406420310e-01,2.567724319839942426e-02
1.018777733235824573e-01,2.570458522307078608e-02
1.016796588432176546e-01,2.573198324975156659e-02
1.014815521619208960e-01,2.575943761210236493e-02
1.012834533430448936e-01,2.578694864873343207e-02
1.010853624509275434e-01,2.581451670319179215e-02
1.008872795508977266e-01,2.584214212394719823e-02
1.006892047092808745e-01,2.586982526437697771e-02
1.004911379934045612e-01,2.589756648274987860e-02
1.002930794716039437e-01,2.592536614220886104e-02
1.000950292132271741e-01,2.595322461075261211e-02
9.989698728864068733e-02,2.598114226121561732e-02
9.969895376923416930e-02,2.600911947124734391e-02
9.950092872742583028e-02,2.603715662328970337e-02
9.930291223666709577e-02,2.606525410455351466e-02
9.910490437144744980e-02,2.609341230699319114e-02
9.890690520729900070e-02,2.612163162728031729e-02
9.870891482080094981e-02,2.614991246677539349e-02
9.851093328958383799e-02,2.617825523149835965e-02
9.831296069233373680e-02,2.620666033209723134e-02
9.811499710879605096e-02,2.623512818381518175e-02
9.791704261977936252e-02,2.626365920645640228e-02
9.771909730715884479e-02,2.629225382434924319e-02
9.752116125387966239e-02,2.632091246630868797e-02
9.732323454396012152e-02,2.634963556559632991e-02
9.712531726249440389e-02,2.637842355987879417e-02
9.692740949565528674e-02,2.640727689118416155e-02
9.672951133069647434e-02,2.643619600585633833e-02
9.653162285595476289e-02,2.646518135450803832e-02
9.633374416085183078e-02,2.649423339197098937e-02
9.613587533589584844e-02,2.652335257724464102e-02
9.593801647268276889e-02,2.655253937344248527e-02
9.574016766389716049e-02,2.658179424773654542e-02
9.554232900331312284e-02,2.661111767129953343e-02
9.534450058579438392e-02,2.664051011924478685e-02
9.514668250729438337e-02,2.666997207056398533e-02
9.494887486485592554e-02,2.669950400806309077e-02
9.475107775661054110e-02,2.672910641829506773e-02
9.455329128177733522e-02,2.675877979149127173e-02
9.435551554066153035e-02,2.678852462148967328e-02
9.415775063465271766e-02,2.681834140566147218e-02
9.395999666622245616e-02,2.684823064483465860e-02
9.376225373892185799e-02,2.687819284321552038e-02
9.356452195737824384e-02,2.690822850830776325e-02
9.336680142729181231e-02,2.693833815082874450e-02
9.316909225543164308e-02,2.696852228462376377e-02
9.297139454963122829e-02,2.699878142657752278e-02
9.277370841878358754e-02,2.702911609652303149e-02
9.257603397283598046e-02,2.705952681714818286e-02
9.237837132278395313e-02,2.709001411389966307e-02
9.218072058066498209e-02,2.712057851488425264e-02
9.198308185955166028e-02,2.715122055076779617e-02
9.178545527354425859e-02,2.718194075467128545e-02
9.158784093776271840e-02,2.721273966206450012e-02
9.139023896833829708e-02,2.724361781065715027e-02
9.119264948240438096e-02,2.727457574028729903e-02
9.099507259808699289e-02,2.730561399280745372e-02
9.079750843449456432e-02,2.733673311196765932e-02
9.059995711170711064e-02,2.736793364329631606e-02
9.040241875076487910e-02,2.739921613397855449e-02
9.020489347365642785e-02,2.743058113273161291e-02
9.000738140330589998e-02,2.746202918967827200e-02
8.980988266355996452e-02,2.749356085621723622e-02
8.961239737917378601e-02,2.752517668489129488e-02
8.941492567579659156e-02,2.755687722925304062e-02
8.921746767995657190e-02,2.758866304372803446e-02
8.902002351904499122e-02,2.762053468347552831e-02
8.882259332129967266e-02,2.765249270424674499e-02
8.862517721578802576e-02,2.768453766224127088e-02
8.842777533238893595e-02,2.771667011396033997e-02
8.823038780177445972e-02,2.774889061605845253e-02
8.803301475539046517e-02,2.778119972519238479e-02
8.783565632543686996e-02,2.781359799786858877e-02
8.763831264484686634e-02,2.784608599028753906e-02
8.744098384726567419e-02,2.787866425818674720e-02
8.724367006702844762e-02,2.791133335668133375e-02
8.704637143913765418e-02,2.794409384010293484e-02
8.684908809923937156e-02,2.797694626183616640e-02
8.665182018359933458e-02,2.800989117415392249e-02
8.645456782907781634e-02,2.804292912805012028e-02
8.625733117310420417e-02,2.807606067307155673e-02
8.606011035365040973e-02,2.810928635714710078e-02
8.586290550920390452e-02,2.814260672641621941e-02
8.566571677873995039e-02,2.817602232505561632e-02
8.546854430169298356e-02,2.820953369510426079e-02
8.527138821792737411e-02,2.824314137628741728e-02
8.507424866770754712e-02,2.827684590583928737e-02
8.487712579166724336e-02,2.831064781832426380e-02
8.468001973077809996e-02,2.834454764545746297e-02
8.448293062631762051e-02,2.837854591592420261e-02
8.428585861983643734e-02,2.841264315519814732e-02
8.408880385312475503e-02,2.844683988535939845e-02
8.389176646817826655e-02,2.848113662491130738e-02
8.369474660716326453e-02,2.851553388859690008e-02
8.349774441238123901e-02,2.855003218721485769e-02
8.330076002623269804e-02,2.858463202743499743e-02
8.310379359118036380e-02,2.861933391161380902e-02
8.290684524971181357e-02,2.865413833760932505e-02
8.270991514430144076e-02,2.868904579859632431e-02
8.251300341737176358e-02,2.872405678288159070e-02
8.231611021125433136e-02,2.875917177371922762e-02
8.211923566814975650e-02,2.879439124912619441e-02
8.192237993008760766e-02,2.882971568169884202e-02
8.172554313888522048e-02,2.886514553842900455e-02
8.152872543610654998e-02,2.890068128052186713e-02
8.133192696302010694e-02,2.893632336321366738e-02
8.113514786055664452e-02,2.897207223559111755e-02
8.093838826926622043e-02,2.900792834041121537e-02
8.074164832927493984e-02,2.904389211392283121e-02
8.054492818024124035e-02,2.907996398568890584e-02
8.034822796131177447e-02,2.911614437841081315e-02
8.015154781107683424e-02,2.915243370775366660e-02
7.995488786752574795e-02,2.918883238217367948e-02
7.975824826800141654e-02,2.922534080274730162e-02
7.956162914915516915e-02,2.926195936300202138e-02
7.936503064690078602e-02,2.929868844874949918e-02
7.916845289636878502e-02,2.933552843792081033e-02
7.897189603186000051e-02,2.937247970040413048e-02
7.877536018679953678e-02,2.940954259788441938e-02
7.857884549368998606e-02,2.944671748368626885e-02
7.838235208406497956e-02,2.948400470261902662e-02
7.818588008844246096e-02,2.952140459082502888e-02
7.798942963627784886e-02,2.955891747563027527e-02
7.779300085591736580e-02,2.959654367539871211e-02
7.759659387455115909e-02,2.963428349938940221e-02
7.740020881816661591e-02,2.967213724761696980e-02
7.720384581150170622e-02,2.971010521071554278e-02
7.700750497799839500e-02,2.974818766980602547e-02
7.681118643975624882e-02,2.978638489636731279e-02
7.661489031748623668e-02,2.982469715211072403e-02
7.641861673046469738e-02,2.986312468885882199e-02
7.622236579648762611e-02,2.990166774842795139e-02
7.602613763182508588e-02,2.994032656251433000e-02
7.582993235117617414e-02,2.997910135258502473e-02
7.563375006762419750e-02,3.001799232977275800e-02
7.543759089259222117e-02,3.005699969477498845e-02
7.524145493579921518e-02,3.009612363775732158e-02
7.504534230521640870e-02,3.013536433826174976e-02
7.484925310702449097e-02,3.017472196511911120e-02
7.465318744557095099e-02,3.021419667636604522e-02
7.445714542332836083e-02,3.025378861916716566e-02
7.426112714085299216e-02,3.029349792974139755e-02
7.406513269674423749e-02,3.033332473329364287e-02
7.386916218760472552e-02,3.037326914395094279e-02
7.367321570800103303e-02,3.041333126470385784e-02
7.347729335042522958e-02,3.045351118735262208e-02
7.328139520525718542e-02,3.049380899245834886e-02
7.308552136072771210e-02,3.053422474929962105e-02
7.288967190288254960e-02,3.057475851583374427e-02
7.269384691554718614e-02,3.061541033866338468e-02
7.249804648029271881e-02,3.065618025300825833e-02
7.230227067640249139e-02,3.069706828268242704e-02
7.210651958083984236e-02,3.073807444007603529e-02
7.191079326821678275e-02,3.077919872614309771e-02
7.171509181076378414e-02,3.082044113039389410e-02
7.151941527830046885e-02,3.086180163089291550e-02
7.132376373820763227e-02,3.090328019426213935e-02
7.112813725540009790e-02,3.094487677568924511e-02
7.093253589230098799e-02,3.098659131894115903e-02
7.073695970881690998e-02,3.102842375638303896e-02
7.054140876231447532e-02,3.107037400900219959e-02
7.034588310759798402e-02,3.111244198643720038e-02
7.015038279688834422e-02,3.115462758701237345e-02
6.995490787980319924e-02,3.119693069777695893e-02
6.975945840333837300e-02,3.123935119454990250e-02
6.956403441185050884e-02,3.128188894196931580e-02
6.936863594704119340e-02,3.132454379354682183e-02
6.917326304794202407e-02,3.136731559172728501e-02
6.897791575090148064e-02,3.141020416795298198e-02
6.878259408957272669e-02,3.145320934273287961e-02
6.858729809490292373e-02,3.149633092571657578e-02
6.839202779512387753e-02,3.153956871577279220e-02
6.819678321574411395e-02,3.158292250107286314e-02
6.800156437954213429e-02,3.162639205917833207e-02
6.780637130656128053e-02,3.166997715713337769e-02
6.761120401410578018e-02,3.171367755156140333e-02
6.741606251673822048e-02,3.175749298876617832e-02
6.722094682627847984e-02,3.180142320483686502e-02
6.702585695180390823e-02,3.184546792575743135e-02
6.683079289965097869e-02,3.188962686752006004e-02
6.663575467341828484e-02,3.193389973624249922e-02
6.644074227397085697e-02,3.197828622828896572e-02
6.624575569944585185e-02,3.202278603039532268e-02
6.605079494525968598e-02,3.206739881979736584e-02
6.585586000411630669e-02,3.211212426436294010e-02
6.566095086601708708e-02,3.215696202272744220e-02
6.546606751827173387e-02,3.220191174443237658e-02
6.527120994551070809e-02,3.224697307006740843e-02
6.507637812969883917e-02,3.229214563141530325e-02
6.488157205015031292e-02,3.233742905159997516e-02
6.468679168354472819e-02,3.238282294523681104e-02
6.449203700394463834e-02,3.242832691858688055e-02
6.429730798281417525e-02,3.247394056971225629e-02
6.410260458903882519e-02,3.251966348863499778e-02
6.390792678894659240e-02,3.256549525749785623e-02
6.371327454633006482e-02,3.261143545072736627e-02
6.351864782246979813e-02,3.265748363519893616e-02
6.332404657615879617e-02,3.270363937040421387e-02
6.312947076372797672e-02,3.274990220861973000e-02
6.293492033907283068e-02,3.279627169507798312e-02
6.274039525368091397e-02,3.284274736813930229e-02
6.254589545666069950e-02,3.288932875946581902e-02
6.235142089477102578e-02,3.293601539419654944e-02
6.215697151245169749e-02,3.298280679112353120e-02
6.196254725185500190e-02,3.302970246286929257e-02
6.176814805287809962e-02,3.307670191606515431e-02
6.157377385319615093e-02,3.312380465153030862e-02
6.137942458829655223e-02,3.317101016445184181e-02
6.118510019151367219e-02,3.321831794456503451e-02
6.099080059406450371e-02,3.326572747633427252e-02
6.079652572508500996e-02,3.331323823913462379e-02
6.060227551166733062e-02,3.336084970743308231e-02
6.040804987889721034e-02,3.340856135097020063e-02
6.021384874989263447e-02,3.345637263494188884e-02
6.001967204584263138e-02,3.350428302018076954e-02
5.982551968604679637e-02,3.355229196333775477e-02
5.963139158795542627e-02,3.360039891706273485e-02
5.943728766720997314e-02,3.364860333018537819e-02
5.924320783768409482e-02,3.369690464789482087e-02
5.904915201152506621e-02,3.374530231191946728e-02
5.885512009919557919e-02,3.379379576070506985e-02
5.866111200951602822e-02,3.384238442959297544e-02
5.846712764970693477e-02,3.389106775099676172e-02
5.827316692543178800e-02,3.393984515457798556e-02
5.807922974084010759e-02,3.398871606742082108e-02
5.788531599861074239e-02,3.403767991420580952e-02
5.769142559999533570e-02,3.408673611738155529e-02
5.749755844486202638e-02,3.413588409733592233e-02
5.730371443173917778e-02,3.418512327256501004e-02
5.710989345785927318e-02,3.423445305984118558e-02
5.691609541920285287e-02,3.428387287437900666e-02
5.672232021054257611e-02,3.433338212999986760e-02
5.652856772548699171e-02,3.438298023929453606e-02
5.633483785652479425e-02,3.443266661378407978e-02
5.614113049506852526e-02,3.448244066407896158e-02
5.594744553149842703e-02,3.453230180003585836e-02
5.575378285520626864e-02,3.458224943091264825e-02
5.556014235463882511e-02,3.463228296552178787e-02
5.536652391734131484e-02,3.468240181238047004e-02
5.517292743000068445e-02,3.473260537985978225e-02
5.497935277848853275e-02,3.478289307633092298e-02
5.478579984790402091e-02,3.483326431030953074e-02
5.459226852261625518e-02,3.488371849059723750e-02
5.439875868630661415e-02,3.493425502642155678e-02
5.420527022201057643e-02,3.498487332757288515e-02
5.401180301215940949e-02,3.503557280453911682e-02
5.381835693862133119e-02,3.508635286863803771e-02
5.362493188274239375e-02,3.513721293214722152e-02
5.343152772538695139e-02,3.518815240843120584e-02
5.323814434697779485e-02,3.523917071206639218e-02
5.304478162753575865e-02,3.529026725896322603e-02
5.285143944671880090e-02,3.534144146648598994e-02
5.265811768386091662e-02,3.539269275356993205e-02
5.246481621801027395e-02,3.544402054083561904e-02
5.227153492796707268e-02,3.549542425070117968e-02
5.207827369232076453e-02,3.554690330749155081e-02
5.188503238948663498e-02,3.559845713754500318e-02
5.169181089774241289e-02,3.565008516931755800e-02
5.149860909526354780e-02,3.570178683348429471e-02
5.130542686015859832e-02,3.575356156303838295e-02
5.111226407050353804e-02,3.580540879338722782e-02
5.091912060437606136e-02,3.585732796244617271e-02
5.072599633988872370e-02,3.590931851072975967e-02
5.053289115522188735e-02,3.596137988143982556e-02
5.033980492865586243e-02,3.601351152055182192e-02
5.014673753860268701e-02,3.606571287689780414e-02
4.995368886363696359e-02,3.611798340224742221e-02
4.976065878252633468e-02,3.617032255138613595e-02
4.956764717426129230e-02,3.622272978219065465e-02
4.937465391808434911e-02,3.627520455570254487e-02
4.918167889351851563e-02,3.632774633619872962e-02
4.898872198039522230e-02,3.638035459125971149e-02
4.879578305888174206e-02,3.643302879183546450e-02
4.860286200950766911e-02,3.648576841230904977e-02
4.840995871319103694e-02,3.653857293055712274e-02
4.821707305126374243e-02,3.659144182800899703e-02
4.802420490549627607e-02,3.664437458970287720e-02
4.783135415812186930e-02,3.669737070433992665e-02
4.763852069186003124e-02,3.675042966433567093e-02
4.744570438993944705e-02,3.680355096587001329e-02
4.725290513612018239e-02,3.685673410893403057e-02
4.706012281471549930e-02,3.690997859737538134e-02
4.686735731061270060e-02,3.696328393894116049e-02
4.667460850929369687e-02,3.701664964531858892e-02
4.648187629685474054e-02,3.707007523217398237e-02
4.628916056002566060e-02,3.712356021918933324e-02
4.609646118618862531e-02,3.717710413009700510e-02
4.590377806339590583e-02,3.723070649271265076e-02
4.571111108038750093e-02,3.728436683896557691e-02
4.551846012660804019e-02,3.733808470492805398e-02
4.532582509222293776e-02,3.739185963084229458e-02
4.513320586813418522e-02,3.744569116114543350e-02
4.494060234599553394e-02,3.749957884449300893e-02
4.474801441822706671e-02,3.755352223378088938e-02
4.455544197802926987e-02,3.760752088616486910e-02
4.436288491939663348e-02,3.766157436307937534e-02
4.417034313713055771e-02,3.771568223025373312e-02
4.397781652685195386e-02,3.776984405772748632e-02
4.378530498501301271e-02,3.782405941986394238e-02
4.359280840890894515e-02,3.787832789536210720e-02
4.340032669668866805e-02,3.793264906726706576e-02
4.320785974736557344e-02,3.798702252297936344e-02
4.301540746082729849e-02,3.804144785426261111e-02
4.282296973784541216e-02,3.809592465724975785e-02
4.263054648008438030e-02,3.815045253244808698e-02
4.243813759011036413e-02,3.820503108474321285e-02
4.224574297139926937e-02,3.825965992340130128e-02
4.205336252834454558e-02,3.831433866207051286e-02
4.186099616626462461e-02,3.836906691878105846e-02
4.166864379140963748e-02,3.842384431594425553e-02
4.147630531096818673e-02,3.847867048035041870e-02
4.128398063307336940e-02,3.853354504316558460e-02
4.109166966680841138e-02,3.858846763992757056e-02
4.089937232221232954e-02,3.864343791054059007e-02
4.070708851028470576e-02,3.869845549926931305e-02
4.051481814299046080e-02,3.875352005473170491e-02
4.032256113326418423e-02,3.880863122989114400e-02
4.013031739501404793e-02,3.886378868204776182e-02
3.993808684312558088e-02,3.891899207282883966e-02
3.974586939346491654e-02,3.897424106817848344e-02
3.955366496288190148e-02,3.902953533834646604e-02
3.936147346921281542e-02,3.908487455787640341e-02
3.916929483128281375e-02,3.914025840559343106e-02
3.897712896890817569e-02,3.919568656459110345e-02
3.878497580289813618e-02,3.925115872221729418e-02
3.859283525505660672e-02,3.930667457006031817e-02
3.840070724818353542e-02,3.936223380393366611e-02
3.820859170607618371e-02,3.941783612386084990e-02
3.801648855352987577e-02,3.947348123405935993e-02
3.782439771633883119e-02,3.952916884292428934e-02
3.763231912129669232e-02,3.958489866301151405e-02
3.744025269619674634e-02,3.964067041102042888e-02
3.724819836983195298e-02,3.969648380777618391e-02
3.705615607199508332e-02,3.975233857821203198e-02
3.686412573347813693e-02,3.980823445135062144e-02
3.667210728607217529e-02,3.986417116028545538e-02
3.648010066256646144e-02,3.992014844216201785e-02
3.628810579674793257e-02,3.997616603815851155e-02
3.609612262340006206e-02,4.003222369346653986e-02
3.590415107830191577e-02,4.008832115727117840e-02
3.571219109822698634e-02,4.014445818273126854e-02
3.552024262094177764e-02,4.020063452695954442e-02
3.532830558520436148e-02,4.025684995100220487e-02
3.513637993076301758e-02,4.031310421981865177e-02
3.494446559835429067e-02,4.036939710226117306e-02
3.475256252970146398e-02,4.042572837105440353e-02
3.456067066751261629e-02,4.048209780277473024e-02
3.436878995547867910e-02,4.053850517782942031e-02
3.417692033827152143e-02,4.059495028043652587e-02
3.398506176154172942e-02,4.065143289860362330e-02
3.379321417191658017e-02,4.070795282410744065e-02
3.360137751699784903e-02,4.076450985247315195e-02
3.340955174535942263e-02,4.082110378295367159e-02
3.321773680654510619e-02,4.087773441850922618e-02
3.302593265106620879e-02,4.093440156578664890e-02
3.283413923039929516e-02,4.099110503509928449e-02
3.264235649698363217e-02,4.104784464040622805e-02
3.245058440421874635e-02,4.110462019929256305e-02
3.225882290646209238e-02,4.116143153294882229e-02
3.206707195902652741e-02,4.121827846615161439e-02
3.187533151817775745e-02,4.127516082724314028e-02
3.168360154113192273e-02,4.133207844811226384e-02
3.149188198605315514e-02,4.138903116417441685e-02
3.130017281205099700e-02,4.144601881435294732e-02
3.110847397917801405e-02,4.150304124105952397e-02
3.091678544842729748e-02,4.156009829017559554e-02
3.072510718173002142e-02,4.161718981103373904e-02
3.053343914195308373e-02,4.167431565639917457e-02
3.034178129289663572e-02,4.173147568245166861e-02
3.015013359929183401e-02,4.178866974876765950e-02
2.995849602679839796e-02,4.184589771830249383e-02
2.976686854200241705e-02,4.190315945737338454e-02
2.957525111241401938e-02,4.196045483564192491e-02
2.938364370646537327e-02,4.201778372609749068e-02
2.919204629350827251e-02,4.207514600504086433e-02
2.900045884381224903e-02,4.213254155206780371e-02
2.880888132856243566e-02,4.218997025005338797e-02
2.861731371985765104e-02,4.224743198513614129e-02
2.842575599070842896e-02,4.230492664670337799e-02
2.823420811503529748e-02,4.236245412737554839e-02
2.804267006766678061e-02,4.242001432299230546e-02
2.785114182433792718e-02,4.247760713259801646e-02
2.765962336168853453e-02,4.253523245842794065e-02
2.746811465726164969e-02,4.259289020589479557e-02
2.727661568950215387e-02,4.265058028357560094e-02
2.708512643775523587e-02,4.270830260319863347e-02
2.689364688226525413e-02,4.276605707963165859e-02
2.670217700417437667e-02,4.282384363086938484e-02
2.651071678552160971e-02,4.288166217802191760e-02
2.631926620924163185e-02,4.293951264530382339e-02
2.612782525916396148e-02,4.299739496002286110e-02
2.593639392001212407e-02,4.305530905256993446e-02
2.574497217740276400e-02,4.311325485640871147e-02
2.555356001784531150e-02,4.317123230806635403e-02
2.536215742874112222e-02,4.322924134712385902e-02
2.517076439838339397e-02,4.328728191620762056e-02
2.497938091595650056e-02,4.334535396098071480e-02
2.478800697153613064e-02,4.340345743013523938e-02
2.459664255608901007e-02,4.346159227538443082e-02
2.440528766147295747e-02,4.351975845145583666e-02
2.421394228043702301e-02,4.357795591608432106e-02
2.402260640662184921e-02,4.363618463000595860e-02
2.383128003455994848e-02,4.369444455695215002e-02
2.363996315967620276e-02,4.375273566364423772e-02
2.344865577828861292e-02,4.381105791978839870e-02
2.325735788760890932e-02,4.386941129807142570e-02
2.306606948574352334e-02,4.392779577415611980e-02
2.287479057169455876e-02,4.398621132667823730e-02
2.268352114536092978e-02,4.404465793724271494e-02
2.249226120753961000e-02,4.410313559042133846e-02
2.230101075992713122e-02,4.416164427375018908e-02
2.210976980512099899e-02,4.422018397772781162e-02
2.191853834662135792e-02,4.427875469581388224e-02
2.172731638883290683e-02,4.433735642442815372e-02
2.153610393706678616e-02,4.439598916295006692e-02
2.134490099754263182e-02,4.445465291371841765e-02
2.115370757739079566e-02,4.451334768203207837e-02
2.096252368465473248e-02,4.457207347615055326e-02
2.077134932829352576e-02,4.463083030729553258e-02
2.058018451818449668e-02,4.468961818965244692e-02
2.038902926512603520e-02,4.474843714037268771e-02
2.019788358084045887e-02,4.480728717957654927e-02
2.000674747797720476e-02,4.486616833035583785e-02
1.981562097011602130e-02,4.492508061877797942e-02
1.962450407177029899e-02,4.498402407388973900e-02
1.943339679839067857e-02,4.504299872772177249e-02
1.924229916636868709e-02,4.510200461529356719e-02
1.905121119304059585e-02,4.516104177461888192e-02
1.886013289669136173e-02,4.522011024671163115e-02
1.866906429655890154e-02,4.527921007559204680e-02
1.847800541283814435e-02,4.533834130829350606e-02
1.828695626668577767e-02,4.539750399487002541e-02
1.809591688022460509e-02,4.545669818840342158e-02
1.790488727654840351e-02,4.551592394501169370e-02
1.771386747972694686e-02,4.557518132385779408e-02
1.752285751481086340e-02,4.563447038715823245e-02
1.733185740783704798e-02,4.569379120019284590e-02
1.714086718583401892e-02,4.575314383131467988e-02
1.694988687682744133e-02,4.581252835196025774e-02
1.675891650984590031e-02,4.587194483666034994e-02
1.656795611492667408e-02,4.593139336305129827e-02
1.637700572312192349e-02,4.599087401188678426e-02
1.618606536650477046e-02,4.605038686704981954e-02
1.599513507817573732e-02,4.610993201556529142e-02
1.580421489226924159e-02,4.616950954761317449e-02
1.561330484396034057e-02,4.622911955654163130e-02
1.542240496947153150e-02,4.628876213888116764e-02
1.523151530607977366e-02,4.634843739435873244e-02
1.504063589212376040e-02,4.640814542591248371e-02
1.484976676701121878e-02,4.646788633970699856e-02
1.465890797122637590e-02,4.652766024514864984e-02
1.446805954633773039e-02,4.658746725490170437e-02
1.427722153500587954e-02,4.664730748490469869e-02
1.408639398099156836e-02,4.670718105438714796e-02
1.389557692916382203e-02,4.676708808588692090e-02
1.370477042550832802e-02,4.682702870526744832e-02
1.351397451713598485e-02,4.688700304173615274e-02
1.332318925229150630e-02,4.694701122786254510e-02
1.313241468036235871e-02,4.700705339959720952e-02
1.294165085188780928e-02,4.706712969629067711e-02
1.275089781856800220e-02,4.712724026071329897e-02
1.256015563327339546e-02,4.718738523907495264e-02
1.236942435005428109e-02,4.724756478104530366e-02
1.217870402415044406e-02,4.730777903977445575e-02
1.198799471200104327e-02,4.736802817191432258e-02
1.179729647125465908e-02,4.742831233763933341e-02
1.160660936077934080e-02,4.748863170066874861e-02
1.141593344067320936e-02,4.754898642828836453e-02
1.122526877227469910e-02,4.760937669137305095e-02
1.103461541817346570e-02,4.766980266440945524e-02
1.084397344222112758e-02,4.773026452551898391e-02
1.065334290954217389e-02,4.779076245648111732e-02
1.046272388654537200e-02,4.785129664275733496e-02
1.027211644093492526e-02,4.791186727351476327e-02
1.008152064172193607e-02,4.797247454165065594e-02
9.890936559236229719e-03,4.803311864381681895e-02
9.700364265138011755e-03,4.809379978044447945e-02
9.509803832429886139e-03,4.815451815576937689e-02
9.319255335468984436e-03,4.821527397785718705e-02
9.128718849979233774e-03,4.827606745862905724e-02
8.938194453063791345e-03,4.833689881388725240e-02
8.747682223217617681e-03,4.839776826334163395e-02
8.557182240340244217e-03,4.845867603063575002e-02
8.366694585748679636e-03,4.851962234337325874e-02
8.176219342190316208e-03,4.858060743314474017e-02
7.985756593856280228e-03,4.864163153555456365e-02
7.795306426394671417e-03,4.870269489024814380e-02
7.604868926923968875e-03,4.876379774093897446e-02
7.414444184046825592e-03,4.882494033543594014e-02
7.224032287863585422e-03,4.888612292567123818e-02
7.033633329986382909e-03,4.894734576772763468e-02
6.843247403552965569e-03,4.900860912186671969e-02
6.652874603241043516e-03,4.906991325255627423e-02
6.462515025282389303e-03,4.913125842849874747e-02
6.272168767477381834e-03,4.919264492265906785e-02
6.081835929209439273e-03,4.925407301229278723e-02
5.891516611459701735e-03,4.931554297897439154e-02
5.701210916821880526e-03,4.937705510862538949e-02
5.510918949517079612e-03,4.943860969154256768e-02
5.320640815408728130e-03,4.950020702242641235e-02
5.130376622017845945e-03,4.956184740040903147e-02
4.940126478538142685e-03,4.962353112908263197e-02
4.749890495851394334e-03,4.968525851652744185e-02
4.559668786542819818e-03,4.974702987533996534e-02
4.369461464916651883e-03,4.980884552266101606e-02
4.179268647011652460e-03,4.987070578020341705e-02
3.989090450616961103e-03,4.993261097427992290e-02
3.798926995287693620e-03,4.999456143583108636e-02
3.608778402360901527e-03,5.005655750045223673e-02
3.418644794971475998e-03,5.011859950842140199e-02
3.228526298068218336e-03,5.018068780472595414e-02
3.038423038429771683e-03,5.024282273908997620e-02
2.848335144680913533e-03,5.030500466600057452e-02
2.658262747308515195e-03,5.036723394473441306e-02
2.468205978678084112e-03,5.042951093938397022e-02
2.278164973049778830e-03,5.049183601888346251e-02
2.088139866594840299e-03,5.055420955703404662e-02
1.898130797411967663e-03,5.061663193252929904e-02
1.708137905543749557e-03,5.067910352898008508e-02
1.518161332992873369e-03,5.074162473493876169e-02
1.328201223738806336e-03,5.080419594392332483e-02
1.138257723754088069e-03,5.086681755444105724e-02
9.483309810208173651e-04,5.092948997001156552e-02
7.584211455470835084e-04,5.099221359918948426e-02
5.685283693834253249e-04,5.105498885558662492e-02
3.786528066392624847e-04,5.111781615789351418e-02
1.887946134992990466e-04,5.118069592990043271e-02
-1.046051760156263555e-06,5.124362860051800972e-02
-1.908690287547309961e-04,5.130661460379692951e-02
-3.806741549758629883e-04,5.136965437894713826e-02
-5.704612657743413084e-04,5.143274837035644032e-02
-7.602301943442912879e-04,5.149589702760837273e-02
-9.499807717069375101e-04,5.155910080549919172e-02
-1.139712826694644354e-03,5.162236016405452599e-02
-1.329426185934817761e-03,5.168567556854464229e-02
-1.519120673834195578e-03,5.174904748949948896e-02
-1.708796112562832592e-03,5.181247640272257371e-02
-1.898452322038668427e-03,5.187596278930411975e-02
-2.088089119911790137e-03,5.193950713563333377e-02
-2.277706321549000101e-03,5.200310993340956367e-02
-2.467303740018661484e-03,5.206677167965290121e-02
-2.656881186075404910e-03,5.213049287671334131e-02
-2.846438468145029432e-03,5.219427403227933082e-02
-3.035975392309875343e-03,5.225811565938504044e-02
-3.225491762294030451e-03,5.232201827641663749e-02
-3.414987379448730653e-03,5.238598240711778153e-02
-3.604462042738260097e-03,5.245000858059312154e-02
-3.793915548725629305e-03,5.251409733131195967e-02
-3.983347691558808412e-03,5.257824919910941697e-02
-4.172758262957015907e-03,5.264246472918726605e-02
-4.362147052197257180e-03,5.270674447211326497e-02
-4.551513846101057359e-03,5.277108898381899227e-02
-4.740858429021638232e-03,5.283549882559690491e-02
-4.930180582831122926e-03,5.289997456409550880e-02
-5.119480086908184679e-03,5.296451677131353009e-02
-5.308756718125834384e-03,5.302912602459264324e-02
-5.498010250839624469e-03,5.309380290660875579e-02
-5.687240456876130335e-03,5.315854800536168323e-02
-5.876447105521764858e-03,5.322336191416376927e-02
-6.065629963511787182e-03,5.328824523162661864e-02
-6.254788795019838865e-03,5.335319856164655317e-02
-6.443923361647813097e-03,5.341822251338834704e-02
-6.633033422415890445e-03,5.348331770126735218e-02
-6.822118733753296249e-03,5.354848474493034693e-02
-7.011179049488919235e-03,5.361372426923455281e-02
-7.200214120843040355e-03,5.367903690422476393e-02
-7.389223696418784071e-03,5.374442328510908862e-02
-7.578207522194485568e-03,5.380988405223308124e-02
-7.767165341516168997e-03,5.387541985105182007e-02
-7.956096895090719601e-03,5.394103133210037537e-02
-8.145001920979333399e-03,5.400671915096272313e-02
-8.333880154591549738e-03,5.407248396823843839e-02
-8.522731328679755691e-03,5.413832644950783424e-02
-8.711555173334079027e-03,5.420424726529532444e-02
-8.900351415978002834e-03,5.427024709103084321e-02
-9.089119781364229933e-03,5.433632660700915551e-02
-9.277859991571352216e-03,5.440248649834777961e-02
-9.466571766000797528e-03,5.446872745494241164e-02
-9.655254821374692487e-03,5.453505017142090683e-02
-9.843908871733808574e-03,5.460145534709504034e-02
-1.003253362843656293e-02,5.466794368591032516e-02
-1.022112880015835223e-02,5.473451589639405368e-02
-1.040969409289149716e-02,5.480117269160106330e-02
-1.059822920994582529e-02,5.486791478905772568e-02
-1.078673385195011436e-02,5.493474291070354898e-02
-1.097520771685367436e-02,5.500165778283166995e-02
-1.116365049992917857e-02,5.506866013602584875e-02
-1.135206189377563346e-02,5.513575070509707521e-02
-1.154044158832229217e-02,5.520293022901662239e-02
-1.172878927083334522e-02,5.527019945084821195e-02
-1.191710462591305530e-02,5.533755911767734847e-02
-1.210538733551164148e-02,5.540500998053904391e-02
-1.229363707893216251e-02,5.547255279434315511e-02
-1.248185353283773336e-02,5.554018831779811149e-02
-1.267003637125974080e-02,5.560791731333192267e-02
-1.285818526560678077e-02,5.567574054701179831e-02
-1.304629988467423396e-02,5.574365878846115896e-02
-1.323437989465470199e-02,5.581167281077498155e-02
-1.342242495914922062e-02,5.587978339043303544e-02
-1.361043473917916691e-02,5.594799130721073155e-02
-1.379840889319916553e-02,5.601629734408836159e-02
-1.398634707711057801e-02,5.608470228715811690e-02
-1.417424894427588011e-02,5.615320692552933091e-02
-1.436211414553389965e-02,5.622181205123122361e-02
-1.454994232921585917e-02,5.629051845911403618e-02
-1.473773314116225142e-02,5.635932694674838928e-02
-1.492548622474049180e-02,5.642823831432225434e-02
-1.511320122086354245e-02,5.649725336453609303e-02
-1.530087776800931332e-02,5.656637290249638683e-02
-1.548851550224092377e-02,5.663559773560689070e-02
-1.567611405722779683e-02,5.670492867345838794e-02
-1.586367306426780810e-02,5.677436652771633563e-02
-1.605119215230998986e-02,5.684391211200684468e-02
-1.623867094797840083e-02,5.691356624180077262e-02
-1.642610907559680089e-02,5.698332973429603987e-02
-1.661350615721407520e-02,5.705320340829861392e-02
-1.680086181263082401e-02,5.712318808410121740e-02
-1.698817565942645214e-02,5.719328458336092602e-02
-1.717544731298759064e-02,5.726349372897460155e-02
-1.736267638653707368e-02,5.733381634495327006e-02
-1.754986249116402552e-02,5.740425325629472386e-02
-1.773700523585466926e-02,5.747480528885451356e-02
-1.792410422752427346e-02,5.754547326921577444e-02
-1.811115907104962619e-02,5.761625802455727641e-02
-1.829816936930284133e-02,5.768716038252053036e-02
-1.848513472318571993e-02,5.775818117107528460e-02
-1.867205473166513863e-02,5.782932121838363360e-02
-1.885892899180940940e-02,5.790058135266323847e-02
-1.904575709882525003e-02,5.797196240204938178e-02
-1.923253864609600350e-02,5.804346519445541253e-02
-1.941927322522046806e-02,5.811509055743258045e-02
-1.960596042605269873e-02,5.818683931802876019e-02
-1.979259983674258594e-02,5.825871230264617617e-02
-1.997919104377751665e-02,5.833071033689812834e-02
-2.016573363202467384e-02,5.840283424546510727e-02
-2.035222718477416870e-02,5.847508485194991001e-02
-2.053867128378325524e-02,5.854746297873203442e-02
-2.072506550932107228e-02,5.861996944682157373e-02
-2.091140944021452341e-02,5.869260507571244512e-02
-2.109770265389457333e-02,5.876537068323495205e-02
-2.128394472644384861e-02,5.883826708540790262e-02
-2.147013523264440504e-02,5.891129509629067229e-02
-2.165627374602699384e-02,5.898445552783426749e-02
-2.184235983892049426e-02,5.905774918973272225e-02
-2.202839308250231776e-02,5.913117688927382876e-02
-2.221437304684975578e-02,5.920473943119008986e-02
-2.240029930099157740e-02,5.927843761750933860e-02
-2.258617141296090369e-02,5.935227224740541319e-02
-2.277198894984830413e-02,5.942624411704905407e-02
-2.295775147785589221e-02,5.950035401945852342e-02
-2.314345856235189292e-02,5.957460274435094627e-02
-2.332910976792590407e-02,5.964899107799354061e-02
-2.351470465844496260e-02,5.972351980305540264e-02
-2.370024279710977733e-02,5.979818969845945853e-02
-2.388572374651218300e-02,5.987300153923535984e-02
-2.407114706869256660e-02,5.994795609637215694e-02
-2.425651232519826506e-02,6.002305413667258227e-02
-2.444181907714229607e-02,6.009829642260727800e-02
-2.462706688526258847e-02,6.017368371216991196e-02
-2.481225530998185103e-02,6.024921675873351479e-02
-2.499738391146780203e-02,6.032489631090726112e-02
-2.518245224969378748e-02,6.040072311239463865e-02
-2.536745988450000988e-02,6.047669790185217220e-02
-2.555240637565492356e-02,6.055282141274981322e-02
-2.573729128291715740e-02,6.062909437323232842e-02
-2.592211416609790930e-02,6.070551750598141005e-02
-2.610687458512322978e-02,6.078209152808017324e-02
-2.629157210009713808e-02,6.085881715087809729e-02
-2.647620627136465510e-02,6.093569507985779898e-02
-2.666077665957516940e-02,6.101272601450347111e-02
-2.684528282574610847e-02,6.108991064817054228e-02
-2.702972433132674879e-02,6.116724966795750174e-02
-2.721410073826213694e-02,6.124474375457888975e-02
-2.739841160905726047e-02,6.132239358224034209e-02
-2.758265650684127435e-02,6.140019981851557729e-02
-2.776683499543186606e-02,6.147816312422510476e-02
-2.795094663939948210e-02,6.155628415331693137e-02
-2.813499100413191512e-02,6.163456355274932186e-02
-2.831896765589864140e-02,6.171300196237572422e-02
-2.850287616191515827e-02,6.179160001483158249e-02
-2.868671609040734927e-02,6.187035833542348096e-02
-2.887048701067573830e-02,6.194927754202078640e-02
-2.905418849315957730e-02,6.202835824494884465e-02
-2.923782010950090604e-02,6.210760104688545225e-02
-2.942138143260822347e-02,6.218700654275893802e-02
-2.960487203672015899e-02,6.226657531964918668e-02
-2.978829149746897720e-02,6.234630795669082737e-02
-2.997163939194336102e-02,6.242620502497914226e-02
-3.015491529875161114e-02,6.250626708747836213e-02
-3.033811879808387402e-02,6.258649469893284856e-02
-3.052124947177439762e-02,6.266688840578038544e-02
-3.070430690336334312e-02,6.274744874606896783e-02
-3.088729067815798590e-02,6.282817624937542256e-02
-3.107020038329386113e-02,6.290907143672752611e-02
-3.125303560779510437e-02,6.299013482052812085e-02
-3.143579594263443133e-02,6.307136690448295058e-02
-3.161848098079259040e-02,6.315276818353060539e-02
-3.180109031731728764e-02,6.323433914377563081e-02
-3.198362354938150132e-02,6.331608026242452336e-02
-3.216608027634124123e-02,6.339799200772439081e-02
-3.234846009979255865e-02,6.348007483890494296e-02
-3.253076262362808446e-02,6.356232920612320259e-02
-3.271298745409267905e-02,6.364475555041099186e-02
-3.289513419983855491e-02,6.372735430362563847e-02
-3.307720247197953878e-02,6.381012588840384581e-02
-3.325919188414463989e-02,6.389307071811806127e-02
-3.344110205253078560e-02,6.397618919683606409e-02
-3.362293259595480754e-02,6.405948171928393942e-02
-3.380468313590462293e-02,6.414294867081132834e-02
-3.398635329658936111e-02,6.422659042736039714e-02
-3.416794270498887953e-02,6.431040735543736009e-02
-3.434945099090214171e-02,6.439439981208722186e-02
-3.453087778699495680e-02,6.447856814487162858e-02
-3.471222272884647020e-02,6.456291269184921688e-02
-3.489348545499482146e-02,6.464743378155984876e-02
-3.507466560698199731e-02,6.473213173301078927e-02
-3.525576282939735240e-02,6.481700685566671449e-02
-3.543677676992032510e-02,6.490205944944238414e-02
