x,y
1.397662114398221522e-01,5.673195163702571264e-01
1.399662062163546938e-01,5.673209477901908215e-01
1.401662034734921514e-01,5.673219754097630352e-01
1.403662024072961922e-01,5.673225955691827416e-01
1.405662021914711457e-01,5.673228046186647999e-01
1.407662019772371043e-01,5.673225989197798746e-01
1.409662008932190957e-01,5.673219748468191215e-01
1.411661980453514098e-01,5.673209287881784135e-01
1.413661925167986333e-01,5.673194571477493398e-01
1.415661833678921178e-01,5.673175563463314086e-01
1.417661696360848766e-01,5.673152228230464722e-01
1.419661503359225252e-01,5.673124530367714691e-01
1.421661244590339823e-01,5.673092434675767182e-01
1.423660909741392144e-01,5.673055906181728725e-01
1.425660488270765469e-01,5.673014910153657553e-01
1.427659969408484331e-01,5.672969412115175247e-01
1.429659342156886503e-01,5.672919377860103918e-01
1.431658595291471492e-01,5.672864773467161115e-01
1.433657717361970230e-01,5.672805565314671394e-01
1.435656696693614065e-01,5.672741720095256790e-01
1.437655521388616076e-01,5.672673204830570581e-01
1.439654179327857775e-01,5.672599986885977774e-01
1.441652658172797030e-01,5.672522033985207823e-01
1.443650945367589422e-01,5.672439314224962947e-01
1.445649028141429149e-01,5.672351796089472042e-01
1.447646893511100596e-01,5.672259448464949116e-01
1.449644528283768052e-01,5.672162240654001764e-01
1.451641919059959984e-01,5.672060142389870885e-01
1.453639052236799789e-01,5.671953123850616008e-01
1.455635914011443044e-01,5.671841155673132961e-01
1.457632490384738744e-01,5.671724208967013903e-01
1.459628767165107033e-01,5.671602255328284103e-01
1.461624729972647585e-01,5.671475266852907815e-01
1.463620364243444494e-01,5.671343216150155353e-01
1.465615655234110970e-01,5.671206076355710390e-01
1.467610588026525831e-01,5.671063821144607386e-01
1.469605147532787870e-01,5.670916424743890349e-01
1.471599318500387554e-01,5.670763861945038453e-01
1.473593085517561629e-01,5.670606108116138522e-01
1.475586433018867827e-01,5.670443139213766637e-01
1.477579345290941926e-01,5.670274931794577755e-01
1.479571806478456319e-01,5.670101463026598898e-01
1.481563800590250946e-01,5.669922710700188162e-01
1.483555311505659335e-01,5.669738653238706183e-01
1.485546322981005640e-01,5.669549269708774597e-01
1.487536818656261528e-01,5.669354539830254724e-01
1.489526782061880994e-01,5.669154443985814362e-01
1.491516196625779223e-01,5.668948963230125981e-01
1.493505045680464938e-01,5.668738079298691890e-01
1.495493312470317915e-01,5.668521774616248621e-01
1.497480980158990838e-01,5.668300032304786074e-01
1.499468031836948545e-01,5.668072836191139219e-01
1.501454450529117746e-01,5.667840170814146816e-01
1.503440219202644423e-01,5.667602021431397130e-01
1.505425320774764208e-01,5.667358374025501799e-01
1.507409738120744080e-01,5.667109215309946713e-01
1.509393454081927877e-01,5.666854532734492134e-01
1.511376451473839810e-01,5.666594314490061013e-01
1.513358713094358210e-01,5.666328549513240942e-01
1.515340221731943937e-01,5.666057227490235437e-01
1.517320960173908773e-01,5.665780338860406662e-01
1.519300911214719330e-01,5.665497874819268587e-01
1.521280057664331498e-01,5.665209827321067149e-01
1.523258382356530716e-01,5.664916189080845266e-01
1.525235868157278352e-01,5.664616953576008251e-01
1.527212497973058358e-01,5.664312115047406282e-01
1.529188254759198395e-01,5.664001668499983877e-01
1.531163121528169024e-01,5.663685609702842072e-01
1.533137081357855980e-01,5.663363935188920895e-01
1.535110117399759999e-01,5.663036642254116737e-01
1.537082212887176391e-01,5.662703728955960081e-01
1.539053351143272463e-01,5.662365194111806943e-01
1.541023515589118875e-01,5.662021037296532944e-01
1.542992689751616076e-01,5.661671258839809928e-01
1.544960857271329979e-01,5.661315859822845242e-01
1.546928001910234385e-01,5.660954842074710225e-01
1.548894107559320721e-01,5.660588208168211288e-01
1.550859158246104264e-01,5.660215961415270280e-01
1.552823138141992132e-01,5.659838105861924040e-01
1.554786031569503346e-01,5.659454646282834345e-01
1.556747823009361764e-01,5.659065588175405948e-01
1.558708497107412771e-01,5.658670937753479402e-01
1.560668038681394809e-01,5.658270701940616432e-01
1.562626432727533543e-01,5.657864888362960087e-01
1.564583664426952847e-01,5.657453505341777378e-01
1.566539719151917587e-01,5.657036561885515624e-01
1.568494582471874899e-01,5.656614067681595692e-01
1.570448240159308950e-01,5.656186033087788889e-01
1.572400678195386425e-01,5.655752469123269677e-01
1.574351882775402445e-01,5.655313387459317553e-01
1.576301840314017766e-01,5.654868800409722507e-01
1.578250537450272550e-01,5.654418720920866281e-01
1.580197961052390021e-01,5.653963162561512767e-01
1.582144098222355577e-01,5.653502139512308622e-01
1.584088936300264983e-01,5.653035666555021876e-01
1.586032462868450787e-01,5.652563759061520754e-01
1.587974665755376991e-01,5.652086432982517117e-01
1.589915533039297779e-01,5.651603704836055675e-01
1.591855053051682845e-01,5.651115591695817786e-01
1.593793214380410661e-01,5.650622111179206541e-01
1.595730005872719182e-01,5.650123281435234235e-01
1.597665416637923386e-01,5.649619121132264388e-01
1.599599436049901069e-01,5.649109649445568371e-01
1.601532053749323836e-01,5.648594886044724372e-01
1.603463259645677708e-01,5.648074851080924219e-01
1.605393043919023932e-01,5.647549565174119213e-01
1.607321397021544973e-01,5.647019049400083812e-01
1.609248309678846800e-01,5.646483325277360521e-01
1.611173772891032474e-01,5.645942414754173688e-01
1.613097777933555910e-01,5.645396340195221185e-01
1.615020316357839714e-01,5.644845124368450540e-01
1.616941379991675976e-01,5.644288790431760683e-01
1.618860960939412785e-01,5.643727361919731456e-01
1.620779051581911490e-01,5.643160862730274285e-01
1.622695644576309659e-01,5.642589317111320613e-01
1.624610732855558404e-01,5.642012749647505876e-01
1.626524309627773723e-01,5.641431185246864599e-01
1.628436368375371091e-01,5.640844649127593202e-01
1.630346902854018509e-01,5.640253166804801710e-01
1.632255907091395564e-01,5.639656764077359830e-01
1.634163375385764283e-01,5.639055467014795209e-01
1.636069302304364037e-01,5.638449301944270520e-01
1.637973682681633791e-01,5.637838295437624936e-01
1.639876511617261445e-01,5.637222474298554387e-01
1.641777784474069135e-01,5.636601865549832890e-01
1.643677496875745048e-01,5.635976496420697091e-01
1.645575644704425078e-01,5.635346394334335152e-01
1.647472224098118221e-01,5.634711586895502222e-01
1.649367231448000126e-01,5.634072101878252470e-01
1.651260663395577033e-01,5.633427967213876508e-01
1.653152516829705099e-01,5.632779210978909878e-01
1.655042788883510085e-01,5.632125861383363574e-01
1.656931476931169656e-01,5.631467946759078913e-01
1.658818578584598247e-01,5.630805495548290018e-01
1.660704091690026751e-01,5.630138536292317308e-01
1.662588014324483110e-01,5.629467097620484139e-01
1.664470344792173262e-01,5.628791208239188881e-01
1.666351081620799368e-01,5.628110896921192374e-01
1.668230223557769787e-01,5.627426192495081914e-01
1.670107769566353817e-01,5.626737123834956167e-01
1.671983718821760945e-01,5.626043719850268854e-01
1.673858070707166801e-01,5.625346009475947762e-01
1.675730824809666397e-01,5.624644021662655868e-01
1.677601980916192115e-01,5.623937785367304487e-01
1.679471539009380343e-01,5.623227329543767361e-01
1.681339499263393433e-01,5.622512683133807920e-01
1.683205862039720557e-01,5.621793875058238577e-01
1.685070627882925831e-01,5.621070934208277636e-01
1.686933797516403377e-01,5.620343889437148244e-01
1.688795371838082426e-01,5.619612769551882714e-01
1.690655351916138249e-01,5.618877603305353352e-01
1.692513738984684490e-01,5.618138419388534199e-01
1.694370534439459952e-01,5.617395246422985933e-01
1.696225739833519541e-01,5.616648112953515071e-01
1.698079356872925771e-01,5.615897047441150702e-01
1.699931387412443873e-01,5.615142078256258884e-01
1.701781833451253556e-01,5.614383233671891293e-01
1.703630697128680482e-01,5.613620541857397006e-01
1.705477980719931619e-01,5.612854030872201916e-01
1.707323686631870563e-01,5.612083728659840176e-01
1.709167817398806744e-01,5.611309663042174378e-01
1.711010375678324313e-01,5.610531861713844437e-01
1.712851364247132413e-01,5.609750352236948512e-01
1.714690785996958733e-01,5.608965162035866037e-01
1.716528643930484710e-01,5.608176318392368298e-01
1.718364941157307646e-01,5.607383848440885554e-01
1.720199680889963334e-01,5.606587779163991758e-01
1.722032866439983101e-01,5.605788137388072467e-01
1.723864501214006639e-01,5.604984949779238113e-01
1.725694588709942301e-01,5.604178242839356061e-01
1.727523132513176241e-01,5.603368042902351354e-01
1.729350136292846507e-01,5.602554376130628455e-01
1.731175603798160711e-01,5.601737268511743917e-01
1.732999538854783084e-01,5.600916745855206713e-01
1.734821945361272044e-01,5.600092833789462876e-01
1.736642827285584390e-01,5.599265557759133261e-01
1.738462188661644148e-01,5.598434943022291277e-01
1.740280033585958619e-01,5.597601014648028173e-01
1.742096366214324066e-01,5.596763797514119343e-01
1.743911190758572760e-01,5.595923316304877160e-01
1.745724511483401908e-01,5.595079595509157011e-01
1.747536332703263362e-01,5.594232659418508780e-01
1.749346658779316610e-01,5.593382532125515949e-01
1.751155494116462541e-01,5.592529237522224639e-01
1.752962843160431050e-01,5.591672799298778029e-01
1.754768710394943310e-01,5.590813240942158480e-01
1.756573100338950644e-01,5.589950585735057320e-01
1.758376017543926695e-01,5.589084856754927833e-01
1.760177466591245632e-01,5.588216076873102622e-01
1.761977452089615037e-01,5.587344268754103060e-01
1.763775978672588174e-01,5.586469454855030881e-01
1.765573050996143145e-01,5.585591657425090784e-01
1.767368673736327278e-01,5.584710898505231835e-01
1.769162851586975616e-01,5.583827199927910989e-01
1.770955589257490748e-01,5.582940583316954308e-01
1.772746891470698694e-01,5.582051070087529210e-01
1.774536762960769176e-01,5.581158681446227732e-01
1.776325208471199735e-01,5.580263438391230846e-01
1.778112232752870892e-01,5.579365361712596005e-01
1.779897840562167932e-01,5.578464471992626850e-01
1.781682036659159307e-01,5.577560789606330616e-01
1.783464825805858300e-01,5.576654334721958817e-01
1.785246212764526053e-01,5.575745127301647841e-01
1.787026202296055355e-01,5.574833187102130605e-01
1.788804799158408565e-01,5.573918533675542575e-01
1.790582008105123801e-01,5.573001186370276638e-01
1.792357833883873042e-01,5.572081164331931236e-01
1.794132281235091275e-01,5.571158486504325102e-01
1.795905354890654226e-01,5.570233171630583069e-01
1.797677059572628799e-01,5.569305238254267376e-01
1.799447399992059882e-01,5.568374704720608914e-01
1.801216380847839582e-01,5.567441589177756223e-01
1.802984006825613383e-01,5.566505909578113309e-01
1.804750282596745692e-01,5.565567683679708555e-01
1.806515212817341454e-01,5.564626929047638004e-01
1.808278802127327167e-01,5.563683663055546402e-01
1.810041055149567146e-01,5.562737902887140429e-01
1.811801976489045285e-01,5.561789665537794081e-01
1.813561570732093453e-01,5.560838967816138512e-01
1.815319842445664578e-01,5.559885826345737359e-01
1.817076796176657072e-01,5.558930257566779831e-01
1.818832436451291168e-01,5.557972277737812661e-01
1.820586767774520776e-01,5.557011902937510905e-01
1.822339794629493914e-01,5.556049149066479842e-01
1.824091521477069766e-01,5.555084031849093495e-01
1.825841952755354047e-01,5.554116566835338720e-01
1.827591092879301549e-01,5.553146769402728111e-01
1.829338946240342823e-01,5.552174654758179617e-01
1.831085517206061108e-01,5.551200237939991622e-01
1.832830810119898679e-01,5.550223533819780286e-01
1.834574829300908705e-01,5.549244557104450193e-01
1.836317579043545145e-01,5.548263322338202741e-01
1.838059063617479838e-01,5.547279843904568963e-01
1.839799287267464556e-01,5.546294136028389055e-01
1.841538254213222481e-01,5.545306212777922905e-01
1.843275968649370211e-01,5.544316088066831849e-01
1.845012434745380014e-01,5.543323775656305852e-01
1.846747656645563174e-01,5.542329289157109651e-01
1.848481638469094968e-01,5.541332642031678857e-01
1.850214384310056859e-01,5.540333847596202732e-01
1.851945898237516985e-01,5.539332919022724733e-01
1.853676184295635077e-01,5.538329869341258593e-01
1.855405246503789574e-01,5.537324711441869995e-01
1.857133088856739445e-01,5.536317458076801534e-01
1.858859715324800710e-01,5.535308121862568820e-01
1.860585129854055997e-01,5.534296715282088774e-01
1.862309336366579915e-01,5.533283250686760191e-01
1.864032338760689411e-01,5.532267740298593139e-01
1.865754140911221326e-01,5.531250196212295078e-01
1.867474746669816887e-01,5.530230630397371394e-01
1.869194159865239513e-01,5.529209054700222614e-01
1.870912384303701770e-01,5.528185480846237176e-01
1.872629423769216761e-01,5.527159920441833130e-01
1.874345282023962833e-01,5.526132384976593093e-01
1.876059962808667436e-01,5.525102885825262655e-01
1.877773469842998755e-01,5.524071434249840928e-01
1.879485806825984262e-01,5.523038041401618914e-01
1.881196977436437323e-01,5.522002718323184567e-01
1.882906985333388239e-01,5.520965475950477819e-01
1.884615834156542491e-01,5.519926325114762333e-01
1.886323527526747035e-01,5.518885276544643892e-01
1.888030069046451875e-01,5.517842340868029938e-01
1.889735462300207725e-01,5.516797528614099111e-01
1.891439710855147560e-01,5.515750850215239698e-01
1.893142818261495386e-01,5.514702316008995853e-01
1.894844788053073881e-01,5.513651936239966078e-01
1.896545623747818987e-01,5.512599721061697267e-01
1.898245328848304214e-01,5.511545680538564307e-01
1.899943906842269103e-01,5.510489824647631929e-01
1.901641361203151581e-01,5.509432163280483241e-01
1.903337695390625584e-01,5.508372706245041606e-01
1.905032912851143401e-01,5.507311463267365870e-01
1.906727017018479964e-01,5.506248443993424502e-01
1.908420011314274356e-01,5.505183657990853074e-01
1.910111899148582704e-01,5.504117114750674000e-01
1.911802683920423296e-01,5.503048823689011826e-01
1.913492369018328088e-01,5.501978794148769669e-01
1.915180957820886432e-01,5.500907035401301215e-01
1.916868453697299080e-01,5.499833556648028310e-01
1.918554860007913310e-01,5.498758367022075211e-01
1.920240180104775818e-01,5.497681475589827338e-01
1.921924417332169788e-01,5.496602891352501130e-01
1.923607575027144745e-01,5.495522623247681704e-01
1.925289656520059456e-01,5.494440680150822764e-01
1.926970665135101235e-01,5.493357070876730974e-01
1.928650604190811080e-01,5.492271804181010353e-01
1.930329477000600757e-01,5.491184888761480032e-01
1.932007286873261842e-01,5.490096333259599781e-01
1.933684037113467813e-01,5.489006146261793395e-01
1.935359731022267549e-01,5.487914336300827589e-01
1.937034371897579654e-01,5.486820911857093197e-01
1.938707963034660975e-01,5.485725881359904132e-01
1.940380507726582882e-01,5.484629253188730846e-01
1.942052009264690071e-01,5.483531035674433785e-01
1.943722470939046876e-01,5.482431237100439114e-01
1.945391896038879687e-01,5.481329865703923332e-01
1.947060287853002447e-01,5.480226929676919045e-01
1.948727649670238815e-01,5.479122437167415205e-01
1.950393984779816847e-01,5.478016396280441791e-01
1.952059296471768124e-01,5.476908815079088999e-01
1.953723588037308556e-01,5.475799701585511992e-01
1.955386862769198097e-01,5.474689063781926768e-01
1.957049123962097958e-01,5.473576909611518326e-01
1.958710374912907837e-01,5.472463246979377693e-01
1.960370618921088992e-01,5.471348083753370117e-01
1.962029859288976774e-01,5.470231427764982168e-01
1.963688099322073166e-01,5.469113286810138863e-01
1.965345342329323508e-01,5.467993668649985262e-01
1.967001591623386281e-01,5.466872581011632537e-01
1.968656850520874857e-01,5.465750031588900715e-01
1.970311122342591759e-01,5.464626028042967043e-01
1.971964410413742652e-01,5.463500578003057662e-01
1.973616718064135633e-01,5.462373689067057114e-01
1.975268048628359974e-01,5.461245368802095657e-01
1.976918405445955984e-01,5.460115624745124352e-01
1.978567791861554903e-01,5.458984464403434655e-01
1.980216211225010459e-01,5.457851895255152463e-01
1.981863666891516551e-01,5.456717924749725501e-01
1.983510162221691076e-01,5.455582560308337436e-01
1.985155700581657801e-01,5.454445809324320882e-01
1.986800285343108541e-01,5.453307679163542643e-01
1.988443919883330357e-01,5.452168177164735674e-01
1.990086607585240253e-01,5.451027310639815493e-01
1.991728351837379896e-01,5.449885086874185491e-01
1.993369156033905909e-01,5.448741513126950098e-01
1.995009023574552953e-01,5.447596596631185673e-01
1.996647957864585987e-01,5.446450344594115922e-01
1.998285962314725051e-01,5.445302764197275103e-01
1.999923040341063385e-01,5.444153862596670113e-01
2.001559195364955857e-01,5.443003646922880412e-01
2.003194430812899052e-01,5.441852124281136849e-01
2.004828750116383618e-01,5.440699301751394934e-01
2.006462156711738554e-01,5.439545186388364817e-01
2.008094654039951910e-01,5.438389785221496853e-01
2.009726245546470946e-01,5.437233105254996035e-01
2.011356934680995634e-01,5.436075153467748722e-01
2.012986724897238844e-01,5.434915936813271564e-01
2.014615619652687095e-01,5.433755462219602705e-01
2.016243622408329939e-01,5.432593736589191868e-01
2.017870736628378237e-01,5.431430766798759358e-01
2.019496965779968289e-01,5.430266559699129525e-01
2.021122313332844866e-01,5.429101122115048694e-01
2.022746782759030082e-01,5.427934460844971998e-01
2.024370377532479226e-01,5.426766582660840221e-01
2.025993101128715224e-01,5.425597494307831115e-01
2.027614957024455045e-01,5.424427202504080725e-01
2.029235948697212244e-01,5.423255713940406952e-01
2.030856079624893673e-01,5.422083035279995356e-01
2.032475353285379538e-01,5.420909173158070526e-01
2.034093773156082918e-01,5.419734134181566354e-01
2.035711342713507899e-01,5.418557924928755209e-01
2.037328065432780777e-01,5.417380551948866030e-01
2.038943944787179330e-01,5.416202021761706842e-01
2.040558984247646535e-01,5.415022340857255090e-01
2.042173187282286806e-01,5.413841515695222428e-01
2.043786557355858347e-01,5.412659552704632837e-01
2.045399097929253840e-01,5.411476458283370761e-01
2.047010812458956441e-01,5.410292238797717035e-01
2.048621704396509369e-01,5.409106900581863719e-01
2.050231777187953019e-01,5.407920449937473339e-01
2.051841034273264863e-01,5.406732893133125994e-01
2.053449479085786566e-01,5.405544236403838632e-01
2.055057115051643624e-01,5.404354485950572107e-01
2.056663945589151110e-01,5.403163647939667191e-01
2.058269974108223876e-01,5.401971728502344972e-01
2.059875204009765093e-01,5.400778733734132864e-01
2.061479638685052851e-01,5.399584669694358352e-01
2.063083281515127043e-01,5.398389542405557240e-01
2.064686135870160699e-01,5.397193357852944073e-01
2.066288205108828824e-01,5.395996121983822613e-01
2.067889492577670296e-01,5.394797840707032943e-01
2.069490001610455598e-01,5.393598519892366383e-01
2.071089735527523457e-01,5.392398165369991503e-01
2.072688697635151622e-01,5.391196782929881248e-01
2.074286891224886298e-01,5.389994378321205648e-01
2.075884319572894876e-01,5.388790957251776703e-01
2.077480985939302582e-01,5.387586525387432212e-01
2.079076893567527728e-01,5.386381088351466229e-01
2.080672045683621407e-01,5.385174651724030648e-01
2.082266445495599416e-01,5.383967221041541240e-01
2.083860096192772238e-01,5.382758801796108106e-01
2.085453000945080571e-01,5.381549399434913949e-01
2.087045162902417816e-01,5.380339019359657859e-01
2.088636585193971440e-01,5.379127666925939133e-01
2.090227270927543235e-01,5.377915347442703276e-01
2.091817223188882635e-01,5.376702066171636929e-01
2.093406445041023356e-01,5.375487828326587225e-01
2.094994939523602273e-01,5.374272639073002233e-01
2.096582709652206056e-01,5.373056503527346983e-01
2.098169758417698094e-01,5.371839426756511715e-01
2.099756088785556807e-01,5.370621413777284525e-01
2.101341703695213392e-01,5.369402469555766277e-01
2.102926606059392634e-01,5.368182599006808831e-01
2.104510798763455370e-01,5.366961806993467698e-01
2.106094284664746241e-01,5.365740098326458041e-01
2.107677066591939763e-01,5.364517477763594000e-01
2.109259147344393903e-01,5.363293950009270228e-01
2.110840529691503653e-01,5.362069519713912324e-01
2.112421216372060151e-01,5.360844191473461695e-01
2.114001210093614525e-01,5.359617969828841533e-01
2.115580513531838680e-01,5.358390859265447226e-01
2.117159129329903577e-01,5.357162864212636766e-01
2.118737060097843905e-01,5.355933989043218935e-01
2.120314308411940518e-01,5.354704238072958145e-01
2.121890876814104820e-01,5.353473615560088161e-01
2.123466767811258704e-01,5.352242125704819165e-01
2.125041983874731422e-01,5.351009772648864793e-01
2.126616527439652293e-01,5.349776560474966969e-01
2.128190400904348134e-01,5.348542493206410731e-01
2.129763606629752060e-01,5.347307574806595687e-01
2.131336146938808962e-01,5.346071809178551959e-01
2.132908024115888201e-01,5.344835200164514966e-01
2.134479240406203515e-01,5.343597751545468011e-01
2.136049798015230705e-01,5.342359467040717069e-01
2.137619699108140037e-01,5.341120350307444475e-01
2.139188945809224196e-01,5.339880404940297032e-01
2.140757540201333187e-01,5.338639634470981887e-01
2.142325484325313667e-01,5.337398042367823559e-01
2.143892780179452728e-01,5.336155632035374241e-01
2.145459429718927225e-01,5.334912406814024122e-01
2.147025434855256154e-01,5.333668369979580604e-01
2.148590797455754153e-01,5.332423524742886389e-01
2.150155519342991095e-01,5.331177874249460880e-01
2.151719602294259182e-01,5.329931421579073847e-01
2.153283048041035874e-01,5.328684169745407928e-01
2.154845858268456538e-01,5.327436121695674487e-01
2.156408034614787361e-01,5.326187280310232808e-01
2.157969578670902444e-01,5.324937648402257029e-01
2.159530491979765321e-01,5.323687228717361997e-01
2.161090776035907990e-01,5.322436023933239113e-01
2.162650432284918822e-01,5.321184036659324379e-01
2.164209462122929084e-01,5.319931269436445342e-01
2.165767866896104454e-01,5.318677724736474710e-01
2.167325647900137930e-01,5.317423404961985067e-01
2.168882806379737460e-01,5.316168312445921362e-01
2.170439343528130505e-01,5.314912449451260068e-01
2.171995260486555279e-01,5.313655818170675005e-01
2.173550558343761707e-01,5.312398420726205384e-01
2.175105238135509045e-01,5.311140259168930511e-01
2.176659300844068501e-01,5.309881335478638942e-01
2.178212747397720861e-01,5.308621651563505406e-01
2.179765578670261328e-01,5.307361209259767731e-01
2.181317795480500477e-01,5.306100010331387118e-01
2.182869398591763543e-01,5.304838056469746155e-01
2.184420388711393324e-01,5.303575349293317975e-01
2.185970766490250294e-01,5.302311890347340961e-01
2.187520532522214400e-01,5.301047681103491227e-01
2.189069687343680737e-01,5.299782722959576198e-01
2.190618231433061336e-01,5.298517017239201543e-01
2.192166165210279460e-01,5.297250565191450322e-01
2.193713489036263897e-01,5.295983367990543256e-01
2.195260203212444639e-01,5.294715426735552288e-01
2.196806307980243289e-01,5.293446742450026443e-01
2.198351803520560144e-01,5.292177316081703164e-01
2.199896689953261264e-01,5.290907148502159707e-01
2.201440967336665278e-01,5.289636240506490061e-01
2.202984635667020741e-01,5.288364592812959675e-01
2.204527694877985999e-01,5.287092206062700139e-01
2.206070144840102110e-01,5.285819080819331717e-01
2.207611985360266593e-01,5.284545217568661357e-01
2.209153216181199975e-01,5.283270616718321877e-01
2.210693836980907323e-01,5.281995278597436672e-01
2.212233847372143958e-01,5.280719203456268884e-01
2.213773246901866720e-01,5.279442391465873907e-01
2.215312035050686912e-01,5.278164842717751881e-01
2.216850211232315460e-01,5.276886557223489094e-01
2.218387774793012246e-01,5.275607534914402708e-01
2.219924725011019062e-01,5.274327775641182159e-01
2.221461061095992839e-01,5.273047279173528334e-01
2.222996782188437215e-01,5.271766045199777206e-01
2.224531887359125215e-01,5.270484073326558994e-01
2.226066375608519443e-01,5.269201363078385159e-01
2.227600245866183382e-01,5.267917913897313120e-01
2.229133496990191310e-01,5.266633725142557676e-01
2.230666127766535722e-01,5.265348796090097983e-01
2.232198136908518649e-01,5.264063125932322285e-01
2.233729523056151856e-01,5.262776713777616022e-01
2.235260284775544282e-01,5.261489558649998788e-01
2.236790420558281700e-01,5.260201659488733528e-01
2.238319928820809157e-01,5.258913015147914649e-01
2.239848807903801198e-01,5.257623624396113859e-01
2.241377056071535145e-01,5.256333485915951620e-01
2.242904671511250503e-01,5.255042598303726331e-01
2.244431652332510019e-01,5.253750960069017983e-01
2.245957996566553538e-01,5.252458569634271823e-01
2.247483702165650743e-01,5.251165425334440862e-01
2.249008767002445563e-01,5.249871525416561768e-01
2.250533188869300039e-01,5.248576868039352972e-01
2.252056965477629846e-01,5.247281451272862718e-01
2.253580094457244554e-01,5.245985273098043855e-01
2.255102573355675100e-01,5.244688331406361925e-01
2.256624399637508493e-01,5.243390623999426570e-01
2.258145570683707526e-01,5.242092148588596290e-01
2.259666083790945468e-01,5.240792902794607633e-01
2.261185936170919952e-01,5.239492884147176621e-01
2.262705124949678792e-01,5.238192090084652364e-01
2.264223647166941078e-01,5.236890517953640689e-01
2.265741499775419387e-01,5.235588165008634443e-01
2.267258679640136443e-01,5.234285028411681528e-01
2.268775183537750095e-01,5.232981105232014096e-01
2.270291008155874979e-01,5.231676392445734347e-01
2.271806150092408327e-01,5.230370886935468144e-01
2.273320605854856902e-01,5.229064585490077466e-01
2.274834371859665028e-01,5.227757484804299581e-01
2.276347444431555400e-01,5.226449581478521678e-01
2.277859819802861285e-01,5.225140872018444460e-01
2.279371494112876206e-01,5.223831352834836794e-01
2.280882463407205296e-01,5.222521020243293677e-01
2.282392723637121090e-01,5.221209870463984215e-01
2.283902270658931810e-01,5.219897899621439574e-01
2.285411100233359361e-01,5.218585103744359799e-01
2.286919208024922323e-01,5.217271478765423964e-01
2.288426589601334216e-01,5.215957020521139187e-01
2.289933240432915074e-01,5.214641724751699625e-01
2.291439155892011637e-01,5.213325587100891001e-01
2.292944331252438628e-01,5.212008603115979577e-01
2.294448761688928085e-01,5.210690768247663307e-01
2.295952442276603944e-01,5.209372077850049632e-01
2.297455367990469954e-01,5.208052527180641045e-01
2.298957533704915623e-01,5.206732111400368401e-01
2.300458934193249927e-01,5.205410825573649758e-01
2.301959564127254998e-01,5.204088664668485853e-01
2.303459418076757859e-01,5.202765623556606656e-01
2.304958490509237679e-01,5.201441697013617915e-01
2.306456775789453295e-01,5.200116879719228757e-01
2.307954268179104040e-01,5.198791166257500374e-01
2.309450961836514993e-01,5.197464551117120246e-01
2.310946850816362752e-01,5.196137028691769633e-01
2.312441929069430357e-01,5.194808593280485498e-01
2.313936190442399399e-01,5.193479239088115706e-01
2.315429628677674045e-01,5.192148960225773102e-01
2.316922237413261698e-01,5.190817750711396172e-01
2.318414010182672236e-01,5.189485604470335245e-01
2.319904940414879713e-01,5.188152515335996418e-01
2.321395021434320693e-01,5.186818477050540999e-01
2.322884246460943103e-01,5.185483483265661553e-01
2.324372608610300872e-01,5.184147527543406797e-01
2.325860100893709648e-01,5.182810603357064227e-01
2.327346716218446909e-01,5.181472704092134896e-01
2.328832447388015925e-01,5.180133823047343711e-01
2.330317287102461055e-01,5.178793953435744113e-01
2.331801227958752443e-01,5.177453088385890467e-01
2.333284262451226221e-01,5.176111220943078184e-01
2.334766382972098542e-01,5.174768344070652670e-01
2.336247581812040119e-01,5.173424450651429307e-01
2.337727851160822101e-01,5.172079533489155612e-01
2.339207183108039656e-01,5.170733585310085534e-01
2.340685569643906339e-01,5.169386598764595941e-01
2.342163002660130056e-01,5.168038566428946323e-01
2.343639473950859253e-01,5.166689480807091783e-01
2.345114975213726249e-01,5.165339334332579302e-01
2.346589498050959954e-01,5.163988119370549468e-01
2.348063033970599900e-01,5.162635828219841461e-01
2.349535574387785763e-01,5.161282453115152435e-01
2.351007110626153473e-01,5.159927986229347896e-01
2.352477633919310140e-01,5.158572419675824250e-01
2.353947135412418623e-01,5.157215745510984606e-01
2.355415606163870634e-01,5.155857955736827813e-01
2.356883037147071147e-01,5.154499042303608558e-01
2.358349419252312174e-01,5.153138997112644004e-01
2.359814743288767280e-01,5.151777812019170399e-01
2.361278999986580751e-01,5.150415478835355110e-01
2.362742179999071657e-01,5.149051989333363055e-01
2.364204273905050890e-01,5.147687335248574136e-01
2.365665272211245340e-01,5.146321508282868384e-01
2.367125165354840299e-01,5.144954500108056550e-01
2.368583943706142059e-01,5.143586302369377306e-01
2.370041597571347081e-01,5.142216906689119904e-01
2.371498117195448285e-01,5.140846304670351197e-01
2.372953492765239869e-01,5.139474487900753674e-01
2.374407714412464510e-01,5.138101447956546775e-01
2.375860772217071037e-01,5.136727176406553630e-01
2.377312656210598396e-01,5.135351664816308892e-01
2.378763356379692273e-01,5.133974904752339752e-01
2.380212862669731089e-01,5.132596887786481377e-01
2.381661164988592982e-01,5.131217605500358880e-01
2.383108253210541039e-01,5.129837049489890388e-01
2.384554117180238131e-01,5.128455211369967737e-01
2.385998746716880281e-01,5.127072082779153828e-01
2.387442131618469354e-01,5.125687655384534303e-01
2.388884261666196773e-01,5.124301920886615846e-01
2.390325126628958241e-01,5.122914871024325523e-01
2.391764716267996693e-01,5.121526497580111137e-01
2.393203020341658216e-01,5.120136792385071578e-01
2.394640028610272864e-01,5.118745747324221496e-01
2.396075730841160378e-01,5.117353354341797056e-01
2.397510116813743875e-01,5.115959605446613878e-01
2.398943176324787874e-01,5.114564492717531552e-01
2.400374899193739586e-01,5.113168008308950352e-01
2.401805275268193429e-01,5.111770144456367904e-01
2.403234294429454077e-01,5.110370893481975818e-01
2.404661946598203037e-01,5.108970247800327380e-01
2.406088221740272648e-01,5.107568199924014118e-01
2.407513109872512214e-01,5.106164742469412321e-01
2.408936601068750738e-01,5.104759868162409564e-01
2.410358685465848749e-01,5.103353569844194526e-01
2.411779353269832005e-01,5.101945840477056793e-01
2.413198594762104299e-01,5.100536673150166678e-01
2.414616400305740207e-01,5.099126061085403894e-01
2.416032760351844444e-01,5.097713997643138484e-01
2.417447665445972005e-01,5.096300476328027296e-01
2.418861106234610758e-01,5.094885490794793803e-01
2.420273073471713721e-01,5.093469034853946864e-01
2.421683558025275740e-01,5.092051102477547220e-01
2.423092550883947094e-01,5.090631687804826333e-01
2.424500043163688168e-01,5.089210785147849636e-01
2.425906026114434122e-01,5.087788388997064315e-01
2.427310491126787040e-01,5.086364494026844874e-01
2.428713429738715568e-01,5.084939095100888817e-01
2.430114833642252614e-01,5.083512187277607897e-01
2.431514694690189160e-01,5.082083765815390564e-01
2.432913004902753362e-01,5.080653826177785604e-01
2.434309756474268283e-01,5.079222364038566973e-01
2.435704941779771870e-01,5.077789375286732021e-01
2.437098553381601418e-01,5.076354856031315421e-01
2.438490584035928332e-01,5.074918802606138701e-01
2.439881026699229627e-01,5.073481211574397687e-01
2.441269874534703899e-01,5.072042079733100062e-01
2.442657120918593494e-01,5.070601404117389688e-01
2.444042759446433954e-01,5.069159182004673303e-01
2.445426783939202431e-01,5.067715410918611774e-01
2.446809188449365624e-01,5.066270088632939261e-01
2.448189967266808653e-01,5.064823213175093652e-01
2.449569114924642355e-01,5.063374782829687115e-01
2.450946626204882628e-01,5.061924796141736849e-01
2.452322496143981845e-01,5.060473251919778148e-01
2.453696720038210932e-01,5.059020149238693254e-01
2.455069293448883805e-01,5.057565487442400309e-01
2.456440212207413321e-01,5.056109266146276982e-01
2.457809472420183494e-01,5.054651485239427533e-01
2.459177070473244631e-01,5.053192144886641257e-01
2.460543003036807508e-01,5.051731245530207692e-01
2.461907267069531335e-01,5.050268787891476485e-01
2.463269859822615759e-01,5.048804772972149690e-01
2.464630778843656389e-01,5.047339202055362017e-01
2.465990021980286051e-01,5.045872076706545695e-01
2.467347587383578733e-01,5.044403398774008895e-01
2.468703473511213997e-01,5.042933170389295450e-01
2.470057679130395756e-01,5.041461393967288096e-01
2.471410203320522081e-01,5.039988072206068592e-01
2.472761045475588559e-01,5.038513208086538020e-01
2.474110205306335186e-01,5.037036804871763973e-01
2.475457682842125695e-01,5.035558866106105702e-01
2.476803478432546834e-01,5.034079395614090569e-01
2.478147592748739803e-01,5.032598397499002951e-01
2.479490026784447743e-01,5.031115876141289966e-01
2.480830781856777911e-01,5.029631836196674088e-01
2.482169859606681017e-01,5.028146282594060379e-01
2.483507261999139404e-01,5.026659220533158390e-01
2.484842991323073236e-01,5.025170655481915327e-01
2.486177050190945814e-01,5.023680593173706077e-01
2.487509441538084676e-01,5.022189039604263439e-01
2.488840168621710425e-01,5.020696001028425171e-01
2.490169235019673577e-01,5.019201483956641230e-01
2.491496644628902191e-01,5.017705495151270068e-01
2.492822401663563059e-01,5.016208041622653990e-01
2.494146510652935633e-01,5.014709130625027989e-01
2.495468976439000619e-01,5.013208769652176544e-01
2.496789804173752125e-01,5.011706966432947219e-01
2.498108999316232814e-01,5.010203728926564404e-01
2.499426567629291218e-01,5.008699065317745447e-01
2.500742515176077596e-01,5.007192984011694659e-01
2.502056848316274174e-01,5.005685493628863059e-01
2.503369573702067252e-01,5.004176602999640400e-01
2.504680698273872297e-01,5.002666321158825147e-01
2.505990229255805612e-01,5.001154657339998977e-01
2.507298174150926484e-01,4.999641620969736411e-01
2.508604540736247834e-01,4.998127221661757269e-01
2.509909337057514844e-01,4.996611469210871515e-01
2.511212571423782625e-01,4.995094373586894121e-01
2.512514252401775727e-01,4.993575944928445032e-01
2.513814388810056699e-01,4.992056193536636433e-01
2.515112989712995906e-01,4.990535129868704511e-01
2.516410064414578152e-01,4.989012764531584598e-01
2.517705622452023340e-01,4.987489108275384164e-01
2.518999673589255583e-01,4.985964171986836946e-01
2.520292227810216890e-01,4.984437966682701560e-01
2.521583295312043171e-01,4.982910503503140132e-01
2.522872886498113698e-01,4.981381793705041416e-01
2.524161011970972313e-01,4.979851848655352797e-01
2.525447682525148174e-01,4.978320679824400075e-01
2.526732909139868810e-01,4.976788298779191710e-01
2.528016702971694896e-01,4.975254717176754160e-01
2.529299075347077874e-01,4.973719946757460542e-01
2.530580037754837641e-01,4.972183999338398164e-01
2.531859601838598040e-01,4.970646886806767140e-01
2.533137779389172395e-01,4.969108621113302315e-01
2.534414582336915189e-01,4.967569214265770694e-01
2.535690022744048755e-01,4.966028678322492174e-01
2.536964112796975535e-01,4.964487025385947994e-01
2.538236864798584236e-01,4.962944267596435810e-01
2.539508291160569309e-01,4.961400417125803597e-01
2.540778404395761525e-01,4.959855486171276806e-01
2.542047217110481871e-01,4.958309486949353251e-01
2.543314741996932637e-01,4.956762431689801240e-01
2.544580991825637351e-01,4.955214332629746532e-01
2.545845979437926787e-01,4.953665202007874746e-01
2.547109717738492152e-01,4.952115052058717048e-01
2.548372219687999318e-01,4.950563895007076831e-01
2.549633498295797995e-01,4.949011743062544100e-01
2.550893566612696395e-01,4.947458608414150860e-01
2.552152437723850253e-01,4.945904503225127535e-01
2.553410124741725129e-01,4.944349439627817033e-01
2.554666640799200250e-01,4.942793429718679854e-01
2.555921999042755077e-01,4.941236485553466840e-01
2.557176212625799083e-01,4.939678619142500726e-01
2.558429294702105894e-01,4.938119842446105356e-01
2.559681258419394534e-01,4.936560167370180330e-01
2.560932116913041678e-01,4.934999605761903330e-01
2.562181883299931573e-01,4.933438169405576779e-01
2.563430570672451947e-01,4.931875870018623265e-01
2.564678192092643694e-01,4.930312719247736397e-01
2.565924760586489328e-01,4.928748728665128254e-01
2.567170289138384076e-01,4.927183909764985548e-01
2.568414790685724092e-01,4.925618273960025717e-01
2.569658278113700067e-01,4.924051832578219545e-01
2.570900764250215742e-01,4.922484596859644790e-01
2.572142261861007917e-01,4.920916577953489690e-01
2.573382783644891370e-01,4.919347786915204135e-01
2.574622342229212490e-01,4.917778234703792939e-01
2.575860950165435592e-01,4.916207932179236795e-01
2.577098619924929612e-01,4.914636890100060884e-01
2.578335363894898036e-01,4.913065119121061142e-01
2.579571194374497001e-01,4.911492629791132658e-01
2.580806123571108834e-01,4.909919432551257956e-01
2.582040163596790450e-01,4.908345537732608510e-01
2.583273326464889386e-01,4.906770955554815017e-01
2.584505624086826381e-01,4.905195696124313165e-01
2.585737068269041150e-01,4.903619769432860376e-01
2.586967670710094702e-01,4.902043185356141364e-01
2.588197442997945963e-01,4.900465953652544671e-01
2.589426396607389380e-01,4.898888083961990270e-01
2.590654542897633528e-01,4.897309585804933696e-01
2.591881893110045132e-01,4.895730468581446782e-01
2.593108458366054636e-01,4.894150741570438279e-01
2.594334249665193326e-01,4.892570413928939987e-01
2.595559277883291993e-01,4.890989494691542760e-01
2.596783553770815045e-01,4.889407992769909117e-01
2.598007087951349492e-01,4.887825916952384664e-01
2.599229890920211616e-01,4.886243275903721650e-01
2.600451973043206300e-01,4.884660078164870245e-01
2.601673344555507916e-01,4.883076332152884169e-01
2.602894015560677232e-01,4.881492046160891829e-01
2.604113996029793765e-01,4.879907228358166260e-01
2.605333295800720261e-01,4.878321886790268347e-01
2.606551924577468204e-01,4.876736029379267756e-01
2.607769891929699879e-01,4.875149663924041588e-01
2.608987207292321475e-01,4.873562798100624094e-01
2.610203879965193319e-01,4.871975439462664093e-01
2.611419919112934473e-01,4.870387595441909023e-01
2.612635333764838363e-01,4.868799273348771162e-01
2.613850132814874438e-01,4.867210480372939352e-01
2.615064325021783098e-01,4.865621223584070676e-01
2.616277919009263875e-01,4.864031509932509878e-01
2.617490923266244662e-01,4.862441346250064300e-01
2.618703346147224220e-01,4.860850739250839880e-01
2.619915195872716263e-01,4.859259695532117118e-01
2.621126480529738512e-01,4.857668221575252576e-01
2.622337208072385017e-01,4.856076323746641443e-01
2.623547386322471753e-01,4.854484008298722286e-01
2.624757022970238274e-01,4.852891281370975141e-01
2.625966125575105448e-01,4.851298148991005088e-01
2.627174701566503678e-01,4.849704617075628055e-01
2.628382758244742212e-01,4.848110691431978814e-01
2.629590302781931177e-01,4.846516377758655625e-01
2.630797342222964130e-01,4.844921681646898182e-01
2.632003883486524476e-01,4.843326608581764448e-01
2.633209933366150723e-01,4.841731163943334137e-01
2.634415498531328947e-01,4.840135353007947727e-01
2.635620585528639648e-01,4.838539180949432139e-01
2.636825200782906276e-01,4.836942652840361956e-01
2.638029350598406486e-01,4.835345773653317303e-01
2.639233041160099491e-01,4.833748548262175038e-01
2.640436278534871728e-01,4.832150981443369964e-01
2.641639068672819723e-01,4.830553077877209334e-01
2.642841417408541282e-01,4.828954842149156268e-01
2.644043330462458874e-01,4.827356278751132046e-01
2.645244813442149123e-01,4.825757392082825059e-01
2.646445871843691733e-01,4.824158186452987551e-01
2.647646511053033391e-01,4.822558666080759004e-01
2.648846736347359454e-01,4.820958835096948447e-01
2.650046552896472840e-01,4.819358697545348957e-01
2.651245965764190693e-01,4.817758257384043286e-01
2.652444979909734935e-01,4.816157518486690603e-01
2.653643600189132812e-01,4.814556484643814360e-01
2.654841831356620774e-01,4.812955159564097918e-01
2.656039678066049459e-01,4.811353546875657972e-01
2.657237144872288126e-01,4.809751650127305767e-01
2.658434236232627979e-01,4.808149472789824963e-01
2.659630956508182709e-01,4.806547018257221748e-01
2.660827309965287379e-01,4.804944289847947192e-01
2.662023300776894530e-01,4.803341290806165120e-01
2.663218933023951407e-01,4.801738024302946717e-01
2.664414210696794405e-01,4.800134493437497318e-01
2.665609137696514086e-01,4.798530701238348795e-01
2.666803717836323528e-01,4.796926650664545266e-01
2.667997954842918906e-01,4.795322344606826603e-01
2.669191852357811756e-01,4.793717785888787497e-01
2.670385413938685670e-01,4.792112977268016549e-01
2.671578643060708580e-01,4.790507921437243133e-01
2.672771543117846704e-01,4.788902621025458717e-01
2.673964117424172948e-01,4.787297078599003775e-01
2.675156369215153096e-01,4.785691296662696881e-01
2.676348301648915906e-01,4.784085277660886093e-01
2.677539917807532088e-01,4.782479023978515875e-01
2.678731220698244986e-01,4.780872537942187361e-01
2.679922213254719021e-01,4.779265821821194193e-01
2.681112898338255945e-01,4.777658877828526163e-01
2.682303278739002206e-01,4.776051708121896167e-01
2.683493357177140770e-01,4.774444314804721645e-01
2.684683136304071294e-01,4.772836699927098247e-01
2.685872618703573633e-01,4.771228865486771276e-01
2.687061806892948046e-01,4.769620813430067163e-01
2.688250703324156499e-01,4.768012545652856038e-01
2.689439310384936221e-01,4.766404064001434349e-01
2.690627630399907155e-01,4.764795370273456343e-01
2.691815665631654975e-01,4.763186466218815585e-01
2.693003418281806338e-01,4.761577353540518698e-01
2.694190890492085821e-01,4.759968033895553563e-01
2.695378084345367298e-01,4.758358508895731975e-01
2.696565001866691458e-01,4.756748780108540076e-01
2.697751645024289990e-01,4.755138849057938821e-01
2.698938015730583673e-01,4.753528717225196654e-01
2.700124115843166028e-01,4.751918386049665544e-01
2.701309947165784209e-01,4.750307856929584238e-01
2.702495511449286014e-01,4.748697131222837653e-01
2.703680810392581901e-01,4.747086210247722371e-01
2.704865845643565914e-01,4.745475095283697153e-01
2.706050618800039942e-01,4.743863787572116797e-01
2.707235131410619111e-01,4.742252288316956554e-01
2.708419384975640498e-01,4.740640598685528784e-01
2.709603380948027995e-01,4.739028719809193491e-01
2.710787120734173827e-01,4.737416652784043891e-01
2.711970605694804526e-01,4.735804398671595306e-01
2.713153837145824143e-01,4.734191958499455732e-01
2.714336816359156912e-01,4.732579333262001975e-01
2.715519544563578802e-01,4.730966523921020794e-01
2.716702022945534645e-01,4.729353531406363387e-01
2.717884252649946375e-01,4.727740356616595419e-01
2.719066234781023494e-01,4.726127000419604318e-01
2.720247970403053550e-01,4.724513463653246537e-01
2.721429460541177070e-01,4.722899747125950953e-01
2.722610706182179152e-01,4.721285851617325613e-01
2.723791708275248857e-01,4.719671777878775010e-01
2.724972467732751924e-01,4.718057526634077403e-01
2.726152985430976283e-01,4.716443098579987114e-01
2.727333262210891451e-01,4.714828494386815172e-01
2.728513298878883497e-01,4.713213714699008294e-01
2.729693096207509995e-01,4.711598760135726205e-01
2.730872654936217780e-01,4.709983631291398409e-01
2.732051975772076813e-01,4.708368328736309838e-01
2.733231059390520690e-01,4.706752853017142080e-01
2.734409906436048865e-01,4.705137204657545147e-01
2.735588517522953844e-01,4.703521384158680374e-01
2.736766893236043940e-01,4.701905391999778305e-01
2.737945034131351041e-01,4.700289228638683814e-01
2.739122940736840039e-01,4.698672894512400666e-01
2.740300613553121600e-01,4.697056390037642748e-01
2.741478053054168806e-01,4.695439715611361975e-01
2.742655259688017710e-01,4.693822871611306735e-01
2.743832233877473992e-01,4.692205858396540363e-01
2.745008976020827940e-01,4.690588676308000138e-01
2.746185486492562777e-01,4.688971325669018531e-01
2.747361765644054099e-01,4.687353806785869437e-01
2.748537813804293739e-01,4.685736119948304412e-01
2.749713631280593096e-01,4.684118265430083916e-01
2.750889218359300892e-01,4.682500243489526315e-01
2.752064575306514271e-01,4.680882054370036904e-01
2.753239702368802111e-01,4.679263698300647478e-01
2.754414599773920003e-01,4.677645175496566998e-01
2.755589267731547443e-01,4.676026486159712281e-01
2.756763706433991712e-01,4.674407630479250897e-01
2.757937916056941718e-01,4.672788608632157947e-01
2.759111896760190197e-01,4.671169420783752302e-01
2.760285648688374782e-01,4.669550067088247824e-01
2.761459171971712978e-01,4.667930547689310705e-01
2.762632466726768210e-01,4.666310862720602359e-01
2.763805533057180353e-01,4.664691012306341200e-01
2.764978371054429562e-01,4.663070996561864412e-01
2.766150980798602887e-01,4.661450815594186392e-01
2.767323362359148664e-01,4.659830469502555528e-01
2.768495515795655337e-01,4.658209958379029292e-01
2.769667441158625287e-01,4.656589282309042122e-01
2.770839138490248654e-01,4.654968441371975518e-01
2.772010607825203810e-01,4.653347435641732033e-01
2.773181849191428405e-01,4.651726265187314802e-01
2.774352862610929282e-01,4.650104930073409859e-01
2.775523648100577390e-01,4.648483430360960678e-01
2.776694205672913807e-01,4.646861766107763247e-01
2.777864535336957985e-01,4.645239937369052829e-01
2.779034637099024874e-01,4.643617944198083491e-01
2.780204510963537046e-01,4.641995786646738176e-01
2.781374156933855701e-01,4.640373464766103795e-01
2.782543575013102233e-01,4.638750978607084074e-01
2.783712765204983675e-01,4.637128328220991857e-01
2.784881727514634253e-01,4.635505513660145849e-01
2.786050461949441392e-01,4.633882534978469026e-01
2.787218968519895590e-01,4.632259392232094264e-01
2.788387247240416977e-01,4.630636085479976072e-01
2.789555298130208527e-01,4.629012614784469570e-01
2.790723121214088165e-01,4.627388980211952219e-01
2.791890716523341975e-01,4.625765181833416118e-01
2.793058084096560201e-01,4.624141219725072527e-01
2.794225223980481010e-01,4.622517093968948054e-01
2.795392136230837044e-01,4.620892804653481956e-01
2.796558820913185861e-01,4.619268351874126211e-01
2.797725278103755375e-01,4.617643735733936161e-01
2.798891507890272079e-01,4.616018956344155044e-01
2.800057510372793157e-01,4.614394013824802410e-01
2.801223285664529161e-01,4.612768908305260873e-01
2.802388833892667241e-01,4.611143639924845661e-01
2.803554155199181053e-01,4.609518208833378039e-01
2.804719249741637332e-01,4.607892615191754859e-01
2.805884117693994706e-01,4.606266859172492567e-01
2.807048759247389169e-01,4.604640940960301743e-01
2.808213174610918461e-01,4.603014860752611126e-01
2.809377364012405343e-01,4.601388618760108851e-01
2.810541327699155878e-01,4.599762215207268690e-01
2.811705065938699399e-01,4.598135650332867974e-01
2.812868579019525139e-01,4.596508924390488859e-01
2.814031867251795549e-01,4.594882037649012374e-01
2.815194930968037412e-01,4.593254990393105808e-01
2.816357770523832404e-01,4.591627782923685674e-01
2.817520386298478230e-01,4.590000415558379010e-01
2.818682778695641988e-01,4.588372888631962465e-01
2.819844948143977459e-01,4.586745202496790297e-01
2.821006895097725731e-01,4.585117357523201265e-01
2.822168620037315834e-01,4.583489354099933855e-01
2.823330123469912634e-01,4.581861192634475999e-01
2.824491405929953070e-01,4.580232873553451434e-01
2.825652467979669069e-01,4.578604397302951656e-01
2.826813310209556063e-01,4.576975764348861775e-01
2.827973933238845383e-01,4.575346975177168596e-01
2.829134337715936143e-01,4.573718030294247061e-01
2.830294524318792138e-01,4.572088930227115045e-01
2.831454493755315438e-01,4.570459675523694254e-01
2.832614246763697219e-01,4.568830266753013958e-01
2.833773784112720850e-01,4.567200704505424702e-01
2.834933106602047781e-01,4.565570989392767620e-01
2.836092215062467892e-01,4.563941122048530974e-01
2.837251110356102668e-01,4.562311103127980050e-01
2.838409793376601153e-01,4.560680933308259299e-01
2.839568265049274287e-01,4.559050613288481713e-01
2.840726526331211477e-01,4.557420143789783773e-01
2.841884578211359980e-01,4.555789525555347663e-01
2.843042421710552103e-01,4.554158759350420693e-01
2.844200057881525190e-01,4.552527845962291431e-01
2.845357487808878316e-01,4.550896786200245847e-01
2.846514712609002906e-01,4.549265580895495154e-01
2.847671733429978924e-01,4.547634230901079211e-01
2.848828551451434432e-01,4.546002737091750512e-01
2.849985167884356851e-01,4.544371100363822635e-01
2.851141583970874249e-01,4.542739321634992611e-01
2.852297800984011644e-01,4.541107401844149405e-01
2.853453820227389026e-01,4.539475341951144105e-01
2.854609643034893285e-01,4.537843142936543450e-01
2.855765270770318498e-01,4.536210805801346724e-01
2.856920704826957924e-01,4.534578331566699316e-01
2.858075946627170461e-01,4.532945721273555773e-01
2.859230997621911574e-01,4.531312975982339508e-01
2.860385859290224819e-01,4.529680096772562559e-01
2.861540533138701159e-01,4.528047084742440886e-01
2.862695020700905535e-01,4.526413941008468056e-01
2.863849323536775127e-01,4.524780666704984466e-01
2.865003443231981528e-01,4.523147262983708838e-01
2.866157381397256843e-01,4.521513731013258597e-01
2.867311139667708120e-01,4.519880071978653047e-01
2.868464719702084609e-01,4.518246287080786572e-01
2.869618123182026692e-01,4.516612377535892953e-01
2.870771351811289840e-01,4.514978344574991920e-01
2.871924407314939698e-01,4.513344189443314058e-01
2.873077291438516645e-01,4.511709913399703509e-01
2.874230005947197020e-01,4.510075517716027327e-01
2.875382552624922150e-01,4.508441003676553205e-01
2.876534933273490191e-01,4.506806372577314423e-01
2.877687149711672943e-01,4.505171625725473139e-01
2.878839203774266609e-01,4.503536764438662021e-01
2.879991097311164205e-01,4.501901790044330887e-01
2.881142832186394664e-01,4.500266703879056140e-01
2.882294410277155272e-01,4.498631507287878528e-01
2.883445833472836339e-01,4.496996201623611467e-01
2.884597103674030327e-01,4.495360788246143824e-01
2.885748222791533202e-01,4.493725268521746585e-01
2.886899192745351894e-01,4.492089643822375078e-01
2.888050015463693443e-01,4.490453915524961759e-01
2.889200692881950250e-01,4.488818085010720105e-01
2.890351226941699214e-01,4.487182153664426854e-01
2.891501619589684768e-01,4.485546122873734221e-01
2.892651872776811905e-01,4.483909994028459911e-01
2.893801988457147534e-01,4.482273768519895452e-01
2.894951968586902402e-01,4.480637447740092871e-01
2.896101815123452439e-01,4.479001033081208560e-01
2.897251530024351762e-01,4.477364525934789952e-01
2.898401115246338478e-01,4.475727927691113828e-01
2.899550572744387100e-01,4.474091239738514636e-01
2.900699904470736556e-01,4.472454463462723906e-01
2.901849112373957040e-01,4.470817600246219103e-01
2.902998198398016316e-01,4.469180651467590804e-01
2.904147164481365451e-01,4.467543618500901537e-01
2.905296012556049523e-01,4.465906502715079607e-01
2.906444744546816672e-01,4.464269305473314020e-01
2.907593362370265444e-01,4.462632028132459405e-01
2.908741867934002134e-01,4.460994672042464804e-01
2.909890263135815891e-01,4.459357238545804125e-01
2.911038549862891012e-01,4.457719728976943241e-01
2.912186729991017575e-01,4.456082144661797639e-01
2.913334805383845372e-01,4.454444486917222834e-01
2.914482777892145049e-01,4.452806757050513098e-01
2.915630649353119774e-01,4.451168956358932394e-01
2.916778421589701908e-01,4.449531086129234758e-01
2.917926096409914627e-01,4.447893147637235756e-01
2.919073675606234652e-01,4.446255142147369499e-01
2.920221160954989958e-01,4.444617070912300072e-01
2.921368554215786340e-01,4.442978935172506305e-01
2.922515857130943973e-01,4.441340736155937052e-01
2.923663071424990600e-01,4.439702475077639265e-01
2.924810198804157491e-01,4.438064153139432699e-01
2.925957240955905925e-01,4.436425771529596829e-01
2.927104199548496433e-01,4.434787331422562207e-01
2.928251076230560246e-01,4.433148833978655667e-01
2.929397872630722377e-01,4.431510280343821662e-01
2.930544590357233581e-01,4.429871671649396325e-01
2.931691230997637843e-01,4.428233009011876553e-01
2.932837796118471507e-01,4.426594293532727376e-01
2.933984287264972957e-01,4.424955526298186004e-01
2.935130705960826147e-01,4.423316708379111950e-01
2.936277053707938567e-01,4.421677840830817163e-01
2.937423331986232511e-01,4.420038924692953342e-01
2.938569542253461897e-01,4.418399960989384256e-01
2.939715685945061274e-01,4.416760950728100821e-01
2.940861764474011486e-01,4.415121894901130051e-01
2.942007779230729203e-01,4.413482794484465122e-01
2.943153731582985877e-01,4.411843650438036502e-01
2.944299622875833355e-01,4.410204463705656441e-01
2.945445454431577792e-01,4.408565235215002320e-01
2.946591227549740233e-01,4.406925965877630524e-01
2.947736943507068275e-01,4.405286656588955352e-01
2.948882603557541615e-01,4.403647308228291757e-01
2.950028208932427010e-01,4.402007921658887546e-01
2.951173760840312688e-01,4.400368497727960571e-01
2.952319260467198836e-01,4.398729037266767561e-01
2.953464708976574205e-01,4.397089541090674070e-01
2.954610107509528238e-01,4.395450009999233298e-01
2.955755457184869872e-01,4.393810444776279911e-01
2.956900759099268527e-01,4.392170846190026623e-01
2.958046014327397333e-01,4.390531214993185771e-01
2.959191223922091885e-01,4.388891551923082557e-01
2.960336388914547312e-01,4.387251857701791047e-01
2.961481510314475929e-01,4.385612133036266846e-01
2.962626589110331499e-01,4.383972378618488652e-01
2.963771626269502413e-01,4.382332595125617014e-01
2.964916622738542618e-01,4.380692783220159758e-01
2.966061579443389218e-01,4.379052943550114096e-01
2.967206497289605616e-01,4.377413076749162024e-01
2.968351377162626314e-01,4.375773183436830194e-01
2.969496219928006164e-01,4.374133264218681982e-01
2.970641026431686815e-01,4.372493319686492907e-01
2.971785797500244852e-01,4.370853350418447136e-01
2.972930533941181563e-01,4.369213356979327334e-01
2.974075236543187173e-01,4.367573339920712283e-01
2.975219906076422283e-01,4.365933299781177834e-01
2.976364543292799314e-01,4.364293237086490085e-01
2.977509148926279492e-01,4.362653152349823538e-01
2.978653723693144295e-01,4.361013046071954835e-01
2.979798268292306318e-01,4.359372918741471481e-01
2.980942783405590157e-01,4.357732770834986114e-01
2.982087269698034948e-01,4.356092602817338011e-01
2.983231727818184131e-01,4.354452415141817911e-01
2.984376158398388545e-01,4.352812208250351200e-01
2.985520562055101745e-01,4.351171982573733277e-01
2.986664939389177542e-01,4.349531738531826619e-01
2.987809290986156441e-01,4.347891476533777833e-01
2.988953617416582609e-01,4.346251196978214160e-01
2.990097919236278101e-01,4.344610900253466634e-01
2.991242196986644286e-01,4.342970586737760486e-01
2.992386451194957164e-01,4.341330256799436071e-01
2.993530682374642149e-01,4.339689910797144279e-01
2.994674891025584929e-01,4.338049549080045253e-01
2.995819077634390704e-01,4.336409171988014899e-01
2.996963242674680616e-01,4.334768779851845832e-01
2.998107386607368197e-01,4.333128372993430011e-01
2.999251509880934696e-01,4.331487951725972452e-01
3.000395612931701650e-01,4.329847516354165537e-01
3.001539696184099548e-01,4.328207067174384415e-01
3.002683760050932626e-01,4.326566604474880728e-01
3.003827804933644208e-01,4.324926128535950265e-01
3.004971831222570944e-01,4.323285639630127242e-01
3.006115839297194281e-01,4.321645138022365829e-01
3.007259829526404138e-01,4.320004623970197799e-01
3.008403802268726501e-01,4.318364097723925155e-01
3.009547757872576557e-01,4.316723559526772225e-01
3.010691696676492946e-01,4.315083009615069964e-01
3.011835619009375908e-01,4.313442448218402503e-01
3.012979525190699892e-01,4.311801875559775898e-01
3.014123415530763905e-01,4.310161291855779120e-01
3.015267290330883587e-01,4.308520697316729486e-01
3.016411149883625464e-01,4.306880092146825878e-01
3.017554994473011787e-01,4.305239476544299726e-01
3.018698824374725920e-01,4.303598850701559897e-01
3.019842639856316624e-01,4.301958214805329805e-01
3.020986441177389015e-01,4.300317569036786747e-01
3.022130228589806067e-01,4.298676913571698455e-01
3.023274002337872912e-01,4.297036248580554108e-01
3.024417762658516695e-01,4.295395574228693669e-01
3.025561509781477532e-01,4.293754890676431124e-01
3.026705243929463385e-01,4.292114198079182708e-01
3.027848965318342689e-01,4.290473496587576818e-01
3.028992674157298670e-01,4.288832786347577808e-01
3.030136370648990329e-01,4.287192067500598669e-01
3.031280054989713979e-01,4.285551340183602620e-01
3.032423727369555899e-01,4.283910604529229116e-01
3.033567387972539442e-01,4.282269860665875449e-01
3.034711036976771026e-01,4.280629108717814435e-01
3.035854674554585020e-01,4.278988348805285447e-01
3.036998300872670309e-01,4.277347581044589897e-01
3.038141916092216288e-01,4.275706805548191158e-01
3.039285520369026106e-01,4.274066022424798383e-01
3.040429113853658771e-01,4.272425231779448107e-01
3.041572696691537403e-01,4.270784433713606942e-01
3.042716269023069131e-01,4.269143628325234308e-01
3.043859830983766113e-01,4.267502815708872355e-01
3.045003382704342121e-01,4.265861995955722574e-01
3.046146924310832449e-01,4.264221169153715740e-01
3.047290455924689390e-01,4.262580335387585184e-01
3.048433977662875494e-01,4.260939494738934519e-01
3.049577489637975147e-01,4.259298647286316464e-01
3.050720991958274508e-01,4.257657793105276700e-01
3.051864484727853100e-01,4.256016932268431030e-01
3.053007968046670961e-01,4.254376064845526995e-01
3.054151442010649142e-01,4.252735190903485507e-01
3.055294906711751857e-01,4.251094310506469687e-01
3.056438362238059758e-01,4.249453423715944811e-01
3.057581808673843771e-01,4.247812530590704405e-01
3.058725246099640582e-01,4.246171631186945183e-01
3.059868674592305937e-01,4.244530725558297024e-01
3.061012094225092350e-01,4.242889813755874040e-01
3.062155505067704064e-01,4.241248895828319543e-01
3.063298907186358111e-01,4.239607971821841015e-01
3.064442300643834272e-01,4.237967041780258959e-01
3.065585685499535584e-01,4.236326105745026882e-01
3.066729061809531087e-01,4.234685163755280146e-01
3.067872429626610775e-01,4.233044215847867053e-01
3.069015789000321681e-01,4.231403262057378822e-01
3.070159139977014506e-01,4.229762302416171793e-01
3.071302482599881367e-01,4.228121336954406284e-01
3.072445816909000760e-01,4.226480365700067132e-01
3.073589142941358654e-01,4.224839388678987562e-01
3.074732460730885131e-01,4.223198405914873055e-01
3.075875770308491575e-01,4.221557417429315784e-01
3.077019071702087882e-01,4.219916423241826253e-01
3.078162364936611883e-01,4.218275423369837185e-01
3.079305650034046549e-01,4.216634417828724612e-01
3.080448927013447746e-01,4.214993406631826756e-01
3.081592195890954233e-01,4.213352389790443464e-01
3.082735456679805974e-01,4.211711367313862309e-01
3.083878709390359685e-01,4.210070339209353585e-01
3.085021954030091607e-01,4.208429305482185301e-01
3.086165190603611941e-01,4.206788266135629839e-01
3.087308419112670399e-01,4.205147221170965621e-01
3.088451639556157868e-01,4.203506170587478219e-01
3.089594851930106412e-01,4.201865114382460908e-01
3.090738056227693153e-01,4.200224052551218556e-01
3.091881252439229177e-01,4.198582985087064845e-01
3.093024440552165633e-01,4.196941911981313944e-01
3.094167620551073750e-01,4.195300833223280512e-01
3.095310792417643730e-01,4.193659748800265263e-01
3.096453956130668095e-01,4.192018658697559963e-01
3.097597111666031133e-01,4.190377562898424668e-01
3.098740258996685037e-01,4.188736461384076071e-01
3.099883398092643239e-01,4.187095354133690273e-01
3.101026528920942105e-01,4.185454241124367258e-01
3.102169651445635390e-01,4.183813122331130896e-01
3.103312765627756487e-01,4.182171997726901735e-01
3.104455871425292335e-01,4.180530867282479801e-01
3.105598968793165104e-01,4.178889730966527383e-01
3.106742057683175018e-01,4.177248588745539615e-01
3.107885138043990914e-01,4.175607440583826158e-01
3.109028209821096400e-01,4.173966286443485108e-01
3.110171272956756550e-01,4.172325126284371355e-01
3.111314327389980150e-01,4.170683960064070495e-01
3.112457373056466414e-01,4.169042787737867184e-01
3.113600409888560572e-01,4.167401609258710171e-01
3.114743437815213900e-01,4.165760424577186760e-01
3.115886456761912671e-01,4.164119233641479512e-01
3.117029466650649838e-01,4.162478036397322390e-01
3.118172467399846215e-01,4.160836832787984108e-01
3.119315458924303841e-01,4.159195622754203181e-01
3.120458441135138816e-01,4.157554406234154620e-01
3.121601413939720793e-01,4.155913183163407187e-01
3.122744377241606362e-01,4.154271953474878432e-01
3.123887330940465779e-01,4.152630717098780289e-01
3.125030274932019680e-01,4.150989473962575782e-01
3.126173209107954709e-01,4.149348223990924622e-01
3.127316133355847461e-01,4.147706967105626030e-01
3.128459047559099537e-01,4.146065703225573773e-01
3.129601951596836518e-01,4.144424432266687330e-01
3.130744845343836902e-01,4.142783154141861934e-01
3.131887728670431637e-01,4.141141868760901956e-01
3.133030601442430285e-01,4.139500576030464285e-01
3.134173463521012781e-01,4.137859275853988383e-01
3.135316314762643941e-01,4.136217968131635780e-01
3.136459155018969103e-01,4.134576652760211801e-01
3.137601984136719202e-01,4.132935329633104504e-01
3.138744801957598640e-01,4.131293998640211407e-01
3.139887608318188139e-01,4.129652659667865655e-01
3.141030403049829833e-01,4.128011312598752203e-01
3.142173185978516248e-01,4.126369957311847858e-01
3.143315956924774834e-01,4.124728593682321365e-01
3.144458715703554730e-01,4.123087221581466788e-01
3.145601462124104630e-01,4.121445840876613032e-01
3.146744195989847892e-01,4.119804451431044456e-01
3.147886917098257076e-01,4.118163053103906512e-01
3.149029625240733488e-01,4.116521645750123581e-01
3.150172320202468956e-01,4.114880229220305163e-01
3.151315001762313717e-01,4.113238803360656504e-01
3.152457669692647624e-01,4.111597368012883114e-01
3.153600323759231383e-01,4.109955923014096402e-01
3.154742963721078874e-01,4.108314468196712088e-01
3.155885589330301721e-01,4.106673003388355836e-01
3.157028200331976064e-01,4.105031528411766106e-01
3.158170796463990460e-01,4.103390043084684247e-01
3.159313377456892669e-01,4.101748547219757346e-01
3.160455943033746995e-01,4.100107040624431654e-01
3.161598492909973857e-01,4.098465523100845442e-01
3.162741026793202126e-01,4.096823994445725758e-01
3.163883544383105928e-01,4.095182454450276288e-01
3.165026045371251429e-01,4.093540902900070777e-01
3.166168529440933632e-01,4.091899339574942007e-01
3.167310996267022616e-01,4.090257764248866335e-01
3.168453445515791445e-01,4.088616176689863768e-01
3.169595876844759630e-01,4.086974576659873626e-01
3.170738289902531037e-01,4.085332963914640181e-01
3.171880684328626243e-01,4.083691338203616072e-01
3.173023059753317110e-01,4.082049699269829079e-01
3.174165415797465806e-01,4.080408046849778869e-01
3.175307752072360490e-01,4.078766380673326530e-01
3.176450068179541564e-01,4.077124700463565232e-01
3.177592363710646794e-01,4.075483005936725855e-01
3.178734638247251443e-01,4.073841296802054868e-01
3.179876891360686741e-01,4.072199572761701636e-01
3.181019122611902228e-01,4.070557833510613510e-01
3.182161331551289774e-01,4.068916078736417030e-01
3.183303517718530928e-01,4.067274308119320225e-01
3.184445680642442600e-01,4.065632521331994376e-01
3.185587819840825508e-01,4.063990718039480754e-01
3.186729934820300980e-01,4.062348897899078493e-01
3.187872025076180504e-01,4.060707060560242443e-01
3.189014090092315290e-01,4.059065205664498799e-01
3.190156129340948055e-01,4.057423332845327968e-01
3.191298142282591455e-01,4.055781441728091852e-01
3.192440128365884866e-01,4.054139531929932261e-01
3.193582087027476701e-01,4.052497603059691533e-01
3.194724017691893403e-01,4.050855654717823717e-01
3.195865919771440633e-01,4.049213686496322406e-01
3.197007792666075598e-01,4.047571697978647465e-01
3.198149635763322673e-01,4.045929688739657304e-01
3.199291448438162933e-01,4.044287658345533387e-01
3.200433230052962541e-01,4.042645606353744703e-01
3.201574979957380607e-01,4.041003532312970603e-01
3.202716697488302011e-01,4.039361435763071939e-01
3.203858381969780789e-01,4.037719316235042766e-01
3.205000032712985725e-01,4.036077173250976480e-01
3.206141649016152617e-01,4.034435006324052497e-01
3.207283230164564292e-01,4.032792814958490735e-01
3.208424775430513964e-01,4.031150598649566041e-01
3.209566284073309683e-01,4.029508356883590436e-01
3.210707755339271552e-01,4.027866089137923655e-01
3.211849188461743387e-01,4.026223794880985918e-01
3.212990582661124916e-01,4.024581473572275692e-01
3.214131937144911189e-01,4.022939124662404664e-01
3.215273251107741426e-01,4.021296747593147147e-01
3.216414523731479513e-01,4.019654341797473385e-01
3.217555754185283945e-01,4.018011906699628932e-01
3.218696941625714403e-01,4.016369441715190169e-01
3.219838085196845001e-01,4.014726946251164774e-01
3.220979184030381415e-01,4.013084419706070549e-01
3.222120237245829633e-01,4.011441861470045889e-01
3.223261243950632515e-01,4.009799270924970793e-01
3.224402203240366305e-01,4.008156647444582332e-01
3.225543114198927697e-01,4.006513990394631186e-01
3.226683975898750334e-01,4.004871299133023754e-01
3.227824787401031292e-01,4.003228573009985358e-01
3.228965547755991983e-01,4.001585811368247869e-01
3.230106256003129062e-01,3.999943013543230674e-01
3.231246911171512526e-01,3.998300178863238297e-01
3.232387512280079922e-01,3.996657306649696872e-01
3.233528058337972189e-01,3.995014396217357322e-01
3.234668548344852290e-01,3.993371446874553476e-01
3.235808981291291575e-01,3.991728457923449658e-01
3.236949356159130597e-01,3.990085428660312128e-01
3.238089671921879353e-01,3.988442358375782759e-01
3.239229927545140275e-01,3.986799246355175463e-01
3.240370121987027896e-01,3.985156091878783724e-01
3.241510254198631813e-01,3.983512894222201450e-01
3.242650323124492973e-01,3.981869652656641612e-01
3.243790327703076626e-01,3.980226366449298170e-01
3.244930266867285806e-01,3.978583034863681367e-01
3.246070139544989241e-01,3.976939657159996866e-01
3.247209944659546488e-01,3.975296232595527113e-01
3.248349681130384137e-01,3.973652760425006591e-01
3.249489347873549261e-01,3.972009239901040378e-01
3.250628943802308379e-01,3.970365670274505487e-01
3.251768467827740317e-01,3.968722050794965539e-01
3.252907918859366809e-01,3.967078380711121510e-01
3.254047295805764239e-01,3.965434659271229179e-01
3.255186597575216445e-01,3.963790885723567081e-01
3.256325823076378079e-01,3.962147059316878939e-01
3.257464971218914096e-01,3.960503179300847720e-01
3.258604040914205857e-01,3.958859244926561383e-01
3.259743031076016706e-01,3.957215255446994706e-01
3.260881940621195296e-01,3.955571210117491687e-01
3.262020768470375587e-01,3.953927108196249596e-01
3.263159513548687940e-01,3.952282948944823571e-01
3.264298174786467444e-01,3.950638731628607903e-01
3.265436751119979997e-01,3.948994455517345625e-01
3.266575241492146731e-01,3.947350119885632558e-01
3.267713644853259547e-01,3.945705724013412463e-01
3.268851960161714976e-01,3.944061267186484421e-01
3.269990186384744701e-01,3.942416748697003537e-01
3.271128322499131658e-01,3.940772167843993867e-01
3.272266367491947214e-01,3.939127523933834696e-01
3.273404320361260056e-01,3.937482816280770126e-01
3.274542180116858381e-01,3.935838044207395359e-01
3.275679945780960445e-01,3.934193207045156293e-01
3.276817616388920662e-01,3.932548304134825812e-01
3.277955190989921830e-01,3.930903334826992834e-01
3.279092668647664022e-01,3.929258298482520839e-01
3.280230048441040713e-01,3.927613194473028591e-01
3.281367329464807692e-01,3.925968022181339223e-01
3.282504510830227540e-01,3.924322781001925997e-01
3.283641591665721338e-01,3.922677470341353612e-01
3.284778571117477619e-01,3.921032089618707306e-01
3.285915448350069656e-01,3.919386638266001976e-01
3.287052222547046099e-01,3.917741115728588519e-01
3.288188892911501626e-01,3.916095521465545182e-01
3.289325458666628732e-01,3.914449854950056706e-01
3.290461919056258400e-01,3.912804115669769600e-01
3.291598273345367476e-01,3.911158303127152958e-01
3.292734520820573829e-01,3.909512416839813209e-01
3.293870660790595428e-01,3.907866456340825523e-01
3.295006692586713859e-01,3.906220421179031344e-01
3.296142615563179001e-01,3.904574310919317059e-01
3.297278429097614261e-01,3.902928125142876570e-01
3.298414132591381276e-01,3.901281863447474407e-01
3.299549725469936301e-01,3.899635525447658346e-01
3.300685207183138292e-01,3.897989110774981447e-01
3.301820577205538676e-01,3.896342619078187464e-01
3.302955835036662235e-01,3.894696050023392364e-01
3.304090980201228600e-01,3.893049403294230881e-01
3.305226012249363743e-01,3.891402678591989184e-01
3.306360930756787053e-01,3.889755875635732552e-01
3.307495735324958441e-01,3.888108994162385312e-01
3.308630425581204904e-01,3.886462033926815773e-01
3.309765001178812116e-01,3.884814994701887847e-01
3.310899461797098264e-01,3.883167876278497688e-01
3.312033807141447905e-01,3.881520678465590901e-01
3.313168036943326400e-01,3.879873401090161988e-01
3.314302150960256044e-01,3.878226043997224370e-01
3.315436148975777764e-01,3.876578607049771530e-01
3.316570030799376179e-01,3.874931090128727607e-01
3.317703796266380234e-01,3.873283493132846922e-01
3.318837445237833861e-01,3.871635815978634043e-01
3.319970977600348316e-01,3.869988058600216663e-01
3.321104393265918997e-01,3.868340220949227359e-01
3.322237692171726153e-01,3.866692302994633734e-01
3.323370874279907294e-01,3.865044304722582980e-01
3.324503939577294065e-01,3.863396226136220357e-01
3.325636888075159114e-01,3.861748067255477701e-01
3.326769719808893577e-01,3.860099828116874132e-01
3.327902434837703982e-01,3.858451508773272365e-01
3.329035033244269193e-01,3.856803109293640008e-01
3.330167515134370704e-01,3.855154629762800877e-01
3.331299880636526822e-01,3.853506070281146889e-01
3.332432129901581330e-01,3.851857430964372164e-01
3.333564263102296032e-01,3.850208711943163831e-01
3.334696280432908888e-01,3.848559913362905593e-01
3.335828182108696027e-01,3.846911035383358546e-01
3.336959968365503237e-01,3.845262078178329768e-01
3.338091639459263571e-01,3.843613041935342589e-01
3.339223195665514954e-01,3.841963926855291311e-01
3.340354637278891148e-01,3.840314733152082050e-01
3.341485964612613824e-01,3.838665461052280792e-01
3.342617177997963540e-01,3.837016110794741475e-01
3.343748277783751277e-01,3.835366682630236279e-01
3.344879264335768876e-01,3.833717176821073713e-01
3.346010138036252801e-01,3.832067593640726133e-01
3.347140899283323479e-01,3.830417933373429507e-01
3.348271548490412419e-01,3.828768196313800387e-01
3.349402086085718766e-01,3.827118382766443450e-01
3.350532512511624206e-01,3.825468493045555696e-01
3.351662828224128976e-01,3.823818527474526774e-01
3.352793033692276214e-01,3.822168486385544850e-01
3.353923129397570757e-01,3.820518370119195262e-01
3.355053115833412369e-01,3.818868179024064724e-01
3.356182993504519541e-01,3.817217913456344980e-01
3.357312762926349392e-01,3.815567573779423682e-01
3.358442424624530909e-01,3.813917160363512471e-01
3.359571979134295949e-01,3.812266673585231191e-01
3.360701426999906927e-01,3.810616113827237639e-01
3.361830768774096700e-01,3.808965481477816772e-01
3.362960005017523457e-01,3.807314776930516009e-01
3.364089136298195615e-01,3.805664000583768858e-01
3.365218163190939471e-01,3.804013152840491352e-01
3.366347086276860745e-01,3.802362234107740657e-01
3.367475906142795017e-01,3.800711244796332600e-01
3.368604623380800356e-01,3.799060185320483618e-01
3.369733238587617752e-01,3.797409056097454938e-01
3.370861752364184283e-01,3.795757857547202851e-01
3.371990165315101873e-01,3.794106590092035103e-01
3.373118478048167668e-01,3.792455254156273381e-01
3.374246691173876100e-01,3.790803850165919697e-01
3.375374805304944270e-01,3.789152378548326650e-01
3.376502821055858417e-01,3.787500839731897107e-01
3.377630739042386532e-01,3.785849234145754472e-01
3.378758559881179790e-01,3.784197562219448474e-01
3.379886284189290713e-01,3.782545824382653188e-01
3.381013912583779590e-01,3.780894021064883925e-01
3.382141445681289271e-01,3.779242152695216350e-01
3.383268884097631601e-01,3.777590219701995600e-01
3.384396228447416610e-01,3.775938222512595366e-01
3.385523479343648945e-01,3.774286161553135344e-01
3.386650637397369268e-01,3.772634037248250305e-01
3.387777703217291769e-01,3.770981850020825310e-01
3.388904677409453892e-01,3.769329600291774773e-01
3.390031560576876601e-01,3.767677288479807651e-01
3.391158353319237428e-01,3.766024915001206508e-01
3.392285056232557938e-01,3.764372480269613797e-01
3.393411669908895645e-01,3.762719984695824249e-01
3.394538194936046471e-01,3.761067428687590586e-01
3.395664631897260533e-01,3.759414812649431448e-01
3.396790981370975127e-01,3.757762136982433776e-01
3.397917243930541620e-01,3.756109402084100712e-01
3.399043420143979533e-01,3.754456608348155089e-01
3.400169510573725073e-01,3.752803756164395654e-01
3.401295515776406875e-01,3.751150845918528876e-01
3.402421436302617841e-01,3.749497877992025163e-01
3.403547272696696435e-01,3.747844852761971213e-01
3.404673025496532945e-01,3.746191770600941218e-01
3.405798695233362983e-01,3.744538631876853652e-01
3.406924282431588180e-01,3.742885436952860800e-01
3.408049787608593562e-01,3.741232186187219422e-01
3.409175211274578787e-01,3.739578879933185829e-01
3.410300553932404943e-01,3.737925518538910974e-01
3.411425816077429674e-01,3.736272102347317214e-01
3.412550998197373398e-01,3.734618631696041136e-01
3.413676100772172206e-01,3.732965106917310316e-01
3.414801124273857402e-01,3.731311528337870054e-01
3.415926069166428380e-01,3.729657896278906204e-01
3.417050935905734388e-01,3.728004211055963024e-01
3.418175724939375715e-01,3.726350472978877115e-01
3.419300436706593227e-01,3.724696682351706367e-01
3.420425071638173442e-01,3.723042839472675558e-01
3.421549630156365263e-01,3.721388944634109186e-01
3.422674112674788938e-01,3.719734998122380953e-01
3.423798519598368895e-01,3.718081000217868248e-01
3.424922851323244921e-01,3.716426951194900519e-01
3.426047108236722760e-01,3.714772851321719860e-01
3.427171290717202501e-01,3.713118700860434385e-01
3.428295399134123622e-01,3.711464500066993799e-01
3.429419433847912257e-01,3.709810249191154985e-01
3.430543395209939561e-01,3.708155948476434260e-01
3.431667283562460646e-01,3.706501598160111821e-01
3.432791099238602373e-01,3.704847198473174008e-01
3.433914842562303948e-01,3.703192749640319970e-01
3.435038513848296948e-01,3.701538251879927244e-01
3.436162113402075891e-01,3.699883705404036216e-01
3.437285641519866042e-01,3.698229110418344567e-01
3.438409098488615645e-01,3.696574467122186181e-01
3.439532484585965944e-01,3.694919775708522258e-01
3.440655800080238969e-01,3.693265036363937992e-01
3.441779045230426437e-01,3.691610249268635346e-01
3.442902220286178649e-01,3.689955414596425842e-01
3.444025325487792277e-01,3.688300532514725560e-01
3.445148361066214804e-01,3.686645603184564024e-01
3.446271327243035643e-01,3.684990626760573096e-01
3.447394224230478366e-01,3.683335603390995305e-01
3.448517052231415136e-01,3.681680533217685514e-01
3.449639811439357828e-01,3.680025416376112579e-01
3.450762502038471347e-01,3.678370252995369349e-01
3.451885124203576960e-01,3.676715043198182653e-01
3.453007678100155631e-01,3.675059787100903863e-01
3.454130163884359672e-01,3.673404484813534432e-01
3.455252581703031067e-01,3.671749136439731998e-01
3.456374931693699804e-01,3.670093742076817045e-01
3.457497213984609963e-01,3.668438301815786229e-01
3.458619428694725828e-01,3.666782815741324031e-01
3.459741575933750202e-01,3.665127283931818303e-01
3.460863655802142169e-01,3.663471706459365262e-01
3.461985668391135973e-01,3.661816083389794474e-01
3.463107613782752670e-01,3.660160414782679950e-01
3.464229492049828441e-01,3.658504700691352363e-01
3.465351303256027915e-01,3.656848941162917366e-01
3.466473047455874701e-01,3.655193136238273355e-01
3.467594724694763597e-01,3.653537285952128122e-01
3.468716335008986684e-01,3.651881390333017174e-01
3.469837878425764965e-01,3.650225449403318168e-01
3.470959354963258914e-01,3.648569463179275885e-01
3.472080764630607330e-01,3.646913431671017780e-01
3.473202107427948437e-01,3.645257354882573408e-01
3.474323383346443750e-01,3.643601232811899404e-01
3.475444592368310825e-01,3.641945065450896135e-01
3.476565734466848800e-01,3.640288852785432128e-01
3.477686809606475582e-01,3.638632594795358499e-01
3.478807817742745057e-01,3.636976291454549481e-01
3.479928758822392054e-01,3.635319942730905196e-01
3.481049632783353442e-01,3.633663548586386627e-01
3.482170439554817531e-01,3.632007108977043930e-01
3.483291179057234066e-01,3.630350623853033087e-01
3.484411851202373067e-01,3.628694093158641443e-01
3.485532455893345927e-01,3.627037516832329334e-01
3.486652993024659808e-01,3.625380894806737309e-01
3.487773462482238185e-01,3.623724227008724985e-01
3.488893864143464141e-01,3.622067513359405466e-01
3.490014197877240321e-01,3.620410753774164769e-01
3.491134463544006139e-01,3.618753948162702350e-01
3.492254660995800508e-01,3.617097096429054970e-01
3.493374790076304026e-01,3.615440198471633892e-01
3.494494850620877280e-01,3.613783254183260962e-01
3.495614842456625793e-01,3.612126263451200248e-01
3.496734765402436107e-01,3.610469226157197453e-01
3.497854619269039622e-01,3.608812142177519333e-01
3.498974403859060889e-01,3.607155011382982557e-01
3.500094118967076451e-01,3.605497833639011440e-01
3.501213764379677018e-01,3.603840608805661816e-01
3.502333339875524088e-01,3.602183336737680985e-01
3.503452845225416001e-01,3.600526017284537694e-01
3.504572280192354006e-01,3.598868650290480420e-01
3.505691644531606088e-01,3.597211235594580114e-01
3.506810937990788579e-01,3.595553773030780165e-01
3.507930160309929435e-01,3.593896262427951904e-01
3.509049311221548173e-01,3.592238703609942907e-01
3.510168390450737474e-01,3.590581096395639160e-01
3.511287397715245895e-01,3.588923440599012804e-01
3.512406332725556690e-01,3.587265736029195407e-01
3.513525195184984407e-01,3.585607982490528478e-01
3.514643984789767028e-01,3.583950179782637302e-01
3.515762701229150355e-01,3.582292327700486445e-01
3.516881344185504021e-01,3.580634426034456919e-01
3.517999913334409756e-01,3.578976474570409461e-01
3.519118408344770743e-01,3.577318473089777795e-01
3.520236828878933744e-01,3.575660421369612485e-01
3.521355174592779580e-01,3.574002319182690290e-01
3.522473445135866355e-01,3.572344166297580226e-01
3.523591640151534921e-01,3.570685962478730158e-01
3.524709759277038224e-01,3.569027707486552292e-01
3.525827802143676193e-01,3.567369401077520874e-01
3.526945768376925083e-01,3.565711043004254344e-01
3.528063657596584024e-01,3.564052633015620253e-01
3.529181469416908246e-01,3.562394170856823528e-01
3.530299203446764511e-01,3.560735656269523042e-01
3.531416859289781551e-01,3.559077088991919324e-01
3.532534436544513823e-01,3.557418468758882235e-01
3.533651934804586392e-01,3.555759795302032567e-01
3.534769353658883673e-01,3.554101068349892478e-01
3.535886692691703748e-01,3.552442287627973760e-01
3.537003951482947106e-01,3.550783452858915501e-01
3.538121129608286508e-01,3.549124563762595663e-01
3.539238226639368490e-01,3.547465620056272084e-01
3.540355242143982117e-01,3.545806621454701824e-01
3.541472175686284918e-01,3.544147567670269949e-01
3.542589026826974408e-01,3.542488458413151631e-01
3.543705795123511249e-01,3.540829293391419275e-01
3.544822480130328524e-01,3.539170072311208504e-01
3.545939081399043791e-01,3.537510794876855824e-01
3.547055598478674465e-01,3.535851460791054612e-01
3.548172030915879849e-01,3.534192069754999999e-01
3.549288378255169851e-01,3.532532621468546519e-01
3.550404640039159787e-01,3.530873115630372983e-01
3.551520815808795195e-01,3.529213551938140125e-01
3.552636905103598863e-01,3.527553930088653811e-01
3.553752907461923405e-01,3.525894249778033784e-01
3.554868822421202723e-01,3.524234510701894085e-01
3.555984649518201257e-01,3.522574712555495702e-01
3.557100388289284876e-01,3.520914855033943636e-01
3.558216038270678450e-01,3.519254937832351771e-01
3.559331598998739521e-01,3.517594960646031610e-01
3.560447070010221982e-01,3.515934923170669912e-01
3.561562450842558070e-01,3.514274825102515210e-01
3.562677741034140921e-01,3.512614666138571540e-01
3.563792940124595465e-01,3.510954445976777194e-01
3.564908047655069856e-01,3.509294164316207332e-01
3.566023063168520801e-01,3.507633820857259388e-01
3.567137986210002221e-01,3.505973415301842921e-01
3.568252816326957233e-01,3.504312947353586671e-01
3.569367553069521248e-01,3.502652416718037842e-01
3.570482195990796193e-01,3.500991823102835854e-01
3.571596744647166366e-01,3.499331166217942712e-01
3.572711198598590432e-01,3.497670445775818426e-01
3.573825557408892850e-01,3.496009661491631948e-01
3.574939820646071964e-01,3.494348813083454353e-01
3.576053987882600316e-01,3.492687900272470336e-01
3.577168058695712194e-01,3.491026922783163067e-01
3.578282032667718382e-01,3.489365880343522908e-01
3.579395909386285934e-01,3.487704772685245036e-01
3.580509688444752925e-01,3.486043599543923732e-01
3.581623369442413218e-01,3.484382360659249445e-01
3.582736951984810680e-01,3.482721055775207519e-01
3.583850435684036162e-01,3.481059684640270269e-01
3.584963820159012271e-01,3.479398247007585154e-01
3.586077105035780366e-01,3.477736742635170186e-01
3.587190289947786437e-01,3.476075171286100995e-01
3.588303374536155887e-01,3.474413532728689025e-01
3.589416358449971090e-01,3.472751826736670266e-01
3.590529241346542277e-01,3.471090053089387339e-01
3.591642022891684549e-01,3.469428211571953802e-01
3.592754702759951568e-01,3.467766301975437337e-01
3.593867280634928663e-01,3.466104324097024070e-01
3.594979756209453758e-01,3.464442277740185094e-01
3.596092129185877728e-01,3.462780162714832466e-01
3.597204399276291986e-01,3.461117978837480180e-01
3.598316566202767741e-01,3.459455725931396275e-01
3.599428629697580817e-01,3.457793403826740497e-01
3.600540589503414823e-01,3.456131012360715293e-01
3.601652445373584865e-01,3.454468551377699592e-01
3.602764197072233499e-01,3.452806020729374814e-01
3.603875844374511694e-01,3.451143420274851992e-01
3.604987387066785343e-01,3.449480749880788899e-01
3.606098824946783465e-01,3.447818009421509955e-01
3.607210157823781960e-01,3.446155198779102258e-01
3.608321385518746816e-01,3.444492317843516060e-01
3.609432507864490658e-01,3.442829366512666911e-01
3.610543524705792096e-01,3.441166344692512813e-01
3.611654435899542825e-01,3.439503252297134162e-01
3.612765241314838671e-01,3.437840089248815345e-01
3.613875940833100042e-01,3.436176855478090264e-01
3.614986534348156866e-01,3.434513550923822822e-01
3.616097021766333519e-01,3.432850175533239678e-01
3.617207403006518218e-01,3.431186729261978541e-01
3.618317678000219639e-01,3.429523212074127025e-01
3.619427846691617989e-01,3.427859623942240974e-01
3.620537909037603308e-01,3.426195964847372766e-01
3.621647865007793232e-01,3.424532234779075757e-01
3.622757714584547983e-01,3.422868433735415938e-01
3.623867457762977029e-01,3.421204561722958615e-01
3.624977094550922430e-01,3.419540618756761741e-01
3.626086624968938299e-01,3.417876604860362599e-01
3.627196049050251947e-01,3.416212520065733949e-01
3.628305366840731683e-01,3.414548364413261816e-01
3.629414578398810765e-01,3.412884137951704422e-01
3.630523683795435219e-01,3.411219840738128339e-01
3.631632683113968918e-01,3.409555472837863532e-01
3.632741576450107535e-01,3.407891034324426749e-01
3.633850363911788617e-01,3.406226525279458239e-01
3.634959045619046702e-01,3.404561945792633493e-01
3.636067621703915620e-01,3.402897295961577195e-01
3.637176092310282494e-01,3.401232575891772192e-01
3.638284457593740084e-01,3.399567785696452904e-01
3.639392717721425807e-01,3.397902925496495974e-01
3.640500872871865745e-01,3.396237995420310907e-01
3.641608923234784800e-01,3.394572995603710175e-01
3.642716869010929059e-01,3.392907926189785983e-01
3.643824710411864842e-01,3.391242787328774266e-01
3.644932447659779418e-01,3.389577579177916467e-01
3.646040080987247300e-01,3.387912301901308543e-01
3.647147610637043735e-01,3.386246955669749981e-01
3.648255036861867695e-01,3.384581540660595578e-01
3.649362359924145927e-01,3.382916057057577253e-01
3.650469580095754285e-01,3.381250505050650834e-01
3.651576697657782367e-01,3.379584884835816760e-01
3.652683712900260948e-01,3.377919196614942443e-01
3.653790626121906637e-01,3.376253440595590738e-01
3.654897437629835988e-01,3.374587616990825101e-01
3.656004147739294052e-01,3.372921726019022515e-01
3.657110756773359062e-01,3.371255767903687528e-01
3.658217265062669865e-01,3.369589742873247973e-01
3.659323672945105632e-01,3.367923651160867338e-01
3.660429980765511626e-01,3.366257493004234380e-01
3.661536188875375575e-01,3.364591268645362176e-01
3.662642297632531796e-01,3.362924978330379955e-01
3.663748307400844229e-01,3.361258622309332145e-01
3.664854218549890574e-01,3.359592200835955778e-01
3.665960031454650880e-01,3.357925714167483977e-01
3.667065746495192236e-01,3.356259162564414478e-01
3.668171364056329042e-01,3.354592546290314781e-01
3.669276884527319926e-01,3.352925865611590117e-01
3.670382308301537999e-01,3.351259120797273616e-01
3.671487635776132796e-01,3.349592312118816473e-01
3.672592867351723300e-01,3.347925439849858131e-01
3.673698003432059878e-01,3.346258504266017564e-01
3.674803044423700094e-01,3.344591505644677332e-01
3.675907990735680642e-01,3.342924444264754880e-01
3.677012842779199264e-01,3.341257320406503806e-01
3.678117600967276690e-01,3.339590134351284600e-01
3.679222265714442441e-01,3.337922886381352039e-01
3.680326837436408427e-01,3.336255576779647569e-01
3.681431316549746979e-01,3.334588205829580598e-01
3.682535703471571664e-01,3.332920773814818105e-01
3.683639998619218092e-01,3.331253281019069257e-01
3.684744202409929725e-01,3.329585727725892230e-01
3.685848315260543684e-01,3.327918114218467172e-01
3.686952337587180439e-01,3.326250440779402462e-01
3.688056269804934617e-01,3.324582707690537098e-01
3.689160112327567465e-01,3.322914915232719757e-01
3.690263865567201540e-01,3.321247063685626721e-01
3.691367529934038716e-01,3.319579153327560928e-01
3.692471105836038214e-01,3.317911184435246019e-01
3.693574593678639051e-01,3.316243157283650933e-01
3.694677993864466936e-01,3.314575072145786172e-01
3.695781306793046728e-01,3.312906929292518954e-01
3.696884532860522654e-01,3.311238728992393354e-01
3.697987672459374098e-01,3.309570471511434908e-01
3.699090725978142480e-01,3.307902157112981301e-01
3.700193693801159256e-01,3.306233786057502511e-01
3.701296576308274466e-01,3.304565358602413738e-01
3.702399373874600830e-01,3.302896875001917198e-01
3.703502086870238963e-01,3.301228335506821709e-01
3.704604715660025915e-01,3.299559740364376159e-01
3.705707260603287034e-01,3.297891089818105192e-01
3.706809722053580058e-01,3.296222384107642123e-01
3.707912100358438656e-01,3.294553623468575720e-01
3.709014395859148161e-01,3.292884808132274799e-01
3.710116608890485224e-01,3.291215938325753876e-01
3.711218739780494102e-01,3.289547014271498315e-01
3.712320788850255182e-01,3.287878036187327213e-01
3.713422756413635173e-01,3.286209004286226865e-01
3.714524642777072838e-01,3.284539918776221978e-01
3.715626448239360835e-01,3.282870779860214694e-01
3.716728173091400356e-01,3.281201587735840808e-01
3.717829817616007948e-01,3.279532342595337102e-01
3.718931382087674598e-01,3.277863044625389244e-01
3.720032866772361446e-01,3.276193694006997448e-01
3.721134271927287740e-01,3.274524290915339919e-01
3.722235597800708784e-01,3.272854835519623529e-01
3.723336844631722764e-01,3.271185327982968905e-01
3.724438012650044261e-01,3.269515768462256111e-01
3.725539102075807740e-01,3.267846157107998084e-01
3.726640113119362163e-01,3.266176494064216840e-01
3.727741045981055601e-01,3.264506779468288600e-01
3.728841900851052049e-01,3.262837013450837764e-01
3.729942677909091064e-01,3.261167196135583701e-01
3.731043377324328447e-01,3.259497327639223063e-01
3.732143999255097544e-01,3.257827408071289899e-01
3.733244543848719399e-01,3.256157437534031862e-01
3.734345011241299028e-01,3.254487416122273657e-01
3.735445401557520029e-01,3.252817343923283810e-01
3.736545714910433635e-01,3.251147221016644773e-01
3.737645951401254996e-01,3.249477047474119140e-01
3.738746111119148896e-01,3.247806823359513650e-01
3.739846194141033253e-01,3.246136548728545956e-01
3.740946200531349852e-01,3.244466223628703072e-01
3.742046130341854515e-01,3.242795848099112033e-01
3.743145983611407268e-01,3.241125422170387238e-01
3.744245760365740860e-01,3.239454945864499447e-01
3.745345460617242050e-01,3.237784419194627561e-01
3.746445084364725675e-01,3.236113842165014853e-01
3.747544631593197062e-01,3.234443214770812980e-01
3.748644102273626100e-01,3.232772536997937096e-01
3.749743496362696327e-01,3.231101808822914867e-01
3.750842813802571230e-01,3.229431030212721043e-01
3.751942054520637226e-01,3.227760201124622585e-01
3.753041218429249981e-01,3.226089321506012131e-01
3.754140305425475166e-01,3.224418391294242014e-01
3.755239315390817012e-01,3.222747410416448854e-01
3.756338248190952411e-01,3.221076378789383132e-01
3.757437103675438372e-01,3.219405296319226562e-01
3.758535881677438351e-01,3.217734162901401684e-01
3.759634582013415272e-01,3.216062978420394791e-01
3.760733204482829550e-01,3.214391742749545533e-01
3.761831748867835445e-01,3.212720455750858739e-01
3.762930214932952433e-01,3.211049117274789588e-01
3.764028602424731584e-01,3.209377727160037663e-01
3.765126911071424720e-01,3.207706285233328791e-01
3.766225140582631914e-01,3.206034791309181342e-01
3.767323290648945111e-01,3.204363245189688070e-01
3.768421360941560105e-01,3.202691646664266312e-01
3.769519351111916827e-01,3.201019995509422622e-01
3.770617260791282455e-01,3.199348291488483542e-01
3.771715089590370606e-01,3.197676534351353572e-01
3.772812837098891703e-01,3.196004723834232064e-01
3.773910502885142737e-01,3.194332859659338442e-01
3.775008086495552084e-01,3.192660941534631314e-01
3.776105587454215984e-01,3.190988969153496502e-01
3.777203005262426694e-01,3.189316942194464488e-01
3.778300339398176222e-01,3.187644860320871798e-01
3.779397589315652284e-01,3.185972723180547916e-01
3.780494754444714278e-01,3.184300530405482221e-01
3.781591834190347057e-01,3.182628281611464827e-01
3.782688827932110809e-01,3.180955976397735196e-01
3.783785735023550423e-01,3.179283614346609110e-01
3.784882554791613174e-01,3.177611195023103963e-01
3.785979286536024779e-01,3.175938717974526870e-01
3.787075929528644913e-01,3.174266182730089425e-01
3.788172483012836045e-01,3.172593588800463604e-01
3.789268946202751787e-01,3.170920935677360997e-01
3.790365318282659102e-01,3.169248222833085382e-01
3.791461598406201672e-01,3.167575449720055891e-01
3.792557785695659378e-01,3.165902615770338491e-01
3.793653879241170035e-01,3.164229720395154710e-01
3.794749878099933360e-01,3.162556762984350955e-01
3.795845781295386079e-01,3.160883742905903904e-01
3.796941587816353714e-01,3.159210659505342633e-01
3.798037296616165737e-01,3.157537512105211275e-01
3.799132906611750182e-01,3.155864300004475598e-01
3.800228416682706056e-01,3.154191022477936257e-01
3.801323825670323009e-01,3.152517678775596521e-01
3.802419132376584354e-01,3.150844268122038883e-01
3.803514335563144000e-01,3.149170789715761143e-01
3.804609433950260078e-01,3.147497242728501399e-01
3.805704426215692493e-01,3.145823626304534160e-01
3.806799310993571606e-01,3.144149939559951479e-01
3.807894086873234718e-01,3.142476181581922989e-01
3.808988752398017597e-01,3.140802351427920414e-01
3.810083306064004915e-01,3.139128448124935411e-01
3.811177746318752391e-01,3.137454470668655238e-01
3.812272071559965614e-01,3.135780418022631744e-01
3.813366280134129482e-01,3.134106289117410404e-01
3.814460370335111539e-01,3.132432082849638810e-01
3.815554340402689260e-01,3.130757798081143517e-01
3.816648188521090113e-01,3.129083433637991907e-01
3.817741912817416150e-01,3.127408988309512416e-01
3.818835511360082480e-01,3.125734460847285345e-01
3.819928982157159147e-01,3.124059849964117563e-01
3.821022323154706912e-01,3.122385154332971147e-01
3.822115532235028645e-01,3.120710372585878689e-01
3.823208607214887977e-01,3.119035503312804214e-01
3.824301545843662442e-01,3.117360545060490207e-01
3.825394345801456653e-01,3.115685496331265791e-01
3.826487004697151084e-01,3.114010355581823819e-01
3.827579520066395347e-01,3.112335121221949108e-01
3.828671889369537062e-01,3.110659791613240022e-01
3.829764109989509113e-01,3.108984365067765654e-01
3.830856179229645830e-01,3.107308839846695259e-01
3.831948094311424802e-01,3.105633214158911026e-01
3.833039852372174261e-01,3.103957486159549251e-01
3.834131450462695545e-01,3.102281653948530948e-01
3.835222885544823379e-01,3.100605715569036414e-01
3.836314154488925654e-01,3.098929669005952570e-01
3.837405254071329375e-01,3.097253512184270363e-01
3.838496180971684990e-01,3.095577242967450515e-01
3.839586931770257450e-01,3.093900859155740979e-01
3.840677502945134547e-01,3.092224358484457203e-01
3.841767890869394186e-01,3.090547738622221319e-01
3.842858091808162291e-01,3.088870997169158583e-01
3.843948101915618532e-01,3.087194131655042750e-01
3.845037917231922675e-01,3.085517139537418130e-01
3.846127533680068211e-01,3.083840018199656141e-01
3.847216947062648273e-01,3.082162764948984113e-01
3.848306153058556056e-01,3.080485377014466342e-01
3.849395147219603075e-01,3.078807851544936858e-01
3.850483924967056937e-01,3.077130185606899437e-01
3.851572481588100283e-01,3.075452376182372660e-01
3.852660812232217014e-01,3.073774420166696109e-01
3.853748911907484143e-01,3.072096314366301595e-01
3.854836775476802591e-01,3.070418055496422771e-01
3.855924397654019731e-01,3.068739640178787531e-01
3.857011773000008081e-01,3.067061064939238801e-01
3.858098895918637972e-01,3.065382326205346453e-01
3.859185760652664721e-01,3.063703420303950375e-01
3.860272361279565301e-01,3.062024343458683018e-01
3.861358691707267310e-01,3.060345091787444738e-01
3.862444745669812995e-01,3.058665661299834748e-01
3.863530516722938346e-01,3.056986047894562075e-01
3.864615998239584460e-01,3.055306247356815996e-01
3.865701183405334529e-01,3.053626255355587626e-01
3.866786065213753676e-01,3.051946067440980959e-01
3.867870636461685496e-01,3.050265679041475608e-01
3.868954889744462555e-01,3.048585085461176236e-01
3.870038817451044166e-01,3.046904281877026999e-01
3.871122411759104764e-01,3.045223263336002684e-01
3.872205664630030686e-01,3.043542024752280417e-01
3.873288567803885862e-01,3.041860560904390831e-01
3.874371112794294247e-01,3.040178866432353688e-01
3.875453290883284496e-01,3.038496935834806290e-01
3.876535093116064701e-01,3.036814763466103573e-01
3.877616510295761598e-01,3.035132343533446520e-01
3.878697532978115925e-01,3.033449670093968931e-01
3.879778151466132807e-01,3.031766737051846961e-01
3.880858355804694959e-01,3.030083538155421974e-01
3.881938135775143683e-01,3.028400066994305639e-01
3.883017480889853212e-01,3.026716316996529432e-01
3.884096380386761194e-01,3.025032281425696357e-01
3.885174823223887519e-01,3.023347953378155428e-01
3.886252798073878134e-01,3.021663325780224452e-01
3.887330293318495000e-01,3.019978391385415017e-01
3.888407297043159350e-01,3.018293142771740212e-01
3.889483797031483836e-01,3.016607572339033427e-01
3.890559780759821895e-01,3.014921672306332678e-01
3.891635235391872616e-01,3.013235434709337635e-01
3.892710147773285612e-01,3.011548851397916615e-01
3.893784504426343052e-01,3.009861914033689079e-01
3.894858291544677220e-01,3.008174614087695820e-01
3.895931494988070787e-01,3.006486942838152987e-01
3.897004100277296490e-01,3.004798891368300473e-01
3.898076092589087827e-01,3.003110450564359657e-01
3.899147456751165253e-01,3.001421611113591070e-01
3.900218177237388950e-01,2.999732363502486954e-01
3.901288238163014843e-01,2.998042698015076502e-01
3.902357623280084953e-01,2.996352604731383207e-01
3.903426315972962080e-01,2.994662073526011548e-01
3.904494299253998268e-01,2.992971094066902427e-01
3.905561555759393677e-01,2.991279655814235161e-01
3.906628067745194222e-01,2.989587748019524871e-01
3.907693817083519039e-01,2.987895359724868638e-01
3.908758785258950041e-01,2.986202479762419260e-01
3.909822953365172382e-01,2.984509096754027202e-01
3.910886302101814760e-01,2.982815199111105708e-01
3.911948811771540635e-01,2.981120775034709069e-01
3.913010462277404788e-01,2.979425812515844596e-01
3.914071233120460791e-01,2.977730299336014408e-01
3.915131103397661017e-01,2.976034223067997586e-01
3.916190051800058081e-01,2.974337571076897668e-01
3.917248056611301044e-01,2.972640330521444940e-01
3.918305095706468011e-01,2.970942488355563516e-01
3.919361146551235686e-01,2.969244031330236511e-01
3.920416186201391984e-01,2.967544945995636008e-01
3.921470191302725561e-01,2.965845218703564989e-01
3.922523138091285055e-01,2.964144835610181827e-01
3.923575002394030786e-01,2.962443782679058946e-01
3.924625759629896682e-01,2.960742045684535695e-01
3.925675384811256330e-01,2.959039610215394300e-01
3.926723852545843663e-01,2.957336461678884421e-01
3.927771137039078875e-01,2.955632585305044135e-01
3.928817212096881173e-01,2.953927966151393414e-01
3.929862051128931166e-01,2.952222589107935113e-01
3.930905627152392889e-01,2.950516438902529570e-01
3.931947912796159850e-01,2.948809500106601145e-01
3.932988880305542945e-01,2.947101757141180056e-01
3.934028501547508494e-01,2.945393194283322802e-01
3.935066748016394778e-01,2.943683795672852876e-01
3.936103590840157040e-01,2.941973545319481742e-01
3.937139000787143184e-01,2.940262427110242327e-01
3.938172948273386265e-01,2.938550424817301110e-01
3.939205403370444336e-01,2.936837522106089393e-01
3.940236335813759316e-01,2.935123702543793178e-01
3.941265715011588178e-01,2.933408949608161120e-01
3.942293510054436512e-01,2.931693246696650546e-01
3.943319689725074961e-01,2.929976577135895432e-01
3.944344222509074127e-01,2.928258924191481927e-01
3.945367076605891810e-01,2.926540271078037492e-01
3.946388219940496489e-01,2.924820600969613160e-01
3.947407620175527043e-01,2.923099897010351667e-01
3.948425244723989813e-01,2.921378142325428695e-01
3.949441060762465816e-01,2.919655320032252810e-01
3.950455035244866409e-01,2.917931413251927397e-01
3.951467134916651913e-01,2.916206405120918554e-01
3.952477326329597029e-01,2.914480278802982216e-01
3.953485575857015322e-01,2.912753017501248376e-01
3.954491849709475537e-01,2.911024604470522359e-01
3.955496113950969228e-01,2.909295023029743743e-01
3.956498334515542448e-01,2.907564256574585171e-01
3.957498477224336009e-01,2.905832288590199930e-01
3.958496507803067610e-01,2.904099102664050025e-01
3.959492391899887553e-01,2.902364682498846382e-01
3.960486095103633586e-01,2.900629011925548451e-01
3.961477582962416033e-01,2.898892074916397110e-01
3.962466821002557094e-01,2.897153855597987548e-01
3.963453774747830449e-01,2.895414338264318821e-01
3.964438409739000080e-01,2.893673507389840083e-01
3.965420691553586674e-01,2.891931347642428540e-01
3.966400585825928804e-01,2.890187843896307451e-01
3.967378058267373442e-01,2.888442981244866981e-01
3.968353074686724047e-01,2.886696745013349052e-01
3.969325601010772475e-01,2.884949120771405640e-01
3.970295603305005749e-01,2.883200094345476638e-01
3.971263047794357792e-01,2.881449651830966796e-01
3.972227900884057750e-01,2.879697779604223906e-01
3.973190129180478314e-01,2.877944464334253882e-01
3.974149699511994038e-01,2.876189692994187697e-01
3.975106578949795244e-01,2.874433452872449668e-01
3.976060734828638643e-01,2.872675731583617109e-01
3.977012134767484719e-01,2.870916517078950791e-01
3.977960746690010763e-01,2.869155797656574025e-01
3.978906538844944052e-01,2.867393561971269822e-01
3.979849479826200742e-01,2.865629799043890591e-01
3.980789538592782173e-01,2.863864498270355941e-01
3.981726684488391399e-01,2.862097649430220825e-01
3.982660887260778271e-01,2.860329242694798491e-01
3.983592117080722028e-01,2.858559268634811579e-01
3.984520344560652516e-01,2.856787718227584150e-01
3.985445540772889483e-01,2.855014582863724670e-01
3.986367677267435017e-01,2.853239854353324945e-01
3.987286726089309674e-01,2.851463524931625582e-01
3.988202659795421212e-01,2.849685587264179643e-01
3.989115451470893747e-01,2.847906034451461177e-01
3.990025074744861788e-01,2.846124860032961945e-01
3.990931503805701941e-01,2.844342057990716377e-01
3.991834713415665092e-01,2.842557622752295843e-01
3.992734678924885205e-01,2.840771549193242818e-01
3.993631376284755286e-01,2.838983832638953819e-01
3.994524782060646650e-01,2.837194468866007235e-01
3.995414873443917658e-01,2.835403454102932708e-01
3.996301628263263517e-01,2.833610785030438173e-01
3.997185024995318359e-01,2.831816458781080681e-01
3.998065042774524014e-01,2.830020472938401532e-01
3.998941661402271586e-01,2.828222825535515184e-01
3.999814861355271978e-01,2.826423515053181346e-01
4.000684623793134831e-01,2.824622540417345284e-01
4.001550930565217490e-01,2.822819900996166309e-01
4.002413764216632974e-01,2.821015596596559427e-01
4.003273107993504110e-01,2.819209627460230183e-01
4.004128945847396648e-01,2.817401994259248754e-01
4.004981262438955247e-01,2.815592698091147206e-01
4.005830043140757857e-01,2.813781740473585979e-01
4.006675274039346313e-01,2.811969123338571852e-01
4.007516941936465349e-01,2.810154849026275659e-01
4.008355034349521118e-01,2.808338920278434236e-01
4.009189539511226474e-01,2.806521340231386552e-01
4.010020446368491309e-01,2.804702112408734571e-01
4.010847744580517960e-01,2.802881240713669952e-01
4.011671424516144446e-01,2.801058729420968230e-01
4.012491477250432759e-01,2.799234583168675461e-01
4.013307894560528277e-01,2.797408806949517879e-01
4.014120668920767576e-01,2.795581406102026767e-01
4.014929793497111210e-01,2.793752386301447954e-01
4.015735262140854300e-01,2.791921753550385410e-01
4.016537069381677094e-01,2.790089514169277196e-01
4.017335210420026614e-01,2.788255674786657146e-01
4.018129681118888241e-01,2.786420242329264441e-01
4.018920477994886165e-01,2.784583224012006641e-01
4.019707598208849264e-01,2.782744627327795595e-01
4.020491039555765811e-01,2.780904460037280090e-01
4.021270800454184169e-01,2.779062730158482486e-01
4.022046879935113894e-01,2.777219445956375932e-01
4.022819277630400592e-01,2.775374615932417743e-01
4.023587993760617820e-01,2.773528248814031705e-01
4.024353029122525460e-01,2.771680353544096476e-01
4.025114385076081769e-01,2.769830939270429004e-01
4.025872063531043543e-01,2.767980015335287369e-01
4.026626066933218784e-01,2.766127591264914698e-01
4.027376398250324119e-01,2.764273676759128051e-01
4.028123060957552459e-01,2.762418281680976695e-01
4.028866059022803703e-01,2.760561416046484196e-01
4.029605396891678959e-01,2.758703090014485437e-01
4.030341079472170573e-01,2.756843313876554680e-01
4.031073112119179513e-01,2.754982098047083494e-01
4.031801500618790168e-01,2.753119453053453625e-01
4.032526251172382503e-01,2.751255389526384709e-01
4.033247370380605434e-01,2.749389918190413562e-01
4.033964865227182561e-01,2.747523049854533883e-01
4.034678743062655171e-01,2.745654795403025816e-01
4.035389011588002006e-01,2.743785165786438718e-01
4.036095678838222400e-01,2.741914172012778206e-01
4.036798753165864451e-01,2.740041825138881393e-01
4.037498243224534322e-01,2.738168136261976415e-01
4.038194157952417207e-01,2.736293116511475110e-01
4.038886506555799949e-01,2.734416777040947211e-01
4.039575298492630862e-01,2.732539129020318813e-01
4.040260543456156705e-01,2.730660183628291215e-01
4.040942251358610737e-01,2.728779952044974588e-01
4.041620432314988465e-01,2.726898445444745911e-01
4.042295096626945528e-01,2.725015674989330061e-01
4.042966254766794387e-01,2.723131651821107391e-01
4.043633917361653118e-01,2.721246387056648897e-01
4.044298095177709107e-01,2.719359891780473992e-01
4.044958799104682590e-01,2.717472177039052528e-01
4.045616040140428415e-01,2.715583253835001099e-01
4.046269829375718774e-01,2.713693133121543588e-01
4.046920177979242417e-01,2.711801825797166554e-01
4.047567097182765972e-01,2.709909342700512203e-01
4.048210598266535620e-01,2.708015694605493962e-01
4.048850692544866403e-01,2.706120892216620777e-01
4.049487391351974663e-01,2.704224946164547894e-01
4.050120706028029205e-01,2.702327867001840245e-01
4.050750647905426161e-01,2.700429665198936791e-01
4.051377228295316435e-01,2.698530351140341899e-01
4.052000458474370181e-01,2.696629935120994914e-01
4.052620349671779976e-01,2.694728427342860666e-01
4.053236913056512680e-01,2.692825837911717035e-01
4.053850159724813329e-01,2.690922176834114610e-01
4.054460100687962143e-01,2.689017454014544506e-01
4.055066746860274129e-01,2.687111679252786045e-01
4.055670109047354588e-01,2.685204862241424850e-01
4.056270197934602750e-01,2.683297012563563566e-01
4.056867024075974104e-01,2.681388139690683015e-01
4.057460597882979192e-01,2.679478252980691533e-01
4.058050929613938873e-01,2.677567361676115865e-01
4.058638029363473843e-01,2.675655474902465247e-01
4.059221907052253941e-01,2.673742601666737051e-01
4.059802572416960631e-01,2.671828750856081180e-01
4.060380035000507037e-01,2.669913931236595483e-01
4.060954304142487259e-01,2.667998151452277700e-01
4.061525388969829398e-01,2.666081420024095094e-01
4.062093298387713380e-01,2.664163745349186208e-01
4.062658041070670301e-01,2.662245135700213594e-01
4.063219625453906581e-01,2.660325599224793169e-01
4.063778059724849623e-01,2.658405143945086757e-01
4.064333351814887196e-01,2.656483777757478459e-01
4.064885509391289453e-01,2.654561508432372596e-01
4.065434539849360762e-01,2.652638343614088234e-01
4.065980450304729765e-01,2.650714290820875285e-01
4.066523247585869805e-01,2.648789357444992221e-01
4.067062938226746471e-01,2.646863550752929228e-01
4.067599528459678315e-01,2.644936877885663007e-01
4.068133024208322457e-01,2.643009345859045900e-01
4.068663431080835613e-01,2.641080961564260532e-01
4.069190754363176676e-01,2.639151731768355491e-01
4.069714999012563617e-01,2.637221663114850401e-01
4.070236169651055835e-01,2.635290762124444242e-01
4.070754270559268084e-01,2.633359035195756981e-01
4.071269305670216498e-01,2.631426488606176117e-01
4.071781278563276762e-01,2.629493128512745970e-01
4.072290192458256630e-01,2.627558960953133016e-01
4.072796050209566143e-01,2.625623991846655070e-01
4.073298854300506644e-01,2.623688226995357087e-01
4.073798606837630287e-01,2.621751672085171903e-01
4.074295309545206134e-01,2.619814332687102065e-01
4.074788963759754523e-01,2.617876214258488821e-01
4.075279570424672482e-01,2.615937322144319954e-01
4.075767130084910761e-01,2.613997661578583154e-01
4.076251642881730808e-01,2.612057237685685984e-01
4.076733108547528905e-01,2.610116055481917496e-01
4.077211526400685848e-01,2.608174119876955355e-01
4.077686895340501549e-01,2.606231435675425145e-01
4.078159213842144082e-01,2.604288007578500763e-01
4.078628479951669217e-01,2.602343840185575297e-01
4.079094691281048290e-01,2.600398937995930804e-01
4.079557845003248806e-01,2.598453305410506897e-01
4.080017937847325582e-01,2.596506946733675436e-01
4.080474966093555755e-01,2.594559866175080165e-01
4.080928925568575449e-01,2.592612067851522983e-01
4.081379811640543087e-01,2.590663555788876304e-01
4.081827619214308811e-01,2.588714333924075350e-01
4.082272342726617209e-01,2.586764406107118219e-01
4.082713976141279510e-01,2.584813776103139782e-01
4.083152512944387413e-01,2.582862447594535538e-01
4.083587946139503044e-01,2.580910424183104346e-01
4.084020268242876117e-01,2.578957709392283859e-01
4.084449471278637223e-01,2.577004306669390954e-01
4.084875546773997779e-01,2.575050219387954864e-01
4.085298485754453313e-01,2.573095450850079735e-01
4.085718278738967313e-01,2.571140004288860470e-01
4.086134915735167294e-01,2.569183882870874625e-01
4.086548386234528096e-01,2.567227089698703169e-01
4.086958679207541856e-01,2.565269627813542841e-01
4.087365783098891869e-01,2.563311500197847925e-01
4.087769685822629229e-01,2.561352709778060843e-01
4.088170374757321701e-01,2.559393259427396039e-01
4.088567836741243688e-01,2.557433151968683815e-01
4.088962058067493466e-01,2.555472390177303543e-01
4.089353024479197574e-01,2.553510976784169051e-01
4.089740721164649706e-01,2.551548914478807828e-01
4.090125132752500114e-01,2.549586205912489079e-01
4.090506243306918366e-01,2.547622853701458912e-01
4.090884036322797734e-01,2.545658860430248249e-01
4.091258494720959593e-01,2.543694228655051237e-01
4.091629600843381120e-01,2.541728960907214674e-01
4.091997336448450762e-01,2.539763059696800718e-01
4.092361682706241455e-01,2.537796527516249512e-01
4.092722620193836036e-01,2.535829366844131183e-01
4.093080128890683178e-01,2.533861580149011083e-01
4.093434188173998844e-01,2.531893169893401629e-01
4.093784776814218263e-01,2.529924138537828493e-01
4.094131872970517838e-01,2.527954488544997269e-01
4.094475454186394803e-01,2.525984222384088373e-01
4.094815497385329017e-01,2.524013342535144089e-01
4.095151978866522491e-01,2.522041851493589393e-01
4.095484874300736045e-01,2.520069751774869360e-01
4.095814158726226450e-01,2.518097045919208687e-01
4.096139806544785711e-01,2.516123736496499452e-01
4.096461791517927997e-01,2.514149826111324870e-01
4.096780086763166517e-01,2.512175317408105180e-01
4.097094664750480786e-01,2.510200213076385634e-01
4.097405497298903798e-01,2.508224515856277703e-01
4.097712555573292947e-01,2.506248228544006307e-01
4.098015810081274690e-01,2.504271353997651328e-01
4.098315230670384057e-01,2.502293895142988500e-01
4.098610786525409000e-01,2.500315854979512920e-01
4.098902446165970104e-01,2.498337236586602450e-01
4.099190177444295147e-01,2.496358043129842108e-01
4.099473947543293972e-01,2.494378277867491112e-01
4.099753722974865955e-01,2.492397944157129230e-01
4.100029469578495567e-01,2.490417045462445800e-01
4.100301152520158254e-01,2.488435585360203595e-01
4.100568736291516636e-01,2.486453567547353138e-01
4.100832184709474748e-01,2.484470995848325481e-01
4.101091460916067577e-01,2.482487874222473745e-01
4.101346527378716411e-01,2.480504206771691755e-01
4.101597345890881652e-01,2.478519997748196146e-01
4.101843877573108088e-01,2.476535251562465290e-01
4.102086082874508710e-01,2.474549972791348640e-01
4.102323921574673182e-01,2.472564166186336232e-01
4.102557352786063705e-01,2.470577836681990547e-01
4.102786334956872172e-01,2.468590989404537972e-01
4.103010825874401357e-01,2.466603629680615140e-01
4.103230782668949028e-01,2.464615763046166530e-01
4.103446161818267157e-01,2.462627395255495844e-01
4.103656919152548488e-01,2.460638532290464198e-01
4.103863009860045929e-01,2.458649180369825438e-01
4.104064388493264826e-01,2.456659345958692731e-01
4.104261008975793601e-01,2.454669035778153097e-01
4.104452824609802208e-01,2.452678256814985192e-01
4.104639788084191165e-01,2.450687016331496715e-01
4.104821851483447803e-01,2.448695321875485886e-01
4.104998966297197516e-01,2.446703181290278695e-01
4.105171083430517176e-01,2.444710602724874393e-01
4.105338153214977970e-01,2.442717594644158441e-01
4.105500125420470381e-01,2.440724165839189830e-01
4.105656949267824096e-01,2.438730325437545310e-01
4.105808573442243925e-01,2.436736082913701085e-01
4.105954946107562842e-01,2.434741448099455308e-01
4.106096014921351567e-01,2.432746431194352799e-01
4.106231727050901337e-01,2.430751042776121418e-01
4.106362029190064322e-01,2.428755293811085403e-01
4.106486867577013866e-01,2.426759195664551227e-01
4.106606188012903447e-01,2.424762760111139615e-01
4.106719935881454342e-01,2.422765999345042887e-01
4.106828056169463670e-01,2.420768925990202936e-01
4.106930493488289979e-01,2.418771553110371786e-01
4.107027192096266988e-01,2.416773894219038377e-01
4.107118095922085432e-01,2.414775963289209348e-01
4.107203148589169128e-01,2.412777774763001370e-01
4.107282293440992493e-01,2.410779343561042232e-01
4.107355473567410042e-01,2.408780685091636009e-01
4.107422631831946780e-01,2.406781815259684265e-01
4.107483710900082241e-01,2.404782750475319142e-01
4.107538653268507645e-01,2.402783507662237528e-01
4.107587401295356155e-01,2.400784104265699659e-01
4.107629897231421801e-01,2.398784558260161348e-01
4.107666083252314859e-01,2.396784888156526516e-01
4.107695901491583701e-01,2.394785113008960076e-01
4.107719294074778649e-01,2.392785252421271991e-01
4.107736203154430110e-01,2.390785326552802015e-01
4.107746570945933207e-01,2.388785356123805936e-01
4.107750339764332237e-01,2.386785362420295042e-01
4.107747452061953908e-01,2.384785367298303260e-01
4.107737850466893770e-01,2.382785393187551171e-01
4.107721477822298128e-01,2.380785463094472199e-01
4.107698277226450312e-01,2.378785600604589046e-01
4.107668192073575808e-01,2.376785829884172641e-01
4.107631166095400133e-01,2.374786175681192768e-01
4.107587143403331753e-01,2.372786663325517076e-01
4.107536068531321138e-01,2.370787318728311555e-01
4.107477886479300455e-01,2.368788168380648318e-01
4.107412542757143958e-01,2.366789239351262952e-01
4.107339983429149077e-01,2.364790559283455607e-01
4.107260155158950488e-01,2.362792156391112508e-01
4.107173005254824982e-01,2.360794059453788785e-01
4.107078481715318863e-01,2.358796297810888676e-01
4.106976533275171204e-01,2.356798901354875686e-01
4.106867109451413089e-01,2.354801900523508240e-01
4.106750160589651699e-01,2.352805326291096399e-01
4.106625637910413795e-01,2.350809210158739393e-01
4.106493493555505303e-01,2.348813584143556454e-01
4.106353680634317049e-01,2.346818480766879877e-01
4.106206153270010040e-01,2.344823933041419173e-01
4.106050866645484798e-01,2.342829974457372177e-01
4.105887777049086473e-01,2.340836638967493943e-01
4.105716841919953564e-01,2.338843960971114799e-01
4.105538019892942536e-01,2.336851975297111750e-01
4.105351270843028422e-01,2.334860717185840151e-01
4.105156555929146966e-01,2.332870222270023997e-01
4.104953837637349556e-01,2.330880526554626464e-01
4.104743079823222063e-01,2.328891666395710713e-01
4.104524247753474908e-01,2.326903678478294546e-01
4.104297308146631629e-01,2.324916599793247218e-01
4.104062229212740442e-01,2.322930467613214534e-01
4.103818980692008900e-01,2.320945319467629941e-01
4.103567533892313879e-01,2.318961193116821640e-01
4.103307861725482564e-01,2.316978126525256754e-01
4.103039938742296666e-01,2.314996157833945911e-01
4.102763741166111644e-01,2.313015325332067329e-01
4.102479246925061496e-01,2.311035667427827622e-01
4.102186435682737553e-01,2.309057222618622895e-01
4.101885288867301305e-01,2.307080029460527315e-01
4.101575789698966856e-01,2.305104126537186326e-01
4.101257923215759771e-01,2.303129552428138382e-01
4.100931676297535633e-01,2.301156345676630410e-01
4.100597037688170632e-01,2.299184544756999460e-01
4.100253998015901402e-01,2.297214188041648841e-01
4.099902549811711427e-01,2.295245313767708406e-01
4.099542687525800089e-01,2.293277960003428928e-01
4.099174407542014453e-01,2.291312164614373870e-01
4.098797708190246580e-01,2.289347965229478477e-01
4.098412589756781355e-01,2.287385399207051973e-01
4.098019054492503255e-01,2.285424503600765600e-01
4.097617106619020344e-01,2.283465315125731976e-01
4.097206752332611668e-01,2.281507870124713233e-01
4.096787999806033032e-01,2.279552204534547877e-01
4.096360859188161729e-01,2.277598353852858526e-01
4.095925342601441921e-01,2.275646353105115760e-01
4.095481464137194494e-01,2.273696236812117188e-01
4.095029239848739788e-01,2.271748038957966953e-01
4.094568687742353719e-01,2.269801792958614783e-01
4.094099827766116695e-01,2.267857531631017332e-01
4.093622681796608709e-01,2.265915287162990899e-01
4.093137273623515537e-01,2.263975091083840763e-01
4.092643628932188804e-01,2.262036974235777376e-01
4.092141775284130478e-01,2.260100966746248496e-01
4.091631742095522273e-01,2.258167098001179207e-01
4.091113560613772737e-01,2.256235396619227229e-01
4.090587263892181413e-01,2.254305890427074632e-01
4.090052886762717832e-01,2.252378606435816444e-01
4.089510465807028039e-01,2.250453570818495286e-01
4.088960039325676421e-01,2.248530808888827559e-01
4.088401647305713871e-01,2.246610345081143933e-01
4.087835331386642790e-01,2.244692202931614922e-01
4.087261134824798914e-01,2.242776405060757650e-01
4.086679102456285406e-01,2.240862973157281557e-01
4.086089280658495859e-01,2.238951927963287181e-01
4.085491717310291149e-01,2.237043289260834955e-01
4.084886461750952824e-01,2.235137075859922329e-01
4.084273564737933571e-01,2.233233305587860318e-01
4.083653078403537418e-01,2.231331995280076419e-01
4.083025056210590753e-01,2.229433160772347766e-01
4.082389552907162988e-01,2.227536816894454819e-01
4.081746624480482311e-01,2.225642977465281391e-01
4.081096328110057625e-01,2.223751655289324114e-01
4.080438722120168782e-01,2.221862862154630469e-01
4.079773865931721755e-01,2.219976608832140708e-01
4.079101820013641411e-01,2.218092905076412547e-01
4.078422645833826299e-01,2.216211759627728095e-01
4.077736405809768705e-01,2.214333180215540542e-01
4.077043163258933234e-01,2.212457173563247281e-01
4.076342982348950539e-01,2.210583745394266442e-01
4.075635928047725010e-01,2.208712900439360471e-01
4.074922066073547455e-01,2.206844642445209004e-01
4.074201462845236099e-01,2.204978974184159668e-01
4.073474185432451877e-01,2.203115897465146578e-01
4.072740301506215799e-01,2.201255413145707940e-01
4.071999879289693314e-01,2.199397521145090573e-01
4.071252987509369481e-01,2.197542220458373330e-01
4.070499695346585511e-01,2.195689509171559473e-01
4.069740072389624874e-01,2.193839384477615784e-01
4.068974188586279572e-01,2.191991842693389037e-01
4.068202114197066455e-01,2.190146879277345415e-01
4.067423919749055261e-01,2.188304488848106799e-01
4.066639675990456615e-01,2.186464665203697588e-01
4.065849453845906680e-01,2.184627401341481534e-01
4.065053324372620569e-01,2.182792689478717241e-01
4.064251358717343998e-01,2.180960521073682934e-01
4.063443628074205893e-01,2.179130886847322479e-01
4.062630203643533555e-01,2.177303776805357693e-01
4.061811156591559335e-01,2.175479180260811163e-01
4.060986558011187020e-01,2.173657085856892102e-01
4.060156478883733544e-01,2.171837481590195018e-01
4.059320990041741517e-01,2.170020354834157339e-01
4.058480162132852009e-01,2.168205692362727977e-01
4.057634065584754257e-01,2.166393480374202152e-01
4.056782770571263907e-01,2.164583704515173068e-01
4.055926346979511488e-01,2.162776349904544371e-01
4.055064864378253864e-01,2.160971401157586735e-01
4.054198391987329786e-01,2.159168842409954769e-01
4.053326998648271173e-01,2.157368657341668938e-01
4.052450752796060707e-01,2.155570829200983418e-01
4.051569722432041276e-01,2.153775340828122664e-01
4.050683975097972844e-01,2.151982174678844784e-01
4.049793577851243942e-01,2.150191312847795910e-01
4.048898597241233355e-01,2.148402737091628378e-01
4.047999099286800351e-01,2.146616428851842451e-01
4.047095149454906782e-01,2.144832369277324124e-01
4.046186812640366059e-01,2.143050539246560970e-01
4.045274153146688478e-01,2.141270919389498262e-01
4.044357234668025658e-01,2.139493490109020679e-01
4.043436120272203560e-01,2.137718231602024344e-01
4.042510872384784681e-01,2.135945123880078067e-01
4.041581552774224373e-01,2.134174146789642457e-01
4.040648222538011369e-01,2.132405280031821615e-01
4.039710942089831391e-01,2.130638503181661036e-01
4.038769771147726062e-01,2.128873795706947292e-01
4.037824768723181634e-01,2.127111136986514772e-01
4.036875993111198602e-01,2.125350506328046174e-01
4.035923501881265585e-01,2.123591882985359225e-01
4.034967351869200858e-01,2.121835246175165224e-01
4.034007599169904257e-01,2.120080575093303554e-01
4.033044299130926769e-01,2.118327848930441903e-01
4.032077506346873341e-01,2.116577046887245239e-01
4.031107274654595063e-01,2.114828148189001333e-01
4.030133657129135738e-01,2.113081132099706438e-01
4.029156706080456729e-01,2.111335977935630825e-01
4.028176473050837370e-01,2.109592665078324769e-01
4.027193008812985919e-01,2.107851172987113553e-01
4.026206363368832752e-01,2.106111481211054848e-01
4.025216585948913073e-01,2.104373569400365684e-01
4.024223725012413544e-01,2.102637417317349822e-01
4.023227828247778470e-01,2.100903004846795263e-01
4.022228942573877197e-01,2.099170312005875505e-01
4.021227114141724401e-01,2.097439318953558396e-01
4.020222388336693875e-01,2.095710005999517067e-01
4.019214809781230247e-01,2.093982353612567349e-01
4.018204422338016446e-01,2.092256342428638616e-01
4.017191269113586927e-01,2.090531953258275288e-01
4.016175392462360549e-01,2.088809167093701180e-01
4.015156833991043728e-01,2.087087965115433097e-01
4.014135634563437138e-01,2.085368328698481155e-01
4.013111834305557180e-01,2.083650239418118333e-01
4.012085472611122694e-01,2.081933679055252007e-01
4.011056588147307034e-01,2.080218629601410796e-01
4.010025218860798768e-01,2.078505073263334779e-01
4.008991401984140501e-01,2.076792992467210441e-01
4.007955174042279745e-01,2.075082369862540910e-01
4.006916570859384574e-01,2.073373188325672856e-01
4.005875627565846919e-01,2.071665430962998655e-01
4.004832378605481247e-01,2.069959081113820210e-01
4.003786857742910321e-01,2.068254122352932434e-01
4.002739098071098067e-01,2.066550538492876454e-01
4.001689132019040085e-01,2.064848313585935236e-01
4.000636991359557415e-01,2.063147431925849984e-01
3.999582707217247401e-01,2.061447878049264271e-01
3.998526310076484513e-01,2.059749636736933898e-01
3.997467829789541072e-01,2.058052693014686130e-01
3.996407295584782915e-01,2.056357032154158548e-01
3.995344736074898373e-01,2.054662639673323632e-01
3.994280179265202735e-01,2.052969501336797675e-01
3.993213652561988791e-01,2.051277603155965690e-01
3.992145182780857948e-01,2.049586931388914512e-01
3.991074796155130722e-01,2.047897472540189390e-01
3.990002518344217264e-01,2.046209213360394852e-01
3.988928374442009539e-01,2.044522140845627944e-01
3.987852388985255736e-01,2.042836242236773514e-01
3.986774585961916917e-01,2.041151505018652113e-01
3.985694988819509232e-01,2.039467916919052437e-01
3.984613620473386186e-01,2.037785465907628879e-01
3.983530503314998139e-01,2.036104140194695267e-01
3.982445659220122391e-01,2.034423928229912582e-01
3.981359109556985576e-01,2.032744818700872313e-01
3.980270875194398261e-01,2.031066800531600713e-01
3.979180976509761880e-01,2.029389862880971729e-01
3.978089433397046237e-01,2.027713995141044445e-01
3.976996265274680420e-01,2.026039186935336966e-01
3.975901491093359885e-01,2.024365428117028132e-01
3.974805129343777499e-01,2.022692708767104830e-01
3.973707198064281298e-01,2.021021019192461576e-01
3.972607714848424565e-01,2.019350349923944576e-01
3.971506696852423746e-01,2.017680691714364150e-01
3.970404160802539217e-01,2.016012035536462466e-01
3.969300123002352798e-01,2.014344372580854081e-01
3.968194599339935902e-01,2.012677694253939276e-01
3.967087605294926655e-01,2.011011992175787688e-01
3.965979155945504875e-01,2.009347258178015572e-01
3.964869265975254908e-01,2.007683484301637233e-01
3.963757949679944104e-01,2.006020662794903986e-01
3.962645220974160831e-01,2.004358786111146151e-01
3.961531093397882008e-01,2.002697846906598689e-01
3.960415580122909063e-01,2.001037838038228767e-01
3.959298693959207860e-01,1.999378752561569716e-01
3.958180447361129284e-01,1.997720583728542221e-01
3.957060852433541553e-01,1.996063324985306031e-01
3.955939920937829868e-01,1.994406969970095866e-01
3.954817664297809454e-01,1.992751512511079792e-01
3.953694093605517601e-01,1.991096946624235919e-01
3.952569219626907437e-01,1.989443266511222719e-01
3.951443052807432910e-01,1.987790466557293190e-01
3.950315603277516630e-01,1.986138541329194318e-01
3.949186880857937232e-01,1.984487485573117604e-01
3.948056895065093497e-01,1.982837294212645152e-01
3.946925655116175768e-01,1.981187962346728226e-01
3.945793169934221911e-01,1.979539485247685526e-01
3.944659448153101655e-01,1.977891858359227539e-01
3.943524498122363831e-01,1.976245077294496166e-01
3.942388327912034751e-01,1.974599137834140983e-01
3.941250945317254506e-01,1.972954035924409655e-01
3.940112357862898262e-01,1.971309767675270275e-01
3.938972572808037143e-01,1.969666329358555901e-01
3.937831597150346918e-01,1.968023717406140738e-01
3.936689437630414012e-01,1.966381928408136304e-01
3.935546100735957120e-01,1.964740959111115903e-01
3.934401592705966122e-01,1.963100806416367139e-01
3.933255919534752731e-01,1.961461467378171342e-01
3.932109086975915657e-01,1.959822939202106318e-01
3.930961100546247478e-01,1.958185219243379627e-01
3.929811965529536044e-01,1.956548305005177402e-01
3.928661686980313705e-01,1.954912194137051473e-01
3.927510269727515491e-01,1.953276884433325644e-01
3.926357718378076789e-01,1.951642373831525279e-01
3.925204037320472739e-01,1.950008660410829930e-01
3.924049230728157145e-01,1.948375742390548726e-01
3.922893302562976414e-01,1.946743618128630726e-01
3.921736256578500779e-01,1.945112286120173617e-01
3.920578096323291684e-01,1.943481744995978477e-01
3.919418825144120877e-01,1.941851993521103992e-01
3.918258446189143984e-01,1.940223030593455356e-01
3.917096962410999694e-01,1.938594855242381787e-01
3.915934376569867870e-01,1.936967466627295686e-01
3.914770691236487687e-01,1.935340864036309283e-01
3.913605908795121380e-01,1.933715046884880995e-01
3.912440031446474675e-01,1.932090014714488158e-01
3.911273061210583935e-01,1.930465767191292814e-01
3.910104999929651104e-01,1.928842304104843308e-01
3.908935849270864793e-01,1.927219625366766720e-01
3.907765610729159178e-01,1.925597731009483782e-01
3.906594285629968466e-01,1.923976621184924629e-01
3.905421875131945830e-01,1.922356296163254541e-01
3.904248380229629056e-01,1.920736756331609119e-01
3.903073801756137273e-01,1.919118002192821693e-01
3.901898140385787750e-01,1.917500034364168493e-01
3.900721396636732674e-01,1.915882853576105771e-01
3.899543570873563736e-01,1.914266460671012471e-01
3.898364663309910050e-01,1.912650856601921523e-01
3.897184674011018313e-01,1.911036042431263626e-01
3.896003602896322970e-01,1.909422019329597431e-01
3.894821449742008612e-01,1.907808788574327785e-01
3.893638214183584578e-01,1.906196351548432033e-01
3.892453895718434032e-01,1.904584709739165771e-01
3.891268493708363030e-01,1.902973864736764997e-01
3.890082007382185125e-01,1.901363818233124392e-01
3.888894435838269326e-01,1.899754572020480037e-01
3.887705778047114702e-01,1.898146127990063547e-01
3.886516032853932767e-01,1.896538488130742883e-01
3.885325198981243178e-01,1.894931654527644005e-01
3.884133275031479426e-01,1.893325629360759210e-01
3.882940259489594537e-01,1.891720414903524661e-01
3.881746150725722821e-01,1.890116013521377925e-01
3.880550946997816109e-01,1.888512427670296923e-01
3.879354646454333810e-01,1.886909659895305014e-01
3.878157247136945207e-01,1.885307712828951654e-01
3.876958746983245607e-01,1.883706589189765301e-01
3.875759143829518028e-01,1.882106291780669682e-01
3.874558435413518742e-01,1.880506823487379242e-01
3.873356619377277266e-01,1.878908187276747410e-01
3.872153693269947405e-01,1.877310386195092662e-01
3.870949654550681074e-01,1.875713423366476562e-01
3.869744500591547620e-01,1.874117301990952666e-01
3.868538228680466484e-01,1.872522025342773233e-01
3.867330836024207574e-01,1.870927596768557633e-01
3.866122319751401637e-01,1.869334019685413018e-01
3.864912676915612799e-01,1.867741297579020021e-01
3.863701904498430539e-01,1.866149434001666552e-01
3.862489999412623831e-01,1.864558432570251056e-01
3.861276958505323598e-01,1.862968296964218895e-01
3.860062778561249019e-01,1.861379030923470956e-01
3.858847456305988244e-01,1.859790638246209826e-01
3.857630988409306294e-01,1.858203122786750705e-01
3.856413371488506270e-01,1.856616488453271541e-01
3.855194602111835511e-01,1.855030739205522639e-01
3.853974676801949495e-01,1.853445879052475487e-01
3.852753592039374064e-01,1.851861912049929670e-01
3.851531344266071466e-01,1.850278842298062609e-01
3.850307929889005276e-01,1.848696673938931556e-01
3.849083345283778046e-01,1.847115411153925080e-01
3.847857586798286711e-01,1.845535058161150710e-01
3.846630650756435177e-01,1.843955619212785391e-01
3.845402533461891870e-01,1.842377098592364870e-01
3.844173231201877261e-01,1.840799500612025907e-01
3.842942740250986366e-01,1.839222829609694909e-01
3.841711056875071195e-01,1.837647089946223833e-01
3.840478177335121535e-01,1.836072286002479459e-01
3.839244097891224006e-01,1.834498422176383536e-01
3.838008814806522784e-01,1.832925502879895752e-01
3.836772324351220287e-01,1.831353532535962281e-01
3.835534622806604510e-01,1.829782515575406332e-01
3.834295706469115217e-01,1.828212456433775390e-01
3.833055571654399030e-01,1.826643359548145717e-01
3.831814214701442234e-01,1.825075229353892436e-01
3.830571631976666946e-01,1.823508070281398830e-01
3.829327819878063921e-01,1.821941886752744266e-01
3.828082774839357549e-01,1.820376683178346333e-01
3.826836493334145328e-01,1.818812463953573544e-01
3.825588971880069522e-01,1.817249233455307533e-01
3.824340207042977724e-01,1.815686996038507750e-01
3.823090195441090078e-01,1.814125756032707870e-01
3.821838933749155398e-01,1.812565517738519705e-01
3.820586418702605069e-01,1.811006285424091311e-01
3.819332647101691958e-01,1.809448063321557609e-01
3.818077615815616555e-01,1.807890855623472126e-01
3.816821321786617593e-01,1.806334666479215145e-01
3.815563762034061002e-01,1.804779499991406300e-01
3.814304933658484997e-01,1.803225360212293293e-01
3.813044833845613546e-01,1.801672251140151726e-01
3.811783459870332069e-01,1.800120176715672704e-01
3.810520809100625961e-01,1.798569140818362666e-01
3.809256879001462481e-01,1.797019147262936267e-01
3.807991667138639347e-01,1.795470199795742849e-01
3.806725171182543943e-01,1.793922302091181531e-01
3.805457388911890337e-01,1.792375457748159873e-01
3.804188318217366360e-01,1.790829670286554209e-01
3.802917957105210744e-01,1.789284943143711892e-01
3.801646303700728646e-01,1.787741279670979067e-01
3.800373356251716128e-01,1.786198683130263698e-01
3.799099113131803596e-01,1.784657156690643010e-01
3.797823572843716522e-01,1.783116703425009220e-01
3.796546734022425706e-01,1.781577326306769127e-01
3.795268595438217041e-01,1.780039028206595042e-01
3.793989155999653029e-01,1.778501811889231510e-01
3.792708414756432722e-01,1.776965680010373083e-01
3.791426370902122867e-01,1.775430635113593725e-01
3.790143023776793574e-01,1.773896679627361972e-01
3.788858372869536306e-01,1.772363815862119385e-01
3.787572417820831983e-01,1.770832046007444482e-01
3.786285158424836927e-01,1.769301372129309102e-01
3.784996594631490630e-01,1.767771796167399434e-01
3.783706726548529131e-01,1.766243319932552236e-01
3.782415554443339101e-01,1.764715945104274875e-01
3.781123078744682564e-01,1.763189673228368892e-01
3.779829300044280638e-01,1.761664505714659046e-01
3.778534219098238500e-01,1.760140443834822543e-01
3.777237836828344353e-01,1.758617488720335686e-01
3.775940154323198517e-01,1.757095641360535421e-01
3.774641172839205971e-01,1.755574902600793297e-01
3.773340893801411244e-01,1.754055273140812388e-01
3.772039318804171759e-01,1.752536753533052161e-01
3.770736449611687413e-01,1.751019344181269644e-01
3.769432288158363065e-01,1.749503045339196872e-01
3.768126836549019476e-01,1.747987857109348786e-01
3.766820097058941608e-01,1.746473779441963525e-01
3.765512072133783694e-01,1.744960812134074835e-01
3.764202764389280587e-01,1.743448954828725195e-01
3.762892176610848072e-01,1.741938207014316897e-01
3.761580311752986683e-01,1.740428568024102729e-01
3.760267172938552283e-01,1.738920037035809885e-01
3.758952763457859558e-01,1.737412613071423473e-01
3.757637086767637857e-01,1.735906294997093535e-01
3.756320146489821044e-01,1.734401081523190835e-01
3.755001946410221336e-01,1.732896971204509196e-01
3.753682490476997757e-01,1.731393962440608281e-01
3.752361782799036316e-01,1.729892053476295433e-01
3.751039827644152558e-01,1.728391242402250727e-01
3.749716629437149229e-01,1.726891527155790529e-01
3.748392192757766805e-01,1.725392905521780929e-01
3.747066522338466932e-01,1.723895375133671082e-01
3.745739623062102064e-01,1.722398933474683091e-01
3.744411499959454104e-01,1.720903577879116242e-01
3.743082158206640919e-01,1.719409305533802501e-01
3.741751603122412395e-01,1.717916113479682205e-01
3.740419840165336574e-01,1.716423998613507973e-01
3.739086874930848681e-01,1.714932957689678794e-01
3.737752713148225769e-01,1.713442987322193467e-01
3.736417360677430355e-01,1.711954083986719499e-01
3.735080823505874115e-01,1.710466244022793569e-01
3.733743107745080003e-01,1.708979463636108309e-01
3.732404219627280528e-01,1.707493738900939251e-01
3.731064165501870034e-01,1.706009065762648658e-01
3.729722951831863087e-01,1.704525440040313145e-01
3.728380585190217422e-01,1.703042857429433732e-01
3.727037072256113026e-01,1.701561313504748318e-01
3.725692419811174050e-01,1.700080803723129363e-01
3.724346634735623551e-01,1.698601323426565113e-01
3.722999724004388833e-01,1.697122867845221872e-01
3.721651694683163480e-01,1.695645432100586214e-01
3.720302553924428324e-01,1.694169011208668529e-01
3.718952308963437980e-01,1.692693600083287619e-01
3.717600967114174093e-01,1.691219193539397203e-01
3.716248535765277472e-01,1.689745786296485419e-01
3.714895022375956368e-01,1.688273372982019294e-01
3.713540434471879759e-01,1.686801948134936668e-01
3.712184779641083399e-01,1.685331506209181429e-01
3.710828065529825359e-01,1.683862041577272872e-01
3.709470299838490415e-01,1.682393548533913097e-01
3.708111490317466119e-01,1.680926021299612994e-01
3.706751644763054965e-01,1.679459454024353482e-01
3.705390771013380435e-01,1.677993840791253966e-01
3.704028876944320814e-01,1.676529175620260215e-01
3.702665970465469636e-01,1.675065452471834193e-01
3.701302059516118348e-01,1.673602665250661370e-01
3.699937152061268941e-01,1.672140807809342489e-01
3.698571256087704318e-01,1.670679873952093386e-01
3.697204379600056989e-01,1.669219857438425658e-01
3.695836530616967708e-01,1.667760751986824552e-01
3.694467717167250753e-01,1.666302551278400490e-01
3.693097947286137495e-01,1.664845248960528101e-01
3.691727229011563249e-01,1.663388838650453061e-01
3.690355570380501327e-01,1.661933313938880330e-01
3.688982979425377562e-01,1.660478668393516599e-01
3.687609464170519269e-01,1.659024895562589696e-01
3.686235032628697450e-01,1.657571988978329969e-01
3.684859692797713970e-01,1.656119942160397818e-01
3.683483452657065893e-01,1.654668748619281815e-01
3.682106320164677538e-01,1.653218401859636866e-01
3.680728303253710809e-01,1.651768895383580182e-01
3.679349409829439366e-01,1.650320222693937300e-01
3.677969647766218819e-01,1.648872377297425085e-01
3.676589024904501901e-01,1.647425352707779789e-01
3.675207549047958544e-01,1.645979142448836252e-01
3.673825227960665352e-01,1.644533740057531612e-01
3.672442069364371120e-01,1.643089139086856831e-01
3.671058080935856172e-01,1.641645333108744387e-01
3.669673270304351087e-01,1.640202315716881021e-01
3.668287645049059797e-01,1.638760080529470531e-01
3.666901212696741519e-01,1.637318621191906909e-01
3.665513980719401488e-01,1.635877931379403349e-01
3.664125956532033879e-01,1.634438004799537436e-01
3.662737147490474077e-01,1.632998835194717224e-01
3.661347560889298136e-01,1.631560416344607911e-01
3.659957203959849914e-01,1.630122742068456088e-01
3.658566083868295404e-01,1.628685806227356259e-01
3.657174207713803638e-01,1.627249602726450473e-01
3.655781582526775875e-01,1.625814125517048847e-01
3.654388215267159179e-01,1.624379368598679596e-01
3.652994112822848249e-01,1.622945326021074663e-01
3.651599282008153868e-01,1.621511991886077086e-01
3.650203729562346844e-01,1.620079360349488962e-01
3.648807462148272451e-01,1.618647425622833924e-01
3.647410486351053693e-01,1.617216181975068001e-01
3.646012808676840078e-01,1.615785623734207477e-01
3.644614435551644105e-01,1.614355745288902355e-01
3.643215373320253248e-01,1.612926541089937660e-01
3.641815628245183012e-01,1.611498005651664234e-01
3.640415206505712709e-01,1.610070133553374305e-01
3.639014114196990612e-01,1.608642919440610441e-01
3.637612357329184087e-01,1.607216358026407610e-01
3.636209941826703540e-01,1.605790444092487501e-01
3.634806873527478555e-01,1.604365172490375691e-01
3.633403158182292314e-01,1.602940538142473004e-01
3.631998801454177084e-01,1.601516536043072203e-01
3.630593808917849663e-01,1.600093161259302788e-01
3.629188186059221777e-01,1.598670408932046094e-01
3.627781938274927120e-01,1.597248274276775182e-01
3.626375070871935002e-01,1.595826752584358910e-01
3.624967589067176199e-01,1.594405839221808008e-01
3.623559497987237643e-01,1.592985529632980901e-01
3.622150802668092084e-01,1.591565819339236243e-01
3.620741508054855506e-01,1.590146703940045481e-01
3.619331619001613376e-01,1.588728179113560457e-01
3.617921140271256331e-01,1.587310240617136881e-01
3.616510076535363605e-01,1.585892884287824489e-01
3.615098432374127535e-01,1.584476106042820298e-01
3.613686212276296938e-01,1.583059901879865783e-01
3.612273420639156574e-01,1.581644267877636290e-01
3.610860061768542129e-01,1.580229200196081318e-01
3.609446139878875748e-01,1.578814695076732333e-01
3.608031659093224319e-01,1.577400748842989753e-01
3.606616623443392733e-01,1.575987357900365260e-01
3.605201036870029352e-01,1.574574518736720496e-01
3.603784903222760905e-01,1.573162227922451917e-01
3.602368226260350692e-01,1.571750482110673697e-01
3.600951009650847912e-01,1.570339278037373720e-01
3.599533256971795270e-01,1.568928612521533483e-01
3.598114971710422161e-01,1.567518482465245500e-01
3.596696157263860050e-01,1.566108884853803784e-01
3.595276816939371178e-01,1.564699816755782125e-01
3.593856953954597810e-01,1.563291275323088758e-01
3.592436571437801485e-01,1.561883257791011059e-01
3.591015672428129468e-01,1.560475761478251067e-01
3.589594259875881765e-01,1.559068783786940748e-01
3.588172336642790894e-01,1.557662322202652549e-01
3.586749905502288338e-01,1.556256374294395506e-01
3.585326969139814302e-01,1.554850937714612469e-01
3.583903530153077499e-01,1.553446010199153182e-01
3.582479591052369905e-01,1.552041589567256796e-01
3.581055154260852635e-01,1.550637673721523835e-01
3.579630222114845162e-01,1.549234260647881500e-01
3.578204796864128956e-01,1.547831348415548980e-01
3.576778880672235039e-01,1.546428935176993869e-01
3.575352475616737635e-01,1.545027019167900528e-01
3.573925583689538388e-01,1.543625598707122626e-01
3.572498206797171671e-01,1.542224672196644275e-01
3.571070346761061609e-01,1.540824238121547007e-01
3.569642005317817945e-01,1.539424295049962588e-01
3.568213184119505277e-01,1.538024841633044426e-01
3.566783884733908949e-01,1.536625876604936214e-01
3.565354108644800957e-01,1.535227398782739727e-01
3.563923857252195293e-01,1.533829407066498174e-01
3.562493131872587759e-01,1.532431900439170103e-01
3.561061933739212981e-01,1.531034877966624685e-01
3.559630264002265898e-01,1.529638338797629227e-01
3.558198123729127693e-01,1.528242282163854160e-01
3.556765513904593945e-01,1.526846707379876378e-01
3.555332435431072247e-01,1.525451613843197829e-01
3.553898889128782601e-01,1.524057001034261893e-01
3.552464875735953376e-01,1.522662868516492241e-01
3.551030395909003379e-01,1.521269215936323360e-01
3.549595450222711168e-01,1.519876043023256351e-01
3.548160039170377145e-01,1.518483349589908882e-01
3.546724163163980648e-01,1.517091135532083745e-01
3.545287822534320954e-01,1.515699400828842691e-01
3.543851017531155501e-01,1.514308145542591078e-01
3.542413748323324785e-01,1.512917369819173075e-01
3.540976014998869492e-01,1.511527073887971029e-01
3.539537817565129307e-01,1.510137258062021204e-01
3.538099155948858376e-01,1.508747922738126745e-01
3.536660029996298582e-01,1.507359068397006729e-01
3.535220439473274467e-01,1.505970695603416343e-01
3.533780384065252633e-01,1.504582805006306478e-01
3.532339863377422229e-01,1.503195397338977779e-01
3.530898876934742137e-01,1.501808473419252166e-01
3.529457424181992042e-01,1.500422034149636041e-01
3.528015504483831277e-01,1.499036080517519853e-01
3.526573117124813805e-01,1.497650613595350455e-01
3.525130261309442070e-01,1.496265634540839828e-01
3.523686936162181427e-01,1.494881144597161593e-01
3.522243140727489563e-01,1.493497145093166945e-01
3.520798873969838150e-01,1.492113637443598373e-01
3.519354134773717835e-01,1.490730623149305600e-01
3.517908921943663225e-01,1.489348103797478728e-01
3.516463234204263988e-01,1.487966081061872781e-01
3.515017070200163185e-01,1.486584556703036131e-01
3.513570428496091136e-01,1.485203532568555307e-01
3.512123307576854314e-01,1.483823010593279534e-01
3.510675705847366435e-01,1.482442992799561654e-01
3.509227621632647898e-01,1.481063481297498763e-01
3.507779053177865203e-01,1.479684478285157589e-01
3.506329998648342605e-01,1.478305986048817355e-01
3.504880456129593203e-01,1.476928006963190709e-01
3.503430423627361678e-01,1.475550543491655764e-01
3.501979899067668711e-01,1.474173598186467871e-01
3.500528880296865375e-01,1.472797173688978334e-01
3.499077365081701974e-01,1.471421272729839802e-01
3.497625351109395764e-01,1.470045898129194450e-01
3.496172835987733096e-01,1.468671052796866605e-01
3.494719817245172111e-01,1.467296739732528166e-01
3.493266292330966527e-01,1.465922962025862641e-01
3.491812258615297759e-01,1.464549722856708369e-01
3.490357713389443672e-01,1.463177025495182026e-01
3.488902653865948444e-01,1.461804873301790209e-01
3.487447077178833510e-01,1.460433269727517136e-01
3.485990980383814608e-01,1.459062218313891268e-01
3.484534360458562130e-01,1.457691722693029435e-01
3.483077214302969793e-01,1.456321786587654876e-01
3.481619538739472164e-01,1.454952413811086420e-01
3.480161330513374396e-01,1.453583608267202953e-01
3.478702586293228594e-01,1.452215373950367372e-01
3.477243302671240155e-01,1.450847714945333045e-01
3.475783476163708530e-01,1.449480635427094766e-01
3.474323103211506281e-01,1.448114139660724720e-01
3.472862180180599223e-01,1.446748232001144330e-01
3.471400703362613749e-01,1.445382916892876679e-01
3.469938668975445228e-01,1.444018198869742586e-01
3.468476073163899720e-01,1.442654082554510886e-01
3.467012912000404512e-01,1.441290572658502911e-01
3.465549181485760855e-01,1.439927673981145073e-01
3.464084877549941099e-01,1.438565391409465377e-01
3.462619996052955784e-01,1.437203729917546080e-01
3.461154532785758464e-01,1.435842694565894750e-01
3.459688483471219378e-01,1.434482290500775914e-01
3.458221843765162395e-01,1.433122522953472200e-01
3.456754609257456923e-01,1.431763397239477209e-01
3.455286775473178640e-01,1.430404918757622323e-01
3.453818337873829081e-01,1.429047092989136347e-01
3.452349291858637370e-01,1.427689925496619661e-01
3.450879632765910809e-01,1.426333421922965639e-01
3.449409355874483163e-01,1.424977587990172156e-01
3.447938456405216789e-01,1.423622429498108133e-01
3.446466929522579714e-01,1.422267952323164053e-01
3.444994770336315959e-01,1.420914162416843929e-01
3.443521973903182487e-01,1.419561065804251787e-01
3.442048535228757755e-01,1.418208668582489063e-01
3.440574449269363511e-01,1.416856976918982602e-01
3.439099710934022669e-01,1.415505997049677500e-01
3.437624315086548754e-01,1.414155735277179415e-01
3.436148256547686963e-01,1.412806197968756727e-01
3.434671530097357928e-01,1.411457391554269136e-01
3.433194130476983630e-01,1.410109322523990238e-01
3.431716052391901584e-01,1.408761997426312695e-01
3.430237290513872828e-01,1.407415422865358756e-01
3.428757839483673187e-01,1.406069605498487252e-01
3.427277693913772794e-01,1.404724552033677076e-01
3.425796848391121641e-01,1.403380269226816024e-01
3.424315297479999520e-01,1.402036763878870274e-01
3.422833035724982542e-01,1.400694042832939801e-01
3.421350057653979038e-01,1.399352112971210538e-01
3.419866357781364830e-01,1.398010981211785797e-01
3.418381930611214536e-01,1.396670654505403619e-01
3.416896770640596714e-01,1.395331139832044487e-01
3.415410872362988348e-01,1.393992444197422464e-01
3.413924230271747629e-01,1.392654574629355324e-01
3.412436838863685540e-01,1.391317538174041690e-01
3.410948692642725710e-01,1.389981341892201072e-01
3.409459786123618108e-01,1.388645992855115918e-01
3.407970113835768200e-01,1.387311498140557930e-01
3.406479670327115516e-01,1.385977864828611961e-01
3.404988450168092706e-01,1.384645099997376394e-01
3.403496447955673410e-01,1.383313210718579156e-01
3.402003658317450108e-01,1.381982204053066043e-01
3.400510075915824659e-01,1.380652087046207455e-01
3.399015695452212715e-01,1.379322866723194374e-01
3.397520511671346943e-01,1.377994550084246927e-01
3.396024519365600791e-01,1.376667144099716633e-01
3.394527713379389966e-01,1.375340655705121762e-01
3.393030088613594453e-01,1.374015091796071675e-01
3.391531640030035488e-01,1.372690459223133708e-01
3.390032362655984177e-01,1.371366764786607351e-01
3.388532251588697308e-01,1.370044015231233203e-01
3.387031301999987587e-01,1.368722217240837535e-01
3.385529509140796645e-01,1.367401377432911624e-01
3.384026868345794137e-01,1.366081502353134747e-01
3.382523375037985169e-01,1.364762598469850263e-01
3.381019024733309397e-01,1.363444672168498961e-01
3.379513813045246229e-01,1.362127729746014648e-01
3.378007735689395052e-01,1.360811777405184497e-01
3.376500788488050464e-01,1.359496821248993292e-01
3.374992967374751407e-01,1.358182867274952965e-01
3.373484268398783681e-01,1.356869921369411036e-01
3.371974687729666353e-01,1.355557989301875432e-01
3.370464221661564896e-01,1.354247076719333753e-01
3.368952866617689335e-01,1.352937189140593910e-01
3.367440619154581372e-01,1.351628331950647521e-01
3.365927475966386528e-01,1.350320510395068008e-01
3.364413433889015814e-01,1.349013729574439768e-01
3.362898489904234123e-01,1.347707994438851475e-01
3.361382641143664807e-01,1.346403309782440716e-01
3.359865884892689891e-01,1.345099680238002471e-01
3.358348218594260359e-01,1.343797110271679474e-01
3.356829639852572100e-01,1.342495604177745272e-01
3.355310146436642493e-01,1.341195166073463341e-01
3.353789736283756540e-01,1.339895799894066653e-01
3.352268407502780323e-01,1.338597509387849938e-01
3.350746158377330142e-01,1.337300298111371299e-01
3.349222987368815629e-01,1.336004169424807597e-01
3.347698893119304686e-01,1.334709126487420572e-01
3.346173874454248520e-01,1.333415172253204772e-01
3.344647930385041823e-01,1.332122309466664545e-01
3.343121060111413634e-01,1.330830540658780314e-01
3.341593263023636684e-01,1.329539868143131964e-01
3.340064538704565766e-01,1.328250294012224553e-01
3.338534886931487922e-01,1.326961820133975567e-01
3.337004307677789439e-01,1.325674448148437823e-01
3.335472801114420793e-01,1.324388179464695003e-01
3.333940367611183397e-01,1.323103015257990345e-01
3.332407007737784865e-01,1.321818956467064599e-01
3.330872722264735519e-01,1.320536003791722146e-01
3.329337512163996760e-01,1.319254157690631368e-01
3.327801378609453464e-01,1.317973418379356776e-01
3.326264322977168231e-01,1.316693785828639829e-01
3.324726346845411906e-01,1.315415259762915956e-01
3.323187451994503716e-01,1.314137839659089146e-01
3.321647640406425461e-01,1.312861524745567166e-01
3.320106914264229214e-01,1.311586314001532416e-01
3.318565275951243509e-01,1.310312206156502013e-01
3.317022728050036395e-01,1.309039199690121558e-01
3.315479273341211397e-01,1.307767292832243688e-01
3.313934914801965892e-01,1.306496483563257260e-01
3.312389655604456307e-01,1.305226769614694082e-01
3.310843499113956812e-01,1.303958148470086564e-01
3.309296448886818731e-01,1.302690617366101811e-01
3.307748508668226783e-01,1.301424173293928566e-01
3.306199682389779348e-01,1.300158813000941160e-01
3.304649974166851134e-01,1.298894532992601047e-01
3.303099388295811512e-01,1.297631329534634781e-01
3.301547929251013036e-01,1.296369198655452637e-01
3.299995601681649515e-01,1.295108136148818700e-01
3.298442410408421455e-01,1.293848137576772694e-01
3.296888360420051067e-01,1.292589198272782736e-01
3.295333456869612987e-01,1.291331313345134846e-01
3.293777705070762840e-01,1.290074477680555054e-01
3.292221110493768199e-01,1.288818685948045217e-01
3.290663678761443500e-01,1.287563932602948102e-01
3.289105415644931196e-01,1.286310211891203426e-01
3.287546327059372997e-01,1.285057517853818443e-01
3.285986419059453434e-01,1.283805844331522561e-01
3.284425697834858493e-01,1.282555184969612627e-01
3.282864169705601576e-01,1.281305533222966142e-01
3.281301841117290063e-01,1.280056882361225168e-01
3.279738718636289185e-01,1.278809225474145661e-01
3.278174808944820384e-01,1.277562555477073647e-01
3.276610118835975305e-01,1.276316865116579602e-01
3.275044655208704247e-01,1.275072146976211074e-01
3.273478425062711361e-01,1.273828393482366872e-01
3.271911435493343734e-01,1.272585596910273953e-01
3.270343693686424968e-01,1.271343749390070887e-01
3.268775206913068221e-01,1.270102842912965158e-01
3.267205982524470365e-01,1.268862869337478161e-01
3.265636027946698938e-01,1.267623820395754608e-01
3.264065350675472432e-01,1.266385687699922991e-01
3.262493958270943351e-01,1.265148462748498792e-01
3.260921858352502367e-01,1.263912136932836550e-01
3.259349058593597470e-01,1.262676701543586355e-01
3.257775566716569760e-01,1.261442147777182277e-01
3.256201390487549197e-01,1.260208466742326894e-01
3.254626537711364787e-01,1.258975649466468338e-01
3.253051016226514158e-01,1.257743686902266234e-01
3.251474833900190875e-01,1.256512569934032930e-01
3.249897998623357820e-01,1.255282289384133942e-01
3.248320518305903293e-01,1.254052836019362571e-01
3.246742400871854284e-01,1.252824200557239864e-01
3.245163654254672458e-01,1.251596373672270723e-01
3.243584286392637850e-01,1.250369346002127569e-01
3.242004305224300276e-01,1.249143108153759341e-01
3.240423718684039001e-01,1.247917650709413628e-01
3.238842534697716768e-01,1.246692964232571921e-01
3.237260761178419877e-01,1.245469039273786604e-01
3.235678406022308717e-01,1.244245866376411658e-01
3.234095477104579897e-01,1.243023436082231759e-01
3.232511982275524387e-01,1.241801738936968991e-01
3.230927929356705586e-01,1.240580765495666871e-01
3.229343326137247283e-01,1.239360506327960854e-01
3.227758180370242647e-01,1.238140952023204511e-01
3.226172499769278113e-01,1.236922093195472749e-01
3.224586292005068855e-01,1.235703920488425422e-01
3.222999564702228592e-01,1.234486424580021890e-01
3.221412325436154855e-01,1.233269596187102218e-01
3.219824581730032498e-01,1.232053426069817242e-01
3.218236341051968208e-01,1.230837905035908203e-01
3.216647610812243263e-01,1.229623023944840104e-01
3.215058398360686742e-01,1.228408773711777702e-01
3.213468710984180854e-01,1.227195145311413688e-01
3.211878555904280619e-01,1.225982129781637980e-01
3.210287940274956786e-01,1.224769718227055604e-01
3.208696871180471977e-01,1.223557901822352606e-01
3.207105355633347310e-01,1.222346671815495722e-01
3.205513400572482796e-01,1.221136019530792288e-01
3.203921012861380424e-01,1.219925936371790004e-01
3.202328199286464949e-01,1.218716413824021544e-01
3.200734966555560113e-01,1.217507443457604976e-01
3.199141321296432028e-01,1.216299016929688614e-01
3.197547270055474122e-01,1.215091125986749454e-01
3.195952819296488667e-01,1.213883762466750060e-01
3.194357975399572669e-01,1.212676918301142936e-01
3.192762744660118113e-01,1.211470585516741943e-01
3.191167133287892699e-01,1.210264756237452721e-01
3.189571147406241591e-01,1.209059422685861696e-01
3.187974793051371880e-01,1.207854577184698242e-01
3.186378076171733076e-01,1.206650212158164454e-01
3.184781002627488089e-01,1.205446320133135157e-01
3.183183578190076912e-01,1.204242893740239823e-01
3.181585808541848026e-01,1.203039925714815550e-01
3.179987699275804158e-01,1.201837408897750564e-01
3.178389255895395227e-01,1.200635336236210299e-01
3.176790483814391219e-01,1.199433700784253432e-01
3.175191388356859434e-01,1.198232495703343559e-01
3.173591974757168921e-01,1.197031714262753455e-01
3.171992248160088179e-01,1.195831349839876628e-01
3.170392213620952804e-01,1.194631395920436323e-01
3.168791876105866434e-01,1.193431846098608196e-01
3.167191240491991078e-01,1.192232694077057509e-01
3.165590311567870185e-01,1.191033933666879874e-01
3.163989094033822225e-01,1.189835558787474823e-01
3.162387592502372557e-01,1.188637563466337921e-01
3.160785811498735276e-01,1.187439941838775159e-01
3.159183755461345555e-01,1.186242688147557817e-01
3.157581428742426422e-01,1.185045796742499880e-01
3.155978835608595490e-01,1.183849262079983006e-01
3.154375980241517774e-01,1.182653078722415152e-01
3.152772866738575708e-01,1.181457241337641045e-01
3.151169499113596340e-01,1.180261744698297560e-01
3.149565881297575753e-01,1.179066583681113028e-01
3.147962017139459556e-01,1.177871753266175742e-01
3.146357910406933911e-01,1.176677248536149301e-01
3.144753564787233224e-01,1.175483064675454103e-01
3.143148983887993353e-01,1.174289196969407617e-01
3.141544171238085936e-01,1.173095640803338280e-01
3.139939130288503799e-01,1.171902391661664711e-01
3.138333864413241359e-01,1.170709445126948967e-01
3.136728376910189464e-01,1.169516796878921627e-01
3.135122671002050776e-01,1.168324442693495502e-01
3.133516749837247928e-01,1.167132378441743945e-01
3.131910616490859445e-01,1.165940600088875428e-01
3.130304273965532347e-01,1.164749103693186322e-01
3.128697725192430834e-01,1.163557885405005488e-01
3.127090973032173871e-01,1.162366941465626247e-01
3.125484020275756669e-01,1.161176268206226270e-01
3.123876869645504373e-01,1.159985862046790661e-01
3.122269523795996871e-01,1.158795719495025328e-01
3.120661985315004161e-01,1.157605837145264938e-01
3.119054256724423380e-01,1.156416211677389755e-01
3.117446340481183076e-01,1.155226839855732213e-01
3.115838238978179131e-01,1.154037718527998330e-01
3.114229954545174039e-01,1.152848844624181773e-01
3.112621489449702850e-01,1.151660215155493050e-01
3.111012845897959678e-01,1.150471827213295078e-01
3.109404026035687552e-01,1.149283677968039041e-01
3.107795031949043274e-01,1.148095764668220359e-01
3.106185865665460621e-01,1.146908084639340214e-01
3.104576529154493558e-01,1.145720635282882205e-01
3.102967024328655010e-01,1.144533414075300931e-01
3.101357353044236764e-01,1.143346418567025846e-01
3.099747517102108274e-01,1.142159646381478016e-01
3.098137518248520461e-01,1.140973095214107974e-01
3.096527358175863998e-01,1.139786762831445643e-01
3.094917038523451458e-01,1.138600647070176219e-01
3.093306560878237299e-01,1.137414745836223262e-01
3.091695926775561709e-01,1.136229057103861073e-01
3.090085137699848938e-01,1.135043578914843587e-01
3.088474195085305629e-01,1.133858309377554635e-01
3.086863100316593611e-01,1.132673246666180689e-01
3.085251854729479382e-01,1.131488389019903035e-01
3.083640459611476925e-01,1.130303734742116040e-01
3.082028916202464996e-01,1.129119282199664148e-01
3.080417225695281647e-01,1.127935029822106638e-01
3.078805389236307088e-01,1.126750976101008189e-01
3.077193407926028801e-01,1.125567119589243048e-01
3.075581282819564999e-01,1.124383458900337640e-01
3.073969014927208088e-01,1.123199992707829137e-01
3.072356605214895953e-01,1.122016719744654001e-01
3.070744054604724882e-01,1.120833638802561372e-01
3.069131363975380333e-01,1.119650748731548934e-01
3.067518534162591015e-01,1.118468048439331536e-01
3.065905565959543555e-01,1.117285536890832709e-01
3.064292460117272743e-01,1.116103213107702136e-01
3.062679217345052329e-01,1.114921076167863373e-01
3.061065838310740306e-01,1.113739125205086139e-01
3.059452323641109750e-01,1.112557359408588714e-01
3.057838673922170236e-01,1.111375778022666294e-01
3.056224889699457048e-01,1.110194380346345988e-01
3.054610971478302073e-01,1.109013165733077344e-01
3.052996919724078051e-01,1.107832133590439250e-01
3.051382734862431723e-01,1.106651283379886247e-01
3.049768417279488664e-01,1.105470614616515801e-01
3.048153967322036473e-01,1.104290126868871930e-01
3.046539385297684643e-01,1.103109819758772980e-01
3.044924671475013889e-01,1.101929692961167023e-01
3.043309826083688829e-01,1.100749746204021107e-01
3.041694849314552362e-01,1.099569979268238962e-01
3.040079741319708928e-01,1.098390391987604103e-01
3.038464502212576690e-01,1.097210984248763316e-01
3.036849132067909740e-01,1.096031755991225126e-01
3.035233630921816417e-01,1.094852707207402964e-01
3.033617998771748203e-01,1.093673837942680666e-01
3.032002235576448657e-01,1.092495148295507118e-01
3.030386341255916216e-01,1.091316638417532403e-01
3.028770315691312054e-01,1.090138308513759619e-01
3.027154158724856270e-01,1.088960158842742498e-01
3.025537870159709097e-01,1.087782189716801767e-01
3.023921449759814917e-01,1.086604401502283546e-01
3.022304897249743494e-01,1.085426794619843566e-01
3.020688212314487364e-01,1.084249369544762892e-01
3.019071394599240343e-01,1.083072126807300417e-01
3.017454443709174372e-01,1.081895066993071725e-01
3.015837359209160295e-01,1.080718190743465840e-01
3.014220140623496969e-01,1.079541498756093343e-01
3.012602787435583740e-01,1.078364991785262655e-01
3.010985299087615141e-01,1.077188670642496848e-01
3.009367674980192309e-01,1.076012536197079456e-01
3.007749914471967712e-01,1.074836589376631651e-01
3.006132016879243252e-01,1.073660831167734947e-01
3.004513981475524509e-01,1.072485262616566237e-01
3.002895807491088309e-01,1.071309884829592940e-01
3.001277494112500333e-01,1.070134698974280069e-01
2.999659040482119954e-01,1.068959706279845046e-01
2.998040445697581213e-01,1.067784908038046238e-01
2.996421708811244367e-01,1.066610305603997721e-01
2.994802828829622454e-01,1.065435900397029845e-01
2.993183804712800100e-01,1.064261693901577960e-01
2.991564635373797909e-01,1.063087687668109044e-01
2.989945319677953517e-01,1.061913883314086343e-01
2.988325856442239359e-01,1.060740282524962608e-01
2.986706244434574886e-01,1.059566887055216344e-01
2.985086482373124350e-01,1.058393698729419435e-01
2.983466568925551843e-01,1.057220719443343754e-01
2.981846502708257463e-01,1.056047951165098586e-01
2.980226282285604600e-01,1.054875395936311633e-01
2.978605906169100037e-01,1.053703055873338040e-01
2.976985372816574049e-01,1.052530933168509819e-01
2.975364680631319425e-01,1.051359030091420926e-01
2.973743827961213282e-01,1.050187348990242187e-01
2.972122813097829996e-01,1.049015892293085200e-01
2.970501634275503067e-01,1.047844662509381380e-01
2.968880289670399741e-01,1.046673662231318025e-01
2.967258777399530145e-01,1.045502894135286881e-01
2.965637095519794708e-01,1.044332360983387525e-01
2.964015242026945551e-01,1.043162065624951840e-01
2.962393214854581180e-01,1.041992010998102625e-01
2.960771011873089553e-01,1.040822200131352460e-01
2.959148630888578380e-01,1.039652636145225739e-01
2.957526069641804312e-01,1.038483322253919983e-01
2.955903325807059390e-01,1.037314261766994761e-01
2.954280396991058044e-01,1.036145458091087546e-01
2.952657280731799117e-01,1.034976914731665365e-01
2.951033974497413448e-01,1.033808635294798384e-01
2.949410475685009247e-01,1.032640623488965959e-01
2.947786781619484708e-01,1.031472883126884899e-01
2.946162889552345066e-01,1.030305418127360623e-01
2.944538796660505220e-01,1.029138232517168711e-01
2.942914500045064052e-01,1.027971330432952551e-01
2.941289996730112044e-01,1.026804716123139449e-01
2.939665283661491713e-01,1.025638393949882682e-01
2.938040357705570260e-01,1.024472368391011051e-01
2.936415215648011667e-01,1.023306644042003277e-01
2.934789854192543235e-01,1.022141225617962945e-01
2.933164269959717130e-01,1.020976117955613022e-01
2.931538459485687476e-01,1.019811326015298003e-01
2.929912419220979669e-01,1.018646854882983982e-01
2.928286145529269691e-01,1.017482709772265653e-01
2.926659634686174516e-01,1.016318896026379981e-01
2.925032882878057516e-01,1.015155419120203906e-01
2.923405886200834414e-01,1.013992284662254134e-01
2.921778640658813653e-01,1.012829498396677491e-01
2.920151142163533997e-01,1.011667066205221427e-01
2.918523386532650976e-01,1.010504994109196752e-01
2.916895369488826661e-01,1.009343288271412759e-01
2.915267086658658857e-01,1.008181954998091517e-01
2.913638533571631939e-01,1.007021000740750127e-01
2.912009705659122649e-01,1.005860432098056034e-01
2.910380598253416440e-01,1.004700255817633781e-01
2.908751206586790428e-01,1.003540478797841917e-01
2.907121525790630212e-01,1.002381108089493988e-01
2.905491550894601649e-01,1.001222150897528584e-01
2.903861276825860926e-01,1.000063614582619720e-01
2.902230698408351794e-01,9.989055066627347546e-02
2.900599810362139430e-01,9.977478348146048837e-02
2.898968607302818690e-01,9.965906068751378966e-02
2.897337083741000074e-01,9.954338308427410076e-02
2.895705234081856205e-01,9.942775148785520933e-02
2.894073052624762665e-01,9.931216673075990431e-02
2.892440533563016558e-01,9.919662966198250498e-02
2.890807670983647215e-01,9.908114114710428466e-02
2.889174458867317941e-01,9.896570206837479455e-02
2.887540891088326567e-01,9.885031332478266819e-02
2.885906961414717031e-01,9.873497583211315876e-02
2.884272663508493095e-01,9.861969052299210392e-02
2.882637990925949190e-01,9.850445834691626268e-02
2.881002937118118945e-01,9.838928027026780376e-02
2.879367495431354174e-01,9.827415727631372278e-02
2.877731659108015982e-01,9.815909036518860598e-02
2.876095421287329645e-01,9.804408055386007459e-02
2.874458775006351052e-01,9.792912887607674310e-02
2.872821713201092475e-01,9.781423638229619355e-02
2.871184228707788777e-01,9.769940413959532499e-02
2.869546314264327935e-01,9.758463323155799896e-02
2.867907962511836439e-01,9.746992475814386658e-02
2.866269165996425117e-01,9.735527983553396436e-02
2.864629917171102047e-01,9.724069959595404988e-02
2.862990208397861447e-01,9.712618518747492824e-02
2.861350031949954076e-01,9.701173777378829799e-02
2.859709380014319180e-01,9.689735853395789467e-02
2.858068244694222382e-01,9.678304866214615387e-02
2.856426618012069540e-01,9.666880936731248042e-02
2.854784491912408240e-01,9.655464187288709255e-02
2.853141858265127451e-01,9.644054741641652773e-02
2.851498708868853149e-01,9.632652724918061571e-02
2.849855035454552654e-01,9.621258263578202907e-02
2.848210829689302170e-01,9.609871485370571897e-02
2.846566083180303020e-01,9.598492519284990143e-02
2.844920787479063851e-01,9.587121495502531898e-02
2.843274934085819883e-01,9.575758545342613615e-02
2.841628514454110910e-01,9.564403801206941558e-02
2.839981519995609660e-01,9.553057396520236999e-02
2.838333942085113915e-01,9.541719465668019318e-02
2.836685772065771216e-01,9.530390143931138924e-02
2.835037001254476774e-01,9.519069567417162703e-02
2.833387620947491747e-01,9.507757872988686909e-02
2.831737622426229728e-01,9.496455198188308300e-02
2.830086996963264157e-01,9.485161681160697578e-02
2.828435735828498943e-01,9.473877460571308862e-02
2.826783830295527267e-01,9.462602675522138740e-02
2.825131271648184117e-01,9.451337465464301757e-02
2.823478051187242599e-01,9.440081970107680465e-02
2.821824160237291768e-01,9.428836329327439092e-02
2.820169590153774886e-01,9.417600683067772760e-02
2.818514332330175343e-01,9.406375171242661870e-02
2.816858378205331914e-01,9.395159933633873139e-02
2.815201719270907232e-01,9.383955109786321080e-02
2.813544347078971164e-01,9.372760838900640046e-02
2.811886253249697987e-01,9.361577259723424804e-02
2.810227429479160155e-01,9.350404510434986993e-02
2.808567867547229202e-01,9.339242728534810634e-02
2.806907559325548251e-01,9.328092050724837159e-02
2.805246496785564481e-01,9.316952612790846411e-02
2.803584672006638190e-01,9.305824549481753194e-02
2.801922077184175186e-01,9.294707994387418903e-02
2.800258704637795804e-01,9.283603079814797820e-02
2.798594546819509477e-01,9.272509936662629015e-02
2.796929596321905409e-01,9.261428694295095743e-02
2.795263845886313270e-01,9.250359480414366287e-02
2.793597288410936130e-01,9.239302420932343773e-02
2.791929916958946767e-01,9.228257639841852544e-02
2.790261724766509577e-01,9.217225259087299949e-02
2.788592705250729775e-01,9.206205398435368670e-02
2.786922852017512664e-01,9.195198175345606351e-02
2.785252158869314654e-01,9.184203704841226168e-02
2.783580619812757173e-01,9.173222099380720640e-02
2.781908229066102356e-01,9.162253468729769645e-02
2.780234981066589395e-01,9.151297919834627814e-02
2.778560870477556621e-01,9.140355556696333483e-02
2.776885892195419259e-01,9.129426480246705111e-02
2.775210041356407364e-01,9.118510788225914210e-02
2.773533313343095053e-01,9.107608575062067779e-02
2.771855703790699343e-01,9.096719931753055599e-02
2.770177208593111451e-01,9.085844945750934376e-02
2.768497823908677158e-01,9.074983700848940349e-02
2.766817546165701303e-01,9.064136277071646597e-02
2.765136372067638626e-01,9.053302750568181789e-02
2.763454298598000958e-01,9.042483193509054384e-02
2.761771323024937441e-01,9.031677673986665544e-02
2.760087442905490573e-01,9.020886255919760566e-02
2.758402656089503635e-01,9.010108998962049198e-02
2.756716960723200049e-01,8.999345958415261304e-02
2.755030355252379715e-01,8.988597185146732227e-02
2.753342838425260619e-01,8.977862725511903674e-02
2.751654409294950754e-01,8.967142621281773418e-02
2.749965067221529225e-01,8.956436909575485328e-02
2.748274811873756551e-01,8.945745622798467744e-02
2.746583643230372518e-01,8.935068788585867616e-02
2.744891561581017658e-01,8.924406429751874370e-02
2.743198567526758391e-01,8.913758564244711469e-02
2.741504661980190827e-01,8.903125205107659257e-02
2.739809846165169316e-01,8.892506360446195135e-02
2.738114121616131991e-01,8.881902033401073426e-02
2.736417490177006084e-01,8.871312222127969438e-02
2.734719953999747988e-01,8.860736919783138155e-02
2.733021515542463087e-01,8.850176114515606596e-02
2.731322177567157006e-01,8.839629789465791587e-02
2.729621943137088835e-01,8.829097922770431928e-02
2.727920815613750216e-01,8.818580487574020910e-02
2.726218798653476383e-01,8.808077452046761402e-02
2.724515896203692500e-01,8.797588779408702098e-02
2.722812112498803061e-01,8.787114427960526775e-02
2.721107452055729348e-01,8.776654351120427577e-02
2.719401919669129364e-01,8.766208497467320448e-02
2.717695520406271936e-01,8.755776810790200093e-02
2.715988259601618826e-01,8.745359230143573415e-02
2.714280142851088207e-01,8.734955689908804888e-02
2.712571176006032814e-01,8.724566119861290603e-02
2.710861365166964410e-01,8.714190445243258365e-02
2.709150716676983484e-01,8.703828586842138337e-02
2.707439237114993014e-01,8.693480461074204468e-02
2.705726933288670200e-01,8.683145980073483927e-02
2.704013812227208935e-01,8.672825051785482131e-02
2.702299881173889085e-01,8.662517580065770550e-02
2.700585147578437040e-01,8.652223464783065365e-02
2.698869619089227512e-01,8.641942601926663747e-02
2.697153303545336556e-01,8.631674883717985192e-02
2.695436208968445269e-01,8.621420198725818218e-02
2.693718343554641903e-01,8.611178431985383463e-02
2.691999715666097970e-01,8.600949465120505399e-02
2.690280333822682168e-01,8.590733176469089738e-02
2.688560206693478283e-01,8.580529441211220965e-02
2.686839343088267551e-01,8.570338131499963263e-02
2.685117751948953302e-01,8.560159116594362461e-02
2.683395442340984482e-01,8.549992262994401959e-02
2.681672423444748099e-01,8.539837434577937647e-02
2.679948704546982197e-01,8.529694492738743028e-02
2.678224295032210489e-01,8.519563296526022622e-02
2.676499204374198637e-01,8.509443702784691421e-02
2.674773442127482137e-01,8.499335566296437050e-02
2.673047017918932511e-01,8.489238739920981769e-02
2.671319941439427859e-01,8.479153074737691420e-02
2.669592222435590578e-01,8.469078420186815226e-02
2.667863870701627782e-01,8.459014624210514643e-02
2.666134896071297167e-01,8.448961533393220535e-02
2.664405308409985573e-01,8.438918993101063304e-02
2.662675117606932429e-01,8.428886847620264966e-02
2.660944333567570874e-01,8.418864940294137900e-02
2.659212966206065398e-01,8.408853113658640299e-02
2.657481025437961053e-01,8.398851209576083110e-02
2.655748521173046384e-01,8.388859069366924603e-02
2.654015463308371792e-01,8.378876533939438875e-02
2.652281861721443867e-01,8.368903443917080631e-02
2.650547726263636772e-01,8.358939639763307561e-02
2.648813066753774592e-01,8.348984961903810342e-02
2.647077892971926305e-01,8.339039250845928231e-02
2.645342214653412238e-01,8.329102347295133657e-02
2.643606041483000380e-01,8.319174092268499798e-02
2.641869383089341383e-01,8.309254327204873558e-02
2.640132249039593426e-01,8.299342894071939924e-02
2.638394648834281875e-01,8.289439635469755818e-02
2.636656591902382107e-01,8.279544394730944945e-02
2.634918087596598291e-01,8.269657016017245565e-02
2.633179145188892512e-01,8.259777344412552735e-02
2.631439773866214860e-01,8.249905226012299586e-02
2.629699982726469432e-01,8.240040508009041642e-02
2.627959780774687393e-01,8.230183038774527282e-02
2.626219176919424858e-01,8.220332667937718663e-02
2.624478179969385594e-01,8.210489246459373724e-02
2.622736798630239119e-01,8.200652626702600867e-02
2.620995041501684164e-01,8.190822662499783191e-02
2.619252917074683662e-01,8.180999209215739087e-02
2.617510433728938990e-01,8.171182123807041453e-02
2.615767599730554060e-01,8.161371264877767540e-02
2.614024423229894256e-01,8.151566492731551761e-02
2.612280912259663523e-01,8.141767669419888720e-02
2.610537074733142449e-01,8.131974658786975119e-02
2.608792918442647824e-01,8.122187326511007277e-02
2.607048451058138205e-01,8.112405540141948146e-02
2.605303680126042076e-01,8.102629169135958098e-02
2.603558613068216454e-01,8.092858084886400682e-02
2.601813257181106454e-01,8.083092160751764732e-02
2.600067619635045291e-01,8.073331272080114251e-02
2.598321707473725262e-01,8.063575296230796052e-02
2.596575527613824153e-01,8.053824112592769535e-02
2.594829086844760435e-01,8.044077602600330223e-02
2.593082391828611666e-01,8.034335649745766306e-02
2.591335449100155564e-01,8.024598139589378398e-02
2.589588265067043760e-01,8.014864959766809793e-02
2.587840846010108220e-01,8.005135999993892582e-02
2.586093198083763700e-01,7.995411152068968019e-02
2.584345327316566743e-01,7.985690309872819914e-02
2.582597239611830742e-01,7.975973369366490262e-02
2.580848940748382558e-01,7.966260228586732883e-02
2.579100436381399075e-01,7.956550787639621314e-02
2.577351732043341448e-01,7.946844948692052824e-02
2.575602833144971515e-01,7.937142615961348402e-02
2.573853744976455915e-01,7.927443695703309534e-02
2.572104472708533485e-01,7.917748096198307106e-02
2.570355021393767592e-01,7.908055727736018614e-02
2.568605395967861749e-01,7.898366502598608285e-02
2.566855601251031294e-01,7.888680335042469460e-02
2.565105641949430026e-01,7.878997141278715199e-02
2.563355522656644014e-01,7.869316839452494827e-02
2.561605247855208156e-01,7.859639349621103110e-02
2.559854821918193246e-01,7.849964593731068030e-02
2.558104249110814132e-01,7.840292495594333722e-02
2.556353533592077287e-01,7.830622980863541360e-02
2.554602679416460020e-01,7.820955977006410764e-02
2.552851690535618556e-01,7.811291413279583540e-02
2.551100570800118872e-01,7.801629220701628009e-02
2.549349323961190850e-01,7.791969332025605599e-02
2.547597953672489646e-01,7.782311681711026607e-02
2.545846463491880374e-01,7.772656205895378534e-02
2.544094856883240552e-01,7.763002842365299139e-02
2.542343137218235904e-01,7.753351530527394231e-02
2.540591307778158336e-01,7.743702211378797329e-02
2.538839371755709506e-01,7.734054827477490623e-02
2.537087332256811600e-01,7.724409322912495490e-02
2.535335192302426988e-01,7.714765643273921447e-02
2.533582954830341794e-01,7.705123735622959602e-02
2.531830622696973343e-01,7.695483548461884427e-02
2.530078198679143742e-01,7.685845031704022223e-02
2.528325685475864559e-01,7.676208136643800084e-02
2.526573085710087652e-01,7.666572815926936402e-02
2.524820401930464309e-01,7.656939023520717424e-02
2.523067636613066655e-01,7.647306714684393159e-02
2.521314792163116270e-01,7.637675845939953523e-02
2.519561870916667834e-01,7.628046375042873972e-02
2.517808875142292790e-01,7.618418260953369048e-02
2.516055807042734682e-01,7.608791463807712541e-02
2.514302668756548398e-01,7.599165944889982316e-02
2.512549462359711661e-01,7.589541666604168735e-02
2.510796189867208761e-01,7.579918592446424630e-02
2.509042853234604298e-01,7.570296686977900924e-02
2.507289454359578063e-01,7.560675915797807067e-02
2.505535995083444933e-01,7.551056245516943322e-02
2.503782477192647016e-01,7.541437643731621621e-02
2.502028902420205814e-01,7.531820078997938928e-02
2.500275272447174957e-01,7.522203520806558519e-02
2.498521588904034363e-01,7.512587939557835437e-02
2.496767853372088841e-01,7.502973306537488729e-02
2.495014067384815903e-01,7.493359593892665038e-02
2.493260232429192758e-01,7.483746774608421304e-02
2.491506349947001375e-01,7.474134822484676532e-02
2.489752421336101085e-01,7.464523712113715903e-02
2.487998447951671743e-01,7.454913418858000185e-02
2.486244431107437480e-01,7.445303918828563572e-02
2.484490372076854081e-01,7.435695188863808425e-02
2.482736272094271945e-01,7.426087206508799610e-02
2.480982132356075454e-01,7.416479949995002929e-02
2.479227954021791525e-01,7.406873398220492621e-02
2.477473738215177079e-01,7.397267530730530782e-02
2.475719486025269034e-01,7.387662327698812925e-02
2.473965198507416530e-01,7.378057769908924479e-02
2.472210876684292624e-01,7.368453838736369055e-02
2.470456521546864903e-01,7.358850516131063002e-02
2.468702134055357766e-01,7.349247784600188016e-02
2.466947715140173636e-01,7.339645627191526689e-02
2.465193265702807501e-01,7.330044027477211621e-02
2.463438786616716780e-01,7.320442969537871436e-02
2.461684278728187847e-01,7.310842437947284722e-02
2.459929742857169255e-01,7.301242417757294878e-02
2.458175179798074705e-01,7.291642894483291171e-02
2.456420590320582686e-01,7.282043854089906287e-02
2.454665975170396419e-01,7.272445282977299530e-02
2.452911335069988819e-01,7.262847167967623196e-02
2.451156670719333297e-01,7.253249496292077381e-02
2.449401982796598209e-01,7.243652255578097998e-02
2.447647271958836857e-01,7.234055433837083271e-02
2.445892538842645847e-01,7.224459019452419972e-02
2.444137784064813745e-01,7.214863001167828860e-02
2.442383008222943075e-01,7.205267368076059831e-02
2.440628211896055666e-01,7.195672109607936795e-02
2.438873395645186071e-01,7.186077215521705086e-02
2.437118560013946111e-01,7.176482675892667529e-02
2.435363705529081102e-01,7.166888481103217412e-02
2.433608832701011915e-01,7.157294621833115711e-02
2.431853942024345128e-01,7.147701089049965373e-02
2.430099033978387890e-01,7.138107874000182429e-02
2.428344109027628928e-01,7.128514968200053148e-02
2.426589167622216769e-01,7.118922363427171440e-02
2.424834210198421325e-01,7.109330051712092757e-02
2.423079237179070478e-01,7.099738025330284974e-02
2.421324248973990567e-01,7.090146276794248581e-02
2.419569245980418282e-01,7.080554798845981046e-02
2.417814228583406722e-01,7.070963584449627137e-02
2.416059197156217309e-01,7.061372626784373496e-02
2.414304152060696429e-01,7.051781919237531948e-02
2.412549093647648191e-01,7.042191455397858735e-02
2.410794022257183311e-01,7.032601229049176284e-02
2.409038938219065229e-01,7.023011234164000527e-02
2.407283841853047057e-01,7.013421464897579005e-02
2.405528733469189939e-01,7.003831915581998357e-02
2.403773613368173079e-01,6.994242580720488878e-02
2.402018481841599884e-01,6.984653454981970544e-02
2.400263339172288013e-01,6.975064533195712846e-02
2.398508185634551371e-01,6.965475810346211105e-02
2.396753021494475167e-01,6.955887281568184921e-02
2.394997847010176539e-01,6.946298942141820865e-02
2.393242662432066292e-01,6.936710787488004071e-02
2.391487468003088424e-01,6.927122813163949511e-02
2.389732263958969649e-01,6.917535014858774978e-02
2.387977050528439782e-01,6.907947388389223953e-02
2.386221827933464601e-01,6.898359929695727089e-02
2.384466596389454851e-01,6.888772634838316589e-02
2.382711356105481626e-01,6.879185499992918063e-02
2.380956107284477041e-01,6.869598521447595196e-02
2.379200850123426858e-01,6.860011695599024795e-02
2.377445584813565882e-01,6.850425018948991251e-02
2.375690311540551436e-01,6.840838488101100290e-02
2.373935030484652375e-01,6.831252099757512131e-02
2.372179741820911736e-01,6.821665850715896706e-02
2.370424445719314099e-01,6.812079737866277851e-02
2.368669142344945466e-01,6.802493758188263295e-02
2.366913831858150075e-01,6.792907908748119228e-02
2.365158514414676671e-01,6.783322186696086331e-02
2.363403190165825896e-01,6.773736589263751329e-02
2.361647859258590165e-01,6.764151113761446288e-02
2.359892521835783852e-01,6.754565757575831109e-02
2.358137178036181503e-01,6.744980518167481565e-02
2.356381827994636913e-01,6.735395393068610570e-02
2.354626471842211632e-01,6.725810379880811651e-02
2.352871109706289598e-01,6.716225476272877359e-02
2.351115741710690377e-01,6.706640679978803643e-02
2.349360367975782404e-01,6.697055988795683201e-02
2.347604988618586797e-01,6.687471400581776471e-02
2.345849603752884482e-01,6.677886913254696410e-02
2.344094213489313072e-01,6.668302524789432306e-02
2.342338817935462614e-01,6.658718233216814886e-02
2.340583417195971350e-01,6.649134036621570654e-02
2.338828011372613980e-01,6.639549933140814764e-02
2.337072600564391034e-01,6.629965920962463399e-02
2.335317184867611584e-01,6.620381998323612849e-02
2.333561764375975400e-01,6.610798163509096215e-02
2.331806339180650944e-01,6.601214414850056778e-02
2.330050909370352252e-01,6.591630750722526910e-02
2.328295475031415263e-01,6.582047169546065279e-02
2.326540036247863874e-01,6.572463669782496742e-02
2.324784593101484609e-01,6.562880249934627264e-02
2.323029145671888784e-01,6.553296908544978261e-02
2.321273694036578294e-01,6.543713644194709689e-02
2.319518238271013055e-01,6.534130455502393242e-02
2.317762778448664296e-01,6.524547341122921562e-02
2.316007314641075343e-01,6.514964299746467402e-02
2.314251846917920741e-01,6.505381330097431691e-02
2.312496375347056488e-01,6.495798430933422130e-02
2.310740899994579711e-01,6.486215601044342804e-02
2.308985420924872800e-01,6.476632839251408869e-02
2.307229938200654196e-01,6.467050144406241707e-02
2.305474451883031684e-01,6.457467515389994639e-02
2.303718962031544859e-01,6.447884951112575758e-02
2.301963468704206761e-01,6.438302450511665387e-02
2.300207971957554942e-01,6.428720012552144314e-02
2.298452471846686718e-01,6.419137636225083487e-02
2.296696968425306351e-01,6.409555320547216661e-02
2.294941461745755307e-01,6.399973064560030012e-02
2.293185951859058047e-01,6.390390867329215352e-02
2.291430438814959780e-01,6.380808727943942937e-02
2.289674922661955603e-01,6.371226645516153697e-02
2.287919403447329081e-01,6.361644619179995797e-02
2.286163881217186389e-01,6.352062648091216790e-02
2.284408356016485453e-01,6.342480731426483609e-02
2.282652827889072589e-01,6.332898868382944024e-02
2.280897296877706371e-01,6.323317058177543859e-02
2.279141763024093437e-01,6.313735300046532939e-02
2.277386226368911526e-01,6.304153593245007126e-02
2.275630686951839732e-01,6.294571937046308796e-02
2.273875144811587368e-01,6.284990330741568876e-02
2.272119599985914784e-01,6.275408773639276627e-02
2.270364052511661679e-01,6.265827265064749518e-02
2.268608502424772910e-01,6.256245804359761298e-02
2.266852949760313762e-01,6.246664390882042395e-02
2.265097394552507692e-01,6.237083024004946852e-02
2.263341836834741883e-01,6.227501703116944398e-02
2.261586276639599435e-01,6.217920427621353996e-02
2.259830713998877694e-01,6.208339196935847015e-02
2.258075148943602395e-01,6.198758010492122494e-02
2.256319581504058203e-01,6.189176867735618481e-02
2.254564011709797866e-01,6.179595768125048516e-02
2.252808439589664424e-01,6.170014711132201790e-02
2.251052865171808970e-01,6.160433696241474077e-02
2.249297288483704804e-01,6.150852722949648466e-02
2.247541709552169920e-01,6.141271790765651106e-02
2.245786128403375881e-01,6.131690899210093249e-02
2.244030545062869475e-01,6.122110047815101930e-02
2.242274959555582703e-01,6.112529236124028542e-02
2.240519371905850543e-01,6.102948463691146297e-02
2.238763782137426772e-01,6.093367730081469813e-02
2.237008190273491737e-01,6.083787034870372090e-02
2.235252596336669284e-01,6.074206377643481813e-02
2.233497000349042583e-01,6.064625757996397470e-02
2.231741402332158841e-01,6.055045175534407020e-02
2.229985802307049847e-01,6.045464629872329687e-02
2.228230200294236685e-01,6.035884120634280037e-02
2.226474596313745558e-01,6.026303647453479240e-02
2.224718990385117501e-01,6.016723209972021924e-02
2.222963382527415876e-01,6.007142807840715193e-02
2.221207772759244414e-01,5.997562440718864907e-02
2.219452161098746379e-01,5.987982108274117476e-02
2.217696547563624276e-01,5.978401810182262799e-02
2.215940932171140687e-01,5.968821546127070499e-02
2.214185314938135196e-01,5.959241315800126171e-02
2.212429695881029390e-01,5.949661118900675949e-02
2.210674075015832685e-01,5.940080955135476626e-02
2.208918452358152318e-01,5.930500824218634670e-02
2.207162827923208059e-01,5.920920725871448020e-02
2.205407201725824995e-01,5.911340659822295063e-02
2.203651573780455730e-01,5.901760625806498628e-02
2.201895944101182612e-01,5.892180623566151132e-02
2.200140312701719114e-01,5.882600652850053513e-02
2.198384679595422886e-01,5.873020713413537597e-02
2.196629044795299357e-01,5.863440805018382829e-02
2.194873408314012286e-01,5.853860927432694150e-02
2.193117770163882374e-01,5.844281080430763220e-02
2.191362130356899196e-01,5.834701263792990700e-02
2.189606488904724535e-01,5.825121477305797435e-02
2.187850845818696266e-01,5.815541720761474576e-02
2.186095201109838626e-01,5.805961993958191902e-02
2.184339554788863047e-01,5.796382296699714720e-02
2.182583906866170376e-01,5.786802628795553738e-02
2.180828257351863364e-01,5.777222990060668084e-02
2.179072606255743061e-01,5.767643380315515267e-02
2.177316953587320469e-01,5.758063799385959580e-02
2.175561299355816824e-01,5.748484247103100020e-02
2.173805643570164703e-01,5.738904723303331346e-02
2.172049986239019403e-01,5.729325227828158118e-02
2.170294327370752008e-01,5.719745760524194700e-02
2.168538666973466034e-01,5.710166321243104193e-02
2.166783005054991884e-01,5.700586909841512395e-02
2.165027341622889345e-01,5.691007526180885678e-02
2.163271676684454525e-01,5.681428170127642008e-02
2.161516010246723185e-01,5.671848841552926124e-02
2.159760342316472126e-01,5.662269540332673379e-02
2.158004672900219190e-01,5.652690266347482062e-02
2.156249002004230197e-01,5.643111019482630053e-02
2.154493329634520338e-01,5.633531799628008208e-02
2.152737655796852223e-01,5.623952606678039867e-02
2.150981980496745050e-01,5.614373440531711390e-02
2.149226303739468769e-01,5.604794301092488884e-02
2.147470625530054356e-01,5.595215188268332085e-02
2.145714945873286317e-01,5.585636101971572232e-02
2.143959264773712126e-01,5.576057042118942597e-02
2.142203582235642778e-01,5.566478008631622898e-02
2.140447898263146131e-01,5.556899001435047780e-02
2.138692212860060504e-01,5.547320020459051149e-02
2.136936526029984129e-01,5.537741065637702409e-02
2.135180837776283203e-01,5.528162136909406388e-02
2.133425148102093272e-01,5.518583234216825617e-02
2.131669457010315349e-01,5.509004357506847027e-02
2.129913764503618967e-01,5.499425506730640234e-02
2.128158070584443839e-01,5.489846681843610354e-02
2.126402375254994592e-01,5.480267882805350821e-02
2.124646678517255471e-01,5.470689109579685017e-02
2.122890980372970082e-01,5.461110362134691254e-02
2.121135280823657210e-01,5.451531640442605631e-02
2.119379579870605823e-01,5.441952944479949705e-02
2.117623877514872577e-01,5.432374274227383393e-02
2.115868173757285142e-01,5.422795629669868722e-02
2.114112468598440819e-01,5.413217010796544937e-02
2.112356762038702929e-01,5.403638417600820087e-02
2.110601054078206362e-01,5.394059850080348828e-02
2.108845344716848702e-01,5.384481308237024089e-02
2.107089633954297714e-01,5.374902792077068669e-02
2.105333921789988016e-01,5.365324301610985280e-02
2.103578208223113588e-01,5.355745836853553765e-02
2.101822493252634427e-01,5.346167397824000411e-02
2.100066776877270724e-01,5.336588984545800884e-02
2.098311059095505915e-01,5.327010597046905049e-02
2.096555339905578630e-01,5.317432235359634274e-02
2.094799619305487692e-01,5.307853899520814656e-02
2.093043897292984346e-01,5.298275589571713184e-02
2.091288173865574751e-01,5.288697305558157091e-02
2.089532449020515825e-01,5.279119047530508868e-02
2.087776722754813574e-01,5.269540815543766188e-02
2.086020995065219208e-01,5.259962609657542476e-02
2.084265265948228307e-01,5.250384429936155728e-02
2.082509535400079159e-01,5.240806276448700673e-02
2.080753803416747760e-01,5.231228149269001593e-02
2.078998069993945041e-01,5.221650048475781625e-02
2.077242335127115758e-01,5.212071974152629461e-02
2.075486598811433214e-01,5.202493926388132572e-02
2.073730861041796492e-01,5.192915905275879984e-02
2.071975121812824616e-01,5.183337910914570523e-02
2.070219381118862390e-01,5.173759943408040574e-02
2.068463638953962902e-01,5.164182002865366772e-02
2.066707895311892806e-01,5.154604089400910416e-02
2.064952150186123991e-01,5.145026203134428489e-02
2.063196403569830251e-01,5.135448344191154146e-02
2.061440655455886728e-01,5.125870512701810600e-02
2.059684905836856594e-01,5.116292708802819278e-02
2.057929154704996599e-01,5.106714932636263748e-02
2.056173402052241528e-01,5.097137184350059025e-02
2.054417647870204477e-01,5.087559464098026507e-02
2.052661892150175471e-01,5.077981772040013331e-02
2.050906134883106191e-01,5.068404108341958980e-02
2.049150376059611089e-01,5.058826473176042393e-02
2.047394615669958506e-01,5.049248866720759676e-02
2.045638853704064009e-01,5.039671289161065659e-02
2.043883090151489279e-01,5.030093740688493242e-02
2.042127325001426019e-01,5.020516221501264420e-02
2.040371558242694838e-01,5.010938731804401303e-02
2.038615789863739147e-01,5.001361271809928732e-02
2.036860019852613779e-01,4.991783841736938121e-02
2.035104248196981103e-01,4.982206441811742881e-02
2.033348474884096313e-01,4.972629072268075490e-02
2.031592699900809929e-01,4.963051733347165206e-02
2.029836923233548363e-01,4.953474425297957340e-02
2.028081144868309760e-01,4.943897148377243700e-02
2.026325364790658445e-01,4.934319902849851336e-02
2.024569582985708549e-01,4.924742688988778538e-02
2.022813799438120674e-01,4.915165507075444640e-02
2.021058014132084690e-01,4.905588357399759403e-02
2.019302227051315013e-01,4.896011240260422781e-02
2.017546438179040891e-01,4.886434155965110882e-02
2.015790647497992527e-01,4.876857104830584211e-02
2.014034854990383316e-01,4.867280087183004089e-02
2.012279060637913175e-01,4.857703103358076979e-02
2.010523264421741063e-01,4.848126153701348695e-02
2.008767466322484152e-01,4.838549238568368160e-02
2.007011666320197563e-01,4.828972358324953862e-02
2.005255864394364651e-01,4.819395513347435323e-02
2.003500060523878690e-01,4.809818704022911229e-02
2.001744254687035929e-01,4.800241930749485353e-02
1.999988446861516445e-01,4.790665193936571864e-02
1.998232637024366098e-01,4.781088494005170109e-02
1.996476825151987378e-01,4.771511831388100533e-02
1.994721011220121354e-01,4.761935206530354403e-02
1.992965195203826034e-01,4.752358619889399116e-02
1.991209377077467479e-01,4.742782071935425225e-02
1.989453556814696489e-01,4.733205563151776651e-02
1.987697734388431670e-01,4.723629094035128317e-02
1.985941909770840841e-01,4.714052665096016281e-02
1.984186082933322992e-01,4.704476276859059780e-02
1.982430253846488299e-01,4.694899929863385890e-02
1.980674422480133146e-01,4.685323624662937614e-02
1.978918588803226797e-01,4.675747361826979032e-02
1.977162752783883370e-01,4.666171141940361755e-02
1.975406914389339075e-01,4.656594965604043956e-02
1.973651073585937221e-01,4.647018833435470619e-02
1.971895230339094085e-01,4.637442746068967669e-02
1.970139384613279754e-01,4.627866704156294309e-02
1.968383536371992870e-01,4.618290708367014941e-02
1.966627685577731210e-01,4.608714759389045956e-02
1.964871832191970591e-01,4.599138857929091495e-02
1.963115976175133504e-01,4.589563004713193006e-02
1.961360117486556365e-01,4.579987200487223298e-02
1.959604256084468699e-01,4.570411446017474955e-02
1.957848391925957054e-01,4.560835742091140510e-02
1.956092524966936974e-01,4.551260089516981355e-02
1.954336655162117742e-01,4.541684489125799584e-02
1.952580782464970743e-01,4.532108941771179067e-02
1.950824906827695326e-01,4.522533448330032235e-02
1.949069028201185494e-01,4.512958009703221807e-02
1.947313146534989936e-01,4.503382626816326839e-02
1.945557261777277891e-01,4.493807300620206169e-02
1.943801373874797789e-01,4.484232032091772790e-02
1.942045482772841170e-01,4.474656822234762688e-02
1.940289588415198829e-01,4.465081672080389863e-02
1.938533690744120852e-01,4.455506582688162354e-02
1.936777789700272479e-01,4.445931555146681591e-02
1.935021885222690807e-01,4.436356590574458414e-02
1.933265977248735945e-01,4.426781690120734636e-02
1.931510065714044377e-01,4.417206854966398977e-02
1.929754150552487890e-01,4.407632086324797527e-02
1.927998231696112508e-01,4.398057385442744049e-02
1.926242309075091308e-01,4.388482753601416486e-02
1.924486382617673907e-01,4.378908192117331177e-02
1.922730452250130673e-01,4.369333702343344839e-02
1.920974517896693046e-01,4.359759285669712048e-02
1.919218579479502196e-01,4.350184943525139958e-02
1.917462636918540742e-01,4.340610677377873539e-02
1.915706690131582512e-01,4.331036488736803025e-02
1.913950739034117332e-01,4.321462379152657407e-02
1.912194783539296339e-01,4.311888350219189592e-02
1.910438823557860655e-01,4.302314403574394874e-02
1.908682858998072274e-01,4.292740540901776591e-02
1.906926889765645228e-01,4.283166763931620102e-02
1.905170915763670092e-01,4.273593074442361139e-02
1.903414936892545706e-01,4.264019474261987463e-02
1.901658953049893963e-01,4.254445965269379459e-02
1.899902964130484317e-01,4.244872549395806161e-02
1.898146970026157176e-01,4.235299228626410173e-02
1.896390970625730366e-01,4.225726005001767538e-02
1.894634965814924188e-01,4.216152880619464249e-02
1.892878955476263447e-01,4.206579857635669994e-02
1.891122939488993904e-01,4.197006938266870102e-02
1.889366917728981243e-01,4.187434124791578061e-02
1.887610890068626146e-01,4.177861419552031386e-02
1.885854856376755762e-01,4.168288824956137284e-02
1.884098816518526287e-01,4.158716343479193500e-02
1.882342770355318051e-01,4.149143977665897820e-02
1.880586717744629488e-01,4.139571730132277083e-02
1.878830658539967779e-01,4.129999603567735544e-02
1.877074592590735336e-01,4.120427600737108786e-02
1.875318519742112944e-01,4.110855724482803675e-02
1.873562439834942084e-01,4.101283977726991048e-02
1.871806352705602250e-01,4.091712363473851144e-02
1.870050258185886605e-01,4.082140884811880088e-02
1.868294156102873749e-01,4.072569544916262996e-02
1.866538046278792828e-01,4.062998347051313686e-02
1.864781928530890864e-01,4.053427294572961581e-02
1.863025802671293418e-01,4.043856390931330202e-02
1.861269668506858599e-01,4.034285639673304558e-02
1.859513525839038839e-01,4.024715044445292822e-02
1.857757374463722411e-01,4.015144608995999120e-02
1.856001214171085767e-01,4.005574337179199085e-02
1.854245044745430615e-01,3.996004232956668067e-02
1.852488865965028486e-01,3.986434300401167641e-02
1.850732677601950316e-01,3.976864543699507037e-02
1.848976479421900465e-01,3.967294967155685081e-02
1.847220271184040197e-01,3.957725575194037670e-02
1.845464052640811703e-01,3.948156372362568445e-02
1.843707823537753254e-01,3.938587363336293334e-02
1.841951583613317123e-01,3.929018552920737761e-02
1.840195332598677513e-01,3.919449946055392209e-02
1.838439070217529336e-01,3.909881547817325997e-02
1.836682796185897804e-01,3.900313363424964819e-02
1.834926510211924711e-01,3.890745398241785002e-02
1.833170211995665544e-01,3.881177657780207624e-02
1.831413901228875207e-01,3.871610147705586980e-02
1.829657577594784867e-01,3.862042873840232371e-02
1.827901240767881852e-01,3.852475842167521480e-02
1.826144890413679556e-01,3.842909058836158076e-02
1.824388526188488735e-01,3.833342530164510209e-02
1.822632147739170760e-01,3.823776262645020574e-02
1.820875754702901972e-01,3.814210262948661279e-02
1.819119346706919993e-01,3.804644537929635639e-02
1.817362923368271987e-01,3.795079094629993932e-02
1.815606484293554868e-01,3.785513940284496170e-02
1.813850029078654669e-01,3.775949082325480433e-02
1.812093557308473157e-01,3.766384528387922703e-02
1.810337068556653883e-01,3.756820286314419000e-02
1.808580562385299628e-01,3.747256364160525544e-02
1.806824038344696515e-01,3.737692770199946279e-02
1.805067495973014247e-01,3.728129512930036804e-02
1.803310934796010234e-01,3.718566601077236133e-02
1.801554354326733165e-01,3.709004043602706635e-02
1.799797754065212418e-01,3.699441849708046126e-02
1.798041133498148869e-01,3.689880028841147075e-02
1.796284492098593200e-01,3.680318590702033599e-02
1.794527829325626711e-01,3.670757545248945486e-02
1.792771144624030755e-01,3.661196902704447198e-02
1.791014437423951722e-01,3.651636673561686752e-02
1.789257707140565201e-01,3.642076868590662930e-02
1.787500953173732920e-01,3.632517498844770043e-02
1.785744174907646920e-01,3.622958575667201142e-02
1.783987371710480663e-01,3.613400110697739809e-02
1.782230542934024053e-01,3.603842115879374308e-02
1.780473687913324277e-01,3.594284603465200401e-02
1.778716805966310543e-01,3.584727586025407420e-02
1.776959896393424110e-01,3.575171076454222718e-02
1.775202958477233584e-01,3.565615087977117015e-02
1.773445991482052175e-01,3.556059634158001415e-02
1.771688994653549676e-01,3.546504728906596515e-02
1.769931967218358049e-01,3.536950386485818165e-02
1.768174908383673416e-01,3.527396621519335307e-02
1.766417817336853324e-01,3.517843448999097289e-02
1.764660693245006517e-01,3.508290884293074896e-02
1.762903535254589094e-01,3.498738943153062442e-02
1.761146342490986783e-01,3.489187641722465982e-02
1.759389114058092229e-01,3.479636996544255290e-02
1.757631849037890603e-01,3.470087024569065703e-02
1.755874546490031607e-01,3.460537743163114022e-02
1.754117205451394268e-01,3.450989170116516846e-02
1.752359824935670329e-01,3.441441323651472928e-02
1.750602403932914608e-01,3.431894222430534325e-02
1.748844941409118947e-01,3.422347885564955283e-02
1.747087436305766461e-01,3.412802332623118828e-02
1.745329887539397995e-01,3.403257583639046624e-02
1.743572294001162759e-01,3.393713659120820014e-02
1.741814654556377295e-01,3.384170580059203681e-02
1.740056968044078056e-01,3.374628367936297058e-02
1.738299233276577038e-01,3.365087044734063615e-02
1.736541449039013807e-01,3.355546632943048890e-02
1.734783614088909742e-01,3.346007155571137370e-02
1.733025727155715345e-01,3.336468636152162270e-02
1.731267786940370312e-01,3.326931098754729033e-02
1.729509792114851674e-01,3.317394567990944454e-02
1.727751741321728596e-01,3.307859069025115284e-02
1.725993633173724118e-01,3.298324627582588375e-02
1.724235466253263294e-01,3.288791269958404873e-02
1.722477239112043257e-01,3.279259023026104281e-02
1.720718950270584413e-01,3.269727914246389755e-02
1.718960598217803004e-01,3.260197971675846129e-02
1.717202181410582007e-01,3.250669223975585775e-02
1.715443698273336481e-01,3.241141700419827854e-02
1.713685147197588354e-01,3.231615430904535846e-02
1.711926526541558968e-01,3.222090445955891336e-02
1.710167834629740535e-01,3.212566776738742802e-02
1.708409069752502840e-01,3.203044455065007234e-02
1.706650230165674686e-01,3.193523513401994030e-02
1.704891314090163645e-01,3.184003984880587335e-02
1.703132319711551657e-01,3.174485903303481127e-02
1.701373245179725602e-01,3.164969303153084002e-02
1.699614088608498719e-01,3.155454219599598820e-02
1.697854848075243672e-01,3.145940688508666594e-02
1.696095521620535340e-01,3.136428746449246296e-02
1.694336107247810252e-01,3.126918430701050577e-02
1.692576602923019924e-01,3.117409779261998484e-02
1.690817006574312220e-01,3.107902830855544321e-02
1.689057316091709948e-01,3.098397624937696340e-02
1.687297529326806100e-01,3.088894201704090250e-02
1.685537644092476584e-01,3.079392602096631473e-02
1.683777658162592117e-01,3.069892867810214768e-02
1.682017569271760937e-01,3.060395041299071930e-02
1.680257375115063179e-01,3.050899165783000147e-02
1.678497073347823831e-01,3.041405285253323890e-02
1.676736661585373489e-01,3.031913444478729139e-02
1.674976137402852117e-01,3.022423689010745110e-02
1.673215498335006712e-01,3.012936065189176019e-02
1.671454741876013117e-01,3.003450620147099862e-02
1.669693865479317529e-01,2.993967401815675680e-02
1.667932866557483573e-01,2.984486458928798172e-02
1.666171742482076279e-01,2.975007841027330416e-02
1.664410490583546065e-01,2.965531598463175614e-02
1.662649108151140476e-01,2.956057782402985237e-02
1.660887592432825910e-01,2.946586444831597942e-02
1.659125940635244323e-01,2.937117638555206481e-02
1.657364149923677976e-01,2.927651417204230402e-02
1.655602217422031952e-01,2.918187835235769648e-02
1.653840140212852194e-01,2.908726947935863852e-02
1.652077915337346603e-01,2.899268811421315886e-02
1.650315539795439990e-01,2.889813482641268375e-02
1.648553010545849296e-01,2.880361019378347223e-02
1.646790324506179903e-01,2.870911480249530370e-02
1.645027478553035549e-01,2.861464924706569671e-02
1.643264469522173477e-01,2.852021413036174083e-02
1.641501294208658757e-01,2.842581006359662724e-02
1.639737949367053860e-01,2.833143766632390328e-02
1.637974431711642365e-01,2.823709756642731397e-02
1.636210737916651559e-01,2.814279040010581392e-02
1.634446864616521111e-01,2.804851681185619242e-02
1.632682808406192287e-01,2.795427745445100767e-02
1.630918565841409096e-01,2.786007298891199704e-02
1.629154133439071339e-01,2.776590408448026751e-02
1.627389507677579339e-01,2.767177141858215630e-02
1.625624684997235003e-01,2.757767567678979029e-02
1.623859661800647058e-01,2.748361755277931376e-02
1.622094434453174028e-01,2.738959774828370400e-02
1.620328999283390248e-01,2.729561697304117365e-02
1.618563352583575199e-01,2.720167594473988162e-02
1.616797490610231147e-01,2.710777538895784225e-02
1.615031409584627986e-01,2.701391603909939279e-02
1.613265105693369728e-01,2.692009863632572123e-02
1.611498575088995411e-01,2.682632392948203562e-02
1.609731813890595831e-01,2.673259267502137507e-02
1.607964818184464684e-01,2.663890563692095440e-02
1.606197584024771363e-01,2.654526358659712107e-02
1.604430107434257624e-01,2.645166730281470549e-02
1.602662384404965890e-01,2.635811757159209692e-02
1.600894410898992815e-01,2.626461518610096260e-02
1.599126182849257838e-01,2.617116094656377415e-02
1.597357696160308649e-01,2.607775566014436733e-02
1.595588946709143308e-01,2.598440014083605934e-02
1.593819930346070390e-01,2.589109520934432598e-02
1.592050642895572188e-01,2.579784169296617594e-02
1.590281080157209537e-01,2.570464042546305797e-02
1.588511237906544138e-01,2.561149224693310203e-02
1.586741111896081691e-01,2.551839800367522795e-02
1.584970697856246669e-01,2.542535854805083942e-02
1.583199991496364312e-01,2.533237473834285339e-02
1.581428988505685918e-01,2.523944743860676368e-02
1.579657684554413577e-01,2.514657751852117720e-02
1.577886075294763213e-01,2.505376585323296559e-02
1.576114156362037888e-01,2.496101332319706004e-02
1.574341923375732755e-01,2.486832081401494157e-02
1.572569371940643057e-01,2.477568921626691414e-02
1.570796497648005996e-01,2.468311942534157435e-02
1.569023296076657026e-01,2.459061234126164522e-02
1.567249762794199475e-01,2.449816886850470291e-02
1.565475893358201920e-01,2.440578991582282101e-02
1.563701683317396396e-01,2.431347639605527591e-02
1.561927128212914906e-01,2.422122922594053054e-02
1.560152223579516773e-01,2.412904932592336085e-02
1.558376964946850962e-01,2.403693761995831860e-02
1.556601347840726457e-01,2.394489503531105692e-02
1.554825367784389012e-01,2.385292250235513181e-02
1.553049020299820948e-01,2.376102095436669406e-02
1.551272300909047608e-01,2.366919132731490696e-02
1.549495205135457132e-01,2.357743455965047655e-02
1.547717728505133561e-01,2.348575159209068466e-02
1.545939866548191044e-01,2.339414336740131342e-02
1.544161614800128035e-01,2.330261083017657123e-02
1.542382968803183152e-01,2.321115492661571592e-02
1.540603924107701306e-01,2.311977660429670803e-02
1.538824476273511488e-01,2.302847681194878163e-02
1.537044620871297340e-01,2.293725649922146240e-02
1.535264353483984656e-01,2.284611661645075467e-02
1.533483669708137764e-01,2.275505811442505091e-02
1.531702565155338425e-01,2.266408194414679458e-02
1.529921035453596923e-01,2.257318905659367117e-02
1.528139076248739292e-01,2.248238040247696815e-02
1.526356683205813414e-01,2.239165693199846388e-02
1.524573852010485675e-01,2.230101959460504060e-02
1.522790578370442349e-01,2.221046933874304755e-02
1.521006858016794028e-01,2.212000711160933344e-02
1.519222686705464231e-01,2.202963385890200146e-02
1.517438060218590512e-01,2.193935052456969306e-02
1.515652974365916394e-01,2.184915805055931762e-02
1.513867424986174437e-01,2.175905737656247743e-02
1.512081407948475953e-01,2.166904943976183731e-02
1.510294919153680748e-01,2.157913517457535693e-02
1.508507954535774631e-01,2.148931551240060647e-02
1.506720510063225826e-01,2.139959138135794428e-02
1.504932581740346942e-01,2.130996370603316717e-02
1.503144165608635563e-01,2.122043340721941132e-02
1.501355257748115402e-01,2.113100140165952504e-02
1.499565854278662180e-01,2.104166860178660961e-02
1.497775951361316193e-01,2.095243591546603126e-02
1.495985545199588762e-01,2.086330424573668366e-02
1.494194632040756754e-01,2.077427449055150102e-02
1.492403208177134344e-01,2.068534754251883170e-02
1.490611269947336170e-01,2.059652428864517174e-02
1.488818813737539937e-01,2.050780561007528938e-02
1.487025835982700439e-01,2.041919238183612442e-02
1.485232333167790242e-01,2.033068547257885564e-02
1.483438301828980399e-01,2.024228574432277231e-02
1.481643738554835887e-01,2.015399405219917353e-02
1.479848639987484393e-01,2.006581124419707166e-02
1.478053002823754292e-01,1.997773816090933977e-02
1.476256823816312902e-01,1.988977563527935880e-02
1.474460099774766719e-01,1.980192449235049570e-02
1.472662827566757204e-01,1.971418554901469347e-02
1.470865004119024100e-01,1.962655961376472483e-02
1.469066626418447929e-01,1.953904748644577985e-02
1.467267691513082783e-01,1.945164995801080057e-02
1.465468196513150523e-01,1.936436781027573231e-02
1.463668138592018608e-01,1.927720181567738403e-02
1.461867514987155448e-01,1.919015273703362015e-02
1.460066323001061872e-01,1.910322132730516223e-02
1.458264560002176247e-01,1.901640832935888939e-02
1.456462223425753488e-01,1.892971447573469149e-02
1.454659310774717718e-01,1.884314048841365455e-02
1.452855819620495759e-01,1.875668707858932707e-02
1.451051747603814002e-01,1.867035494644126228e-02
1.449247092435478890e-01,1.858414478091111391e-02
1.447441851897120768e-01,1.849805725948186833e-02
1.445636023841916362e-01,1.841209304795971349e-02
1.443829606195282667e-01,1.832625280025898876e-02
1.442022596955532809e-01,1.824053715818974367e-02
1.440214994194528308e-01,1.815494675125012627e-02
1.438406796058267489e-01,1.806948219641940981e-02
1.436598000767472239e-01,1.798414409795729210e-02
1.434788606618135898e-01,1.789893304720394443e-02
1.432978611982035078e-01,1.781384962238627759e-02
1.431168015307227315e-01,1.772889438842620638e-02
1.429356815118499879e-01,1.764406789675285539e-02
1.427545010017800264e-01,1.755937068511962199e-02
1.425732598684632535e-01,1.747480327742459774e-02
1.423919579876422314e-01,1.739036618353459809e-02
1.422105952428853737e-01,1.730605989911499290e-02
1.420291715256166987e-01,1.722188490546184073e-02
1.418476867351434467e-01,1.713784166934029587e-02
1.416661407786803106e-01,1.705393064282642937e-02
1.414845335713698082e-01,1.697015226315324102e-02
1.413028650363003513e-01,1.688650695256322179e-02
1.411211351045208173e-01,1.680299511816413585e-02
1.409393437150518458e-01,1.671961715178957655e-02
1.407574908148940818e-01,1.663637342986554538e-02
1.405755763590329499e-01,1.655326431328169381e-02
1.403936003104413466e-01,1.647029014726750576e-02
1.402115626400774751e-01,1.638745126127350363e-02
1.400294633268807099e-01,1.630474796885850522e-02
1.398473023577639363e-01,1.622218056758245944e-02
1.396650797276029476e-01,1.613974933890291799e-02
1.394827954392222624e-01,1.605745454807975051e-02
1.393004495033782209e-01,1.597529644408382868e-02
1.391180419387386680e-01,1.589327525951142808e-02
1.389355727718598055e-01,1.581139121050540233e-02
1.387530420371598239e-01,1.572964449668124223e-02
1.385704497768894539e-01,1.564803530106029586e-02
1.383877960410995200e-01,1.556656379000726301e-02
1.382050808876050529e-01,1.548523011317565548e-02
1.380223043819471529e-01,1.540403440345794808e-02
1.378394665973518285e-01,1.532297677694302931e-02
1.376565676146847550e-01,1.524205733287911993e-02
1.374736075224045340e-01,1.516127615364310302e-02
1.372905864165118728e-01,1.508063330471718158e-02
1.371075044004971821e-01,1.500012883467039329e-02
1.369243615852838158e-01,1.491976277514775809e-02
1.367411580891702838e-01,1.483953514086564299e-02
1.365578940377680239e-01,1.475944592961353843e-02
1.363745695639375088e-01,1.467949512226219069e-02
1.361911848077212162e-01,1.459968268277900619e-02
1.360077399162743506e-01,1.452000855824900696e-02
1.358242350437925960e-01,1.444047267890402955e-02
1.356406703514377865e-01,1.436107495815678106e-02
1.354570460072602733e-01,1.428181529264266683e-02
1.352733621861199054e-01,1.420269356226825166e-02
1.350896190696038723e-01,1.412370963026574402e-02
1.349058168459418561e-01,1.404486334325483546e-02
1.347219557099209597e-01,1.396615453131109033e-02
1.345380358627949469e-01,1.388758300804071935e-02
1.343540575121946468e-01,1.380914857066195892e-02
1.341700208720345844e-01,1.373085100009350037e-02
1.339859261624170017e-01,1.365269006104894225e-02
1.338017736095356014e-01,1.357466550213906956e-02
1.336175634455761541e-01,1.349677705597826863e-02
1.334332959086150239e-01,1.341902443930012914e-02
1.332489712425170281e-01,1.334140735307740369e-02
1.330645896968300490e-01,1.326392548264998875e-02
1.328801515266795907e-01,1.318657849785781835e-02
1.326956569926599494e-01,1.310936605318077999e-02
1.325111063607255502e-01,1.303228778788545830e-02
1.323264999020794530e-01,1.295534332617609766e-02
1.321418378930609983e-01,1.287853227735364162e-02
1.319571206150323972e-01,1.280185423597974062e-02
1.317723483542633245e-01,1.272530878204700469e-02
1.315875214018147332e-01,1.264889548115475174e-02
1.314026400534217265e-01,1.257261388469047350e-02
1.312177046093744304e-01,1.249646353001718571e-02
1.310327153743995887e-01,1.242044394066627380e-02
1.308476726575391602e-01,1.234455462653552896e-02
1.306625767720294706e-01,1.226879508409231892e-02
1.304774280351793103e-01,1.219316479658214339e-02
1.302922267682469215e-01,1.211766323424243522e-02
1.301069732963170411e-01,1.204228985452058046e-02
1.299216679481763892e-01,1.196704410229712870e-02
1.297363110561896848e-01,1.189192541011436025e-02
1.295509029561746073e-01,1.181693319840718473e-02
1.293654439872768125e-01,1.174206687574097865e-02
1.291799344918443948e-01,1.166732583905147683e-02
1.289943748153021819e-01,1.159270947389015941e-02
1.288087653060258631e-01,1.151821715467244225e-02
1.286231063152167009e-01,1.144384824493030819e-02
1.284373981967748546e-01,1.136960209756776932e-02
1.282516413071750350e-01,1.129547805512071471e-02
1.280658360053394673e-01,1.122147545001908955e-02
1.278799826525136019e-01,1.114759360485187770e-02
1.276940816121407418e-01,1.107383183263596985e-02
1.275081332497374764e-01,1.100018943708666944e-02
1.273221379327696967e-01,1.092666571289169566e-02
1.271360960305285837e-01,1.085325994598646329e-02
1.269500079140079563e-01,1.077997141383163840e-02
1.267638739557811756e-01,1.070679938569383052e-02
1.265776945298799638e-01,1.063374312292600724e-02
1.263914700116733347e-01,1.056080187925148919e-02
1.262052007777471063e-01,1.048797490104769539e-02
1.260188872057847742e-01,1.041526142763216436e-02
1.258325296744494115e-01,1.034266069154854764e-02
1.256461285632658464e-01,1.027017191885468486e-02
1.254596842525050882e-01,1.019779432941009603e-02
1.252731971230685026e-01,1.012552713716472277e-02
1.250866675563740427e-01,1.005336955044661487e-02
1.249000959342438100e-01,9.981320772251531942e-03
1.247134826387918116e-01,9.909380000531046312e-03
1.245268280523149224e-01,9.837546428480673649e-03
1.243401325571829447e-01,9.765819244826921125e-03
1.241533965357318192e-01,9.694197634114807421e-03
1.239666203701576402e-01,9.622680776993745161e-03
1.237798044424119892e-01,9.551267850502118822e-03
1.235929491340997388e-01,9.479958028351085503e-03
1.234060548263766766e-01,9.408750481206599320e-03
1.232191218998507504e-01,9.337644376970270083e-03
1.230321507344834808e-01,9.266638881057973759e-03
1.228451417094939824e-01,9.195733156676686587e-03
1.226580952032644972e-01,9.124926365099848141e-03
1.224710115932466370e-01,9.054217665938505549e-03
1.222838912558714686e-01,8.983606217413373646e-03
1.220967345664594195e-01,8.913091176620539097e-03
1.219095418991330837e-01,8.842671699797358814e-03
1.217223136267321093e-01,8.772346942584278301e-03
1.215350501207284606e-01,8.702116060283208304e-03
1.213477517511456216e-01,8.631978208114152867e-03
1.211604188864781328e-01,8.561932541467202201e-03
1.209730518936137089e-01,8.491978216151749997e-03
1.207856511377575909e-01,8.422114388642796406e-03
1.205982169823580225e-01,8.352340216321810923e-03
1.204107497890340855e-01,8.282654857716068714e-03
1.202232499175061725e-01,8.213057472732491343e-03
1.200357177255271385e-01,8.143547222888517650e-03
1.198481535688170202e-01,8.074123271538061891e-03
1.196605578009976995e-01,8.004784784094113453e-03
1.194729307735320351e-01,7.935530928246812415e-03
1.192852728356624675e-01,7.866360874177306256e-03
1.190975843343536761e-01,7.797273794766804850e-03
1.189098656142363181e-01,7.728268865801721926e-03
1.187221170175523782e-01,7.659345266174292371e-03
1.185343388841032936e-01,7.590502178078026990e-03
1.183465315511996324e-01,7.521738787199392512e-03
1.181586953536126888e-01,7.453054282903662925e-03
1.179708306235282972e-01,7.384447858417856475e-03
1.177829376905024511e-01,7.315918711006955816e-03
1.175950168814186708e-01,7.247466042145826043e-03
1.174070685204473136e-01,7.179089057687968595e-03
1.172190929290073264e-01,7.110786968027502791e-03
1.170310904257292478e-01,7.042558988256401170e-03
1.168430613264201806e-01,6.974404338318394153e-03
1.166550059440308734e-01,6.906322243156463175e-03
1.164669245886241905e-01,6.838311932855892922e-03
1.162788175673457741e-01,6.770372642782882672e-03
1.160906851843969551e-01,6.702503613718244907e-03
1.159025277410075244e-01,6.634704091985053204e-03
1.157143455354128908e-01,6.566973329573514567e-03
1.155261388628303770e-01,6.499310584258875118e-03
1.153379080154393471e-01,6.431715119716383683e-03
1.151496532823614999e-01,6.364186205629927123e-03
1.149613749496432719e-01,6.296723117797779073e-03
1.147730733002404052e-01,6.229325138231021214e-03
1.145847486140025989e-01,6.161991555250271452e-03
1.143964011676616016e-01,6.094721663575778520e-03
1.142080312348194709e-01,6.027514764413075682e-03
1.140196390859383596e-01,5.960370165535858883e-03
1.138312249883322441e-01,5.893287181362120292e-03
1.136427892061600969e-01,5.826265133027089954e-03
1.134543320004199468e-01,5.759303348452485954e-03
1.132658536289449652e-01,5.692401162409686105e-03
1.130773543463995529e-01,5.625557916580429391e-03
1.128888344042782849e-01,5.558772959612549164e-03
1.127002940509055223e-01,5.492045647171293205e-03
1.125117335314353845e-01,5.425375341987840466e-03
1.123231530878541912e-01,5.358761413902821819e-03
1.121345529589835438e-01,5.292203239906676654e-03
1.119459333804837392e-01,5.225700204175318803e-03
1.117572945848598204e-01,5.159251698103470979e-03
1.115686368014670998e-01,5.092857120333558335e-03
1.113799602565186259e-01,5.026515876780827258e-03
1.111912651730937590e-01,4.960227380656077184e-03
1.110025517711465820e-01,4.893991052483951526e-03
1.108138202675161971e-01,4.827806320118647326e-03
1.106250708759380225e-01,4.761672618756072201e-03
1.104363038070547837e-01,4.695589390943725322e-03
1.102475192684294197e-01,4.629556086586359559e-03
1.100587174645587391e-01,4.563572162949339900e-03
1.098698985968866310e-01,4.497637084659670409e-03
1.096810628638190538e-01,4.431750323704162359e-03
1.094922104607396612e-01,4.365911359423383514e-03
1.093033415800260116e-01,4.300119678505968240e-03
1.091144564110652776e-01,4.234374774977848338e-03
1.089255551402723149e-01,4.168676150190207125e-03
1.087366379511066489e-01,4.103023312805879202e-03
1.085477050240916536e-01,4.037415778782142001e-03
1.083587565368324818e-01,3.971853071352480363e-03
1.081697926640349666e-01,3.906334721005880889e-03
1.079808135775264660e-01,3.840860265464211137e-03
1.077918194462743201e-01,3.775429249658016767e-03
1.076028104364070842e-01,3.710041225700570072e-03
1.074137867112357342e-01,3.644695752860197674e-03
1.072247484312726790e-01,3.579392397530665321e-03
1.070356957542550752e-01,3.514130733200785534e-03
1.068466288351654497e-01,3.448910340422221138e-03
1.066575478262529603e-01,3.383730806775845507e-03
1.064684528770563493e-01,3.318591726837547690e-03
1.062793441344254824e-01,3.253492702141844856e-03
1.060902217425435529e-01,3.188433341145189420e-03
1.059010858429497021e-01,3.123413259188249219e-03
1.057119365745611966e-01,3.058432078456799902e-03
1.055227740736970482e-01,2.993489427942367526e-03
1.053335984740989689e-01,2.928584943401511126e-03
1.051444099069554911e-01,2.863718267314855487e-03
1.049552085009239216e-01,2.798889048845374511e-03
1.047659943821535461e-01,2.734096943795841922e-03
1.045767676743077773e-01,2.669341614566420745e-03
1.043875284985877477e-01,2.604622730110753986e-03
1.041982769737534315e-01,2.539939965893110024e-03
1.040090132161474584e-01,2.475293003844084710e-03
1.038197373397168749e-01,2.410681532316608783e-03
1.036304494560361250e-01,2.346105246041649967e-03
1.034411496743281728e-01,2.281563846083748542e-03
1.032518381014873171e-01,2.217057039796219847e-03
1.030625148421010079e-01,2.152584540777689043e-03
1.028731799984714118e-01,2.088146068826488705e-03
1.026838336706368676e-01,2.023741349897027059e-03
1.024944759563934521e-01,1.959370116055823147e-03
1.023051069513156303e-01,1.895032105436820352e-03
1.021157267487773218e-01,1.830727062198837102e-03
1.019263354399728844e-01,1.766454736480852633e-03
1.017369331139371530e-01,1.702214884360817720e-03
1.015475198575650911e-01,1.638007267810829420e-03
1.013580957556326628e-01,1.573831654656718954e-03
1.011686608908155122e-01,1.509687818536251808e-03
1.009792153437079759e-01,1.445575538857105796e-03
1.007897591928434561e-01,1.381494600757291608e-03
1.006002925147111010e-01,1.317444795064435376e-03
1.004108153837754563e-01,1.253425918257170674e-03
1.002213278724937567e-01,1.189437772426391732e-03
1.000318300513334396e-01,1.125480165236811964e-03
9.984232198879010312e-02,1.061552909890493140e-03
9.965280375140338209e-02,9.976558250907631431e-04
9.946327540377412901e-02,9.337887350060780937e-04
9.927373700858012351e-02,8.699514692356058758e-04
9.908418862659200410e-02,8.061438627752804146e-04
9.889463031668856152e-02,7.423657559856056435e-04
9.870506213587161570e-02,6.786169945594866830e-04
9.851548413928058745e-02,6.148974294906995068e-04
9.832589638020668155e-02,5.512069170449418768e-04
9.813629891010604289e-02,4.875453187301903883e-04
9.794669177861407838e-02,4.239125012691946940e-04
9.775707503355725303e-02,3.603083365729986857e-04
9.756744872096627386e-02,2.967327017142673854e-04
9.737781288508710886e-02,2.331854789040832847e-04
9.718816756839389337e-02,1.696665554674659264e-04
9.699851281159906080e-02,1.061758238215837783e-04
9.680884865366388981e-02,4.271318145477101796e-05
9.661917513180941219e-02,-2.072146909398383825e-05
9.642949228152537799e-02,-8.412822025257945830e-05
9.623980013658016419e-02,-1.475071594342591526e-04
9.605009872902935120e-02,-2.108583690531539963e-04
9.586038808922399401e-02,-2.741819265394928847e-04
9.567066824581831053e-02,-3.374779043528696983e-04
9.548093922577761961e-02,-4.007463699944280007e-04
9.529120105438516897e-02,-4.639873860186849138e-04
9.510145375524790834e-02,-5.272010100419688124e-04
9.491169735030351162e-02,-5.903872947514121313e-04
9.472193185982512309e-02,-6.535462879116682141e-04
9.453215730242682524e-02,-7.166780323703514062e-04
9.434237369506769111e-02,-7.797825660622003914e-04
9.415258105305655822e-02,-8.428599220119092602e-04
9.396277939005494295e-02,-9.059101283350711993e-04
9.377296871808056544e-02,-9.689332082387336039e-04
9.358314904750962560e-02,-1.031929180019010989e-03
9.339332038707935657e-02,-1.094898057058448643e-03
9.320348274388916276e-02,-1.157839847821664353e-03
9.301363612340217413e-02,-1.220754555849131590e-03
9.282378052944582902e-02,-1.283642179750073969e-03
9.263391596421148566e-02,-1.346502713192861828e-03
9.244404242825494944e-02,-1.409336144895714099e-03
9.225415992049527947e-02,-1.472142458613292376e-03
9.206426843821345629e-02,-1.534921633124877033e-03
9.187436797705043900e-02,-1.597673642218019191e-03
9.168445853100525011e-02,-1.660398454672636775e-03
9.149454009243197794e-02,-1.723096034243334213e-03
9.130461265203689003e-02,-1.785766339639113104e-03
9.111467619887399227e-02,-1.848409324502722079e-03
9.092473072034153170e-02,-1.911024937387952732e-03
9.073477620217686168e-02,-1.973613121735325743e-03
9.054481262845169576e-02,-2.036173815846639007e-03
9.035483998156622343e-02,-2.098706952856934510e-03
9.016485824224275414e-02,-2.161212460706492949e-03
8.997486738951950003e-02,-2.223690262109941779e-03
8.978486740074341499e-02,-2.286140274524253030e-03
8.959485825156283945e-02,-2.348562410115048044e-03
8.940483991591920143e-02,-2.410956575722180556e-03
8.921481236603885645e-02,-2.473322672822211160e-03
8.902477557242403916e-02,-2.535660597490992790e-03
8.883472950384370403e-02,-2.597970240362703492e-03
8.864467412732353335e-02,-2.660251486590322484e-03
8.845460940813625050e-02,-2.722504215800915922e-03
8.826453530979037898e-02,-2.784728302052615762e-03
8.807445179401930668e-02,-2.846923613788156920e-03
8.788435882077012817e-02,-2.909090013787331980e-03
8.769425634819165427e-02,-2.971227359118474437e-03
8.750414433262206082e-02,-3.033335501087443958e-03
8.731402272857601010e-02,-3.095414285186889186e-03
8.712389148873216083e-02,-3.157463551041069655e-03
8.693375056391906830e-02,-3.219483132352981419e-03
8.674359990310202828e-02,-3.281472856847180569e-03
8.655343945336847755e-02,-3.343432546211801831e-03
8.636326915991367204e-02,-3.405362016040133083e-03
8.617308896602583757e-02,-3.467261075770191464e-03
8.598289881307115412e-02,-3.529129528622856199e-03
8.579269864047796290e-02,-3.590967171538585884e-03
8.560248838572147301e-02,-3.652773795113525152e-03
8.541226798430777423e-02,-3.714549183533418647e-03
8.522203736975662858e-02,-3.776293114507525001e-03
8.503179647358675985e-02,-3.838005359199977290e-03
8.484154522529692433e-02,-3.899685682160727168e-03
8.465128355235075619e-02,-3.961333841255462035e-03
8.446101138015892074e-02,-4.022949587594411985e-03
8.427072863206135078e-02,-4.084532665459796735e-03
8.408043522931087088e-02,-4.146082812232439879e-03
8.389013109105468435e-02,-4.207599758318050082e-03
8.369981613431697054e-02,-4.269083227071281822e-03
8.350949027398159308e-02,-4.330532934720573296e-03
8.331915342277294856e-02,-4.391948590291402249e-03
8.312880549124014584e-02,-4.453329895528709143e-03
8.293844638773718858e-02,-4.514676544818959497e-03
8.274807601840629412e-02,-4.575988225112011948e-03
8.255769428715990788e-02,-4.637264615841681786e-03
8.236730109566255120e-02,-4.698505388846415526e-03
8.217689634331405701e-02,-4.759710208290409555e-03
8.198647992723163969e-02,-4.820878730582758148e-03
8.179605174223227027e-02,-4.882010604297822715e-03
8.160561168081696681e-02,-4.943105470095184723e-03
8.141515963315269777e-02,-5.004162960639237795e-03
8.122469548705681108e-02,-5.065182700520112075e-03
8.103421912798032534e-02,-5.126164306173377344e-03
8.084373043899255318e-02,-5.187107385800911880e-03
8.065322930076589125e-02,-5.248011539292104372e-03
8.046271559156077668e-02,-5.308876358146193825e-03
8.027218918721139296e-02,-5.369701425394220878e-03
8.008164996111168110e-02,-5.430486315522672219e-03
7.989109778420246111e-02,-5.491230594397846637e-03
7.970053252495933049e-02,-5.551933819191941927e-03
7.950995404937981348e-02,-5.612595538308864235e-03
7.931936222097286937e-02,-5.673215291312923986e-03
7.912875690074878954e-02,-5.733792608859002854e-03
7.893813794720981603e-02,-5.794327012623747691e-03
7.874750521634112099e-02,-5.854818015238790613e-03
7.855685856160422864e-02,-5.915265120226356060e-03
7.836619783392963223e-02,-5.975667821936949536e-03
7.817552288171202013e-02,-6.036025605489516582e-03
7.798483355080569612e-02,-6.096337946714238537e-03
7.779412968452224797e-02,-6.156604312097215675e-03
7.760341112362796612e-02,-6.216824158729646749e-03
7.741267770634406575e-02,-6.276996934259339994e-03
7.722192926834763049e-02,-6.337122076844833168e-03
7.703116564277408262e-02,-6.397199015114537340e-03
7.684038666022117992e-02,-6.457227168128711753e-03
7.664959214875473326e-02,-6.517205945345407730e-03
7.645878193391568434e-02,-6.577134746591269815e-03
7.626795583872990336e-02,-6.637012962036083902e-03
7.607711368371804228e-02,-6.696839972171627492e-03
7.588625528690935707e-02,-6.756615147796653925e-03
7.569538046385575203e-02,-6.816337850005762394e-03
7.550448902764832215e-02,-6.876007430184290919e-03
7.531358078893689301e-02,-6.935623230008371859e-03
7.512265555595017130e-02,-6.995184581450732825e-03
7.493171313451989224e-02,-7.054690806792992402e-03
7.474075332810521666e-02,-7.114141218643257186e-03
7.454977593782134704e-02,-7.173535119961712420e-03
7.435878076246908719e-02,-7.232871804091458440e-03
7.416776759856814893e-02,-7.292150554797396239e-03
7.397673624039259599e-02,-7.351370646311524565e-03
7.378568648000795316e-02,-7.410531343386397157e-03
7.359461810731234011e-02,-7.469631901356101750e-03
7.340353091007907615e-02,-7.528671566204427762e-03
7.321242467400408682e-02,-7.587649574643053757e-03
7.302129918275364340e-02,-7.646565154195619080e-03
7.283015421801648792e-02,-7.705417523292925480e-03
7.263898955955851167e-02,-7.764205891375604990e-03
7.244780498528112511e-02,-7.822929459005697334e-03
7.225660027128084917e-02,-7.881587417988968752e-03
7.206537519191456853e-02,-7.940178951505418720e-03
7.187412951986572873e-02,-7.998703234249473354e-03
7.168286302621425243e-02,-8.057159432582030462e-03
7.149157548051034150e-02,-8.115546704690165120e-03
7.130026665085066606e-02,-8.173864200758770154e-03
7.110893630395891118e-02,-8.232111063151966585e-03
7.091758420526698969e-02,-8.290286426606088138e-03
7.072621011900311061e-02,-8.348389418432685533e-03
7.053481380828037495e-02,-8.406419158732244407e-03
7.034339503518936831e-02,-8.464374760620532040e-03
7.015195356089491685e-02,-8.522255330464186679e-03
6.996048914573448074e-02,-8.580059968129740561e-03
6.976900154932071108e-02,-8.637787767242745968e-03
6.957749053064833655e-02,-8.695437815458530867e-03
6.938595584820068940e-02,-8.753009194745111493e-03
6.919439726006444691e-02,-8.810500981677873295e-03
6.900281452404259663e-02,-8.867912247745215332e-03
6.881120739777375761e-02,-8.925242059666629174e-03
6.861957563885236200e-02,-8.982489479722074316e-03
6.842791900495388824e-02,-9.039653566093649312e-03
6.823623725396112116e-02,-9.096733373217726765e-03
6.804453014409393707e-02,-9.153727952151271413e-03
6.785279743404191988e-02,-9.210636350945652223e-03
6.766103888309941972e-02,-9.267457615036830271e-03
6.746925425130277654e-02,-9.324190787642346739e-03
6.727744329957145719e-02,-9.380834910172660551e-03
6.708560578984866518e-02,-9.437389022652033915e-03
6.689374148524739050e-02,-9.493852164150908685e-03
6.670185015019587660e-02,-9.550223373228302476e-03
6.650993155058669559e-02,-9.606501688385362531e-03
6.631798545392682265e-02,-9.662686148529078117e-03
6.612601162948940348e-02,-9.718775793444902472e-03
6.593400984846729818e-02,-9.774769664280476972e-03
6.574197988412723570e-02,-9.830666804037071355e-03
6.554992151196613326e-02,-9.886466258071515550e-03
6.535783450986769327e-02,-9.942167074605014893e-03
6.516571865825969423e-02,-9.997768305242096115e-03
6.497357374027250276e-02,-1.005326900549496569e-02
6.478139954189719718e-02,-1.010866823531799893e-02
6.458919585214416281e-02,-1.016396505964597616e-02
6.439696246320296413e-02,-1.021915854894111728e-02
6.420469917059894172e-02,-1.027424777974458511e-02
6.401240577335316762e-02,-1.032923183523412267e-02
6.382008207413879253e-02,-1.038410980578552065e-02
6.362772787943767050e-02,-1.043888078953930307e-02
6.343534299969670609e-02,-1.049354389296996634e-02
6.324292724948137046e-02,-1.054809823145904865e-02
6.305048044762863457e-02,-1.060254292986980915e-02
6.285800241739776528e-02,-1.065687712312415533e-02
6.266549298661948375e-02,-1.071109995678023660e-02
6.247295198784299369e-02,-1.076521058761028757e-02
6.228037925848008832e-02,-1.081920818417855465e-02
6.208777464094644011e-02,-1.087309192741766836e-02
6.189513798280123907e-02,-1.092686101120318373e-02
6.170246913688225837e-02,-1.098051464292581700e-02
6.150976796143827613e-02,-1.103405204406104553e-02
6.131703432025874950e-02,-1.108747245073279583e-02
6.112426808279735474e-02,-1.114077511427416164e-02
6.093146912429455581e-02,-1.119395930178221019e-02
6.073863732589345615e-02,-1.124702429666559964e-02
6.054577257475295821e-02,-1.129996939918586837e-02
6.035287476415567703e-02,-1.135279392699078613e-02
6.015994379361113559e-02,-1.140549721563890659e-02
5.996697956895321452e-02,-1.145807861911546030e-02
5.977398200243493748e-02,-1.151053751033614611e-02
5.958095101281454115e-02,-1.156287328164301229e-02
5.938788652543999097e-02,-1.161508534528568268e-02
5.919478847232347712e-02,-1.166717313389295171e-02
5.900165679221441167e-02,-1.171913610092911381e-02
5.880849143066384926e-02,-1.177097372113777504e-02
5.861529234008405059e-02,-1.182268549097123186e-02
5.842205947980188413e-02,-1.187427092900341860e-02
5.822879281610559427e-02,-1.192572957632908812e-02
5.803549232228554650e-02,-1.197706099694503465e-02
5.784215797866933823e-02,-1.202826477811491310e-02
5.764878977264863841e-02,-1.207934053071573963e-02
5.745538769870266876e-02,-1.213028788956812751e-02
5.726195175841147095e-02,-1.218110651374487360e-02
5.706848196046559324e-02,-1.223179608686355765e-02
5.687497832066795017e-02,-1.228235631735632646e-02
5.668144086192902081e-02,-1.233278693872241413e-02
5.648786961425685677e-02,-1.238308770975784720e-02
5.629426461473806959e-02,-1.243325841476574864e-02
5.610062590751526551e-02,-1.248329886374443740e-02
5.590695354375590370e-02,-1.253320889255429491e-02
5.571324758161532581e-02,-1.258298836306303778e-02
5.551950808619490058e-02,-1.263263716326767580e-02
5.532573512949117561e-02,-1.268215520739634714e-02
5.513192879034136545e-02,-1.273154243598561761e-02
5.493808915436151213e-02,-1.278079881593601960e-02
5.474421631387951098e-02,-1.282992434054438732e-02
5.455031036786147508e-02,-1.287891902951443165e-02
5.435637142183304821e-02,-1.292778292894436118e-02
5.416239958779519442e-02,-1.297651611129013380e-02
5.396839498413393693e-02,-1.302511867530814146e-02
5.377435773552576709e-02,-1.307359074597402512e-02
5.358028797283839045e-02,-1.312193247437992358e-02
5.338618583302386783e-02,-1.317014403760837990e-02
5.319205145901089588e-02,-1.321822563858537566e-02
5.299788499959028759e-02,-1.326617750591099418e-02
5.280368660929578989e-02,-1.331399989366810130e-02
5.260945644828259743e-02,-1.336169308121062591e-02
5.241519468220048189e-02,-1.340925737293180084e-02
5.222090148206384036e-02,-1.345669309800914468e-02
5.202657702411816326e-02,-1.350400061013267913e-02
5.183222148970319937e-02,-1.355118028721174692e-02
5.163783506511317872e-02,-1.359823253106292804e-02
5.144341794145467633e-02,-1.364515776708033132e-02
5.124897031450000723e-02,-1.369195644388654029e-02
5.105449238454114885e-02,-1.373862903296784940e-02
5.085998435623902830e-02,-1.378517602829034891e-02
5.066544643847286505e-02,-1.383159794590238176e-02
5.047087884418568343e-02,-1.387789532351945895e-02
5.027628179023032468e-02,-1.392406872009499183e-02
5.008165549721304427e-02,-1.397011871537692448e-02
4.988700018933691499e-02,-1.401604590945048842e-02
4.969231609424325929e-02,-1.406185092226813413e-02
4.949760344285419195e-02,-1.410753439316761101e-02
4.930286246921302545e-02,-1.415309698037808470e-02
4.910809341032545267e-02,-1.419853936051640106e-02
4.891329650600072937e-02,-1.424386222807271993e-02
4.871847199869327322e-02,-1.428906629488710042e-02
4.852362013334392959e-02,-1.433415228961834251e-02
4.832874115722254199e-02,-1.437912095720422431e-02
4.813383531977110524e-02,-1.442397305831521689e-02
4.793890287244802900e-02,-1.446870936880289768e-02
4.774394406857315060e-02,-1.451333067914159156e-02
4.754895916317485732e-02,-1.455783779386645924e-02
4.735394841283781936e-02,-1.460223153100750557e-02
4.715891207555274883e-02,-1.464651272151992409e-02
4.696385041056787973e-02,-1.469068220871338690e-02
4.676876367824336217e-02,-1.473474084767814260e-02
4.657365213990515701e-02,-1.477868950471086448e-02
4.637851605770398206e-02,-1.482252905674124807e-02
4.618335569447500760e-02,-1.486626039075710989e-02
4.598817131359980021e-02,-1.490988440323226180e-02
4.579296317887231876e-02,-1.495340199955571756e-02
4.559773155436527142e-02,-1.499681409346287006e-02
4.540247670430107990e-02,-1.504012160647038784e-02
4.520719889292462018e-02,-1.508332546731477528e-02
4.501189838437904406e-02,-1.512642661139437447e-02
4.481657544258551423e-02,-1.516942598021722363e-02
4.462123033112341125e-02,-1.521232452085385586e-02
4.442586331311681319e-02,-1.525512318539625975e-02
4.423047465112139170e-02,-1.529782293042272409e-02
4.403506460701608199e-02,-1.534042471646981584e-02
4.383963344189736183e-02,-1.538292950751196306e-02
4.364418141597641715e-02,-1.542533827044864289e-02
4.344870878848047097e-02,-1.546765197459947991e-02
4.325321581755613848e-02,-1.550987159120897560e-02
4.305770276017683446e-02,-1.555199809295887067e-02
4.286216987205431622e-02,-1.559403245349002751e-02
4.266661740755083726e-02,-1.563597564693480421e-02
4.247104561959762908e-02,-1.567782864745869906e-02
4.227545475961432681e-02,-1.571959242881173710e-02
4.207984507743333519e-02,-1.576126796389173620e-02
4.188421682122619311e-02,-1.580285622431612177e-02
4.168857023743340745e-02,-1.584435818000639803e-02
4.149290557069864466e-02,-1.588577479878272233e-02
4.129722306380389368e-02,-1.592710704596977597e-02
4.110152295760995805e-02,-1.596835588401415360e-02
4.090580549099855773e-02,-1.600952227211243847e-02
4.071007090081809471e-02,-1.605060716585254496e-02
4.051431942183244400e-02,-1.609161151686416477e-02
4.031855128667246463e-02,-1.613253627248289676e-02
4.012276672579017517e-02,-1.617338237542514587e-02
3.992696596741720366e-02,-1.621415076347412429e-02
3.973114923752382038e-02,-1.625484236917920308e-02
3.953531675978224497e-02,-1.629545811956545007e-02
3.933946875553270134e-02,-1.633599893585465854e-02
3.914360544375105472e-02,-1.637646573319955987e-02
3.894772704102055644e-02,-1.641685942042736199e-02
3.875183376150433817e-02,-1.645718089979652729e-02
3.855592581692173643e-02,-1.649743106676359802e-02
3.836000341652617135e-02,-1.653761080976195660e-02
3.816406676708630069e-02,-1.657772100999121631e-02
3.796811607286847828e-02,-1.661776254121768645e-02
3.777215153562148847e-02,-1.665773626958541240e-02
3.757617335456438917e-02,-1.669764305343865093e-02
3.738018172637496556e-02,-1.673748374315356044e-02
3.718417684518176419e-02,-1.677725918098107658e-02
3.698815890255676558e-02,-1.681697020089930814e-02
3.679212808751058245e-02,-1.685661762847650777e-02
3.659608458648901802e-02,-1.689620228074331307e-02
3.640002858337203911e-02,-1.693572496607406372e-02
3.620396025947422020e-02,-1.697518648407847150e-02
3.600787979354554830e-02,-1.701458762550131162e-02
3.581178736177639127e-02,-1.705392917213132895e-02
3.561568313780124478e-02,-1.709321189672002514e-02
3.541956729270558796e-02,-1.713243656290580272e-02
3.522343999503301654e-02,-1.717160392514948883e-02
3.502730141079512388e-02,-1.721071472867635385e-02
3.483115170348113215e-02,-1.724976970942526319e-02
3.463499103406954965e-02,-1.728876959400671084e-02
3.443881956104030001e-02,-1.732771509966715348e-02
3.424263744038887752e-02,-1.736660693426044996e-02
3.404644482564064129e-02,-1.740544579622593444e-02
3.385024186786677464e-02,-1.744423237457387241e-02
3.365402871570021687e-02,-1.748296734887610712e-02
3.345780551535351005e-02,-1.752165138926328400e-02
3.326157241063656261e-02,-1.756028515642818130e-02
3.306532954297591170e-02,-1.759886930163423110e-02
3.286907705143426311e-02,-1.763740446672895298e-02
3.267281507273055857e-02,-1.767589128416379926e-02
3.247654374126068139e-02,-1.771433037701821908e-02
3.228026318911991072e-02,-1.775272235902771931e-02
3.208397354612343294e-02,-1.779106783461772631e-02
3.188767493983021145e-02,-1.782936739894125031e-02
3.169136749556535765e-02,-1.786762163791963051e-02
3.149505133644244642e-02,-1.790583112828924781e-02
3.129872658338916230e-02,-1.794399643764962513e-02
3.110239335516983700e-02,-1.798211812451635735e-02
3.090605176841026286e-02,-1.802019673837726085e-02
3.070970193762245087e-02,-1.805823281975071568e-02
3.051334397522908332e-02,-1.809622690024869848e-02
3.031697799158846601e-02,-1.813417950263956566e-02
3.012060409502023001e-02,-1.817209114091702590e-02
2.992422239183036708e-02,-1.820996232036839121e-02
2.972783298633645960e-02,-1.824779353764704667e-02
2.953143598089354865e-02,-1.828558528084566967e-02
2.933503147591928067e-02,-1.832333802957225241e-02
2.913861956991985885e-02,-1.836105225502770652e-02
2.894220035951607789e-02,-1.839872842008385620e-02
2.874577393946766563e-02,-1.843636697936573351e-02
2.854934040270017820e-02,-1.847396837933154221e-02
2.835289984032970251e-02,-1.851153305835684035e-02
2.815645234168877992e-02,-1.854906144681780708e-02
2.795999799435163607e-02,-1.858655396717672978e-02
2.776353688415932747e-02,-1.862401103406771327e-02
2.756706909524480470e-02,-1.866143305438311070e-02
2.737059471005833661e-02,-1.869882042736048175e-02
2.717411380939185189e-02,-1.873617354467071658e-02
2.697762647240405792e-02,-1.877349279050488304e-02
2.678113277664475461e-02,-1.881077854166382166e-02
2.658463279807898177e-02,-1.884803116764593653e-02
2.638812661111116648e-02,-1.888525103073568009e-02
2.619161428860910384e-02,-1.892243848609220444e-02
2.599509590192821545e-02,-1.895959388183831792e-02
2.579857152093378153e-02,-1.899671755914819279e-02
2.560204121402489402e-02,-1.903380985233626629e-02
2.540550504815716065e-02,-1.907087108894458746e-02
2.520896308886574205e-02,-1.910790158983074680e-02
2.501241540028752847e-02,-1.914490166925500100e-02
2.481586204518292788e-02,-1.918187163496692590e-02
2.461930308495826475e-02,-1.921881178829148648e-02
2.442273857968715184e-02,-1.925572242421482935e-02
2.422616858813188973e-02,-1.929260383146927035e-02
2.402959316776472759e-02,-1.932945629261744944e-02
2.383301237478765294e-02,-1.936628008413620802e-02
2.363642626415379117e-02,-1.940307547649916184e-02
2.343983488958744504e-02,-1.943984273425882967e-02
2.324323830360313509e-02,-1.947658211612817922e-02
2.304663655752622192e-02,-1.951329387506023014e-02
2.285002970151122498e-02,-1.954997825832807332e-02
2.265341778456127914e-02,-1.958663550760380775e-02
2.245680085454637015e-02,-1.962326585903545126e-02
2.226017895822195863e-02,-1.965986954332307399e-02
2.206355214124685465e-02,-1.969644678579590344e-02
2.186692044820073150e-02,-1.973299780648543264e-02
2.167028392260180597e-02,-1.976952282019997162e-02
2.147364260692340848e-02,-1.980602203659647884e-02
2.127699654261146905e-02,-1.984249566025269793e-02
2.108034577010058780e-02,-1.987894389073646337e-02
2.088369032882974458e-02,-1.991536692267583883e-02
2.068703025725906336e-02,-1.995176494582684076e-02
2.049036559288468923e-02,-1.998813814514041262e-02
2.029369637225380413e-02,-2.002448670082862189e-02
2.009702263098091940e-02,-2.006081078842927509e-02
1.990034440376075436e-02,-2.009711057886895066e-02
1.970366172438372393e-02,-2.013338623852647599e-02
1.950697462574984414e-02,-2.016963792929373986e-02
1.931028313988222139e-02,-2.020586580863545020e-02
1.911358729794090244e-02,-2.024207002964911392e-02
1.891688713023550322e-02,-2.027825074112221335e-02
1.872018266623864252e-02,-2.031440808758924396e-02
1.852347393459895936e-02,-2.035054220938692024e-02
1.832676096315215969e-02,-2.038665324270938148e-02
1.813004377893447788e-02,-2.042274131966109393e-02
1.793332240819377893e-02,-2.045880656830839292e-02
1.773659687640149335e-02,-2.049484911273182983e-02
1.753986720826319207e-02,-2.053086907307496642e-02
1.734313342773074335e-02,-2.056686656559380752e-02
1.714639555801208276e-02,-2.060284170270423529e-02
1.694965362158259298e-02,-2.063879459302874961e-02
1.675290764019431861e-02,-2.067472534144173743e-02
1.655615763488706843e-02,-2.071063404911390946e-02
1.635940362599768577e-02,-2.074652081355584862e-02
1.616264563316948538e-02,-2.078238572866005981e-02
1.596588367536196790e-02,-2.081822888474188157e-02
1.576911777085911875e-02,-2.085405036857973168e-02
1.557234793727934469e-02,-2.088985026345485316e-02
1.537557419158310651e-02,-2.092562864918772955e-02
1.517879655008213396e-02,-2.096138560217691502e-02
1.498201502844664218e-02,-2.099712119543334019e-02
1.478522964171421344e-02,-2.103283549861647769e-02
1.458844040429676386e-02,-2.106852857806751009e-02
1.439164732998867574e-02,-2.110420049684263652e-02
1.419485043197379198e-02,-2.113985131474465859e-02
1.399804972283260479e-02,-2.117548108835434414e-02
1.380124521454911130e-02,-2.121108987106032004e-02
1.360443691851750264e-02,-2.124667771308791017e-02
1.340762484554876982e-02,-2.128224466152775149e-02
1.321080900587719847e-02,-2.131779076036249485e-02
1.301398940916594776e-02,-2.135331605049308953e-02
1.281716606451362844e-02,-2.138882056976415189e-02
1.262033898045963193e-02,-2.142430435298927835e-02
1.242350816498968141e-02,-2.145976743197297240e-02
1.222667362554199361e-02,-2.149520983553465311e-02
1.202983536901160860e-02,-2.153063158953002695e-02
1.183299340175541364e-02,-2.156603271687179343e-02
1.163614772959819382e-02,-2.160141323755007323e-02
1.143929835783599053e-02,-2.163677316865153175e-02
1.124244529124137498e-02,-2.167211252437800315e-02
1.104558853406802793e-02,-2.170743131606322693e-02
1.084872809005440336e-02,-2.174272955219116663e-02
1.065186396242811390e-02,-2.177800723841047045e-02
1.045499615390984433e-02,-2.181326437755031974e-02
1.025812466671748718e-02,-2.184850096963505614e-02
1.006124950256930689e-02,-2.188371701189728222e-02
9.864370662687270419e-03,-2.191891249879123968e-02
9.667488147801321652e-03,-2.195408742200405036e-02
9.470601958151657340e-03,-2.198924177046840053e-02
9.273712093492113284e-03,-2.202437553037161697e-02
9.076818553093495001e-03,-2.205948868516660263e-02
8.879921335745714905e-03,-2.209458121558102381e-02
8.683020439761095222e-03,-2.212965309962447100e-02
8.486115862976366386e-03,-2.216470431259767379e-02
8.289207602755609139e-03,-2.219973482709849608e-02
8.092295655992252923e-03,-2.223474461302904145e-02
7.895380019111379599e-03,-2.226973363759998312e-02
7.698460688071638580e-03,-2.230470186533736396e-02
7.501537658367161965e-03,-2.233964925808506682e-02
7.304610925029673962e-03,-2.237457577500936642e-02
7.107680482630239494e-03,-2.240948137260128856e-02
6.910746325280180125e-03,-2.244436600467963547e-02
6.713808446633405536e-03,-2.247922962239167974e-02
6.516866839887329454e-03,-2.251407217421494064e-02
6.319921497784035391e-03,-2.254889360595657352e-02
6.122972412612025239e-03,-2.258369386075389715e-02
5.926019576206607853e-03,-2.261847287907311696e-02
5.729062979951064782e-03,-2.265323059870749320e-02
5.532102614778010297e-03,-2.268796695477525924e-02
5.335138471169335872e-03,-2.272268187971723460e-02
5.138170539157292660e-03,-2.275737530329227307e-02
4.941198808325351910e-03,-2.279204715257448707e-02
4.744223267807899658e-03,-2.282669735194747460e-02
4.547243906291124904e-03,-2.286132582310012804e-02
4.350260712013657993e-03,-2.289593248501925124e-02
4.153273672765904478e-03,-2.293051725398475779e-02
3.956282775890627990e-03,-2.296508004356084473e-02
3.759288008282977555e-03,-2.299962076458983082e-02
3.562289356390489336e-03,-2.303413932518313598e-02
3.365286806212223602e-03,-2.306863563071206644e-02
3.168280343299821177e-03,-2.310310958379904397e-02
2.971269952755948695e-03,-2.313756108430692002e-02
2.774255619234215330e-03,-2.317199002932923343e-02
2.577237326939200556e-03,-2.320639631317716542e-02
2.380215059625149631e-03,-2.324077982736963074e-02
2.183188800595918088e-03,-2.327514046062031591e-02
1.986158532703472934e-03,-2.330947809882324626e-02
1.789124238348197959e-03,-2.334379262504137839e-02
1.592085899476590027e-03,-2.337808391949066852e-02
1.395043497581564384e-03,-2.341235185952536199e-02
1.197997013700761570e-03,-2.344659631962444854e-02
1.000946428415575972e-03,-2.348081717137295507e-02
8.038917218494904919e-04,-2.351501428344723518e-02
6.068328736676602102e-04,-2.354918752159698356e-02
4.097698630748307738e-04,-2.358333674862744464e-02
2.127026688143944890e-04,-2.361746182438131600e-02
1.563126916625346774e-05,-2.365156260571940269e-02
-1.814443580537357012e-04,-2.368563894650118837e-02
-3.785242354966762333e-04,-2.371969069756443491e-02
-5.756083862812695802e-04,-2.375371770670336655e-02
-7.726968339960356598e-04,-2.378771981864949078e-02
-9.697896027013115823e-04,-2.382169687504653507e-02
-1.166886716931138813e-03,-2.385564871443018528e-02
-1.363988201694900804e-03,-2.388957517220282809e-02
-1.561094082479987533e-03,-2.392347608061029182e-02
-1.758204385253155522e-03,-2.395735126871689422e-02
-1.955319136463580954e-03,-2.399120056238004603e-02
-2.152438363044636028e-03,-2.402502378422404980e-02
-2.349562092416470228e-03,-2.405882075361389857e-02
-2.546690352488341792e-03,-2.409259128662660440e-02
-2.743823171660810401e-03,-2.412633519602421991e-02
-2.940960578828790296e-03,-2.416005229122419537e-02
-3.138102603383992762e-03,-2.419374237827117899e-02
-3.335249275217646182e-03,-2.422740525980429313e-02
-3.532400624722966277e-03,-2.426104073502879585e-02
-3.729556682798292489e-03,-2.429464859968208032e-02
-3.926717480850418218e-03,-2.432822864600319920e-02
-4.123883050796230132e-03,-2.436178066269758732e-02
-4.321053425067312992e-03,-2.439530443490525377e-02
-4.518228636612116322e-03,-2.442879974416364494e-02
-4.715408718898979334e-03,-2.446226636837408805e-02
-4.912593705920294263e-03,-2.449570408176384925e-02
-5.109783632194893344e-03,-2.452911265485038447e-02
-5.306978532771906842e-03,-2.456249185440209301e-02
-5.504178443234371276e-03,-2.459584144339995934e-02
-5.701383399702004973e-03,-2.462916118099786264e-02
-5.898593438835593450e-03,-2.466245082248172057e-02
-6.095808597840264575e-03,-2.469571011922852208e-02
-6.293028914468985768e-03,-2.472893881866308416e-02
-6.490254427027282447e-03,-2.476213666421614099e-02
-6.687485174375902564e-03,-2.479530339527876923e-02
-6.884721195935146476e-03,-2.482843874715809016e-02
-7.081962531689696416e-03,-2.486154245103080682e-02
-7.279209222191336537e-03,-2.489461423389685221e-02
-7.476461308564504027e-03,-2.492765381853009540e-02
-7.673718832508676091e-03,-2.496066092343015783e-02
-7.870981836304642709e-03,-2.499363526277311939e-02
-8.068250362817282195e-03,-2.502657654635783921e-02
-8.265524455501001289e-03,-2.505948447955705025e-02
-8.462804158403731958e-03,-2.509235876326201473e-02
-8.660089516171094737e-03,-2.512519909382867830e-02
-8.857380574051949840e-03,-2.515800516302232545e-02
-9.054677377902393964e-03,-2.519077665796118012e-02
-9.251979974190367717e-03,-2.522351326105906275e-02
-9.449288410001206728e-03,-2.525621464996532714e-02
-9.646602733041971522e-03,-2.528888049750563013e-02
-9.843922991645999432e-03,-2.532151047162175747e-02
-1.004124923477901082e-02,-2.535410423530639820e-02
-1.023858151204282835e-02,-2.538666144654219345e-02
-1.043591987368214929e-02,-2.541918175823534506e-02
-1.063326437058782076e-02,-2.545166481814905776e-02
-1.083061505430316790e-02,-2.548411026883725880e-02
-1.102797197702987814e-02,-2.551651774757443189e-02
-1.122533519163177590e-02,-2.554888688628617274e-02
-1.142270475164192806e-02,-2.558121731147680253e-02
-1.162008071126608560e-02,-2.561350864415681480e-02
-1.181746312539073279e-02,-2.564576049976843505e-02
-1.201485204958647329e-02,-2.567797248810895980e-02
-1.221224754011480257e-02,-2.571014421325487284e-02
-1.240964965393388103e-02,-2.574227527348129860e-02
-1.260705844870275288e-02,-2.577436526118251012e-02
-1.280447398278922871e-02,-2.580641376278982810e-02
-1.300189631527427087e-02,-2.583842035868840967e-02
-1.319932550595848825e-02,-2.587038462313120610e-02
-1.339676161536768745e-02,-2.590230612415319808e-02
-1.359420470475847936e-02,-2.593418442348307748e-02
-1.379165483612482951e-02,-2.596601907645254212e-02
-1.398911207220433078e-02,-2.599780963190459135e-02
-1.418657647648286640e-02,-2.602955563210137754e-02
-1.438404811320199289e-02,-2.606125661262783874e-02
-1.458152704736399158e-02,-2.609291210229510924e-02
-1.477901334473852996e-02,-2.612452162304154321e-02
-1.497650707186810176e-02,-2.615608468983318322e-02
-1.517400829607524343e-02,-2.618760081056034292e-02
-1.537151708546703049e-02,-2.621906948593430084e-02
-1.556903350894246058e-02,-2.625049020937999730e-02
-1.576655763619694978e-02,-2.628186246692989711e-02
-1.596408953773049283e-02,-2.631318573711230110e-02
-1.616162928485154887e-02,-2.634445949084037938e-02
-1.635917694968425790e-02,-2.637568319129809588e-02
-1.655673260517343676e-02,-2.640685629382446761e-02
-1.675429632509140704e-02,-2.643797824579504838e-02
-1.695186818404393475e-02,-2.646904848650296835e-02
-1.714944825747333895e-02,-2.650006644703581035e-02
-1.734703662166898336e-02,-2.653103155015270817e-02
-1.754463335376810901e-02,-2.656194321015694845e-02
-1.774223853176371685e-02,-2.659280083276790649e-02
-1.793985223450995231e-02,-2.662360381499031745e-02
-1.813747454172721235e-02,-2.665435154498204881e-02
-1.833510553400736348e-02,-2.668504340191843113e-02
-1.853274529281790511e-02,-2.671567875585586713e-02
-1.873039390050752068e-02,-2.674625696759094437e-02
-1.892805144031279446e-02,-2.677677738851993658e-02
-1.912571799635876674e-02,-2.680723936049408604e-02
-1.932339365366731593e-02,-2.683764221567372030e-02
-1.952107849815887947e-02,-2.686798527637903819e-02
-1.971877261665761633e-02,-2.689826785493884195e-02
-1.991647609689523729e-02,-2.692848925353810360e-02
-2.011418902751394705e-02,-2.695864876406120145e-02
-2.031191149807082957e-02,-2.698874566793426841e-02
-2.050964359903934692e-02,-2.701877923596432071e-02
-2.070738542181427971e-02,-2.704874872817599959e-02
-2.090513705871217126e-02,-2.707865339364709176e-02
-2.110289860297532433e-02,-2.710849247033933138e-02
-2.130067014877207870e-02,-2.713826518492848047e-02
-2.149845179119919819e-02,-2.716797075263246639e-02
-2.169624362628281428e-02,-2.719760837703491183e-02
-2.189404575097964739e-02,-2.722717724990749918e-02
-2.209185826317639628e-02,-2.725667655103072504e-02
-2.228968126168968250e-02,-2.728610544800999169e-02
-2.248751484626655001e-02,-2.731546309609158771e-02
-2.268535911758213369e-02,-2.734474863797356145e-02
-2.288321417723899326e-02,-2.737396120361714966e-02
-2.308108012776356049e-02,-2.740309991005370968e-02
-2.327895707260525110e-02,-2.743216386118904268e-02
-2.347684511613196828e-02,-2.746115214760699516e-02
-2.367474436362610596e-02,-2.749006384636861963e-02
-2.387265492128077399e-02,-2.751889802080994749e-02
-2.407057689619324786e-02,-2.754765372033815204e-02
-2.426851039636041679e-02,-2.757632998022338175e-02
-2.446645553067073459e-02,-2.760492582138953863e-02
-2.466441240889744729e-02,-2.763344025020289182e-02
-2.486238114168932284e-02,-2.766187225825741600e-02
-2.506036184056260191e-02,-2.769022082215868638e-02
-2.525835461788956265e-02,-2.771848490330422118e-02
-2.545635958688858419e-02,-2.774666344766449008e-02
-2.565437686161132352e-02,-2.777475538555809406e-02
-2.585240655692950390e-02,-2.780275963142744486e-02
-2.605044878852164764e-02,-2.783067508361022555e-02
-2.624850367285675584e-02,-2.785850062411190584e-02
-2.644657132717865428e-02,-2.788623511837265076e-02
-2.664465186948745262e-02,-2.791387741503528405e-02
-2.684274541852216950e-02,-2.794142634570864411e-02
-2.704085209373924964e-02,-2.796888072473260531e-02
-2.723897201529213580e-02,-2.799623934893688201e-02
-2.743710530400662179e-02,-2.802350099740288578e-02
-2.763525208135892558e-02,-2.805066443122003136e-02
-2.783341246944787822e-02,-2.807772839324304201e-02
-2.803158659096944422e-02,-2.810469160784692319e-02
-2.822977456918452505e-02,-2.813155278068016005e-02
-2.842797652789281343e-02,-2.815831059841785930e-02
-2.862619259139632250e-02,-2.818496372851228213e-02
-2.882442288446785544e-02,-2.821151081894387666e-02
-2.902266753231359103e-02,-2.823795049797047860e-02
-2.922092666053589111e-02,-2.826428137387484649e-02
-2.941920039509305501e-02,-2.829050203471347377e-02
-2.961748886225757521e-02,-2.831661104806401305e-02
-2.981579218857200592e-02,-2.834260696077142358e-02
-3.001411050080305537e-02,-2.836848829869489594e-02
-3.021244392589262501e-02,-2.839425356645449913e-02
-3.041079259090807146e-02,-2.841990124717677299e-02
-3.060915662298725054e-02,-2.844542980224248549e-02
-3.080753614928483791e-02,-2.847083767103255822e-02
-3.100593129691420896e-02,-2.849612327067626780e-02
-3.120434219288487770e-02,-2.852128499579844809e-02
-3.140276896404115697e-02,-2.854632121827046717e-02
-3.160121173699471236e-02,-2.857123028695687447e-02
-3.179967063805722721e-02,-2.859601052747065206e-02
-3.199814579316640623e-02,-2.862066024192291488e-02
-3.219663732781314486e-02,-2.864517770867882826e-02
-3.239514536696270347e-02,-2.866956118211396939e-02
-3.259367003497427168e-02,-2.869380889237213225e-02
-3.279221145551531463e-02,-2.871791904512746227e-02
-3.299076975147741814e-02,-2.874188982134625800e-02
-3.318934504488125353e-02,-2.876571937705449042e-02
-3.338793745678570596e-02,-2.878940584310682102e-02
-3.358654710718773223e-02,-2.881294732495983876e-02
-3.378517411492294037e-02,-2.883634190244829462e-02
-3.398381859755900819e-02,-2.885958762956527743e-02
-3.418248067128671491e-02,-2.888268253424749674e-02
-3.438116045080941846e-02,-2.890562461816400738e-02
-3.457985804922270728e-02,-2.892841185651020761e-02
-3.477857357789727183e-02,-2.895104219780783236e-02
-3.497730714635245014e-02,-2.897351356370866590e-02
-3.517605886212799710e-02,-2.899582384880591487e-02
-3.537482883065008049e-02,-2.901797092044952273e-02
-3.557361715509544525e-02,-2.903995261857097651e-02
-3.577242393624775058e-02,-2.906176675551172192e-02
-3.597124927235357400e-02,-2.908341111586134828e-02
-3.617009325897014432e-02,-2.910488345630176873e-02
-3.636895598881040997e-02,-2.912618150545967163e-02
-3.656783755158405508e-02,-2.914730296376796467e-02
-3.676673803383213174e-02,-2.916824550333482410e-02
-3.696565751875797307e-02,-2.918900676782367962e-02
-3.716459608605388737e-02,-2.920958437233919444e-02
-3.736355381172124651e-02,-2.922997590332778936e-02
-3.756253076788741013e-02,-2.925017891848443949e-02
-3.776152702261637711e-02,-2.927019094667273821e-02
-3.796054263971721660e-02,-2.929000948785456457e-02
-3.815957767854333965e-02,-2.930963201303307328e-02
-3.835863219378893990e-02,-2.932905596420562130e-02
-3.855770623528265856e-02,-2.934827875432990604e-02
-3.875679984777136849e-02,-2.936729776730503602e-02
-3.895591307070290360e-02,-2.938611035796220503e-02
-3.915504593800245986e-02,-2.940471385207213059e-02
-3.935419847784316777e-02,-2.942310554636575967e-02
-3.955337071241239039e-02,-2.944128270856940718e-02
-3.975256265767380254e-02,-2.945924257745466054e-02
-3.995177432312275317e-02,-2.947698236290649185e-02
-4.015100571153724235e-02,-2.949449924600302739e-02
-4.035025681872545650e-02,-2.951179037911607836e-02
-4.054952763326625381e-02,-2.952885288602527178e-02
-4.074881813624615240e-02,-2.954568386205349770e-02
-4.094812830099182205e-02,-2.956228037421473540e-02
-4.114745809279669181e-02,-2.957863946138630448e-02
-4.134680746864433792e-02,-2.959475813449521583e-02
-4.154617637692593207e-02,-2.961063337672589432e-02
-4.174556475715485854e-02,-2.962626214374755249e-02
-4.194497253967716804e-02,-2.964164136396032698e-02
-4.214439964537548128e-02,-2.965676793876378600e-02
-4.234384598537194871e-02,-2.967163874284447708e-02
-4.254331146072582587e-02,-2.968625062448656746e-02
-4.274279596212766236e-02,-2.970060040590241299e-02
-4.294229936959004928e-02,-2.971468488358671931e-02
-4.314182155213509146e-02,-2.972850082869246333e-02
-4.334136236747982568e-02,-2.974204498742985189e-02
-4.354092166171619899e-02,-2.975531408148853960e-02
-4.374049926899165747e-02,-2.976830480848255064e-02
-4.394009501118446154e-02,-2.978101384242106894e-02
-4.413970869757933430e-02,-2.979343783420115507e-02
-4.433934012454000123e-02,-2.980557341212572084e-02
-4.453898907518045319e-02,-2.981741718244742753e-02
-4.473865531903387788e-02,-2.982896572993578785e-02
-4.493833861172231298e-02,-2.984021561847024703e-02
-4.513803869462641033e-02,-2.985116339165802199e-02
-4.533775529455075920e-02,-2.986180557347991801e-02
-4.553748812339492719e-02,-2.987213866895884959e-02
-4.573723687781944963e-02,-2.988215916485572818e-02
-4.593700123891737014e-02,-2.989186353039071861e-02
-4.613678087188367166e-02,-2.990124821799325025e-02
-4.633657542568798277e-02,-2.991030966407345545e-02
-4.653638453274967085e-02,-2.991904428982408368e-02
-4.673620780861254681e-02,-2.992744850204656290e-02
-4.693604485162734125e-02,-2.993551869400359541e-02
-4.713589524263240432e-02,-2.994325124629845444e-02
-4.733575854464212168e-02,-2.995064252777881672e-02
-4.753563430253805039e-02,-2.995768889646862818e-02
-4.773552204276399619e-02,-2.996438670052411699e-02
-4.793542127302819617e-02,-2.997073227921650748e-02
-4.813533148201077499e-02,-2.997672196393788221e-02
-4.833525213907708534e-02,-2.998235207923557674e-02
-4.853518269399709900e-02,-2.998761894386844581e-02
-4.873512257667462350e-02,-2.999251887188877572e-02
-4.893507119688279144e-02,-2.999704817374806640e-02
-4.913502794400654433e-02,-3.000120315742690544e-02
-4.933499218679849446e-02,-3.000498012958660241e-02
-4.953496327313928332e-02,-3.000837539674569218e-02
-4.973494052981226182e-02,-3.001138526647675539e-02
-4.993492326228538697e-02,-3.001400604862555430e-02
-5.013491075450755147e-02,-3.001623405655176255e-02
-5.033490226871429468e-02,-3.001806560838812463e-02
