x,y
-3.691588435359427489e-02,-2.251851903560793400e-02
-3.642921857460779123e-02,-2.263322024815318800e-02
-3.594237322385179789e-02,-2.274715686668761505e-02
-3.545534950256884477e-02,-2.286032861008453765e-02
-3.496814861244140760e-02,-2.297273519910354722e-02
-3.448077175558927898e-02,-2.308437635639244701e-02
-3.399322013456651526e-02,-2.319525180648791818e-02
-3.350549495235816133e-02,-2.330536127581601946e-02
-3.301759741237780821e-02,-2.341470449269224263e-02
-3.252952871846387373e-02,-2.352328118732339990e-02
-3.204129007487760417e-02,-2.363109109180679124e-02
-3.155288268629902193e-02,-2.373813394013264688e-02
-3.106430775782503817e-02,-2.384440946818329465e-02
-3.057556649496562251e-02,-2.394991741373427019e-02
-3.008666010364119403e-02,-2.405465751645537165e-02
-2.959758979017995673e-02,-2.415862951791093727e-02
-2.910835676131390271e-02,-2.426183316155984537e-02
-2.861896222417714686e-02,-2.436426819275812339e-02
-2.812940738630220761e-02,-2.446593435875700495e-02
-2.763969345561662072e-02,-2.456683140870520587e-02
-2.714982164044088542e-02,-2.466695909364970130e-02
-2.665979314948513368e-02,-2.476631716653528159e-02
-2.616960919184618817e-02,-2.486490538220549606e-02
-2.567927097700384298e-02,-2.496272349740431828e-02
-2.518877971481892075e-02,-2.505977127077436972e-02
-2.469813661553005302e-02,-2.515604846286075003e-02
-2.420734288975012749e-02,-2.525155483610853901e-02
-2.371639974846417864e-02,-2.534629015486562775e-02
-2.322530840302527988e-02,-2.544025418538188588e-02
-2.273407006515271167e-02,-2.553344669581021631e-02
-2.224268594692796475e-02,-2.562586745620760997e-02
-2.175115726079285272e-02,-2.571751623853497926e-02
-2.125948521954540427e-02,-2.580839281665804619e-02
-2.076767103633747613e-02,-2.589849696634773102e-02
-2.027571592467164452e-02,-2.598782846528137347e-02
-1.978362109839837402e-02,-2.607638709304178903e-02
-1.929138777171252039e-02,-2.616417263112004454e-02
-1.879901715915116567e-02,-2.625118486291379283e-02
-1.830651047558956579e-02,-2.633742357372871601e-02
-1.781386893623931877e-02,-2.642288855077985776e-02
-1.732109375664409034e-02,-2.650757958319034657e-02
-1.682818615267778206e-02,-2.659149646199378270e-02
-1.633514734054120066e-02,-2.667463898013362755e-02
-1.584197853675817225e-02,-2.675700693246392536e-02
-1.534868095817398803e-02,-2.683860011574996929e-02
-1.485525582195124095e-02,-2.691941832866880102e-02
-1.436170434556746645e-02,-2.699946137180943284e-02
-1.386802774681183958e-02,-2.707872904767340272e-02
-1.337422724378239947e-02,-2.715722116067560699e-02
-1.288030405488244101e-02,-2.723493751714485545e-02
-1.238625939881876636e-02,-2.731187792532376035e-02
-1.189209449459729950e-02,-2.738804219536923601e-02
-1.139781056152078254e-02,-2.746343013935399757e-02
-1.090340881918561156e-02,-2.753804157126489571e-02
-1.040889048747911660e-02,-2.761187630700652484e-02
-9.914256786576092217e-03,-2.768493416439872512e-02
-9.419508936935883092e-03,-2.775721496317824777e-02
-8.924648159299691796e-03,-2.782871852499964327e-02
-8.429675674687275855e-03,-2.789944467343498380e-02
-7.934592704394116680e-03,-2.796939323397452937e-02
-7.439400469988310949e-03,-2.803856403402700537e-02
-6.944100193307267688e-03,-2.810695690292071280e-02
-6.448693096455321294e-03,-2.817457167190275114e-02
-5.953180401800151067e-03,-2.824140817414023952e-02
-5.457563331970061160e-03,-2.830746624472114947e-02
-4.961843109850871958e-03,-2.837274572065336120e-02
-4.466020958583283296e-03,-2.843724644086682851e-02
-3.970098101558489079e-03,-2.850096824621152491e-02
-3.474075762417622604e-03,-2.856391097946116286e-02
-2.977955165046037179e-03,-2.862607448531030718e-02
-2.481737533571948696e-03,-2.868745861037665101e-02
-1.985424092363325278e-03,-2.874806320320140440e-02
-1.489016066024196217e-03,-2.880788811424818407e-02
-9.925146793917376427e-04,-2.886693319590545592e-02
-4.959211575339964517e-04,-2.892519830248503621e-02
7.632742538840131888e-07,-2.898268329022364587e-02
4.975373904525234392e-04,-2.903938801728296604e-02
9.943999653213016036e-04,-2.909531234374941600e-02
1.491349772900773651e-03,-2.915045613163570748e-02
1.988385587017027067e-03,-2.920481924487945691e-02
2.485506181283680515e-03,-2.925840154934551685e-02
2.982710329104770308e-03,-2.931120291282458823e-02
3.479996803678747207e-03,-2.936322320503483019e-02
3.977364378000669554e-03,-2.941446229762124942e-02
4.474811824865115861e-03,-2.946492006415653286e-02
4.972337916870350760e-03,-2.951459638014093667e-02
5.469941426420127373e-03,-2.956349112300328541e-02
5.967621125727212705e-03,-2.961160417210063900e-02
6.465375786816468517e-03,-2.965893540871884781e-02
6.963204181527710146e-03,-2.970548471607260821e-02
7.461105081518759619e-03,-2.975125197930618415e-02
7.959077258268665300e-03,-2.979623708549357375e-02
8.457119483080671740e-03,-2.984043992363862030e-02
8.955230527085134007e-03,-2.988386038467501227e-02
9.453409161242598557e-03,-2.992649836146672737e-02
9.951654156346523283e-03,-2.996835374880942038e-02
1.044996428302735758e-02,-3.000942644342864674e-02
1.094833831175390237e-02,-3.004971634398169444e-02
1.144677501283813958e-02,-3.008922335105758405e-02
1.194527315643698073e-02,-3.012794736717629152e-02
1.244383151255570863e-02,-3.016588829679041350e-02
1.294244885105125253e-02,-3.020304604628427925e-02
1.344112394163476942e-02,-3.023942052397461666e-02
1.393985555387525221e-02,-3.027501164011182910e-02
1.443864245720194450e-02,-3.030981930687771941e-02
1.493748342090756021e-02,-3.034384343838782139e-02
1.543637721415172526e-02,-3.037708395069134426e-02
1.593532260596378092e-02,-3.040954076177017351e-02
1.643431836524522627e-02,-3.044121379154081375e-02
1.693336326077390930e-02,-3.047210296185277889e-02
1.743245606120608082e-02,-3.050220819649047954e-02
1.793159553507980841e-02,-3.053152942117205726e-02
1.843078045081816829e-02,-3.056006656355043927e-02
1.893000957673188211e-02,-3.058781955321283885e-02
1.942928168102289743e-02,-3.061478832168175457e-02
1.992859553178663590e-02,-3.064097280241430410e-02
2.042794989701607333e-02,-3.066637293080266835e-02
2.092734354460390467e-02,-3.069098864417486860e-02
2.142677524234573583e-02,-3.071481988179415590e-02
2.192624375794369196e-02,-3.073786658485901102e-02
2.242574785900891543e-02,-3.076012869650408821e-02
2.292528631306439690e-02,-3.078160616180010412e-02
2.342485788754913867e-02,-3.080229892775322720e-02
2.392446134981954242e-02,-3.082220694330602140e-02
2.442409546715373914e-02,-3.084133015933777922e-02
2.492375900675447564e-02,-3.085966852866385557e-02
2.542345073575147385e-02,-3.087722200603572331e-02
2.592316942120492795e-02,-3.089399054814236101e-02
2.642291383010902939e-02,-3.090997411360892067e-02
2.692268272939365992e-02,-3.092517266299750489e-02
2.742247488592913784e-02,-3.093958615880716689e-02
2.792228906652777232e-02,-3.095321456547407701e-02
2.842212403794799891e-02,-3.096605784937168926e-02
2.892197856689654456e-02,-3.097811597881013068e-02
2.942185142003189702e-02,-3.098938892403742262e-02
2.992174136396763551e-02,-3.099987665723875907e-02
3.042164716527506751e-02,-3.100957915253622910e-02
3.092156759048619863e-02,-3.101849638599031567e-02
3.142150140609714648e-02,-3.102662833559861888e-02
3.192144737857111059e-02,-3.103397498129618903e-02
3.242140427434070382e-02,-3.104053630495608174e-02
3.292137085981219902e-02,-3.104631229038863627e-02
3.342134590136780492e-02,-3.105130292334247477e-02
3.392132816536885809e-02,-3.105550819150355857e-02
3.442131641815854293e-02,-3.105892808449590980e-02
3.492130942606580524e-02,-3.106156259388088980e-02
3.542130595540740612e-02,-3.106341171315875338e-02
3.592130477249169673e-02,-3.106447543776648390e-02
3.642130464362147713e-02,-3.106475376507945863e-02
3.692130433509660525e-02,-3.106424669441106012e-02
3.742130261321746643e-02,-3.106295422701267628e-02
3.792129824428808194e-02,-3.106087636607303415e-02
3.842128999461902339e-02,-3.105801311671908815e-02
3.892127663053013276e-02,-3.105436448601579802e-02
3.942125691835440815e-02,-3.104993048296557367e-02
3.992122962443989120e-02,-3.104471111850888587e-02
4.042119351515374714e-02,-3.103870640552432170e-02
4.092114735688492932e-02,-3.103191635882741883e-02
4.142108991604678825e-02,-3.102434099517227539e-02
4.192101995908073531e-02,-3.101598033325027315e-02
4.242093625245937916e-02,-3.100683439369041061e-02
4.292083756268882944e-02,-3.099690319905958058e-02
4.342072265631211070e-02,-3.098618677386184850e-02
4.392059029991254859e-02,-3.097468514453917410e-02
4.442043926011660093e-02,-3.096239833947024567e-02
4.492026830359641121e-02,-3.094932638897197885e-02
4.542007619707369437e-02,-3.093546932529790683e-02
4.591986170732198502e-02,-3.092082718263895746e-02
4.641962360117041220e-02,-3.090539999712334229e-02
4.691936064550583652e-02,-3.088918780681566834e-02
4.741907160727720782e-02,-3.087219065171827037e-02
4.791875525349714726e-02,-3.085440857376993418e-02
4.841841035124588855e-02,-3.083584161684595204e-02
4.891803566767446987e-02,-3.081648982675873338e-02
4.941762997000673230e-02,-3.079635325125675005e-02
4.991719202554356638e-02,-3.077543194002492488e-02
5.041672060166507707e-02,-3.075372594468463172e-02
5.091621446583452504e-02,-3.073123531879308479e-02
5.141567238560010300e-02,-3.070796011784394930e-02
5.191509312859923786e-02,-3.068390039926623125e-02
5.241447546256067236e-02,-3.065905622242494355e-02
5.291381815530846189e-02,-3.063342764862066192e-02
5.341311997476400064e-02,-3.060701474108941389e-02
5.391237968894968535e-02,-3.057981756500240123e-02
5.441159606599163534e-02,-3.055183618746561136e-02
5.491076787412321747e-02,-3.052307067752081660e-02
5.540989388168779395e-02,-3.049352110614357569e-02
5.590897285714119258e-02,-3.046318754624534331e-02
5.640800356905603663e-02,-3.043207007267002828e-02
5.690698478612332689e-02,-3.040016876219782394e-02
5.740591527715666054e-02,-3.036748369354143329e-02
5.790479381109445156e-02,-3.033401494734856707e-02
5.840361915700392759e-02,-3.029976260619966777e-02
5.890239008408273969e-02,-3.026472675460868678e-02
5.940110536166345878e-02,-3.022890747902363950e-02
5.989976375921568508e-02,-3.019230486782505107e-02
6.039836404634915668e-02,-3.015491901132606734e-02
6.089690499281757985e-02,-3.011675000177234385e-02
6.139538536852026662e-02,-3.007779793334221241e-02
6.189380394350682546e-02,-3.003806290214640351e-02
6.239215948797899314e-02,-2.999754500622671405e-02
6.289045077229371561e-02,-2.995624434555722859e-02
6.338867656696700603e-02,-2.991416102204298710e-02
6.388683564267616521e-02,-2.987129513952081761e-02
6.438492677026319555e-02,-2.982764680375794841e-02
6.488294872073785413e-02,-2.978321612245189709e-02
6.538090026528031729e-02,-2.973800320523135865e-02
6.587878017524467777e-02,-2.969200816365465123e-02
6.637658722216194240e-02,-2.964523111120966059e-02
6.687432017774236348e-02,-2.959767216331450623e-02
6.737197781387962991e-02,-2.954933143731609813e-02
6.786955890265294888e-02,-2.950020905249019221e-02
6.836706221633040426e-02,-2.945030513004139039e-02
6.886448652737203746e-02,-2.939961979310275197e-02
6.936183060843278958e-02,-2.934815316673551611e-02
6.985909323236552670e-02,-2.929590537792793603e-02
7.035627317222442612e-02,-2.924287655559677790e-02
7.085336920126703020e-02,-2.918906683058515583e-02
7.135038009295852079e-02,-2.913447633566319805e-02
7.184730462097388415e-02,-2.907910520552749178e-02
7.234414155920138034e-02,-2.902295357680091670e-02
7.284088968174501355e-02,-2.896602158803186777e-02
7.333754776292822353e-02,-2.890830937969475489e-02
7.383411457729668892e-02,-2.884981709418817097e-02
7.433058889962107507e-02,-2.879054487583655730e-02
7.482696950490039245e-02,-2.873049287088759451e-02
7.532325516836477219e-02,-2.866966122751425650e-02
7.581944466547879680e-02,-2.860805009581220137e-02
7.631553677194402585e-02,-2.854565962780082622e-02
7.681153026370257653e-02,-2.848248997742260091e-02
7.730742391693995463e-02,-2.841854130054212446e-02
7.780321650808766365e-02,-2.835381375494645806e-02
7.829890681382695172e-02,-2.828830750034468100e-02
7.879449361109105987e-02,-2.822202269836633637e-02
7.928997567706891347e-02,-2.815495951256309637e-02
7.978535178920789783e-02,-2.808711810840654188e-02
8.028062072521652270e-02,-2.801849865328871758e-02
8.077578126306805828e-02,-2.794910131652107721e-02
8.127083218100292217e-02,-2.787892626933487217e-02
8.176577225753239864e-02,-2.780797368487987475e-02
8.226060027144091458e-02,-2.773624373822454470e-02
8.275531500178964772e-02,-2.766373660635575160e-02
8.324991522791899690e-02,-2.759045246817716512e-02
8.374439972945221800e-02,-2.751639150451025417e-02
8.423876728629797750e-02,-2.744155389809339873e-02
8.473301667865312803e-02,-2.736593983358033555e-02
8.522714668700712148e-02,-2.728954949754171244e-02
8.572115609214264742e-02,-2.721238307846303439e-02
8.621504367514087885e-02,-2.713444076674477456e-02
8.670880821738319311e-02,-2.705572275470170818e-02
8.720244850055480779e-02,-2.697622923656269045e-02
8.769596330664725103e-02,-2.689596040847026803e-02
8.818935141796191424e-02,-2.681491646847956878e-02
8.868261161711249452e-02,-2.673309761655869032e-02
8.917574268702871398e-02,-2.665050405458742333e-02
8.966874341095851242e-02,-2.656713598635730700e-02
9.016161257247176652e-02,-2.648299361757018577e-02
9.065434895546273242e-02,-2.639807715583965264e-02
9.114695134415332078e-02,-2.631238681068832908e-02
9.163941852309609448e-02,-2.622592279354869771e-02
9.213174927717732166e-02,-2.613868531776215864e-02
9.262394239161989007e-02,-2.605067459857841883e-02
9.311599665198599940e-02,-2.596189085315532552e-02
9.360791084418076946e-02,-2.587233430055770056e-02
9.409968375445482147e-02,-2.578200516175783996e-02
9.459131416940749770e-02,-2.569090365963340450e-02
9.508280087598952601e-02,-2.559903001896864094e-02
9.557414266150623949e-02,-2.550638446645255020e-02
9.606533831362068510e-02,-2.541296723067872076e-02
9.655638662035656572e-02,-2.531877854214494017e-02
9.704728637010082148e-02,-2.522381863325263984e-02
9.753803635160723795e-02,-2.512808773830561837e-02
9.802863535399877759e-02,-2.503158609351070762e-02
9.851908216677152108e-02,-2.493431393697571885e-02
9.900937557979644366e-02,-2.483627150871044187e-02
9.949951438332332865e-02,-2.473745905062442463e-02
9.998949736798351529e-02,-2.463787680652791690e-02
1.004793233247927298e-01,-2.453752502212987185e-02
1.009689910451539163e-01,-2.443640394503872326e-02
1.014584993208607622e-01,-2.433451382476055358e-02
1.019478469441001678e-01,-2.423185491269892744e-02
1.024370327074556608e-01,-2.412842746215466960e-02
1.029260554039100051e-01,-2.402423172832453269e-02
1.034149138268482537e-01,-2.391926796830153024e-02
1.039036067700607191e-01,-2.381353644107293832e-02
1.043921330277463866e-01,-2.370703740752073962e-02
1.048804913945150796e-01,-2.359977113042129038e-02
1.053686806653911512e-01,-2.349173787444271133e-02
1.058566996358160650e-01,-2.338293790614677514e-02
1.063445471016515320e-01,-2.327337149398646388e-02
1.068322218591825912e-01,-2.316303890830608003e-02
1.073197227051200242e-01,-2.305194042134019183e-02
1.078070484366040194e-01,-2.294007630721346669e-02
1.082941978512068359e-01,-2.282744684193944995e-02
1.087811697469356909e-01,-2.271405230341962123e-02
1.092679629222358256e-01,-2.259989297144456011e-02
1.097545761759934763e-01,-2.248496912769067102e-02
1.102410083075387875e-01,-2.236928105572096037e-02
1.107272581166489772e-01,-2.225282904098448145e-02
1.112133244035507507e-01,-2.213561337081483560e-02
1.116992059689239786e-01,-2.201763433443028328e-02
1.121849016139042921e-01,-2.189889222293224524e-02
1.126704101400857749e-01,-2.177938732930491395e-02
1.131557303495246830e-01,-2.165911994841486499e-02
1.136408610447411510e-01,-2.153809037700983586e-02
1.141258010287239388e-01,-2.141629891371850392e-02
1.146105491049314307e-01,-2.129374585904904305e-02
1.150951040772963535e-01,-2.117043151538879064e-02
1.155794647502271372e-01,-2.104635618700419208e-02
1.160636299286121331e-01,-2.092152018003785863e-02
1.165475984178218349e-01,-2.079592380251089889e-02
1.170313690237121534e-01,-2.066956736431981023e-02
1.175149405526271368e-01,-2.054245117723625669e-02
1.179983118114020929e-01,-2.041457555490701348e-02
1.184814816073666011e-01,-2.028594081285252371e-02
1.189644487483471208e-01,-2.015654726846606570e-02
1.194472120426703643e-01,-2.002639524101358648e-02
1.199297702991657527e-01,-1.989548505163198089e-02
1.204121223271689550e-01,-1.976381702332936918e-02
1.208942669365240113e-01,-1.963139148098343167e-02
1.213762029375872326e-01,-1.949820875134079812e-02
1.218579291412294346e-01,-1.936426916301704770e-02
1.223394443588388392e-01,-1.922957304649448862e-02
1.228207474023249868e-01,-1.909412073412265765e-02
1.233018370841199585e-01,-1.895791256011626624e-02
1.237827122171831634e-01,-1.882094886055575567e-02
1.242633716150028239e-01,-1.868322997338540958e-02
1.247438140915997640e-01,-1.854475623841274345e-02
1.252240384615297131e-01,-1.840552799730817146e-02
1.257040435398871225e-01,-1.826554559360339669e-02
1.261838281423069141e-01,-1.812480937269091152e-02
1.266633910849684075e-01,-1.798331968182372009e-02
1.271427311845975683e-01,-1.784107687011345089e-02
1.276218472584704500e-01,-1.769808128852980167e-02
1.281007381244157750e-01,-1.755433328990053943e-02
1.285794026008179325e-01,-1.740983322890944651e-02
1.290578395066200035e-01,-1.726458146209582101e-02
1.295360476613263423e-01,-1.711857834785447674e-02
1.300140258850057406e-01,-1.697182424643302323e-02
1.304917729982947028e-01,-1.682431951993286490e-02
1.309692878223997214e-01,-1.667606453230731367e-02
1.314465691791002755e-01,-1.652705964936058980e-02
1.319236158907519663e-01,-1.637730523874793287e-02
1.324004267802897927e-01,-1.622680166997288176e-02
1.328770006712299279e-01,-1.607554931438827384e-02
1.333533363876739652e-01,-1.592354854519435758e-02
1.338294327543108342e-01,-1.577079973743762686e-02
1.343052885964199084e-01,-1.561730326801104470e-02
1.347809027398743364e-01,-1.546305951565142729e-02
1.352562740111433459e-01,-1.530806886094000958e-02
1.357314012372958234e-01,-1.515233168630110601e-02
1.362062832460023409e-01,-1.499584837600044691e-02
1.366809188655388196e-01,-1.483861931614523406e-02
1.371553069247892775e-01,-1.468064489468219776e-02
1.376294462532478835e-01,-1.452192550139781886e-02
1.381033356810233426e-01,-1.436246152791638593e-02
1.385769740388404225e-01,-1.420225336769944009e-02
1.390503601580436732e-01,-1.404130141604455380e-02
1.395234928705998412e-01,-1.387960607008460918e-02
1.399963710091008950e-01,-1.371716772878690989e-02
1.404689934067673007e-01,-1.355398679295212634e-02
1.409413588974499643e-01,-1.339006366521268594e-02
1.414134663156342564e-01,-1.322539875003277306e-02
1.418853144964418722e-01,-1.305999245370644164e-02
1.423569022756343283e-01,-1.289384518435778178e-02
1.428282284896158771e-01,-1.272695735193819962e-02
1.432992919754356720e-01,-1.255932936822691699e-02
1.437700915707915139e-01,-1.239096164682963915e-02
1.442406261140322943e-01,-1.222185460317661183e-02
1.447108944441607148e-01,-1.205200865452284338e-02
1.451808954008362851e-01,-1.188142421994616178e-02
1.456506278243784591e-01,-1.171010172034682613e-02
1.461200905557692720e-01,-1.153804157844624985e-02
1.465892824366561709e-01,-1.136524421878539089e-02
1.470582023093544854e-01,-1.119171006772486272e-02
1.475268490168513413e-01,-1.101743955344260291e-02
1.479952214028073809e-01,-1.084243310593398409e-02
1.484633183115606492e-01,-1.066669115700992661e-02
1.489311385881280925e-01,-1.049021414029628792e-02
1.493986810782099994e-01,-1.031300249123275233e-02
1.498659446281915830e-01,-1.013505664707122118e-02
1.503329280851465333e-01,-9.956377046875257777e-03
1.507996302968397651e-01,-9.776964131519310167e-03
1.512660501117296941e-01,-9.596818343686490740e-03
1.517321863789719005e-01,-9.415940127869186840e-03
1.521980379484215717e-01,-9.234329930366035402e-03
1.526636036706360555e-01,-9.051988199282367045e-03
1.531288823968784685e-01,-8.868915384527819093e-03
1.535938729791196666e-01,-8.685111937816973951e-03
1.540585742700416316e-01,-8.500578312666278238e-03
1.545229851230402185e-01,-8.315314964394042788e-03
1.549871043922275426e-01,-8.129322350119221399e-03
1.554509309324355881e-01,-7.942600928760161841e-03
1.559144635992187611e-01,-7.755151161033329091e-03
1.563777012488558327e-01,-7.566973509452417160e-03
1.568406427383541857e-01,-7.378068438327100090e-03
1.573032869254515353e-01,-7.188436413761838464e-03
1.577656326686197041e-01,-6.998077903654991230e-03
1.582276788270663426e-01,-6.806993377696706274e-03
1.586894242607382044e-01,-6.615183307369586554e-03
1.591508678303247271e-01,-6.422648165945803525e-03
1.596120083972595860e-01,-6.229388428486625287e-03
1.600728448237243862e-01,-6.035404571841250856e-03
1.605333759726508269e-01,-5.840697074645477896e-03
1.609936007077243658e-01,-5.645266417320786781e-03
1.614535178933860504e-01,-5.449113082072897310e-03
1.619131263948359045e-01,-5.252237552890825015e-03
1.623724250780358425e-01,-5.054640315544966025e-03
1.628314128097117230e-01,-4.856321857587235849e-03
1.632900884573572631e-01,-4.657282668348543611e-03
1.637484508892357027e-01,-4.457523238938292456e-03
1.642064989743834136e-01,-4.257044062243213814e-03
1.646642315826120917e-01,-4.055845632925396752e-03
1.651216475845122822e-01,-3.853928447422204709e-03
1.655787458514552668e-01,-3.651293003944304852e-03
1.660355252555966443e-01,-3.447939802474224782e-03
1.664919846698785511e-01,-3.243869344766019472e-03
1.669481229680327139e-01,-3.039082134343134081e-03
1.674039390245833647e-01,-2.833578676497682317e-03
1.678594317148495441e-01,-2.627359478289030895e-03
1.683145999149484873e-01,-2.420425048542550542e-03
1.687694425017979005e-01,-2.212775897848283727e-03
1.692239583531186808e-01,-2.004412538560111992e-03
1.696781463474384966e-01,-1.795335484793757555e-03
1.701320053640933139e-01,-1.585545252425950638e-03
1.705855342832312549e-01,-1.375042359093458025e-03
1.710387319858147348e-01,-1.163827324191001392e-03
1.714915973536236538e-01,-9.519006688709519964e-04
1.719441292692575063e-01,-7.392629160409992101e-04
1.723963266161388508e-01,-5.259145903638452052e-04
1.728481882785157797e-01,-3.118562182552065548e-04
1.732997131414645564e-01,-9.708832788292605376e-05
1.737509000908921686e-01,1.183885508347203713e-04
1.742017480135400198e-01,3.345738862298285737e-04
1.746522557969856504e-01,5.514671448867535658e-04
1.751024223296457349e-01,7.690677916427478972e-04
1.755522465007791633e-01,9.873752895898767895e-04
1.760017272004894828e-01,1.206389100076211626e-03
1.764508633197277021e-01,1.426108682706829153e-03
1.768996537502953437e-01,1.646533495345560080e-03
1.773480973848463316e-01,1.867662994116016037e-03
1.777961931168907661e-01,2.089496633403227152e-03
1.782439398407968389e-01,2.312033865854669010e-03
1.786913364517941638e-01,2.535274142381872473e-03
1.791383818459759969e-01,2.759216912161672683e-03
1.795850749203022623e-01,2.983861622637624597e-03
1.800314145726021331e-01,3.209207719521085453e-03
1.804773997015770848e-01,3.435254646792880104e-03
1.809230292068028934e-01,3.662001846705049621e-03
1.813683019887332992e-01,3.889448759781017825e-03
1.818132169487018113e-01,4.117594824818366847e-03
1.822577729889250375e-01,4.346439478889308969e-03
1.827019690125051554e-01,4.575982157342351961e-03
1.831458039234326596e-01,4.806222293803881149e-03
1.835892766265890541e-01,5.037159320179186370e-03
1.840323860277493229e-01,5.268792666654016285e-03
1.844751310335852879e-01,5.501121761696188203e-03
1.849175105516674134e-01,5.734146032056753814e-03
1.853595234904686639e-01,5.967864902771497990e-03
1.858011687593656702e-01,6.202277797162548609e-03
1.862424452686427256e-01,6.437384136839014934e-03
1.866833519294938959e-01,6.673183341699624391e-03
1.871238876540259333e-01,6.909674829932972370e-03
1.875640513552605249e-01,7.146858018020325540e-03
1.880038419471376787e-01,7.384732320735261021e-03
1.884432583445177778e-01,7.623297151146941550e-03
1.888822994631845220e-01,7.862551920620170984e-03
1.893209642198475651e-01,8.102496038817614751e-03
1.897592515321453455e-01,8.343128913700965585e-03
1.901971603186472792e-01,8.584449951532636611e-03
1.906346894988572016e-01,8.826458556876954839e-03
1.910718379932151711e-01,9.069154132601687721e-03
1.915086047231008837e-01,9.312536079879541948e-03
1.919449886108357262e-01,9.556603798189912055e-03
1.923809885796858576e-01,9.801356685319935133e-03
1.928166035538647627e-01,1.004679413736612840e-02
1.932518324585357494e-01,1.029291554873597130e-02
1.936866742198148084e-01,1.053972031214945974e-02
1.941211277647731104e-01,1.078720781864032745e-02
1.945551920214394492e-01,1.103537745755762793e-02
1.949888659188038775e-01,1.128422861656751090e-02
1.954221483868189280e-01,1.153376068165455452e-02
1.958550383564032493e-01,1.178397303712318094e-02
1.962875347594437714e-01,1.203486506559932161e-02
1.967196365287985360e-01,1.228643614803169408e-02
1.971513425982996393e-01,1.253868566369382813e-02
1.975826519027551742e-01,1.279161299018481517e-02
1.980135633779522841e-01,1.304521750343202828e-02
1.984440759606595772e-01,1.329949857769120551e-02
1.988741885886302907e-01,1.355445558554925316e-02
1.993039002006043725e-01,1.381008789792496742e-02
1.997332097363106185e-01,1.406639488407114384e-02
2.001621161364710022e-01,1.432337591157582628e-02
2.005906183428011469e-01,1.458103034636388899e-02
2.010187152980149328e-01,1.483935755269831340e-02
2.014464059458253575e-01,1.509835689318263056e-02
2.018736892309483388e-01,1.535802772876183712e-02
2.023005640991047682e-01,1.561836941872369981e-02
2.027270294970233977e-01,1.587938132070117192e-02
2.031530843724433377e-01,1.614106279067324679e-02
2.035787276741164997e-01,1.640341318296691109e-02
2.040039583518101496e-01,1.666643185025855345e-02
2.044287753563101828e-01,1.693011814357593681e-02
2.048531776394227066e-01,1.719447141229939191e-02
2.052771641539772873e-01,1.745949100416326061e-02
2.057007338538291707e-01,1.772517626525817180e-02
2.061238856938625852e-01,1.799152654003223495e-02
2.065466186299922402e-01,1.825854117129248333e-02
2.069689316191666295e-01,1.852621950020687247e-02
2.073908236193702792e-01,1.879456086630600098e-02
2.078122935896270784e-01,1.906356460748391546e-02
2.082333404900012785e-01,1.933323006000049749e-02
2.086539632816017675e-01,1.960355655848357304e-02
2.090741609265834577e-01,1.987454343592874595e-02
2.094939323881506166e-01,2.014619002370342249e-02
2.099132766305588926e-01,2.041849565154622848e-02
2.103321926191177860e-01,2.069145964757031220e-02
2.107506793201940065e-01,2.096508133826406606e-02
2.111687357012133337e-01,2.123936004849331927e-02
2.115863607306628091e-01,2.151429510150239255e-02
2.120035533780944004e-01,2.178988581891654064e-02
2.124203126141267772e-01,2.206613152074292372e-02
2.128366374104478376e-01,2.234303152537285564e-02
2.132525267398175661e-01,2.262058514958310840e-02
2.136679795760703660e-01,2.289879170853763302e-02
2.140829948941177230e-01,2.317765051578925262e-02
2.144975716699505375e-01,2.345716088328179960e-02
2.149117088806418996e-01,2.373732212135130915e-02
2.153254055043493931e-01,2.401813353872749024e-02
2.157386605203175378e-01,2.429959444253636247e-02
2.161514729088810649e-01,2.458170413830097767e-02
2.165638416514661657e-01,2.486446192994358484e-02
2.169757657305937948e-01,2.514786711978779510e-02
2.173872441298825564e-01,2.543191900855919230e-02
2.177982758340502312e-01,2.571661689538802531e-02
2.182088598289170511e-01,2.600196007781056806e-02
2.186189951014076704e-01,2.628794785177089588e-02
2.190286806395544128e-01,2.657457951162260634e-02
2.194379154324984371e-01,2.686185435013051237e-02
2.198466984704941229e-01,2.714977165847266838e-02
2.202550287449095145e-01,2.743833072624161928e-02
2.206629052482302622e-01,2.772753084144659319e-02
2.210703269740619814e-01,2.801737129051494468e-02
2.214772929171317795e-01,2.830785135829423649e-02
2.218838020732917526e-01,2.859897032805387707e-02
2.222898534395209569e-01,2.889072748148667491e-02
2.226954460139279890e-01,2.918312209871097573e-02
2.231005787957535402e-01,2.947615345827180044e-02
2.235052507853727832e-01,2.976982083714356520e-02
2.239094609842976202e-01,3.006412351073146916e-02
2.243132083951796807e-01,3.035906075287252148e-02
2.247164920218125139e-01,3.065463183583856666e-02
2.251193108691336431e-01,3.095083603033756126e-02
2.255216639432276737e-01,3.124767260551465642e-02
2.259235502513283478e-01,3.154514082895550076e-02
2.263249688018211248e-01,3.184323996668646239e-02
2.267259186042459296e-01,3.214196928317795965e-02
2.271263986692985404e-01,3.244132804134479409e-02
2.275264080088346685e-01,3.274131550254906486e-02
2.279259456358705693e-01,3.304193092660155651e-02
2.283250105645871775e-01,3.334317357176354302e-02
2.287236018103313284e-01,3.364504269474898057e-02
2.291217183896188669e-01,3.394753755072525692e-02
2.295193593201365900e-01,3.425065739331707715e-02
2.299165236207449392e-01,3.455440147460604738e-02
2.303132103114807760e-01,3.485876904513370012e-02
2.307094184135587978e-01,3.516375935390343710e-02
2.311051469493753951e-01,3.546937164838194489e-02
2.315003949425090690e-01,3.577560517450147082e-02
2.318951614177251486e-01,3.608245917666090541e-02
2.322894454009761800e-01,3.638993289772872453e-02
2.326832459194063674e-01,3.669802557904401630e-02
2.330765620013513229e-01,3.700673646041889586e-02
2.334693926763431460e-01,3.731606478013967110e-02
2.338617369751111730e-01,3.762600977496961818e-02
2.342535939295847247e-01,3.793657068015023059e-02
2.346449625728956045e-01,3.824774672940327302e-02
2.350358419393806519e-01,3.855953715493291856e-02
2.354262310645841849e-01,3.887194118742727522e-02
2.358161289852594156e-01,3.918495805606032889e-02
2.362055347393722804e-01,3.949858698849416372e-02
2.365944473661028835e-01,3.981282721088046095e-02
2.369828659058476616e-01,4.012767794786291364e-02
2.373707894002225760e-01,4.044313842257850344e-02
2.377582168920649996e-01,4.075920785665977653e-02
2.381451474254362155e-01,4.107588547023700853e-02
2.385315800456233037e-01,4.139317048193948134e-02
2.389175137991425280e-01,4.171106210889811983e-02
2.393029477337403899e-01,4.202955956674690741e-02
2.396878808983973486e-01,4.234866206962496771e-02
2.400723123433289030e-01,4.266836883017859072e-02
2.404562411199886451e-01,4.298867905956317570e-02
2.408396662810703137e-01,4.330959196744514628e-02
2.412225868805108198e-01,4.363110676200367133e-02
2.416050019734912457e-01,4.395322264993294092e-02
2.419869106164408423e-01,4.427593883644416473e-02
2.423683118670374725e-01,4.459925452526704304e-02
2.427492047842118861e-01,4.492316891865237583e-02
2.431295884281484410e-01,4.524768121737370030e-02
2.435094618602884342e-01,4.557279062072898401e-02
2.438888241433316839e-01,4.589849632654320610e-02
2.442676743412398876e-01,4.622479753116980061e-02
2.446460115192375107e-01,4.655169342949309896e-02
2.450238347438150610e-01,4.687918321493002305e-02
2.454011430827320039e-01,4.720726607943177833e-02
2.457779356050167341e-01,4.753594121348685142e-02
2.461542113809714882e-01,4.786520780612189829e-02
2.465299694821730669e-01,4.819506504490429777e-02
2.469052089814758877e-01,4.852551211594414993e-02
2.472799289530137612e-01,4.885654820389610797e-02
2.476541284722022229e-01,4.918817249196154318e-02
2.480278066157412253e-01,4.952038416189054326e-02
2.484009624616172474e-01,4.985318239398377205e-02
2.487735950891051817e-01,5.018656636709468988e-02
2.491457035787712215e-01,5.052053525863149652e-02
2.495172870124745534e-01,5.085508824455910182e-02
2.498883444733697445e-01,5.119022449940145714e-02
2.502588750459098232e-01,5.152594319624302643e-02
2.506288778158473063e-01,5.186224350673117323e-02
2.509983518702368910e-01,5.219912460107860308e-02
2.513672962974384806e-01,5.253658564806436282e-02
2.517357101871178227e-01,5.287462581503708792e-02
2.521035926302510610e-01,5.321324426791633477e-02
2.524709427191240696e-01,5.355244017119449584e-02
2.528377595473376704e-01,5.389221268793951969e-02
2.532040422098069676e-01,5.423256097979668733e-02
2.535697898027667319e-01,5.457348420699005553e-02
2.539350014237709563e-01,5.491498152832567647e-02
2.542996761716958543e-01,5.525705210119284672e-02
2.546638131467430233e-01,5.559969508156641094e-02
2.550274114504406664e-01,5.594290962400876033e-02
2.553904701856461457e-01,5.628669488167227508e-02
2.557529884565483691e-01,5.663105000630104524e-02
2.561149653686689565e-01,5.697597414823284134e-02
2.564764000288661805e-01,5.732146645640180671e-02
2.568372915453357996e-01,5.766752607834001176e-02
2.571976390276143332e-01,5.801415216017956344e-02
2.575574415865796163e-01,5.836134384665529751e-02
2.579166983344549635e-01,5.870910028110591650e-02
2.582754083848098903e-01,5.905742060547737593e-02
2.586335708525629440e-01,5.940630396032368921e-02
2.589911848539838690e-01,5.975574948480984194e-02
2.593482495066959936e-01,6.010575631671379038e-02
2.597047639296776178e-01,6.045632359242832099e-02
2.600607272432643446e-01,6.080745044696390933e-02
2.604161385691529107e-01,6.115913601394974697e-02
2.607709970304007419e-01,6.151137942563640604e-02
2.611253017514297836e-01,6.186417981289861479e-02
2.614790518580283329e-01,6.221753630523636780e-02
2.618322464773535918e-01,6.257144803077759054e-02
2.621848847379323888e-01,6.292591411628035980e-02
2.625369657696652870e-01,6.328093368713492983e-02
2.628884887038273055e-01,6.363650586736550874e-02
2.632394526730703621e-01,6.399262977963333932e-02
2.635898568114258267e-01,6.434930454523817012e-02
2.639397002543062420e-01,6.470652928412014282e-02
2.642889821385080440e-01,6.506430311486287310e-02
2.646377016022123940e-01,6.542262515469511597e-02
2.649858577849890651e-01,6.578149451949276416e-02
2.653334498277969411e-01,6.614091032378126289e-02
2.656804768729875699e-01,6.650087168073805233e-02
2.660269380643059955e-01,6.686137770219392762e-02
2.663728325468939229e-01,6.722242749863645284e-02
2.667181594672906608e-01,6.758402017921101568e-02
2.670629179734366754e-01,6.794615485172340874e-02
2.674071072146745331e-01,6.830883062264279937e-02
2.677507263417514549e-01,6.867204659710236803e-02
2.680937745068216471e-01,6.903580187890302755e-02
2.684362508634476896e-01,6.940009557051456113e-02
2.687781545666030891e-01,6.976492677307875867e-02
2.691194847726746109e-01,7.013029458641072134e-02
2.694602406394637772e-01,7.049619810900177586e-02
2.698004213261896989e-01,7.086263643802125090e-02
2.701400259934898518e-01,7.122960866931914159e-02
2.704790538034238523e-01,7.159711389742771936e-02
2.708175039194739564e-01,7.196515121556464056e-02
2.711553755065485016e-01,7.233371971563433422e-02
2.714926677309826841e-01,7.270281848823044457e-02
2.718293797605417228e-01,7.307244662263871759e-02
2.721655107644219140e-01,7.344260320683841659e-02
2.725010599132534628e-01,7.381328732750479238e-02
2.728360263791020923e-01,7.418449807001183116e-02
2.731704093354714313e-01,7.455623451843383653e-02
2.735042079573052343e-01,7.492849575554806629e-02
2.738374214209878810e-01,7.530128086283692512e-02
2.741700489043487621e-01,7.567458892049024055e-02
2.745020895866622790e-01,7.604841900740748339e-02
2.748335426486511746e-01,7.642277020120004372e-02
2.751644072724881429e-01,7.679764157819372883e-02
2.754946826417976058e-01,7.717303221343053965e-02
2.758243679416574889e-01,7.754894118067119646e-02
2.761534623586023862e-01,7.792536755239805324e-02
2.764819650806246143e-01,7.830231039981631891e-02
2.768098752971765997e-01,7.867976879285694392e-02
2.771371921991717668e-01,7.905774180017884067e-02
2.774639149789888126e-01,7.943622848917129831e-02
2.777900428304713176e-01,7.981522792595609206e-02
2.781155749489317985e-01,8.019473917538948171e-02
2.784405105311517081e-01,8.057476130106551448e-02
2.787648487753847659e-01,8.095529336531707976e-02
2.790885888813584570e-01,8.133633442921948953e-02
2.794117300502768075e-01,8.171788355259147762e-02
2.797342714848207179e-01,8.209993979399861364e-02
2.800562123891511823e-01,8.248250221075532906e-02
2.803775519689111206e-01,8.286556985892633287e-02
2.806982894312274324e-01,8.324914179333088582e-02
2.810184239847118848e-01,8.363321706754302254e-02
2.813379548394644436e-01,8.401779473389535402e-02
2.816568812070741612e-01,8.440287384348067745e-02
2.819752023006225072e-01,8.478845344615444646e-02
2.822929173346833132e-01,8.517453259053738013e-02
2.826100255253267135e-01,8.556111032401771122e-02
2.829265260901193679e-01,8.594818569275304576e-02
2.832424182481280694e-01,8.633575774167358274e-02
2.835577012199199110e-01,8.672382551448391819e-02
2.838723742275656159e-01,8.711238805366512683e-02
2.841864364946412036e-01,8.750144440047784300e-02
2.844998872462284334e-01,8.789099359496428676e-02
2.848127257089195785e-01,8.828103467595070641e-02
2.851249511108160384e-01,8.867156668104915485e-02
2.854365626815336676e-01,8.906258864666093122e-02
2.857475596522007222e-01,8.945409960797830184e-02
2.860579412554641876e-01,8.984609859898660955e-02
2.863677067254874475e-01,9.023858465246749339e-02
2.866768552979555018e-01,9.063155680000049841e-02
2.869853862100750774e-01,9.102501407196607330e-02
2.872932987005761829e-01,9.141895549754754102e-02
2.876005920097159940e-01,9.181338010473348576e-02
2.879072653792783543e-01,9.220828692032038976e-02
2.882133180525777161e-01,9.260367496991502023e-02
2.885187492744588633e-01,9.299954327793651110e-02
2.888235582913014077e-01,9.339589086761938830e-02
2.891277443510187894e-01,9.379271676101517963e-02
2.894313067030623854e-01,9.419001997899555112e-02
2.897342445984224524e-01,9.458779954125430545e-02
2.900365572896292377e-01,9.498605446630987992e-02
2.903382440307569201e-01,9.538478377150778897e-02
2.906393040774230552e-01,9.578398647302323321e-02
2.909397366867919610e-01,9.618366158586312553e-02
2.912395411175761062e-01,9.658380812386886671e-02
2.915387166300379418e-01,9.698442509971873238e-02
2.918372624859912889e-01,9.738551152493009344e-02
2.921351779488042810e-01,9.778706640986205290e-02
2.924324622834001963e-01,9.818908876371788830e-02
2.927291147562589568e-01,9.859157759454738323e-02
2.930251346354210695e-01,9.899453190924926982e-02
2.933205211904854615e-01,9.939795071357405976e-02
2.936152736926163076e-01,9.980183301212576519e-02
2.939093914145407549e-01,1.002061778083649518e-01
2.942028736305526415e-01,1.006109841046112646e-01
2.944957196165137736e-01,1.010162509020451210e-01
2.947879286498554796e-01,1.014219772007111248e-01
2.950795000095814968e-01,1.018281619995200088e-01
2.953704329762683045e-01,1.022348042962509945e-01
2.956607268320674553e-01,1.026419030875548172e-01
2.959503808607081843e-01,1.030494573689555576e-01
2.962393943474974645e-01,1.034574661348536401e-01
2.965277665793236705e-01,1.038659283785278581e-01
2.968154968446566344e-01,1.042748430921384278e-01
2.971025844335509203e-01,1.046842092667286256e-01
2.973890286376461578e-01,1.050940258922284792e-01
2.976748287501700396e-01,1.055042919574559895e-01
2.979599840659386545e-01,1.059150064501204885e-01
2.982444938813602620e-01,1.063261683568247490e-01
2.985283574944346263e-01,1.067377766630676211e-01
2.988115742047567913e-01,1.071498303532465862e-01
2.990941433135174687e-01,1.075623284106601157e-01
2.993760641235055919e-01,1.079752698175103914e-01
2.996573359391100366e-01,1.083886535549051927e-01
2.999379580663198430e-01,1.088024786028614493e-01
3.002179298127279350e-01,1.092167439403070733e-01
3.004972504875321748e-01,1.096314485450833737e-01
3.007759194015366955e-01,1.100465913939481927e-01
3.010539358671530108e-01,1.104621714625774326e-01
3.013312991984036238e-01,1.108781877255689136e-01
3.016080087109218599e-01,1.112946391564438170e-01
3.018840637219546430e-01,1.117115247276495166e-01
3.021594635503637161e-01,1.121288434105623538e-01
3.024342075166270849e-01,1.125465941754899141e-01
3.027082949428417380e-01,1.129647759916737743e-01
3.029817251527240352e-01,1.133833878272919454e-01
3.032544974716118724e-01,1.138024286494613152e-01
3.035266112264670135e-01,1.142218974242401736e-01
3.037980657458754230e-01,1.146417931166312104e-01
3.040688603600505413e-01,1.150621146905832365e-01
3.043389944008332293e-01,1.154828611089949858e-01
3.046084672016947104e-01,1.159040313337159761e-01
3.048772780977376251e-01,1.163256243255510886e-01
3.051454264256979187e-01,1.167476390442612338e-01
3.054129115239460068e-01,1.171700744485670159e-01
3.056797327324893843e-01,1.175929294961510080e-01
3.059458893929726253e-01,1.180162031436606668e-01
3.062113808486810473e-01,1.184398943467103588e-01
3.064762064445410994e-01,1.188640020598838026e-01
3.067403655271218055e-01,1.192885252367375942e-01
3.070038574446361523e-01,1.197134628298029829e-01
3.072666815469450308e-01,1.201388137905887582e-01
3.075288371855556813e-01,1.205645770695837754e-01
3.077903237136251358e-01,1.209907516162590929e-01
3.080511404859613278e-01,1.214173363790717469e-01
3.083112868590250355e-01,1.218443303054661947e-01
3.085707621909306031e-01,1.222717323418772567e-01
3.088295658414482725e-01,1.226995414337328366e-01
3.090876971720066813e-01,1.231277565254568634e-01
3.093451555456916413e-01,1.235563765604706238e-01
3.096019403272503578e-01,1.239854004811972860e-01
3.098580508830919844e-01,1.244148272290627882e-01
3.101134865812890662e-01,1.248446557444992527e-01
3.103682467915797050e-01,1.252748849669477471e-01
3.106223308853679477e-01,1.257055138348601719e-01
3.108757382357270060e-01,1.261365412857026469e-01
3.111284682173992566e-01,1.265679662559579255e-01
3.113805202067983502e-01,1.269997876811277682e-01
3.116318935820115987e-01,1.274320044957357179e-01
3.118825877227995313e-01,1.278646156333297645e-01
3.121326020105999466e-01,1.282976200264846212e-01
3.123819358285267467e-01,1.287310166068054151e-01
3.126305885613742674e-01,1.291648043049290762e-01
3.128785595956160015e-01,1.295989820505274170e-01
3.131258483194081510e-01,1.300335487723101313e-01
3.133724541225908489e-01,1.304685033980269582e-01
3.136183763966885474e-01,1.309038448544706523e-01
3.138636145349119611e-01,1.313395720674794820e-01
3.141081679321612308e-01,1.317756839619397546e-01
3.143520359850244250e-01,1.322121794617888701e-01
3.145952180917818142e-01,1.326490574900173469e-01
3.148377136524056485e-01,1.330863169686723746e-01
3.150795220685617681e-01,1.335239568188593962e-01
3.153206427436126558e-01,1.339619759607457439e-01
3.155610750826164934e-01,1.344003733135627765e-01
3.158008184923307149e-01,1.348391477956083773e-01
3.160398723812122279e-01,1.352782983242502568e-01
3.162782361594191904e-01,1.357178238159282013e-01
3.165159092388128426e-01,1.361577231861565151e-01
3.167528910329585612e-01,1.365979953495275179e-01
3.169891809571266927e-01,1.370386392197134040e-01
3.172247784282961058e-01,1.374796537094690463e-01
3.174596828651530256e-01,1.379210377306351598e-01
3.176938936880943087e-01,1.383627901941403282e-01
3.179274103192281098e-01,1.388049100100045841e-01
3.181602321823747692e-01,1.392473960873409911e-01
3.183923587030703661e-01,1.396902473343593076e-01
3.186237893085649420e-01,1.401334626583679022e-01
3.188545234278273854e-01,1.405770409657773057e-01
3.190845604915434341e-01,1.410209811621018494e-01
3.193138999321197824e-01,1.414652821519634396e-01
3.195425411836837482e-01,1.419099428390935835e-01
3.197704836820867147e-01,1.423549621263359155e-01
3.199977268649021322e-01,1.428003389156498881e-01
3.202242701714310691e-01,1.432460721081123822e-01
3.204501130426997690e-01,1.436921606039211763e-01
3.206752549214634818e-01,1.441386033023971114e-01
3.208996952522071844e-01,1.445853991019873941e-01
3.211234334811466362e-01,1.450325469002676504e-01
3.213464690562296000e-01,1.454800455939452564e-01
3.215688014271386175e-01,1.459278940788614476e-01
3.217904300452904542e-01,1.463760912499950106e-01
3.220113543638381537e-01,1.468246360014635599e-01
3.222315738376733130e-01,1.472735272265276174e-01
3.224510879234260274e-01,1.477227638175928892e-01
3.226698960794672777e-01,1.481723446662125687e-01
3.228879977659097067e-01,1.486222686630908341e-01
3.231053924446088965e-01,1.490725346980845689e-01
3.233220795791653668e-01,1.495231416602074981e-01
3.235380586349251297e-01,1.499740884376312977e-01
3.237533290789809115e-01,1.504253739176900362e-01
3.239678903801747611e-01,1.508769969868813954e-01
3.241817420090976065e-01,1.513289565308704454e-01
3.243948834380923074e-01,1.517812514344918373e-01
3.246073141412531005e-01,1.522338805817530782e-01
3.248190335944286522e-01,1.526868428558365853e-01
3.250300412752221701e-01,1.531401371391029886e-01
3.252403366629931791e-01,1.535937623130937679e-01
3.254499192388583539e-01,1.540477172585336396e-01
3.256587884856941839e-01,1.545020008553343593e-01
3.258669438881359737e-01,1.549566119825958876e-01
3.260743849325815069e-01,1.554115495186106366e-01
3.262811111071902137e-01,1.558668123408656070e-01
3.264871219018859461e-01,1.563223993260447753e-01
3.266924168083573665e-01,1.567783093500325908e-01
3.268969953200600576e-01,1.572345412879165849e-01
3.271008569322166881e-01,1.576910940139895356e-01
3.273040011418191231e-01,1.581479664017532705e-01
3.275064274476288118e-01,1.586051573239203594e-01
3.277081353501793970e-01,1.590626656524176952e-01
3.279091243517766041e-01,1.595204902583890194e-01
3.281093939564998507e-01,1.599786300121977811e-01
3.283089436702039676e-01,1.604370837834291630e-01
3.285077730005198648e-01,1.608958504408946610e-01
3.287058814568558640e-01,1.613549288526328340e-01
3.289032685503991971e-01,1.618143178859132170e-01
3.290999337941165614e-01,1.622740164072392355e-01
3.292958767027562850e-01,1.627340232823506205e-01
3.294910967928484924e-01,1.631943373762258509e-01
3.296855935827071593e-01,1.636549575530858447e-01
3.298793665924308338e-01,1.641158826763959022e-01
3.300724153439035802e-01,1.645771116088692587e-01
3.302647393607972548e-01,1.650386432124694991e-01
3.304563381685712842e-01,1.655004763484129449e-01
3.306472112944746078e-01,1.659626098771725122e-01
3.308373582675467883e-01,1.664250426584794607e-01
3.310267786186189554e-01,1.668877735513269456e-01
3.312154718803150266e-01,1.673508014139727662e-01
3.314034375870537064e-01,1.678141251039411974e-01
3.315906752750480413e-01,1.682777434780275139e-01
3.317771844823072525e-01,1.687416553922992946e-01
3.319629647486392887e-01,1.692058597020999200e-01
3.321480156156488284e-01,1.696703552620516531e-01
3.323323366267421641e-01,1.701351409260575542e-01
3.325159273271247606e-01,1.706002155473052284e-01
3.326987872638053068e-01,1.710655779782695729e-01
3.328809159855947719e-01,1.715312270707148590e-01
3.330623130431089041e-01,1.719971616756984789e-01
3.332429779887683408e-01,1.724633806435724726e-01
3.334229103768003299e-01,1.729298828239883845e-01
3.336021097632395627e-01,1.733966670658985965e-01
3.337805757059292833e-01,1.738637322175590749e-01
3.339583077645228437e-01,1.743310771265332015e-01
3.341353055004838146e-01,1.747987006396936327e-01
3.343115684770877061e-01,1.752666016032260188e-01
3.344870962594235775e-01,1.757347788626310858e-01
3.346618884143938710e-01,1.762032312627282715e-01
3.348359445107159105e-01,1.766719576476576126e-01
3.350092641189241771e-01,1.771409568608831864e-01
3.351818468113694216e-01,1.776102277451964973e-01
3.353536921622212730e-01,1.780797691427178919e-01
3.355247997474682387e-01,1.785495798949009449e-01
3.356951691449192587e-01,1.790196588425341795e-01
3.358647999342049828e-01,1.794900048257447034e-01
3.360336916967783805e-01,1.799606166840000132e-01
3.362018440159156296e-01,1.804314932561127682e-01
3.363692564767174487e-01,1.809026333802415676e-01
3.365359286661104843e-01,1.813740358938947528e-01
3.367018601728477001e-01,1.818456996339340714e-01
3.368670505875095422e-01,1.823176234365756487e-01
3.370314995025049942e-01,1.827898061373946226e-01
3.371952065120725761e-01,1.832622465713269200e-01
3.373581712122819543e-01,1.837349435726729763e-01
3.375203932010335528e-01,1.842078959750997613e-01
3.376818720780609406e-01,1.846811026116442489e-01
3.378426074449309979e-01,1.851545623147160535e-01
3.380025989050449708e-01,1.856282739161007889e-01
3.381618460636401924e-01,1.861022362469620106e-01
3.383203485277899714e-01,1.865764481378441864e-01
3.384781059064049247e-01,1.870509084186773863e-01
3.386351178102347537e-01,1.875256159187778104e-01
3.387913838518684662e-01,1.880005694668516469e-01
3.389469036457346540e-01,1.884757678909985690e-01
3.391016768081038246e-01,1.889512100187133725e-01
3.392557029570885674e-01,1.894268946768901951e-01
3.394089817126447195e-01,1.899028206918241812e-01
3.395615126965721431e-01,1.903789868892153958e-01
3.397132955325159465e-01,1.908553920941707394e-01
3.398643298459667617e-01,1.913320351312083334e-01
3.400146152642626873e-01,1.918089148242581310e-01
3.401641514165893443e-01,1.922860299966676068e-01
3.403129379339811522e-01,1.927633794712017845e-01
3.404609744493223289e-01,1.932409620700488995e-01
3.406082605973469457e-01,1.937187766148211476e-01
3.407547960146416477e-01,1.941968219265585160e-01
3.409005803396444878e-01,1.946750968257317527e-01
3.410456132126474804e-01,1.951536001322453084e-01
3.411898942757962128e-01,1.956323306654394745e-01
3.413334231730913992e-01,1.961112872440946009e-01
3.414761995503899916e-01,1.965904686864330120e-01
3.416182230554052346e-01,1.970698738101215042e-01
3.417594933377084976e-01,1.975495014322762866e-01
3.419000100487292748e-01,1.980293503694634805e-01
3.420397728417565730e-01,1.985094194377037269e-01
3.421787813719394666e-01,1.989897074524742682e-01
3.423170352962885965e-01,1.994702132287120566e-01
3.424545342736756148e-01,1.999509355808169742e-01
3.425912779648357942e-01,2.004318733226544136e-01
3.427272660323678055e-01,2.009130252675583872e-01
3.428624981407341621e-01,2.013943902283338028e-01
3.429969739562635511e-01,2.018759670172612930e-01
3.431306931471498900e-01,2.023577544460973543e-01
3.432636553834545468e-01,2.028397513260796481e-01
3.433958603371065621e-01,2.033219564679288049e-01
3.435273076819031490e-01,2.038043686818513944e-01
3.436579970935108586e-01,2.042869867775433668e-01
3.437879282494670785e-01,2.047698095641926341e-01
3.439171008291793119e-01,2.052528358504819295e-01
3.440455145139268422e-01,2.057360644445916376e-01
3.441731689868618438e-01,2.062194941542036530e-01
3.443000639330101587e-01,2.067031237865029625e-01
3.444261990392699646e-01,2.071869521481816134e-01
3.445515739944164380e-01,2.076709780454409626e-01
3.446761884890985894e-01,2.081552002839955062e-01
3.448000422158435385e-01,2.086396176690750726e-01
3.449231348690536825e-01,2.091242290054279029e-01
3.450454661450100824e-01,2.096090330973234273e-01
3.451670357418731849e-01,2.100940287485556779e-01
3.452878433596811014e-01,2.105792147624467592e-01
3.454078887003542153e-01,2.110645899418476523e-01
3.455271714676914629e-01,2.115501530891439330e-01
3.456456913673751630e-01,2.120359030062562988e-01
3.457634481069691845e-01,2.125218384946455374e-01
3.458804413959199464e-01,2.130079583553137756e-01
3.459966709455590816e-01,2.134942613888090035e-01
3.461121364691009950e-01,2.139807463952263511e-01
3.462268376816459714e-01,2.144674121742128903e-01
3.463407743001808980e-01,2.149542575249688003e-01
3.464539460435774876e-01,2.154412812462519755e-01
3.465663526325965527e-01,2.159284821363793572e-01
3.466779937898852859e-01,2.164158589932314025e-01
3.467888692399809236e-01,2.169034106142541385e-01
3.468989787093089694e-01,2.173911357964624369e-01
3.470083219261850260e-01,2.178790333364428178e-01
3.471168986208161833e-01,2.183671020303567245e-01
3.472247085252996301e-01,2.188553406739430496e-01
3.473317513736255413e-01,2.193437480625217428e-01
3.474380269016763001e-01,2.198323229909958099e-01
3.475435348472271091e-01,2.203210642538550867e-01
3.476482749499484326e-01,2.208099706451793209e-01
3.477522469514037207e-01,2.212990409586406415e-01
3.478554505950527953e-01,2.217882739875066400e-01
3.479578856262510178e-01,2.222776685246435069e-01
3.480595517922497883e-01,2.227672233625185572e-01
3.481604488421981003e-01,2.232569372932040885e-01
3.482605765271426512e-01,2.237468091083797406e-01
3.483599346000281205e-01,2.242368375993355478e-01
3.484585228156985570e-01,2.247270215569746044e-01
3.485563409308971572e-01,2.252173597718171161e-01
3.486533887042674307e-01,2.257078510340017885e-01
3.487496658963536444e-01,2.261984941332906285e-01
3.488451722696016555e-01,2.266892878590706095e-01
3.489399075883585222e-01,2.271802310003564751e-01
3.490338716188747803e-01,2.276713223457954294e-01
3.491270641293031662e-01,2.281625606836680253e-01
3.492194848897004489e-01,2.286539448018926890e-01
3.493111336720278737e-01,2.291454734880276345e-01
3.494020102501507741e-01,2.296371455292753050e-01
3.494921143998407365e-01,2.301289597124830666e-01
3.495814458987742679e-01,2.306209148241489815e-01
3.496700045265348500e-01,2.311130096504225295e-01
3.497577900646129390e-01,2.316052429771081056e-01
3.498448022964067428e-01,2.320976135896695158e-01
3.499310410072213329e-01,2.325901202732310047e-01
3.500165059842725856e-01,2.330827618125813350e-01
3.501011970166831300e-01,2.335755369921766467e-01
3.501851138954867881e-01,2.340684445961427884e-01
3.502682564136265775e-01,2.345614834082795364e-01
3.503506243659568753e-01,2.350546522120622317e-01
3.504322175492430302e-01,2.355479497906467212e-01
3.505130357621618065e-01,2.360413749268693018e-01
3.505930788053022717e-01,2.365349264032532428e-01
3.506723464811661306e-01,2.370286030020088142e-01
3.507508385941686124e-01,2.375224035050383653e-01
3.508285549506376944e-01,2.380163266939381572e-01
3.509054953588167658e-01,2.385103713500018041e-01
3.509816596288624080e-01,2.390045362542234375e-01
3.510570475728466144e-01,2.394988201873000655e-01
3.511316590047579567e-01,2.399932219296348479e-01
3.512054937404994748e-01,2.404877402613416204e-01
3.512785515978913975e-01,2.409823739622446448e-01
3.513508323966709757e-01,2.414771218118848817e-01
3.514223359584925932e-01,2.419719825895211007e-01
3.514930621069278227e-01,2.424669550741332669e-01
3.515630106674675348e-01,2.429620380444265926e-01
3.516321814675200663e-01,2.434572302788324538e-01
3.517005743364135517e-01,2.439525305555134416e-01
3.517681891053957566e-01,2.444479376523654157e-01
3.518350256076332450e-01,2.449434503470203917e-01
3.519010836782139329e-01,2.454390674168507591e-01
3.519663631541464222e-01,2.459347876389697818e-01
3.520308638743595564e-01,2.464306097902375925e-01
3.520945856797044193e-01,2.469265326472621369e-01
3.521575284129540018e-01,2.474225549864031148e-01
3.522196919188033126e-01,2.479186755837747558e-01
3.522810760438696009e-01,2.484148932152487610e-01
3.523416806366940768e-01,2.489112066564574122e-01
3.524015055477409675e-01,2.494076146827966800e-01
3.524605506293983503e-01,2.499041160694289998e-01
3.525188157359779306e-01,2.504007095912867964e-01
3.525763007237167068e-01,2.508973940230747046e-01
3.526330054507760270e-01,2.513941681392732885e-01
3.526889297772424214e-01,2.518910307141418725e-01
3.527440735651286019e-01,2.523879805217216221e-01
3.527984366783724068e-01,2.528850163358377090e-01
3.528520189828384668e-01,2.533821369301045290e-01
3.529048203463175937e-01,2.538793410779255910e-01
3.529568406385277801e-01,2.543766275524996234e-01
3.530080797311139773e-01,2.548739951268213511e-01
3.530585374976493163e-01,2.553714425736858251e-01
3.531082138136339976e-01,2.558689686656910878e-01
3.531571085564962909e-01,2.563665721752409477e-01
3.532052216055935334e-01,2.568642518745479775e-01
3.532525528422114647e-01,2.573620065356371223e-01
3.532991021495655026e-01,2.578598349303481974e-01
3.533448694127991896e-01,2.583577358303393301e-01
3.533898545189865792e-01,2.588557080070894023e-01
3.534340573571315702e-01,2.593537502319015475e-01
3.534774778181676291e-01,2.598518612759057600e-01
3.535201157949596773e-01,2.603500399100633356e-01
3.535619711823022038e-01,2.608482849051673158e-01
3.536030438769215412e-01,2.613465950318480946e-01
3.536433337774746999e-01,2.618449690605747504e-01
3.536828407845506450e-01,2.623434057616589876e-01
3.537215648006692970e-01,2.628419039052576345e-01
3.537595057302834745e-01,2.633404622613763624e-01
3.537966634797770071e-01,2.638390795998717953e-01
3.538330379574678441e-01,2.643377546904556175e-01
3.538686290736047790e-01,2.648364863026959060e-01
3.539034367403706138e-01,2.653352732060225705e-01
3.539374608718808268e-01,2.658341141697282417e-01
3.539707013841841277e-01,2.663330079629724900e-01
3.540031581952629569e-01,2.668319533547842681e-01
3.540348312250337082e-01,2.673309491140660188e-01
3.540657203953456733e-01,2.678299940095947851e-01
3.540958256299833184e-01,2.683290868100267623e-01
3.541251468546650072e-01,2.688282262839005732e-01
3.541536839970432227e-01,2.693274111996390441e-01
3.541814369867056778e-01,2.698266403255527024e-01
3.542084057551745380e-01,2.703259124298437732e-01
3.542345902359070875e-01,2.708252262806074007e-01
3.542599903642955628e-01,2.713245806458369769e-01
3.542846060776676520e-01,2.718239742934246417e-01
3.543084373152868838e-01,2.723234059911666671e-01
3.543314840183519610e-01,2.728228745067644567e-01
3.543537461299970381e-01,2.733223786078297080e-01
3.543752235952929430e-01,2.738219170618851339e-01
3.543959163612460106e-01,2.743214886363699589e-01
3.544158243767988603e-01,2.748210920986402517e-01
3.544349475928307291e-01,2.753207262159745317e-01
3.544532859621566945e-01,2.758203897555751016e-01
3.544708394395287843e-01,2.763200814845722664e-01
3.544876079816352554e-01,2.768198001700256650e-01
3.545035915471018151e-01,2.773195445789298774e-01
3.545187900964905658e-01,2.778193134782143692e-01
3.545332035923002278e-01,2.783191056347498749e-01
3.545468319989670825e-01,2.788189198153486759e-01
3.545596752828646392e-01,2.793187547867686527e-01
3.545717334123031361e-01,2.798186093157172816e-01
3.545830063575303170e-01,2.803184821688527451e-01
3.545934940907315980e-01,2.808183721127883170e-01
3.546031965860290680e-01,2.813182779140958045e-01
3.546121138194832101e-01,2.818181983393069356e-01
3.546202457690916243e-01,2.823181321549179668e-01
3.546275924147890835e-01,2.828180781273916811e-01
3.546341537384489762e-01,2.833180350231615519e-01
3.546399297238815862e-01,2.838180016086329638e-01
3.546449203568353137e-01,2.843179766501886530e-01
3.546491256249965085e-01,2.848179589141895396e-01
3.546525455179886377e-01,2.853179471669793910e-01
3.546551800273739508e-01,2.858179401748863757e-01
3.546570291466513147e-01,2.863179367042282819e-01
3.546580928712592673e-01,2.868179355213124615e-01
3.546583711985723530e-01,2.873179353924423807e-01
3.546578641279040101e-01,2.878179350839172868e-01
3.546565716605056817e-01,2.883179333620381479e-01
3.546544937995660951e-01,2.888179289931089300e-01
3.546516305502121491e-01,2.893179207434398714e-01
3.546479819195086924e-01,2.898179073793509808e-01
3.546435479164585791e-01,2.903178876671750896e-01
3.546383285520020023e-01,2.908178603732606282e-01
3.546323238390172161e-01,2.913178242639744009e-01
3.546255337923202577e-01,2.918177781057056941e-01
3.546179584286650588e-01,2.923177206648675530e-01
3.546095977667431121e-01,2.928176507079016666e-01
3.546004518271834161e-01,2.933175670012800884e-01
3.545905206325525305e-01,2.938174683115095664e-01
3.545798042073548539e-01,2.943173534051328200e-01
3.545683025780320130e-01,2.948172210487334244e-01
3.545560157729633066e-01,2.953170700089371992e-01
3.545429438224648733e-01,2.958168990524171482e-01
3.545290867587908012e-01,2.963167069458944591e-01
3.545144446161318519e-01,2.968164924561426665e-01
3.544990174306161812e-01,2.973162543499909827e-01
3.544828052403086738e-01,2.978159913943265180e-01
3.544658080852112203e-01,2.983157023560977783e-01
3.544480260072627731e-01,2.988153860023179398e-01
3.544294590503390130e-01,2.993150411000664035e-01
3.544101072602518498e-01,2.998146664164951791e-01
3.543899706847497000e-01,3.003142607188274416e-01
3.543690493735176528e-01,3.008138227743643034e-01
3.543473433781774706e-01,3.013133513504859251e-01
3.543248527522860902e-01,3.018128452146553453e-01
3.543015775513369547e-01,3.023123031344208678e-01
3.542775178327589036e-01,3.028117238774198916e-01
3.542526736559176714e-01,3.033111062113814094e-01
3.542270450821135008e-01,3.038104489041291711e-01
3.542006321745822528e-01,3.043097507235847932e-01
3.541734349984952401e-01,3.048090104377703113e-01
3.541454536209586168e-01,3.053082268148123446e-01
3.541166881110137110e-01,3.058073986229440377e-01
3.540871385396368032e-01,3.063065246305083367e-01
3.540568049797381822e-01,3.068056036059620406e-01
3.540256875061631447e-01,3.073046343178765238e-01
3.539937861956906628e-01,3.078036155349440639e-01
3.539611011270344942e-01,3.083025460259772865e-01
3.539276323808413505e-01,3.088014245599153274e-01
3.538933800396923957e-01,3.093002499058246646e-01
3.538583441881016922e-01,3.097990208329035600e-01
3.538225249125167005e-01,3.102977361104844456e-01
3.537859223013178900e-01,3.107963945080362556e-01
3.537485364448187397e-01,3.112949947951698659e-01
3.537103674352651828e-01,3.117935357416382058e-01
3.536714153668352179e-01,3.122920161173410314e-01
3.536316803356392979e-01,3.127904346923277012e-01
3.535911624397196640e-01,3.132887902367997857e-01
3.535498617790501230e-01,3.137870815211145636e-01
3.535077784555361591e-01,3.142853073157876320e-01
3.534649125730138230e-01,3.147834663914970132e-01
3.534212642372507318e-01,3.152815575190839326e-01
3.533768335559448470e-01,3.157795794695588132e-01
3.533316206387242531e-01,3.162775310141009988e-01
3.532856255971477122e-01,3.167754109240655813e-01
3.532388485447025550e-01,3.172732179709826239e-01
3.531912895968073451e-01,3.177709509265631005e-01
3.531429488708089925e-01,3.182686085627004502e-01
3.530938264859830866e-01,3.187661896514739635e-01
3.530439225635342293e-01,3.192636929651511135e-01
3.529932372265956464e-01,3.197611172761929410e-01
3.529417706002282440e-01,3.202584613572536654e-01
3.528895228114209970e-01,3.207557239811865690e-01
3.528364939890898944e-01,3.212529039210450521e-01
3.527826842640779947e-01,3.217499999500877395e-01
3.527280937691559815e-01,3.222470108417794243e-01
3.526727226390204972e-01,3.227439353697947877e-01
3.526165710102936446e-01,3.232407723080221174e-01
3.525596390215248177e-01,3.237375204305656951e-01
3.525019268131875938e-01,3.242341785117490716e-01
3.524434345276811209e-01,3.247307453261175647e-01
3.523841623093292852e-01,3.252272196484417011e-01
3.523241103043804334e-01,3.257236002537213237e-01
3.522632786610071509e-01,3.262198859171855370e-01
3.522016675293049293e-01,3.267160754142995893e-01
3.521392770612938317e-01,3.272121675207648739e-01
3.520761074109154398e-01,3.277081610125234801e-01
3.520121587340350744e-01,3.282040546657606361e-01
3.519474311884393525e-01,3.286998472569084284e-01
3.518819249338373534e-01,3.291955375626475222e-01
3.518156401318592308e-01,3.296911243599118246e-01
3.517485769460559353e-01,3.301866064258897060e-01
3.516807355418994363e-01,3.306819825380287181e-01
3.516121160867815565e-01,3.311772514740373152e-01
3.515427187500140271e-01,3.316724120118889063e-01
3.514725437028277111e-01,3.321674629298238535e-01
3.514015911183727692e-01,3.326624030063531912e-01
3.513298611717176057e-01,3.331572310202617349e-01
3.512573540398485905e-01,3.336519457506105235e-01
3.511840699016701151e-01,3.341465459767396506e-01
3.511100089380033151e-01,3.346410304782730383e-01
3.510351713315860711e-01,3.351353980351186035e-01
3.509595572670731745e-01,3.356296474274741426e-01
3.508831669310345514e-01,3.361237774358278863e-01
3.508060005119560953e-01,3.366177868409633289e-01
3.507280582002376135e-01,3.371116744239616159e-01
3.506493401881944361e-01,3.376054389662039856e-01
3.505698466700556404e-01,3.380990792493754338e-01
3.504895778419632735e-01,3.385925940554681546e-01
3.504085339019726852e-01,3.390859821667825402e-01
3.503267150500516403e-01,3.395792423659332315e-01
3.502441214880804843e-01,3.400723734358494510e-01
3.501607534198502014e-01,3.405653741597792217e-01
3.500766110510631357e-01,3.410582433212925868e-01
3.499916945893324915e-01,3.415509797042835527e-01
3.499060042441811680e-01,3.420435820929741411e-01
3.498195402270415366e-01,3.425360492719168315e-01
3.497323027512551641e-01,3.430283800259979476e-01
3.496442920320712022e-01,3.435205731404407103e-01
3.495555082866482199e-01,3.440126274008066254e-01
3.494659517340507060e-01,3.445045415930016452e-01
3.493756225952507344e-01,3.449963145032755585e-01
3.492845210931263544e-01,3.454879449182282070e-01
3.491926474524614243e-01,3.459794316248102075e-01
3.491000018999453891e-01,3.464707734103271153e-01
3.490065846641715597e-01,3.469619690624414776e-01
3.489123959756377236e-01,3.474530173691774415e-01
3.488174360667455898e-01,3.479439171189215863e-01
3.487217051717986238e-01,3.484346671004279195e-01
3.486252035270033245e-01,3.489252661028195424e-01
3.485279313704686688e-01,3.494157129155922581e-01
3.484298889422033363e-01,3.499060063286169586e-01
3.483310764841174856e-01,3.503961451321442877e-01
3.482314942400207558e-01,3.508861281168043078e-01
3.481311424556228773e-01,3.513759540736134390e-01
3.480300213785317842e-01,3.518656217939747366e-01
3.479281312582533370e-01,3.523551300696814992e-01
3.478254723461917663e-01,3.528444776929210436e-01
3.477220448956476195e-01,3.533336634562764811e-01
3.476178491618174271e-01,3.538226861527308253e-01
3.475128854017943691e-01,3.543115445756689352e-01
3.474071538745657217e-01,3.548002375188813451e-01
3.473006548410138006e-01,3.552887637765670958e-01
3.471933885639141293e-01,3.557771221433357889e-01
3.470853553079356613e-01,3.562653114142118049e-01
3.469765553396397806e-01,3.567533303846366910e-01
3.468669889274794693e-01,3.572411778504722690e-01
3.467566563417990300e-01,3.577288526080031894e-01
3.466455578548331973e-01,3.582163534539405392e-01
3.465336937407066387e-01,3.587036791854248952e-01
3.464210642754321778e-01,3.591908286000274897e-01
3.463076697369127377e-01,3.596778004957564834e-01
3.461935104049375100e-01,3.601645936710564655e-01
3.460785865611836210e-01,3.606512069248140051e-01
3.459628984892139103e-01,3.611376390563593719e-01
3.458464464744774314e-01,3.616238888654697003e-01
3.457292308043079521e-01,3.621099551523713767e-01
3.456112517679231777e-01,3.625958367177447572e-01
3.454925096564250286e-01,3.630815323627248903e-01
3.453730047627977529e-01,3.635670408889066230e-01
3.452527373819078704e-01,3.640523610983452674e-01
3.451317078105028413e-01,3.645374917935618742e-01
3.450099163472115649e-01,3.650224317775445093e-01
3.448873632925419375e-01,3.655071798537522509e-01
3.447640489488819071e-01,3.659917348261170211e-01
3.446399736204969200e-01,3.664760954990479158e-01
3.445151376135306975e-01,3.669602606774329256e-01
3.443895412360037378e-01,3.674442291666426552e-01
3.442631847978125936e-01,3.679279997725326545e-01
3.441360686107292066e-01,3.684115713014477489e-01
3.440081929884000189e-01,3.688949425602228716e-01
3.438795582463454736e-01,3.693781123561874491e-01
3.437501647019591822e-01,3.698610794971679550e-01
3.436200126745064809e-01,3.703438427914912401e-01
3.434891024851250974e-01,3.708264010479865869e-01
3.433574344568223746e-01,3.713087530759897614e-01
3.432250089144763261e-01,3.717908976853447345e-01
3.430918261848338036e-01,3.722728336864079557e-01
3.429578865965099976e-01,3.727545598900499080e-01
3.428231904799874386e-01,3.732360751076595484e-01
3.426877381676153855e-01,3.737173781511455850e-01
3.425515299936089941e-01,3.741984678329408620e-01
3.424145662940487056e-01,3.746793429660036923e-01
3.422768474068784150e-01,3.751600023638235193e-01
3.421383736719055824e-01,3.756404448404203067e-01
3.419991454308011214e-01,3.761206692103504223e-01
3.418591630270962356e-01,3.766006742887079151e-01
3.417184268061839170e-01,3.770804588911278454e-01
3.415769371153164480e-01,3.775600218337890612e-01
3.414346943036062343e-01,3.780393619334181388e-01
3.412916987220226961e-01,3.785184780072912147e-01
3.411479507233936004e-01,3.789973688732365398e-01
3.410034506624022854e-01,3.794760333496385307e-01
3.408581988955889930e-01,3.799544702554406017e-01
3.407121957813473156e-01,3.804326784101471626e-01
3.405654416799259177e-01,3.809106566338265609e-01
3.404179369534258148e-01,3.813884037471154675e-01
3.402696819658002081e-01,3.818659185712205972e-01
3.401206770828537618e-01,3.823431999279209847e-01
3.399709226722407163e-01,3.828202466395727033e-01
3.398204191034656096e-01,3.832970575291104742e-01
3.396691667478812238e-01,3.837736314200508314e-01
3.395171659786873075e-01,3.842499671364948965e-01
3.393644171709305768e-01,3.847260635031317100e-01
3.392109207015039374e-01,3.852019193452405621e-01
3.390566769491444310e-01,3.856775334886951012e-01
3.389016862944329578e-01,3.861529047599641107e-01
3.387459491197940542e-01,3.866280319861165604e-01
3.385894658094934506e-01,3.871029139948228837e-01
3.384322367496380712e-01,3.875775496143598620e-01
3.382742623281752015e-01,3.880519376736100146e-01
3.381155429348907671e-01,3.885260770020688703e-01
3.379560789614092231e-01,3.889999664298440241e-01
3.377958708011922218e-01,3.894736047876612428e-01
3.376349188495373910e-01,3.899469909068642437e-01
3.374732235035774464e-01,3.904201236194206892e-01
3.373107851622800801e-01,3.908930017579214655e-01
3.371476042264449080e-01,3.913656241555881765e-01
3.369836810987056341e-01,3.918379896462709233e-01
3.368190161835257213e-01,3.923100970644548546e-01
3.366536098871995564e-01,3.927819452452624427e-01
3.364874626178506745e-01,3.932535330244550931e-01
3.363205747854310923e-01,3.937248592384364199e-01
3.361529468017199762e-01,3.941959227242564090e-01
3.359845790803224763e-01,3.946667223196123064e-01
3.358154720366695600e-01,3.951372568628531146e-01
3.356456260880156250e-01,3.956075251929812575e-01
3.354750416534391100e-01,3.960775261496571886e-01
3.353037191538397188e-01,3.965472585731993904e-01
3.351316590119393091e-01,3.970167213045902033e-01
3.349588616522782836e-01,3.974859131854767691e-01
3.347853275012177554e-01,3.979548330581753612e-01
3.346110569869354956e-01,3.984234797656720506e-01
3.344360505394268768e-01,3.988918521516281457e-01
3.342603085905027638e-01,3.993599490603814139e-01
3.340838315737892361e-01,3.998277693369488572e-01
3.339066199247255895e-01,4.002953118270307087e-01
3.337286740805641694e-01,4.007625753770122090e-01
3.335499944803681505e-01,4.012295588339672148e-01
3.333705815650120918e-01,4.016962610456602523e-01
3.331904357771792724e-01,4.021626808605504033e-01
3.330095575613619685e-01,4.026288171277926931e-01
3.328279473638592334e-01,4.030946686972423088e-01
3.326456056327752320e-01,4.035602344194568758e-01
3.324625328180208506e-01,4.040255131456993443e-01
3.322787293713100332e-01,4.044905037279404869e-01
3.320941957461592264e-01,4.049552050188623964e-01
3.319089323978869910e-01,4.054196158718609277e-01
3.317229397836121141e-01,4.058837351410484739e-01
3.315362183622531100e-01,4.063475616812567415e-01
3.313487685945262773e-01,4.068110943480396369e-01
3.311605909429454764e-01,4.072743319976764864e-01
3.309716858718199095e-01,4.077372734871749227e-01
3.307820538472546756e-01,4.081999176742726054e-01
3.305916953371476619e-01,4.086622634174404967e-01
3.304006108111894879e-01,4.091243095758869130e-01
3.302088007408626180e-01,4.095860550095588026e-01
3.300162655994386407e-01,4.100474985791454086e-01
3.298230058619794347e-01,4.105086391460803785e-01
3.296290220053339493e-01,4.109694755725449844e-01
3.294343145081382596e-01,4.114300067214715084e-01
3.292388838508137905e-01,4.118902314565450196e-01
3.290427305155658733e-01,4.123501486422068707e-01
3.288458549863838010e-01,4.128097571436568636e-01
3.286482577490379420e-01,4.132690558268566905e-01
3.284499392910800175e-01,4.137280435585325988e-01
3.282509001018413253e-01,4.141867192061778336e-01
3.280511406724312407e-01,4.146450816380563564e-01
3.278506614957358289e-01,4.151031297232039563e-01
3.276494630664182339e-01,4.155608623314329675e-01
3.274475458809150141e-01,4.160182783333328249e-01
3.272449104374373641e-01,4.164753766002758373e-01
3.270415572359670620e-01,4.169321560044171870e-01
3.268374867782589122e-01,4.173886154186989828e-01
3.266326995678359157e-01,4.178447537168534787e-01
3.264271961099904917e-01,4.183005697734040185e-01
3.262209769117818681e-01,4.187560624636702533e-01
3.260140424820354710e-01,4.192112306637690855e-01
3.258063933313412042e-01,4.196660732506184432e-01
3.255980299720528937e-01,4.201205891019395011e-01
3.253889529182865115e-01,4.205747770962591225e-01
3.251791626859187323e-01,4.210286361129138566e-01
3.249686597925861009e-01,4.214821650320518809e-01
3.247574447576838108e-01,4.219353627346353885e-01
3.245455181023636504e-01,4.223882281024441965e-01
3.243328803495339474e-01,4.228407600180781878e-01
3.241195320238566824e-01,4.232929573649596988e-01
3.239054736517479882e-01,4.237448190273366277e-01
3.236907057613757632e-01,4.241963438902854877e-01
3.234752288826580613e-01,4.246475308397132942e-01
3.232590435472628698e-01,4.250983787623608401e-01
3.230421502886060559e-01,4.255488865458062486e-01
3.228245496418501448e-01,4.259990530784663054e-01
3.226062421439028771e-01,4.264488772495997337e-01
3.223872283334166533e-01,4.268983579493102476e-01
3.221675087507860358e-01,4.273474940685483281e-01
3.219470839381472493e-01,4.277962844991162195e-01
3.217259544393767934e-01,4.282447281336670963e-01
3.215041208000897210e-01,4.286928238657115031e-01
3.212815835676381959e-01,4.291405705896172984e-01
3.210583432911109369e-01,4.295879672006150951e-01
3.208344005213309424e-01,4.300350125947968727e-01
3.206097558108552681e-01,4.304817056691228050e-01
3.203844097139717517e-01,4.309280453214224815e-01
3.201583627866998460e-01,4.313740304503978495e-01
3.199316155867877876e-01,4.318196599556234361e-01
3.197041686737119304e-01,4.322649327375540085e-01
3.194760226086745813e-01,4.327098476975222985e-01
3.192471779546033894e-01,4.331544037377456635e-01
3.190176352761506240e-01,4.335985997613256426e-01
3.187873951396891226e-01,4.340424346722533966e-01
3.185564581133137341e-01,4.344859073754092638e-01
3.183248247668388764e-01,4.349290167765701431e-01
3.180924956717966490e-01,4.353717617824058861e-01
3.178594714014358891e-01,4.358141413004881226e-01
3.176257525307209506e-01,4.362561542392893177e-01
3.173913396363303718e-01,4.366977995081863795e-01
3.171562332966537667e-01,4.371390760174633794e-01
3.169204340917933238e-01,4.375799826783146607e-01
3.166839426035598093e-01,4.380205184028463927e-01
3.164467594154726227e-01,4.384606821040814006e-01
3.162088851127576317e-01,4.389004726959583325e-01
3.159703202823460622e-01,4.393398890933385981e-01
3.157310655128726662e-01,4.397789302120050370e-01
3.154911213946751669e-01,4.402175949686679690e-01
3.152504885197917051e-01,4.406558822809657494e-01
3.150091674819601728e-01,4.410937910674679330e-01
3.147671588766158823e-01,4.415313202476778276e-01
3.145244633008911772e-01,4.419684687420357694e-01
3.142810813536131564e-01,4.424052354719213986e-01
3.140370136353030084e-01,4.428416193596561024e-01
3.137922607481730131e-01,4.432776193285065114e-01
3.135468232961269308e-01,4.437132343026856107e-01
3.133007018847568936e-01,4.441484632073564587e-01
3.130538971213432942e-01,4.445833049686351846e-01
3.128064096148526207e-01,4.450177585135935421e-01
3.125582399759352370e-01,4.454518227702603528e-01
3.123093888169252708e-01,4.458854966676243370e-01
3.120598567518382827e-01,4.463187791356395540e-01
3.118096443963696007e-01,4.467516691052237920e-01
3.115587523678933768e-01,4.471841655082645084e-01
3.113071812854613096e-01,4.476162672776193285e-01
3.110549317697990923e-01,4.480479733471205428e-01
3.108020044433081885e-01,4.484792826515759945e-01
3.105483999300608922e-01,4.489101941267729101e-01
3.102941188558017149e-01,4.493407067094802310e-01
3.100391618479435563e-01,4.497708193374509444e-01
3.097835295355677587e-01,4.502005309494249152e-01
3.095272225494216101e-01,4.506298404851313277e-01
3.092702415219169554e-01,4.510587468852915727e-01
3.090125870871289759e-01,4.514872490916222447e-01
3.087542598807945238e-01,4.519153460468358086e-01
3.084952605403100678e-01,4.523430366946459280e-01
3.082355897047311943e-01,4.527703199797691314e-01
3.079752480147691651e-01,4.531971948479255885e-01
3.077142361127915837e-01,4.536236602458441070e-01
3.074525546428196199e-01,4.540497151212638527e-01
3.071902042505260666e-01,4.544753584229369592e-01
3.069271855832341189e-01,4.549005891006309144e-01
3.066634992899168743e-01,4.553254061051309476e-01
3.063991460211933360e-01,4.557498083882430828e-01
3.061341264293295783e-01,4.561737949027979133e-01
3.058684411682345283e-01,4.565973646026498800e-01
3.056020908934605207e-01,4.570205164426831557e-01
3.053350762622002446e-01,4.574432493788129772e-01
3.050673979332857999e-01,4.578655623679872555e-01
3.047990565671869767e-01,4.582874543681911828e-01
3.045300528260089235e-01,4.587089243384474546e-01
3.042603873734923137e-01,4.591299712388220433e-01
3.039900608750093491e-01,4.595505940304221992e-01
3.037190739975640930e-01,4.599707916754038894e-01
3.034474274097894164e-01,4.603905631369710205e-01
3.031751217819466104e-01,4.608099073793793243e-01
3.029021577859224990e-01,4.612288233679385785e-01
3.026285360952287729e-01,4.616473100690147158e-01
3.023542573849996029e-01,4.620653664500343760e-01
3.020793223319903631e-01,4.624829914794833519e-01
3.018037316145764093e-01,4.629001841269150264e-01
3.015274859127498042e-01,4.633169433629475975e-01
3.012505859081199278e-01,4.637332681592681305e-01
3.009730322839099248e-01,4.641491574886383864e-01
3.006948257249552614e-01,4.645646103248909919e-01
3.004159669177035585e-01,4.649796256429384878e-01
3.001364565502109283e-01,4.653942024187716076e-01
2.998562953121415853e-01,4.658083396294623868e-01
2.995754838947652932e-01,4.662220362531696027e-01
2.992940229909564209e-01,4.666352912691382193e-01
2.990119132951918890e-01,4.670481036577016631e-01
2.987291555035491153e-01,4.674604724002867084e-01
2.984457503137051271e-01,4.678723964794143653e-01
2.981616984249336189e-01,4.682838748787034877e-01
2.978770005381047858e-01,4.686949065828710514e-01
2.975916573556822708e-01,4.691054905777378714e-01
2.973056695817219985e-01,4.695156258502285462e-01
2.970190379218703991e-01,4.699253113883751221e-01
2.967317630833623543e-01,4.703345461813190909e-01
2.964438457750202538e-01,4.707433292193146102e-01
2.961552867072513306e-01,4.711516594937301683e-01
2.958660865920463845e-01,4.715595359970509715e-01
2.955762461429780052e-01,4.719669577228826629e-01
2.952857660751986302e-01,4.723739236659522667e-01
2.949946471054388786e-01,4.727804328221124619e-01
2.947028899520061085e-01,4.731864841883415274e-01
2.944104953347819187e-01,4.735920767627483929e-01
2.941174639752210940e-01,4.739972095445743605e-01
2.938237965963491627e-01,4.744018815341933815e-01
2.935294939227613975e-01,4.748060917331178299e-01
2.932345566806203174e-01,4.752098391440008340e-01
2.929389855976542445e-01,4.756131227706331677e-01
2.926427814031553609e-01,4.760159416179540748e-01
2.923459448279783768e-01,4.764182946920483275e-01
2.920484766045375880e-01,4.768201810001491125e-01
2.917503774668063210e-01,4.772215995506420283e-01
2.914516481503149903e-01,4.776225493530664723e-01
2.911522893921483224e-01,4.780230294181194717e-01
2.908523019309438573e-01,4.784230387576553500e-01
2.905516865068914489e-01,4.788225763846913896e-01
2.902504438617293236e-01,4.792216413134076092e-01
2.899485747387440249e-01,4.796202325591521487e-01
2.896460798827674155e-01,4.800183491384393264e-01
2.893429600401758450e-01,4.804159900689571883e-01
2.890392159588869858e-01,4.808131543695657317e-01
2.887348483883593886e-01,4.812098410603015131e-01
2.884298580795894296e-01,4.816060491623795903e-01
2.881242457851108663e-01,4.820017776981960766e-01
2.878180122589914514e-01,4.823970256913296950e-01
2.875111582568318780e-01,4.827917921665456635e-01
2.872036845357641699e-01,4.831860761497975831e-01
2.868955918544487949e-01,4.835798766682268823e-01
2.865868809730739430e-01,4.839731927501719211e-01
2.862775526533531956e-01,4.843660234251641050e-01
2.859676076585231375e-01,4.847583677239321043e-01
2.856570467533427471e-01,4.851502246784051287e-01
2.853458707040895104e-01,4.855415933217166469e-01
2.850340802785600314e-01,4.859324726882016110e-01
2.847216762460657025e-01,4.863228618134049497e-01
2.844086593774325933e-01,4.867127597340802359e-01
2.840950304449987307e-01,4.871021654881932950e-01
2.837807902226122669e-01,4.874910781149232042e-01
2.834659394856299808e-01,4.878794966546682321e-01
2.831504790109143910e-01,4.882674201490431187e-01
2.828344095768330346e-01,4.886548476408859032e-01
2.825177319632558581e-01,4.890417781742565362e-01
2.822004469515533853e-01,4.894282107944439297e-01
2.818825553245948301e-01,4.898141445479633482e-01
2.815640578667459315e-01,4.901995784825609048e-01
2.812449553638680655e-01,4.905845116472179468e-01
2.809252486033143592e-01,4.909689430921496678e-01
2.806049383739296355e-01,4.913528718688093821e-01
2.802840254660476926e-01,4.917362970298909675e-01
2.799625106714893619e-01,4.921192176293313070e-01
2.796403947835599535e-01,4.925016327223120660e-01
2.793176785970487574e-01,4.928835413652615793e-01
2.789943629082258236e-01,4.932649426158578487e-01
2.786704485148404076e-01,4.936458355330323178e-01
2.783459362161191386e-01,4.940262191769695388e-01
2.780208268127639104e-01,4.944060926091093933e-01
2.776951211069497161e-01,4.947854548921523099e-01
2.773688199023230938e-01,4.951643050900602638e-01
2.770419240039997399e-01,4.955426422680581089e-01
2.767144342185630101e-01,4.959204654926363531e-01
2.763863513540610328e-01,4.962977738315527132e-01
2.760576762200059875e-01,4.966745663538371103e-01
2.757284096273709961e-01,4.970508421297922252e-01
2.753985523885886244e-01,4.974266002309936097e-01
2.750681053175486612e-01,4.978018397302965692e-01
2.747370692295967864e-01,4.981765597018343872e-01
2.744054449415312957e-01,4.985507592210233208e-01
2.740732332716023789e-01,4.989244373645617125e-01
2.737404350395090669e-01,4.992975932104378733e-01
2.734070510663981768e-01,4.996702258379260853e-01
2.730730821748613701e-01,5.000423343275919308e-01
2.727385291889337093e-01,5.004139177612948464e-01
2.724033929340912707e-01,5.007849752221905648e-01
2.720676742372498125e-01,5.011555057947302272e-01
2.717313739267616657e-01,5.015255085646672661e-01
2.713944928324143469e-01,5.018949826190574059e-01
2.710570317854285038e-01,5.022639270462591066e-01
2.707189916184556955e-01,5.026323409359383376e-01
2.703803731655765041e-01,5.030002233790717980e-01
2.700411772622983708e-01,5.033675734679446956e-01
2.697014047455530972e-01,5.037343902961580744e-01
2.693610564536962348e-01,5.041006729586274826e-01
2.690201332265027556e-01,5.044664205515875244e-01
2.686786359051671624e-01,5.048316321725917488e-01
2.683365653322999922e-01,5.051963069205170909e-01
2.679939223519265945e-01,5.055604438955639823e-01
2.676507078094840231e-01,5.059240421992615699e-01
2.673069225518205361e-01,5.062871009344674933e-01
2.669625674271918214e-01,5.066496192053689951e-01
2.666176432852599976e-01,5.070115961174898045e-01
2.662721509770910044e-01,5.073730307776872506e-01
2.659260913551528827e-01,5.077339222941569252e-01
2.655794652733133310e-01,5.080942697764349036e-01
2.652322735868375969e-01,5.084540723354004088e-01
2.648845171523867004e-01,5.088133290832754785e-01
2.645361968280154352e-01,5.091720391336308493e-01
2.641873134731691497e-01,5.095302016013839586e-01
2.638378679486830247e-01,5.098878156028048281e-01
2.634878611167789653e-01,5.102448802555168417e-01
2.631372938410643236e-01,5.106013946784980773e-01
2.627861669865289018e-01,5.109573579920855257e-01
2.624344814195432307e-01,5.113127693179735367e-01
2.620822380078563496e-01,5.116676277792217009e-01
2.617294376205942519e-01,5.120219325002502986e-01
2.613760811282564989e-01,5.123756826068489589e-01
2.610221694027151651e-01,5.127288772261741068e-01
2.606677033172124514e-01,5.130815154867537364e-01
2.603126837463580756e-01,5.134335965184860795e-01
2.599571115661271636e-01,5.137851194526475984e-01
2.596009876538594718e-01,5.141360834218912101e-01
2.592443128882547798e-01,5.144864875602466192e-01
2.588870881493726683e-01,5.148363310031269791e-01
2.585293143186299103e-01,5.151856128873285590e-01
2.581709922787976952e-01,5.155343323510331865e-01
2.578121229140001303e-01,5.158824885338099131e-01
2.574527071097115205e-01,5.162300805766176781e-01
2.570927457527548143e-01,5.165771076218080848e-01
2.567322397312988280e-01,5.169235688131265105e-01
2.563711899348564138e-01,5.172694632957145489e-01
2.560095972542818510e-01,5.176147902161115644e-01
2.556474625817692914e-01,5.179595487222573569e-01
2.552847868108500951e-01,5.183037379634950481e-01
2.549215708363904986e-01,5.186473570905719699e-01
2.545578155545898391e-01,5.189904052556425507e-01
2.541935218629782778e-01,5.193328816122685376e-01
2.538286906604140802e-01,5.196747853154241037e-01
2.534633228470821176e-01,5.200161155214951814e-01
2.530974193244910353e-01,5.203568713882845698e-01
2.527309809954716435e-01,5.206970520750103804e-01
2.523640087641737528e-01,5.210366567423106998e-01
2.519965035360650640e-01,5.213756845522443673e-01
2.516284662179281151e-01,5.217141346682948599e-01
2.512598977178586157e-01,5.220520062553689611e-01
2.508907989452623943e-01,5.223892984798034211e-01
2.505211708108541768e-01,5.227260105093626263e-01
2.501510142266544223e-01,5.230621415132427066e-01
2.497803301059881853e-01,5.233976906620744218e-01
2.494091193634810077e-01,5.237326571279227183e-01
2.490373829150589469e-01,5.240670400842920573e-01
2.486651216779448836e-01,5.244008387061259713e-01
2.482923365706559415e-01,5.247340521698087290e-01
2.479190285130025706e-01,5.250666796531694436e-01
2.475451984260853000e-01,5.253987203354829605e-01
2.471708472322927397e-01,5.257301733974718561e-01
2.467959758552991933e-01,5.260610380213087689e-01
2.464205852200624658e-01,5.263913133906185093e-01
2.460446762528216424e-01,5.267209986904779484e-01
2.456682498810948689e-01,5.270500931074233453e-01
2.452913070336765755e-01,5.273785958294451293e-01
2.449138486406358117e-01,5.277065060459972257e-01
2.445358756333139982e-01,5.280338229479925038e-01
2.441573889443215684e-01,5.283605457278092166e-01
2.437783895075368856e-01,5.286866735792922212e-01
2.433988782581032462e-01,5.290122056977525355e-01
2.430188561324274632e-01,5.293371412799722231e-01
2.426383240681757314e-01,5.296614795242057250e-01
2.422572830042733771e-01,5.299852196301789720e-01
2.418757338809014446e-01,5.303083607990977111e-01
2.414936776394942808e-01,5.306309022336417325e-01
2.411111152227375931e-01,5.309528431379721969e-01
2.407280475745664783e-01,5.312741827177321907e-01
2.403444756401619531e-01,5.315949201800481694e-01
2.399604003659496776e-01,5.319150547335321777e-01
2.395758226995974571e-01,5.322345855882850696e-01
2.391907435900122170e-01,5.325535119558951758e-01
2.388051639873384757e-01,5.328718330494434108e-01
2.384190848429555143e-01,5.331895480835040502e-01
2.380325071094752110e-01,5.335066562741477281e-01
2.376454317407397099e-01,5.338231568389401049e-01
2.372578596918192007e-01,5.341390489969487509e-01
2.368697919190090595e-01,5.344543319687408145e-01
2.364812293798277121e-01,5.347690049763867970e-01
2.360921730330149959e-01,5.350830672434617741e-01
2.357026238385283301e-01,5.353965179950487263e-01
2.353125827575421602e-01,5.357093564577404265e-01
2.349220507524437396e-01,5.360215818596367754e-01
2.345310287868319354e-01,5.363331934303542381e-01
2.341395178255145926e-01,5.366441904010216257e-01
2.337475188345063126e-01,5.369545720042849801e-01
2.333550327810254565e-01,5.372643374743083511e-01
2.329620606334923683e-01,5.375734860467763498e-01
2.325686033615266823e-01,5.378820169588954814e-01
2.321746619359452979e-01,5.381899294493971420e-01
2.317802373287594364e-01,5.384972227585366200e-01
2.313853305131725047e-01,5.388038961280992023e-01
2.309899424635779019e-01,5.391099488013987306e-01
2.305940741555563556e-01,5.394153800232800444e-01
2.301977265658734506e-01,5.397201890401223112e-01
2.298009006724776870e-01,5.400243750998395820e-01
2.294035974544972045e-01,5.403279374518832334e-01
2.290058178922385890e-01,5.406308753472431894e-01
2.286075629671829867e-01,5.409331880384499192e-01
2.282088336619849389e-01,5.412348747795775461e-01
2.278096309604696890e-01,5.415359348262437367e-01
2.274099558476297966e-01,5.418363674356124760e-01
2.270098093096238889e-01,5.421361718663966212e-01
2.266091923337740510e-01,5.424353473788583457e-01
2.262081059085628010e-01,5.427338932348119149e-01
2.258065510236308138e-01,5.430318086976250180e-01
2.254045286697749506e-01,5.433290930322208778e-01
2.250020398389454834e-01,5.436257455050800269e-01
2.245990855242434858e-01,5.439217653842413069e-01
2.241956667199187792e-01,5.442171519393061985e-01
2.237917844213670460e-01,5.445119044414370446e-01
2.233874396251277761e-01,5.448060221633613809e-01
2.229826333288816020e-01,5.450995043793734895e-01
2.225773665314477734e-01,5.453923503653345106e-01
2.221716402327816864e-01,5.456845593986768828e-01
2.217654554339729689e-01,5.459761307584022338e-01
2.213588131372418721e-01,5.462670637250893746e-01
2.209517143459380772e-01,5.465573575808880813e-01
2.205441600645371980e-01,5.468470116095289768e-01
2.201361512986392266e-01,5.471360250963178684e-01
2.197276890549649531e-01,5.474243973281448516e-01
2.193187743413545776e-01,5.477121275934775380e-01
2.189094081667641301e-01,5.479992151823717128e-01
2.184995915412643597e-01,5.482856593864670058e-01
2.180893254760368216e-01,5.485714594989906656e-01
2.176786109833722949e-01,5.488566148147596691e-01
2.172674490766681177e-01,5.491411246301808324e-01
2.168558407704251900e-01,5.494249882432548082e-01
2.164437870802461972e-01,5.497082049535775283e-01
2.160312890228326677e-01,5.499907740623383168e-01
2.156183476159825585e-01,5.502726948723265510e-01
2.152049638785876184e-01,5.505539666879303295e-01
2.147911388306312508e-01,5.508345888151405800e-01
2.143768734931859044e-01,5.511145605615485055e-01
2.139621688884094930e-01,5.513938812363531339e-01
2.135470260395446462e-01,5.516725501503575435e-01
2.131314459709152398e-01,5.519505666159739699e-01
2.127154297079240086e-01,5.522279299472242498e-01
2.122989782770491052e-01,5.525046394597427080e-01
2.118820927058433778e-01,5.527806944707753800e-01
2.114647740229305406e-01,5.530560942991842310e-01
2.110470232580029248e-01,5.533308382654481550e-01
2.106288414418189536e-01,5.536049256916627526e-01
2.102102296062008657e-01,5.538783559015447722e-01
2.097911887840314682e-01,5.541511282204321098e-01
2.093717200092526654e-01,5.544232419752875840e-01
2.089518243168616562e-01,5.546946964946963821e-01
2.085315027429095747e-01,5.549654911088713893e-01
2.081107563244978254e-01,5.552356251496539663e-01
2.076895860997767518e-01,5.555050979505153919e-01
2.072679931079417504e-01,5.557739088465586397e-01
2.068459783892317994e-01,5.560420571745184892e-01
2.064235429849258785e-01,5.563095422727667438e-01
2.060006879373418309e-01,5.565763634813102323e-01
2.055774142898320611e-01,5.568425201417936954e-01
2.051537230867826467e-01,5.571080115975016733e-01
2.047296153736091473e-01,5.573728371933617254e-01
2.043050921967552724e-01,5.576369962759423204e-01
2.038801546036898005e-01,5.579004881934569449e-01
2.034548036429040252e-01,5.581633122957653237e-01
2.030290403639091745e-01,5.584254679343761962e-01
2.026028658172337460e-01,5.586869544624459838e-01
2.021762810544210087e-01,5.589477712347820093e-01
2.017492871280266165e-01,5.592079176078456060e-01
2.013218850916156655e-01,5.594673929397510070e-01
2.008940759997598913e-01,5.597261965902690095e-01
2.004658609080361975e-01,5.599843279208276403e-01
2.000372408730222151e-01,5.602417862945124893e-01
1.996082169522956362e-01,5.604985710760710393e-01
1.991787902044301062e-01,5.607546816319127769e-01
1.987489616889936694e-01,5.610101173301096367e-01
1.983187324665452722e-01,5.612648775404006640e-01
1.978881035986327364e-01,5.615189616341889067e-01
1.974570761477901781e-01,5.617723689845476320e-01
1.970256511775348995e-01,5.620250989662198826e-01
1.965938297523649181e-01,5.622771509556189207e-01
1.961616129377570517e-01,5.625285243308321137e-01
1.957290018001631993e-01,5.627792184716203794e-01
1.952959974070082316e-01,5.630292327594207391e-01
1.948626008266873544e-01,5.632785665773475392e-01
1.944288131285638321e-01,5.635272193101948934e-01
1.939946353829654913e-01,5.637751903444366830e-01
1.935600686611827770e-01,5.640224790682289990e-01
1.931251140354658946e-01,5.642690848714118079e-01
1.926897725790223115e-01,5.645150071455093954e-01
1.922540453660134818e-01,5.647602452837329201e-01
1.918179334715531537e-01,5.650047986809820788e-01
1.913814379717039271e-01,5.652486667338453286e-01
1.909445599434755059e-01,5.654918488406022181e-01
1.905073004648204782e-01,5.657343444012258304e-01
1.900696606146335121e-01,5.659761528173826717e-01
1.896316414727471644e-01,5.662172734924334483e-01
1.891932441199302428e-01,5.664577058314376190e-01
1.887544696378845033e-01,5.666974492411518405e-01
1.883153191092425682e-01,5.669365031300328539e-01
1.878757936175647070e-01,5.671748669082399275e-01
1.874358942473363376e-01,5.674125399876331910e-01
1.869956220839650851e-01,5.676495217817792982e-01
1.865549782137794765e-01,5.678858117059475408e-01
1.861139637240237787e-01,5.681214091771167318e-01
1.856725797028577207e-01,5.683563136139736516e-01
1.852308272393524413e-01,5.685905244369151568e-01
1.847887074234883520e-01,5.688240410680486248e-01
1.843462213461518340e-01,5.690568629311956173e-01
1.839033700991335174e-01,5.692889894518907701e-01
1.834601547751247008e-01,5.695204200573859010e-01
1.830165764677155749e-01,5.697511541766485665e-01
1.825726362713908646e-01,5.699811912403640601e-01
1.821283352815293022e-01,5.702105306809400753e-01
1.816836745943994080e-01,5.704391719325044852e-01
1.812386553071569373e-01,5.706671144309074517e-01
1.807932785178429924e-01,5.708943576137236464e-01
1.803475453253803595e-01,5.711209009202518061e-01
1.799014568295717320e-01,5.713467437915206171e-01
1.794550141310956859e-01,5.715718856702846074e-01
1.790082183315053477e-01,5.717963260010281434e-01
1.785610705332250914e-01,5.720200642299674287e-01
1.781135718395474854e-01,5.722430998050503925e-01
1.776657233546312942e-01,5.724654321759593545e-01
1.772175261834977866e-01,5.726870607941112468e-01
1.767689814320292929e-01,5.729079851126587242e-01
1.763200902069651521e-01,5.731282045864939390e-01
1.758708536158998526e-01,5.733477186722468755e-01
1.754212727672800898e-01,5.735665268282885698e-01
1.749713487704021020e-01,5.737846285147304437e-01
1.745210827354081728e-01,5.740020231934300776e-01
1.740704757732854380e-01,5.742187103279859928e-01
1.736195289958616383e-01,5.744346893837460888e-01
1.731682435158028444e-01,5.746499598278017595e-01
1.727166204466114574e-01,5.748645211289955537e-01
1.722646609026224351e-01,5.750783727579187321e-01
1.718123659990009044e-01,5.752915141869133775e-01
1.713597368517398578e-01,5.755039448900741705e-01
1.709067745776561009e-01,5.757156643432493892e-01
1.704534802943898086e-01,5.759266720240429072e-01
1.699998551203990849e-01,5.761369674118139717e-01
1.695459001749590744e-01,5.763465499876787579e-01
1.690916165781583824e-01,5.765554192345149209e-01
1.686370054508970762e-01,5.767635746369567107e-01
1.681820679148820774e-01,5.769710156814019664e-01
1.677268050926273568e-01,5.771777418560114503e-01
1.672712181074480220e-01,5.773837526507067386e-01
1.668153080834603730e-01,5.775890475571786586e-01
1.663590761455761291e-01,5.777936260688808501e-01
1.659025234195032894e-01,5.779974876810375362e-01
1.654456510317395268e-01,5.782006318906393050e-01
1.649884601095725212e-01,5.784030581964495488e-01
1.645309517810751021e-01,5.786047660990002450e-01
1.640731271751036391e-01,5.788057551005970636e-01
1.636149874212952937e-01,5.790060247053206988e-01
1.631565336500636898e-01,5.792055744190248712e-01
1.626977669925980530e-01,5.794044037493403243e-01
1.622386885808601298e-01,5.796025122056764900e-01
1.617792995475796636e-01,5.797998992992198231e-01
1.613196010262536173e-01,5.799965645429374650e-01
1.608595941511421767e-01,5.801925074515771330e-01
1.603992800572669741e-01,5.803877275416690074e-01
1.599386598804070914e-01,5.805822243315276188e-01
1.594777347570970616e-01,5.807759973412517374e-01
1.590165058246235941e-01,5.809690460927245947e-01
1.585549742210236035e-01,5.811613701096181028e-01
1.580931410850798802e-01,5.813529689173920767e-01
1.576310075563205071e-01,5.815438420432951228e-01
1.571685747750134476e-01,5.817339890163676364e-01
1.567058438821658239e-01,5.819234093674395814e-01
1.562428160195200866e-01,5.821121026291357081e-01
1.557794923295516276e-01,5.823000683358744434e-01
1.553158739554653944e-01,5.824873060238685563e-01
1.548519620411936970e-01,5.826738152311280450e-01
1.543877577313930438e-01,5.828595954974596927e-01
1.539232621714412830e-01,5.830446463644698429e-01
1.534584765074354651e-01,5.832289673755629567e-01
1.529934018861876244e-01,5.834125580759458307e-01
1.525280394552231689e-01,5.835954180126260438e-01
1.520623903627779938e-01,5.837775467344156199e-01
1.515964557577945682e-01,5.839589437919295856e-01
1.511302367899204080e-01,5.841396087375895219e-01
1.506637346095043017e-01,5.843195411256213445e-01
1.501969503675942563e-01,5.844987405120604107e-01
1.497298852159336946e-01,5.846772064547499648e-01
1.492625403069597623e-01,5.848549385133438028e-01
1.487949167937992478e-01,5.850319362493044961e-01
1.483270158302669450e-01,5.852081992259081655e-01
1.478588385708617670e-01,5.853837270082441480e-01
1.473903861707645535e-01,5.855585191632141084e-01
1.469216597858353512e-01,5.857325752595364809e-01
1.464526605726096664e-01,5.859058948677443590e-01
1.459833896882965221e-01,5.860784775601900476e-01
1.455138482907748776e-01,5.862503229110419545e-01
1.450440375385921021e-01,5.864214304962889202e-01
1.445739585909587011e-01,5.865917998937397737e-01
1.441036126077483437e-01,5.867614306830259974e-01
1.436330007494927286e-01,5.869303224455989509e-01
1.431621241773802233e-01,5.870984747647362001e-01
1.426909840532513962e-01,5.872658872255384077e-01
1.422195815395980167e-01,5.874325594149312213e-01
1.417479177995588924e-01,5.875984909216684926e-01
1.412759939969172318e-01,5.877636813363301682e-01
1.408038112960982857e-01,5.879281302513256202e-01
1.403313708621659606e-01,5.880918372608932021e-01
1.398586738608200430e-01,5.882548019611029133e-01
1.393857214583932580e-01,5.884170239498545119e-01
1.389125148218484929e-01,5.885785028268818442e-01
1.384390551187766605e-01,5.887392381937516239e-01
1.379653435173921194e-01,5.888992296538657634e-01
1.374913811865311197e-01,5.890584768124608184e-01
1.370171692956485832e-01,5.892169792766106529e-01
1.365427090148154388e-01,5.893747366552258837e-01
1.360680015147151811e-01,5.895317485590558793e-01
1.355930479666412058e-01,5.896880146006889811e-01
1.351178495424943116e-01,5.898435343945555021e-01
1.346424074147795913e-01,5.899983075569245061e-01
1.341667227566026299e-01,5.901523337059095820e-01
1.336907967416686438e-01,5.903056124614650679e-01
1.332146305442774847e-01,5.904581434453929356e-01
1.327382253393220579e-01,5.906099262813361284e-01
1.322615823022845472e-01,5.907609605947872211e-01
1.317847026092345830e-01,5.909112460130835354e-01
1.313075874368253848e-01,5.910607821654098037e-01
1.308302379622910960e-01,5.912095686828019447e-01
1.303526553634438978e-01,5.913576051981429549e-01
1.298748408186718439e-01,5.915048913461677937e-01
1.293967955069344200e-01,5.916514267634621627e-01
1.289185206077609613e-01,5.917972110884648362e-01
1.284400173012475166e-01,5.919422439614679954e-01
1.279612867680532673e-01,5.920865250246167832e-01
1.274823301893981686e-01,5.922300539219119697e-01
1.270031487470600073e-01,5.923728302992108397e-01
1.265237436233711266e-01,5.925148538042259716e-01
1.260441160012167050e-01,5.926561240865290126e-01
1.255642670640293723e-01,5.927966407975503449e-01
1.250841979957891537e-01,5.929364035905773100e-01
1.246039099810186818e-01,5.930754121207603147e-01
1.241234042047809488e-01,5.932136660451091670e-01
1.236426818526758231e-01,5.933511650224964074e-01
1.231617441108384253e-01,5.934879087136567533e-01
1.226805921659346321e-01,5.936238967811885425e-01
1.221992272051589251e-01,5.937591288895545105e-01
1.217176504162315737e-01,5.938936047050843436e-01
1.212358629873955401e-01,5.940273238959709046e-01
1.207538661074132186e-01,5.941602861322756723e-01
1.202716609655640617e-01,5.942924910859274101e-01
1.197892487516414445e-01,5.944239384307238305e-01
1.193066306559493611e-01,5.945546278423315956e-01
1.188238078693001770e-01,5.946845589982875380e-01
1.183407815830109650e-01,5.948137315779996603e-01
1.178575529889010348e-01,5.949421452627474682e-01
1.173741232792894634e-01,5.950697997356829694e-01
1.168904936469899597e-01,5.951966946818306736e-01
1.164066652853114753e-01,5.953228297880909237e-01
1.159226393880520289e-01,5.954482047432374525e-01
1.154384171494973466e-01,5.955728192379196040e-01
1.149539997644177663e-01,5.956966729646643310e-01
1.144693884280650609e-01,5.958197656178741974e-01
1.139845843361697031e-01,5.959420968938309304e-01
1.134995886849371055e-01,5.960636664906936444e-01
1.130144026710461491e-01,5.961844741085017274e-01
1.125290274916452143e-01,5.963045194491751744e-01
1.120434643443490447e-01,5.964238022165119224e-01
1.115577144272366372e-01,5.965423221161958445e-01
1.110717789388474541e-01,5.966600788557900881e-01
1.105856590781789384e-01,5.967770721447407389e-01
1.100993560446839881e-01,5.968933016943797076e-01
1.096128710382664462e-01,5.970087672179217320e-01
