x,y
-9.563094847410810728e-02,7.339832241295982662e-01
-9.525359069012510893e-02,7.343112463829437608e-01
-9.487414846324840334e-02,7.346368550670835385e-01
-9.449260610198056964e-02,7.349600001856158027e-01
-9.410894896501327545e-02,7.352806315380938651e-01
-9.372316348700721056e-02,7.355986987469480543e-01
-9.333523720296892090e-02,7.359141512848177413e-01
-9.294515877120079761e-02,7.362269385022689461e-01
-9.255291799480586112e-02,7.365370096558757629e-01
-9.215850584173250482e-02,7.368443139366450678e-01
-9.176191446334938662e-02,7.371488004987631903e-01
-9.136313721154443179e-02,7.374504184886480074e-01
-9.096216865434546273e-02,7.377491170742868087e-01
-9.055900459006364922e-02,7.380448454748471665e-01
-9.015364205996417857e-02,7.383375529905434886e-01
-8.974607935947116755e-02,7.386271890327485989e-01
-8.933631604791655856e-02,7.389137031543387968e-01
-8.892435295684483765e-02,7.391970450802607395e-01
-8.851019219688721629e-02,7.394771647383150404e-01
-8.809383716322069513e-02,7.397540122901451465e-01
-8.767529253962814961e-02,7.400275381624304982e-01
-8.725456430117710382e-02,7.402976930782741993e-01
-8.683165971553467866e-02,7.405644280887864195e-01
-8.640658734293704679e-02,7.408276946048560907e-01
-8.597935703483153280e-02,7.410874444291132290e-01
-8.554997993120878885e-02,7.413436297880763304e-01
-8.511846845664278183e-02,7.415962033644866169e-01
-8.468483631505459297e-02,7.418451183298265805e-01
-8.424909848321573969e-02,7.420903283770218239e-01
-8.381127120300534139e-02,7.423317877533258669e-01
-8.337137197243395248e-02,7.425694512933839198e-01
-8.292941953544583078e-02,7.428032744524750708e-01
-8.248543387050960574e-02,7.430332133399275563e-01
-8.203943617800571464e-02,7.432592247527021190e-01
-8.159144886641749028e-02,7.434812662091381252e-01
-8.114149553733109033e-02,7.436992959828514493e-01
-8.068960096924790437e-02,7.439132731367761320e-01
-8.023579110021120120e-02,7.441231575573347135e-01
-7.978009300924811253e-02,7.443289099887228089e-01
-7.932253489662562107e-02,7.445304920672892735e-01
-7.886314606291912332e-02,7.447278663559901979e-01
-7.840195688689041709e-02,7.449209963788916422e-01
-7.793899880217142195e-02,7.451098466556944633e-01
-7.747430427274940024e-02,7.452943827362465967e-01
-7.700790676724933448e-02,7.454745712350097087e-01
-7.653984073200847948e-02,7.456503798654386950e-01
-7.607014156293931406e-02,7.458217774742309514e-01
-7.559884557617696510e-02,7.459887340753972307e-01
-7.512598997750845331e-02,7.461512208841024618e-01
-7.465161283058271979e-02,7.463092103502189101e-01
-7.417575302390129466e-02,7.464626761915326147e-01
-7.369845023659236938e-02,7.466115934265368237e-01
-7.321974490297306071e-02,7.467559384067444794e-01
-7.273967817590737406e-02,7.468956888484469259e-01
-7.225829188897080202e-02,7.470308238638410092e-01
-7.177562851743601868e-02,7.471613239914457472e-01
-7.129173113809798845e-02,7.472871712257238563e-01
-7.080664338796108237e-02,7.474083490458217627e-01
-7.032040942181540244e-02,7.475248424433378336e-01
-6.983307386873466305e-02,7.476366379490282377e-01
-6.934468178753276646e-02,7.477437236583546198e-01
-6.885527862122194087e-02,7.478460892557788897e-01
-6.836491015052108267e-02,7.479437260377084229e-01
-6.787362244646848175e-02,7.480366269339933094e-01
-6.738146182219927061e-02,7.481247865278788378e-01
-6.688847478395426593e-02,7.482082010743156264e-01
-6.639470798139253394e-02,7.482868685165315892e-01
-6.590020815728658832e-02,7.483607885007704796e-01
-6.540502209668498657e-02,7.484299623891057518e-01
-6.490919657563336276e-02,7.484943932702389224e-01
-6.441277830955008388e-02,7.485540859681976134e-01
-6.391581390135937790e-02,7.486090470488510062e-01
-6.341834978948901469e-02,7.486592848241655496e-01
-6.292043219584544933e-02,7.487048093541285310e-01
-6.242210707388333446e-02,7.487456324462758994e-01
-6.192342005689091544e-02,7.487817676527626087e-01
-6.142441640661606278e-02,7.488132302649249672e-01
-6.092514096236113091e-02,7.488400373052906955e-01
-6.042563809067699049e-02,7.488622075170000558e-01
-5.992595163578868372e-02,7.488797613506106288e-01
-5.942612487088612394e-02,7.488927209482674208e-01
-5.892620045041378762e-02,7.489011101252294189e-01
-5.842622036349293807e-02,7.489049543487522609e-01
-5.792622588860888572e-02,7.489042807143386771e-01
-5.742625754969386820e-02,7.488991179193768000e-01
-5.692635507373348253e-02,7.488894962341959838e-01
-5.642655735002102824e-02,7.488754474705837660e-01
-5.592690239117990847e-02,7.488570049478121549e-01
-5.542742729606926072e-02,7.488342034562363025e-01
-5.492816821468177874e-02,7.488070792185369529e-01
-5.442916031513671260e-02,7.487756698486858209e-01
-5.393043775286322783e-02,7.487400143087258320e-01
-5.343203364206164374e-02,7.487001528634641412e-01
-5.293398002952148795e-02,7.486561270331866247e-01
-5.243630787086636658e-02,7.486079795445085283e-01
-5.193904700928562990e-02,7.485557542794848418e-01
-5.144222615680350830e-02,7.484994962231102944e-01
-5.094587287812531173e-02,7.484392514093453075e-01
-5.045001357709023165e-02,7.483750668658083471e-01
-4.995467348574909178e-02,7.483069905572830027e-01
-4.945987665607468053e-02,7.482350713281871180e-01
-4.896564595430102224e-02,7.481593588441599607e-01
-4.847200305787743857e-02,7.480799035329220859e-01
-4.797896845501183755e-02,7.479967565245642103e-01
-4.748656144676766805e-02,7.479099695914243062e-01
-4.699480015166802166e-02,7.478195950877110088e-01
-4.650370151275089181e-02,7.477256858890285462e-01
-4.601328130700971242e-02,7.476282953319600688e-01
-4.552355415714420817e-02,7.475274771538622520e-01
-4.503453354553833832e-02,7.474232854330190579e-01
-4.454623183037379613e-02,7.473157745293035337e-01
-4.405866026378051775e-02,7.472049990254862051e-01
-4.357182901191901381e-02,7.470910136693276193e-01
-4.308574717688330724e-02,7.469738733165866007e-01
-4.260042282030842425e-02,7.468536328750662312e-01
-4.211586298856179189e-02,7.467303472498182382e-01
-4.163207373939454420e-02,7.466040712896144793e-01
-4.114906016992576909e-02,7.464748597347899972e-01
-4.066682644583103495e-02,7.463427671665538998e-01
-4.018537583160498861e-02,7.462078479578539980e-01
-3.970471072176780247e-02,7.460701562258783559e-01
-3.922483267288510989e-02,7.459297457862622549e-01
-3.874574243627258718e-02,7.457866701090659634e-01
-3.826743999125756246e-02,7.456409822765779349e-01
-3.778992457887278555e-02,7.454927349429907313e-01
-3.731319473586023477e-02,7.453419802959879714e-01
-3.683724832886638156e-02,7.451887700202737275e-01
-3.636208258871446997e-02,7.450331552630672372e-01
-3.588769414464382940e-02,7.448751866015781431e-01
-3.541407905841087445e-02,7.447149140124709188e-01
-3.494123285815226715e-02,7.445523868433182590e-01
-3.446915057191562298e-02,7.443876537860389941e-01
-3.399782676076948396e-02,7.442207628523066498e-01
-3.352725555141002067e-02,7.440517613509116668e-01
-3.305743066818801756e-02,7.438806958670517444e-01
-3.258834546448638458e-02,7.437076122435213321e-01
-3.211999295338396898e-02,7.435325555637657402e-01
-3.165236583754868493e-02,7.433555701367599022e-01
-3.118545653830842590e-02,7.431766994836689344e-01
-3.071925722385487889e-02,7.429959863262433073e-01
-3.025375983654142453e-02,7.428134725768968938e-01
-2.978895611924189946e-02,7.426291993304158234e-01
-2.932483764074311772e-02,7.424432068572404120e-01
-2.886139582014947413e-02,7.422555345982619901e-01
-2.839862195028312886e-02,7.420662211610744574e-01
-2.793650722006857379e-02,7.418753043176181672e-01
-2.747504273589487789e-02,7.416828210031533031e-01
-2.701421954195389052e-02,7.414888073164979110e-01
-2.655402863955637349e-02,7.412932985214676362e-01
-2.609446100543245939e-02,7.410963290494497757e-01
-2.563550760902606751e-02,7.408979325030501384e-01
-2.517715942879662772e-02,7.406981416607446578e-01
-2.471940746754429374e-02,7.404969884824745829e-01
-2.426224276677742264e-02,7.402945041161206330e-01
-2.380565642014403904e-02,7.400907189047939427e-01
-2.334963958595055733e-02,7.398856623948838473e-01
-2.289418349879340786e-02,7.396793633448002225e-01
-2.243927948033067055e-02,7.394718497343556463e-01
-2.198491894922201262e-02,7.392631487747268748e-01
-2.153109343026671230e-02,7.390532869189435639e-01
-2.107779456277010521e-02,7.388422898728500554e-01
-2.062501410816963698e-02,7.386301826064884946e-01
-2.017274395695217715e-02,7.384169893658547590e-01
-1.972097613489441625e-02,7.382027336849800170e-01
-1.926970280865848706e-02,7.379874383982918395e-01
-1.881891629077449279e-02,7.377711256532137885e-01
-1.836860904404197248e-02,7.375538169229600705e-01
-1.791877368538154214e-02,7.373355330194883983e-01
-1.746940298916760392e-02,7.371162941065748653e-01
-1.702048989007261259e-02,7.368961197129735297e-01
-1.657202748545243132e-02,7.366750287456320656e-01
-1.612400903730196178e-02,7.364530395029306176e-01
-1.567642797380888742e-02,7.362301696879163249e-01
-1.522927789053299397e-02,7.360064364215079813e-01
-1.478255255123725465e-02,7.357818562556455166e-01
-1.433624588839617353e-02,7.355564451863624287e-01
-1.389035200340540954e-02,7.353302186667616258e-01
-1.344486516651631491e-02,7.351031916198733640e-01
-1.299977981651749548e-02,7.348753784513822884e-01
-1.255509056018445924e-02,7.346467930622032627e-01
-1.211079217151767029e-02,7.344174488608981033e-01
-1.166687959078799297e-02,7.341873587759153441e-01
-1.122334792340741461e-02,7.339565352676472587e-01
-1.078019243864217214e-02,7.337249903402910389e-01
-1.033740856818417264e-02,7.334927355535094673e-01
-9.894991904595432097e-03,7.332597820338819794e-01
-9.452938199639715489e-03,7.330261404861420083e-01
-9.011243362514159694e-03,7.327918212041961699e-01
-8.569903457992897322e-03,7.325568340819221813e-01
-8.128914704493742094e-03,7.323211886237426249e-01
-7.688273472078288595e-03,7.320848939549754464e-01
-7.247976280394530235e-03,7.318479588319575235e-01
-6.808019796570613513e-03,7.316103916519463013e-01
-6.368400833067500155e-03,7.313722004627964957e-01
-5.929116345497295604e-03,7.311333929724174174e-01
-5.490163430413613765e-03,7.308939765580121373e-01
-5.051539323079307087e-03,7.306539582751021555e-01
-4.613241395216627350e-03,7.304133448663419070e-01
-4.175267152743480925e-03,7.301721427701282074e-01
-3.737614233500052840e-03,7.299303581290089715e-01
-3.300280404968033987e-03,7.296879967978971981e-01
-2.863263561985268657e-03,7.294450643520968836e-01
-2.426561724457668157e-03,7.292015660951467471e-01
-1.990173035069459084e-03,7.289575070664886525e-01
-1.554095756993070787e-03,7.287128920489680528e-01
-1.118328271598703627e-03,7.284677255761745629e-01
-6.828690761637862261e-04,7.282220119396292102e-01
-2.477167815818498431e-04,7.279757551958272455e-01
1.871298899299156382e-04,7.277289591731449514e-01
6.216721071256037234e-04,7.274816274786173320e-01
1.055910932029641147e-03,7.272337635045972304e-01
1.489847322241277805e-03,7.269853704353028689e-01
1.923482133247153558e-03,7.267364512532636933e-01
2.356816120743981946e-03,7.264870087456718473e-01
2.789849942973765540e-03,7.262370455106501588e-01
3.222584163074665442e-03,7.259865639634435208e-01
3.655019251450314366e-03,7.257355663425431036e-01
4.087155588160709674e-03,7.254840547157529462e-01
4.518993465338128068e-03,7.252320309862060332e-01
4.950533089631337091e-03,7.249794968983397370e-01
5.381774584681753293e-03,7.247264540438377312e-01
5.812717993635113656e-03,7.244729038675485899e-01
6.243363281692254629e-03,7.242188476733861791e-01
6.673710338702856792e-03,7.239642866302218316e-01
7.103758981805652351e-03,7.237092217777756353e-01
7.533508958118939614e-03,7.234536540325119391e-01
7.962959947484804513e-03,7.231975841935489591e-01
8.392111565270810036e-03,7.229410129485855929e-01
8.820963365232359354e-03,7.226839408798544362e-01
9.249514842439118811e-03,7.224263684701044408e-01
9.677765436268637167e-03,7.221682961086187680e-01
1.010571453346986726e-02,7.219097240972730534e-01
1.053336147129942113e-02,7.216506526566368596e-01
1.096070554073293180e-02,7.213910819321226464e-01
1.138774598975347829e-02,7.211310120001837021e-01
1.181448202671897540e-02,7.208704428745644766e-01
1.224091282380980472e-02,7.206093745126030958e-01
1.266703752055771404e-02,7.203478068215874996e-01
1.309285522745652630e-02,7.200857396651649811e-01
1.351836502965471365e-02,7.198231728698023524e-01
1.394356599072950342e-02,7.195601062312975138e-01
1.436845715654146149e-02,7.192965395213369861e-01
1.479303755916810958e-02,7.190324724940971857e-01
1.521730622091452267e-02,7.187679048928842240e-01
1.564126215839822809e-02,7.185028364568069037e-01
1.606490438670502008e-02,7.182372669274760257e-01
1.648823192361174861e-02,7.179711960557235706e-01
1.691124379387158594e-02,7.177046236083313158e-01
1.733393903355620602e-02,7.174375493747625621e-01
1.775631669444914518e-02,7.171699731738843120e-01
1.817837584848348842e-02,7.169018948606693531e-01
1.860011559221655397e-02,7.166333143328675881e-01
1.902153505133354072e-02,7.163642315376321790e-01
1.944263338517120132e-02,7.160946464780879595e-01
1.986340979125246486e-02,7.158245592198279050e-01
2.028386350982154529e-02,7.155539698973216733e-01
2.070399382836912716e-02,7.152828787202220040e-01
2.112380008613622129e-02,7.150112859795519915e-01
2.154328167858486631e-02,7.147391920537569110e-01
2.196243806182340830e-02,7.144665974146037213e-01
2.238126875697343809e-02,7.141935026329110370e-01
2.279977335446529974e-02,7.139199083840919169e-01
2.321795151824848635e-02,7.136458154534920384e-01
2.363580298990332340e-02,7.133712247415062713e-01
2.405332759263965892e-02,7.130961372684556654e-01
2.447052523516853040e-02,7.128205541792076438e-01
2.488739591543272234e-02,7.125444767475235253e-01
2.530393972418180926e-02,7.122679063801159449e-01
2.572015684837791749e-02,7.119908446204019636e-01
2.613604757441827242e-02,7.117132931519349892e-01
2.655161229116091703e-02,7.114352538015038530e-01
2.696685149274093141e-02,7.111567285418826101e-01
2.738176578116410798e-02,7.108777194942227373e-01
2.779635586866634200e-02,7.105982289300739607e-01
2.821062257982752397e-02,7.103182592730246103e-01
2.862456685342926188e-02,7.100378130999540627e-01
2.903818974404683007e-02,7.097568931418897220e-01
2.945149242336680961e-02,7.094755022844632109e-01
2.986447618122264891e-02,7.091936435679614403e-01
3.027714242634138575e-02,7.089113201869716718e-01
3.068949268679685427e-02,7.086285354896186828e-01
3.110152861016418635e-02,7.083452929763962569e-01
3.151325196337373402e-02,7.080615962985953304e-01
3.192466463226209528e-02,7.077774492563337905e-01
3.233576862082054859e-02,7.074928557961933651e-01
3.274656605014172883e-02,7.072078200084739308e-01
3.315705915706712581e-02,7.069223461240718986e-01
3.356725029253945780e-02,7.066364385109968893e-01
3.397714191966505481e-02,7.063501016705380220e-01
3.438673661149274641e-02,7.060633402330943609e-01
3.479603704851780277e-02,7.057761589536862834e-01
3.520504601591903371e-02,7.054885627071638687e-01
3.561376640054064735e-02,7.052005564831316242e-01
3.602220118762958223e-02,7.049121453806089788e-01
3.643035345734152441e-02,7.046233346024457500e-01
3.683822638102879354e-02,7.043341294495164551e-01
3.724582321732530787e-02,7.040445353147133378e-01
3.765314730804322774e-02,7.037545576767618716e-01
3.806020207389831933e-02,7.034642020938828288e-01
3.846699101007997057e-02,7.031734741973217906e-01
3.887351768168381683e-02,7.028823796847740724e-01
3.927978571902407401e-02,7.025909243137241633e-01
3.968579881284409194e-02,7.022991138947276557e-01
4.009156070944266959e-02,7.020069542846560928e-01
4.049707520573506137e-02,7.017144513799302707e-01
4.090234614426604964e-02,7.014216111097628659e-01
4.130737740819384607e-02,7.011284394294339251e-01
4.171217291626200252e-02,7.008349423136200906e-01
4.211673661777703970e-02,7.005411257497980992e-01
4.252107248760858549e-02,7.002469957317432048e-01
4.292518452122862094e-02,6.999525582531399559e-01
4.332907672980540470e-02,6.996578193013246461e-01
4.373275313536711950e-02,6.993627848511752010e-01
4.413621776604989555e-02,6.990674608591633810e-01
4.453947465144339479e-02,6.987718532575860619e-01
4.494252781804647379e-02,6.984759679489848105e-01
4.534538128484499886e-02,6.981798108007697401e-01
4.574803905902230516e-02,6.978833876400539760e-01
4.615050513181195857e-02,6.975867042487117198e-01
4.655278347450181320e-02,6.972897663586647976e-01
4.695487803459691412e-02,6.969925796474054636e-01
4.735679273214818408e-02,6.966951497337614541e-01
4.775853145625236218e-02,6.963974821739060683e-01
4.816009806172816266e-02,6.960995824576167168e-01
4.856149636597220653e-02,6.958014560047840469e-01
4.896273014599786255e-02,6.955031081621714240e-01
4.936380313565844058e-02,6.952045442004248788e-01
4.976471902305612538e-02,6.949057693113321887e-01
5.016548144813651189e-02,6.946067886053277629e-01
5.056609400046865876e-02,6.943076071092409984e-01
5.096656021720824548e-02,6.940082297642838904e-01
5.136688358124288922e-02,6.937086614242722327e-01
5.176706751951604124e-02,6.934089068540751910e-01
5.216711540152663140e-02,6.931089707282882539e-01
5.256703053799990921e-02,6.928088576301201229e-01
5.296681617972598399e-02,6.925085720504895459e-01
5.336647551656040211e-02,6.922081183873223242e-01
5.376601167658187630e-02,6.919075009450402769e-01
5.416542772540167139e-02,6.916067239342357231e-01
5.456472666561865137e-02,6.913057914715214913e-01
5.496391143641371491e-02,6.910047075795480165e-01
5.536298491327790172e-02,6.907034761871788664e-01
5.576194990786711991e-02,6.904021011298160371e-01
5.616080916797727696e-02,6.901005861498653582e-01
5.655956537763309755e-02,6.897989348973346813e-01
5.695822115728435553e-02,6.894971509305534152e-01
5.735677906410213689e-02,6.891952377170080801e-01
5.775524159236963828e-02,6.888931986342816671e-01
5.815361117395995150e-02,6.885910369710921408e-01
5.855189017889533831e-02,6.882887559284182055e-01
5.895008091598108457e-02,6.879863586207076720e-01
5.934818563350804932e-02,6.876838480771579887e-01
5.974620652001824683e-02,6.873812272430632753e-01
6.014414570512713332e-02,6.870784989812197541e-01
6.054200526039743568e-02,6.867756660733829177e-01
6.093978720025902684e-02,6.864727312217704380e-01
6.133749348296971271e-02,6.861696970506026005e-01
6.173512601161187940e-02,6.858665661076764897e-01
6.213268663512053203e-02,6.855633408659678185e-01
6.253017714933817306e-02,6.852600237252526316e-01
6.292759929809191299e-02,6.849566170137482146e-01
6.332495477428948250e-02,6.846531229897634407e-01
6.372224522103001054e-02,6.843495438433586653e-01
6.411947223272573826e-02,6.840458816980080625e-01
6.451663735623200391e-02,6.837421386122611855e-01
6.491374209198191858e-02,6.834383165814010841e-01
6.531078789512309579e-02,6.831344175390952067e-01
6.570777617665357617e-02,6.828304433590353106e-01
6.610470830455481006e-02,6.825263958565643829e-01
6.650158560491900572e-02,6.822222767902887952e-01
6.689840936306937214e-02,6.819180878636714738e-01
6.729518082467059181e-02,6.816138307266058627e-01
6.769190119682874651e-02,6.813095069769674605e-01
6.808857164917833660e-02,6.810051181621428196e-01
6.848519331495533935e-02,6.807006657805330097e-01
6.888176729205550131e-02,6.803961512830314362e-01
6.927829464407575522e-02,6.800915760744739025e-01
6.967477640133895589e-02,6.797869415150614714e-01
7.007121356190021411e-02,6.794822489217539063e-01
7.046760709253474531e-02,6.791774995696334694e-01
7.086395792970615060e-02,6.788726946932392980e-01
7.126026698051490804e-02,6.785678354878710294e-01
7.165653512362663013e-02,6.782629231108616708e-01
7.205276321017989316e-02,6.779579586828204940e-01
7.244895206467275028e-02,6.776529432888435123e-01
7.284510248582892755e-02,6.773478779796948679e-01
7.324121524744242606e-02,6.770427637729559134e-01
7.363729109920141847e-02,6.767376016541448713e-01
7.403333076749055164e-02,6.764323925778048530e-01
7.442933495617279349e-02,6.761271374685631219e-01
7.482530434735001901e-02,6.758218372221590498e-01
7.522123960210305715e-02,6.755164927064439828e-01
7.561714136121097662e-02,6.752111047623508000e-01
7.601301024585027655e-02,6.749056742048360480e-01
7.640884685827392664e-02,6.746002018237928777e-01
7.680465178247050662e-02,6.742946883849371131e-01
7.720042558480422201e-02,6.739891346306654540e-01
7.759616881463524130e-02,6.736835412808876988e-01
7.799188200492165879e-02,6.733779090338323225e-01
7.838756567280261156e-02,6.730722385668269636e-01
7.878322032016363274e-02,6.727665305370534865e-01
7.917884643418376944e-02,6.724607855822789526e-01
7.957444448786579749e-02,6.721550043215624992e-01
7.997001494054895021e-02,6.718491873559387928e-01
8.036555823840527135e-02,6.715433352690793889e-01
8.076107481491950901e-02,6.712374486279308883e-01
8.115656509135321661e-02,6.709315279833321100e-01
8.155202947719314421e-02,6.706255738706099478e-01
8.194746837058469735e-02,6.703195868101545773e-01
8.234288215875018579e-02,6.700135673079747889e-01
8.273827121839297249e-02,6.697075158562335595e-01
8.313363591608738390e-02,6.694014329337649727e-01
8.352897660865463147e-02,6.690953190065717093e-01
8.392429364352574361e-02,6.687891745283054412e-01
8.431958735909100833e-02,6.684829999407296830e-01
8.471485808503675941e-02,6.681767956741641035e-01
8.511010614266989460e-02,6.678705621479139598e-01
8.550533184522993158e-02,6.675642997706825454e-01
8.590053549818965628e-02,6.672580089409669846e-01
8.629571739954364218e-02,6.669516900474403709e-01
8.669087784008622233e-02,6.666453434693175861e-01
8.708601710367783189e-02,6.663389695767065746e-01
8.748113546750130309e-02,6.660325687309465170e-01
8.787623320230719681e-02,6.657261412849309057e-01
8.827131057264930858e-02,6.654196875834178515e-01
8.866636783711023817e-02,6.651132079633268468e-01
8.906140524851718920e-02,6.648067027540237595e-01
8.945642305414860940e-02,6.645001722775917274e-01
8.985142149593142169e-02,6.641936168490917280e-01
9.024640081062956787e-02,6.638870367768099356e-01
9.064136123002367040e-02,6.635804323624948653e-01
9.103630298108256191e-02,6.632738039015821929e-01
9.143122628612615488e-02,6.629671516834099165e-01
9.182613136298062306e-02,6.626604759914218601e-01
9.222101842512575587e-02,6.623537771033618515e-01
9.261588768183467990e-02,6.620470552914572426e-01
9.301073933830614204e-02,6.617403108225937691e-01
9.340557359578977037e-02,6.614335439584793086e-01
9.380039065170439616e-02,6.611267549558005330e-01
9.419519069974949255e-02,6.608199440663692359e-01
9.458997393001022935e-02,6.605131115372605555e-01
9.498474052905608866e-02,6.602062576109434255e-01
9.537949068003323538e-02,6.598993825254022561e-01
9.577422456275128115e-02,6.595924865142508420e-01
9.616894235376388655e-02,6.592855698068394998e-01
9.656364422644414525e-02,6.589786326283544327e-01
9.695833035105425046e-02,6.586716751999095454e-01
9.735300089481035979e-02,6.583646977386327093e-01
9.774765602194218639e-02,6.580577004577446987e-01
9.814229589374787177e-02,6.577506835666320217e-01
9.853692066864427890e-02,6.574436472709137558e-01
9.893153050221278888e-02,6.571365917725024985e-01
9.932612554724090659e-02,6.568295172696603235e-01
9.972070595375964741e-02,6.565224239570484066e-01
1.001152718690771215e-01,6.562153120257726568e-01
1.005098234378084543e-01,6.559081816634236839e-01
1.009043608019019878e-01,6.556010330541125475e-01
1.012988841006621232e-01,6.552938663785019546e-01
1.016933934707690557e-01,6.549866818138334601e-01
1.020878890462952604e-01,6.546794795339502260e-01
1.024823709587191767e-01,6.543722597093165616e-01
1.028768393369361156e-01,6.540650225070334667e-01
1.032712943072664480e-01,6.537577680908507327e-01
1.036657359934615441e-01,6.534504966211763799e-01
1.040601645167070766e-01,6.531432082550825413e-01
1.044545799956245469e-01,6.528359031463082385e-01
1.048489825462701475e-01,6.525285814452609356e-01
1.052433722821323747e-01,6.522212432990135422e-01
1.056377493141272550e-01,6.519138888513004160e-01
1.060321137505922107e-01,6.516065182425109237e-01
1.064264656972781498e-01,6.512991316096806704e-01
1.068208052573401123e-01,6.509917290864810635e-01
1.072151325313266124e-01,6.506843108032067668e-01
1.076094476171675085e-01,6.503768768867614902e-01
1.080037506101607370e-01,6.500694274606430012e-01
1.083980416029580451e-01,6.497619626449250285e-01
1.087923206855493097e-01,6.494544825562397206e-01
1.091865879452462440e-01,6.491469873077572172e-01
1.095808434666649955e-01,6.488394770091647779e-01
1.099750873317077715e-01,6.485319517666447986e-01
1.103693196195437987e-01,6.482244116828514979e-01
1.107635404065895057e-01,6.479168568568867137e-01
1.111577497664877345e-01,6.476092873842745901e-01
1.115519477700866458e-01,6.473017033569358203e-01
1.119461344854174312e-01,6.469941048631602243e-01
1.123403099776719427e-01,6.466864919875792150e-01
1.127344743091791002e-01,6.463788648111371549e-01
1.131286275393812157e-01,6.460712234110618235e-01
1.135227697248092638e-01,6.457635678608342200e-01
1.139169009190578452e-01,6.454558982301574765e-01
1.143110211727594028e-01,6.451482145849249950e-01
1.147051305335578808e-01,6.448405169871880283e-01
1.150992290460816914e-01,6.445328054951225960e-01
1.154933167519161530e-01,6.442250801629945123e-01
1.158873936895753465e-01,6.439173410411251908e-01
1.162814598944730271e-01,6.436095881758554516e-01
1.166755153988933147e-01,6.433018216095088837e-01
1.170695602319603013e-01,6.429940413803545418e-01
1.174635944196071868e-01,6.426862475225684213e-01
1.178576179845446659e-01,6.423784400661940452e-01
1.182516309462285364e-01,6.420706190371022748e-01
1.186456333208264491e-01,6.417627844569502304e-01
1.190396251211841006e-01,6.414549363431387707e-01
1.194336063567905115e-01,6.411470747087695266e-01
1.198275770337422774e-01,6.408391995626003812e-01
1.202215371547074585e-01,6.405313109090002843e-01
1.206154867188879987e-01,6.402234087479028446e-01
1.210094257219819502e-01,6.399154930747588121e-01
1.214033541561441720e-01,6.396075638804871177e-01
1.217972720099465833e-01,6.392996211514256899e-01
1.221911792683373910e-01,6.389916648692800516e-01
1.225850759125992895e-01,6.386836950110718059e-01
1.229789619203069673e-01,6.383757115490850120e-01
1.233728372652837524e-01,6.380677144508124510e-01
1.237667019175570926e-01,6.377597036789000029e-01
1.241605558433136469e-01,6.374516791910908031e-01
1.245543990048530725e-01,6.371436409401673995e-01
1.249482313605415895e-01,6.368355888738934656e-01
1.253420528647642418e-01,6.365275229349551811e-01
1.257358634678770459e-01,6.362194430609008355e-01
1.261296631161580029e-01,6.359113491840802102e-01
1.265234517517579982e-01,6.356032412315830715e-01
1.269172293126509810e-01,6.352951191251772212e-01
1.273109957325840036e-01,6.349869827812465450e-01
1.277047509410267068e-01,6.346788321107281750e-01
1.280984948631210263e-01,6.343706670190493169e-01
1.284922274196305669e-01,6.340624874060656335e-01
1.288859485268904759e-01,6.337542931659975176e-01
1.292796580967572329e-01,6.334460841873692516e-01
1.296733560365592175e-01,6.331378603529469462e-01
1.300670422490478595e-01,6.328296215396785884e-01
1.304607166323495937e-01,6.325213676186344225e-01
1.308543790799190365e-01,6.322130984549493293e-01
1.312480294804934389e-01,6.319048139077672044e-01
1.316416677180486938e-01,6.315965138301867787e-01
1.320352936717573700e-01,6.312881980692098827e-01
1.324289072159487435e-01,6.309798664656938172e-01
1.328225082200714391e-01,6.306715188543050576e-01
1.332160965486588189e-01,6.303631550634782865e-01
1.336096720612975353e-01,6.300547749153785348e-01
1.340032346125997753e-01,6.297463782258684306e-01
1.343967840521790580e-01,6.294379648044798881e-01
1.347903202246308052e-01,6.291295344543925694e-01
1.351838429695174093e-01,6.288210869724171204e-01
1.355773521213584909e-01,6.285126221489858445e-01
1.359708475096268743e-01,6.282041397681510375e-01
1.363643289587507801e-01,6.278956396075900948e-01
1.367577962881223186e-01,6.275871214386200547e-01
1.371512493121135601e-01,6.272785850262211360e-01
1.375446878400998496e-01,6.269700301290695998e-01
1.379381116764914206e-01,6.266614564995817149e-01
1.383315206207736958e-01,6.263528638839682694e-01
1.387249144675569146e-01,6.260442520223014062e-01
1.391182930066353074e-01,6.257356206485937822e-01
1.395116560230568181e-01,6.254269694908907162e-01
1.399050032972034840e-01,6.251182982713762160e-01
1.402983346048833624e-01,6.248096067064943249e-01
1.406916497174342806e-01,6.245008945070842366e-01
1.410849484018401045e-01,6.241921613785328393e-01
1.414782304208598573e-01,6.238834070209424709e-01
1.418714955331702443e-01,6.235746311293165478e-01
1.422647434935221666e-01,6.232658333937622919e-01
1.426579740529113627e-01,6.229570134997121089e-01
1.430511869587639262e-01,6.226481711281633968e-01
1.434443819551365629e-01,6.223393059559371165e-01
1.438375587829324731e-01,6.220304176559564580e-01
1.442307171801326948e-01,6.217215058975442687e-01
1.446238568820431836e-01,6.214125703467419104e-01
1.450169776215579076e-01,6.211036106666465439e-01
1.454100791294378470e-01,6.207946265177699541e-01
1.458031611346062018e-01,6.204856175584170241e-01
1.461962233644593656e-01,6.201765834450841952e-01
1.465892655451934978e-01,6.198675238328779091e-01
1.469822874021472214e-01,6.195584383759524805e-01
1.473752886601588374e-01,6.192493267279675084e-01
1.477682690439389990e-01,6.189401885425629413e-01
1.481612282784570966e-01,6.186310234738525704e-01
1.485541660893417437e-01,6.183218311769349551e-01
1.489470822032941122e-01,6.180126113084190020e-01
1.493399763485132037e-01,6.177033635269666423e-01
1.497328482551326112e-01,6.173940874938470547e-01
1.501256976556674672e-01,6.170847828735056551e-01
1.505185242854703287e-01,6.167754493341421895e-01
1.509113278831950566e-01,6.164660865482998187e-01
1.513041081912671337e-01,6.161566941934609742e-01
1.516968649563592841e-01,6.158472719526496553e-01
1.520895979298703959e-01,6.155378195150379428e-01
1.524823068684068861e-01,6.152283365765537360e-01
1.528749915342640098e-01,6.149188228404892653e-01
1.532676516959062263e-01,6.146092780181068305e-01
1.536602871284439287e-01,6.142997018292396527e-01
1.540528976141056772e-01,6.139900940028863996e-01
1.544454829427030218e-01,6.136804542777958282e-01
1.548380429120868873e-01,6.133707824030397715e-01
1.552305773285928281e-01,6.130610781385716912e-01
1.556230860074739597e-01,6.127513412557688000e-01
1.560155687733189300e-01,6.124415715379549763e-01
1.564080254604533760e-01,6.121317687809015862e-01
1.568004559133228948e-01,6.118219327933049900e-01
1.571928599868558651e-01,6.115120633972372932e-01
1.575852375468039523e-01,6.112021604285690080e-01
1.579775884700587996e-01,6.108922237373602959e-01
1.583699126449434058e-01,6.105822531882206805e-01
1.587622099714764701e-01,6.102722486606334540e-01
1.591544803616084247e-01,6.099622100492436694e-01
1.595467237394277704e-01,6.096521372641087178e-01
1.599389400413364914e-01,6.093420302309096037e-01
1.603311292161939405e-01,6.090318888911212536e-01
1.607232912254276391e-01,6.087217132021418564e-01
1.611154260431112706e-01,6.084115031373797944e-01
1.615075336560079788e-01,6.081012586862969416e-01
1.618996140635804160e-01,6.077909798544095521e-01
1.622916672779654845e-01,6.074806666632450725e-01
1.626836933239150518e-01,6.071703191502556551e-01
1.630756922387025243e-01,6.068599373686887066e-01
1.634676640719951168e-01,6.065495213874143587e-01
1.638596088856930921e-01,6.062390712907111956e-01
1.642515267537362489e-01,6.059285871780111243e-01
1.646434177618783246e-01,6.056180691636040558e-01
1.650352820074309224e-01,6.053075173763041716e-01
1.654271195989775733e-01,6.049969319590795536e-01
1.658189306560594878e-01,6.046863130686456200e-01
1.662107153088343281e-01,6.043756608750256998e-01
1.666024736977097243e-01,6.040649755610799643e-01
1.669942059729529749e-01,6.037542573220048281e-01
1.673859122942785438e-01,6.034435063648053710e-01
1.677775928304157393e-01,6.031327229077425578e-01
1.681692477586579082e-01,6.028219071797582540e-01
1.685608772643951425e-01,6.025110594198803682e-01
1.689524815406324987e-01,6.022001798766097869e-01
1.693440607874963921e-01,6.018892688072929875e-01
1.697356152117295014e-01,6.015783264774814398e-01
1.701271450261779561e-01,6.012673531602821253e-01
1.705186504492717525e-01,6.009563491356986198e-01
1.709101317045006174e-01,6.006453146899686235e-01
1.713015890198867075e-01,6.003342501148976051e-01
1.716930226274570315e-01,6.000231557071930011e-01
1.720844327627159831e-01,5.997120317677984147e-01
1.724758196641209274e-01,5.994008786012328116e-01
1.728671835725612838e-01,5.990896965149350439e-01
1.732585247308436049e-01,5.987784858186153691e-01
1.736498433831830390e-01,5.984672468236164056e-01
1.740411397747034516e-01,5.981559798422853014e-01
1.744324141509463189e-01,5.978446851873574497e-01
1.748236667573906111e-01,5.975333631713540816e-01
1.752148978389832801e-01,5.972220141059941811e-01
1.756061076396826792e-01,5.969106383016223871e-01
1.759972964020136421e-01,5.965992360666529937e-01
1.763884643666374374e-01,5.962878077070314919e-01
1.767796117719339921e-01,5.959763535257132094e-01
1.771707388535994354e-01,5.956648738221612671e-01
1.775618458442575209e-01,5.953533688918609679e-01
1.779529329730858700e-01,5.950418390258550572e-01
1.783440004654564814e-01,5.947302845102956370e-01
1.787350485425911184e-01,5.944187056260152868e-01
1.791260774212306284e-01,5.941071026481167250e-01
1.795170873133186407e-01,5.937954758455789017e-01
1.799080784256985310e-01,5.934838254808825209e-01
1.802990509598244862e-01,5.931721518096502166e-01
1.806900051114843919e-01,5.928604550803044937e-01
1.810809410705356559e-01,5.925487355337406559e-01
1.814718590206520765e-01,5.922369934030135008e-01
1.818627591390821474e-01,5.919252289130392253e-01
1.822536415964169654e-01,5.916134422803089876e-01
1.826445065563679082e-01,5.913016337126147937e-01
1.830353541755525282e-01,5.909898034087855967e-01
1.834261846032879950e-01,5.906779515584339446e-01
1.838169979813916999e-01,5.903660783417097324e-01
1.842077944439871884e-01,5.900541839290626145e-01
1.845985741173147565e-01,5.897422684810094129e-01
1.849893371195463765e-01,5.894303321479066327e-01
1.853800835606028430e-01,5.891183750697265298e-01
1.857708135419725848e-01,5.888063973758350667e-01
1.861615271565314755e-01,5.884943991847708666e-01
1.865522244883617564e-01,5.881823806040240576e-01
1.869429056125695154e-01,5.878703417298114520e-01
1.873335705950994468e-01,5.875582826468507269e-01
1.877242194925455021e-01,5.872462034281278331e-01
1.881148523519568239e-01,5.869341041346594068e-01
1.885054692106369612e-01,5.866219848152461891e-01
1.888960700959360917e-01,5.863098455062188963e-01
1.892866550250342506e-01,5.859976862311713219e-01
1.896772240047145675e-01,5.856855070006827813e-01
1.900677770311254011e-01,5.853733078120260114e-01
1.904583140895300397e-01,5.850610886488585294e-01
1.908488351540421901e-01,5.847488494808990023e-01
1.912393401873462018e-01,5.844365902635826338e-01
1.916298291404011922e-01,5.841243109376967890e-01
1.920203019521262988e-01,5.838120114289943041e-01
1.924107585490666128e-01,5.834996916477819262e-01
1.928011988450380743e-01,5.831873514884836629e-01
1.931916227407493858e-01,5.828749908291742665e-01
1.935820301233996676e-01,5.825626095310844077e-01
1.939724208662496341e-01,5.822502074380724313e-01
1.943627948281653472e-01,5.819377843760613622e-01
1.947531518531318284e-01,5.816253401524407174e-01
1.951434917697349170e-01,5.813128745554273502e-01
1.955338143906098225e-01,5.810003873533858831e-01
1.959241195118534840e-01,5.806878782941049533e-01
1.963144069123987923e-01,5.803753471040261624e-01
1.967046763533491782e-01,5.800627934874240665e-01
1.970949275772699016e-01,5.797502171255330961e-01
1.974851603074344319e-01,5.794376176756197427e-01
1.978753742470231447e-01,5.791249947699952383e-01
1.982655690782713365e-01,5.788123480149669486e-01
1.986557444615641710e-01,5.784996769897245983e-01
1.990459000344752261e-01,5.781869812451567725e-01
1.994360354107455879e-01,5.778742603025952551e-01
1.998261501792003847e-01,5.775615136524829829e-01
2.002162439025997054e-01,5.772487407529609538e-01
2.006063161164196862e-01,5.769359410283712020e-01
2.009963663275604884e-01,5.766231138676695123e-01
2.013863940129777264e-01,5.763102586227457635e-01
2.017763986182330715e-01,5.759973746066454625e-01
2.021663795559597021e-01,5.756844610916878047e-01
2.025563362042391569e-01,5.753715173074770428e-01
2.029462679048844309e-01,5.750585424387992806e-01
2.033361739616258157e-01,5.747455356234020263e-01
2.037260536381935994e-01,5.744324959496501792e-01
2.041159061562944632e-01,5.741194224540518976e-01
2.045057306934754682e-01,5.738063141186513505e-01
2.048955263808715788e-01,5.734931698682803614e-01
2.052852923008311181e-01,5.731799885676646111e-01
2.056750274844152127e-01,5.728667690183780747e-01
2.060647309087643431e-01,5.725535099556413599e-01
2.064544014943291150e-01,5.722402100449557327e-01
2.068440381019586993e-01,5.719268678785712767e-01
2.072336395298418343e-01,5.716134819717790805e-01
2.076232045102971158e-01,5.713000507590270116e-01
2.080127317064055792e-01,5.709865725898499722e-01
2.084022197084826333e-01,5.706730457246136368e-01
2.087916670303840705e-01,5.703594683300645674e-01
2.091810721056421574e-01,5.700458384746847074e-01
2.095704332834279759e-01,5.697321541238452580e-01
2.099597488243370169e-01,5.694184131347601596e-01
2.103490168959935847e-01,5.691046132512335154e-01
2.107382355684735697e-01,5.687907520982025122e-01
2.111274028095417588e-01,5.684768271760743952e-01
2.115165164797037367e-01,5.681628358548591606e-01
2.119055743270712722e-01,5.678487753680980799e-01
2.122945739820417954e-01,5.675346428065932702e-01
2.126835129517931355e-01,5.672204351119418675e-01
2.130723886145963475e-01,5.669061490698804606e-01
2.134611982139492936e-01,5.665917813034482275e-01
2.138499388525366973e-01,5.662773282659785412e-01
2.142386074860221645e-01,5.659627862339290383e-01
2.146272009166798334e-01,5.656481512995654715e-01
2.150157157868750890e-01,5.653334193635140004e-01
2.154041485724047800e-01,5.650185861271996846e-01
2.157924955757098140e-01,5.647036470851927170e-01
2.161807529189741228e-01,5.643885975174850467e-01
2.165689165371271485e-01,5.640734324817228140e-01
2.169569821707672819e-01,5.637581468054235767e-01
2.173449453590277913e-01,5.634427350782091892e-01
2.177328014324072247e-01,5.631271916440897529e-01
2.181205455055893194e-01,5.628115105938346074e-01
2.185081724702802319e-01,5.624956857574716640e-01
2.188956769880917308e-01,5.621797106969572688e-01
2.192830534835027712e-01,5.618635786990637815e-01
2.196702961369330354e-01,5.615472827685323853e-01
2.200573988779646883e-01,5.612308156215448651e-01
2.204443553787518162e-01,5.609141696795650889e-01
2.208311590476560171e-01,5.605973370636107012e-01
2.212178030231523873e-01,5.602803095890104279e-01
2.216042801680492558e-01,5.599630787607090543e-01
2.219905830640674094e-01,5.596456357691806938e-01
2.223767040068264922e-01,5.593279714870154073e-01
2.227626350012865963e-01,5.590100764662395694e-01
2.231483677576941715e-01,5.586919409364373701e-01
2.235338936880826022e-01,5.583735548037340735e-01
2.239192039033770787e-01,5.580549076507049788e-01
2.243042892111540565e-01,5.577359887372705938e-01
2.246891401141044853e-01,5.574167870026381921e-01
2.250737468092498250e-01,5.570972910683436030e-01
2.254580991879576446e-01,5.567774892424479649e-01
2.258421868368027108e-01,5.564573695249370733e-01
2.262259990393159226e-01,5.561369196143671756e-01
2.266095247786629463e-01,5.558161269157941842e-01
2.269927527412882451e-01,5.554949785500190584e-01
2.273756713215586978e-01,5.551734613641742255e-01
2.277582686274368939e-01,5.548515619436660273e-01
2.281405324872067542e-01,5.545292666254845182e-01
2.285224504572732906e-01,5.542065615128779488e-01
2.289040098310486104e-01,5.538834324913847196e-01
2.292851976489335419e-01,5.535598652462022651e-01
2.296660007093956624e-01,5.532358452808634475e-01
2.300464055811393960e-01,5.529113579371816023e-01
2.304263986163559152e-01,5.525863884164146089e-01
2.308059659650341933e-01,5.522609218015850363e-01
2.311850935903059512e-01,5.519349430808888624e-01
2.315637672847924711e-01,5.516084371721081681e-01
2.319419726879096422e-01,5.512813889479390994e-01
2.323196953040845558e-01,5.509537832621332898e-01
2.326969205218263614e-01,5.506256049763436078e-01
2.330736336335882120e-01,5.502968389875564359e-01
2.334498198563505766e-01,5.499674702559860240e-01
2.338254643528485388e-01,5.496374838332984680e-01
2.342005522533602557e-01,5.493068648910290896e-01
2.345750686779676519e-01,5.489755987490507749e-01
2.349489987591950324e-01,5.486436709039502757e-01
2.353223276649281381e-01,5.483110670571645917e-01
2.356950406215091165e-01,5.479777731427296628e-01
2.360671229369033786e-01,5.476437753544963760e-01
2.364385600238293750e-01,5.473090601726675608e-01
2.368093374227411008e-01,5.469736143895147507e-01
2.371794408245528063e-01,5.466374251341367119e-01
2.375488560929958359e-01,5.463004798961310637e-01
2.379175692864964053e-01,5.459627665480498715e-01
2.382855666794678473e-01,5.456242733665268574e-01
2.386528347829106889e-01,5.452849890519658738e-01
2.390193603642192521e-01,5.449449027466944928e-01
2.393851304660970791e-01,5.446040040514947833e-01
2.397501324244884213e-01,5.442622830404364453e-01
2.401143538854391413e-01,5.439197302739480211e-01
2.404777828208063684e-01,5.435763368100755555e-01
2.408404075427443558e-01,5.432320942138887387e-01
2.412022167168994813e-01,5.428869945650109941e-01
2.415631993742583805e-01,5.425410304632569680e-01
2.419233449215983656e-01,5.421941950323793113e-01
2.422826431505007150e-01,5.418464819219352968e-01
2.426410842448943062e-01,5.414978853072962561e-01
2.429986587871073855e-01,5.411483998878350299e-01
2.433553577624132103e-01,5.407980208833372826e-01
2.437111725620652869e-01,5.404467440286913060e-01
2.440660949848257044e-01,5.400945655669209255e-01
2.444201172369992736e-01,5.397414822406350066e-01
2.447732319309937343e-01,5.393874912819741629e-01
2.451254320824348965e-01,5.390325904011399327e-01
2.454767111058718532e-01,5.386767777736009011e-01
2.458270628091154542e-01,5.383200520260704725e-01
2.461764813862585000e-01,5.379624122213589876e-01
2.465249614094321140e-01,5.376038578422004388e-01
2.468724978193576891e-01,5.372443887741606972e-01
2.472190859147586350e-01,5.368840052877303926e-01
2.475647213406989844e-01,5.365227080197092491e-01
2.479094000759197447e-01,5.361604979539853488e-01
2.482531184192454943e-01,5.357973764018099105e-01
2.485958729751359952e-01,5.354333449816706114e-01
2.489376606384583190e-01,5.350684055988574883e-01
2.492784785785550905e-01,5.347025604248167863e-01
2.496183242226854559e-01,5.343358118763792408e-01
2.499571952389122165e-01,5.339681625949509458e-01
2.502950895185106495e-01,5.335996154257428570e-01
2.506320051579690178e-01,5.332301733971172020e-01
2.509679404406526260e-01,5.328598397001168552e-01
2.513028938181960381e-01,5.324886176682455119e-01
2.516368638916904876e-01,5.321165107575529518e-01
2.519698493927253757e-01,5.317435225270820132e-01
2.523018491643426175e-01,5.313696566197230187e-01
2.526328621419574594e-01,5.309949167435188411e-01
2.529628873342967266e-01,5.306193066534565794e-01
2.532919238044001320e-01,5.302428301337785976e-01
2.536199706507274998e-01,5.298654909808403479e-01
2.539470269884113174e-01,5.294872929865364064e-01
2.542730919306885884e-01,5.291082399223139277e-01
2.545981645705434060e-01,5.287283355237868410e-01
2.549222439625873360e-01,5.283475834759616685e-01
2.552453291052022566e-01,5.279659873990810715e-01
2.555674189229649729e-01,5.275835508350895653e-01
2.558885122493712583e-01,5.272002772347215149e-01
2.562086078098735342e-01,5.268161699452096336e-01
2.565277042052427348e-01,5.264312321986108767e-01
2.568457998952641264e-01,5.260454671007421812e-01
2.571628931827725228e-01,5.256588776207203884e-01
2.574789821980311144e-01,5.252714665810951367e-01
2.577940648834563531e-01,5.248832366485675083e-01
2.581081389786898939e-01,5.244941903252812176e-01
2.584212020060159265e-01,5.241043299406771272e-01
2.587332512561233422e-01,5.237136576438977675e-01
2.590442837742092941e-01,5.233221753967317591e-01
2.593542963464211537e-01,5.229298849670861449e-01
2.596632854866335327e-01,5.225367879229761980e-01
2.599712474235568171e-01,5.221428856270211583e-01
2.602781780881737728e-01,5.217481792314384581e-01
2.605840731015017786e-01,5.213526696735253374e-01
2.608889277626770253e-01,5.209563576716218503e-01
2.611927370373623436e-01,5.205592437215497137e-01
2.614954955464752206e-01,5.201613280935187822e-01
2.617971975552395580e-01,5.197626108295019254e-01
2.620978369625631688e-01,5.193630917410724246e-01
2.623974072907466759e-01,5.189627704077069970e-01
2.626959016755286980e-01,5.185616461755524487e-01
2.629933128564783118e-01,5.181597181566619525e-01
2.632896331677456736e-01,5.177569852287038366e-01
2.635848545291838985e-01,5.173534460351513209e-01
2.638789684378602951e-01,5.169490989859599761e-01
2.641719659599760517e-01,5.165439422587447815e-01
2.644638377232180204e-01,5.161379738004675533e-01
2.647545739095673589e-01,5.157311913296503958e-01
2.650441642485965588e-01,5.153235923391290552e-01
2.653325980112867244e-01,5.149151740993647142e-01
2.656198640044025172e-01,5.145059336623318824e-01
2.659059505654643996e-01,5.140958678660036973e-01
2.661908455583641420e-01,5.136849733394555084e-01
2.664745363696704450e-01,5.132732465086082829e-01
2.667570099056766342e-01,5.128606836026381455e-01
2.670382525902481596e-01,5.124472806610724795e-01
2.673182503635270768e-01,5.120330335416006795e-01
2.675969886815595666e-01,5.116179379286216466e-01
2.678744525169122204e-01,5.112019893425546746e-01
2.681506263603483653e-01,5.107851831499372608e-01
2.684254942236389274e-01,5.103675145743329367e-01
2.686990396435847694e-01,5.099489787080720982e-01
2.689712456873302182e-01,5.095295705248477081e-01
2.692420949590518253e-01,5.091092848931810799e-01
2.695115696081055168e-01,5.086881165907792823e-01
2.697796513387191730e-01,5.082660603197926008e-01
2.700463214213191243e-01,5.078431107229857133e-01
2.703115607055762704e-01,5.074192624008257990e-01
2.705753496352621967e-01,5.069945099294914659e-01
2.708376682650007750e-01,5.065688478797961691e-01
2.710984962790010666e-01,5.061422708370196810e-01
2.713578130118543541e-01,5.057147734216299595e-01
2.716155974714739019e-01,5.052863503108737664e-01
2.718718283642534983e-01,5.048569962612077244e-01
2.721264841225119469e-01,5.044267061315309553e-01
2.723795429342876773e-01,5.039954749071751117e-01
2.726309827755356574e-01,5.035632977245969588e-01
2.728807814447737901e-01,5.031301698967122205e-01
2.731289166002107693e-01,5.026960869387951947e-01
2.733753657993800434e-01,5.022610445948667568e-01
2.736201065412865452e-01,5.018250388644754922e-01
2.738631163110638589e-01,5.013880660297738157e-01
2.741043726271169545e-01,5.009501226827770548e-01
2.743438530907151840e-01,5.005112057526877045e-01
2.745815354379751438e-01,5.000713125331530673e-01
2.748173975941597957e-01,4.996304407093238309e-01
2.750514177301934815e-01,4.991885883845648686e-01
2.752835743212759256e-01,4.987457541066687150e-01
2.755138462074521177e-01,4.983019368934132887e-01
2.757422126559746500e-01,4.978571362573018799e-01
2.759686534252687728e-01,4.974113522293179823e-01
2.761931488302910020e-01,4.969645853815278791e-01
2.764156798090421363e-01,4.965168368483608430e-01
2.766362279899807763e-01,4.960681083463984176e-01
2.768547757600512416e-01,4.956184021925078564e-01
2.770713063330271231e-01,4.951677213201579608e-01
2.772858038178441786e-01,4.947160692937633275e-01
2.774982532865816198e-01,4.942634503209090147e-01
2.777086408417324126e-01,4.938098692623216768e-01
2.779169536823881126e-01,4.933553316394611588e-01
2.781231801689533212e-01,4.928998436396238580e-01
2.783273098859923023e-01,4.924434121184633750e-01
2.785293337028094118e-01,4.919860445998515130e-01
2.787292438313557774e-01,4.915277492730221742e-01
2.789270338810618810e-01,4.910685349869601257e-01
2.791226989101968092e-01,4.906084112420184828e-01
2.793162354733651487e-01,4.901473881787705156e-01
2.795076416647641615e-01,4.896854765641239782e-01
2.796969171568449708e-01,4.892226877747484215e-01
2.798840632340366952e-01,4.887590337778903171e-01
2.800690828212237804e-01,4.882945271096711948e-01
2.802519805066916447e-01,4.878291808509862548e-01
2.804327625592922812e-01,4.873630086011433438e-01
2.806114369396148778e-01,4.868960244493980016e-01
2.807880133049865945e-01,4.864282429445618838e-01
2.809625030081752683e-01,4.859596790628736285e-01
2.811349190897017847e-01,4.854903481743397808e-01
2.813052762637249238e-01,4.850202660077596040e-01
2.814735908975034562e-01,4.845494486146611490e-01
2.816398809844911089e-01,4.840779123323797339e-01
2.818041661111664320e-01,4.836056737465142530e-01
2.819664674177497776e-01,4.831327496529989607e-01
2.821268075530052322e-01,4.826591570200255976e-01
2.822852106233698644e-01,4.821849129500473397e-01
2.824417021366975034e-01,4.817100346420894463e-01
2.825963089409414541e-01,4.812345393545828243e-01
2.827490591581425239e-01,4.807584443689253417e-01
2.828999821141163773e-01,4.802817669539640733e-01
2.830491082642673240e-01,4.798045243315750552e-01
2.831964691159793990e-01,4.793267336435041992e-01
2.833420971480563599e-01,4.788484119196135258e-01
2.834860257276959894e-01,4.783695760476603942e-01
2.836282890254970823e-01,4.778902427447195289e-01
2.837689219290007170e-01,4.774104285303373829e-01
2.839079599552698507e-01,4.769301497014919455e-01
2.840454391630050646e-01,4.764494223094119518e-01
2.841813960646878412e-01,4.759682621382906875e-01
2.843158675392268853e-01,4.754866846859146512e-01
2.844488907455667848e-01,4.750047051462100156e-01
2.845805030376974409e-01,4.745223383936941208e-01
2.847107418814767144e-01,4.740395989698072410e-01
2.848396447736519788e-01,4.735565010710853229e-01
2.849672491634361871e-01,4.730730585391245691e-01
2.850935923769599700e-01,4.725892848522774692e-01
2.852187115448903132e-01,4.721051931190133888e-01
2.853426435334679434e-01,4.716207960728668880e-01
2.854654248791821392e-01,4.711361060688942226e-01
2.855870917272640419e-01,4.706511350815513195e-01
2.857076797741444629e-01,4.701658947039052960e-01
2.858272242139868746e-01,4.696803961480879308e-01
2.859457596893697495e-01,4.691946502468992697e-01
2.860633202461634328e-01,4.687086674564697186e-01
2.861799392926098751e-01,4.682224578598880305e-01
2.862956495625884612e-01,4.677360311717066454e-01
2.864104830830191961e-01,4.672493967432357898e-01
2.865244711453329707e-01,4.667625635685411223e-01
2.866376442809115410e-01,4.662755402910634950e-01
2.867500322403805368e-01,4.657883352107822783e-01
2.868616639766227161e-01,4.653009562918475894e-01
2.869725676313570339e-01,4.648134111706104799e-01
2.870827705251220996e-01,4.643257071639854128e-01
2.871922991504852751e-01,4.638378512780824137e-01
2.873011791682966720e-01,4.633498502170503852e-01
2.874094354067930901e-01,4.628617103920799059e-01
2.875170918633593864e-01,4.623734379305129982e-01
2.876241717087484329e-01,4.618850386850177347e-01
2.877306972935609330e-01,4.613965182427833822e-01
2.878366901567880332e-01,4.609078819347008360e-01
2.879421710362223275e-01,4.604191348444922616e-01
2.880471598805454114e-01,4.599302818177622987e-01
2.881516758629079078e-01,4.594413274709396866e-01
2.882557373958205549e-01,4.589522762000899925e-01
2.883593621471861601e-01,4.584631321895739631e-01
2.884625670573052192e-01,4.579738994205371228e-01
2.885653683567011019e-01,4.574845816792112996e-01
2.886677815846149242e-01,4.569951825650175325e-01
2.887698216080343272e-01,4.565057054984573703e-01
2.888715026411224907e-01,4.560161537287846789e-01
2.889728382649325855e-01,4.555265303414490763e-01
2.890738414472914242e-01,4.550368382653077193e-01
2.891745245627548311e-01,4.545470802795987253e-01
2.892748994125386997e-01,4.540572590206759518e-01
2.893749772443446888e-01,4.535673769885020246e-01
2.894747687720016227e-01,4.530774365529007253e-01
2.895742841948584223e-01,4.525874399595681830e-01
2.896735332168659527e-01,4.520973893358459228e-01
2.897725250652966045e-01,4.516072866962573262e-01
2.898712685090559793e-01,4.511171339478107778e-01
2.899697718765461563e-01,4.506269328950738839e-01
2.900680430730493420e-01,4.501366852450218725e-01
2.901660895976014842e-01,4.496463926116669452e-01
2.902639185593355320e-01,4.491560565204704703e-01
2.903615366932752462e-01,4.486656784125477859e-01
2.904589503755654611e-01,4.481752596486661133e-01
2.905561656381295821e-01,4.476848015130466818e-01
2.906531881827474351e-01,4.471943052169720101e-01
2.907500233945495838e-01,4.467037719022087794e-01
2.908466763549291123e-01,4.462132026442486299e-01
2.909431518538689865e-01,4.457225984553759845e-01
2.910394544016927654e-01,4.452319602875662308e-01
2.911355882402413275e-01,4.447412890352231418e-01
2.912315573534826063e-01,4.442505855377578694e-01
2.913273654775645483e-01,4.437598505820193884e-01
2.914230161103178451e-01,4.432690849045775039e-01
2.915185125202198746e-01,4.427782891938687460e-01
2.916138577548303967e-01,4.422874640922055400e-01
2.917090546487089986e-01,4.417966101976582571e-01
2.918041058308266100e-01,4.413057280658116976e-01
2.918990137314818600e-01,4.408148182114032809e-01
2.919937805887334870e-01,4.403238811098452721e-01
2.920884084543611259e-01,4.398329171986379293e-01
2.921828991993635771e-01,4.393419268786748488e-01
2.922772545190077675e-01,4.388509105154477230e-01
2.923714759374372862e-01,4.383598684401511236e-01
2.924655648118501539e-01,4.378688009506935819e-01
2.925595223362578157e-01,4.373777083126160203e-01
2.926533495448307987e-01,4.368865907599231990e-01
2.927470473148436891e-01,4.363954484958281754e-01
2.928406163692235387e-01,4.359042816934161069e-01
2.929340572787123564e-01,4.354130904962265625e-01
2.930273704636484622e-01,4.349218750187598403e-01
2.931205561953742489e-01,4.344306353469069570e-01
2.932136145972749075e-01,4.339393715383085826e-01
2.933065456454552189e-01,4.334480836226408673e-01
2.933993491690569666e-01,4.329567716018350443e-01
2.934920248502225215e-01,4.324654354502277531e-01
2.935845722237088173e-01,4.319740751146479707e-01
2.936769906761529381e-01,4.314826905144387159e-01
2.937692794449946465e-01,4.309912815414185805e-01
2.938614376170578524e-01,4.304998480597807542e-01
2.939534641267922410e-01,4.300083899059350956e-01
2.940453577541796149e-01,4.295169068882914165e-01
2.941371171223047254e-01,4.290253987869878105e-01
2.942287406945954809e-01,4.285338653535639142e-01
2.943202267717317522e-01,4.280423063105826542e-01
2.944115734882291058e-01,4.275507213511995919e-01
2.945027788086964637e-01,4.270591101386848054e-01
2.945938405237744639e-01,4.265674723058963114e-01
2.946847562457556302e-01,4.260758074547100760e-01
2.947755234038937910e-01,4.255841151554059509e-01
2.948661392394061886e-01,4.250923949460153617e-01
2.949566008001758277e-01,4.246006463316305268e-01
2.950469049351629458e-01,4.241088687836817028e-01
2.951370482885334878e-01,4.236170617391826210e-01
2.952270272935167972e-01,4.231252245999518879e-01
2.953168381660051800e-01,4.226333567318104056e-01
2.954064768979107747e-01,4.221414574637648021e-01
2.954959392502963800e-01,4.216495260871772066e-01
2.955852207463017800e-01,4.211575618549323052e-01
2.956743166638867715e-01,4.206655639806037295e-01
2.957632220284173163e-01,4.201735316376313256e-01
2.958519316051256842e-01,4.196814639585134121e-01
2.959404398914742274e-01,4.191893600340264592e-01
2.960287411094628673e-01,4.186972189124780197e-01
2.961168291979177081e-01,4.182050395990070113e-01
2.962046978048088475e-01,4.177128210549378440e-01
2.962923402796437955e-01,4.172205621972055467e-01
2.963797496659926756e-01,4.167282618978590536e-01
2.964669186942033852e-01,4.162359189836609130e-01
2.965538397743691101e-01,4.157435322357939111e-01
2.966405049896192470e-01,4.152511003896925956e-01
2.967269060898060085e-01,4.147586221350121893e-01
2.968130344856643177e-01,4.142660961157543786e-01
2.968988812435314761e-01,4.137735209305639095e-01
2.969844370807120937e-01,4.132808951332156977e-01
2.970696923615823160e-01,4.127882172333070532e-01
2.971546370945303828e-01,4.122954856971760007e-01
2.972392609298333266e-01,4.118026989490598533e-01
2.973235531585751712e-01,4.113098553725144102e-01
2.974075027127114357e-01,4.108169533121081574e-01
2.974910981663899667e-01,4.103239910754098441e-01
2.975743277386369012e-01,4.098309669352823148e-01
2.976571792975174491e-01,4.093378791324993604e-01
2.977396403658810753e-01,4.088447258786944705e-01
2.978216981287964416e-01,4.083515053596566413e-01
2.979033394427811343e-01,4.078582157389759599e-01
2.979845508469238791e-01,4.073648551620502323e-01
2.980653185759922774e-01,4.068714217604511019e-01
2.981456285756109992e-01,4.063779136566526562e-01
2.982254665195859245e-01,4.058843289691156375e-01
2.983048178294392949e-01,4.053906658177226507e-01
2.983836676962083878e-01,4.048969223295489916e-01
2.984620011045449051e-01,4.044030966449564946e-01
2.985398028591378372e-01,4.039091869239861965e-01
2.986170576134653531e-01,4.034151913530270583e-01
2.986937499008595065e-01,4.029211081517277138e-01
2.987698641678521172e-01,4.024269355801192161e-01
2.988453848097425425e-01,4.019326719459055952e-01
2.989202962083123971e-01,4.014383156118807028e-01
2.989945827715817517e-01,4.009438650034197749e-01
2.990682289754830192e-01,4.004493186159958085e-01
2.991412194073018727e-01,3.999546750226610770e-01
2.992135388107086680e-01,3.994599328814376071e-01
2.992851721321843073e-01,3.989650909425511704e-01
2.993561045686159439e-01,3.984701480554488362e-01
2.994263216158197238e-01,3.979751031755311974e-01
2.994958091177234438e-01,3.974799553705385402e-01
2.995645533159255747e-01,3.969847038265231776e-01
2.996325408993288919e-01,3.964893478533485505e-01
2.996997590535314115e-01,3.959938868896521469e-01
2.997661955096471154e-01,3.954983205072198915e-01
2.998318385922197349e-01,3.950026484147153849e-01
2.998966772658876456e-01,3.945068704607228582e-01
2.999607011804555912e-01,3.940109866360598234e-01
3.000239007140329539e-01,3.935149970753291648e-01
3.000862670139022859e-01,3.930189020576827508e-01
3.001477920347938033e-01,3.925227020067831307e-01
3.002084685742539838e-01,3.920263974899509951e-01
3.002682903048156104e-01,3.915299892165031159e-01
3.003272518026988136e-01,3.910334780352854867e-01
3.003853485727951966e-01,3.905368649314265861e-01
3.004425770697198850e-01,3.900401510223316381e-01
3.004989347147446477e-01,3.895433375529589459e-01
3.005544199084605461e-01,3.890464258904189343e-01
3.006090320390556458e-01,3.885494175179486920e-01
3.006627714861296319e-01,3.880523140283188566e-01
3.007156396200072468e-01,3.875551171167351816e-01
3.007676387965526610e-01,3.870578285733044521e-01
3.008187723475254094e-01,3.865604502751329163e-01
3.008690445665566093e-01,3.860629841781347271e-01
3.009184606908671400e-01,3.855654323086205593e-01
3.009670268788786629e-01,3.850677967547463387e-01
3.010147501839102180e-01,3.845700796578920277e-01
3.010616385241787762e-01,3.840722832040462387e-01
3.011077006493553254e-01,3.835744096152630123e-01
3.011529461039517130e-01,3.830764611412594833e-01
3.011973851878364528e-01,3.825784400512128869e-01
3.012410289141941311e-01,3.820803486258150805e-01
3.012838889652610375e-01,3.815821891496332663e-01
3.013259776461759687e-01,3.810839639038233750e-01
3.013673078372928194e-01,3.805856751592314180e-01
3.014078929453056777e-01,3.800873251699177224e-01
3.014477468535327054e-01,3.795889161671255896e-01
3.014868838717003063e-01,3.790904503537166903e-01
3.015253186855620937e-01,3.785919298990826909e-01
3.015630663066724004e-01,3.780933569345423795e-01
3.016001420226207541e-01,3.775947335492230716e-01
3.016365613480158636e-01,3.770960617864251296e-01
3.016723399764874580e-01,3.765973436404579378e-01
3.017074937339528917e-01,3.760985810539376195e-01
3.017420385333720034e-01,3.755997759155276783e-01
3.017759903311911795e-01,3.751009300581057415e-01
3.018093650856497057e-01,3.746020452573323167e-01
3.018421787170996184e-01,3.741031232305998544e-01
3.018744470704632921e-01,3.736041656363343622e-01
3.019061858799282350e-01,3.731051740736266997e-01
3.019374107359547033e-01,3.726061500821631345e-01
3.019681370546498655e-01,3.721070951424308992e-01
3.019983800495369408e-01,3.716080106761699420e-01
3.020281547057301896e-01,3.711088980470462206e-01
3.020574757565051005e-01,3.706097585615185652e-01
3.020863576622357938e-01,3.701105934698783462e-01
3.021148145916562333e-01,3.696114039674326945e-01
3.021428604053871814e-01,3.691121911958155088e-01
3.021705086416563990e-01,3.686129562443995478e-01
3.021977725041306018e-01,3.681137001517952867e-01
3.022246648517700196e-01,3.676144239074134457e-01
3.022511981906024214e-01,3.671151284530804748e-01
3.022773846673155740e-01,3.666158146846864585e-01
3.023032360645575567e-01,3.661164834538570001e-01
3.023287637978309128e-01,3.656171355696327674e-01
3.023539789138696143e-01,3.651177718001499817e-01
3.023788920903812683e-01,3.646183928743083613e-01
3.024035136370423205e-01,3.641189994834230226e-01
3.024278534976329036e-01,3.636195922828484584e-01
3.024519212532004175e-01,3.631201718935730405e-01
3.024757261261468155e-01,3.626207389037749418e-01
3.024992769851332364e-01,3.621212938703399775e-01
3.025225823507050604e-01,3.616218373203327618e-01
3.025456504015413550e-01,3.611223697524235110e-01
3.025684889812395584e-01,3.606228916382649974e-01
3.025911056055512471e-01,3.601234034238205983e-01
3.026135074699882743e-01,3.596239055306401644e-01
3.026357014577273352e-01,3.591243983570868714e-01
3.026576941477423510e-01,3.586248822795100599e-01
3.026794918231039411e-01,3.581253576533699468e-01
3.027011004793854765e-01,3.576258248143093232e-01
3.027225258331246449e-01,3.571262840791776250e-01
3.027437733302923428e-01,3.566267357470049859e-01
3.027648481547249304e-01,3.561271800999296633e-01
3.027857552364819904e-01,3.556276174040783888e-01
3.028064992600949523e-01,3.551280479104031995e-01
3.028270846726761611e-01,3.546284718554728599e-01
3.028475156918620792e-01,3.541288894622249273e-01
3.028677963135661955e-01,3.536293009406748511e-01
3.028879303195249895e-01,3.531297064885886017e-01
3.029079212846151892e-01,3.526301062921163298e-01
3.029277725839338853e-01,3.521305005263920540e-01
3.029474873996247375e-01,3.516308893560975424e-01
3.029670687274444996e-01,3.511312729359953866e-01
3.029865193830608705e-01,3.506316514114293792e-01
3.030058420080771198e-01,3.501320249187972466e-01
3.030250390757781576e-01,3.496323935859932397e-01
3.030441128965981612e-01,3.491327575328257438e-01
3.030630656233060938e-01,3.486331168714081885e-01
3.030818992559112246e-01,3.481334717065270867e-01
3.031006156462880963e-01,3.476338221359858149e-01
3.031192165025240470e-01,3.471341682509286319e-01
3.031377033929915088e-01,3.466345101361420489e-01
3.031560777501476345e-01,3.461348478703392684e-01
3.031743408740661394e-01,3.456351815264239180e-01
3.031924939357050208e-01,3.451355111717389068e-01
3.032105379799144851e-01,3.446358368682968520e-01
3.032284739281906338e-01,3.441361586729974054e-01
3.032463025811797941e-01,3.436364766378282587e-01
3.032640246209384882e-01,3.431367908100543263e-01
3.032816406129562603e-01,3.426371012323926046e-01
3.032991510079445785e-01,3.421374079431775961e-01
3.033165561434010282e-01,3.416377109765127984e-01
3.033338562449516829e-01,3.411380103624153115e-01
3.033510514274810888e-01,3.406383061269478429e-01
3.033681416960541943e-01,3.401385982923446072e-01
3.033851269466383282e-01,3.396388868771276770e-01
3.034020069666321096e-01,3.391391718962172286e-01
3.034187814352079515e-01,3.386394533610339597e-01
3.034354499234772629e-01,3.381397312795978438e-01
3.034520118944846745e-01,3.376400056566195573e-01
3.034684667030421723e-01,3.371402764935898522e-01
3.034848135954100190e-01,3.366405437888631003e-01
3.035010517088361226e-01,3.361408075377406157e-01
3.035171800709621781e-01,3.356410677325495362e-01
3.035331975991103493e-01,3.351413243627224259e-01
3.035491030994604822e-01,3.346415774148749911e-01
3.035648952661307298e-01,3.341418268728855723e-01
3.035805726801783511e-01,3.336420727179743029e-01
3.035961338085312322e-01,3.331423149287863761e-01
3.036115770028713357e-01,3.326425534814760332e-01
3.036269004984839537e-01,3.321427883497971578e-01
3.036421024130941948e-01,3.316430195051959240e-01
3.036571807457101313e-01,3.311432469169121595e-01
3.036721333754954788e-01,3.306434705520850392e-01
3.036869580606950114e-01,3.301436903758689367e-01
3.037016524376394688e-01,3.296439063515563817e-01
3.037162140198559346e-01,3.291441184407122855e-01
3.037306401973146608e-01,3.286443266033183264e-01
3.037449282358414271e-01,3.281445307979303783e-01
3.037590752767315161e-01,3.276447309818475429e-01
3.037730783365969467e-01,3.271449271112968904e-01
3.037869343074858230e-01,3.266451191416319677e-01
3.038006399573122129e-01,3.261453070275482924e-01
3.038141919306359684e-01,3.256454907233139462e-01
3.038275867498340110e-01,3.251456701830197082e-01
3.038408208167072688e-01,3.246458453608457861e-01
3.038538904145662300e-01,3.241460162113471988e-01
3.038667917108390792e-01,3.236461826897586436e-01
3.038795207602500437e-01,3.231463447523172383e-01
3.038920735086102498e-01,3.226465023566054136e-01
3.039044457972676083e-01,3.221466554619107359e-01
3.039166333682585819e-01,3.216468040296052155e-01
3.039286318702053569e-01,3.211469480235394358e-01
3.039404368649959443e-01,3.206470874104547786e-01
3.039520438352880660e-01,3.201472221604072521e-01
3.039634481928670251e-01,3.196473522472055295e-01
3.039746452878892002e-01,3.191474776488567033e-01
3.039856304190353686e-01,3.186475983480208107e-01
3.039963988445908427e-01,3.181477143324672463e-01
3.040069457944652997e-01,3.176478255955329510e-01
3.040172664831559679e-01,3.171479321365754389e-01
3.040273561236493949e-01,3.166480339614182182e-01
3.040372099422476992e-01,3.161481310827824465e-01
3.040468231942965449e-01,3.156482235207013765e-01
3.040561911807780904e-01,3.151483113029097671e-01
3.040653092657253920e-01,3.146483944652055942e-01
3.040741728943976430e-01,3.141484730517749013e-01
3.040827776121481918e-01,3.136485471154777938e-01
3.040911190839009626e-01,3.131486167180849711e-01
3.040991931141399096e-01,3.126486819304645226e-01
3.041069956673045915e-01,3.121487428327079927e-01
3.041145228884696294e-01,3.116487995141952183e-01
3.041217711241780419e-01,3.111488520735891106e-01
3.041287369432845722e-01,3.106489006187600488e-01
3.041354171576557963e-01,3.101489452666328361e-01
3.041418088425661415e-01,3.096489861429571055e-01
3.041479093566205050e-01,3.091490233819958466e-01
3.041537163610295025e-01,3.086490571261351068e-01
3.041592278380584879e-01,3.081490875254120354e-01
3.041644421084712668e-01,3.076491147369659340e-01
3.041693578477894233e-01,3.071491389244117576e-01
3.041739741011915132e-01,3.066491602571446151e-01
3.041782902968805935e-01,3.061491789095763250e-01
3.041823062577606596e-01,3.056491950603139607e-01
3.041860222112673373e-01,3.051492088912856060e-01
3.041894387972173819e-01,3.046492205868248648e-01
3.041925570735525275e-01,3.041492303327206770e-01
3.041953785198743265e-01,3.036492383152462060e-01
3.041979050386856009e-01,3.031492447201749596e-01
3.042001389542752232e-01,3.026492497317985753e-01
3.042020830092079242e-01,3.021492535319543760e-01
3.042037403584042510e-01,3.016492562990786830e-01
3.042051145608231089e-01,3.011492582072924917e-01
3.042062095687815271e-01,3.006492594255356643e-01
3.042070297149782609e-01,3.001492601167539132e-01
3.042075796973069401e-01,2.996492604371538970e-01
3.042078645615738930e-01,2.991492605355294820e-01
3.042078896822570933e-01,2.986492605526698818e-01
3.042076607414647693e-01,2.981492606208523410e-01
3.042071837062718664e-01,2.976492608634265236e-01
3.042064648046297615e-01,2.971492613944896055e-01
3.042055105000598392e-01,2.966492623186572364e-01
3.042043274653514207e-01,2.961492637309253717e-01
3.042029225554945260e-01,2.956492657166264193e-01
3.042013027800832825e-01,2.951492683514704285e-01
3.041994752754253462e-01,2.946492717016727103e-01
3.041974472765945903e-01,2.941492758241571193e-01
3.041952260896561011e-01,2.936492807668327210e-01
3.041928190642888552e-01,2.931492865689329097e-01
3.041902335670164659e-01,2.926492932614117581e-01
3.041874769552466162e-01,2.921493008673873293e-01
3.041845565523031425e-01,2.916493094026250676e-01
3.041814796236165241e-01,2.911493188760505002e-01
3.041782533542204403e-01,2.906493292902857517e-01
3.041748848276815131e-01,2.901493406421982724e-01
3.041713810065678203e-01,2.896493529234576148e-01
3.041677487145409975e-01,2.891493661210895461e-01
3.041639946201336597e-01,2.886493802180244428e-01
3.041601252222545515e-01,2.881493951936302533e-01
3.041561468374407440e-01,2.876494110242291957e-01
3.041520655888586555e-01,2.871494276835894199e-01
3.041478873970353547e-01,2.866494451433920232e-01
3.041436179722855071e-01,2.861494633736671456e-01
3.041392628087826733e-01,2.856494823432005337e-01
3.041348271802123415e-01,2.851495020199050767e-01
3.041303161369272035e-01,2.846495223711612010e-01
3.041257345045224048e-01,2.841495433641214041e-01
3.041210868837321835e-01,2.836495649659830365e-01
3.041163776515501960e-01,2.831495871442271106e-01
3.041116109634667275e-01,2.826496098668270229e-01
3.041067907567156503e-01,2.821496331024257453e-01
3.041019207544209957e-01,2.816496568204864270e-01
3.040970044705373354e-01,2.811496809914146300e-01
3.040920452154742826e-01,2.806497055866582491e-01
3.040870461023029714e-01,2.801497305787829517e-01
3.040820100534451509e-01,2.796497559415299095e-01
3.040769398077489694e-01,2.791497816498523799e-01
3.040718379278631867e-01,2.786498076799393542e-01
3.040667068078257707e-01,2.781498340092225519e-01
3.040615486807908274e-01,2.776498606163732008e-01
3.040563656268235881e-01,2.771498874812863833e-01
3.040511595806999479e-01,2.766499145850588870e-01
3.040459323396544900e-01,2.761499419099577857e-01
3.040406855710280354e-01,2.756499694393844124e-01
3.040354208197697528e-01,2.751499971578327264e-01
3.040301395157587461e-01,2.746500250508458474e-01
3.040248429809130348e-01,2.741500531049674838e-01
3.040195324360623896e-01,2.736500813076945815e-01
3.040142090075612646e-01,2.731501096474267531e-01
3.040088737336315017e-01,2.726501381134172064e-01
3.040035275704185969e-01,2.721501666957223953e-01
3.039981713977590871e-01,2.716501953851540585e-01
3.039928060246510633e-01,2.711502241732307028e-01
3.039874321944315838e-01,2.706502530521323613e-01
3.039820505896584368e-01,2.701502820146549078e-01
3.039766618367047979e-01,2.696503110541684234e-01
3.039712665100707811e-01,2.691503401645752303e-01
3.039658651364189890e-01,2.686503693402722548e-01
3.039604581983454956e-01,2.681503985761133357e-01
3.039550461378949242e-01,2.676504278673757509e-01
3.039496293598300536e-01,2.671504572097264107e-01
3.039442082346681673e-01,2.666504865991925488e-01
3.039387831014965791e-01,2.661505160321324670e-01
3.039333542705763280e-01,2.656505455052095011e-01
3.039279220257502523e-01,2.651505750153668184e-01
3.039224866266627689e-01,2.646506045598052692e-01
3.039170483108061260e-01,2.641506341359612375e-01
3.039116072954037850e-01,2.636506637414880450e-01
3.039061637791400372e-01,2.631506933742369103e-01
3.039007179437495099e-01,2.626507230322409070e-01
3.038952699554734460e-01,2.621507527136992532e-01
3.038898199663953026e-01,2.616507824169633789e-01
3.038843681156619958e-01,2.611508121405241578e-01
3.038789145306017847e-01,2.606508418829994178e-01
3.038734593277457874e-01,2.601508716431239487e-01
3.038680026137602352e-01,2.596509014197385667e-01
3.038625444862981251e-01,2.591509312117820651e-01
3.038570850347751540e-01,2.586509610182817220e-01
3.038516243410771533e-01,2.581509908383470275e-01
3.038461624802050176e-01,2.576510206711614126e-01
3.038406995208616790e-01,2.571510505159773086e-01
3.038352355259855697e-01,2.566510803721088751e-01
3.038297705532371218e-01,2.561511102389283923e-01
3.038243046554398585e-01,2.556511401158598762e-01
3.038188378809820733e-01,2.551511700023763041e-01
3.038133702741812048e-01,2.546511998979942293e-01
3.038079018756145722e-01,2.541512298022716165e-01
3.038024327224200238e-01,2.536512597148031234e-01
3.037969628485670537e-01,2.531512896352184905e-01
3.037914922851044919e-01,2.526513195631788222e-01
3.037860210603825495e-01,2.521513494983750880e-01
3.037805492002549901e-01,2.516513794405249027e-01
3.037750767282608733e-01,2.511514093893716937e-01
3.037696036657888676e-01,2.506514393446818700e-01
3.037641300322244664e-01,2.501514693062441008e-01
3.037586558450827701e-01,2.496514992738670391e-01
3.037531811201265031e-01,2.491515292473789334e-01
3.037477058714719291e-01,2.486515592266255181e-01
3.037422301116817769e-01,2.481515892114700139e-01
3.037367538518485066e-01,2.476516192017911844e-01
3.037312771016653645e-01,2.471516491974835583e-01
3.037257998694892214e-01,2.466516791984559309e-01
3.037203221623931970e-01,2.461517092046314192e-01
3.037148439862112914e-01,2.456517392159464075e-01
3.037093653455738007e-01,2.451517692323507691e-01
3.037038862439354059e-01,2.446517992538068120e-01
3.036984066835944907e-01,2.441518292802900558e-01
3.036929266657059090e-01,2.436518593117879550e-01
3.036874461902850930e-01,2.431518893483011201e-01
3.036819652562048333e-01,2.426519193898419857e-01
3.036764838611846207e-01,2.421519494364363090e-01
3.036710020017716616e-01,2.416519794881220040e-01
3.036655196733136775e-01,2.411520095449508072e-01
3.036600368699241548e-01,2.406520396069875556e-01
3.036545535844374921e-01,2.401520696743114081e-01
3.036490698083557094e-01,2.396520997470159009e-01
3.036435855317848320e-01,2.391521298252102246e-01
3.036381007433608392e-01,2.386521599090193346e-01
3.036326154301638436e-01,2.381521899985857282e-01
3.036271295776200585e-01,2.376522200940696106e-01
3.036216431693901097e-01,2.371522501956511153e-01
3.036161561872425807e-01,2.366522803035307487e-01
3.036106686109116826e-01,2.361523104179317767e-01
3.036051804179364932e-01,2.356523405391012238e-01
3.035996915834805465e-01,2.351523706673127601e-01
3.035942020801308816e-01,2.346524008028680330e-01
3.035887118776711135e-01,2.341524309460998321e-01
3.035832209428297457e-01,2.336524610973744753e-01
3.035777292389970627e-01,2.331524912570952512e-01
3.035722367259106047e-01,2.326525214257055829e-01
3.035667433593028930e-01,2.321525516036933023e-01
3.035612490905086336e-01,2.316525817915943142e-01
3.035557538660264010e-01,2.311526119899987020e-01
3.035502576270292519e-01,2.306526421995546139e-01
3.035447603088184954e-01,2.301526724209758124e-01
3.035392618402140696e-01,2.296527026550472250e-01
3.035337621428741972e-01,2.291527329026334936e-01
3.035282611305359923e-01,2.286527631646864123e-01
3.035227587081665845e-01,2.281527934422555859e-01
3.035172547710167645e-01,2.276528237364980889e-01
3.035117492035630526e-01,2.271528540486906778e-01
3.035062418783264215e-01,2.266528843802426696e-01
3.035007326545535733e-01,2.261529147327114853e-01
3.034952213767436735e-01,2.256529451078183035e-01
3.034897078730027786e-01,2.251529755074673789e-01
3.034841919532065280e-01,2.246530059337659146e-01
3.034786734069485625e-01,2.241530363890481548e-01
3.034731520012494688e-01,2.236530668759006968e-01
3.034676274780001570e-01,2.231530973971921350e-01
3.034620995511080332e-01,2.226531279561048127e-01
3.034565679033129904e-01,2.221531585561723476e-01
3.034510321826371371e-01,2.216531892013192673e-01
3.034454919984267418e-01,2.211532198959079709e-01
3.034399469169412056e-01,2.206532506447886899e-01
3.034343964564412133e-01,2.201532814533576632e-01
3.034288400817221065e-01,2.196533123276204202e-01
3.034232771980330812e-01,2.191533432742647225e-01
3.034177071443187046e-01,2.186533743007398334e-01
3.034121291857141411e-01,2.181534054153473345e-01
3.034065425052175913e-01,2.176534366273413790e-01
3.034009461944598973e-01,2.171534679470419338e-01
3.033953392434837193e-01,2.166534993859606795e-01
3.033897205294382449e-01,2.161535309569431185e-01
3.033840888040905126e-01,2.156535626743262268e-01
3.033784426800465450e-01,2.151535945541165340e-01
3.033727806155709361e-01,2.146536266141886307e-01
3.033671008978859884e-01,2.141536588745084346e-01
3.033614016248286083e-01,2.136536913573825469e-01
3.033556806847363951e-01,2.131537240877391381e-01
3.033499357344313641e-01,2.126537570934419197e-01
3.033441641751675188e-01,2.121537904056436386e-01
3.033383631264062741e-01,2.116538240591832043e-01
3.033325293972849446e-01,2.111538580930321096e-01
3.033266594556442985e-01,2.106538925507966953e-01
3.033207493944878319e-01,2.101539274812843638e-01
3.033147948957496398e-01,2.096539629391421800e-01
3.033087911912605295e-01,2.091539989855777382e-01
3.033027330208142303e-01,2.086540356891727344e-01
3.032966145872521002e-01,2.081540731268055611e-01
3.032904295085077084e-01,2.076541113846930298e-01
3.032841707665772102e-01,2.071541505595737576e-01
3.032778306534125168e-01,2.066541907600485395e-01
3.032714007137687906e-01,2.061542321081031304e-01
3.032648716850817605e-01,2.056542747408369731e-01
3.032582334344934294e-01,2.051543188124291817e-01
3.032514748931982584e-01,2.046543644963705333e-01
3.032445839883399774e-01,2.041544119880033259e-01
3.032375475727506764e-01,2.036544615074044051e-01
3.032303513528924466e-01,2.031545133026617656e-01
3.032229798154337796e-01,2.026545676535899121e-01
3.032154161529677650e-01,2.021546248759429343e-01
3.032076421894613905e-01,2.016546853261801386e-01
3.031996383061024147e-01,2.011547494068509634e-01
3.031913833682928772e-01,2.006548175726625693e-01
3.031828546546216918e-01,2.001548903373037147e-01
3.031740277887233770e-01,1.996549682810914161e-01
3.031648766750063562e-01,1.991550520595180007e-01
3.031553734393021005e-01,1.986551424127651622e-01
3.031454883755444474e-01,1.981552401762549653e-01
3.031351898996402783e-01,1.976553462922971960e-01
3.031244445117270425e-01,1.971554618228883449e-01
3.031132167680345990e-01,1.966555879637016391e-01
3.031014692635757291e-01,1.961557260592913243e-01
3.030891626268714667e-01,1.956558776195195248e-01
3.030762555278860848e-01,1.951560443371842535e-01
3.030627047002887320e-01,1.946562281068020539e-01
3.030484649790735618e-01,1.941564310444652275e-01
3.030334893544733843e-01,1.936566555086587371e-01
3.030177290429648673e-01,1.931569041218763605e-01
3.030011335760141034e-01,1.926571797928421370e-01
3.029836509070339412e-01,1.921574857390839774e-01
3.029652275368246439e-01,1.916578255095741090e-01
3.029458086575516074e-01,1.911582030070912985e-01
3.029253383150792844e-01,1.906586225099251575e-01
3.029037595892282164e-01,1.901590886924908741e-01
3.028810147912651685e-01,1.896596066443956285e-01
3.028570456776711328e-01,1.891601818874574237e-01
3.028317936789624021e-01,1.886608203901644076e-01
3.028052001420836747e-01,1.881615285790428915e-01
3.027772065846365823e-01,1.876623133464105919e-01
3.027477549589692174e-01,1.871631820539971791e-01
3.027167879239411885e-01,1.866641425319509606e-01
3.026842491219801090e-01,1.861652030727836138e-01
3.026500834588938815e-01,1.856663724198753807e-01
3.026142373837703570e-01,1.851676597502222021e-01
3.025766591662165661e-01,1.846690746512056336e-01
3.025372991681387624e-01,1.841706270912568666e-01
3.024961101072703995e-01,1.836723273844006465e-01
3.024530473096936900e-01,1.831741861487791168e-01
3.024080689486956519e-01,1.826762142593807425e-01
3.023611362674295533e-01,1.821784227953203716e-01
3.023122137830326350e-01,1.816808229821408327e-01
3.022612694700647085e-01,1.811834261297201598e-01
3.022082749213875763e-01,1.806862435664786659e-01
3.021532054848833360e-01,1.801892865706714586e-01
3.020960403747232625e-01,1.796925662996348150e-01
3.020367627562207113e-01,1.791960937179112312e-01
3.019753598036462039e-01,1.786998795252251471e-01
3.019118227307261426e-01,1.782039340852932252e-01
3.018461467938926557e-01,1.777082673564578386e-01
3.017783312686894703e-01,1.772128888251011114e-01
3.017083794000622321e-01,1.767178074427560031e-01
3.016362983275677756e-01,1.762230315677594250e-01
3.015620989868111890e-01,1.757285689122130012e-01
3.014857959886758643e-01,1.752344264949139419e-01
3.014074074781226686e-01,1.747406106008084770e-01
3.013269549745188902e-01,1.742471267473985064e-01
3.012444631955992769e-01,1.737539796584053331e-01
3.011599598672690670e-01,1.732611732448654518e-01
3.010734755215221936e-01,1.727687105937063539e-01
3.009850432847811508e-01,1.722765939637231902e-01
3.008946986589571271e-01,1.717848247887667767e-01
3.008024792974892669e-01,1.712934036878398514e-01
3.007084247785519748e-01,1.708023304817086752e-01
3.006125763775251425e-01,1.703116042155514709e-01
3.005149768406960575e-01,1.698212231870994682e-01
3.004156701620266379e-01,1.693311849796729218e-01
3.003147013646622066e-01,1.688414864994771669e-01
3.002121162886897121e-01,1.683521240164992383e-01
3.001079613864786610e-01,1.678630932083386984e-01
3.000022835267597276e-01,1.673743892063089822e-01
2.998951298084125971e-01,1.668860066431611111e-01
2.997865473847584061e-01,1.663979397018092721e-01
2.996765832989782830e-01,1.659101821644711761e-01
2.995652843311137348e-01,1.654227274616791865e-01
2.994526968569435343e-01,1.649355687206665033e-01
2.993388667188928709e-01,1.644486988126814264e-01
2.992238391089879768e-01,1.639621103988423423e-01
2.991076584637524238e-01,1.634757959741950373e-01
2.989903683708324822e-01,1.629897479096947821e-01
2.988720114870417888e-01,1.625039584918834823e-01
2.987526294674350824e-01,1.620184199600923636e-01
2.986322629049552591e-01,1.615331245410379646e-01
2.985109512801346066e-01,1.610480644807362749e-01
2.983887329202981054e-01,1.605632320736924967e-01
2.982656449676733823e-01,1.600786196893658753e-01
2.981417233557988045e-01,1.595942197959376863e-01
2.980170027936021038e-01,1.591100249814456635e-01
2.978915167565225897e-01,1.586260279723622491e-01
2.977652974840506728e-01,1.581422216497246902e-01
2.976383759830685261e-01,1.576585990629302270e-01
2.975107820363940281e-01,1.571751534413337037e-01
2.973825442159475640e-01,1.566918782037793889e-01
2.972536898999855737e-01,1.562087669662202138e-01
2.971242452938750445e-01,1.557258135475662053e-01
2.969942354539083507e-01,1.552430119739164338e-01
2.968636843136925885e-01,1.547603564813171406e-01
2.967326147126763125e-01,1.542778415171961459e-01
2.966010484264123281e-01,1.537954617406075419e-01
2.964690061981853919e-01,1.533132120214268923e-01
2.963365077716666462e-01,1.528310874386188400e-01
2.962035719242884779e-01,1.523490832777029125e-01
2.960702165010611342e-01,1.518671950275269911e-01
2.959364584485880689e-01,1.513854183764549166e-01
2.958023138490538662e-01,1.509037492080644860e-01
2.956677979539982237e-01,1.504221835964457687e-01
2.955329252177006927e-01,1.499407178011793462e-01
2.953977093300339529e-01,1.494593482620705238e-01
2.952621632486579495e-01,1.489780715937012445e-01
2.951262992304519717e-01,1.484968845798655401e-01
2.949901288620921935e-01,1.480157841679332620e-01
2.948536630897077293e-01,1.475347674631957151e-01
2.947169122475542524e-01,1.470538317232285008e-01
2.945798860856623236e-01,1.465729743523104256e-01
2.944425937964264550e-01,1.460921928959258986e-01
2.943050440401145940e-01,1.456114850353812384e-01
2.941672449692817048e-01,1.451308485825503203e-01
2.940292042520833427e-01,1.446502814747757659e-01
2.938909290944901054e-01,1.441697817699331141e-01
2.937524262614088499e-01,1.436893476416769566e-01
2.936137020967232170e-01,1.432089773748728145e-01
2.934747625422682304e-01,1.427286693612273005e-01
2.933356131557582902e-01,1.422484220951175660e-01
2.931962591276902064e-01,1.417682341696278048e-01
2.930567052972433695e-01,1.412881042727919256e-01
2.929169561672041455e-01,1.408080311840458343e-01
2.927770159179385878e-01,1.403280137708875497e-01
2.926368884204401111e-01,1.398480509857467080e-01
2.924965772484804383e-01,1.393681418630594582e-01
2.923560856898885785e-01,1.388882855165497476e-01
2.922154167569847028e-01,1.384084811367112255e-01
2.920745731961948977e-01,1.379287279884914286e-01
2.919335574968715541e-01,1.374490254091712549e-01
2.917923718993428173e-01,1.369693728064406146e-01
2.916510184022140795e-01,1.364897696566644836e-01
2.915094987689440531e-01,1.360102155033386939e-01
2.913678145337137426e-01,1.355307099557316874e-01
2.912259670066090766e-01,1.350512526877110098e-01
2.910839572781339646e-01,1.345718434367497718e-01
2.909417862230694318e-01,1.340924820031147435e-01
2.907994545036941547e-01,1.336131682492315287e-01
2.906569625723789407e-01,1.331339020992260425e-01
2.905143106735673664e-01,1.326546835386430701e-01
2.903714988451518986e-01,1.321755126143377979e-01
2.902285269192550476e-01,1.316963894345446473e-01
2.900853945224225461e-01,1.312173141691177491e-01
2.899421010752342154e-01,1.307382870499498306e-01
2.897986457913381830e-01,1.302593083715642974e-01
2.896550276759112252e-01,1.297803784918870607e-01
2.895112455235471227e-01,1.293014978331948894e-01
2.893672979155756941e-01,1.288226668832471722e-01
2.892231832168109529e-01,1.283438861965982003e-01
2.890788995717299414e-01,1.278651563960976345e-01
2.889344449000783577e-01,1.273864781745782659e-01
2.887898168919030839e-01,1.269078522967375111e-01
2.886450130020078442e-01,1.264292796012133069e-01
2.885000304438299912e-01,1.259507610028615110e-01
2.883548661827339821e-01,1.254722974952361403e-01
2.882095169287198777e-01,1.249938901532787749e-01
2.880639791285436457e-01,1.245155401362212366e-01
2.879182489572460479e-01,1.240372486907054261e-01
2.877723223090888904e-01,1.235590171541260940e-01
2.876261947878984149e-01,1.230808469582018727e-01
2.874798616968140541e-01,1.226027396327767915e-01
2.873333180274471044e-01,1.221246968098608221e-01
2.871865584484506462e-01,1.216467202279101212e-01
2.870395772935072642e-01,1.211688117363552974e-01
2.868923685487430042e-01,1.206909733003767027e-01
2.867449258395793343e-01,1.202132070059365176e-01
2.865972424170358801e-01,1.197355150650637468e-01
2.864493111435045813e-01,1.192578998214013364e-01
2.863011244780159226e-01,1.187803637560108649e-01
2.861526744610262130e-01,1.183029094934406888e-01
2.860039526987568914e-01,1.178255398080529925e-01
2.858549503471261577e-01,1.173482576306114078e-01
2.857056580953152292e-01,1.168710660551238734e-01
2.855560661490227359e-01,1.163939683459389585e-01
2.854061642134640975e-01,1.159169679450857693e-01
2.852559414761848267e-01,1.154400684798542187e-01
2.851053865897590356e-01,1.149632737706005603e-01
2.849544876544606309e-01,1.144865878387700819e-01
2.848032322009975692e-01,1.140100149151186404e-01
2.846516071734130904e-01,1.135335594481181598e-01
2.844995989122650615e-01,1.130572261125234457e-01
2.843471931382085538e-01,1.125810198180771105e-01
2.841943749361132143e-01,1.121049457183261877e-01
2.840411287398594276e-01,1.116290092195192374e-01
2.838874383179693650e-01,1.111532159895477490e-01
2.837332867602362363e-01,1.106775719668957603e-01
2.835786564655279340e-01,1.102020833695520619e-01
2.834235291309494809e-01,1.097267567038400227e-01
2.832678857425587893e-01,1.092515987731100813e-01
2.831117065678383504e-01,1.087766166862402795e-01
2.829549711501317955e-01,1.083018178658806674e-01
2.827976583052626003e-01,1.078272100563777425e-01
2.826397461205557571e-01,1.073528013313028717e-01
2.824812119564853452e-01,1.068786001005105346e-01
2.823220324511748203e-01,1.064046151166424536e-01
2.821621835279749524e-01,1.059308554809914593e-01
2.820016404063389048e-01,1.054573306486304984e-01
2.818403776162132779e-01,1.049840504327139712e-01
2.816783690161513976e-01,1.045110250078450376e-01
2.815155878153454694e-01,1.040382649124099723e-01
2.813520065997607844e-01,1.035657810497641051e-01
2.811875973625352909e-01,1.030935846881652074e-01
2.810223315387901932e-01,1.026216874593348649e-01
2.808561800449707047e-01,1.021501013555379256e-01
2.806891133228084367e-01,1.016788387250614489e-01
2.805211013879689297e-01,1.012079122659830244e-01
2.803521138834098592e-01,1.007373350181123284e-01
2.801821201374413706e-01,1.002671203530014488e-01
2.800110892264391360e-01,9.979728196191683942e-02
2.798389900421164311e-01,9.932783384167986895e-02
2.796657913632215609e-01,9.885879027828192722e-02
2.794914619314737836e-01,9.839016582820236945e-02
2.793159705315098051e-01,9.792197529735469086e-02
2.791392860745608440e-01,9.745423371761630094e-02
2.789613776855308647e-01,9.698695632089793239e-02
2.787822147931035000e-01,9.652015851073880714e-02
2.786017672224512243e-01,9.605385583142589390e-02
2.784200052900832612e-01,9.558806393466146023e-02
2.782368999003193011e-01,9.512279854382277300e-02
2.780524226428437995e-01,9.465807541588844298e-02
2.778665458907555452e-01,9.419391030112334029e-02
2.776792428985026540e-01,9.373031890065330884e-02
2.774904878990628321e-01,9.326731682207556329e-02
2.773002561997179871e-01,9.280491953329184085e-02
2.771085242757537204e-01,9.234314231476781210e-02
2.769152698614144592e-01,9.188200021046177834e-02
2.767204720374460969e-01,9.142150797768155979e-02
2.765241113145694429e-01,9.096168003616378339e-02
2.763261697122439964e-01,9.050253041668399057e-02
2.761266308321123075e-01,9.004407270953540543e-02
2.759254799255426160e-01,8.958632001322597294e-02
2.757227039547335279e-01,8.912928488376137270e-02
2.755182916468897902e-01,8.867297928488893088e-02
2.753122335410324029e-01,8.821741453968989788e-02
2.751045220270662561e-01,8.776260128390034332e-02
2.748951513767939892e-01,8.730854942134724794e-02
2.746841177666310418e-01,8.685526808187138403e-02
2.744714192918501494e-01,8.640276558209947222e-02
2.742570559722576906e-01,8.595104938940811845e-02
2.740410297492779090e-01,8.550012608940049663e-02
2.738233444744945233e-01,8.505000135718754350e-02
2.736040058897769578e-01,8.460067993273689968e-02
2.733830215991855939e-01,8.415216560051075323e-02
2.731604010329222731e-01,8.370446117358387728e-02
2.729361554036549009e-01,8.325756848238119456e-02
2.727102976556066150e-01,8.281148836813867486e-02
2.724828424068520549e-01,8.236622068114041184e-02
2.722538058853172238e-01,8.192176428374153829e-02
2.720232058590118518e-01,8.147811705813812200e-02
2.717910615610690250e-01,8.103527591880188563e-02
2.715573936101862706e-01,8.059323682945140899e-02
2.713222239270871583e-01,8.015199482439205880e-02
2.710855756476332479e-01,7.971154403401414790e-02
2.708474730332249836e-01,7.927187771420618478e-02
2.706079413791261379e-01,7.883298827940543596e-02
2.703670069213411908e-01,7.839486733898226589e-02
2.701246967426595980e-01,7.795750573662674210e-02
2.698810386784630255e-01,7.752089359239522359e-02
2.696360612228656528e-01,7.708502034704811656e-02
2.693897934357297741e-01,7.664987480831586542e-02
2.691422648510629623e-01,7.621544519871015222e-02
2.688935053872726355e-01,7.578171920451159949e-02
2.686435452597053519e-01,7.534868402555761069e-02
2.683924148958684031e-01,7.491632642547174648e-02
2.681401448536783194e-01,7.448463278198469428e-02
2.678867657430452631e-01,7.405358913700943457e-02
2.676323081510547652e-01,7.362318124616118453e-02
2.673768025709674090e-01,7.319339462742247004e-02
2.671202793352124294e-01,7.276421460868864877e-02
2.668627685525138959e-01,7.233562637394264083e-02
2.666043000492448467e-01,7.190761500784581539e-02
2.663449033150693257e-01,7.148016553854785737e-02
2.660846074528987470e-01,7.105326297855329987e-02
2.658234411331511504e-01,7.062689236350516708e-02
2.655614325522784869e-01,7.020103878877603787e-02
2.652986093954931013e-01,6.977568744377826704e-02
2.650349988036053706e-01,6.935082364393585497e-02
2.647706273438579228e-01,6.892643286027699823e-02
2.645055209846276512e-01,6.850250074663544186e-02
2.642397050738441999e-01,6.807901316446252071e-02
2.639732043209679357e-01,6.765595620527664611e-02
2.637060427823502140e-01,6.723331621078698639e-02
2.634382438497980816e-01,6.681107979075073811e-02
2.631698302421549007e-01,6.638923383862849192e-02
2.629008239997038254e-01,6.596776554512062685e-02
2.626312464812012859e-01,6.554666240967110813e-02
2.623611183633469679e-01,6.512591225003760975e-02
2.620904596424932231e-01,6.470550321002765948e-02
2.618192896384071711e-01,6.428542376551193982e-02
2.615476269998966430e-01,6.386566272882121531e-02
2.612754897121181141e-01,6.344620925164079495e-02
2.610028951053905422e-01,6.302705282651399621e-02
2.607298598653479127e-01,6.260818328706729829e-02
2.604564000442654015e-01,6.218959080706554232e-02
2.601825310734082741e-01,6.177126589840875592e-02
2.599082677762560856e-01,6.135319940816952311e-02
2.596336243824661771e-01,6.093538251477936818e-02
2.593586145424469080e-01,6.051780672345463685e-02
2.590832513424220496e-01,6.010046386095901916e-02
2.588075473198739873e-01,5.968334606978720203e-02
2.585315144792648123e-01,5.926644580185602695e-02
2.582551643079394887e-01,5.884975581177620541e-02
2.579785077921268321e-01,5.843326914978164144e-02
2.577015554329590286e-01,5.801697915437997732e-02
2.574243172624395282e-01,5.760087944478908817e-02
2.571468028592970301e-01,5.718496391321392647e-02
2.568690213646678266e-01,5.676922671701922773e-02
2.565909814975572134e-01,5.635366227084204205e-02
2.563126915700373321e-01,5.593826523868961065e-02
2.560341595021414784e-01,5.552303052605922495e-02
2.557553928364235674e-01,5.510795327211637229e-02
2.554763987521543323e-01,5.469302884195981207e-02
2.551971840791312784e-01,5.427825281900200416e-02
2.549177553110830718e-01,5.386362099748731591e-02
2.546381186186534862e-01,5.344912937517043439e-02
2.543582798619513641e-01,5.303477414616863950e-02
2.540782446026609298e-01,5.262055169400836618e-02
2.537980181157023507e-01,5.220645858487249491e-02
2.535176054004434354e-01,5.179249156106413565e-02
2.532370111914561406e-01,5.137864753469045809e-02
2.529562399688238816e-01,5.096492358157667102e-02
2.526752959679967603e-01,5.055131693541259352e-02
2.523941831892027032e-01,5.013782498213670280e-02
2.521129054064152886e-01,4.972444525455910203e-02
2.518314661758892514e-01,4.931117542722451841e-02
2.515498688442645570e-01,4.889801331151588659e-02
2.512681165562521413e-01,4.848495685099762920e-02
2.509862122619054281e-01,4.807200411699685816e-02
2.507041587234887237e-01,4.765915330442105358e-02
2.504219585219487065e-01,4.724640272780955552e-02
2.501396140630010034e-01,4.683375081761687042e-02
2.498571275828377070e-01,4.642119611672235191e-02
2.495745011534677704e-01,4.600873727716614514e-02
2.492917366876969132e-01,4.559637305710473321e-02
2.490088359437575283e-01,4.518410231798619670e-02
2.487258005295958918e-01,4.477192402193685972e-02
2.484426319068263889e-01,4.435983722936043261e-02
2.481593313943592227e-01,4.394784109674332306e-02
2.478759001717109889e-01,4.353593487466378420e-02
2.475923392820037761e-01,4.312411790600079176e-02
2.473086496346618424e-01,4.271238962434098507e-02
2.470248320078093640e-01,4.230074955257889791e-02
2.467408870503793039e-01,4.188919730171059008e-02
2.464568152839353987e-01,4.147773256981412970e-02
2.461726171042146472e-01,4.106635514121959041e-02
2.458882927823942410e-01,4.065506488586190237e-02
2.456038424660883235e-01,4.024386175881922156e-02
2.453192661800760177e-01,3.983274580003159926e-02
2.450345638267671100e-01,3.942171713420228318e-02
2.447497351864063309e-01,3.901077597087765358e-02
2.444647799170193425e-01,3.859992260470845871e-02
2.441796975541023207e-01,3.818915741588924107e-02
2.438944875100576282e-01,3.777848087077873007e-02
2.436091490733753584e-01,3.736789352269875852e-02
2.433236814075634136e-01,3.695739601291525567e-02
2.430380835498245073e-01,3.654698907179976253e-02
2.427523544094825347e-01,3.613667352017546630e-02
2.424664927661563107e-01,3.572645027084553337e-02
2.421804972676815104e-01,3.531632033030973616e-02
2.418943664277785344e-01,3.490628480066770845e-02
2.416080986234677985e-01,3.449634488171393620e-02
2.413216920922277853e-01,3.408650187322492808e-02
2.410351449288984094e-01,3.367675717744289532e-02
2.407484550823244807e-01,3.326711230175705136e-02
2.404616203517403739e-01,3.285756886158830437e-02
2.401746383828927411e-01,3.244812858347689843e-02
2.398875066638997133e-01,3.203879330838099726e-02
2.396002225208452019e-01,3.162956499518498887e-02
2.393127831131071359e-01,3.122044572442517207e-02
2.390251854284160260e-01,3.081143770223404577e-02
2.387374262776456868e-01,3.040254326450819722e-02
2.384495022893318439e-01,2.999376488130289786e-02
2.381614099039204013e-01,2.958510516145806957e-02
2.378731453677424834e-01,2.917656685745861900e-02
2.375847047267190815e-01,2.876815287053313686e-02
2.372960838197925304e-01,2.835986625599473676e-02
2.370072782720888671e-01,2.795171022882769751e-02
2.367182834878105713e-01,2.754368816952257326e-02
2.364290946428633522e-01,2.713580363016365737e-02
2.361397066772195352e-01,2.672806034077057635e-02
2.358501142870230438e-01,2.632046221589889878e-02
2.355603119164395298e-01,2.591301336149798296e-02
2.352702937492603674e-01,2.550571808203350166e-02
2.349800537002642853e-01,2.509858088786920405e-02
2.346895854063494047e-01,2.469160650291657433e-02
2.343988822174419007e-01,2.428479987254539285e-02
2.341079371871953307e-01,2.387816617176041767e-02
2.338167430634917332e-01,2.347171081364129996e-02
2.335252922787603158e-01,2.306543945804429008e-02
2.332335769401286674e-01,2.265935802056373571e-02
2.329415888194259765e-01,2.225347268175104087e-02
2.326493193430566875e-01,2.184778989658664461e-02
2.323567595817667975e-01,2.144231640420102281e-02
2.320639002403269979e-01,2.103705923783905085e-02
2.317707316471574741e-01,2.063202573506117687e-02
2.314772437439233943e-01,2.022722354817474422e-02
2.311834260751294556e-01,1.982266065488635931e-02
2.308892677777474589e-01,1.941834536916631215e-02
2.305947575709093866e-01,1.901428635231439124e-02
2.302998837457041204e-01,1.861049262421665684e-02
2.300046341551146012e-01,1.820697357477796263e-02
2.297089962041381217e-01,1.780373897552034457e-02
2.294129568401304942e-01,1.740079899132762620e-02
2.291165025434207247e-01,1.699816419232569320e-02
2.288196193182416016e-01,1.659584556587534454e-02
2.285222926840259350e-01,1.619385452866528574e-02
2.282245076671170769e-01,1.579220293888072835e-02
2.279262487929475667e-01,1.539090310843105325e-02
2.276275000787378044e-01,1.498996781521189092e-02
2.273282450267694321e-01,1.458941031538207866e-02
2.270284666182892097e-01,1.418924435562796127e-02
2.267281473080998977e-01,1.378948418539494014e-02
2.264272690198939342e-01,1.339014456905618378e-02
2.261258131423883044e-01,1.299124079799618414e-02
2.258237605263168357e-01,1.259278870257884986e-02
2.255210914823375379e-01,1.219480466397449003e-02
2.252177857799098903e-01,1.179730562581426945e-02
2.249138226471991409e-01,1.140030910564715505e-02
2.246091807720597966e-01,1.100383320616482585e-02
2.243038383041522643e-01,1.060789662616834494e-02
2.239977728582414895e-01,1.021251867124350898e-02
2.236909615187272216e-01,9.817719264115565281e-03
2.233833808454493697e-01,9.423518954650988988e-03
2.230750068808123043e-01,9.029938929478231735e-03
2.227658151582657398e-01,8.637001021191359484e-03
2.224557807121779474e-01,8.244727717111821619e-03
2.221448780891311092e-01,7.853142167572602084e-03
2.218330813606665675e-01,7.462268193697774166e-03
2.215203641374997867e-01,7.072130294645373461e-03
2.212066995852236262e-01,6.682753654287054701e-03
2.208920604415089695e-01,6.294164147291336775e-03
2.205764190348104836e-01,5.906388344588120454e-03
2.202597473045752874e-01,5.519453518181727247e-03
2.199420168229505312e-01,5.133387645291809243e-03
2.196231988179755679e-01,4.748219411791043676e-03
2.193032641982433917e-01,4.363978214920849474e-03
2.189821835790033699e-01,3.980694165258924500e-03
2.186599273096775098e-01,3.598398087918619481e-03
2.183364655027513479e-01,3.217121522958832358e-03
2.180117680639978850e-01,2.836896724987103546e-03
2.176858047239838279e-01,2.457756661937371412e-03
2.173585450708051259e-01,2.079735013008288114e-03
2.170299585839886858e-01,1.702866165746219629e-03
2.167000146694969820e-01,1.327185212263271019e-03
2.163686826957617881e-01,9.527279445777914191e-04
2.160359320306729225e-01,5.795308490706974069e-04
2.157017320794395732e-01,2.076311000497321757e-04
2.153660523232417690e-01,-1.629334475821142547e-04
2.150288623585813463e-01,-5.321242665575764974e-04
2.146901319372429839e-01,-8.999021663745887523e-04
2.143498310067691592e-01,-1.266227303324818365e-03
2.140079297513541590e-01,-1.631059191416261989e-03
2.136643986330567235e-01,-1.994356714186684698e-03
2.133192084332344585e-01,-2.356078137397799033e-03
2.129723302940964291e-01,-2.716181122604299780e-03
2.126237357602762390e-01,-3.074622741583876717e-03
2.122733968203228960e-01,-3.431359491617769208e-03
2.119212859480121558e-01,-3.786347311604876253e-03
2.115673761433773115e-01,-4.139541598995544192e-03
2.112116409733664490e-01,-4.490897227525714186e-03
2.108540546120274695e-01,-4.840368565732111605e-03
2.104945918801344462e-01,-5.187909496229048401e-03
2.101332282841611165e-01,-5.533473435723523792e-03
2.097699400545214032e-01,-5.877013355746307788e-03
2.094047041829917577e-01,-6.218481804075248753e-03
2.090374984592407726e-01,-6.557830926824936846e-03
2.086683015063907909e-01,-6.895012491179408620e-03
2.082970928155451762e-01,-7.229977908738693948e-03
2.079238527792160174e-01,-7.562678259456778740e-03
2.075485627235949260e-01,-7.893064316140341319e-03
