x,y
4.469125650582488896e-01,1.243138802888207051e-01
4.470739021547087688e-01,1.244320754357486070e-01
4.472346479530400765e-01,1.245510735017331949e-01
4.473947983881330637e-01,1.246708716213993928e-01
4.475543494189395122e-01,1.247914668943584521e-01
4.477132970288631997e-01,1.249128563854823987e-01
4.478716372261443146e-01,1.250350371251833792e-01
4.480293660442414283e-01,1.251580061096977947e-01
4.481864795422095815e-01,1.252817603013752779e-01
4.483429738050744850e-01,1.254062966289724301e-01
4.484988449442033898e-01,1.255316119879511805e-01
4.486540890976716267e-01,1.256577032407817929e-01
4.488087024306247064e-01,1.257845672172503981e-01
4.489626811356379199e-01,1.259122007147711886e-01
4.491160214330706113e-01,1.260406004987026929e-01
4.492687195714161197e-01,1.261697633026688803e-01
4.494207718276485575e-01,1.262996858288840951e-01
4.495721745075648146e-01,1.264303647484825155e-01
4.497229239461215666e-01,1.265617967018518031e-01
4.498730165077688969e-01,1.266939782989706109e-01
4.500224485867793112e-01,1.268269061197503933e-01
4.501712166075709232e-01,1.269605767143809627e-01
4.503193170250280319e-01,1.270949866036799603e-01
4.504667463248158144e-01,1.272301322794462675e-01
4.506135010236900773e-01,1.273660102048170539e-01
4.507595776698034018e-01,1.275026168146284611e-01
4.509049728430055137e-01,1.276399485157799496e-01
4.510496831551392138e-01,1.277780016876020608e-01
4.511937052503312007e-01,1.279167726822277029e-01
4.513370358052781750e-01,1.280562578249667960e-01
4.514796715295274487e-01,1.281964534146840806e-01
4.516216091657534459e-01,1.283373557241802576e-01
4.517628454900279866e-01,1.284789610005760696e-01
4.519033773120860742e-01,1.286212654656996857e-01
4.520432014755867978e-01,1.287642653164768058e-01
4.521823148583676288e-01,1.289079567253235969e-01
4.523207143726957202e-01,1.290523358405427923e-01
4.524583969655113225e-01,1.291973987867219842e-01
4.525953596186680916e-01,1.293431416651350530e-01
4.527315993491665136e-01,1.294895605541455941e-01
4.528671132093828877e-01,1.296366515096132044e-01
4.530018982872919819e-01,1.297844105653021829e-01
4.531359517066854692e-01,1.299328337332920913e-01
4.532692706273832028e-01,1.300819170043908124e-01
4.534018522454406619e-01,1.302316563485499679e-01
4.535336937933495682e-01,1.303820477152815849e-01
4.536647925402338410e-01,1.305330870340774829e-01
4.537951457920390008e-01,1.306847702148303814e-01
4.539247508917171881e-01,1.308370931482560340e-01
4.540536052194051875e-01,1.309900517063183056e-01
4.541817061925979004e-01,1.311436417426545264e-01
4.543090512663159330e-01,1.312978590930034550e-01
4.544356379332663565e-01,1.314526995756337691e-01
4.545614637239998590e-01,1.316081589917746097e-01
4.546865262070601821e-01,1.317642331260466815e-01
4.548108229891290044e-01,1.319209177468952388e-01
4.549343517151648864e-01,1.320782086070233230e-01
4.550571100685358861e-01,1.322361014438268034e-01
4.551790957711474572e-01,1.323945919798295567e-01
4.553003065835639074e-01,1.325536759231200068e-01
4.554207403051236946e-01,1.327133489677879974e-01
4.555403947740503945e-01,1.328736067943625532e-01
4.556592678675562280e-01,1.330344450702500014e-01
4.557773575019412049e-01,1.331958594501725934e-01
4.558946616326856605e-01,1.333578455766075144e-01
4.560111782545374082e-01,1.335203990802261709e-01
4.561269054015930635e-01,1.336835155803335617e-01
4.562418411473736501e-01,1.338471906853079541e-01
4.563559836048944884e-01,1.340114199930402539e-01
4.564693309267295884e-01,1.341761990913737657e-01
4.565818813050692149e-01,1.343415235585433409e-01
4.566936329717743437e-01,1.345073889636144993e-01
4.568045841984218480e-01,1.346737908669223549e-01
4.569147332963474084e-01,1.348407248205097664e-01
4.570240786166802627e-01,1.350081863685653472e-01
4.571326185503743478e-01,1.351761710478608935e-01
4.572403515282319475e-01,1.353446743881877301e-01
4.573472760209232324e-01,1.355136919127929440e-01
4.574533905389996380e-01,1.356832191388142317e-01
4.575586936329012477e-01,1.358532515777142735e-01
4.576631838929599572e-01,1.360237847357138041e-01
4.577668599493956436e-01,1.361948141142240443e-01
4.578697204723077840e-01,1.363663352102773285e-01
4.579717641716617438e-01,1.365383435169572057e-01
4.580729897972688480e-01,1.367108345238269018e-01
4.581733961387621235e-01,1.368838037173564504e-01
4.582729820255656006e-01,1.370572465813484075e-01
4.583717463268591752e-01,1.372311585973620407e-01
4.584696879515381962e-01,1.374055352451359069e-01
4.585668058481667253e-01,1.375803720030088773e-01
4.586630990049274104e-01,1.377556643483392185e-01
4.587585664495641424e-01,1.379314077579220366e-01
4.588532072493213820e-01,1.381075977084048334e-01
4.589470205108773238e-01,1.382842296767009260e-01
4.590400053802724534e-01,1.384612991404011728e-01
4.591321610428329980e-01,1.386388015781832850e-01
4.592234867230892137e-01,1.388167324702192229e-01
4.593139816846893986e-01,1.389950872985801500e-01
4.594036452303080220e-01,1.391738615476393881e-01
4.594924767015503009e-01,1.393530507044727085e-01
4.595804754788505031e-01,1.395326502592565132e-01
4.596676409813673092e-01,1.397126557056633245e-01
4.597539726668726234e-01,1.398930625412546924e-01
4.598394700316371653e-01,1.400738662678719659e-01
4.599241326103108429e-01,1.402550623920235939e-01
4.600079599757989079e-01,1.404366464252706503e-01
4.600909517391329473e-01,1.406186138846087785e-01
4.601731075493386003e-01,1.408009602928479431e-01
4.602544270932978909e-01,1.409836811789885735e-01
4.603349100956075635e-01,1.411667720785958480e-01
4.604145563184334766e-01,1.413502285341698139e-01
4.604933655613603904e-01,1.415340460955132884e-01
4.605713376612375898e-01,1.417182203200962609e-01
4.606484724920207330e-01,1.419027467734174097e-01
4.607247699646097594e-01,1.420876210293622044e-01
4.608002300266816897e-01,1.422728386705579828e-01
4.608748526625215947e-01,1.424583952887256144e-01
4.609486378928471240e-01,1.426442864850277770e-01
4.610215857746317591e-01,1.428305078704140696e-01
4.610936964009222372e-01,1.430170550659626560e-01
4.611649699006536984e-01,1.432039237032182444e-01
4.612354064384611152e-01,1.433911094245268469e-01
4.613050062144852248e-01,1.435786078833669044e-01
4.613737694641782960e-01,1.437664147446768570e-01
4.614416964581037339e-01,1.439545256851788024e-01
4.615087875017330199e-01,1.441429363936994057e-01
4.615750429352401540e-01,1.443316425714859241e-01
4.616404631332918784e-01,1.445206399325193181e-01
4.617050485048350139e-01,1.447099242038236699e-01
4.617687994928809658e-01,1.448994911257712737e-01
4.618317165742867880e-01,1.450893364523844209e-01
4.618938002595335823e-01,1.452794559516330242e-01
4.619550510925012343e-01,1.454698454057287704e-01
4.620154696502415947e-01,1.456605006114149170e-01
4.620750565427474421e-01,1.458514173802526182e-01
4.621338124127197799e-01,1.460425915389030049e-01
4.621917379353314703e-01,1.462340189294052961e-01
4.622488338179895906e-01,1.464256954094514673e-01
4.623051008000939044e-01,1.466176168526561185e-01
4.623605396527932787e-01,1.468097791488228721e-01
4.624151511787404911e-01,1.470021782042067182e-01
4.624689362118431513e-01,1.471948099417719202e-01
4.625218956170140672e-01,1.473876703014463940e-01
4.625740302899175593e-01,1.475807552403715084e-01
4.626253411567156082e-01,1.477740607331480549e-01
4.626758291738098383e-01,1.479675827720782488e-01
4.627254953275831140e-01,1.481613173674030948e-01
4.627743406341385812e-01,1.483552605475363662e-01
4.628223661390363231e-01,1.485494083592935333e-01
4.628695729170291817e-01,1.487437568681175826e-01
4.629159620717958057e-01,1.489383021582997568e-01
4.629615347356725308e-01,1.491330403331966314e-01
4.630062920693839845e-01,1.493279675154429442e-01
4.630502352617708040e-01,1.495230798471602618e-01
4.630933655295174645e-01,1.497183734901613439e-01
4.631356841168774441e-01,1.499138446261505109e-01
4.631771922953972775e-01,1.501094894569197924e-01
4.632178913636399997e-01,1.503053042045406906e-01
4.632577826469059246e-01,1.505012851115520578e-01
4.632968674969537015e-01,1.506974284411438381e-01
4.633351472917190961e-01,1.508937304773362020e-01
4.633726234350334927e-01,1.510901875251549342e-01
4.634092973563404549e-01,1.512867959108026850e-01
4.634451705104125074e-01,1.514835519818256704e-01
4.634802443770656422e-01,1.516804521072765422e-01
4.635145204608744907e-01,1.518774926778732881e-01
4.635480002908853314e-01,1.520746701061533035e-01
4.635806854203290972e-01,1.522719808266242703e-01
4.636125774263335497e-01,1.524694212959101514e-01
4.636436779096349547e-01,1.526669879928935492e-01
4.636739884942890910e-01,1.528646774188536506e-01
4.637035108273813711e-01,1.530624860976004531e-01
4.637322465787376280e-01,1.532604105756046609e-01
4.637601974406330707e-01,1.534584474221235562e-01
4.637873651275017939e-01,1.536565932293230963e-01
4.638137513756462882e-01,1.538548446123955415e-01
4.638393579429457847e-01,1.540531982096734476e-01
4.638641866085647103e-01,1.542516506827397160e-01
4.638882391726621424e-01,1.544501987165333434e-01
4.639115174560991539e-01,1.546488390194515339e-01
4.639340233001479907e-01,1.548475683234477041e-01
4.639557585662003603e-01,1.550463833841257133e-01
4.639767251354760536e-01,1.552452809808302081e-01
4.639969249087312342e-01,1.554442579167330529e-01
4.640163598059680594e-01,1.556433110189157087e-01
4.640350317661431356e-01,1.558424371384483365e-01
4.640529427468774171e-01,1.560416331504646537e-01
4.640700947241653829e-01,1.562408959542331555e-01
4.640864896920857130e-01,1.564402224732245883e-01
4.641021296625114645e-01,1.566396096551758432e-01
4.641170166648214135e-01,1.568390544721497970e-01
4.641311527456108976e-01,1.570385539205922665e-01
4.641445399684048234e-01,1.572381050213839671e-01
4.641571804133693968e-01,1.574377048198905282e-01
4.641690761770260187e-01,1.576373503860075131e-01
4.641802293719653472e-01,1.578370388142029124e-01
4.641906421265614702e-01,1.580367672235552801e-01
4.642003165846881330e-01,1.582365327577890113e-01
4.642092549054345763e-01,1.584363325853059001e-01
4.642174592628225960e-01,1.586361638992132284e-01
4.642249318455248241e-01,1.588360239173485788e-01
4.642316748565840090e-01,1.590359098823010964e-01
4.642376905131325171e-01,1.592358190614296953e-01
4.642429810461130013e-01,1.594357487468776591e-01
4.642475487000012890e-01,1.596356962555842141e-01
4.642513957325286045e-01,1.598356589292927177e-01
4.642545244144063443e-01,1.600356341345556266e-01
4.642569370290507424e-01,1.602356192627363562e-01
4.642586358723100326e-01,1.604356117300081708e-01
4.642596232521915556e-01,1.606356089773495199e-01
4.642599014885911424e-01,1.608356084705367117e-01
4.642594729130231079e-01,1.610356077001334485e-01
4.642583398683517437e-01,1.612356041814771712e-01
4.642565047085241425e-01,1.614355954546629057e-01
4.642539697983049107e-01,1.616355790845234452e-01
4.642507375130108804e-01,1.618355526606073680e-01
4.642468102382485973e-01,1.620355137971538351e-01
4.642421903696533070e-01,1.622354601330645019e-01
4.642368803126276644e-01,1.624353893318728759e-01
4.642308824820847168e-01,1.626352990817108435e-01
4.642241993021893331e-01,1.628351870952722269e-01
4.642168332061038516e-01,1.630350511097740929e-01
4.642087866357337833e-01,1.632348888869153136e-01
4.642000620414753476e-01,1.634346982128320191e-01
4.641906618819651165e-01,1.636344768980512454e-01
4.641805886238305479e-01,1.638342227774417237e-01
4.641698447414432382e-01,1.640339337101618389e-01
4.641584327166723978e-01,1.642336075796055894e-01
4.641463550386417669e-01,1.644332422933462989e-01
4.641336142034866441e-01,1.646328357830770528e-01
4.641202127141136891e-01,1.648323860045498856e-01
4.641061530799619472e-01,1.650318909375118603e-01
4.640914378167663168e-01,1.652313485856392317e-01
4.640760694463216818e-01,1.654307569764694730e-01
4.640600504962500983e-01,1.656301141613305827e-01
4.640433834997692020e-01,1.658294182152691976e-01
4.640260709954621698e-01,1.660286672369753469e-01
4.640081155270498470e-01,1.662278593487062639e-01
4.639895196431652602e-01,1.664269926962073376e-01
4.639702858971294086e-01,1.666260654486317050e-01
4.639504168467283862e-01,1.668250757984572619e-01
4.639299150539937799e-01,1.670240219614022303e-01
4.639087830849841221e-01,1.672229021763384227e-01
4.638870235095687300e-01,1.674217147052033117e-01
4.638646389012122118e-01,1.676204578329091310e-01
4.638416318367634128e-01,1.678191298672515597e-01
4.638180048962434188e-01,1.680177291388156302e-01
4.637937606626375553e-01,1.682162540008803608e-01
4.637689017216890530e-01,1.684147028293215831e-01
4.637434306616937119e-01,1.686130740225133262e-01
4.637173500732978404e-01,1.688113660012272033e-01
4.636906625492970280e-01,1.690095772085309089e-01
4.636633706844378588e-01,1.692077061096841917e-01
4.636354770752212362e-01,1.694057511920344372e-01
4.636069843197074269e-01,1.696037109649098373e-01
4.635778950173238266e-01,1.698015839595118093e-01
4.635482117686739456e-01,1.699993687288056665e-01
4.635179371753493371e-01,1.701970638474100961e-01
4.634870738397424139e-01,1.703946679114850815e-01
4.634556243648624840e-01,1.705921795386188544e-01
4.634235913541528418e-01,1.707895973677135415e-01
4.633909774113107449e-01,1.709869200588692850e-01
4.633577851401085024e-01,1.711841462932675861e-01
4.633240171442176147e-01,1.713812747730530661e-01
4.632896760270339143e-01,1.715783042212146725e-01
4.632547643915055913e-01,1.717752333814652199e-01
4.632192848399629415e-01,1.719720610181202924e-01
4.631832399739496675e-01,1.721687859159759526e-01
4.631466323940576779e-01,1.723654068801853678e-01
4.631094646997613862e-01,1.725619227361347985e-01
4.630717394892573391e-01,1.727583323293183926e-01
4.630334593593026793e-01,1.729546345252120088e-01
4.629946269050577157e-01,1.731508282091465678e-01
4.629552447199296039e-01,1.733469122861803491e-01
4.629153153954188582e-01,1.735428856809702047e-01
4.628748415209663625e-01,1.737387473376425795e-01
4.628338256838041564e-01,1.739344962196634203e-01
4.627922704688069988e-01,1.741301313097074754e-01
4.627501784583466504e-01,1.743256516095266495e-01
4.627075522321476009e-01,1.745210561398184701e-01
4.626643943671446269e-01,1.747163439400929719e-01
4.626207074373438477e-01,1.749115140685395808e-01
4.625764940136835590e-01,1.751065656018934991e-01
4.625317566638986744e-01,1.753014976353010901e-01
4.624864979523863884e-01,1.754963092821850978e-01
4.624407204400740601e-01,1.756909996741094215e-01
4.623944266842888173e-01,1.758855679606432521e-01
4.623476192386294925e-01,1.760800133092248754e-01
4.623003006528398906e-01,1.762743349050250041e-01
4.622524734726845552e-01,1.764685319508099703e-01
4.622041402398264776e-01,1.766626036668041688e-01
4.621553034917056935e-01,1.768565492905527226e-01
4.621059657614215999e-01,1.770503680767832599e-01
4.620561295776148270e-01,1.772440592972678031e-01
4.620057974643535514e-01,1.774376222406843506e-01
4.619549719410195876e-01,1.776310562124782388e-01
4.619036555221970319e-01,1.778243605347230860e-01
4.618518507175635168e-01,1.780175345459820979e-01
4.617995600317822413e-01,1.782105776011684850e-01
4.617467859643961114e-01,1.784034890714063792e-01
4.616935310097240452e-01,1.785962683438913345e-01
4.616397976567587769e-01,1.787889148217508550e-01
4.615855883890664924e-01,1.789814279239047845e-01
4.615309056846884639e-01,1.791738070849258346e-01
4.614757520160439053e-01,1.793660517548998079e-01
4.614201298498353809e-01,1.795581613992860148e-01
4.613640416469552696e-01,1.797501354987777467e-01
4.613074898623943376e-01,1.799419735491627759e-01
4.612504769451518660e-01,1.801336750611837456e-01
4.611930053381476102e-01,1.803252395603988922e-01
4.611350774781354245e-01,1.805166665870426845e-01
4.610766957956184409e-01,1.807079556958867961e-01
4.610178627147663022e-01,1.808991064561008555e-01
4.609585806533332830e-01,1.810901184511138906e-01
4.608988520225792973e-01,1.812809912784754396e-01
4.608386792271909616e-01,1.814717245497172449e-01
4.607780646652058221e-01,1.816623178902147806e-01
4.607170107279371929e-01,1.818527709390494185e-01
4.606555197999008255e-01,1.820430833488706213e-01
4.605935942587435772e-01,1.822332547857584695e-01
4.605312364751728005e-01,1.824232849290861602e-01
4.604684488128882869e-01,1.826131734713836441e-01
4.604052336285149316e-01,1.828029201182003738e-01
4.603415932715372860e-01,1.829925245879696072e-01
4.602775300842357198e-01,1.831819866118720164e-01
4.602130464016241373e-01,1.833713059337005735e-01
4.601481445513882496e-01,1.835604823097248262e-01
4.600828268538271204e-01,1.837495155085565879e-01
4.600170956217941587e-01,1.839384053110152406e-01
4.599509531606414403e-01,1.841271515099938694e-01
4.598844017681635310e-01,1.843157539103257025e-01
4.598174437345449173e-01,1.845042123286510238e-01
4.597500813423063826e-01,1.846925265932843896e-01
4.596823168662552139e-01,1.848806965440826511e-01
4.596141525734348532e-01,1.850687220323131155e-01
4.595455907230772130e-01,1.852566029205224285e-01
4.594766335665554369e-01,1.854443390824057347e-01
4.594072833473385464e-01,1.856319304026766703e-01
4.593375423009470881e-01,1.858193767769375782e-01
4.592674126549106672e-01,1.860066781115504442e-01
4.591968966287257592e-01,1.861938343235083615e-01
4.591259964338159638e-01,1.863808453403073551e-01
4.590547142734922592e-01,1.865677110998190946e-01
4.589830523429159759e-01,1.867544315501641350e-01
4.589110128290616042e-01,1.869410066495853506e-01
4.588385979106815449e-01,1.871274363663224527e-01
4.587658097582725247e-01,1.873137206784868669e-01
4.586926505340418458e-01,1.874998595739373608e-01
4.586191223918759663e-01,1.876858530501560318e-01
4.585452274773102466e-01,1.878717011141252946e-01
4.584709679274988625e-01,1.880574037822053124e-01
4.583963458711870498e-01,1.882429610800118169e-01
4.583213634286832927e-01,1.884283730422953718e-01
4.582460227118341223e-01,1.886136397128201636e-01
4.581703258239981924e-01,1.887987611442445424e-01
4.580942748600231318e-01,1.889837373980016999e-01
4.580178719062223403e-01,1.891685685441808207e-01
4.579411190403533949e-01,1.893532546614096201e-01
4.578640183315971224e-01,1.895377958367368831e-01
4.577865718405380591e-01,1.897221921655161403e-01
4.577087816191458547e-01,1.899064437512897330e-01
4.576306497107574534e-01,1.900905507056739330e-01
4.575521781500604401e-01,1.902745131482444785e-01
4.574733689630771649e-01,1.904583312064231371e-01
4.573942241671505871e-01,1.906420050153646850e-01
4.573147457709296759e-01,1.908255347178446359e-01
4.572349357743570875e-01,1.910089204641481075e-01
4.571547961686572847e-01,1.911921624119589380e-01
4.570743289363251027e-01,1.913752607262498295e-01
4.569935360511158118e-01,1.915582155791732410e-01
4.569124194780362358e-01,1.917410271499527807e-01
4.568309811733357040e-01,1.919236956247756531e-01
4.567492230844991119e-01,1.921062211966858280e-01
4.566671471502400936e-01,1.922886040654776807e-01
4.565847553004950821e-01,1.924708444375908267e-01
4.565020494564184239e-01,1.926529425260053718e-01
4.564190315303783274e-01,1.928348985501380231e-01
4.563357034259530876e-01,1.930167127357392820e-01
4.562520670379287546e-01,1.931983853147908603e-01
4.561681242522975244e-01,1.933799165254042884e-01
4.560838769462562392e-01,1.935613066117200798e-01
4.559993269882060551e-01,1.937425558238080603e-01
4.559144762377534965e-01,1.939236644175677537e-01
4.558293265457107335e-01,1.941046326546303769e-01
4.557438797540982467e-01,1.942854608022611396e-01
4.556581376961467700e-01,1.944661491332621561e-01
4.555721021963011208e-01,1.946466979258769103e-01
4.554857750702235308e-01,1.948271074636945266e-01
4.553991581247987530e-01,1.950073780355555120e-01
4.553122531581391130e-01,1.951875099354583032e-01
4.552250619595906156e-01,1.953675034624660078e-01
4.551375863097388841e-01,1.955473589206145890e-01
4.550498279804174317e-01,1.957270766188214106e-01
4.549617887347145451e-01,1.959066568707948930e-01
4.548734703269818880e-01,1.960860999949446959e-01
4.547848745028438278e-01,1.962654063142927341e-01
4.546960029992066499e-01,1.964445761563851089e-01
4.546068575442686055e-01,1.966236098532048449e-01
4.545174398575316244e-01,1.968025077410852364e-01
4.544277516498108627e-01,1.969812701606239724e-01
4.543377946232479703e-01,1.971598974565983708e-01
4.542475704713231921e-01,1.973383899778810568e-01
4.541570808788674696e-01,1.975167480773564188e-01
4.540663275220764850e-01,1.976949721118382575e-01
4.539753120685243171e-01,1.978730624419877127e-01
4.538840361771780962e-01,1.980510194322321893e-01
4.537925014984125482e-01,1.982288434506852270e-01
4.537007096740250933e-01,1.984065348690668140e-01
4.536086623372525550e-01,1.985840940626246998e-01
4.535163611127863148e-01,1.987615214100563743e-01
4.534238076167896314e-01,1.989388172934320742e-01
4.533310034569149605e-01,1.991159820981181217e-01
4.532379502323207743e-01,1.992930162127012350e-01
4.531446495336903246e-01,1.994699200289138663e-01
4.530511029432494619e-01,1.996466939415598718e-01
4.529573120347857307e-01,1.998233383484411541e-01
4.528632783736678546e-01,1.999998536502850810e-01
4.527690035168642768e-01,2.001762402506727656e-01
4.526744890129643650e-01,2.003524985559676230e-01
4.525797364021979519e-01,2.005286289752452600e-01
4.524847472164562623e-01,2.007046319202238638e-01
4.523895229793129524e-01,2.008805078051952298e-01
4.522940652060453703e-01,2.010562570469566213e-01
4.521983754036565384e-01,2.012318800647434625e-01
4.521024550708966361e-01,2.014073772801626971e-01
4.520063056982862593e-01,2.015827491171267860e-01
4.519099287681381250e-01,2.017579960017884810e-01
4.518133257545808301e-01,2.019331183624765991e-01
4.517164981235816668e-01,2.021081166296320175e-01
4.516194473329706027e-01,2.022829912357445858e-01
4.515221748324635409e-01,2.024577426152913140e-01
4.514246820636869106e-01,2.026323712046741998e-01
4.513269704602023147e-01,2.028068774421595832e-01
4.512290414475304545e-01,2.029812617678180831e-01
4.511308964431765545e-01,2.031555246234648671e-01
4.510325368566557858e-01,2.033296664526011710e-01
4.509339640895178580e-01,2.035036877003558176e-01
4.508351795353734981e-01,2.036775888134283452e-01
4.507361845799197075e-01,2.038513702400317207e-01
4.506369806009666301e-01,2.040250324298368001e-01
4.505375689684628093e-01,2.041985758339167345e-01
4.504379510445229995e-01,2.043720009046922081e-01
4.503381281834534233e-01,2.045453080958778147e-01
4.502381017317802492e-01,2.047184978624283502e-01
4.501378730282756258e-01,2.048915706604864384e-01
4.500374434039852156e-01,2.050645269473302112e-01
4.499368141822561729e-01,2.052373671813221279e-01
4.498359866787643435e-01,2.054100918218584870e-01
4.497349622015419657e-01,2.055827013293189676e-01
4.496337420510062577e-01,2.057551961650175287e-01
4.495323275199872293e-01,2.059275767911534216e-01
4.494307198937557701e-01,2.060998436707633108e-01
4.493289204500525158e-01,2.062719972676735070e-01
4.492269304591164358e-01,2.064440380464532543e-01
4.491247511837132556e-01,2.066159664723684342e-01
4.490223838791644329e-01,2.067877830113359072e-01
4.489198297933764681e-01,2.069594881298785494e-01
4.488170901668694368e-01,2.071310822950807318e-01
4.487141662328069103e-01,2.073025659745446059e-01
4.486110592170248212e-01,2.074739396363468880e-01
4.485077703380609959e-01,2.076452037489961988e-01
4.484043008071849079e-01,2.078163587813910973e-01
4.483006518284269326e-01,2.079874052027785858e-01
4.481968245986087673e-01,2.081583434827132817e-01
4.480928203073724081e-01,2.083291740910172551e-01
4.479886401372109028e-01,2.084998974977401165e-01
4.478842852634978278e-01,2.086705141731201307e-01
4.477797568545173745e-01,2.088410245875454152e-01
4.476750560714948257e-01,2.090114292115160810e-01
4.475701840686265309e-01,2.091817285156068740e-01
4.474651419931101604e-01,2.093519229704301488e-01
4.473599309851754580e-01,2.095220130465994535e-01
4.472545521781138289e-01,2.096919992146938638e-01
4.471490066983094813e-01,2.098618819452227613e-01
4.470432956652698464e-01,2.100316617085910276e-01
4.469374201916558875e-01,2.102013389750647110e-01
4.468313813833125203e-01,2.103709142147376920e-01
4.467251803393000320e-01,2.105403878974981546e-01
4.466188181519239464e-01,2.107097604929961676e-01
4.465122959067656105e-01,2.108790324706115438e-01
4.464056146827137250e-01,2.110482042994223373e-01
4.462987755519944866e-01,2.112172764481733411e-01
4.461917795802023412e-01,2.113862493852458890e-01
4.460846278263311260e-01,2.115551235786274908e-01
4.459773213428042116e-01,2.117238994958824116e-01
4.458698611755063101e-01,2.118925776041221953e-01
4.457622483638130073e-01,2.120611583699773539e-01
4.456544839406226810e-01,2.122296422595690013e-01
4.455465689323866996e-01,2.123980297384811533e-01
4.454385043591407856e-01,2.125663212717333883e-01
4.453302912345343811e-01,2.127345173237543963e-01
4.452219305658637882e-01,2.129026183583551668e-01
4.451134233541010343e-01,2.130706248387034540e-01
4.450047705939253473e-01,2.132385372272984914e-01
4.448959732737539086e-01,2.134063559859454562e-01
4.447870323757724398e-01,2.135740815757314337e-01
4.446779488759664556e-01,2.137417144570011585e-01
4.445687237441511286e-01,2.139092550893334221e-01
4.444593579440026532e-01,2.140767039315177034e-01
4.443498524330884436e-01,2.142440614415313527e-01
4.442402081628982202e-01,2.144113280765174712e-01
4.441304260788742631e-01,2.145785042927625397e-01
4.440205071204421650e-01,2.147455905456751857e-01
4.439104522210408632e-01,2.149125872897648670e-01
4.438002623081540587e-01,2.150794949786211385e-01
4.436899383033397481e-01,2.152463140648933626e-01
4.435794811222609213e-01,2.154130450002706143e-01
4.434688916747165366e-01,2.155796882354623911e-01
4.433581708646706643e-01,2.157462442201790453e-01
4.432473195902836838e-01,2.159127134031132156e-01
4.431363387439422596e-01,2.160790962319215913e-01
4.430252292122892621e-01,2.162453931532063445e-01
4.429139918762540762e-01,2.164116046124980319e-01
4.428026276110827442e-01,2.165777310542378875e-01
4.426911372863675531e-01,2.167437729217610576e-01
4.425795217660777325e-01,2.169097306572800310e-01
4.424677819085885422e-01,2.170756047018681800e-01
4.423559185667111371e-01,2.172413954954443838e-01
4.422439325877233762e-01,2.174071034767566524e-01
4.421318248133978002e-01,2.175727290833679439e-01
4.420195960800330504e-01,2.177382727516405658e-01
4.419072472184815137e-01,2.179037349167217974e-01
4.417947790541807418e-01,2.180691160125300954e-01
4.416821924071817063e-01,2.182344164717406887e-01
4.415694880921777199e-01,2.183996367257724780e-01
4.414566669185351899e-01,2.185647772047744908e-01
4.413437296903217066e-01,2.187298383376131972e-01
4.412306772063350202e-01,2.188948205518598811e-01
4.411175102601327946e-01,2.190597242737783445e-01
4.410042296400614181e-01,2.192245499283128340e-01
4.408908361292841471e-01,2.193892979390765496e-01
4.407773305058109714e-01,2.195539687283400432e-01
4.406637135425264251e-01,2.197185627170204769e-01
4.405499860072187857e-01,2.198830803246704935e-01
4.404361486626081623e-01,2.200475219694678353e-01
4.403222022663754731e-01,2.202118880682051583e-01
4.402081475711905889e-01,2.203761790362800677e-01
4.400939853247401445e-01,2.205403952876854867e-01
4.399797162697565156e-01,2.207045372350001644e-01
4.398653411440456296e-01,2.208686052893796548e-01
4.397508606805148879e-01,2.210325998605474629e-01
4.396362756072006994e-01,2.211965213567863298e-01
4.395215866472973465e-01,2.213603701849300442e-01
4.394067945191837965e-01,2.215241467503552553e-01
4.392918999364516797e-01,2.216878514569738390e-01
4.391769036079328226e-01,2.218514847072249607e-01
4.390618062377270592e-01,2.220150469020681361e-01
4.389466085252287098e-01,2.221785384409759312e-01
4.388313111651548359e-01,2.223419597219270794e-01
4.387159148475716641e-01,2.225053111414000695e-01
4.386004202579222300e-01,2.226685930943665681e-01
4.384848280770529683e-01,2.228318059742853963e-01
4.383691389812406358e-01,2.229949501730965622e-01
4.382533536422191789e-01,2.231580260812154326e-01
4.381374727272064895e-01,2.233210340875277644e-01
4.380214968989308288e-01,2.234839745793836541e-01
4.379054268156571394e-01,2.236468479425931799e-01
4.377892631312140237e-01,2.238096545614211841e-01
4.376730064950193344e-01,2.239723948185829150e-01
4.375566575521067092e-01,2.241350690952393643e-01
4.374402169431514387e-01,2.242976777709931591e-01
4.373236853044968342e-01,2.244602212238846484e-01
4.372070632681793745e-01,2.246226998303879896e-01
4.370903514619551844e-01,2.247851139654075125e-01
4.369735505093254591e-01,2.249474640022742777e-01
4.368566610295614439e-01,2.251097503127429122e-01
4.367396836377310243e-01,2.252719732669885844e-01
4.366226189447226513e-01,2.254341332336039228e-01
4.365054675572719867e-01,2.255962305795966572e-01
4.363882300779861056e-01,2.257582656703868151e-01
4.362709071053686438e-01,2.259202388698045016e-01
4.361534992338447214e-01,2.260821505400877895e-01
4.360360070537862565e-01,2.262440010418805825e-01
4.359184311515357790e-01,2.264057907342310327e-01
4.358007721094318554e-01,2.265675199745895152e-01
4.356830305058330133e-01,2.267291891188075725e-01
4.355652069151423889e-01,2.268907985211361666e-01
4.354473019078317075e-01,2.270523485342247072e-01
4.353293160504659309e-01,2.272138395091200525e-01
4.352112499057267936e-01,2.273752717952655655e-01
4.350931040324370613e-01,2.275366457405003928e-01
4.349748789855840680e-01,2.276979616910589088e-01
4.348565753163439740e-01,2.278592199915702998e-01
4.347381935721048585e-01,2.280204209850581476e-01
4.346197342964903676e-01,2.281815650129405404e-01
4.345011980293832510e-01,2.283426524150299064e-01
4.343825853069485099e-01,2.285036835295329583e-01
4.342638966616563234e-01,2.286646586930514147e-01
4.341451326223061402e-01,2.288255782405819172e-01
4.340262937140482724e-01,2.289864425055168629e-01
4.339073804584075433e-01,2.291472518196449315e-01
4.337883933733062136e-01,2.293080065131518908e-01
4.336693329730857971e-01,2.294687069146214842e-01
4.335501997685302644e-01,2.296293533510364304e-01
4.334309942668886362e-01,2.297899461477795890e-01
4.333117169718962991e-01,2.299504856286352372e-01
4.331923683837983763e-01,2.301109721157902910e-01
4.330729489993709325e-01,2.302714059298361371e-01
4.329534593119434560e-01,2.304317873897697433e-01
4.328338998114208414e-01,2.305921168129956289e-01
4.327142709843043167e-01,2.307523945153278355e-01
4.325945733137142590e-01,2.309126208109914535e-01
4.324748072794109000e-01,2.310727960126248703e-01
4.323549733578158083e-01,2.312329204312818798e-01
4.322350720220341502e-01,2.313929943764338748e-01
4.321151037418745622e-01,2.315530181559720957e-01
4.319950689838712443e-01,2.317129920762099893e-01
4.318749682113046107e-01,2.318729164418859567e-01
4.317548018842221613e-01,2.320327915561656573e-01
4.316345704594594657e-01,2.321926177206449782e-01
4.315142743906607015e-01,2.323523952353523936e-01
4.313939141282993051e-01,2.325121243987522401e-01
4.312734901196984549e-01,2.326718055077474090e-01
4.311530028090512223e-01,2.328314388576824545e-01
4.310324526374412213e-01,2.329910247423466196e-01
4.309118400428624818e-01,2.331505634539772498e-01
4.307911654602396001e-01,2.333100552832625962e-01
4.306704293214479451e-01,2.334695005193456740e-01
4.305496320553324208e-01,2.336288994498272875e-01
4.304287740877290047e-01,2.337882523607697494e-01
4.303078558414826782e-01,2.339475595367003224e-01
4.301868777364676877e-01,2.341068212606148280e-01
4.300658401896073624e-01,2.342660378139813648e-01
4.299447436148925439e-01,2.344252094767442229e-01
4.298235884234014592e-01,2.345843365273274084e-01
4.297023750233185391e-01,2.347434192426387789e-01
4.295811038199535692e-01,2.349024578980739297e-01
4.294597752157602866e-01,2.350614527675201904e-01
4.293383896103556974e-01,2.352204041233605936e-01
4.292169474005380625e-01,2.353793122364782886e-01
4.290954489803062710e-01,2.355381773762604825e-01
4.289738947408779368e-01,2.356969998106027142e-01
4.288522850707076617e-01,2.358557798059132959e-01
4.287306203555053541e-01,2.360145176271175316e-01
4.286089009782547699e-01,2.361732135376620745e-01
4.284871273192311647e-01,2.363318677995196182e-01
4.283652997560196130e-01,2.364904806731932541e-01
4.282434186635323825e-01,2.366490524177208288e-01
4.281214844140274756e-01,2.368075832906800238e-01
4.279994973771257816e-01,2.369660735481923519e-01
4.278774579198285632e-01,2.371245234449285977e-01
4.277553664065352756e-01,2.372829332341128417e-01
4.276332231990609412e-01,2.374413031675277064e-01
4.275110286566530804e-01,2.375996334955189082e-01
4.273887831360090872e-01,2.377579244670003089e-01
4.272664869912938257e-01,2.379161763294586895e-01
4.271441405741555064e-01,2.380743893289587187e-01
4.270217442337435054e-01,2.382325637101477545e-01
4.268992983167250732e-01,2.383906997162610897e-01
4.267768031673015439e-01,2.385487975891270040e-01
4.266542591272252105e-01,2.387068575691715377e-01
4.265316665358161452e-01,2.388648798954237373e-01
4.264090257299779085e-01,2.390228648055209570e-01
4.262863370442143696e-01,2.391808125357138826e-01
4.261636008106459705e-01,2.393387233208715270e-01
4.260408173590256031e-01,2.394965973944868098e-01
4.259179870167547066e-01,2.396544349886814973e-01
4.257951101088993662e-01,2.398122363342117536e-01
4.256721869582055784e-01,2.399700016604729980e-01
4.255492178851158491e-01,2.401277311955059279e-01
4.254262032077844591e-01,2.402854251660010432e-01
4.253031432420927849e-01,2.404430837973046686e-01
4.251800383016648421e-01,2.406007073134238394e-01
4.250568886978833838e-01,2.407582959370321851e-01
4.249336947399040554e-01,2.409158498894750089e-01
4.248104567346713267e-01,2.410733693907748665e-01
4.246871749869335355e-01,2.412308546596369785e-01
4.245638497992574867e-01,2.413883059134547260e-01
4.244404814720440511e-01,2.415457233683151461e-01
4.243170703035423208e-01,2.417031072390046498e-01
4.241936165898649858e-01,2.418604577390141563e-01
4.240701206250021005e-01,2.420177750805448391e-01
4.239465827008368493e-01,2.421750594745138707e-01
4.238230031071592019e-01,2.423323111305595023e-01
4.236993821316800135e-01,2.424895302570472810e-01
4.235757200600465122e-01,2.426467170610751289e-01
4.234520171758553442e-01,2.428038717484790610e-01
4.233282737606673951e-01,2.429609945238389856e-01
4.232044900940216681e-01,2.431180855904841454e-01
4.230806664534488837e-01,2.432751451504988061e-01
4.229568031144858575e-01,2.434321734047278918e-01
4.228329003506893224e-01,2.435891705527825912e-01
4.227089584336488626e-01,2.437461367930460476e-01
4.225849776330015684e-01,2.439030723226790764e-01
4.224609582164447485e-01,2.440599773376256332e-01
4.223369004497498636e-01,2.442168520326187531e-01
4.222128045967756815e-01,2.443736966011859080e-01
4.220886709194816011e-01,2.445305112356549460e-01
4.219644996779408075e-01,2.446872961271596703e-01
4.218402911303537062e-01,2.448440514656454736e-01
4.217160455330603575e-01,2.450007774398751115e-01
4.215917631405539656e-01,2.451574742374342530e-01
4.214674442054935355e-01,2.453141420447372545e-01
4.213430889787167510e-01,2.454707810470328488e-01
4.212186977092523543e-01,2.456273914284098636e-01
4.210942706443336903e-01,2.457839733718027997e-01
4.209698080294099198e-01,2.459405270589973824e-01
4.208453101081596759e-01,2.460970526706367234e-01
4.207207771225026649e-01,2.462535503862264274e-01
4.205962093126126566e-01,2.464100203841406156e-01
4.204716069169291970e-01,2.465664628416275317e-01
4.203469701721697649e-01,2.467228779348150658e-01
4.202222993133426510e-01,2.468792658387165273e-01
4.200975945737576711e-01,2.470356267272364459e-01
4.199728561850391562e-01,2.471919607731759005e-01
4.198480843771372206e-01,2.473482681482383483e-01
4.197232793783401972e-01,2.475045490230352863e-01
4.195984414152855169e-01,2.476608035670918584e-01
4.194735707129718660e-01,2.478170319488523787e-01
4.193486674947703441e-01,2.479732343356861601e-01
4.192237319824366759e-01,2.481294108938927878e-01
4.190987643961218700e-01,2.482855617887081146e-01
4.189737649543839870e-01,2.484416871843096730e-01
4.188487338741989641e-01,2.485977872438220881e-01
4.187236713709722724e-01,2.487538621293229057e-01
4.185985776585500751e-01,2.489099120018481437e-01
4.184734529492294408e-01,2.490659370213977042e-01
4.183482974537703902e-01,2.492219373469409804e-01
4.182231113814062762e-01,2.493779131364224633e-01
4.180978949398545530e-01,2.495338645467670702e-01
4.179726483353276012e-01,2.496897917338859740e-01
4.178473717725436076e-01,2.498456948526818211e-01
4.177220654547367795e-01,2.500015740570543099e-01
4.175967295836683357e-01,2.501574294999057702e-01
4.174713643596369428e-01,2.503132613331464640e-01
4.173459699814885404e-01,2.504690697077001094e-01
4.172205466466276103e-01,2.506248547735093202e-01
4.170950945510266128e-01,2.507806166795412683e-01
4.169696138892365900e-01,2.509363555737924578e-01
4.168441048543976013e-01,2.510920716032949973e-01
4.167185676382480497e-01,2.512477649141211522e-01
4.165930024311352287e-01,2.514034356513891733e-01
4.164674094220252032e-01,2.515590839592687922e-01
4.163417887985125798e-01,2.517147099809861621e-01
4.162161407468303875e-01,2.518703138588294643e-01
4.160904654518596812e-01,2.520258957341539041e-01
4.159647630971394783e-01,2.521814557473874840e-01
4.158390338648759732e-01,2.523369940380359444e-01
4.157132779359526409e-01,2.524925107446880368e-01
4.155874954899392293e-01,2.526480060050211307e-01
4.154616867051016404e-01,2.528034799558058210e-01
4.153358517584104792e-01,2.529589327329117010e-01
4.152099908255514893e-01,2.531143644713123031e-01
4.150841040809339910e-01,2.532697753050903722e-01
4.149581916977000962e-01,2.534251653674430282e-01
4.148322538477342558e-01,2.535805347906867069e-01
4.147062907016717537e-01,2.537358837062629324e-01
4.145803024289083649e-01,2.538912122447424258e-01
4.144542891976086829e-01,2.540465205358311551e-01
4.143282511747152785e-01,2.542018087083747768e-01
4.142021885259574154e-01,2.543570768903641865e-01
4.140761014158598763e-01,2.545123252089400712e-01
4.139499900077516226e-01,2.546675537903983488e-01
4.138238544637742877e-01,2.548227627601950540e-01
4.136976949448910590e-01,2.549779522429511669e-01
4.135715116108952261e-01,2.551331223624577205e-01
4.134453046204178417e-01,2.552882732416809075e-01
4.133190741309372140e-01,2.554434050027665215e-01
4.131928202987865117e-01,2.555985177670457298e-01
4.130665432791624236e-01,2.557536116550389038e-01
4.129402432261334299e-01,2.559086867864613923e-01
4.128139202926471851e-01,2.560637432802277957e-01
4.126875746305398995e-01,2.562187812544573506e-01
4.125612063905435001e-01,2.563738008264780932e-01
4.124348157222939015e-01,2.565288021128321327e-01
4.123084027743389446e-01,2.566837852292804256e-01
4.121819676941462229e-01,2.568387502908074382e-01
4.120555106281113544e-01,2.569936974116255879e-01
4.119290317215649755e-01,2.571486267051805719e-01
4.118025311187812898e-01,2.573035382841554197e-01
4.116760089629850072e-01,2.574584322604758224e-01
4.115494653963597815e-01,2.576133087453142401e-01
4.114229005600551492e-01,2.577681678490950090e-01
4.112963145941943011e-01,2.579230096814985052e-01
4.111697076378814653e-01,2.580778343514662510e-01
4.110430798292092902e-01,2.582326419672048012e-01
4.109164313052667827e-01,2.583874326361911278e-01
4.107897622021455808e-01,2.585422064651767271e-01
4.106630726549480581e-01,2.586969635601918949e-01
4.105363627977943741e-01,2.588517040265507774e-01
4.104096327638294683e-01,2.590064279688554794e-01
4.102828826852302213e-01,2.591611354910006160e-01
4.101561126932124490e-01,2.593158266961779201e-01
4.100293229180383969e-01,2.594705016868802394e-01
4.099025134890227906e-01,2.596251605649064764e-01
4.097756845345409404e-01,2.597798034313655857e-01
4.096488361820346258e-01,2.599344303866808481e-01
4.095219685580195335e-01,2.600890415305947001e-01
4.093950817880910309e-01,2.602436369621727308e-01
4.092681759969328814e-01,2.603982167798077341e-01
4.091412513083217406e-01,2.605527810812244827e-01
4.090143078451350389e-01,2.607073299634836694e-01
4.088873457293573099e-01,2.608618635229861815e-01
4.087603650820868517e-01,2.610163818554774307e-01
4.086333660235417775e-01,2.611708850560514050e-01
4.085063486730670657e-01,2.613253732191547773e-01
4.083793131491401662e-01,2.614798464385915122e-01
4.082522595693786616e-01,2.616343048075263078e-01
4.081251880505449292e-01,2.617887484184892033e-01
4.079980987085539135e-01,2.619431773633795202e-01
4.078709916584783990e-01,2.620975917334700256e-01
4.077438670145556165e-01,2.622519916194106515e-01
4.076167248901930718e-01,2.624063771112329357e-01
4.074895653979750954e-01,2.625607482983539076e-01
4.073623886496686164e-01,2.627151052695796407e-01
4.072351947562287688e-01,2.628694481131100824e-01
4.071079838278059970e-01,2.630237769165419959e-01
4.069807559737506075e-01,2.631780917668738451e-01
4.068535113026197081e-01,2.633323927505089035e-01
4.067262499221824812e-01,2.634866799532597503e-01
4.065989719394262347e-01,2.636409534603516569e-01
4.064716774605619531e-01,2.637952133564266388e-01
4.063443665910302927e-01,2.639494597255472308e-01
4.062170394355069658e-01,2.641036926512004279e-01
4.060896960979085701e-01,2.642579122163013494e-01
4.059623366813982503e-01,2.644121185031969024e-01
4.058349612883908608e-01,2.645663115936696674e-01
4.057075700205588498e-01,2.647204915689415627e-01
4.055801629788379215e-01,2.648746585096775630e-01
4.054527402634317546e-01,2.650288124959892522e-01
4.053253019738180529e-01,2.651829536074387650e-01
4.051978482087537081e-01,2.653370819230421729e-01
4.050703790662800174e-01,2.654911975212731479e-01
4.049428946437278465e-01,2.656453004800664597e-01
4.048153950377236798e-01,2.657993908768220281e-01
4.046878803441934513e-01,2.659534687884077542e-01
4.045603506583690390e-01,2.661075342911637387e-01
4.044328060747926501e-01,2.662615874609051692e-01
4.043052466873220951e-01,2.664156283729263719e-01
4.041776725891356170e-01,2.665696571020041428e-01
4.040500838727377753e-01,2.667236737224007448e-01
4.039224806299631099e-01,2.668776783078681825e-01
4.037948629519820809e-01,2.670316709316507553e-01
4.036672309293059535e-01,2.671856516664890546e-01
4.035395846517910168e-01,2.673396205846231277e-01
4.034119242086438017e-01,2.674935777577959195e-01
4.032842496884262440e-01,2.676475232572563256e-01
4.031565611790599024e-01,2.678014571537630228e-01
4.030288587678307888e-01,2.679553795175871889e-01
4.029011425413944747e-01,2.681092904185161663e-01
4.027734125857801994e-01,2.682631899258569041e-01
4.026456689863960881e-01,2.684170781084385116e-01
4.025179118280331481e-01,2.685709550346160879e-01
4.023901411948704321e-01,2.687248207722738313e-01
4.022623571704789791e-01,2.688786753888280368e-01
4.021345598378268105e-01,2.690325189512302595e-01
4.020067492792832042e-01,2.691863515259708128e-01
4.018789255766229696e-01,2.693401731790814324e-01
4.017510888110312761e-01,2.694939839761386069e-01
4.016232390631075955e-01,2.696477839822668532e-01
4.014953764128700864e-01,2.698015732621412699e-01
4.013675009397604798e-01,2.699553518799913121e-01
4.012396127226472431e-01,2.701091198996031784e-01
4.011117118398310200e-01,2.702628773843231413e-01
4.009837983690482388e-01,2.704166243970604899e-01
4.008558723874749985e-01,2.705703610002905823e-01
4.007279339717321753e-01,2.707240872560577327e-01
4.005999831978884207e-01,2.708778032259779867e-01
4.004720201414648240e-01,2.710315089712423964e-01
4.003440448774394644e-01,2.711852045526197963e-01
4.002160574802504645e-01,2.713388900304595230e-01
4.000880580238003748e-01,2.714925654646944686e-01
3.999600465814607819e-01,2.716462309148439114e-01
3.998320232260749174e-01,2.717998864400164027e-01
3.997039880299629866e-01,2.719535320989122651e-01
3.995759410649250554e-01,2.721071679498268114e-01
3.994478824022454910e-01,2.722607940506531210e-01
3.993198121126964040e-01,2.724144104588843707e-01
3.991917302665415890e-01,2.725680172316168881e-01
3.990636369335405220e-01,2.727216144255532049e-01
3.989355321829515799e-01,2.728752020970038328e-01
3.988074160835365367e-01,2.730287803018910386e-01
3.986792887035633948e-01,2.731823490957508982e-01
3.985511501108105481e-01,2.733359085337361272e-01
3.984230003725704461e-01,2.734894586706186348e-01
3.982948395556528687e-01,2.736429995607921328e-01
3.981666677263890342e-01,2.737965312582750221e-01
3.980384849506343747e-01,2.739500538167129462e-01
3.979102912937728109e-01,2.741035672893809005e-01
3.977820868207201377e-01,2.742570717291860638e-01
3.976538715959271331e-01,2.744105671886709619e-01
3.975256456833828889e-01,2.745640537200149112e-01
3.973974091466189740e-01,2.747175313750373493e-01
3.972691620487124320e-01,2.748710002052000001e-01
3.971409044522888898e-01,2.750244602616092049e-01
3.970126364195263324e-01,2.751779115950190313e-01
3.968843580121581005e-01,2.753313542558327720e-01
3.967560692914763876e-01,2.754847882941063864e-01
3.966277703183356262e-01,2.756382137595501103e-01
3.964994611531553192e-01,2.757916307015313429e-01
3.963711418559236477e-01,2.759450391690767002e-01
3.962428124862006906e-01,2.760984392108745689e-01
3.961144731031209787e-01,2.762518308752778817e-01
3.959861237653978239e-01,2.764052142103054499e-01
3.958577645313254290e-01,2.765585892636450716e-01
3.957293954587819407e-01,2.767119560826555857e-01
3.956010166052335575e-01,2.768653147143694815e-01
3.954726280277365835e-01,2.770186652054947296e-01
3.953442297829410923e-01,2.771720076024170587e-01
3.952158219270932582e-01,2.773253419512026197e-01
3.950874045160390757e-01,2.774786682976000396e-01
3.949589776052272461e-01,2.776319866870423092e-01
3.948305412497116751e-01,2.777852971646492808e-01
3.947020955041542489e-01,2.779385997752302218e-01
3.945736404228287753e-01,2.780918945632850914e-01
3.944451760596230372e-01,2.782451815730077049e-01
3.943167024680415689e-01,2.783984608482868439e-01
3.941882197012089861e-01,2.785517324327095312e-01
3.940597278118726510e-01,2.787049963695621413e-01
3.939312268524051142e-01,2.788582527018328983e-01
3.938027168748076678e-01,2.790115014722144293e-01
3.936741979307118999e-01,2.791647427231049861e-01
3.935456700713838019e-01,2.793179764966109979e-01
3.934171333477256005e-01,2.794712028345490706e-01
3.932885878102783672e-01,2.796244217784479846e-01
3.931600335092254039e-01,2.797776333695508599e-01
3.930314704943945192e-01,2.799308376488168215e-01
3.929028988152600821e-01,2.800840346569231643e-01
3.927743185209469079e-01,2.802372244342677954e-01
3.926457296602314795e-01,2.803904070209702337e-01
3.925171322815457775e-01,2.805435824568742742e-01
3.923885264329787792e-01,2.806967507815499308e-01
3.922599121622794005e-01,2.808499120342950461e-01
3.921312895168597157e-01,2.810030662541372903e-01
3.920026585437959010e-01,2.811562134798360479e-01
3.918740192898321761e-01,2.813093537498848606e-01
3.917453718013827468e-01,2.814624871025122599e-01
3.916167161245337480e-01,2.816156135756841539e-01
3.914880523050465189e-01,2.817687332071063255e-01
3.913593803883593791e-01,2.819218460342249322e-01
3.912307004195905158e-01,2.820749520942295030e-01
3.911020124435397594e-01,2.822280514240541605e-01
3.909733165046913594e-01,2.823811440603793410e-01
3.908446126472162052e-01,2.825342300396342932e-01
3.907159009149743234e-01,2.826873093979977436e-01
3.905871813515168212e-01,2.828403821714007838e-01
3.904584540000883286e-01,2.829934483955275915e-01
3.903297189036293857e-01,2.831465081058182065e-01
3.902009761047784409e-01,2.832995613374693078e-01
3.900722256458743487e-01,2.834526081254364338e-01
3.899434675689585350e-01,2.836056485044358699e-01
3.898147019157767179e-01,2.837586825089457587e-01
3.896859287277820716e-01,2.839117101732079318e-01
3.895571480461362257e-01,2.840647315312304078e-01
3.894283599117124295e-01,2.842177466167873368e-01
3.892995643650968840e-01,2.843707554634226642e-01
3.891707614465914067e-01,2.845237581044501307e-01
3.890419511962153187e-01,2.846767545729558258e-01
3.889131336537074435e-01,2.848297449017992977e-01
3.887843088585283824e-01,2.849827291236154969e-01
3.886554768498622914e-01,2.851357072708161633e-01
3.885266376666192678e-01,2.852886793755914918e-01
3.883977913474370158e-01,2.854416454699115757e-01
3.882689379306830113e-01,2.855946055855279608e-01
3.881400774544565557e-01,2.857475597539756440e-01
3.880112099565906081e-01,2.859005080065737392e-01
3.878823354746540608e-01,2.860534503744278645e-01
3.877534540459530166e-01,2.862063868884310858e-01
3.876245657075334528e-01,2.863593175792656931e-01
3.874956704961826648e-01,2.865122424774044219e-01
3.873667684484313756e-01,2.866651616131123403e-01
3.872378596005556228e-01,2.868180750164479598e-01
3.871089439885785355e-01,2.869709827172648997e-01
3.869800216482721655e-01,2.871238847452129983e-01
3.868510926151594309e-01,2.872767811297404217e-01
3.867221569245159474e-01,2.874296719000943301e-01
3.865932146113716383e-01,2.875825570853227098e-01
3.864642657105127888e-01,2.877354367142758718e-01
3.863353102564839880e-01,2.878883108156075066e-01
3.862063482835892403e-01,2.880411794177760720e-01
3.860773798258944067e-01,2.881940425490469582e-01
3.859484049172286491e-01,2.883469002374925427e-01
3.858194235911860392e-01,2.884997525109945227e-01
3.856904358811275579e-01,2.886525993972452464e-01
3.855614418201827043e-01,2.888054409237482134e-01
3.854324414412509947e-01,2.889582771178205167e-01
3.853034347770041834e-01,2.891111080065932870e-01
3.851744218598872060e-01,2.892639336170135245e-01
3.850454027221203446e-01,2.894167539758449870e-01
3.849163773957005596e-01,2.895695691096700219e-01
3.847873459124033224e-01,2.897223790448902325e-01
3.846583083037845574e-01,2.898751838077280873e-01
3.845292646011812532e-01,2.900279834242282528e-01
3.844002148357141269e-01,2.901807779202587589e-01
3.842711590382886233e-01,2.903335673215121648e-01
3.841420972395965250e-01,2.904863516535066692e-01
3.840130294701177283e-01,2.906391309415877755e-01
3.838839557601215757e-01,2.907919052109291247e-01
3.837548761396685770e-01,2.909446744865338275e-01
3.836257906386115191e-01,2.910974387932357965e-01
3.834966992865977975e-01,2.912501981557006348e-01
3.833676021130698053e-01,2.914029525984270230e-01
3.832384991472675972e-01,2.915557021457479414e-01
3.831093904182292786e-01,2.917084468218317794e-01
3.829802759547932811e-01,2.918611866506833352e-01
3.828511557855993619e-01,2.920139216561453144e-01
3.827220299390902691e-01,2.921666518618989405e-01
3.825928984435130187e-01,2.923193772914657873e-01
3.824637613269204484e-01,2.924720979682081667e-01
3.823346186171724392e-01,2.926248139153309613e-01
3.822054703419375810e-01,2.927775251558820124e-01
3.820763165286944485e-01,2.929302317127538968e-01
3.819471572047327124e-01,2.930829336086845371e-01
3.818179923971550260e-01,2.932356308662583122e-01
3.816888221328778585e-01,2.933883235079077778e-01
3.815596464386332154e-01,2.935410115559136113e-01
3.814304653409699153e-01,2.936936950324066098e-01
3.813012788662545338e-01,2.938463739593687452e-01
3.811720870406731243e-01,2.939990483586330527e-01
3.810428898902327166e-01,2.941517182518863516e-01
3.809136874407620388e-01,2.943043836606690222e-01
3.807844797179128493e-01,2.944570446063763391e-01
3.806552667471621021e-01,2.946097011102600249e-01
3.805260485538117798e-01,2.947623531934284724e-01
3.803968251629916142e-01,2.949150008768480213e-01
3.802675965996589746e-01,2.950676441813444018e-01
3.801383628886013666e-01,2.952202831276030670e-01
3.800091240544364868e-01,2.953729177361704150e-01
3.798798801216146659e-01,2.955255480274550095e-01
3.797506311144185909e-01,2.956781740217280241e-01
3.796213770569661361e-01,2.958307957391250187e-01
3.794921179732103633e-01,2.959834131996457174e-01
3.793628538869409650e-01,2.961360264231562289e-01
3.792335848217857630e-01,2.962886354293888247e-01
3.791043108012116525e-01,2.964412402379438261e-01
3.789750318485258229e-01,2.965938408682899929e-01
3.788457479868764799e-01,2.967464373397654676e-01
3.787164592392550100e-01,2.968990296715788846e-01
3.785871656284958697e-01,2.970516178828100928e-01
3.784578671772783620e-01,2.972042019924110989e-01
3.783285639081279683e-01,2.973567820192071776e-01
3.781992558434168483e-01,2.975093579818973710e-01
3.780699430053652832e-01,2.976619298990555995e-01
3.779406254160430079e-01,2.978144977891314382e-01
3.778113030973695441e-01,2.979670616704512276e-01
3.776819760711159768e-01,2.981196215612185729e-01
3.775526443589057868e-01,2.982721774795153435e-01
3.774233079822156833e-01,2.984247294433026720e-01
3.772939669623768810e-01,2.985772774704215093e-01
3.771646213205761544e-01,2.987298215785936240e-01
3.770352710778567817e-01,2.988823617854224346e-01
3.769059162551196551e-01,2.990348981083938429e-01
3.767765568731238912e-01,2.991874305648771215e-01
3.766471929524886630e-01,2.993399591721252473e-01
3.765178245136932000e-01,2.994924839472763445e-01
3.763884515770786754e-01,2.996450049073542399e-01
3.762590741628484281e-01,2.997975220692688514e-01
3.761296922910697949e-01,2.999500354498181309e-01
3.760003059816738880e-01,3.001025450656870097e-01
3.758709152544577048e-01,3.002550509334498963e-01
3.757415201290846829e-01,3.004075530695707874e-01
3.756121206250853106e-01,3.005600514904034903e-01
3.754827167618581818e-01,3.007125462121935100e-01
3.753533085586717721e-01,3.008650372510776050e-01
3.752238960346639396e-01,3.010175246230857304e-01
3.750944792088437563e-01,3.011700083441405940e-01
3.749650581000925076e-01,3.013224884300592099e-01
3.748356327271640809e-01,3.014749648965532880e-01
3.747062031086860201e-01,3.016274377592302880e-01
3.745767692631606360e-01,3.017799070335935308e-01
3.744473312089657280e-01,3.019323727350434194e-01
3.743178889643552498e-01,3.020848348788783277e-01
3.741884425474608644e-01,3.022372934802942668e-01
3.740589919762917215e-01,3.023897485543869390e-01
3.739295372687364560e-01,3.025422001161514607e-01
3.738000784425631329e-01,3.026946481804834721e-01
3.736706155154207454e-01,3.028470927621796371e-01
3.735411485048394931e-01,3.029995338759384760e-01
3.734116774282322249e-01,3.031519715363608647e-01
3.732822023028945502e-01,3.033044057579509789e-01
3.731527231460063931e-01,3.034568365551165159e-01
3.730232399746318817e-01,3.036092639421698047e-01
3.728937528057212902e-01,3.037616879333283060e-01
3.727642616561110400e-01,3.039141085427150557e-01
3.726347665425244760e-01,3.040665257843594427e-01
3.725052674815733100e-01,3.042189396721978745e-01
3.723757644897575658e-01,3.043713502200747767e-01
3.722462575834668552e-01,3.045237574417424820e-01
3.721167467789811556e-01,3.046761613508621180e-01
3.719872320924713649e-01,3.048285619610047736e-01
3.718577135400003009e-01,3.049809592856510543e-01
3.717281911375229786e-01,3.051333533381929697e-01
3.715986649008879983e-01,3.052857441319335452e-01
3.714691348458378783e-01,3.054381316800877655e-01
3.713396009880095550e-01,3.055905159957830741e-01
3.712100633429360474e-01,3.057428970920602063e-01
3.710805219260457921e-01,3.058952749818737438e-01
3.709509767526648627e-01,3.060476496780921152e-01
3.708214278380164708e-01,3.062000211934990945e-01
3.706918751972222981e-01,3.063523895407937458e-01
3.705623188453029959e-01,3.065047547325910893e-01
3.704327587971789626e-01,3.066571167814228782e-01
3.703031950676708428e-01,3.068094756997379324e-01
3.701736276715005824e-01,3.069618314999029152e-01
3.700440566232917616e-01,3.071141841942024997e-01
3.699144819375705384e-01,3.072665337948404796e-01
3.697849036287657598e-01,3.074188803139396575e-01
3.696553217112105161e-01,3.075712237635432889e-01
3.695257361991420297e-01,3.077235641556145262e-01
3.693961471067027102e-01,3.078759015020375855e-01
3.692665544479405981e-01,3.080282358146186339e-01
3.691369582368102531e-01,3.081805671050852347e-01
3.690073584871731427e-01,3.083328953850880128e-01
3.688777552127982529e-01,3.084852206662004881e-01
3.687481484273629762e-01,3.086375429599195197e-01
3.686185381444535003e-01,3.087898622776664159e-01
3.684889243775655299e-01,3.089421786307868234e-01
3.683593071401051744e-01,3.090944920305517818e-01
3.682296864453887819e-01,3.092468024881576127e-01
3.681000623066442712e-01,3.093991100147269746e-01
3.679704347370115203e-01,3.095514146213088624e-01
3.678408037495429217e-01,3.097037163188794961e-01
3.677111693572039930e-01,3.098560151183426536e-01
3.675815315728738208e-01,3.100083110305302259e-01
3.674518904093459493e-01,3.101606040662024388e-01
3.673222458793288236e-01,3.103128942360484643e-01
3.671925979954460129e-01,3.104651815506871970e-01
3.670629467702373749e-01,3.106174660206672544e-01
3.669332922161592236e-01,3.107697476564676431e-01
3.668036343455850501e-01,3.109220264684982582e-01
3.666739731708061334e-01,3.110743024671002166e-01
3.665443087040316517e-01,3.112265756625465229e-01
3.664146409573899033e-01,3.113788460650424028e-01
3.662849699429283068e-01,3.115311136847254136e-01
3.661552956726144559e-01,3.116833785316664440e-01
3.660256181583356749e-01,3.118356406158698801e-01
3.658959374119010177e-01,3.119878999472741055e-01
3.657662534450404901e-01,3.121401565357517227e-01
3.656365662694062157e-01,3.122924103911104421e-01
3.655068758965728803e-01,3.124446615230929147e-01
3.653771823380379535e-01,3.125969099413776209e-01
3.652474856052227437e-01,3.127491556555791474e-01
3.651177857094723977e-01,3.129013986752485765e-01
3.649880826620567342e-01,3.130536390098737631e-01
3.648583764741701319e-01,3.132058766688800011e-01
3.647286671569332506e-01,3.133581116616305229e-01
3.645989547213922544e-01,3.135103439974262218e-01
3.644692391785198105e-01,3.136625736855069846e-01
3.643395205392157554e-01,3.138148007350513580e-01
3.642097988143074838e-01,3.139670251551775482e-01
3.640800740145500591e-01,3.141192469549429211e-01
3.639503461506271020e-01,3.142714661433454459e-01
3.638206152331511234e-01,3.144236827293235836e-01
3.636908812726639129e-01,3.145758967217563984e-01
3.635611442796373161e-01,3.147281081294644456e-01
3.634314042644731790e-01,3.148803169612097719e-01
3.633016612375040699e-01,3.150325232256964703e-01
3.631719152089940006e-01,3.151847269315711242e-01
3.630421661891384821e-01,3.153369280874230851e-01
3.629124141880649135e-01,3.154891267017846390e-01
3.627826592158335806e-01,3.156413227831318391e-01
3.626529012824373233e-01,3.157935163398842837e-01
3.625231403978025901e-01,3.159457073804059490e-01
3.623933765717897715e-01,3.160978959130054666e-01
3.622636098141931993e-01,3.162500819459361789e-01
3.621338401347422020e-01,3.164022654873968610e-01
3.620040675431008825e-01,3.165544465455317202e-01
3.618742920488691173e-01,3.167066251284310630e-01
3.617445136615826118e-01,3.168588012441316271e-01
3.616147323907132893e-01,3.170109749006165822e-01
3.614849482456701235e-01,3.171631461058159740e-01
3.613551612357990273e-01,3.173153148676075563e-01
3.612253713703834079e-01,3.174674811938164032e-01
3.610955786586447780e-01,3.176196450922156300e-01
3.609657831097430325e-01,3.177718065705266715e-01
3.608359847327766712e-01,3.179239656364197808e-01
3.607061835367834646e-01,3.180761222975138636e-01
3.605763795307404540e-01,3.182282765613771991e-01
3.604465727235650618e-01,3.183804284355279401e-01
3.603167631241146474e-01,3.185325779274335578e-01
3.601869507411872284e-01,3.186847250445122848e-01
3.600571355835220921e-01,3.188368697941327268e-01
3.599273176597996837e-01,3.189890121836141401e-01
3.597974969786424393e-01,3.191411522202270978e-01
3.596676735486149523e-01,3.192932899111936007e-01
3.595378473782240847e-01,3.194454252636875213e-01
3.594080184759200214e-01,3.195975582848343821e-01
3.592781868500958264e-01,3.197496889817126320e-01
3.591483525090882201e-01,3.199018173613527027e-01
3.590185154611780782e-01,3.200539434307386744e-01
3.588886757145901552e-01,3.202060671968072758e-01
3.587588332774945821e-01,3.203581886664489398e-01
3.586289881580057015e-01,3.205103078465079136e-01
3.584991403641837326e-01,3.206624247437825370e-01
3.583692899040342716e-01,3.208145393650256305e-01
3.582394367855089024e-01,3.209666517169442734e-01
3.581095810165060844e-01,3.211187618062008586e-01
3.579797226048702097e-01,3.212708696394128149e-01
3.578498615583934894e-01,3.214229752231529957e-01
3.577199978848146777e-01,3.215750785639501785e-01
3.575901315918206813e-01,3.217271796682888430e-01
3.574602626870463928e-01,3.218792785426100589e-01
3.573303911780749131e-01,3.220313751933113200e-01
3.572005170724377732e-01,3.221834696267467657e-01
3.570706403776158777e-01,3.223355618492278474e-01
3.569407611010390058e-01,3.224876518670232728e-01
3.568108792500868098e-01,3.226397396863591727e-01
3.566809948320885382e-01,3.227918253134198778e-01
3.565511078543238122e-01,3.229439087543471976e-01
3.564212183240227372e-01,3.230959900152420849e-01
3.562913262483660692e-01,3.232480691021633601e-01
3.561614316344857700e-01,3.234001460211290979e-01
3.560315344894652290e-01,3.235522207781162396e-01
3.559016348203390967e-01,3.237042933790613697e-01
3.557717326340947284e-01,3.238563638298603276e-01
3.556418279376711844e-01,3.240084321363688735e-01
3.555119207379601187e-01,3.241604983044028554e-01
3.553820110418062228e-01,3.243125623397383195e-01
3.552520988560071702e-01,3.244646242481120102e-01
3.551221841873139495e-01,3.246166840352212035e-01
3.549922670424315863e-01,3.247687417067243731e-01
3.548623474280185319e-01,3.249207972682409129e-01
3.547324253506878855e-01,3.250728507253521360e-01
3.546025008170070603e-01,3.252249020836006643e-01
3.544725738334981724e-01,3.253769513484909837e-01
3.543426444066385961e-01,3.255289985254900542e-01
3.542127125428607970e-01,3.256810436200267556e-01
3.540827782485530539e-01,3.258330866374927193e-01
3.539528415300590147e-01,3.259851275832426065e-01
3.538229023936790285e-01,3.261371664625934974e-01
3.536929608456693130e-01,3.262892032808262788e-01
3.535630168922430649e-01,3.264412380431848115e-01
3.534330705395697936e-01,3.265932707548769298e-01
3.533031217937767088e-01,3.267453014210740525e-01
3.531731706609481103e-01,3.268973300469118493e-01
3.530432171471259983e-01,3.270493566374899630e-01
3.529132612583101847e-01,3.272013811978728981e-01
3.527833030004582371e-01,3.273534037330895763e-01
3.526533423794868116e-01,3.275054242481337807e-01
3.525233794012705979e-01,3.276574427479644891e-01
3.523934140716432073e-01,3.278094592375058181e-01
3.522634463963976170e-01,3.279614737216475229e-01
3.521334763812853930e-01,3.281134862052447199e-01
3.520035040320185771e-01,3.282654966931187746e-01
3.518735293542681886e-01,3.284175051900566911e-01
3.517435523536657227e-01,3.285695117008121668e-01
3.516135730358026512e-01,3.287215162301049820e-01
3.514835914062309219e-01,3.288735187826216100e-01
3.513536074704632362e-01,3.290255193630153285e-01
3.512236212339732710e-01,3.291775179759067749e-01
3.510936327021956238e-01,3.293295146258830020e-01
3.509636418805264224e-01,3.294815093174991993e-01
3.508336487743231591e-01,3.296335020552775830e-01
3.507036533889053009e-01,3.297854928437083388e-01
3.505736557295539568e-01,3.299374816872495675e-01
3.504436558015132652e-01,3.300894685903271730e-01
3.503136536099885623e-01,3.302414535573357512e-01
3.501836491601488799e-01,3.303934365926378680e-01
3.500536424571254468e-01,3.305454177005651695e-01
3.499236335060128544e-01,3.306973968854176604e-01
3.497936223118689458e-01,3.308493741514644815e-01
3.496636088797145936e-01,3.310013495029439090e-01
3.495335932145347546e-01,3.311533229440633552e-01
3.494035753212783035e-01,3.313052944790000898e-01
3.492735552048576997e-01,3.314572641119004071e-01
3.491435328701503193e-01,3.316092318468807365e-01
3.490135083219971235e-01,3.317611976880276425e-01
3.488834815652044341e-01,3.319131616393972140e-01
3.487534526045432126e-01,3.320651237050163407e-01
3.486234214447491153e-01,3.322170838888822142e-01
3.484933880905235482e-01,3.323690421949623830e-01
3.483633525465329450e-01,3.325209986271954743e-01
3.482333148174095450e-01,3.326729531894906389e-01
3.481032749077510591e-01,3.328249058857286058e-01
3.479732328221214477e-01,3.329768567197607942e-01
3.478431885650507538e-01,3.331288056954101462e-01
3.477131421410353251e-01,3.332807528164712929e-01
3.475830935545379252e-01,3.334326980867103329e-01
3.474530428099880663e-01,3.335846415098651097e-01
3.473229899117821762e-01,3.337365830896458774e-01
3.471929348642837643e-01,3.338885228297343577e-01
3.470628776718232000e-01,3.340404607337850162e-01
3.469328183386987119e-01,3.341923968054243965e-01
3.468027568691757212e-01,3.343443310482517861e-01
3.466726932674875639e-01,3.344962634658392164e-01
3.465426275378354348e-01,3.346481940617311301e-01
3.464125596843884991e-01,3.348001228394455464e-01
3.462824897112844469e-01,3.349520498024729509e-01
3.461524176226287719e-01,3.351039749542774615e-01
3.460223434224962702e-01,3.352558982982966063e-01
3.458922671149298744e-01,3.354078198379411568e-01
3.457621887039415420e-01,3.355597395765957391e-01
3.456321081935125883e-01,3.357116575176186113e-01
3.455020255875931867e-01,3.358635736643420522e-01
3.453719408901028132e-01,3.360154880200724170e-01
3.452418541049308565e-01,3.361674005880900817e-01
3.451117652359359522e-01,3.363193113716499427e-01
3.449816742869468156e-01,3.364712203739810281e-01
3.448515812617621301e-01,3.366231275982872750e-01
3.447214861641504924e-01,3.367750330477470300e-01
3.445913889978510780e-01,3.369269367255135483e-01
3.444612897665733642e-01,3.370788386347151055e-01
3.443311884739972406e-01,3.372307387784549970e-01
3.442010851237735647e-01,3.373826371598115381e-01
3.440709797195239950e-01,3.375345337818386748e-01
3.439408722648412686e-01,3.376864286475654287e-01
3.438107627632890906e-01,3.378383217599966182e-01
3.436806512184025220e-01,3.379902131221124706e-01
3.435505376336882022e-01,3.381421027368693433e-01
3.434204220126244045e-01,3.382939906071994463e-01
3.432903043586608138e-01,3.384458767360105091e-01
3.431601846752191931e-01,3.385977611261870024e-01
3.430300629656933276e-01,3.387496437805893601e-01
3.428999392334492469e-01,3.389015247020543686e-01
3.427698134818247810e-01,3.390534038933954997e-01
3.426396857141307262e-01,3.392052813574025216e-01
3.425095559336499562e-01,3.393571570968418882e-01
3.423794241436384223e-01,3.395090311144572381e-01
3.422492903473245418e-01,3.396609034129688398e-01
3.421191545479098095e-01,3.398127739950740356e-01
3.419890167485689081e-01,3.399646428634471862e-01
3.418588769524493753e-01,3.401165100207401704e-01
3.417287351626722147e-01,3.402683754695819407e-01
3.415985913823321729e-01,3.404202392125789123e-01
3.414684456144970737e-01,3.405721012523152957e-01
3.413382978622086505e-01,3.407239615913528752e-01
3.412081481284824358e-01,3.408758202322307862e-01
3.410779964163080380e-01,3.410276771774666260e-01
3.409478427286488644e-01,3.411795324295556209e-01
3.408176870684424542e-01,3.413313859909712922e-01
3.406875294386011443e-01,3.414832378641649013e-01
3.405573698420111817e-01,3.416350880515662825e-01
3.404272082815333333e-01,3.417869365555836203e-01
3.402970447600033865e-01,3.419387833786035058e-01
3.401668792802314267e-01,3.420906285229912136e-01
3.400367118450028925e-01,3.422424719910902025e-01
3.399065424570778537e-01,3.423943137852232810e-01
3.397763711191914004e-01,3.425461539076917195e-01
3.396461978340543086e-01,3.426979923607758050e-01
3.395160226043522633e-01,3.428498291467348968e-01
3.393858454327464691e-01,3.430016642678073158e-01
3.392556663218738167e-01,3.431534977262108432e-01
3.391254852743467163e-01,3.433053295241423886e-01
3.389953022927532089e-01,3.434571596637780999e-01
3.388651173796573546e-01,3.436089881472738639e-01
3.387349305375994546e-01,3.437608149767650279e-01
3.386047417690952188e-01,3.439126401543666223e-01
3.384745510766370424e-01,3.440644636821733604e-01
3.383443584626934508e-01,3.442162855622596940e-01
3.382141639297094882e-01,3.443681057966800907e-01
3.380839674801064398e-01,3.445199243874691453e-01
3.379537691162823321e-01,3.446717413366411908e-01
3.378235688406116544e-01,3.448235566461910762e-01
3.376933666554460811e-01,3.449753703180935549e-01
3.375631625631139165e-01,3.451271823543041739e-01
3.374329565659204277e-01,3.452789927567582184e-01
3.373027486661479002e-01,3.454308015273719890e-01
3.371725388660559708e-01,3.455826086680421350e-01
3.370423271678815169e-01,3.457344141806460991e-01
3.369121135738385453e-01,3.458862180670420061e-01
3.367818980861188027e-01,3.460380203290684964e-01
3.366516807068916095e-01,3.461898209685455585e-01
3.365214614383034708e-01,3.463416199872736967e-01
3.363912402824791870e-01,3.464934173870347633e-01
3.362610172415209098e-01,3.466452131695916816e-01
3.361307923175091417e-01,3.467970073366882788e-01
3.360005655125019586e-01,3.469487998900500081e-01
3.358703368285357871e-01,3.471005908313835042e-01
3.357401062676252379e-01,3.472523801623768613e-01
3.356098738317629393e-01,3.474041678846993553e-01
3.354796395229202033e-01,3.475559540000022207e-01
3.353494033430464150e-01,3.477077385099180407e-01
3.352191652940700317e-01,3.478595214160612459e-01
3.350889253778973065e-01,3.480113027200278930e-01
3.349586835964138420e-01,3.481630824233960531e-01
3.348284399514839249e-01,3.483148605277255339e-01
3.346981944449503588e-01,3.484666370345581576e-01
3.345679470786351861e-01,3.486184119454177610e-01
3.344376978543392998e-01,3.487701852618104725e-01
3.343074467738427757e-01,3.489219569852242131e-01
3.341771938389047070e-01,3.490737271171295841e-01
3.340469390512638692e-01,3.492254956589790349e-01
3.339166824126377775e-01,3.493772626122079172e-01
3.337864239247238518e-01,3.495290279782334308e-01
3.336561635891985289e-01,3.496807917584557335e-01
3.335259014077183726e-01,3.498325539542574969e-01
3.333956373819189634e-01,3.499843145670035738e-01
3.332653715134161754e-01,3.501360735980419969e-01
3.331351038038052881e-01,3.502878310487034241e-01
3.330048342546615414e-01,3.504395869203012492e-01
3.328745628675399693e-01,3.505913412141316576e-01
3.327442896439760656e-01,3.507430939314740703e-01
3.326140145854848407e-01,3.508948450735904778e-01
3.324837376935618205e-01,3.510465946417262728e-01
3.323534589696825470e-01,3.511983426371099171e-01
3.322231784153029666e-01,3.513500890609528304e-01
3.320928960318593748e-01,3.515018339144497794e-01
3.319626118207685272e-01,3.516535771987788772e-01
3.318323257834275286e-01,3.518053189151015281e-01
3.317020379212142767e-01,3.519570590645625385e-01
3.315717482354869627e-01,3.521087976482901727e-01
3.314414567275847379e-01,3.522605346673959859e-01
3.313111633988275462e-01,3.524122701229756016e-01
3.311808682505161250e-01,3.525640040161078237e-01
3.310505712839318937e-01,3.527157363478552465e-01
3.309202725003375090e-01,3.528674671192642553e-01
3.307899719009763095e-01,3.530191963313649706e-01
3.306596694870733155e-01,3.531709239851714144e-01
3.305293652598339516e-01,3.533226500816813442e-01
3.303990592204454346e-01,3.534743746218765859e-01
3.302687513700759414e-01,3.536260976067229223e-01
3.301384417098752189e-01,3.537778190371700382e-01
3.300081302409741402e-01,3.539295389141520198e-01
3.298778169644852043e-01,3.540812572385867996e-01
3.297475018815023695e-01,3.542329740113765446e-01
3.296171849931012754e-01,3.543846892334080456e-01
3.294868663003391318e-01,3.545364029055516619e-01
3.293565458042543859e-01,3.546881150286627093e-01
3.292262235058682762e-01,3.548398256035807385e-01
3.290958994061830012e-01,3.549915346311294240e-01
3.289655735061825514e-01,3.551432421121173411e-01
3.288352458068334871e-01,3.552949480473373556e-01
3.287049163090838833e-01,3.554466524375670122e-01
3.285745850138641622e-01,3.555983552835682571e-01
3.284442519220861501e-01,3.557500565860880481e-01
3.283139170346446312e-01,3.559017563458578004e-01
3.281835803524161821e-01,3.560534545635938297e-01
3.280532418762595603e-01,3.562051512399970754e-01
3.279229016070160374e-01,3.563568463757533777e-01
3.277925595455091212e-01,3.565085399715335335e-01
3.276622156925447782e-01,3.566602320279933513e-01
3.275318700489111556e-01,3.568119225457734300e-01
3.274015226153795255e-01,3.569636115254993247e-01
3.272711733927029520e-01,3.571152989677819356e-01
3.271408223816177907e-01,3.572669848732170084e-01
3.270104695828424668e-01,3.574186692423856337e-01
3.268801149970785302e-01,3.575703520758538034e-01
3.267497586250102115e-01,3.577220333741729652e-01
3.266194004673043660e-01,3.578737131378798009e-01
3.264890405246107519e-01,3.580253913674961708e-01
3.263586787975622516e-01,3.581770680635292803e-01
3.262283152867744285e-01,3.583287432264720129e-01
3.260979499928459147e-01,3.584804168568022087e-01
3.259675829163583005e-01,3.586320889549835522e-01
3.258372140578766341e-01,3.587837595214649067e-01
3.257068434179485883e-01,3.589354285566810354e-01
3.255764709971052939e-01,3.590870960610518803e-01
3.254460967958611173e-01,3.592387620349832833e-01
3.253157208147134938e-01,3.593904264788665981e-01
3.251853430541433720e-01,3.595420893930788564e-01
3.250549635146149363e-01,3.596937507779827681e-01
3.249245821965758285e-01,3.598454106339269432e-01
3.247941991004570927e-01,3.599970689612456143e-01
3.246638142266732308e-01,3.601487257602590808e-01
3.245334275756223685e-01,3.603003810312732091e-01
3.244030391476859787e-01,3.604520347745798214e-01
3.242726489432293802e-01,3.606036869904568065e-01
3.241422569626014605e-01,3.607553376791678978e-01
3.240118632061346760e-01,3.609069868409628956e-01
3.238814676741454956e-01,3.610586344760774447e-01
3.237510703669335133e-01,3.612102805847336451e-01
3.236206712847831124e-01,3.613619251671391086e-01
3.234902704279619123e-01,3.615135682234881798e-01
3.233598677967209900e-01,3.616652097539609922e-01
3.232294633912962678e-01,3.618168497587237464e-01
3.230990572119071813e-01,3.619684882379292645e-01
3.229686492587570124e-01,3.621201251917163799e-01
3.228382395320334997e-01,3.622717606202101592e-01
3.227078280319078396e-01,3.624233945235222354e-01
3.225774147585360740e-01,3.625750269017501970e-01
3.224469997120576470e-01,3.627266577549781990e-01
3.223165828925968479e-01,3.628782870832770735e-01
3.221861643002616460e-01,3.630299148867036640e-01
3.220557439351448004e-01,3.631815411653012693e-01
3.219253217973227499e-01,3.633331659191001428e-01
3.217948978868566678e-01,3.634847891481166049e-01
3.216644722037919624e-01,3.636364108523536531e-01
3.215340447481585540e-01,3.637880310318009069e-01
3.214036155199704869e-01,3.639396496864344410e-01
3.212731845192265401e-01,3.640912668162172849e-01
3.211427517459098380e-01,3.642428824210986460e-01
3.210123171999882397e-01,3.643944965010148529e-01
3.208818808814137835e-01,3.645461090558888007e-01
3.207514427901233534e-01,3.646977200856298951e-01
3.206210029260386229e-01,3.648493295901346634e-01
3.204905612890654454e-01,3.650009375692861435e-01
3.203601178790947968e-01,3.651525440229543285e-01
3.202296726960020545e-01,3.653041489509960549e-01
3.200992257396475527e-01,3.654557523532549479e-01
3.199687770098761375e-01,3.656073542295615320e-01
3.198383265065180003e-01,3.657589545797333419e-01
3.197078742293874010e-01,3.659105534035747564e-01
3.195774201782841661e-01,3.660621507008770537e-01
3.194469643529924685e-01,3.662137464714186885e-01
3.193165067532819923e-01,3.663653407149651264e-01
3.191860473789067121e-01,3.665169334312685101e-01
3.190555862296061140e-01,3.666685246200684367e-01
3.189251233051044188e-01,3.668201142810914028e-01
3.187946586051107478e-01,3.669717024140511930e-01
3.186641921293197899e-01,3.671232890186483799e-01
3.185337238774109681e-01,3.672748740945709911e-01
3.184032538490488284e-01,3.674264576414941752e-01
3.182727820438830957e-01,3.675780396590800359e-01
3.181423084615485619e-01,3.677296201469782422e-01
3.180118331016657529e-01,3.678811991048254737e-01
3.178813559638394848e-01,3.680327765322455869e-01
3.177508770476608624e-01,3.681843524288501146e-01
3.176203963527054475e-01,3.683359267942373227e-01
3.174899138785344244e-01,3.684874996279934867e-01
3.173594296246944890e-01,3.686390709296914481e-01
3.172289435907172939e-01,3.687906406988921137e-01
3.170984557761201694e-01,3.689422089351434009e-01
3.169679661804057913e-01,3.690937756379804591e-01
3.168374748030623467e-01,3.692453408069264476e-01
3.167069816435630902e-01,3.693969044414914249e-01
3.165764867013672879e-01,3.695484665411730152e-01
3.164459899759192729e-01,3.697000271054565745e-01
3.163154914666491124e-01,3.698515861338147470e-01
3.161849911729723850e-01,3.700031436257077977e-01
3.160544890942901808e-01,3.701546995805834461e-01
3.159239852299895457e-01,3.703062539978769219e-01
3.157934795794424265e-01,3.704578068770111865e-01
3.156629721420070034e-01,3.706093582173967116e-01
3.155324629170269124e-01,3.707609080184315342e-01
3.154019519038315233e-01,3.709124562795014235e-01
3.152714391017358286e-01,3.710640029999798251e-01
3.151409245100407208e-01,3.712155481792275835e-01
3.150104081280325485e-01,3.713670918165934975e-01
3.148798899549836716e-01,3.715186339114140979e-01
3.147493699901522390e-01,3.716701744630133142e-01
3.146188482327820224e-01,3.718217134707030858e-01
3.144883246821028044e-01,3.719732509337830284e-01
3.143577993373302681e-01,3.721247868515405455e-01
3.142272721976657746e-01,3.722763212232506058e-01
3.140967432622966959e-01,3.724278540481764654e-01
3.139662125303961382e-01,3.725793853255686683e-01
3.138356800011235515e-01,3.727309150546659899e-01
3.137051456736239530e-01,3.728824432346946605e-01
3.135746095470284267e-01,3.730339698648691971e-01
3.134440716204542898e-01,3.731854949443916825e-01
3.133135318930044266e-01,3.733370184724522090e-01
3.131829903637681767e-01,3.734885404482288784e-01
3.130524470318207242e-01,3.736400608708873583e-01
3.129219018962232646e-01,3.737915797395818807e-01
3.127913549560232820e-01,3.739430970534538545e-01
3.126608062102541608e-01,3.740946128116333091e-01
3.125302556579356295e-01,3.742461270132379503e-01
3.123997032980733168e-01,3.743976396573736043e-01
3.122691491296591959e-01,3.745491507431339406e-01
3.121385931516712509e-01,3.747006602696008049e-01
3.120080353630741432e-01,3.748521682358439966e-01
3.118774757628178240e-01,3.750036746409214916e-01
3.117469143498394213e-01,3.751551794838791642e-01
3.116163511230616301e-01,3.753066827637511760e-01
3.114857860813940449e-01,3.754581844795595313e-01
3.113552192237320493e-01,3.756096846303145775e-01
3.112246505489572601e-01,3.757611832150147269e-01
3.110940800559380826e-01,3.759126802326464012e-01
3.109635077435290440e-01,3.760641756821844206e-01
3.108329336105707941e-01,3.762156695625913927e-01
3.107023576558907707e-01,3.763671618728184343e-01
3.105717798783023675e-01,3.765186526118046717e-01
3.104412002766057110e-01,3.766701417784776851e-01
3.103106188495869944e-01,3.768216293717528975e-01
3.101800355960191991e-01,3.769731153905342413e-01
3.100494505146616508e-01,3.771245998337136585e-01
3.099188636042602418e-01,3.772760827001717110e-01
3.097882748635470973e-01,3.774275639887768041e-01
3.096576842912405203e-01,3.775790436983858522e-01
3.095270918860465459e-01,3.777305218278440568e-01
3.093964976466563321e-01,3.778819983759846846e-01
3.092659015717484916e-01,3.780334733416298443e-01
3.091353036599877591e-01,3.781849467235893214e-01
3.090047039100255466e-01,3.783364185206617991e-01
3.088741023204999991e-01,3.784878887316339702e-01
3.087434988900358279e-01,3.786393573552809255e-01
3.086128936172440329e-01,3.787908243903661543e-01
3.084822865007227355e-01,3.789422898356416547e-01
3.083516775390564013e-01,3.790937536898475457e-01
3.082210667308161178e-01,3.792452159517128440e-01
3.080904540745597608e-01,3.793966766199544094e-01
3.079598395688321055e-01,3.795481356932780548e-01
3.078292232121642158e-01,3.796995931703773808e-01
3.076986050030742215e-01,3.798510490499351633e-01
3.075679849400665966e-01,3.800025033306221323e-01
3.074373630216331033e-01,3.801539560110976934e-01
3.073067392462518477e-01,3.803054070900098727e-01
3.071761136123877800e-01,3.804568565659948165e-01
3.070454861184928608e-01,3.806083044376774582e-01
3.069148567630055058e-01,3.807597507036712958e-01
3.067842255443512522e-01,3.809111953625779479e-01
3.066535924609423147e-01,3.810626384129883193e-01
3.065229575111779736e-01,3.812140798534810471e-01
3.063923206934439647e-01,3.813655196826237770e-01
3.062616820061132006e-01,3.815169578989727750e-01
3.061310414475452713e-01,3.816683945010727053e-01
3.060003990160871101e-01,3.818198294874567966e-01
3.058697547100720504e-01,3.819712628566469537e-01
3.057391085278206022e-01,3.821226946071538122e-01
3.056084604676400640e-01,3.822741247374765172e-01
3.054778105278250777e-01,3.824255532461027784e-01
3.053471587066567960e-01,3.825769801315091478e-01
3.052165050024034931e-01,3.827284053921606310e-01
3.050858494133206200e-01,3.828798290265109094e-01
3.049551919376503606e-01,3.830312510330025622e-01
3.048245325736224642e-01,3.831826714100666220e-01
3.046938713194527470e-01,3.833340901561228531e-01
3.045632081733449237e-01,3.834855072695799172e-01
3.044325431334895526e-01,3.836369227488348743e-01
3.043018761980641473e-01,3.837883365922739043e-01
3.041712073652333981e-01,3.839397487982715296e-01
3.040405366331490056e-01,3.840911593651912814e-01
3.039098639999499030e-01,3.842425682913853668e-01
3.037791894637621448e-01,3.843939755751947240e-01
3.036485130226988516e-01,3.845453812149491890e-01
3.035178346748604317e-01,3.846967852089672180e-01
3.033871544183341373e-01,3.848481875555562204e-01
3.032564722511949529e-01,3.849995882530122815e-01
3.031257881715044844e-01,3.851509872996203843e-01
3.029951021773119035e-01,3.853023846936544650e-01
3.028644142666535033e-01,3.854537804333770246e-01
3.027337244375527536e-01,3.856051745170396283e-01
3.026030326880207455e-01,3.857565669428826838e-01
3.024723390160552472e-01,3.859079577091352187e-01
3.023416434196415370e-01,3.860593468140155471e-01
3.022109458967524032e-01,3.862107342557304368e-01
3.020802464453475888e-01,3.863621200324761640e-01
3.019495450633745137e-01,3.865135041424371254e-01
3.018188417487677189e-01,3.866648865837873372e-01
3.016881364994489223e-01,3.868162673546894359e-01
3.015574293133275185e-01,3.869676464532949556e-01
3.014267201883003011e-01,3.871190238777443837e-01
3.012960091222510184e-01,3.872703996261674386e-01
3.011652961130513728e-01,3.874217736966824588e-01
3.010345811585599107e-01,3.875731460873970691e-01
3.009038642566231325e-01,3.877245167964077366e-01
3.007731454050745490e-01,3.878758858217997707e-01
3.006424246017353474e-01,3.880272531616480447e-01
3.005117018444143362e-01,3.881786188140157190e-01
3.003809771309073340e-01,3.883299827769556289e-01
3.002502504589981691e-01,3.884813450485091746e-01
3.001195218264578468e-01,3.886327056267072089e-01
2.999887912310449378e-01,3.887840645095694825e-01
2.998580586705057449e-01,3.889354216951048104e-01
2.997273241425738588e-01,3.890867771813110165e-01
2.995965876449707133e-01,3.892381309661753774e-01
2.994658491754049190e-01,3.893894830476738456e-01
2.993351087315730963e-01,3.895408334237717152e-01
2.992043663111594864e-01,3.896921820924234559e-01
2.990736219118355632e-01,3.898435290515727125e-01
2.989428755312606434e-01,3.899948742991519723e-01
2.988121271670817203e-01,3.901462178330831754e-01
2.986813768169334637e-01,3.902975596512777146e-01
2.985506244784383867e-01,3.904488997516355475e-01
2.984198701492062900e-01,3.906002381320463068e-01
2.982891138268349840e-01,3.907515747903886338e-01
2.981583555089099558e-01,3.909029097245302897e-01
2.980275951930044243e-01,3.910542429323287106e-01
2.978968328766793960e-01,3.912055744116301192e-01
2.977660685574835542e-01,3.913569041602703580e-01
2.976353022329535358e-01,3.915082321760743334e-01
2.975045339006137657e-01,3.916595584568561828e-01
2.973737635579760119e-01,3.918108830004195520e-01
2.972429912025407184e-01,3.919622058045573731e-01
2.971122168317955059e-01,3.921135268670517537e-01
2.969814404432161714e-01,3.922648461856742541e-01
2.968506620342664659e-01,3.924161637581857209e-01
2.967198816023974839e-01,3.925674795823364538e-01
2.965890991450491621e-01,3.927187936558659831e-01
2.964583146596484475e-01,3.928701059765034587e-01
2.963275281436109077e-01,3.930214165419672057e-01
2.961967395943398418e-01,3.931727253499650576e-01
2.960659490092262258e-01,3.933240323981944120e-01
2.959351563856496559e-01,3.934753376843417305e-01
2.958043617209774045e-01,3.936266412060833719e-01
2.956735650125645876e-01,3.937779429610848703e-01
2.955427662577546633e-01,3.939292429470014900e-01
2.954119654538790440e-01,3.940805411614776155e-01
2.952811625982574295e-01,3.942318376021475279e-01
2.951503576881972513e-01,3.943831322666347949e-01
2.950195507209945056e-01,3.945344251525525481e-01
2.948887416939328099e-01,3.946857162575037603e-01
2.947579306042844571e-01,3.948370055790805244e-01
2.946271174493097500e-01,3.949882931148648302e-01
2.944963022262568897e-01,3.951395788624281202e-01
2.943654849323626976e-01,3.952908628193315121e-01
2.942346655648521714e-01,3.954421449831255764e-01
2.941038441209382071e-01,3.955934253513510024e-01
2.939730205978223210e-01,3.957447039215374329e-01
2.938421949926944277e-01,3.958959806912049073e-01
2.937113673027323957e-01,3.960472556578625847e-01
2.935805375251026028e-01,3.961985288190095766e-01
2.934497056569596030e-01,3.963498001721347253e-01
2.933188716954467923e-01,3.965010697147165475e-01
2.931880356376954655e-01,3.966523374442235128e-01
2.930571974808254820e-01,3.968036033581133770e-01
2.929263572219453216e-01,3.969548674538341815e-01
2.927955148581516398e-01,3.971061297288234759e-01
2.926646703865296573e-01,3.972573901805086516e-01
2.925338238041532146e-01,3.974086488063072187e-01
2.924029751080845507e-01,3.975599056036261403e-01
2.922721242953743581e-01,3.977111605698623875e-01
2.921412713630621716e-01,3.978624137024029950e-01
2.920104163081758686e-01,3.980136649986245612e-01
2.918795591277320023e-01,3.981649144558939701e-01
2.917486998187356906e-01,3.983161620715679474e-01
2.916178383781808936e-01,3.984674078429927269e-01
2.914869748030498031e-01,3.986186517675053276e-01
2.913561090903139528e-01,3.987698938424319994e-01
2.912252412369331078e-01,3.989211340650893889e-01
2.910943712398558203e-01,3.990723724327842614e-01
2.909634990960197065e-01,3.992236089428130019e-01
2.908326248023507810e-01,3.993748435924626139e-01
2.907017483557640669e-01,3.995260763790097203e-01
2.905708697531635409e-01,3.996773072997213960e-01
2.904399889914417443e-01,3.998285363518545021e-01
2.903091060674803936e-01,3.999797635326564071e-01
2.901782209781498256e-01,4.001309888393642655e-01
2.900473337203096635e-01,4.002822122692057949e-01
2.899164442908082062e-01,4.004334338193984988e-01
2.897855526864828168e-01,4.005846534871507214e-01
2.896546589041599229e-01,4.007358712696602598e-01
2.895237629406548496e-01,4.008870871641159739e-01
2.893928647927722086e-01,4.010383011676962872e-01
2.892619644573056203e-01,4.011895132775705197e-01
2.891310619310375474e-01,4.013407234908979992e-01
2.890001572107400163e-01,4.014919318048285057e-01
2.888692502931740069e-01,4.016431382165023267e-01
2.887383411750896189e-01,4.017943427230497022e-01
2.886074298532264604e-01,4.019455453215918794e-01
2.884765163243130370e-01,4.020967460092401136e-01
2.883456005850675297e-01,4.022479447830963895e-01
2.882146826321967947e-01,4.023991416402529220e-01
2.880837624623978632e-01,4.025503365777926557e-01
2.879528400723566084e-01,4.027015295927890981e-01
2.878219154587481898e-01,4.028527206823061535e-01
2.876909886182377751e-01,4.030039098433983447e-01
2.875600595474793186e-01,4.031550970731109795e-01
2.874291282431167271e-01,4.033062823684796516e-01
2.872981947017833049e-01,4.034574657265309061e-01
2.871672589201015868e-01,4.036086471442820178e-01
2.870363208946842271e-01,4.037598266187406582e-01
2.869053806221332215e-01,4.039110041469055057e-01
2.867744380990399633e-01,4.040621797257659131e-01
2.866434933219861314e-01,4.042133533523019073e-01
2.865125462875423024e-01,4.043645250234846333e-01
2.863815969922697824e-01,4.045156947362756883e-01
2.862506454327183869e-01,4.046668624876278431e-01
2.861196916054289940e-01,4.048180282744845981e-01
2.859887355069316017e-01,4.049691920937801837e-01
2.858577771337461604e-01,4.051203539424404476e-01
2.857268164823826839e-01,4.052715138173813569e-01
2.855958535493409167e-01,4.054226717155105519e-01
2.854648883311108887e-01,4.055738276337263470e-01
2.853339208241723601e-01,4.057249815689182304e-01
2.852029510249950439e-01,4.058761335179668084e-01
2.850719789300391049e-01,4.060272834777436390e-01
2.849410045357546051e-01,4.061784314451116762e-01
2.848100278385817252e-01,4.063295774169248253e-01
2.846790488349507653e-01,4.064807213900283323e-01
2.845480675212824218e-01,4.066318633612586719e-01
2.844170838939875656e-01,4.067830033274434376e-01
2.842860979494675200e-01,4.069341412854017292e-01
2.841551096841134494e-01,4.070852772319439317e-01
2.840241190943075256e-01,4.072364111638716033e-01
2.838931261764219838e-01,4.073875430779779760e-01
2.837621309268193448e-01,4.075386729710473999e-01
2.836311333418531366e-01,4.076898008398560092e-01
2.835001334178669508e-01,4.078409266811711120e-01
2.833691311511949418e-01,4.079920504917516899e-01
2.832381265381622160e-01,4.081431722683483976e-01
2.831071195750842207e-01,4.082942920077032856e-01
2.829761102582672994e-01,4.084454097065499667e-01
2.828450985840083032e-01,4.085965253616140047e-01
2.827140845485949794e-01,4.087476389696123036e-01
2.825830681483059714e-01,4.088987505272538847e-01
2.824520493794104858e-01,4.090498600312390542e-01
2.823210282381690139e-01,4.092009674782603468e-01
2.821900047208323881e-01,4.093520728650018592e-01
2.820589788236433360e-01,4.095031761881396393e-01
2.819279505428346488e-01,4.096542774443416857e-01
2.817969198746307913e-01,4.098053766302677814e-01
2.816658868152470685e-01,4.099564737425698824e-01
2.815348513608900149e-01,4.101075687778918399e-01
2.814038135077574498e-01,4.102586617328694563e-01
2.812727732520382551e-01,4.104097526041309285e-01
2.811417305899128749e-01,4.105608413882961272e-01
2.810106855175527052e-01,4.107119280819774843e-01
2.808796380311208152e-01,4.108630126817796047e-01
2.807485881267716699e-01,4.110140951842988222e-01
2.806175358006510745e-01,4.111651755861245316e-01
2.804864810488964522e-01,4.113162538838378568e-01
2.803554238676368993e-01,4.114673300740125383e-01
2.802243642529928525e-01,4.116184041532146010e-01
2.800933022010766993e-01,4.117694761180026308e-01
2.799622377079923341e-01,4.119205459649276091e-01
2.798311707698356021e-01,4.120716136905329674e-01
2.797001013826938554e-01,4.122226792913548099e-01
2.795690295426467298e-01,4.123737427639219133e-01
2.794379552457655902e-01,4.125248041047555048e-01
2.793068784881134747e-01,4.126758633103697060e-01
2.791757992657459830e-01,4.128269203772710894e-01
2.790447175747104436e-01,4.129779753019593436e-01
2.789136334110463022e-01,4.131290280809267745e-01
2.787825467707852334e-01,4.132800787106585827e-01
2.786514576499512508e-01,4.134311271876328631e-01
2.785203660445604856e-01,4.135821735083206607e-01
2.783892719506213531e-01,4.137332176691862484e-01
2.782581753641348299e-01,4.138842596666864049e-01
2.781270762810943986e-01,4.140352994972716916e-01
2.779959746974857704e-01,4.141863371573852315e-01
2.778648706092873844e-01,4.143373726434635418e-01
2.777337640124701856e-01,4.144884059519364228e-01
2.776026549029979584e-01,4.146394370792269024e-01
2.774715432768271040e-01,4.147904660217511807e-01
2.773404291299065294e-01,4.149414927759192961e-01
2.772093124581785362e-01,4.150925173381340150e-01
2.770781932575779871e-01,4.152435397047922194e-01
2.769470715240324732e-01,4.153945598722839083e-01
2.768159472534630350e-01,4.155455778369928077e-01
2.766848204417836632e-01,4.156965935952961488e-01
2.765536910849011321e-01,4.158476071435650012e-01
2.764225591787159431e-01,4.159986184781639951e-01
2.762914247191214367e-01,4.161496275954516544e-01
2.761602877020045144e-01,4.163006344917802304e-01
2.760291481232450828e-01,4.164516391634958681e-01
2.758980059787169981e-01,4.166026416069385507e-01
2.757668612642871775e-01,4.167536418184424885e-01
2.756357139758162655e-01,4.169046397943356186e-01
2.755045641091586339e-01,4.170556355309401053e-01
2.753734116601621040e-01,4.172066290245723952e-01
2.752422566246683355e-01,4.173576202715428840e-01
2.751110989985128263e-01,4.175086092681563055e-01
2.749799387775249127e-01,4.176595960107115091e-01
2.748487759575279354e-01,4.178105804955021263e-01
2.747176105343392405e-01,4.179615627188157934e-01
2.745864425037701229e-01,4.181125426769348175e-01
2.744552718616260489e-01,4.182635203661359546e-01
2.743240986037068785e-01,4.184144957826906319e-01
2.741929227258063650e-01,4.185654689228646697e-01
2.740617442237129886e-01,4.187164397829188367e-01
2.739305630932094560e-01,4.188674083591086283e-01
2.737993793300729228e-01,4.190183746476842108e-01
2.736681929300750493e-01,4.191693386448906433e-01
2.735370038889822220e-01,4.193203003469678780e-01
2.734058122025556092e-01,4.194712597501512596e-01
2.732746178665507175e-01,4.196222168506705263e-01
2.731434208767185567e-01,4.197731716447509753e-01
2.730122212288043082e-01,4.199241241286128523e-01
2.728810189185486568e-01,4.200750742984717401e-01
2.727498139416868472e-01,4.202260221505385585e-01
2.726186062939496835e-01,4.203769676810193978e-01
2.724873959710629179e-01,4.205279108861159632e-01
2.723561829687476399e-01,4.206788517620252410e-01
2.722249672827202760e-01,4.208297903049398880e-01
2.720937489086924788e-01,4.209807265110480645e-01
2.719625278423717374e-01,4.211316603765337119e-01
2.718313040794606006e-01,4.212825918975764417e-01
2.717000776156577868e-01,4.214335210703517021e-01
2.715688484466574626e-01,4.215844478910306115e-01
2.714376165681495201e-01,4.217353723557805689e-01
2.713063819758197437e-01,4.218862944607645882e-01
2.711751446653499209e-01,4.220372142021418527e-01
2.710439046324179535e-01,4.221881315760678821e-01
2.709126618726974689e-01,4.223390465786942549e-01
2.707814163818587083e-01,4.224899592061685527e-01
2.706501681555679717e-01,4.226408694546350819e-01
2.705189171894877287e-01,4.227917773202343743e-01
2.703876634792771183e-01,4.229426827991031868e-01
2.702564070205918378e-01,4.230935858873753341e-01
2.701251478090838654e-01,4.232444865811806900e-01
2.699938858404020148e-01,4.233953848766463524e-01
2.698626211101916028e-01,4.235462807698955334e-01
2.697313536140953927e-01,4.236971742570487254e-01
2.696000833477522618e-01,4.238480653342230342e-01
2.694688103067987561e-01,4.239989539975327348e-01
2.693375344868677024e-01,4.241498402430891046e-01
2.692062558835900954e-01,4.243007240670003677e-01
2.690749744925934883e-01,4.244516054653719173e-01
2.689436903095028253e-01,4.246024844343064819e-01
2.688124033299405524e-01,4.247533609699041812e-01
2.686811135495266734e-01,4.249042350682624147e-01
2.685498209638786937e-01,4.250551067254761395e-01
2.684185255686117322e-01,4.252059759376377590e-01
2.682872273593389645e-01,4.253568427008371788e-01
2.681559263316712349e-01,4.255077070111623061e-01
2.680246224812170008e-01,4.256585688646986054e-01
2.678933158035832762e-01,4.258094282575293765e-01
2.677620062943748547e-01,4.259602851857359762e-01
2.676306939491949199e-01,4.261111396453976519e-01
2.674993787636448239e-01,4.262619916325917080e-01
2.673680607333244197e-01,4.264128411433937282e-01
2.672367398538318395e-01,4.265636881738773534e-01
2.671054161207641608e-01,4.267145327201146698e-01
2.669740895297166849e-01,4.268653747781762653e-01
2.668427600762835472e-01,4.270162143441307845e-01
2.667114277560580504e-01,4.271670514140459285e-01
2.665800925646323316e-01,4.273178859839876220e-01
2.664487544975971400e-01,4.274687180500207351e-01
2.663174135505428364e-01,4.276195476082090274e-01
2.661860697190588931e-01,4.277703746546145380e-01
2.660547229987340057e-01,4.279211991852992503e-01
2.659233733851564252e-01,4.280720211963231492e-01
2.657920208739135148e-01,4.282228406837460533e-01
2.656606654605929707e-01,4.283736576436267818e-01
2.655293071407813787e-01,4.285244720720233769e-01
2.653979459100658800e-01,4.286752839649932145e-01
2.652665817640329493e-01,4.288260933185933932e-01
2.651352146982692282e-01,4.289769001288801231e-01
2.650038447083615245e-01,4.291277043919097811e-01
2.648724717898969794e-01,4.292785061037379113e-01
2.647410959384625673e-01,4.294293052604203353e-01
2.646097171496460954e-01,4.295801018580123753e-01
2.644783354190357594e-01,4.297308958925695199e-01
2.643469507422203102e-01,4.298816873601473132e-01
2.642155631147891648e-01,4.300324762568014658e-01
2.640841725323325728e-01,4.301832625785879105e-01
2.639527789904417276e-01,4.303340463215626355e-01
2.638213824847087108e-01,4.304848274817825726e-01
2.636899830107266030e-01,4.306356060553048204e-01
2.635585805640903168e-01,4.307863820381869213e-01
2.634271751403952089e-01,4.309371554264874171e-01
2.632957667352388564e-01,4.310879262162655712e-01
2.631643553442196692e-01,4.312386944035813685e-01
2.630329409629381665e-01,4.313894599844957933e-01
2.629015235869965328e-01,4.315402229550708846e-01
2.627701032119983959e-01,4.316909833113700135e-01
2.626386798335499373e-01,4.318417410494573838e-01
2.625072534472589481e-01,4.319924961653986983e-01
2.623758240487354954e-01,4.321432486552614360e-01
2.622443916335920333e-01,4.322939985151138531e-01
2.621129561974432365e-01,4.324447457410264817e-01
2.619815177359062774e-01,4.325954903290711306e-01
2.618500762446009933e-01,4.327462322753216628e-01
2.617186317191499412e-01,4.328969715758537729e-01
2.615871841551782873e-01,4.330477082267447653e-01
2.614557335483144729e-01,4.331984422240747756e-01
2.613242798941897704e-01,4.333491735639252163e-01
2.611928231884383389e-01,4.334999022423805526e-01
2.610613634266980010e-01,4.336506282555271929e-01
2.609299006046097991e-01,4.338013515994540437e-01
2.607984347178182172e-01,4.339520722702525646e-01
2.606669657619714586e-01,4.341027902640169911e-01
2.605354937327210574e-01,4.342535055768442231e-01
2.604040186257227663e-01,4.344042182048342138e-01
2.602725404366361128e-01,4.345549281440894140e-01
2.601410591611246770e-01,4.347056353907157167e-01
2.600095747948561464e-01,4.348563399408220120e-01
2.598780873335025388e-01,4.350070417905205211e-01
2.597465967727400904e-01,4.351577409359266846e-01
2.596151031082499783e-01,4.353084373731595513e-01
2.594836063357173206e-01,4.354591310983417229e-01
2.593521064508326202e-01,4.356098221075990762e-01
2.592206034492907096e-01,4.357605103970617622e-01
2.590890973267916952e-01,4.359111959628635402e-01
2.589575880790406792e-01,4.360618788011420000e-01
2.588260757017480373e-01,4.362125589080390053e-01
2.586945601906291414e-01,4.363632362797005282e-01
2.585630415414052474e-01,4.365139109122767036e-01
2.584315197498027739e-01,4.366645828019221631e-01
2.582999948115540789e-01,4.368152519447958682e-01
2.581684667223970164e-01,4.369659183370614430e-01
2.580369354780758795e-01,4.371165819748872861e-01
2.579054010743400127e-01,4.372672428544462919e-01
2.577738635069461992e-01,4.374179009719165179e-01
2.576423227716562736e-01,4.375685563234808506e-01
2.575107788642392315e-01,4.377192089053273394e-01
2.573792317804702301e-01,4.378698587136492515e-01
2.572476815161311436e-01,4.380205057446450723e-01
2.571161280670106186e-01,4.381711499945187271e-01
2.569845714289040184e-01,4.383217914594798592e-01
2.568530115976139228e-01,4.384724301357433851e-01
2.567214485689499059e-01,4.386230660195302167e-01
2.565898823387287031e-01,4.387736991070668724e-01
2.564583129027744879e-01,4.389243293945861990e-01
2.563267402569188724e-01,4.390749568783268164e-01
2.561951643970011849e-01,4.392255815545333952e-01
2.560635853188683586e-01,4.393762034194572674e-01
2.559320030183749317e-01,4.395268224693557602e-01
2.558004174913839912e-01,4.396774387004928064e-01
2.556688287337663956e-01,4.398280521091390560e-01
2.555372367414011081e-01,4.399786626915716536e-01
2.554056415101754740e-01,4.401292704440749048e-01
2.552740430359857204e-01,4.402798753629396100e-01
2.551424413147358461e-01,4.404304774444638970e-01
2.550108363423393976e-01,4.405810766849528881e-01
2.548792281147184147e-01,4.407316730807190330e-01
2.547476166278037635e-01,4.408822666280821645e-01
2.546160018775356360e-01,4.410328573233696092e-01
2.544843838598630503e-01,4.411834451629160769e-01
2.543527625707452944e-01,4.413340301430642154e-01
2.542211380061500936e-01,4.414846122601643885e-01
2.540895101620551655e-01,4.416351915105750092e-01
2.539578790344480530e-01,4.417857678906620400e-01
2.538262446193262356e-01,4.419363413968002696e-01
2.536946069126967407e-01,4.420869120253722584e-01
2.535629659105771427e-01,4.422374797727690043e-01
2.534313216089950638e-01,4.423880446353902762e-01
2.532996740039884509e-01,4.425386066096441140e-01
2.531680230916058538e-01,4.426891656919473284e-01
2.530363688679063694e-01,4.428397218787256118e-01
2.529047113289597526e-01,4.429902751664136495e-01
2.527730504708467496e-01,4.431408255514550087e-01
2.526413862896592644e-01,4.432913730303024713e-01
2.525097187814999700e-01,4.434419175994182560e-01
2.523780479424830858e-01,4.435924592552736301e-01
2.522463737687340446e-01,4.437429979943495750e-01
2.521146962563898253e-01,4.438935338131367869e-01
2.519830154015992862e-01,4.440440667081354542e-01
2.518513312005227212e-01,4.441945966758558129e-01
2.517196436493325251e-01,4.443451237128177578e-01
2.515879527442129726e-01,4.444956478155517310e-01
2.514562584813608281e-01,4.446461689805977779e-01
2.513245608569846801e-01,4.447966872045066578e-01
2.511928598673059398e-01,4.449472024838395101e-01
2.510611555085584534e-01,4.450977148151677443e-01
2.509294477769884457e-01,4.452482241950737607e-01
2.507977366688555199e-01,4.453987306201503960e-01
2.506660221804317135e-01,4.455492340870014778e-01
2.505343043080024978e-01,4.456997345922419917e-01
2.504025830478662784e-01,4.458502321324978035e-01
2.502708583963348388e-01,4.460007267044060475e-01
2.501391303497336183e-01,4.461512183046153490e-01
2.500073989044013234e-01,4.463017069297853801e-01
2.498756640566908438e-01,4.464521925765879695e-01
2.497439258029684195e-01,4.466026752417060486e-01
2.496121841396145291e-01,4.467531549218345943e-01
2.494804390630237789e-01,4.469036316136807963e-01
2.493486905696049860e-01,4.470541053139631682e-01
2.492169386557812338e-01,4.472045760194130470e-01
2.490851833179900943e-01,4.473550437267737601e-01
2.489534245526840994e-01,4.475055084328009025e-01
2.488216623563300756e-01,4.476559701342627262e-01
2.486898967254101422e-01,4.478064288279399174e-01
2.485581276564212405e-01,4.479568845106260411e-01
2.484263551458752994e-01,4.481073371791275406e-01
2.482945791903001520e-01,4.482577868302635715e-01
2.481627997862380364e-01,4.484082334608665565e-01
2.480310169302477330e-01,4.485586770677820745e-01
2.478992306189030659e-01,4.487091176478690269e-01
2.477674408487939295e-01,4.488595551979995824e-01
2.476356476165259834e-01,4.490099897150596209e-01
2.475038509187212077e-01,4.491604211959485671e-01
2.473720507520175416e-01,4.493108496375795569e-01
2.472402471130691615e-01,4.494612750368798260e-01
2.471084399985468971e-01,4.496116973907903769e-01
2.469766294051382594e-01,4.497621166962663120e-01
2.468448153295470238e-01,4.499125329502772774e-01
2.467129977684942022e-01,4.500629461498067418e-01
2.465811767187176262e-01,4.502133562918531062e-01
2.464493521769721973e-01,4.503637633734291490e-01
2.463175241400301640e-01,4.505141673915623590e-01
2.461856926046808447e-01,4.506645683432948246e-01
2.460538575677313489e-01,4.508149662256838441e-01
2.459220190260063554e-01,4.509653610358015929e-01
2.457901769763478350e-01,4.511157527707355119e-01
2.456583314156162157e-01,4.512661414275880301e-01
2.455264823406897168e-01,4.514165270034772859e-01
2.453946297484643768e-01,4.515669094955366281e-01
2.452627736358547472e-01,4.517172889009151704e-01
2.451309139997939757e-01,4.518676652167778474e-01
2.449990508372331677e-01,4.520180384403049700e-01
2.448671841451423858e-01,4.521684085686933363e-01
2.447353139205103167e-01,4.523187755991553982e-01
2.446034401603447428e-01,4.524691395289199281e-01
2.444715628616721537e-01,4.526195003552322405e-01
2.443396820215383569e-01,4.527698580753534152e-01
2.442077976370082282e-01,4.529202126865616296e-01
2.440759097051663218e-01,4.530705641861513810e-01
2.439440182231164267e-01,4.532209125714339870e-01
2.438121231879819828e-01,4.533712578397376958e-01
2.436802245969062752e-01,4.535215999884075200e-01
2.435483224470524344e-01,4.536719390148056252e-01
2.434164167356035469e-01,4.538222749163114411e-01
2.432845074597629054e-01,4.539726076903214946e-01
2.431525946167539254e-01,4.541229373342500208e-01
2.430206782038205338e-01,4.542732638455282967e-01
2.428887582182269467e-01,4.544235872216058625e-01
2.427568346572581415e-01,4.545739074599494112e-01
2.426249075182198844e-01,4.547242245580436215e-01
2.424929767984385920e-01,4.548745385133915464e-01
2.423610424952618581e-01,4.550248493235137248e-01
2.422291046060581488e-01,4.551751569859490143e-01
2.420971631282174408e-01,4.553254614982548687e-01
2.419652180591508051e-01,4.554757628580068385e-01
2.418332693962908231e-01,4.556260610627990704e-01
2.417013171370917812e-01,4.557763561102441963e-01
2.415693612790294209e-01,4.559266479979736664e-01
2.414374018196015770e-01,4.560769367236378602e-01
2.413054387563278169e-01,4.562272222849058645e-01
2.411734720867497461e-01,4.563775046794659174e-01
2.410415018084312855e-01,4.565277839050254638e-01
2.409095279189585048e-01,4.566780599593109891e-01
2.407775504159399282e-01,4.568283328400687404e-01
2.406455692970066174e-01,4.569786025450637834e-01
2.405135845598121991e-01,4.571288690720814452e-01
2.403815962020331432e-01,4.572791324189260931e-01
2.402496042213687066e-01,4.574293925834224117e-01
2.401176086155409894e-01,4.575796495634145145e-01
2.399856093822955450e-01,4.577299033567669428e-01
2.398536065194007416e-01,4.578801539613639449e-01
2.397216000246485679e-01,4.580304013751100856e-01
2.395895898958542158e-01,4.581806455959300806e-01
2.394575761308564976e-01,4.583308866217695177e-01
2.393255587275179286e-01,4.584811244505939132e-01
2.391935376837246718e-01,4.586313590803897111e-01
2.390615129973868436e-01,4.587815905091639501e-01
2.389294846664385963e-01,4.589318187349443190e-01
2.387974526888380356e-01,4.590820437557796563e-01
2.386654170625675253e-01,4.592322655697396727e-01
2.385333777856336879e-01,4.593824841749152288e-01
2.384013348560677370e-01,4.595326995694183347e-01
2.382692882719252003e-01,4.596829117513822061e-01
2.381372380312862247e-01,4.598331207189617076e-01
2.380051841322559925e-01,4.599833264703327429e-01
2.378731265729641386e-01,4.601335290036933645e-01
2.377410653515654448e-01,4.602837283172628302e-01
2.376090004662397559e-01,4.604339244092823802e-01
2.374769319151920077e-01,4.605841172780152926e-01
2.373448596966523938e-01,4.607343069217462728e-01
2.372127838088763929e-01,4.608844933387826193e-01
2.370807042501451856e-01,4.610346765274536129e-01
2.369486210187652375e-01,4.611848564861106281e-01
2.368165341130686885e-01,4.613350332131276321e-01
2.366844435314137685e-01,4.614852067069008523e-01
2.365523492721840759e-01,4.616353769658491646e-01
2.364202513337896605e-01,4.617855439884138158e-01
2.362881497146662180e-01,4.619357077730588679e-01
2.361560444132757008e-01,4.620858683182714199e-01
2.360239354281065405e-01,4.622360256225611086e-01
2.358918227576732030e-01,4.623861796844607186e-01
2.357597064005168275e-01,4.625363305025260718e-01
2.356275863552048377e-01,4.626864780753360828e-01
2.354954626203316359e-01,4.628366224014929253e-01
2.353633351945179364e-01,4.629867634796221987e-01
2.352312040764115431e-01,4.631369013083727615e-01
2.350990692646871272e-01,4.632870358864168425e-01
2.349669307580462829e-01,4.634371672124505959e-01
2.348347885552176662e-01,4.635872952851937123e-01
2.347026426549571887e-01,4.637374201033892529e-01
2.345704930560479629e-01,4.638875416658047590e-01
2.344383397573005789e-01,4.640376599712312533e-01
2.343061827575528000e-01,4.641877750184836837e-01
2.341740220556701169e-01,4.643378868064012011e-01
2.340418576505457204e-01,4.644879953338471590e-01
2.339096895411001409e-01,4.646381005997092251e-01
2.337775177262820525e-01,4.647882026028990476e-01
2.336453422050678019e-01,4.649383013423528666e-01
2.335131629764615746e-01,4.650883968170314020e-01
2.333809800394959499e-01,4.652384890259198547e-01
2.332487933932311797e-01,4.653885779680281831e-01
2.331166030367559650e-01,4.655386636423906044e-01
2.329844089691872344e-01,4.656887460480666485e-01
2.328522111896701163e-01,4.658388251841403815e-01
2.327200096973783550e-01,4.659889010497208495e-01
2.325878044915140885e-01,4.661389736439419673e-01
2.324555955713080158e-01,4.662890429659628522e-01
2.323233829360195346e-01,4.664391090149677122e-01
2.321911665849365758e-01,4.665891717901659019e-01
2.320589465173761856e-01,4.667392312907921448e-01
2.319267227326840819e-01,4.668892875161063105e-01
2.317944952302347927e-01,4.670393404653938596e-01
2.316622640094321839e-01,4.671893901379656766e-01
2.315300290697089036e-01,4.673394365331581257e-01
2.313977904105268268e-01,4.674894796503331063e-01
2.312655480313772216e-01,4.676395194888782747e-01
2.311333019317802218e-01,4.677895560482072113e-01
2.310010521112858539e-01,4.679395893277588647e-01
2.308687985694730105e-01,4.680896193269983852e-01
2.307365413059504766e-01,4.682396460454167908e-01
2.306042803203564584e-01,4.683896694825308571e-01
2.304720156123585273e-01,4.685396896378836717e-01
2.303397471816542585e-01,4.686897065110441907e-01
2.302074750279707316e-01,4.688397201016077376e-01
2.300751991510649463e-01,4.689897304091956709e-01
2.299429195507236012e-01,4.691397374334558279e-01
2.298106362267633707e-01,4.692897411740620806e-01
2.296783491790309328e-01,4.694397416307150017e-01
2.295460584074027754e-01,4.695897388031413100e-01
2.294137639117858063e-01,4.697397326910943693e-01
2.292814656921167704e-01,4.698897232943540780e-01
2.291491637483625277e-01,4.700397106127270352e-01
2.290168580805204135e-01,4.701896946460461524e-01
2.288845486886179059e-01,4.703396753941714858e-01
2.287522355727128198e-01,4.704896528569894598e-01
2.286199187328932791e-01,4.706396270344134769e-01
2.284875981692778835e-01,4.707895979263837516e-01
2.283552738820157635e-01,4.709395655328672547e-01
2.282229458712864978e-01,4.710895298538581577e-01
2.280906141373001961e-01,4.712394908893774992e-01
2.279582786802976657e-01,4.713894486394731298e-01
2.278259395005501620e-01,4.715394031042203227e-01
2.276935965983599430e-01,4.716893542837211628e-01
2.275612499740596040e-01,4.718393021781050467e-01
2.274288996280128816e-01,4.719892467875285713e-01
2.272965455606141549e-01,4.721391881121753120e-01
2.271641877722884728e-01,4.722891261522565443e-01
2.270318262634921369e-01,4.724390609080104664e-01
2.268994610347119523e-01,4.725889923797028658e-01
2.267670920864660600e-01,4.727389205676267303e-01
2.266347194193034098e-01,4.728888454721025258e-01
2.265023430338037325e-01,4.730387670934781963e-01
2.263699629305782890e-01,4.731886854321291636e-01
2.262375791102690104e-01,4.733386004884583831e-01
2.261051915735491913e-01,4.734885122628962328e-01
2.259728003211230463e-01,4.736384207559007908e-01
2.258404053537261258e-01,4.737883259679577241e-01
2.257080066721251221e-01,4.739382278995802333e-01
2.255756042771178138e-01,4.740881265513093856e-01
2.254431981695334264e-01,4.742380219237136152e-01
2.253107883502322717e-01,4.743879140173893338e-01
2.251783748201059976e-01,4.745378028329607090e-01
2.250459575800776435e-01,4.746876883710794415e-01
2.249135366311013073e-01,4.748375706324250989e-01
2.247811119741627839e-01,4.749874496177052263e-01
2.246486836102790097e-01,4.751373253276549580e-01
2.245162515404981185e-01,4.752871977630374056e-01
2.243838157659001076e-01,4.754370669246434367e-01
2.242513762875958938e-01,4.755869328132920626e-01
2.241189331067281743e-01,4.757367954298297175e-01
2.239864862244708155e-01,4.758866547751312570e-01
2.238540356420291866e-01,4.760365108500991260e-01
2.237215813606402148e-01,4.761863636556638579e-01
2.235891233815720802e-01,4.763362131927840193e-01
2.234566617061245763e-01,4.764860594624457657e-01
2.233241963356289161e-01,4.766359024656637300e-01
2.231917272714477596e-01,4.767857422034801340e-01
2.230592545149753525e-01,4.769355786769654548e-01
2.229267780676372213e-01,4.770854118872179805e-01
2.227942979308904781e-01,4.772352418353642545e-01
2.226618141062237655e-01,4.773850685225586310e-01
2.225293265951571453e-01,4.775348919499834421e-01
2.223968353992422098e-01,4.776847121188493306e-01
2.222643405200618594e-01,4.778345290303944726e-01
2.221318419592306359e-01,4.779843426858856881e-01
2.219993397183945283e-01,4.781341530866173306e-01
2.218668337992308337e-01,4.782839602339119534e-01
2.217343242034485462e-01,4.784337641291202536e-01
2.216018109327879682e-01,4.785835647736208509e-01
2.214692939890206824e-01,4.787333621688204532e-01
2.213367733739498577e-01,4.788831563161535798e-01
2.212042490894101099e-01,4.790329472170830050e-01
2.210717211372674185e-01,4.791827348730993141e-01
2.209391895194190991e-01,4.793325192857214034e-01
2.208066542377938035e-01,4.794823004564957025e-01
2.206741152943516304e-01,4.796320783869970072e-01
2.205415726910839036e-01,4.797818530788279801e-01
2.204090264300133384e-01,4.799316245336190390e-01
2.202764765131939584e-01,4.800813927530289127e-01
2.201439229427108457e-01,4.802311577387440300e-01
2.200113657206806961e-01,4.803809194924787418e-01
2.198788048492510694e-01,4.805306780159753766e-01
2.197462403306010004e-01,4.806804333110040739e-01
2.196136721669404712e-01,4.808301853793629510e-01
2.194811003605108279e-01,4.809799342228778807e-01
2.193485249135843640e-01,4.811296798434026023e-01
2.192159458284645701e-01,4.812794222428187219e-01
2.190833631074858290e-01,4.814291614230354344e-01
2.189507767530138038e-01,4.815788973859900790e-01
2.188181867674449110e-01,4.817286301336471954e-01
2.186855931532067088e-01,4.818783596679996339e-01
2.185529959127575639e-01,4.820280859910675564e-01
2.184203950485869572e-01,4.821778091048987136e-01
2.182877905632147897e-01,4.823275290115688896e-01
2.181551824591920763e-01,4.824772457131812908e-01
2.180225707391006407e-01,4.826269592118664353e-01
2.178899554055529209e-01,4.827766695097828742e-01
2.177573364611921081e-01,4.829263766091160814e-01
2.176247139086919524e-01,4.830760805120797308e-01
2.174920877507569572e-01,4.832257812209144188e-01
2.173594579901219903e-01,4.833754787378882201e-01
2.172268246295526728e-01,4.835251730652967983e-01
2.170941876718448793e-01,4.836748642054629066e-01
2.169615471198250156e-01,4.838245521607368871e-01
2.168289029763497688e-01,4.839742369334961158e-01
2.166962552443062462e-01,4.841239185261451694e-01
2.165636039266118085e-01,4.842735969411161578e-01
2.164309490262140145e-01,4.844232721808677811e-01
2.162982905460904826e-01,4.845729442478862725e-01
2.161656284892489732e-01,4.847226131446847885e-01
2.160329628587275008e-01,4.848722788738035194e-01
2.159002936575937226e-01,4.850219414378094673e-01
2.157676208889454939e-01,4.851716008392967794e-01
2.156349445559104794e-01,4.853212570808863591e-01
2.155022646616460702e-01,4.854709101652258663e-01
2.153695812093394391e-01,4.856205600949897727e-01
2.152368942022075682e-01,4.857702068728794176e-01
2.151042036434968607e-01,4.859198505016225633e-01
2.149715095364834461e-01,4.860694909839737288e-01
2.148388118844728745e-01,4.862191283227140781e-01
2.147061106908000616e-01,4.863687625206509768e-01
2.145734059588294274e-01,4.865183935806184357e-01
2.144406976919544239e-01,4.866680215054769443e-01
2.143079858935980908e-01,4.868176462981133046e-01
2.141752705672122503e-01,4.869672679614403532e-01
2.140425517162780067e-01,4.871168864983972946e-01
2.139098293443053578e-01,4.872665019119495344e-01
2.137771034548333060e-01,4.874161142050886797e-01
2.136443740514296918e-01,4.875657233808319835e-01
2.135116411376910273e-01,4.877153294422231222e-01
2.133789047172426623e-01,4.878649323923312520e-01
2.132461647937384519e-01,4.880145322342516190e-01
2.131134213708607561e-01,4.881641289711052267e-01
2.129806744523205508e-01,4.883137226060387803e-01
2.128479240418570118e-01,4.884633131422244090e-01
2.127151701432377362e-01,4.886129005828601102e-01
2.125824127602583824e-01,4.887624849311691944e-01
2.124496518967427805e-01,4.889120661904004517e-01
2.123168875565430158e-01,4.890616443638279298e-01
2.121841197435386794e-01,4.892112194547511006e-01
2.120513484616375899e-01,4.893607914664944714e-01
2.119185737147752935e-01,4.895103604024079180e-01
2.117857955069147591e-01,4.896599262658660745e-01
2.116530138420468499e-01,4.898094890602688878e-01
2.115202287241896573e-01,4.899590487890407853e-01
2.113874401573889450e-01,4.901086054556314520e-01
2.112546481457176217e-01,4.902581590635149422e-01
2.111218526932757134e-01,4.904077096161901794e-01
2.109890538041906960e-01,4.905572571171806784e-01
2.108562514826167189e-01,4.907068015700343233e-01
2.107234457327349930e-01,4.908563429783235343e-01
2.105906365587536522e-01,4.910058813456448790e-01
2.104578239649074201e-01,4.911554166756194606e-01
2.103250079554576935e-01,4.913049489718923635e-01
2.101921885346923757e-01,4.914544782381327082e-01
2.100593657069258213e-01,4.916040044780335960e-01
2.099265394764987247e-01,4.917535276953122758e-01
2.097937098477778706e-01,4.919030478937094220e-01
2.096608768251563837e-01,4.920525650769897452e-01
2.095280404130530905e-01,4.922020792489414376e-01
2.093952006159129353e-01,4.923515904133762278e-01
2.092623574382066476e-01,4.925010985741293812e-01
2.091295108844304917e-01,4.926506037350594225e-01
2.089966609591064617e-01,4.928001059000480244e-01
2.088638076667818366e-01,4.929496050730004519e-01
2.087309510120295142e-01,4.930991012578446187e-01
2.085980909994472610e-01,4.932485944585314752e-01
2.084652276336582399e-01,4.933980846790350094e-01
2.083323609193106218e-01,4.935475719233519132e-01
2.081994908610773631e-01,4.936970561955014714e-01
2.080666174636561505e-01,4.938465374995256174e-01
2.079337407317695119e-01,4.939960158394889334e-01
2.078008606701644834e-01,4.941454912194779281e-01
2.076679772836123039e-01,4.942949636436019256e-01
2.075350905769088317e-01,4.944444331159920103e-01
2.074022005548739334e-01,4.945938996408015265e-01
2.072693072223516231e-01,4.947433632222059119e-01
2.071364105842098124e-01,4.948928238644020317e-01
2.070035106453401441e-01,4.950422815716091218e-01
2.068706074106582415e-01,4.951917363480675127e-01
2.067377008851030706e-01,4.953411881980394615e-01
2.066047910736371895e-01,4.954906371258083198e-01
2.064718779812463600e-01,4.956400831356790881e-01
2.063389616129396587e-01,4.957895262319778618e-01
2.062060419737491435e-01,4.959389664190518299e-01
2.060731190687299652e-01,4.960884037012690539e-01
2.059401929029599787e-01,4.962378380830187452e-01
2.058072634815397428e-01,4.963872695687109315e-01
2.056743308095925205e-01,4.965366981627759024e-01
2.055413948922638068e-01,4.966861238696647640e-01
2.054084557347214401e-01,4.968355466938492726e-01
2.052755133421556577e-01,4.969849666398210020e-01
2.051425677197784847e-01,4.971343837120922315e-01
2.050096188728240676e-01,4.972837979151948917e-01
2.048766668065480356e-01,4.974332092536812855e-01
2.047437115262278895e-01,4.975826177321234223e-01
2.046107530371626682e-01,4.977320233551129625e-01
2.044777913446726714e-01,4.978814261272612729e-01
2.043448264540994874e-01,4.980308260531993159e-01
2.042118583708057711e-01,4.981802231375772605e-01
2.040788871001751048e-01,4.983296173850645938e-01
2.039459126476120265e-01,4.984790088003501762e-01
2.038129350185416411e-01,4.986283973881416309e-01
2.036799542184097311e-01,4.987777831531655104e-01
2.035469702526823410e-01,4.989271661001671299e-01
2.034139831268458598e-01,4.990765462339109004e-01
2.032809928464067994e-01,4.992259235591791078e-01
2.031479994168916281e-01,4.993752980807729114e-01
2.030150028438467702e-01,4.995246698035114563e-01
2.028820031328382734e-01,4.996740387322324284e-01
2.027490002894515864e-01,4.998234048717911659e-01
2.026159943192919477e-01,4.999727682270612150e-01
2.024829852279835807e-01,5.001221288029337186e-01
2.023499730211699432e-01,5.002714866043175279e-01
2.022169577045133393e-01,5.004208416361390910e-01
2.020839392836952242e-01,5.005701939033423420e-01
2.019509177644153719e-01,5.007195434108880905e-01
2.018178931523923469e-01,5.008688901637549096e-01
2.016848654533631158e-01,5.010182341669380257e-01
2.015518346730827137e-01,5.011675754254493187e-01
2.014188008173244948e-01,5.013169139443178768e-01
2.012857638918796321e-01,5.014662497285893306e-01
2.011527239025572567e-01,5.016155827833255199e-01
2.010196808551839021e-01,5.017649131136052709e-01
2.008866347556039211e-01,5.019142407245229531e-01
2.007535856096787363e-01,5.020635656211894782e-01
2.006205334232872284e-01,5.022128878087313009e-01
2.004874782023251534e-01,5.023622072922913073e-01
2.003544199527054204e-01,5.025115240770277047e-01
2.002213586803573420e-01,5.026608381681142435e-01
2.000882943912271061e-01,5.028101495707404389e-01
1.999552270912772767e-01,5.029594582901107946e-01
1.998221567864867654e-01,5.031087643314450242e-01
1.996890834828505268e-01,5.032580676999780511e-01
1.995560071863796137e-01,5.034073684009595651e-01
1.994229279031008717e-01,5.035566664396541325e-01
1.992898456390568285e-01,5.037059618213407530e-01
1.991567604003056102e-01,5.038552545513128589e-01
1.990236721929206920e-01,5.040045446348788705e-01
1.988905810229907867e-01,5.041538320773604198e-01
1.987574868966194563e-01,5.043031168840945710e-01
1.986243898199256952e-01,5.044523990604306007e-01
1.984912897990427083e-01,5.046016786117332176e-01
1.983581868401186332e-01,5.047509555433796757e-01
1.982250809493159849e-01,5.049002298607613293e-01
1.980919721328115168e-01,5.050495015692829659e-01
1.979588603967961935e-01,5.051987706743623630e-01
1.978257457474749126e-01,5.053480371814302874e-01
1.976926281910663941e-01,5.054973010959308288e-01
1.975595077338030414e-01,5.056465624233208445e-01
1.974263843819307473e-01,5.057958211690697370e-01
1.972932581417088660e-01,5.059450773386596767e-01
1.971601290194097411e-01,5.060943309375849353e-01
1.970269970213188726e-01,5.062435819713524410e-01
1.968938621537348055e-01,5.063928304454806684e-01
1.967607244229683805e-01,5.065420763655009706e-01
1.966275838353434835e-01,5.066913197369559141e-01
1.964944403971960740e-01,5.068405605653999446e-01
1.963612941148744073e-01,5.069897988563987212e-01
1.962281449947389511e-01,5.071390346155303375e-01
1.960949930431619970e-01,5.072882678483831009e-01
1.959618382665277159e-01,5.074374985605569766e-01
1.958286806712317973e-01,5.075867267576625874e-01
1.956955202636813385e-01,5.077359524453222139e-01
1.955623570502948161e-01,5.078851756291679065e-01
1.954291910375018371e-01,5.080343963148429287e-01
1.952960222317429717e-01,5.081836145080007583e-01
1.951628506394696427e-01,5.083328302143049759e-01
1.950296762671437922e-01,5.084820434394297095e-01
1.948964991212380204e-01,5.086312541890590788e-01
1.947633192082351139e-01,5.087804624688867516e-01
1.946301365346282120e-01,5.089296682846163877e-01
1.944969511069204460e-01,5.090788716419607507e-01
1.943637629316246340e-01,5.092280725466429292e-01
1.942305720152634196e-01,5.093772710043948937e-01
1.940973783643689943e-01,5.095264670209571634e-01
1.939641819854830695e-01,5.096756606020801383e-01
1.938309828851561278e-01,5.098248517535227675e-01
1.936977810699482550e-01,5.099740404810528815e-01
1.935645765464281132e-01,5.101232267904463047e-01
1.934313693211731910e-01,5.102724106874884091e-01
1.932981594007696369e-01,5.104215921779716725e-01
1.931649467918119811e-01,5.105707712676975651e-01
1.930317315009029144e-01,5.107199479624752181e-01
1.928985135346533708e-01,5.108691222681215338e-01
1.927652928996821668e-01,5.110182941904619636e-01
1.926320696026160018e-01,5.111674637353282868e-01
1.924988436500892075e-01,5.113166309085606098e-01
1.923656150487433047e-01,5.114657957160063662e-01
1.922323838052276412e-01,5.116149581635195398e-01
1.920991499261981983e-01,5.117641182569616642e-01
1.919659134183183957e-01,5.119132760022009343e-01
1.918326742882582869e-01,5.120624314051125392e-01
1.916994325426944756e-01,5.122115844715782185e-01
1.915661881883105044e-01,5.123607352074855958e-01
1.914329412317958556e-01,5.125098836187294005e-01
1.912996916798465064e-01,5.126590297112102457e-01
1.911664395391643456e-01,5.128081734908344069e-01
1.910331848164572854e-01,5.129573149635147100e-01
1.908999275184388167e-01,5.131064541351694208e-01
1.907666676518281479e-01,5.132555910117223563e-01
1.906334052233500109e-01,5.134047255991028846e-01
1.905001402397341892e-01,5.135538579032457029e-01
1.903668727077157397e-01,5.137029879300908375e-01
1.902336026340345765e-01,5.138521156855827554e-01
1.901003300254355266e-01,5.140012411756719191e-01
1.899670548886680521e-01,5.141503644063127876e-01
1.898337772304861115e-01,5.142994853834645941e-01
1.897004970576480209e-01,5.144486041130910126e-01
1.895672143769163154e-01,5.145977206011602689e-01
1.894339291950573601e-01,5.147468348536449190e-01
1.893006415188417391e-01,5.148959468765210712e-01
1.891673513550435615e-01,5.150450566757693860e-01
1.890340587104406000e-01,5.151941642573740765e-01
1.889007635918139860e-01,5.153432696273226865e-01
1.887674660059480980e-01,5.154923727916072007e-01
1.886341659596306453e-01,5.156414737562220463e-01
1.885008634596520571e-01,5.157905725271650921e-01
1.883675585128057883e-01,5.159396691104379817e-01
1.882342511258877638e-01,5.160887635120443573e-01
1.881009413056966839e-01,5.162378557379918576e-01
1.879676290590334142e-01,5.163869457942901198e-01
1.878343143927011238e-01,5.165360336869510016e-01
1.877009973135048970e-01,5.166851194219894694e-01
1.875676778282521773e-01,5.168342030054229319e-01
1.874343559437516571e-01,5.169832844432701302e-01
1.873010316668139441e-01,5.171323637415531360e-01
1.871677050042510337e-01,5.172814409062942431e-01
1.870343759628763092e-01,5.174305159435190760e-01
1.869010445495044581e-01,5.175795888592540361e-01
1.867677107709508622e-01,5.177286596595271906e-01
1.866343746340320686e-01,5.178777283503684936e-01
1.865010361455654020e-01,5.180267949378081216e-01
1.863676953123684643e-01,5.181758594278785823e-01
1.862343521412598568e-01,5.183249218266120506e-01
1.861010066390579032e-01,5.184739821400428106e-01
1.859676588125814545e-01,5.186230403742051465e-01
1.858343086686493340e-01,5.187720965351341196e-01
1.857009562140801429e-01,5.189211506288652354e-01
1.855676014556923159e-01,5.190702026614341102e-01
1.854342444003040102e-01,5.192192526388771379e-01
1.853008850547324671e-01,5.193683005672303787e-01
1.851675234257945390e-01,5.195173464525298934e-01
1.850341595203063016e-01,5.196663903008114094e-01
1.849007933450826369e-01,5.198154321181107651e-01
1.847674249069374830e-01,5.199644719104630219e-01
1.846340542126834461e-01,5.201135096839029082e-01
1.845006812691317166e-01,5.202625454444641528e-01
1.843673060830922084e-01,5.204115791981801520e-01
1.842339286613730032e-01,5.205606109510828583e-01
1.841005490107802678e-01,5.207096407092035584e-01
1.839671671381183649e-01,5.208586684785722065e-01
1.838337830501896586e-01,5.210076942652175358e-01
1.837003967537942928e-01,5.211567180751666140e-01
1.835670082557299410e-01,5.213057399144451765e-01
1.834336175627919452e-01,5.214547597890771824e-01
1.833002246817730108e-01,5.216037777050850366e-01
1.831668296194629564e-01,5.217527936684889234e-01
1.830334323826490472e-01,5.219018076853071397e-01
1.829000329781153567e-01,5.220508197615556512e-01
1.827666314126427383e-01,5.221998299032485358e-01
1.826332276930088538e-01,5.223488381163974292e-01
1.824998218259880622e-01,5.224978444070108585e-01
1.823664138183512251e-01,5.226468487810953523e-01
1.822330036768653461e-01,5.227958512446543304e-01
1.820995914082939038e-01,5.229448518036887705e-01
1.819661770193962136e-01,5.230938504641963194e-01
1.818327605169275940e-01,5.232428472321715152e-01
1.816993419076395611e-01,5.233918421136057875e-01
1.815659211982789123e-01,5.235408351144873462e-01
1.814324983955881987e-01,5.236898262408010707e-01
1.812990735063054748e-01,5.238388154985276213e-01
1.811656465371640767e-01,5.239878028936449939e-01
1.810322174948925666e-01,5.241367884321261883e-01
1.808987863862146217e-01,5.242857721199415399e-01
1.807653532178488676e-01,5.244347539630567212e-01
1.806319179965088784e-01,5.245837339674331856e-01
1.804984807289027049e-01,5.247327121390287230e-01
1.803650414217333464e-01,5.248816884837962382e-01
1.802316000816981123e-01,5.250306630076845282e-01
1.800981567154885943e-01,5.251796357166375051e-01
1.799647113297908607e-01,5.253286066165948620e-01
1.798312639312848182e-01,5.254775757134916292e-01
1.796978145266447946e-01,5.256265430132570637e-01
1.795643631225386783e-01,5.257755085218163149e-01
1.794309097256282515e-01,5.259244722450890919e-01
1.792974543425690792e-01,5.260734341889901078e-01
1.791639969800100929e-01,5.262223943594286357e-01
1.790305376445938679e-01,5.263713527623083976e-01
1.788970763429561794e-01,5.265203094035280085e-01
1.787636130817260860e-01,5.266692642889801990e-01
1.786301478675256793e-01,5.268182174245523708e-01
1.784966807069701122e-01,5.269671688161253753e-01
1.783632116066674878e-01,5.271161184695748458e-01
1.782297405732185536e-01,5.272650663907701984e-01
1.780962676132168687e-01,5.274140125855745209e-01
1.779627927332484150e-01,5.275629570598451279e-01
1.778293159398917356e-01,5.277118998194327837e-01
1.776958372397177133e-01,5.278608408701817023e-01
1.775623566392895147e-01,5.280097802179302136e-01
1.774288741451622853e-01,5.281587178685089867e-01
1.772953897638833987e-01,5.283076538277430290e-01
1.771619035019918742e-01,5.284565881014502420e-01
1.770284153660190429e-01,5.286055206954414221e-01
1.768949253624875761e-01,5.287544516155202601e-01
1.767614334979119017e-01,5.289033808674843407e-01
1.766279397787978711e-01,5.290523084571228107e-01
1.764944442116428425e-01,5.292012343902187110e-01
1.763609468029356253e-01,5.293501586725467556e-01
1.762274475591561196e-01,5.294990813098749971e-01
1.760939464867752324e-01,5.296480023079633837e-01
1.759604435922552113e-01,5.297969216725647579e-01
1.758269388820489221e-01,5.299458394094239688e-01
1.756934323626003769e-01,5.300947555242779829e-01
1.755599240403440953e-01,5.302436700228564392e-01
1.754264139217054375e-01,5.303925829108804280e-01
1.752929020131000493e-01,5.305414941940630458e-01
1.751593883209343894e-01,5.306904038781097288e-01
1.750258728516050633e-01,5.308393119687170314e-01
1.748923556114990729e-01,5.309882184715739584e-01
1.747588366069934562e-01,5.311371233923605217e-01
1.746253158444556197e-01,5.312860267367484068e-01
1.744917933302427560e-01,5.314349285104010834e-01
1.743582690707020377e-01,5.315838287189730282e-01
1.742247430721705903e-01,5.317327273681100586e-01
1.740912153409751861e-01,5.318816244634491097e-01
1.739576858834322726e-01,5.320305200106187904e-01
1.738241547058478886e-01,5.321794140152382724e-01
1.736906218145175818e-01,5.323283064829176237e-01
1.735570872157264077e-01,5.324771974192582524e-01
1.734235509157485977e-01,5.326260868298517970e-01
1.732900129208477524e-01,5.327749747202814579e-01
1.731564732372765369e-01,5.329238610961203326e-01
1.730229318712766806e-01,5.330727459629325260e-01
1.728893888290792269e-01,5.332216293262721507e-01
1.727558441169038117e-01,5.333705111916847708e-01
1.726222977409590520e-01,5.335193915647055141e-01
1.724887497074423515e-01,5.336682704508598496e-01
1.723552000225397896e-01,5.338171478556640315e-01
1.722216486924259826e-01,5.339660237846237667e-01
1.720880957232643615e-01,5.341148982432353254e-01
1.719545411212064778e-01,5.342637712369847636e-01
1.718209848923925587e-01,5.344126427713485894e-01
1.716874270429509242e-01,5.345615128517925418e-01
1.715538675789984313e-01,5.347103814837723679e-01
1.714203065066398912e-01,5.348592486727338224e-01
1.712867438319684299e-01,5.350081144241120024e-01
1.711531795610648499e-01,5.351569787433320124e-01
1.710196136999982963e-01,5.353058416358085214e-01
1.708860462548256465e-01,5.354547031069449847e-01
1.707524772315917316e-01,5.356035631621350879e-01
1.706189066363290041e-01,5.357524218067615251e-01
1.704853344750577870e-01,5.359012790461965547e-01
1.703517607537857470e-01,5.360501348858013326e-01
1.702181854785084214e-01,5.361989893309264676e-01
1.700846086552088299e-01,5.363478423869116885e-01
1.699510302898572245e-01,5.364966940590853994e-01
1.698174503884115338e-01,5.366455443527656799e-01
1.696838689568167524e-01,5.367943932732590628e-01
1.695502860010052459e-01,5.369432408258609790e-01
1.694167015268965293e-01,5.370920870158562010e-01
1.692831155403974330e-01,5.372409318485175111e-01
1.691495280474016039e-01,5.373897753291072554e-01
1.690159390537898099e-01,5.375386174628759006e-01
1.688823485654299961e-01,5.376874582550625892e-01
1.687487565881767848e-01,5.378362977108951393e-01
1.686151631278716145e-01,5.379851358355902669e-01
1.684815681903428231e-01,5.381339726343521424e-01
1.683479717814055365e-01,5.382828081123745001e-01
1.682143739068615862e-01,5.384316422748383069e-01
1.680807745724993418e-01,5.385804751269142043e-01
1.679471737840937118e-01,5.387293066737596225e-01
1.678135715474063927e-01,5.388781369205215555e-01
1.676799678681851480e-01,5.390269658723343404e-01
1.675463627521646126e-01,5.391757935343201025e-01
1.674127562050656548e-01,5.393246199115903083e-01
1.672791482325953760e-01,5.394734450092432132e-01
1.671455388404471942e-01,5.396222688323661920e-01
1.670119280343007329e-01,5.397710913860332971e-01
1.668783158198221261e-01,5.399199126753073674e-01
1.667447022026632697e-01,5.400687327052390296e-01
1.666110871884623479e-01,5.402175514808661427e-01
1.664774707828435008e-01,5.403663690072151304e-01
1.663438529914169350e-01,5.405151852892996489e-01
1.662102338197789519e-01,5.406640003321210308e-01
1.660766132735116696e-01,5.408128141406685074e-01
1.659429913581831062e-01,5.409616267199185424e-01
1.658093680793470692e-01,5.411104380748356091e-01
1.656757434425432662e-01,5.412592482103717462e-01
1.655421174532971940e-01,5.414080571314657808e-01
1.654084901171199440e-01,5.415568648430447718e-01
1.652748614395085636e-01,5.417056713500227882e-01
1.651412314259454450e-01,5.418544766573015758e-01
1.650076000818986866e-01,5.420032807697697796e-01
1.648739674128222032e-01,5.421520836923039433e-01
1.647403334241551165e-01,5.423008854297673986e-01
1.646066981213223646e-01,5.424496859870110432e-01
1.644730615097340920e-01,5.425984853688728959e-01
1.643394235947860660e-01,5.427472835801778750e-01
1.642057843818595375e-01,5.428960806257386862e-01
1.640721438763209361e-01,5.430448765103546016e-01
1.639385020835222029e-01,5.431936712388122368e-01
1.638048590088003742e-01,5.433424648158851067e-01
1.636712146574781090e-01,5.434912572463341807e-01
1.635375690348630506e-01,5.436400485349067724e-01
1.634039221462482983e-01,5.437888386863377610e-01
1.632702739969119909e-01,5.439376277053487030e-01
1.631366245921174463e-01,5.440864155966482762e-01
1.630029739371131603e-01,5.442352023649318360e-01
1.628693220371329464e-01,5.443839880148816368e-01
1.627356688973954912e-01,5.445327725511668326e-01
1.626020145231044933e-01,5.446815559784434768e-01
1.624683589194490518e-01,5.448303383013544110e-01
1.623347020916027506e-01,5.449791195245294873e-01
1.622010440447248514e-01,5.451278996525845688e-01
1.620673847839591564e-01,5.452766786901230844e-01
1.619337243144344518e-01,5.454254566417346961e-01
1.618000626412645082e-01,5.455742335119960762e-01
1.616663997695480526e-01,5.457230093054704634e-01
1.615327357043688239e-01,5.458717840267072186e-01
1.613990704507954066e-01,5.460205576802433791e-01
1.612654040138809253e-01,5.461693302706017716e-01
1.611317363986637663e-01,5.463181018022922331e-01
1.609980676101668007e-01,5.464668722798112777e-01
1.608643976533982722e-01,5.466156417076410978e-01
1.607307265333505208e-01,5.467644100902517845e-01
1.605970542550010094e-01,5.469131774320989958e-01
1.604633808233121295e-01,5.470619437376250671e-01
1.603297062432307019e-01,5.472107090112593442e-01
1.601960305196885037e-01,5.473594732574171839e-01
1.600623536576019079e-01,5.475082364805003987e-01
1.599286756618721883e-01,5.476569986848974780e-01
1.597949965373851033e-01,5.478057598749834778e-01
1.596613162890111182e-01,5.479545200551194650e-01
1.595276349216055711e-01,5.481032792296534062e-01
1.593939524400083685e-01,5.482520374029195009e-01
1.592602688490439289e-01,5.484007945792380712e-01
1.591265841535216552e-01,5.485495507629166712e-01
1.589928983582351574e-01,5.486983059582478672e-01
1.588592114679631961e-01,5.488470601695122353e-01
1.587255234874686560e-01,5.489958134009753632e-01
1.585918344214993780e-01,5.491445656568902933e-01
1.584581442747876601e-01,5.492933169414954131e-01
1.583244530520505622e-01,5.494420672590163424e-01
1.581907607579896013e-01,5.495908166136642681e-01
1.580570673972908624e-01,5.497395650096372766e-01
1.579233729746252479e-01,5.498883124511197984e-01
1.577896774946478953e-01,5.500370589422822754e-01
1.576559809619989538e-01,5.501858044872817155e-01
1.575222833813029466e-01,5.503345490902611381e-01
1.573885847571689089e-01,5.504832927553503508e-01
1.572548850941906107e-01,5.506320354866652833e-01
1.571211843969463062e-01,5.507807772883076547e-01
1.569874826699987347e-01,5.509295181643667494e-01
1.568537799178953973e-01,5.510782581189168639e-01
1.567200761451685020e-01,5.512269971560190829e-01
1.565863713563344639e-01,5.513757352797210576e-01
1.564526655558946822e-01,5.515244724940563392e-01
1.563189587483347631e-01,5.516732088030454895e-01
1.561852509381249643e-01,5.518219442106943040e-01
1.560515421297205274e-01,5.519706787209959220e-01
1.559178323275609845e-01,5.521194123379289387e-01
1.557841215360704357e-01,5.522681450654589597e-01
1.556504097596576319e-01,5.524168769075373797e-01
1.555166970027158646e-01,5.525656078681027150e-01
1.553829832696233260e-01,5.527143379510786048e-01
1.552492685647425263e-01,5.528630671603759206e-01
1.551155528924208771e-01,5.530117954998917673e-01
1.549818362569899965e-01,5.531605229735090390e-01
1.548481186627664596e-01,5.533092495850978620e-01
1.547144001140516589e-01,5.534579753385141521e-01
1.545806806151311663e-01,5.536067002375997248e-01
1.544469601702757044e-01,5.537554242861838505e-01
1.543132387837402586e-01,5.539041474880813665e-01
1.541795164597647427e-01,5.540528698470938984e-01
1.540457932025738053e-01,5.542015913670087501e-01
1.539120690163765792e-01,5.543503120516006799e-01
1.537783439053670986e-01,5.544990319046301241e-01
1.536446178737240209e-01,5.546477509298443076e-01
1.535108909256107101e-01,5.547964691309762442e-01
1.533771630651755702e-01,5.549451865117462912e-01
1.532434342965514062e-01,5.550939030758603732e-01
1.531097046238559523e-01,5.552426188270113139e-01
1.529759740511917598e-01,5.553913337688786145e-01
1.528422425826460318e-01,5.555400479051275653e-01
1.527085102222911772e-01,5.556887612394104670e-01
1.525747769741839233e-01,5.558374737753658534e-01
1.524410428423661201e-01,5.559861855166190470e-01
1.523073078308644912e-01,5.561348964667819361e-01
1.521735719436904111e-01,5.562836066294523096e-01
1.520398351848405438e-01,5.564323160082150777e-01
1.519060975582962325e-01,5.565810246066414946e-01
1.517723590680236101e-01,5.567297324282892701e-01
1.516386197179739881e-01,5.568784394767030133e-01
1.515048795120834402e-01,5.570271457554140104e-01
1.513711384542731631e-01,5.571758512679395592e-01
1.512373965484494764e-01,5.573245560177841895e-01
1.511036537985033235e-01,5.574732600084385536e-01
1.509699102083109923e-01,5.576219632433802031e-01
1.508361657817336721e-01,5.577706657260738110e-01
1.507024205226178415e-01,5.579193674599699504e-01
1.505686744347947970e-01,5.580680684485063159e-01
1.504349275220810689e-01,5.582167686951073904e-01
1.503011797882783107e-01,5.583654682031843342e-01
1.501674312371733266e-01,5.585141669761349847e-01
1.500336818725381549e-01,5.586628650173439681e-01
1.498999316981299845e-01,5.588115623301828094e-01
1.497661807176912385e-01,5.589602589180094894e-01
1.496324289349493797e-01,5.591089547841697760e-01
1.494986763536174657e-01,5.592576499319950045e-01
1.493649229773937326e-01,5.594063443648041867e-01
1.492311688099615952e-01,5.595550380859030115e-01
1.490974138549898964e-01,5.597037310985841785e-01
1.489636581161328521e-01,5.598524234061275084e-01
1.488299015970299677e-01,5.600011150117991665e-01
1.486961443013062600e-01,5.601498059188526613e-01
1.485623862325721745e-01,5.602984961305284006e-01
1.484286273944233903e-01,5.604471856500543581e-01
1.482948677904414037e-01,5.605958744806446292e-01
1.481611074241930004e-01,5.607445626255012083e-01
1.480273462992305611e-01,5.608932500878122118e-01
1.478935844190920335e-01,5.610419368707538768e-01
1.477598217873009045e-01,5.611906229774891175e-01
1.476260584073662840e-01,5.613393084111676368e-01
1.474922942827828765e-01,5.614879931749272579e-01
1.473585294170311200e-01,5.616366772718917044e-01
1.472247638135771863e-01,5.617853607051729314e-01
1.470909974758728145e-01,5.619340434778703486e-01
1.469572304073555324e-01,5.620827255930692656e-01
1.468234626114487684e-01,5.622314070538437791e-01
1.466896940915616565e-01,5.623800878632543299e-01
1.465559248510891477e-01,5.625287680243489241e-01
1.464221548934121209e-01,5.626774475401633557e-01
1.462883842218971886e-01,5.628261264137203179e-01
1.461546128398968913e-01,5.629748046480305135e-01
1.460208407507500861e-01,5.631234822460909895e-01
1.458870679577811968e-01,5.632721592108872466e-01
1.457532944643006589e-01,5.634208355453922401e-01
1.456195202736053629e-01,5.635695112525657136e-01
1.454857453889775998e-01,5.637181863353558642e-01
1.453519698136864491e-01,5.638668607966977886e-01
1.452181935509866406e-01,5.640155346395145930e-01
1.450844166041192762e-01,5.641642078667163940e-01
1.449506389763116077e-01,5.643128804812018728e-01
1.448168606707770367e-01,5.644615524858567213e-01
1.446830816907153927e-01,5.646102238835547515e-01
1.445493020393124883e-01,5.647588946771568974e-01
1.444155217197408136e-01,5.649075648695127683e-01
1.442817407351590364e-01,5.650562344634588730e-01
1.441479590887119744e-01,5.652049034618201739e-01
1.440141767835313724e-01,5.653535718674090882e-01
1.438803938227350421e-01,5.655022396830261533e-01
1.437466102094273612e-01,5.656509069114595833e-01
1.436128259466991075e-01,5.657995735554860461e-01
1.434790410376277636e-01,5.659482396178697750e-01
1.433452554852776006e-01,5.660969051013625686e-01
1.432114692926989286e-01,5.662455700087051236e-01
1.430776824629293176e-01,5.663942343426252579e-01
1.429438949989924879e-01,5.665428981058400204e-01
1.428101069038991700e-01,5.666915613010538033e-01
1.426763181806469383e-01,5.668402239309590085e-01
1.425425288322198780e-01,5.669888859982366025e-01
1.424087388615890015e-01,5.671375475055557835e-01
1.422749482717121927e-01,5.672862084555736484e-01
1.421411570655341794e-01,5.674348688509361915e-01
1.420073652459868663e-01,5.675835286942766400e-01
1.418735728159886689e-01,5.677321879882175626e-01
1.417397797784452351e-01,5.678808467353692047e-01
1.416059861362493899e-01,5.680295049383309314e-01
1.414721918922804689e-01,5.681781625996898955e-01
1.413383970494057895e-01,5.683268197220214812e-01
1.412046016104790136e-01,5.684754763078907480e-01
1.410708055783413406e-01,5.686241323598497655e-01
1.409370089558211747e-01,5.687727878804400561e-01
1.408032117457338195e-01,5.689214428721920402e-01
1.406694139508825048e-01,5.690700973376235927e-01
1.405356155740570823e-01,5.692187512792420412e-01
1.404018166180352467e-01,5.693674046995433891e-01
1.402680170855817032e-01,5.695160576010120934e-01
1.401342169794488890e-01,5.696647099861215091e-01
1.400004163023766401e-01,5.698133618573337777e-01
1.398666150570922473e-01,5.699620132170993836e-01
1.397328132463103723e-01,5.701106640678583748e-01
1.395990108727335755e-01,5.702593144120391422e-01
1.394652079390516775e-01,5.704079642520590854e-01
1.393314044479423697e-01,5.705566135903248348e-01
1.391976004020709923e-01,5.707052624292315857e-01
1.390637958040906452e-01,5.708539107711637639e-01
1.389299906566420217e-01,5.710025586184945823e-01
1.387961849623537691e-01,5.711512059735867064e-01
1.386623787238422389e-01,5.712998528387918107e-01
1.385285719437117924e-01,5.714484992164503563e-01
1.383947646245545782e-01,5.715971451088920352e-01
1.382609567689507546e-01,5.717457905184362144e-01
1.381271483794685173e-01,5.718944354473910474e-01
1.379933394586637385e-01,5.720430798980543630e-01
1.378595300090809106e-01,5.721917238727126653e-01
1.377257200332522302e-01,5.723403673736421338e-01
1.375919095336981257e-01,5.724890104031086224e-01
1.374580985129271737e-01,5.726376529633667722e-01
1.373242869734361549e-01,5.727862950566612321e-01
1.371904749177102756e-01,5.729349366852255487e-01
1.370566623482227797e-01,5.730835778512834988e-01
1.369228492674354203e-01,5.732322185570476458e-01
1.367890356777981542e-01,5.733808588047205612e-01
1.366552215817494476e-01,5.735294985964944914e-01
1.365214069817162201e-01,5.736781379345508025e-01
1.363875918801137621e-01,5.738267768210610908e-01
1.362537762793460394e-01,5.739754152581864055e-01
1.361199601818055549e-01,5.741240532480775816e-01
1.359861435898730431e-01,5.742726907928753510e-01
1.358523265059184693e-01,5.744213278947100099e-01
1.357185089323001137e-01,5.745699645557016400e-01
1.355846908713650434e-01,5.747186007779606642e-01
1.354508723254489178e-01,5.748672365635870696e-01
1.353170532968763218e-01,5.750158719146708508e-01
1.351832337879608215e-01,5.751645068332921218e-01
1.350494138010046863e-01,5.753131413215207823e-01
1.349155933382990835e-01,5.754617753814165182e-01
1.347817724021241337e-01,5.756104090150301333e-01
1.346479509947487996e-01,5.757590422244014405e-01
1.345141291184314136e-01,5.759076750115609267e-01
1.343803067754191227e-01,5.760563073785291976e-01
1.342464839679482491e-01,5.762049393273172004e-01
1.341126606982441516e-01,5.763535708599258900e-01
1.339788369685214475e-01,5.765022019783467844e-01
1.338450127809840406e-01,5.766508326845614096e-01
1.337111881378250100e-01,5.767994629805417439e-01
1.335773630412265545e-01,5.769480928682506615e-01
1.334435374933605478e-01,5.770967223496406007e-01
1.333097114963879559e-01,5.772453514266554508e-01
1.331758850524594195e-01,5.773939801012284434e-01
1.330420581637148103e-01,5.775426083752844830e-01
1.329082308322835082e-01,5.776912362507379273e-01
1.327744030602844572e-01,5.778398637294951401e-01
1.326405748498262205e-01,5.779884908134518273e-01
1.325067462030068977e-01,5.781371175044949240e-01
1.323729171219142353e-01,5.782857438045020393e-01
1.322390876086257105e-01,5.784343697153415675e-01
1.321052576652085309e-01,5.785829952388723552e-01
1.319714272937194399e-01,5.787316203769449219e-01
1.318375964962053282e-01,5.788802451313993513e-01
1.317037652747028165e-01,5.790288695040676226e-01
1.315699336312381451e-01,5.791774934967721666e-01
1.314361015678277844e-01,5.793261171113267549e-01
1.313022690864778796e-01,5.794747403495354998e-01
1.311684361891850004e-01,5.796233632131942981e-01
1.310346028779353078e-01,5.797719857040891656e-01
1.309007691547051933e-01,5.799206078239984574e-01
1.307669350214611947e-01,5.800692295746903149e-01
1.306331004801598583e-01,5.802178509579251076e-01
1.304992655327481266e-01,5.803664719754536572e-01
1.303654301811629779e-01,5.805150926290183477e-01
1.302315944273318982e-01,5.806637129203529035e-01
1.300977582731721593e-01,5.808123328511821670e-01
1.299639217205919850e-01,5.809609524232224320e-01
1.298300847714895789e-01,5.811095716381807774e-01
1.296962474277538191e-01,5.812581904977568437e-01
1.295624096912637024e-01,5.814068090036406122e-01
1.294285715638890943e-01,5.815554271575140710e-01
1.292947330474899514e-01,5.817040449610507702e-01
1.291608941439172931e-01,5.818526624159152671e-01
1.290270548550123686e-01,5.820012795237641257e-01
1.288932151826072681e-01,5.821498962862453608e-01
1.287593751285245613e-01,5.822985127049986609e-01
1.286255346945778255e-01,5.824471287816556098e-01
1.284916938825711452e-01,5.825957445178389094e-01
1.283578526942993903e-01,5.827443599151637121e-01
1.282240111315485487e-01,5.828929749752361777e-01
1.280901691960952549e-01,5.830415896996548053e-01
1.279563268897068173e-01,5.831902040900097672e-01
1.278224842141421624e-01,5.833388181478831314e-01
1.276886411711504743e-01,5.834874318748488609e-01
1.275547977624722495e-01,5.836360452724730363e-01
1.274209539898392696e-01,5.837846583423130786e-01
1.272871098549739621e-01,5.839332710859189701e-01
1.271532653595902895e-01,5.840818835048329216e-01
1.270194205053930825e-01,5.842304956005885952e-01
1.268855752940786785e-01,5.843791073747121034e-01
1.267517297273342003e-01,5.845277188287214543e-01
1.266178838068385271e-01,5.846763299641273282e-01
1.264840375342616008e-01,5.848249407824323010e-01
1.263501909112647037e-01,5.849735512851306218e-01
1.262163439395006803e-01,5.851221614737096566e-01
1.260824966206136599e-01,5.852707713496489994e-01
1.259486489562391121e-01,5.854193809144202509e-01
1.258148009480042628e-01,5.855679901694871292e-01
1.256809525975278174e-01,5.857165991163059138e-01
1.255471039064198491e-01,5.858652077563262228e-01
1.254132548762823540e-01,5.860138160909886818e-01
1.252794055087085856e-01,5.861624241217275877e-01
1.251455558052838313e-01,5.863110318499688001e-01
1.250117057675848853e-01,5.864596392771316280e-01
1.248778553971804095e-01,5.866082464046273870e-01
1.247440046956307669e-01,5.867568532338600651e-01
1.246101536644880770e-01,5.869054597662267669e-01
1.244763023052966600e-01,5.870540660031163815e-01
1.243424506195921764e-01,5.872026719459115807e-01
1.242085986089027372e-01,5.873512775959871535e-01
1.240747462747481961e-01,5.874998829547103396e-01
1.239408936186402188e-01,5.876484880234422725e-01
1.238070406420829495e-01,5.877970928035362030e-01
1.236731873465721915e-01,5.879456972963380545e-01
1.235393337335960878e-01,5.880943015031869781e-01
1.234054798046348989e-01,5.882429054254150191e-01
1.232716255611607942e-01,5.883915090643475621e-01
1.231377710046386437e-01,5.885401124213021085e-01
1.230039161365251571e-01,5.886887154975901648e-01
1.228700609582694253e-01,5.888373182945156881e-01
1.227362054713129341e-01,5.889859208133757518e-01
1.226023496770893423e-01,5.891345230554611012e-01
1.224684935770250088e-01,5.892831250220547101e-01
1.223346371725384241e-01,5.894317267144336681e-01
1.222007804650406121e-01,5.895803281338677371e-01
1.220669234559350891e-01,5.897289292816199069e-01
1.219330661466179327e-01,5.898775301589468389e-01
1.217992085384775880e-01,5.900261307670982003e-01
1.216653506328954637e-01,5.901747311073168856e-01
1.215314924312452805e-01,5.903233311808394612e-01
1.213976339348933620e-01,5.904719309888956102e-01
1.212637751451989959e-01,5.906205305327089095e-01
1.211299160635139344e-01,5.907691298134959412e-01
1.209960566911828794e-01,5.909177288324667376e-01
1.208621970295432058e-01,5.910663275908252245e-01
1.207283370799251687e-01,5.912149260897685554e-01
1.205944768436518350e-01,5.913635243304874445e-01
1.204606163220390547e-01,5.915121223141667217e-01
1.203267555163958502e-01,5.916607200419842227e-01
1.201928944280240830e-01,5.918093175151118990e-01
1.200590330582185505e-01,5.919579147347148185e-01
1.199251714082670145e-01,5.921065117019522761e-01
1.197913094794503946e-01,5.922551084179776826e-01
1.196574472730427829e-01,5.924037048839370101e-01
1.195235847903111659e-01,5.925523011009712349e-01
1.193897220325157715e-01,5.927008970702146717e-01
1.192558590009100972e-01,5.928494927927954183e-01
1.191219956967405624e-01,5.929980882698357991e-01
1.189881321212474113e-01,5.931466835024514772e-01
1.188542682756635188e-01,5.932952784917527866e-01
1.187204041612153760e-01,5.934438732388436222e-01
1.185865397791227988e-01,5.935924677448219944e-01
1.184526751305989556e-01,5.937410620107798076e-01
1.183188102168504230e-01,5.938896560378033040e-01
1.181849450390771439e-01,5.940382498269727307e-01
1.180510795984725941e-01,5.941868433793622284e-01
1.179172138962237271e-01,5.943354366960401647e-01
1.177833479335109457e-01,5.944840297780696892e-01
1.176494817115084912e-01,5.946326226265071790e-01
1.175156152313838187e-01,5.947812152424036825e-01
1.173817484942981521e-01,5.949298076268046964e-01
1.172478815014064563e-01,5.950783997807498338e-01
1.171140142538571044e-01,5.952269917052731563e-01
1.169801467527926131e-01,5.953755834014029524e-01
1.168462789993488099e-01,5.955241748701616267e-01
1.167124109946554855e-01,5.956727661125665874e-01
1.165785427398363522e-01,5.958213571296288036e-01
1.164446742360085718e-01,5.959699479223546925e-01
1.163108054842835887e-01,5.961185384917445651e-01
1.161769364857665188e-01,5.962671288387929591e-01
1.160430672415563441e-01,5.964157189644897494e-01
1.159091977527461764e-01,5.965643088698187047e-01
1.157753280204228408e-01,5.967128985557585974e-01
1.156414580456675695e-01,5.968614880232822051e-01
1.155075878295551556e-01,5.970100772733577532e-01
1.153737173731548549e-01,5.971586663069473611e-01
1.152398466775296504e-01,5.973072551250084850e-01
1.151059757437369185e-01,5.974558437284930301e-01
1.149721045728282209e-01,5.976044321183473507e-01
1.148382331658490130e-01,5.977530202955130267e-01
1.147043615238392822e-01,5.979016082609259763e-01
1.145704896478329932e-01,5.980501960155174546e-01
1.144366175388584345e-01,5.981987835602133874e-01
1.143027451979383158e-01,5.983473708959338166e-01
1.141688726260896014e-01,5.984959580235947874e-01
1.140349998243234547e-01,5.986445449441069044e-01
1.139011267936455990e-01,5.987931316583752217e-01
1.137672535350560260e-01,5.989417181673007962e-01
1.136333800495493290e-01,5.990903044717781345e-01
1.134995063381144947e-01,5.992388905726979687e-01
1.133656324017347922e-01,5.993874764709460345e-01
1.132317582413882168e-01,5.995360621674026280e-01
1.130978838580471851e-01,5.996846476629433820e-01
1.129640092526789513e-01,5.998332329584388223e-01
1.128301344262450240e-01,5.999818180547548119e-01
1.126962593797016937e-01,6.001304029527524397e-01
1.125623841139998388e-01,6.002789876532877988e-01
1.124285086300849390e-01,6.004275721572126523e-01
1.122946329288975198e-01,6.005761564653733231e-01
1.121607570113723473e-01,6.007247405786113603e-01
1.120268808784393028e-01,6.008733244977644272e-01
1.118930045310228966e-01,6.010219082236646360e-01
1.117591279700423795e-01,6.011704917571401019e-01
1.116252511964121036e-01,6.013190750990138334e-01
1.114913742110410361e-01,6.014676582501039537e-01
1.113574970148330373e-01,6.016162412112247004e-01
1.112236196086868606e-01,6.017648239831854262e-01
1.110897419934962771e-01,6.019134065667910427e-01
1.109558641701501036e-01,6.020619889628412436e-01
1.108219861395319250e-01,6.022105711721323917e-01
1.106881079025205245e-01,6.023591531954550771e-01
1.105542294599894532e-01,6.025077350335964477e-01
1.104203508128076688e-01,6.026563166873387667e-01
1.102864719618390082e-01,6.028048981574596343e-01
1.101525929079424926e-01,6.029534794447326540e-01
1.100187136519721887e-01,6.031020605499272103e-01
1.098848341947773477e-01,6.032506414738075806e-01
1.097509545372023082e-01,6.033992222171348230e-01
1.096170746800869539e-01,6.035478027806643331e-01
1.094831946242660892e-01,6.036963831651480650e-01
1.093493143705698417e-01,6.038449633713339759e-01
1.092154339198236346e-01,6.039935433999648051e-01
1.090815532728481724e-01,6.041421232517800721e-01
1.089476724304595801e-01,6.042907029275143005e-01
1.088137913934691947e-01,6.044392824278981280e-01
1.086799101626837322e-01,6.045878617536584176e-01
1.085460287389055090e-01,6.047364409055172585e-01
1.084121471229319567e-01,6.048850198841928538e-01
1.082782653155562325e-01,6.050335986903994101e-01
1.081443833175667613e-01,6.051821773248471370e-01
1.080105011297475964e-01,6.053307557882419143e-01
1.078766187528781423e-01,6.054793340812855140e-01
1.077427361877334872e-01,6.056279122046762664e-01
1.076088534350842646e-01,6.057764901591078388e-01
1.074749704956966256e-01,6.059250679452700128e-01
1.073410873703322943e-01,6.060736455638493503e-01
1.072072040597488035e-01,6.062222230155276392e-01
1.070733205646990233e-01,6.063708003009827818e-01
1.069394368859318406e-01,6.065193774208894606e-01
1.068055530241916184e-01,6.066679543759176951e-01
1.066716689802183760e-01,6.068165311667342854e-01
1.065377847547481216e-01,6.069651077940018125e-01
1.064039003485123674e-01,6.071136842583793047e-01
1.062700157622385733e-01,6.072622605605216828e-01
1.061361309966499938e-01,6.074108367010800924e-01
1.060022460524654847e-01,6.075594126807022377e-01
1.058683609304000572e-01,6.077079885000320481e-01
1.057344756311643513e-01,6.078565641597094560e-01
1.056005901554650517e-01,6.080051396603709524e-01
1.054667045040047074e-01,6.081537150026486982e-01
1.053328186774816905e-01,6.083022901871724120e-01
1.051989326765904731e-01,6.084508652145669272e-01
1.050650465020212393e-01,6.085994400854545239e-01
1.049311601544605926e-01,6.087480148004530411e-01
1.047972736345908762e-01,6.088965893601768764e-01
1.046633869430903807e-01,6.090451637652370964e-01
1.045295000806335667e-01,6.091937380162413262e-01
1.043956130478910643e-01,6.093423121137933052e-01
1.042617258455292711e-01,6.094908860584935528e-01
1.041278384742111568e-01,6.096394598509385920e-01
1.039939509345955831e-01,6.097880334917219480e-01
1.038600632273374708e-01,6.099366069814339264e-01
1.037261753530879654e-01,6.100851803206602808e-01
1.035922873124943966e-01,6.102337535099848775e-01
1.034583991062005270e-01,6.103823265499865869e-01
1.033245107348461367e-01,6.105308994412423917e-01
1.031906221990672307e-01,6.106794721843243900e-01
1.030567334994961642e-01,6.108280447798026813e-01
1.029228446367615041e-01,6.109766172282432573e-01
1.027889556114882780e-01,6.111251895302088899e-01
1.026550664242977390e-01,6.112737616862591317e-01
1.025211770758074348e-01,6.114223336969504263e-01
1.023872875666313603e-01,6.115709055628354429e-01
1.022533978973797358e-01,6.117194772844641859e-01
1.021195080686595202e-01,6.118680488623827740e-01
1.019856180810737728e-01,6.120166202971349945e-01
1.018517279352221250e-01,6.121651915892604157e-01
1.017178376317006000e-01,6.123137627392959415e-01
1.015839471711016961e-01,6.124623337477754781e-01
1.014500565540145810e-01,6.126109046152293791e-01
1.013161657810247029e-01,6.127594753421852225e-01
1.011822748527141380e-01,6.129080459291668115e-01
1.010483837696615345e-01,6.130566163766960619e-01
1.009144925324418629e-01,6.132051866852901156e-01
1.007806011416271935e-01,6.133537568554647823e-01
1.006467095977856691e-01,6.135023268877314306e-01
1.005128179014823653e-01,6.136508967825992089e-01
1.003789260532787914e-01,6.137994665405737127e-01
1.002450340537332091e-01,6.139480361621578730e-01
1.001111419034006189e-01,6.140966056478516233e-01
9.997724960283260742e-02,6.142451749981517883e-01
9.984335715257740274e-02,6.143937442135519733e-01
9.970946455318013824e-02,6.145423132945434519e-01
9.957557180518253337e-02,6.146908822416139451e-01
9.944167890912310181e-02,6.148394510552487313e-01
9.930778586553712373e-02,6.149880197359295364e-01
9.917389267495671512e-02,6.151365882841360877e-01
9.903999933791066135e-02,6.152851567003444488e-01
9.890610585492462525e-02,6.154337249850283520e-01
9.877221222652129984e-02,6.155822931386581987e-01
9.863831845321997804e-02,6.157308611617018368e-01
9.850442453553687194e-02,6.158794290546243388e-01
9.837053047398514050e-02,6.160279968178880017e-01
9.823663626907468138e-02,6.161765644519522356e-01
9.810274192131253346e-02,6.163251319572734532e-01
9.796884743120268246e-02,6.164736993343055138e-01
9.783495279924572796e-02,6.166222665834996119e-01
9.770105802593959110e-02,6.167708337053041667e-01
9.756716311177883461e-02,6.169194007001647106e-01
9.743326805725555095e-02,6.170679675685242227e-01
9.729937286285816889e-02,6.172165343108230173e-01
9.716547752907249424e-02,6.173651009274986334e-01
9.703158205638147404e-02,6.175136674189859454e-01
9.689768644526478014e-02,6.176622337857170519e-01
9.676379069619951701e-02,6.178108000281219425e-01
9.662989480965966660e-02,6.179593661466270538e-01
9.649599878611628267e-02,6.181079321416569350e-01
9.636210262603762955e-02,6.182564980136335819e-01
9.622820632988893230e-02,6.184050637629761038e-01
9.609430989813280699e-02,6.185536293901007232e-01
9.596041333122891370e-02,6.187021948954218864e-01
9.582651662963394268e-02,6.188507602793509310e-01
9.569261979380201677e-02,6.189993255422967522e-01
9.555872282418413632e-02,6.191478906846660246e-01
9.542482572122894247e-02,6.192964557068622033e-01
9.529092848538188443e-02,6.194450206092871891e-01
9.515703111708591344e-02,6.195935853923394410e-01
9.502313361678113579e-02,6.197421500564159746e-01
9.488923598490489608e-02,6.198907146019103642e-01
9.475533822189197153e-02,6.200392790292140743e-01
9.462144032817425277e-02,6.201878433387164602e-01
9.448754230418109079e-02,6.203364075308044345e-01
9.435364415033901941e-02,6.204849716058618014e-01
9.421974586707190791e-02,6.206335355642708107e-01
9.408584745480115530e-02,6.207820994064108255e-01
9.395194891394538506e-02,6.209306631326587667e-01
9.381805024492059775e-02,6.210792267433893343e-01
9.368415144814018491e-02,6.212277902389754525e-01
9.355025252401491520e-02,6.213763536197868254e-01
9.341635347295304537e-02,6.215249168861912699e-01
9.328245429536030642e-02,6.216734800385539383e-01
9.314855499163972319e-02,6.218220430772380958e-01
9.301465556219178088e-02,6.219706060026047867e-01
9.288075600741442506e-02,6.221191688150123911e-01
9.274685632770331145e-02,6.222677315148170685e-01
9.261295652345127860e-02,6.224162941023728690e-01
9.247905659504887521e-02,6.225648565780312893e-01
9.234515654288404096e-02,6.227134189421423827e-01
9.221125636734223141e-02,6.228619811950530938e-01
9.207735606880661228e-02,6.230105433371084800e-01
9.194345564765778189e-02,6.231591053686511561e-01
9.180955510427378508e-02,6.233076672900221826e-01
9.167565443903041844e-02,6.234562291015598445e-01
9.154175365230095285e-02,6.236047908036005394e-01
9.140785274445636932e-02,6.237533523964783333e-01
9.127395171586519251e-02,6.239019138805251830e-01
9.114005056689354622e-02,6.240504752560711577e-01
9.100614929790516727e-02,6.241990365234436622e-01
9.087224790926155815e-02,6.243475976829683249e-01
9.073834640132179274e-02,6.244961587349686649e-01
9.060444477444262734e-02,6.246447196797659807e-01
9.047054302897850064e-02,6.247932805176797944e-01
9.033664116528145049e-02,6.249418412490269636e-01
9.020273918370115551e-02,6.250904018741230139e-01
9.006883708458543469e-02,6.252389623932805840e-01
8.993493486827937311e-02,6.253875228068109804e-01
8.980103253512598804e-02,6.255360831150229561e-01
8.966713008546596531e-02,6.256846433182238210e-01
8.953322751963777026e-02,6.258332034167178870e-01
8.939932483797773111e-02,6.259817634108090223e-01
8.926542204081981680e-02,6.261303233007969871e-01
8.913151912849584524e-02,6.262788830869813195e-01
8.899761610133541390e-02,6.264274427696585601e-01
8.886371295966577488e-02,6.265760023491244723e-01
8.872980970381243171e-02,6.267245618256711559e-01
8.859590633409820948e-02,6.268731211995900443e-01
8.846200285084415693e-02,6.270216804711701286e-01
8.832809925436886644e-02,6.271702396406986235e-01
8.819419554498891811e-02,6.273187987084606343e-01
8.806029172301893526e-02,6.274673576747394899e-01
8.792638778877123751e-02,6.276159165398162987e-01
8.779248374255591014e-02,6.277644753039711700e-01
8.765857958468119271e-02,6.279130339674808825e-01
8.752467531545300716e-02,6.280615925306218816e-01
8.739077093517542971e-02,6.282101509936673933e-01
8.725686644415023285e-02,6.283587093568898663e-01
8.712296184267728782e-02,6.285072676205588627e-01
8.698905713105431481e-02,6.286558257849428344e-01
8.685515230957695232e-02,6.288043838503083460e-01
8.672124737853902088e-02,6.289529418169197417e-01
8.658734233823210669e-02,6.291014996850400331e-01
8.645343718894583918e-02,6.292500574549296788e-01
8.631953193096782162e-02,6.293986151268480267e-01
8.618562656458361726e-02,6.295471727010527596e-01
8.605172109007691583e-02,6.296957301777986737e-01
8.591781550772938092e-02,6.298442875573398991e-01
8.578390981782070546e-02,6.299928448399283454e-01
8.565000402062848683e-02,6.301414020258142568e-01
8.551609811642853221e-02,6.302899591152455461e-01
8.538219210549465032e-02,6.304385161084696820e-01
8.524828598809872093e-02,6.305870730057311357e-01
8.511437976451066700e-02,6.307356298072732681e-01
8.498047343499849637e-02,6.308841865133369975e-01
8.484656699982835726e-02,6.310327431241626872e-01
8.471266045926430233e-02,6.311812996399882580e-01
8.457875381356877442e-02,6.313298560610496324e-01
8.444484706300219024e-02,6.314784123875816224e-01
8.431094020782303744e-02,6.316269686198170419e-01
8.417703324828801348e-02,6.317755247579873723e-01
8.404312618465180351e-02,6.319240808023219858e-01
8.390921901716746900e-02,6.320726367530487000e-01
8.377531174608605913e-02,6.322211926103936674e-01
8.364140437165679121e-02,6.323697483745814862e-01
8.350749689412716170e-02,6.325183040458355332e-01
8.337358931374268256e-02,6.326668596243761877e-01
8.323968163074720039e-02,6.328154151104234959e-01
8.310577384538268830e-02,6.329639705041958386e-01
8.297186595788931529e-02,6.331125258059084882e-01
8.283795796850537685e-02,6.332610810157774939e-01
8.270404987746747538e-02,6.334096361340151304e-01
8.257014168501057572e-02,6.335581911608331174e-01
8.243623339136750550e-02,6.337067460964416199e-01
8.230232499676971847e-02,6.338553009410485828e-01
8.216841650144662834e-02,6.340038556948610626e-01
8.203450790562588635e-02,6.341524103580842286e-01
8.190059920953372818e-02,6.343009649309214737e-01
8.176669041339429400e-02,6.344495194135749694e-01
8.163278151743021127e-02,6.345980738062454440e-01
8.149887252186226172e-02,6.347466281091315166e-01
8.136496342690949235e-02,6.348951823224309177e-01
8.123105423278952075e-02,6.350437364463388246e-01
8.109714493971785509e-02,6.351922904810503034e-01
8.096323554790860189e-02,6.353408444267577559e-01
8.082932605757406352e-02,6.354893982836525845e-01
8.069541646892476605e-02,6.356379520519246373e-01
8.056150678216987548e-02,6.357865057317615420e-01
8.042759699751653168e-02,6.359350593233510374e-01
8.029368711517041735e-02,6.360836128268777534e-01
8.015977713533545268e-02,6.362321662425253210e-01
8.002586705821394808e-02,6.363807195704764830e-01
7.989195688400678452e-02,6.365292728109115394e-01
7.975804661291276132e-02,6.366778259640101245e-01
7.962413624512933163e-02,6.368263790299498739e-01
7.949022578085231105e-02,6.369749320089073130e-01
7.935631522027589146e-02,6.371234849010574131e-01
7.922240456359268268e-02,6.372720377065733688e-01
7.908849381099347653e-02,6.374205904256271538e-01
7.895458296266773257e-02,6.375691430583896313e-01
7.882067201880318952e-02,6.377176956050299994e-01
7.868676097958585136e-02,6.378662480657154576e-01
7.855284984520047309e-02,6.380148004406126505e-01
7.841893861582989456e-02,6.381633527298865571e-01
7.828502729165570662e-02,6.383119049337000472e-01
7.815111587285761274e-02,6.384604570522156575e-01
7.801720435961387312e-02,6.386090090855938151e-01
7.788329275210133240e-02,6.387575610339937260e-01
7.774938105049510051e-02,6.389061128975732640e-01
7.761546925496884408e-02,6.390546646764886374e-01
7.748155736569463381e-02,6.392032163708948334e-01
7.734764538284295832e-02,6.393517679809459509e-01
7.721373330658298784e-02,6.395003195067937574e-01
7.707982113708219951e-02,6.396488709485893542e-01
7.694590887450640515e-02,6.397974223064821775e-01
7.681199651902019532e-02,6.399459735806206639e-01
7.667808407078639810e-02,6.400945247711512520e-01
7.654417152996664808e-02,6.402430758782194919e-01
7.641025889672077576e-02,6.403916269019694907e-01
7.627634617120732097e-02,6.405401778425438009e-01
7.614243335358313047e-02,6.406887287000839759e-01
7.600852044400366325e-02,6.408372794747304591e-01
7.587460744262307377e-02,6.409858301666211400e-01
7.574069434959369851e-02,6.411343807758937974e-01
7.560678116506665269e-02,6.412829313026845446e-01
7.547286788919156664e-02,6.414314817471283847e-01
7.533895452211640531e-02,6.415800321093578784e-01
7.520504106398787081e-02,6.417285823895060304e-01
7.507112751495124969e-02,6.418771325877029588e-01
7.493721387515019094e-02,6.420256827040787817e-01
7.480330014472710842e-02,6.421742327387611748e-01
7.466938632382258412e-02,6.423227826918771477e-01
7.453547241257620082e-02,6.424713325635523775e-01
7.440155841112612578e-02,6.426198823539112093e-01
7.426764431960858337e-02,6.427684320630762116e-01
7.413373013815893753e-02,6.429169816911695090e-01
7.399981586691067870e-02,6.430655312383115607e-01
7.386590150599633975e-02,6.432140807046211606e-01
7.373198705554664945e-02,6.433626300902164363e-01
7.359807251569107367e-02,6.435111793952139614e-01
7.346415788655769052e-02,6.436597286197291989e-01
7.333024316827305156e-02,6.438082777638762799e-01
7.319632836096255646e-02,6.439568268277676699e-01
7.306241346475002285e-02,6.441053758115148353e-01
7.292849847975797772e-02,6.442539247152284654e-01
7.279458340610732436e-02,6.444024735390175840e-01
7.266066824391775869e-02,6.445510222829899938e-01
7.252675299330769987e-02,6.446995709472520542e-01
7.239283765439409601e-02,6.448481195319093473e-01
7.225892222729249359e-02,6.449966680370654570e-01
7.212500671211692638e-02,6.451452164628238561e-01
7.199109110898030406e-02,6.452937648092857970e-01
7.185717541799409303e-02,6.454423130765516436e-01
7.172325963926842740e-02,6.455908612647206501e-01
7.158934377291194251e-02,6.457394093738906271e-01
7.145542781903206631e-02,6.458879574041582750e-01
7.132151177773470019e-02,6.460365053556194059e-01
7.118759564912466309e-02,6.461850532283678339e-01
7.105367943330516411e-02,6.463336010224969286e-01
7.091976313037821888e-02,6.464821487380979503e-01
7.078584674044446912e-02,6.466306963752622705e-01
7.065193026360314099e-02,6.467792439340792621e-01
7.051801369995226720e-02,6.469277914146365216e-01
7.038409704958846491e-02,6.470763388170215347e-01
7.025018031260697737e-02,6.472248861413200105e-01
7.011626348910177109e-02,6.473734333876164371e-01
6.998234657916543866e-02,6.475219805559945252e-01
6.984842958288942083e-02,6.476705276465363204e-01
6.971451250036371505e-02,6.478190746593226468e-01
6.958059533167684774e-02,6.479676215944336626e-01
6.944667807691623507e-02,6.481161684519478605e-01
6.931276073616786382e-02,6.482647152319430672e-01
6.917884330951651339e-02,6.484132619344951109e-01
6.904492579704568644e-02,6.485618085596792648e-01
6.891100819883741457e-02,6.487103551075693586e-01
6.877709051497248038e-02,6.488589015782383340e-01
6.864317274553033421e-02,6.490074479717579115e-01
6.850925489058910800e-02,6.491559942881981460e-01
6.837533695022594837e-02,6.493045405276285376e-01
6.824141892451635050e-02,6.494530866901169208e-01
6.810750081353454666e-02,6.496016327757303532e-01
6.797358261735361729e-02,6.497501787845343380e-01
6.783966433604521340e-02,6.498987247165937120e-01
6.770574596967979253e-02,6.500472705719718691e-01
6.757182751832646606e-02,6.501958163507309818e-01
6.743790898205316575e-02,6.503443620529318903e-01
6.730399036092632459e-02,6.504929076786348796e-01
6.717007165501125143e-02,6.506414532278984586e-01
6.703615286437197840e-02,6.507899987007805809e-01
6.690223398907121921e-02,6.509385440973370907e-01
6.676831502917035532e-02,6.510870894176236101e-01
6.663439598472953307e-02,6.512356346616946512e-01
6.650047685580756651e-02,6.513841798296027275e-01
6.636655764246229827e-02,6.515327249213993532e-01
6.623263834474975298e-02,6.516812699371360429e-01
6.609871896272515035e-02,6.518298148768617573e-01
6.596479949644219742e-02,6.519783597406250131e-01
6.583087994595328285e-02,6.521269045284733279e-01
6.569696031130979608e-02,6.522754492404525539e-01
6.556304059256171102e-02,6.524239938766074332e-01
6.542912078975758605e-02,6.525725384369820414e-01
6.529520090294486934e-02,6.527210829216192334e-01
6.516128093216973227e-02,6.528696273305599762e-01
6.502736087747702787e-02,6.530181716638451261e-01
6.489344073891042952e-02,6.531667159215134300e-01
6.475952051651220898e-02,6.533152601036036344e-01
6.462560021032352775e-02,6.534638042101521549e-01
6.449167982038406244e-02,6.536123482411948515e-01
6.435775934673247656e-02,6.537608921967669184e-01
6.422383878940608748e-02,6.539094360769011072e-01
6.408991814844081092e-02,6.540579798816302803e-01
6.395599742387146625e-02,6.542065236109856352e-01
6.382207661573144342e-02,6.543550672649974809e-01
6.368815572405317482e-02,6.545036108436943501e-01
6.355423474886749691e-02,6.546521543471042204e-01
6.342031369020416365e-02,6.548006977752539592e-01
6.328639254809158288e-02,6.549492411281691018e-01
6.315247132255691342e-02,6.550977844058740729e-01
6.301855001362617614e-02,6.552463276083919652e-01
6.288462862132401798e-02,6.553948707357448722e-01
6.275070714567378138e-02,6.555434137879541101e-01
6.261678558669758754e-02,6.556919567650392189e-01
6.248286394441621844e-02,6.558404996670197384e-01
6.234894221884947768e-02,6.559890424939121001e-01
6.221502041001567701e-02,6.561375852457334013e-01
6.208109851793178896e-02,6.562861279224989630e-01
6.194717654261371748e-02,6.564346705242227742e-01
6.181325448407588158e-02,6.565832130509179354e-01
6.167933234233177742e-02,6.567317555025966591e-01
6.154541011739321499e-02,6.568802978792690483e-01
6.141148780927109530e-02,6.570288401809450951e-01
6.127756541797484829e-02,6.571773824076334591e-01
6.114364294351266188e-02,6.573259245593410238e-01
6.100972038589159985e-02,6.574744666360742285e-01
6.087579774511719249e-02,6.576230086378381801e-01
6.074187502119404031e-02,6.577715505646365424e-01
6.060795221412517558e-02,6.579200924164720909e-01
6.047402932391229835e-02,6.580686341933467132e-01
6.034010635055633148e-02,6.582171758952607421e-01
6.020618329405642843e-02,6.583657175222131785e-01
6.007226015441065325e-02,6.585142590742023572e-01
5.993833693161578630e-02,6.586628005512256134e-01
5.980441362566718544e-02,6.588113419532785064e-01
5.967049023655926487e-02,6.589598832803557071e-01
5.953656676428496775e-02,6.591084245324506652e-01
5.940264320883578003e-02,6.592569657095560531e-01
5.926871957020220932e-02,6.594055068116631002e-01
5.913479584837318115e-02,6.595540478387615924e-01
5.900087204333666346e-02,6.597025887908405384e-01
5.886694815507914624e-02,6.598511296678878368e-01
5.873302418358587740e-02,6.599996704698901651e-01
5.859910012884069624e-02,6.601482111968325350e-01
5.846517599082619310e-02,6.602967518486997367e-01
5.833125176952395907e-02,6.604452924254745616e-01
5.819732746491381586e-02,6.605938329271389131e-01
5.806340307697459985e-02,6.607423733536733623e-01
5.792947860568378737e-02,6.608909137050582583e-01
5.779555405101746007e-02,6.610394539812711745e-01
5.766162941295059630e-02,6.611879941822899065e-01
5.752770469145657845e-02,6.613365343080900294e-01
5.739377988650774115e-02,6.614850743586467852e-01
5.725985499807505208e-02,6.616336143339338616e-01
5.712593002612794540e-02,6.617821542339236141e-01
5.699200497063486304e-02,6.619306940585873988e-01
5.685807983156269951e-02,6.620792338078954620e-01
5.672415460887722527e-02,6.622277734818168282e-01
5.659022930254267725e-02,6.623763130803188570e-01
5.645630391252200869e-02,6.625248526033685748e-01
5.632237843877702099e-02,6.626733920509312314e-01
5.618845288126807919e-02,6.628219314229707448e-01
5.605452723995412584e-02,6.629704707194501445e-01
5.592060151479277125e-02,6.631190099403314608e-01
5.578667570574042528e-02,6.632675490855749478e-01
5.565274981275214472e-02,6.634160881551403044e-01
5.551882383578156388e-02,6.635646271489850090e-01
5.538489777478091541e-02,6.637131660670666511e-01
5.525097162970130094e-02,6.638617049093407108e-01
5.511704540049210815e-02,6.640102436757614468e-01
5.498311908710173251e-02,6.641587823662824519e-01
5.484919268947701515e-02,6.643073209808553203e-01
5.471526620756355513e-02,6.644558595194313133e-01
5.458133964130540416e-02,6.646043979819596936e-01
5.444741299064529555e-02,6.647529363683889470e-01
5.431348625552473441e-02,6.649014746786660046e-01
5.417955943588374096e-02,6.650500129127365767e-01
5.404563253166090597e-02,6.651985510705457072e-01
5.391170554279354349e-02,6.653470891520363306e-01
5.377777846921751037e-02,6.654956271571507154e-01
5.364385131086722713e-02,6.656441650858293535e-01
5.350992406767590692e-02,6.657927029380126260e-01
5.337599673957511837e-02,6.659412407136381384e-01
5.324206932649511170e-02,6.660897784126430521e-01
5.310814182836478409e-02,6.662383160349634181e-01
5.297421424511165183e-02,6.663868535805332893e-01
5.284028657666173939e-02,6.665353910492862743e-01
5.270635882293957936e-02,6.666839284411543165e-01
5.257243098386837205e-02,6.668324657560676938e-01
5.243850305936981898e-02,6.669810029939561291e-01
5.230457504936442126e-02,6.671295401547474579e-01
5.217064695377088279e-02,6.672780772383688497e-01
5.203671877250671401e-02,6.674266142447451422e-01
5.190279050548786410e-02,6.675751511738009514e-01
5.176886215262888058e-02,6.677236880254591167e-01
5.163493371384285380e-02,6.678722247996409234e-01
5.150100518904137531e-02,6.680207614962667684e-01
5.136707657813462807e-02,6.681692981152552724e-01
5.123314788103122686e-02,6.683178346565241679e-01
5.109921909763836395e-02,6.684663711199899661e-01
5.096529022786169816e-02,6.686149075055672908e-01
5.083136127160554213e-02,6.687634438131694337e-01
5.069743222877257788e-02,6.689119800427091311e-01
5.056350309926400249e-02,6.690605161940968992e-01
5.042957388297948651e-02,6.692090522672419217e-01
5.029564457981720860e-02,6.693575882620529383e-01
5.016171518967407761e-02,6.695061241784364681e-01
5.002778571244498318e-02,6.696546600162976981e-01
4.989385614802375329e-02,6.698031957755409271e-01
4.975992649630237713e-02,6.699517314560682335e-01
4.962599675717135894e-02,6.701002670577816955e-01
4.949206693051986378e-02,6.702488025805802829e-01
4.935813701623532890e-02,6.703973380243630764e-01
4.922420701420357481e-02,6.705458733890267142e-01
4.909027692430896483e-02,6.706944086744668354e-01
4.895634674643421780e-02,6.708429438805780798e-01
4.882241648046063004e-02,6.709914790072526447e-01
4.868848612626777705e-02,6.711400140543822834e-01
4.855455568373362452e-02,6.712885490218567508e-01
4.842062515273462542e-02,6.714370839095644694e-01
4.828669453314555354e-02,6.715856187173924186e-01
4.815276382483964918e-02,6.717341534452262453e-01
4.801883302768850115e-02,6.718826880929503753e-01
4.788490214156212316e-02,6.720312226604467920e-01
4.775097116632872479e-02,6.721797571475970345e-01
4.761704010185496827e-02,6.723282915542810878e-01
4.748310894800615578e-02,6.724768258803766052e-01
4.734917770464539682e-02,6.726253601257609072e-01
4.721524637163453803e-02,6.727738942903087604e-01
4.708131494883367740e-02,6.729224283738940438e-01
4.694738343610098397e-02,6.730709623763888594e-01
4.681345183329350956e-02,6.732194962976641994e-01
4.667952014026609947e-02,6.733680301375890576e-01
4.654558835687203078e-02,6.735165638960308732e-01
4.641165648296293605e-02,6.736650975728558643e-01
4.627772451838865070e-02,6.738136311679291390e-01
4.614379246299749049e-02,6.739621646811125855e-01
4.600986031663573811e-02,6.741106981122683139e-01
4.587592807914816356e-02,6.742592314612564364e-01
4.574199575037773968e-02,6.744077647279347332e-01
4.560806333016560049e-02,6.745562979121602076e-01
4.547413081835123549e-02,6.747048310137873095e-01
4.534019821477231621e-02,6.748533640326705996e-01
4.520626551926465453e-02,6.750018969686614190e-01
4.507233273166229293e-02,6.751504298216099986e-01
4.493839985179758773e-02,6.752989625913652372e-01
4.480446687950099399e-02,6.754474952777740349e-01
4.467053381460123901e-02,6.755960278806817376e-01
4.453660065692508635e-02,6.757445603999322481e-01
4.440266740629749548e-02,6.758930928353673595e-01
4.426873406254162868e-02,6.760416251868279769e-01
4.413480062547880250e-02,6.761901574541524518e-01
4.400086709492844611e-02,6.763386896371778034e-01
4.386693347070805965e-02,6.764872217357396078e-01
4.373299975263343631e-02,6.766357537496716645e-01
4.359906594051808637e-02,6.767842856788056638e-01
4.346513203417417398e-02,6.769328175229718525e-01
4.333119803341142773e-02,6.770813492819990342e-01
4.319726393803802189e-02,6.772298809557135701e-01
4.306332974785999357e-02,6.773784125439408221e-01
4.292939546268128431e-02,6.775269440465042647e-01
4.279546108230444790e-02,6.776754754632249300e-01
4.266152660652942213e-02,6.778240067939225177e-01
4.252759203515461828e-02,6.779725380384155065e-01
4.239365736797614387e-02,6.781210691965195991e-01
4.225972260478818437e-02,6.782696002680498326e-01
4.212578774538323217e-02,6.784181312528176910e-01
4.199185278955130940e-02,6.785666621506347695e-01
4.185791773708070346e-02,6.787151929613095547e-01
4.172398258775749519e-02,6.788637236846488676e-01
4.159004734136568376e-02,6.790122543204585304e-01
4.145611199768739485e-02,6.791607848685412563e-01
4.132217655650254756e-02,6.793093153286987596e-01
4.118824101758890993e-02,6.794578457007306449e-01
4.105430538072226548e-02,6.796063759844344077e-01
4.092036964567612178e-02,6.797549061796057668e-01
4.078643381222207820e-02,6.799034362860385539e-01
4.065249788012948590e-02,6.800519663035249351e-01
4.051856184916538539e-02,6.802004962318544123e-01
4.038462571909493676e-02,6.803490260708150439e-01
4.025068948968082289e-02,6.804975558201932229e-01
4.011675316068383929e-02,6.806460854797727889e-01
3.998281673186237367e-02,6.807946150493358051e-01
3.984888020297257250e-02,6.809431445286620033e-01
3.971494357376854911e-02,6.810916739175298940e-01
3.958100684400178704e-02,6.812402032157151011e-01
3.944707001342201425e-02,6.813887324229920273e-01
3.931313308177641908e-02,6.815372615391318556e-01
3.917919604880978901e-02,6.816857905639052140e-01
3.904525891426482986e-02,6.818343194970795107e-01
3.891132167788174251e-02,6.819828483384202666e-01
3.877738433939856288e-02,6.821313770876914484e-01
3.864344689855095383e-02,6.822799057446541360e-01
3.850950935507208017e-02,6.824284343090679661e-01
3.837557170869281692e-02,6.825769627806899109e-01
3.824163395914164515e-02,6.827254911592753883e-01
3.810769610614479080e-02,6.828740194445765965e-01
3.797375814942578059e-02,6.830225476363448456e-01
3.783982008870598324e-02,6.831710757343283369e-01
3.770588192370406821e-02,6.833196037382732735e-01
3.757194365413631110e-02,6.834681316479241930e-01
3.743800527971668374e-02,6.836166594630224136e-01
3.730406680015652121e-02,6.837651871833075878e-01
3.717012821516459814e-02,6.839137148085168150e-01
3.703618952444715645e-02,6.840622423383855288e-01
3.690225072770798170e-02,6.842107697726461657e-01
3.676831182464828512e-02,6.843592971110293854e-01
3.663437281496662729e-02,6.845078243532628504e-01
3.650043369835909851e-02,6.846563514990723354e-01
3.636649447451905520e-02,6.848048785481817280e-01
3.623255514313711984e-02,6.849534055003114741e-01
3.609861570390153485e-02,6.851019323551803542e-01
3.596467615649776711e-02,6.852504591125048172e-01
3.583073650060845244e-02,6.853989857719982037e-01
3.569679673591382579e-02,6.855475123333719667e-01
3.556285686209101349e-02,6.856960387963352277e-01
3.542891687881484508e-02,6.858445651605939997e-01
3.529497678575709008e-02,6.859930914258525192e-01
3.516103658258670772e-02,6.861416175918122473e-01
3.502709626897006212e-02,6.862901436581718695e-01
3.489315584457050590e-02,6.864386696246278508e-01
3.475921530904883122e-02,6.865871954908738806e-01
3.462527466206273552e-02,6.867357212566010949e-01
3.449133390326711984e-02,6.868842469214987423e-01
3.435739303231394315e-02,6.870327724852521856e-01
3.422345204885231945e-02,6.871812979475453442e-01
3.408951095252861496e-02,6.873298233080584740e-01
3.395556974298586522e-02,6.874783485664700544e-01
3.382162841986428164e-02,6.876268737224551231e-01
3.368768698280123763e-02,6.877753987756870524e-01
3.355374543143090083e-02,6.879239237258349959e-01
3.341980376538453146e-02,6.880724485725669970e-01
3.328586198429023257e-02,6.882209733155468800e-01
3.315192008777314431e-02,6.883694979544368042e-01
3.301797807545516633e-02,6.885180224888955980e-01
3.288403594695522847e-02,6.886665469185794253e-01
3.275009370188895069e-02,6.888150712431414524e-01
3.261615133986901782e-02,6.889635954622319591e-01
3.248220886050463135e-02,6.891121195754990048e-01
3.234826626340211314e-02,6.892606435825867628e-01
3.221432354816422539e-02,6.894091674831370753e-01
3.208038071439064942e-02,6.895576912767888977e-01
3.194643776167783306e-02,6.897062149631777439e-01
3.181249468961883098e-02,6.898547385419365741e-01
3.167855149780338109e-02,6.900032620126957950e-01
3.154460818581787673e-02,6.901517853750813725e-01
3.141066475324533203e-02,6.903003086287176071e-01
3.127672119966540959e-02,6.904488317732251357e-01
3.114277752465433730e-02,6.905973548082213753e-01
3.100883372778479724e-02,6.907458777333209676e-01
3.087488980862607146e-02,6.908944005481356676e-01
3.074094576674388929e-02,6.910429232522730114e-01
3.060700160170062162e-02,6.911914458453384258e-01
3.047305731305494092e-02,6.913399683269333407e-01
3.033911290036190103e-02,6.914884906966567435e-01
3.020516836317307940e-02,6.916370129541041800e-01
3.007122370103618159e-02,6.917855350988675323e-01
2.993727891349569695e-02,6.919340571305352405e-01
2.980333400009193071e-02,6.920825790486928586e-01
2.966938896036183312e-02,6.922311008529229426e-01
2.953544379383856236e-02,6.923796225428036077e-01
2.940149850005115140e-02,6.925281441179104158e-01
2.926755307852545521e-02,6.926766655778152648e-01
2.913360752878302318e-02,6.928251869220866110e-01
2.899966185034164728e-02,6.929737081502893581e-01
2.886571604271532740e-02,6.931222292619849679e-01
2.873177010541399720e-02,6.932707502567316826e-01
2.859782403794401337e-02,6.934192711340831927e-01
2.846387783980738884e-02,6.935677918935908570e-01
2.832993151050224034e-02,6.937163125348015935e-01
2.819598504952260457e-02,6.938648330572591005e-01
2.806203845635856300e-02,6.940133534605028576e-01
2.792809173049607199e-02,6.941618737440693465e-01
2.779414487141696269e-02,6.943103939074911635e-01
2.766019787859883353e-02,6.944589139502966857e-01
2.752625075151520287e-02,6.946074338720110708e-01
2.739230348963525921e-02,6.947559536721554796e-01
2.725835609242411792e-02,6.949044733502465210e-01
2.712440855934246386e-02,6.950529929057985834e-01
2.699046088984663472e-02,6.952015123383202821e-01
2.685651308338861398e-02,6.953500316473176790e-01
2.672256513941603448e-02,6.954985508322922838e-01
2.658861705737237610e-02,6.956470698927420537e-01
2.645466883669623029e-02,6.957955888281598389e-01
2.632072047682187596e-02,6.959441076380356028e-01
2.618677197717912686e-02,6.960926263218549792e-01
2.605282333719307133e-02,6.962411448790992718e-01
2.591887455628446787e-02,6.963896633092455657e-01
2.578492563386922468e-02,6.965381816117666158e-01
2.565097656935870149e-02,6.966866997861317357e-01
2.551702736215943901e-02,6.968352178318050205e-01
2.538307801167315886e-02,6.969837357482473461e-01
2.524912851729727015e-02,6.971322535349143701e-01
2.511517887842391883e-02,6.972807711912574202e-01
2.498122909444032078e-02,6.974292887167241606e-01
2.484727916472920933e-02,6.975778061107572592e-01
2.471332908866800265e-02,6.977263233727950542e-01
2.457937886562952881e-02,6.978748405022714429e-01
2.444542849498122436e-02,6.980233574986157707e-01
2.431147797608566863e-02,6.981718743612529421e-01
2.417752730830035821e-02,6.983203910896029765e-01
2.404357649097745367e-02,6.984689076830820076e-01
2.390962552346441797e-02,6.986174241411001740e-01
2.377567440510295824e-02,6.987659404630641724e-01
2.364172313522983765e-02,6.989144566483752596e-01
2.350777171317641745e-02,6.990629726964301405e-01
2.337382013826867430e-02,6.992114886066208568e-01
2.323986840982732519e-02,6.993600043783338993e-01
2.310591652716765740e-02,6.995085200109519841e-01
2.297196448959937590e-02,6.996570355038518318e-01
2.283801229642675248e-02,6.998055508564058336e-01
2.270405994694835172e-02,6.999540660679811621e-01
2.257010744045738482e-02,7.001025811379396613e-01
2.243615477624122737e-02,7.002510960656385119e-01
2.230220195358156507e-02,7.003996108504293439e-01
2.216824897175448394e-02,7.005481254916592349e-01
2.203429583002998807e-02,7.006966399886691566e-01
2.190034252767258938e-02,7.008451543407956397e-01
2.176638906394072134e-02,7.009936685473693307e-01
2.163243543808688815e-02,7.011421826077158803e-01
2.149848164935765429e-02,7.012906965211552768e-01
2.136452769699346416e-02,7.014392102870020684e-01
2.123057358022887448e-02,7.015877239045655855e-01
2.109661929829207555e-02,7.017362373731494962e-01
2.096266485040529023e-02,7.018847506920515844e-01
2.082871023578430555e-02,7.020332638605641939e-01
2.069475545363865659e-02,7.021817768779747837e-01
2.056080050317178262e-02,7.023302897435635961e-01
2.042684538358049279e-02,7.024788024566059885e-01
2.029289009405521593e-02,7.026273150163717673e-01
2.015893463377985487e-02,7.027758274221242996e-01
2.002497900193170657e-02,7.029243396731210680e-01
1.989102319768172589e-02,7.030728517686140044e-01
1.975706722019386283e-02,7.032213637078488233e-01
1.962311106862568710e-02,7.033698754900650219e-01
1.948915474212772891e-02,7.035183871144959911e-01
1.935519823984365242e-02,7.036668985803694598e-01
1.922124156091068251e-02,7.038154098869060515e-01
1.908728470445861594e-02,7.039639210333208386e-01
1.895332766961044246e-02,7.041124320188224539e-01
1.881937045548206372e-02,7.042609428426130913e-01
1.868541306118213022e-02,7.044094535038881721e-01
1.855145548581255480e-02,7.045579640018371226e-01
1.841749772846750996e-02,7.047064743356430405e-01
1.828353978823412176e-02,7.048549845044813633e-01
1.814958166419207430e-02,7.050034945075217552e-01
1.801562335541354032e-02,7.051520043439272190e-01
1.788166486096353161e-02,7.053005140128537631e-01
1.774770617989909413e-02,7.054490235134506237e-01
1.761374731126995677e-02,7.055975328448597095e-01
1.747978825411812542e-02,7.057460420062167117e-01
1.734582900747753606e-02,7.058945509966497722e-01
1.721186957037484228e-02,7.060430598152807047e-01
1.707790994182844038e-02,7.061915684612232180e-01
1.694395012084892391e-02,7.063400769335843599e-01
1.680999010643885114e-02,7.064885852314644055e-01
1.667602989759248144e-02,7.066370933539556365e-01
1.654206949329636855e-02,7.067856013001430071e-01
1.640810889252854524e-02,7.069341090691044771e-01
1.627414809425880085e-02,7.070826166599101237e-01
1.614018709744853911e-02,7.072311240716228076e-01
1.600622590105073989e-02,7.073796313032972849e-01
1.587226450400985520e-02,7.075281383539815394e-01
1.573830290526200687e-02,7.076766452227144510e-01
1.560434110373429446e-02,7.078251519085285715e-01
1.547037909834527748e-02,7.079736584104472374e-01
1.533641688800465967e-02,7.081221647274869024e-01
1.520245447161323697e-02,7.082706708586550270e-01
1.506849184806304844e-02,7.084191768029519665e-01
1.493452901623678643e-02,7.085676825593691941e-01
1.480056597500831531e-02,7.087161881268905228e-01
1.466660272324205906e-02,7.088646935044905506e-01
1.453263925979329622e-02,7.090131986911368811e-01
1.439867558350805578e-02,7.091617036857871259e-01
1.426471169322272858e-02,7.093102084873917912e-01
1.413074758776430156e-02,7.094587130948917242e-01
1.399678326595017730e-02,7.096072175072195565e-01
1.386281872658789820e-02,7.097557217232993709e-01
1.372885396847554722e-02,7.099042257420458135e-01
1.359488899040108348e-02,7.100527295623653146e-01
1.346092379114268746e-02,7.102012331831548675e-01
1.332695836946843487e-02,7.103497366033028060e-01
1.319299272413621688e-02,7.104982398216880268e-01
1.305902685389393435e-02,7.106467428371797679e-01
1.292506075747904687e-02,7.107952456486393844e-01
1.279109443361864037e-02,7.109437482549170184e-01
1.265712788102935256e-02,7.110922506548549293e-01
1.252316109841712134e-02,7.112407528472849405e-01
1.238919408447747977e-02,7.113892548310294384e-01
1.225522683789505990e-02,7.115377566049012614e-01
1.212125935734363093e-02,7.116862581677033672e-01
1.198729164148600208e-02,7.118347595182288323e-01
1.185332368897391506e-02,7.119832606552607412e-01
1.171935549844830421e-02,7.121317615775718535e-01
1.158538706853842401e-02,7.122802622839251585e-01
1.145141839786235037e-02,7.124287627730733208e-01
1.131744948502680370e-02,7.125772630437586797e-01
1.118348032862675860e-02,7.127257630947131384e-01
1.104951092724591223e-02,7.128742629246577200e-01
1.091554127945587246e-02,7.130227625323036778e-01
1.078157138381651697e-02,7.131712619163507183e-01
1.064760123887571394e-02,7.133197610754881124e-01
1.051363084316935502e-02,7.134682600083944726e-01
1.037966019522128421e-02,7.136167587137365320e-01
1.024568929354269589e-02,7.137652571901712539e-01
1.011171813663278712e-02,7.139137554363433891e-01
9.977746722978020344e-03,7.140622534508865860e-01
9.843775051052218797e-03,7.142107512324235019e-01
9.709803119316703576e-03,7.143592487795651369e-01
9.575830926219783615e-03,7.145077460909102784e-01
9.441858470196859768e-03,7.146562431650470559e-01
9.307885749670273892e-03,7.148047400005508312e-01
9.173912763049078128e-03,7.149532365959859748e-01
9.039939508729243067e-03,7.151017329499038677e-01
8.905965985093142537e-03,7.152502290608445668e-01
8.771992190509676768e-03,7.153987249273351390e-01
8.638018123334013920e-03,7.155472205478914383e-01
8.504043781907496408e-03,7.156957159210157737e-01
8.370069164557771002e-03,7.158442110451982421e-01
8.236094269598214640e-03,7.159927059189160614e-01
8.102119095328182488e-03,7.161412005406344594e-01
7.968143640032527425e-03,7.162896949088046750e-01
7.834167901981934842e-03,7.164381890218658455e-01
7.700191879432409167e-03,7.165866828782428977e-01
7.566215570625284270e-03,7.167351764763485455e-01
7.432238973787048258e-03,7.168836698145816255e-01
7.298262087129197759e-03,7.170321628913275402e-01
7.164284908848322919e-03,7.171806557049578146e-01
7.030307437125569645e-03,7.173291482538304287e-01
6.896329670126857304e-03,7.174776405362899290e-01
6.762351606002549136e-03,7.176261325506659849e-01
6.628373242887332546e-03,7.177746242952746103e-01
6.494394578900121104e-03,7.179231157684176079e-01
6.360415612143986014e-03,7.180716069683821257e-01
6.226436340705775348e-03,7.182200978934409896e-01
6.092456762656180830e-03,7.183685885418521488e-01
5.958476876049595590e-03,7.185170789118593415e-01
5.824496678923711708e-03,7.186655690016906517e-01
5.690516169299704094e-03,7.188140588095591754e-01
5.556535345181983290e-03,7.189625483336633538e-01
5.422554204557673320e-03,7.191110375721856407e-01
5.288572745397019347e-03,7.192595265232936130e-01
5.154590965652877665e-03,7.194080151851388605e-01
5.020608863260770348e-03,7.195565035558570965e-01
4.886626436138502734e-03,7.197049916335682695e-01
4.752643682186055013e-03,7.198534794163764516e-01
4.618660599285630795e-03,7.200019669023691726e-01
4.484677185301043020e-03,7.201504540896179751e-01
4.350693438078293354e-03,7.202989409761771933e-01
4.216709355444598142e-03,7.204474275600853961e-01
4.082724935208571423e-03,7.205959138393638330e-01
3.948740175160173754e-03,7.207443998120169892e-01
3.814755073070313224e-03,7.208928854760319194e-01
3.680769626690963414e-03,7.210413708293785806e-01
3.546783833754662066e-03,7.211898558700091666e-01
3.412797691974345411e-03,7.213383405958592176e-01
3.278811199043465269e-03,7.214868250048456222e-01
3.144824352635472095e-03,7.216353090948673943e-01
3.010837150404062183e-03,7.217837928638057843e-01
2.876849589982494182e-03,7.219322763095235018e-01
2.742861668983653280e-03,7.220807594298651599e-01
2.608873384999823956e-03,7.222292422226560538e-01
2.474884735602584165e-03,7.223777246857036038e-01
2.340895718342581554e-03,7.225262068167956908e-01
2.206906330749202998e-03,7.226746886137010994e-01
2.072916570330407202e-03,7.228231700741697408e-01
1.938926434572772620e-03,7.229716511959310976e-01
1.804935920940852574e-03,7.231201319766963342e-01
1.670945026877598523e-03,7.232686124141554096e-01
1.536953749803541278e-03,7.234170925059789647e-01
1.402962087116779505e-03,7.235655722498175457e-01
1.268970036192994906e-03,7.237140516433010484e-01
1.134977594384943079e-03,7.238625306840384965e-01
1.000984759022567139e-03,7.240110093696182636e-01
8.669915274124417436e-04,7.241594876976079620e-01
7.329978968377271181e-04,7.243079656655535548e-01
5.990038645578765406e-04,7.244564432709805768e-01
4.650094278084281746e-04,7.246049205113918035e-01
3.310145838009465220e-04,7.247533973842688049e-01
1.970193297226819837e-04,7.249018738870713907e-01
6.302366273625307960e-05,7.250503500172363891e-01
-7.097242002064140659e-05,7.251988257721787567e-01
-2.049689214351099959e-04,7.253473011492910238e-01
-3.389658444195630185e-04,7.254957761459424059e-01
-4.729631919118260216e-04,7.256442507594793589e-01
-6.069609668756931458e-04,7.257927249872248021e-01
-7.409591723008179462e-04,7.259411988264785620e-01
-8.749578112030426645e-04,7.260896722745165954e-01
-1.008956886624618431e-03,7.262381453285905453e-01
-1.142956401634544292e-03,7.263866179859286287e-01
-1.276956359328892910e-03,7.265350902437340830e-01
-1.410956762830757865e-03,7.266835620991854983e-01
-1.544957615290974001e-03,7.268320335494373730e-01
-1.678958919887725814e-03,7.269805045916181152e-01
-1.812960679827550770e-03,7.271289752228315972e-01
-1.946962898345058063e-03,7.272774454401559341e-01
-2.080965578703480694e-03,7.274259152406429285e-01
-2.214968724194681104e-03,7.275743846213190702e-01
-2.348972338139810809e-03,7.277228535791843145e-01
-2.482976423889089214e-03,7.278713221112116383e-01
-2.616980984822584247e-03,7.280197902143481503e-01
-2.750986024350202380e-03,7.281682578855127597e-01
-2.884991545911977893e-03,7.283167251215985072e-01
-3.018997552978503092e-03,7.284651919194692349e-01
-3.153004049050938708e-03,7.286136582759622504e-01
-3.287011037661615419e-03,7.287621241878858847e-01
-3.421018522374263265e-03,7.289105896520212680e-01
-3.555026506784110529e-03,7.290590546651194437e-01
-3.689034994518452723e-03,7.292075192239039216e-01
-3.823043989236637845e-03,7.293559833250680136e-01
-3.957053494630798432e-03,7.295044469652763874e-01
-4.091063514425730997e-03,7.296529101411631801e-01
-4.225074052379511856e-03,7.298013728493334407e-01
-4.359085112283657588e-03,7.299498350863611318e-01
-4.493096697963408666e-03,7.300982968487900182e-01
-4.627108813278166602e-03,7.302467581331327784e-01
-4.761121462121828754e-03,7.303952189358713376e-01
-4.895134648423011235e-03,7.305436792534556467e-01
-5.029148376145597087e-03,7.306921390823043483e-01
-5.163162649288576683e-03,7.308405984188038884e-01
-5.297177471886927239e-03,7.309890572593077396e-01
-5.431192848011734235e-03,7.311375156001376219e-01
-5.565208781770508879e-03,7.312859734375817267e-01
-5.699225277307697242e-03,7.314344307678953827e-01
-5.833242338804623013e-03,7.315828875872996129e-01
-5.967259970480312363e-03,7.317313438919816893e-01
-6.101278176591613638e-03,7.318797996780948001e-01
-6.235296961433690888e-03,7.320282549417582718e-01
-6.369316329340241577e-03,7.321767096790546825e-01
-6.503336284683836586e-03,7.323251638860327484e-01
-6.637356831876521299e-03,7.324736175587053255e-01
-6.771377975369993404e-03,7.326220706930494098e-01
-6.905399719656085157e-03,7.327705232850051376e-01
-7.039422069267164961e-03,7.329189753304762300e-01
-7.173445028776128697e-03,7.330674268253299930e-01
-7.307468602797568928e-03,7.332158777653955406e-01
-7.441492795987379380e-03,7.333643281464647945e-01
-7.575517613043760215e-03,7.335127779642915957e-01
-7.709543058707325584e-03,7.336612272145913716e-01
-7.843569137761376847e-03,7.338096758930401364e-01
-7.977595855032567837e-03,7.339581239952756020e-01
-8.111623215391359359e-03,7.341065715168954009e-01
-8.245651223752108530e-03,7.342550184534576418e-01
-8.379679885073916187e-03,7.344034648004792443e-01
-8.513709204360626892e-03,7.345519105534374926e-01
-8.647739186661645983e-03,7.347003557077680380e-01
-8.781769837072061005e-03,7.348488002588648982e-01
-8.915801160733261010e-03,7.349972442020804575e-01
-9.049833162833566258e-03,7.351456875327249119e-01
-9.183865848608046070e-03,7.352941302460651585e-01
-9.317899223339542319e-03,7.354425723373257950e-01
-9.451933292359195049e-03,7.355910138016875655e-01
-9.585968061046355737e-03,7.357394546342868047e-01
-9.720003534829605579e-03,7.358878948302161049e-01
-9.854039719186693039e-03,7.360363343845227613e-01
-9.988076619645588558e-03,7.361847732922089937e-01
-1.012211424178459558e-02,7.363332115482317253e-01
-1.025615259123295077e-02,7.364816491475014715e-01
-1.039019167367133747e-02,7.366300860848817855e-01
-1.052423149483209044e-02,7.367785223551897023e-01
-1.065827206050015512e-02,7.369269579531948500e-01
-1.079231337651334090e-02,7.370753928736185623e-01
-1.092635544876285024e-02,7.372238271111339891e-01
-1.106039828319391703e-02,7.373722606603653196e-01
-1.119444188580592629e-02,7.375206935158876709e-01
-1.132848626265346714e-02,7.376691256722260892e-01
-1.146253141984661383e-02,7.378175571238554387e-01
-1.159657736355146698e-02,7.379659878651995131e-01
-1.173062409999072256e-02,7.381144178906314801e-01
-1.186467163544404485e-02,7.382628471944722159e-01
-1.199871997624885750e-02,7.384112757709901942e-01
-1.213276912880093331e-02,7.385597036144015970e-01
-1.226681909955463362e-02,7.387081307188692048e-01
-1.240086989502400643e-02,7.388565570785015080e-01
-1.253492152178250704e-02,7.390049826873533734e-01
-1.266897398646450387e-02,7.391534075394246006e-01
-1.280302729576554728e-02,7.393018316286591451e-01
-1.293708145644247368e-02,7.394502549489455623e-01
-1.307113647531491993e-02,7.395986774941160080e-01
-1.320519235926481162e-02,7.397470992579446847e-01
-1.333924911523801451e-02,7.398955202341496173e-01
-1.347330675024436403e-02,7.400439404163896562e-01
-1.360736527135835046e-02,7.401923597982652536e-01
-1.374142468572008696e-02,7.403407783733176872e-01
-1.387548500053535812e-02,7.404891961350285046e-01
-1.400954622307671281e-02,7.406376130768187460e-01
-1.414360836068403494e-02,7.407860291920480567e-01
-1.427767142076498408e-02,7.409344444740149083e-01
-1.441173541079604145e-02,7.410828589159558222e-01
-1.454580033832256376e-02,7.412312725110435929e-01
-1.467986621096011891e-02,7.413796852523885095e-01
-1.481393303639482253e-02,7.415280971330364679e-01
-1.494800082238398505e-02,7.416765081459684161e-01
-1.508206957675706922e-02,7.418249182841006872e-01
-1.521613930741595386e-02,7.419733275402832229e-01
-1.535021002233595035e-02,7.421217359072993514e-01
-1.548428172956655725e-02,7.422701433778654545e-01
-1.561835443723201544e-02,7.424185499446297465e-01
-1.575242815353216155e-02,7.425669556001723848e-01
-1.588650288674289812e-02,7.427153603370039159e-01
-1.602057864521725522e-02,7.428637641475647202e-01
-1.615465543738606180e-02,7.430121670242257892e-01
-1.628873327175849733e-02,7.431605689592855057e-01
-1.642281215692319857e-02,7.433089699449711985e-01
-1.655689210154845728e-02,7.434573699734373653e-01
-1.669097311438387868e-02,7.436057690367651185e-01
-1.682505520426016282e-02,7.437541671269610744e-01
-1.695913838009073873e-02,7.439025642359581303e-01
-1.709322265087209400e-02,7.440509603556126894e-01
-1.722730802568453110e-02,7.441993554777052156e-01
-1.736139451369346845e-02,7.443477495939392341e-01
-1.749548212414963819e-02,7.444961426959404438e-01
-1.762957086639038717e-02,7.446445347752562727e-01
-1.776366074984046806e-02,7.447929258233549898e-01
-1.789775178401236191e-02,7.449413158316239292e-01
-1.803184397850800952e-02,7.450897047913705995e-01
-1.816593734301888766e-02,7.452380926938209083e-01
-1.830003188732727548e-02,7.453864795301170521e-01
-1.843412762130732310e-02,7.455348652913199592e-01
-1.856822455492519036e-02,7.456832499684050708e-01
-1.870232269824072951e-02,7.458316335522633400e-01
-1.883642206140813749e-02,7.459800160337002328e-01
-1.897052265467662202e-02,7.461283974034349509e-01
-1.910462448839175820e-02,7.462767776520988772e-01
-1.923872757299597419e-02,7.464251567702353540e-01
-1.937283191902974475e-02,7.465735347482985729e-01
-1.950693753713267017e-02,7.467219115766530191e-01
-1.964104443804415984e-02,7.468702872455716957e-01
-1.977515263260443482e-02,7.470186617452375666e-01
-1.990926213175582549e-02,7.471670350657386717e-01
-2.004337294654324683e-02,7.473154071970716794e-01
-2.017748508811561051e-02,7.474637781291372240e-01
-2.031159856772674424e-02,7.476121478517419039e-01
-2.044571339673630084e-02,7.477605163545950617e-01
-2.057982958661082676e-02,7.479088836273093399e-01
-2.071394714892479949e-02,7.480572496593992371e-01
-2.084806609536167185e-02,7.482056144402799980e-01
-2.098218643771505507e-02,7.483539779592667252e-01
-2.111630818788953409e-02,7.485023402055733799e-01
-2.125043135790221499e-02,7.486507011683126711e-01
-2.138455595988291574e-02,7.487990608364928358e-01
-2.151868200607625140e-02,7.489474191990197482e-01
-2.165280950884231753e-02,7.490957762446922574e-01
-2.178693848065766520e-02,7.492441319622051843e-01
-2.192106893411672683e-02,7.493924863401449921e-01
-2.205520088193263853e-02,7.495408393669900082e-01
-2.218933433693874926e-02,7.496891910311097584e-01
-2.232346931208943619e-02,7.498375413207629681e-01
-2.245760582046173182e-02,7.499858902240978953e-01
-2.259174387525591035e-02,7.501342377291492225e-01
-2.272588348979709752e-02,7.502825838238386114e-01
-2.286002467753645712e-02,7.504309284959732596e-01
-2.299416745205220061e-02,7.505792717332442354e-01
-2.312831182705119004e-02,7.507276135232260339e-01
-2.326245781636976720e-02,7.508759538533744671e-01
-2.339660543397502346e-02,7.510242927110267752e-01
-2.353075469396658306e-02,7.511726300833995174e-01
-2.366490561057731090e-02,7.513209659575881272e-01
-2.379905819817486681e-02,7.514693003205642485e-01
-2.393321247126297888e-02,7.516176331591769566e-01
-2.406736844448272711e-02,7.517659644601494273e-01
-2.420152613261384797e-02,7.519142942100780491e-01
-2.433568555057625399e-02,7.520626223954328671e-01
-2.446984671343107112e-02,7.522109490025539191e-01
-2.460400963638248104e-02,7.523592740176517912e-01
-2.473817433477829703e-02,7.525075974268051748e-01
-2.487234082411228855e-02,7.526559192159606448e-01
-2.500650912002511800e-02,7.528042393709306612e-01
-2.514067923830572149e-02,7.529525578773924588e-01
-2.527485119489286322e-02,7.531008747208866039e-01
-2.540902500587640875e-02,7.532491898868157731e-01
-2.554320068749909092e-02,7.533975033604434213e-01
-2.567737825615781788e-02,7.535458151268922267e-01
-2.581155772840498103e-02,7.536941251711434253e-01
-2.594573912095048465e-02,7.538424334780345903e-01
-2.607992245066244677e-02,7.539907400322581887e-01
-2.621410773456956875e-02,7.541390448183611372e-01
-2.634829498986205817e-02,7.542873478207422488e-01
-2.648248423389368625e-02,7.544356490236517887e-01
-2.661667548418288065e-02,7.545839484111892537e-01
-2.675086875841463721e-02,7.547322459673022621e-01
-2.688506407444202218e-02,7.548805416757851106e-01
-2.701926145028788612e-02,7.550288355202767754e-01
-2.715346090414626906e-02,7.551771274842604686e-01
-2.728766245438429827e-02,7.553254175510610846e-01
-2.742186611954360725e-02,7.554737057038438675e-01
-2.755607191834225783e-02,7.556219919256135231e-01
-2.769027986967647487e-02,7.557702761992115548e-01
-2.782448999262197506e-02,7.559185585073163738e-01
-2.795870230643615617e-02,7.560668388324388589e-01
-2.809291683055925234e-02,7.562151171569240216e-01
-2.822713358461679048e-02,7.563633934629476752e-01
-2.836135258842101270e-02,7.565116677325141037e-01
-2.849557386197257638e-02,7.566599399474560617e-01
-2.862979742546272605e-02,7.568082100894321096e-01
-2.876402329927443824e-02,7.569564781399252817e-01
-2.889825150398503059e-02,7.571047440802408657e-01
-2.903248206036771611e-02,7.572530078915052920e-01
-2.916671498939321650e-02,7.574012695546642471e-01
-2.930095031223216642e-02,7.575495290504805634e-01
-2.943518805025655341e-02,7.576977863595328877e-01
-2.956942822504185150e-02,7.578460414622135710e-01
-2.970367085836922785e-02,7.579942943387271148e-01
-2.983791597222699293e-02,7.581425449690882834e-01
-2.997216358881293202e-02,7.582907933331203276e-01
-3.010641373053617523e-02,7.584390394104523203e-01
-3.024066642001923752e-02,7.585872831805190453e-01
-3.037492168010028429e-02,7.587355246225571115e-01
-3.050917953383470646e-02,7.588837637156046201e-01
-3.064344000449768790e-02,7.590320004384982777e-01
-3.077770311558590891e-02,7.591802347698713982e-01
-3.091196889082009625e-02,7.593284666881531253e-01
-3.104623735414657401e-02,7.594766961715654352e-01
-3.118050852973997672e-02,7.596249231981205829e-01
-3.131478244200529282e-02,7.597731477456205473e-01
-3.144905911557954736e-02,7.599213697916538113e-01
-3.158333857533474759e-02,7.600695893135943626e-01
-3.171762084637976681e-02,7.602178062885984744e-01
-3.185190595406255792e-02,7.603660206936031507e-01
-3.198619392397252653e-02,7.605142325053246832e-01
-3.212048478194264728e-02,7.606624417002546545e-01
-3.225477855405218391e-02,7.608106482546600491e-01
-3.238907526662852115e-02,7.609588521445790343e-01
-3.252337494625003045e-02,7.611070533458211829e-01
-3.265767761974793654e-02,7.612552518339616991e-01
-3.279198331420891260e-02,7.614034475843434180e-01
-3.292629205697782807e-02,7.615516405720708093e-01
-3.306060387565979558e-02,7.616998307720096451e-01
-3.319491879812277307e-02,7.618480181587851119e-01
-3.332923685250001322e-02,7.619962027067780364e-01
-3.346355806719248510e-02,7.621443843901229975e-01
-3.359788247087171220e-02,7.622925631827066617e-01
-3.373221009248193736e-02,7.624407390581648958e-01
-3.386654096124309954e-02,7.625889119898798807e-01
-3.400087510665317919e-02,7.627370819509786681e-01
-3.413521255849061298e-02,7.628852489143299609e-01
-3.426955334681761056e-02,7.630334128525422255e-01
-3.440389750198219465e-02,7.631815737379604725e-01
-3.453824505462107369e-02,7.633297315426640361e-01
-3.467259603566266030e-02,7.634778862384647979e-01
-3.480695047632913208e-02,7.636260377969030788e-01
-3.494130840814000521e-02,7.637741861892465289e-01
-3.507566986291426464e-02,7.639223313864862419e-01
-3.521003487277366006e-02,7.640704733593355336e-01
-3.534440347014544681e-02,7.642186120782257230e-01
-3.547877568776464791e-02,7.643667475133050226e-01
-3.561315155867798843e-02,7.645148796344339859e-01
-3.574753111624594248e-02,7.646630084111841752e-01
-3.588191439414621653e-02,7.648111338128357195e-01
-3.601630142637646248e-02,7.649592558083728733e-01
-3.615069224725705327e-02,7.651073743664822402e-01
-3.628508689143456617e-02,7.652554894555502196e-01
-3.641948539388472489e-02,7.654036010436596760e-01
-3.655388778991525839e-02,7.655517090985868300e-01
-3.668829411516903033e-02,7.656998135877985945e-01
-3.682270440562730729e-02,7.658479144784495762e-01
-3.695711869761293678e-02,7.659960117373798560e-01
-3.709153702779329626e-02,7.661441053311104366e-01
-3.722595943318369321e-02,7.662921952258413549e-01
-3.736038595115057093e-02,7.664402813874484632e-01
-3.749481661941488075e-02,7.665883637814802087e-01
-3.762925147605486464e-02,7.667364423731539702e-01
-3.776369055951015602e-02,7.668845171273541705e-01
-3.789813390858446512e-02,7.670325880086282799e-01
-3.803258156244949950e-02,7.671806549811833742e-01
-3.816703356064787139e-02,7.673287180088840254e-01
-3.830148994309658800e-02,7.674767770552470836e-01
-3.843595075009106216e-02,7.676248320834404559e-01
-3.857041602230799199e-02,7.677728830562789986e-01
-3.870488580080921198e-02,7.679209299362208530e-01
-3.883936012704507917e-02,7.680689726853641153e-01
-3.897383904285804668e-02,7.682170112654439498e-01
-3.910832259048650783e-02,7.683650456378285920e-01
-3.924281081256816850e-02,7.685130757635166843e-01
-3.937730375214400919e-02,7.686611016031327237e-01
-3.951180145266172672e-02,7.688091231169239537e-01
-3.964630395797938411e-02,7.689571402647568110e-01
-3.978081131236956697e-02,7.691051530061142616e-01
-3.991532356052306801e-02,7.692531613000900270e-01
-4.004984074755242596e-02,7.694011651053872525e-01
-4.018436291899613044e-02,7.695491643803132886e-01
-4.031889012082215396e-02,7.696971590827764720e-01
-4.045342239943243434e-02,7.698451491702825722e-01
-4.058795980166621242e-02,7.699931345999304622e-01
-4.072250237480450064e-02,7.701411153284090094e-01
-4.085705016657396188e-02,7.702890913119926353e-01
-4.099160322515053162e-02,7.704370625065367628e-01
-4.112616159916453185e-02,7.705850288674762627e-01
-4.126072533770377276e-02,7.707329903498191248e-01
-4.139529449031818104e-02,7.708809469081433496e-01
-4.152986910702417822e-02,7.710288984965927295e-01
-4.166444923830814329e-02,7.711768450688731846e-01
-4.179903493513174861e-02,7.713247865782485446e-01
-4.193362624893542945e-02,7.714727229775354411e-01
-4.206822323164309541e-02,7.716206542191013096e-01
-4.220282593566638402e-02,7.717685802548576168e-01
-4.233743441390891427e-02,7.719165010362568635e-01
-4.247204871977112994e-02,7.720644165142892534e-01
-4.260666890715450461e-02,7.722123266394763652e-01
-4.274129503046596168e-02,7.723602313618685988e-01
-4.287592714462276633e-02,7.725081306310391804e-01
-4.301056530505654313e-02,7.726560243960803875e-01
-4.314520956771855653e-02,7.728039126056003294e-01
-4.327985998908388116e-02,7.729517952077166187e-01
-4.341451662615639778e-02,7.730996721500517088e-01
-4.354917953647337997e-02,7.732475433797313391e-01
-4.368384877811018474e-02,7.733954088433746543e-01
-4.381852440968514451e-02,7.735432684870946485e-01
-4.395320649036457000e-02,7.736911222564908375e-01
-4.408789507986742018e-02,7.738389700966447071e-01
-4.422259023847033982e-02,7.739868119521153833e-01
-4.435729202701244739e-02,7.741346477669346360e-01
-4.449200050690053226e-02,7.742824774846019942e-01
-4.462671574011396053e-02,7.744303010480793059e-01
-4.476143778921005956e-02,7.745781183997869634e-01
-4.489616671732872544e-02,7.747259294815981301e-01
-4.503090258819780756e-02,7.748737342348330781e-01
-4.516564546613854175e-02,7.750215326002556360e-01
-4.530039541607045611e-02,7.751693245180663050e-01
-4.543515250351687351e-02,7.753171099278989287e-01
-4.556991679461008804e-02,7.754648887688142533e-01
-4.570468835609659691e-02,7.756126609792939330e-01
-4.583946725534283895e-02,7.757604264972373098e-01
-4.597425356034051669e-02,7.759081852599544193e-01
-4.610904733971188385e-02,7.760559372041616610e-01
-4.624384866271542133e-02,7.762036822659746926e-01
-4.637865759925149239e-02,7.763514203809052105e-01
-4.651347421986765096e-02,7.764991514838536224e-01
-4.664829859576471310e-02,7.766468755091037179e-01
-4.678313079880208614e-02,7.767945923903183392e-01
-4.691797090150366667e-02,7.769423020605318309e-01
-4.705281897706351663e-02,7.770900044521455996e-01
-4.718767509935171273e-02,7.772376994969217856e-01
-4.732253934292041803e-02,7.773853871259773785e-01
-4.745741178300946078e-02,7.775330672697791101e-01
-4.759229249555269048e-02,7.776807398581366826e-01
-4.772718155718320976e-02,7.778284048201965506e-01
-4.786207904524030637e-02,7.779760620844371477e-01
-4.799698503777506675e-02,7.781237115786616698e-01
-4.813189961355648222e-02,7.782713532299919690e-01
-4.826682285207794382e-02,7.784189869648638904e-01
-4.840175483356284891e-02,7.785666127090183908e-01
-4.853669563897152622e-02,7.787142303874974303e-01
-4.867164535000709225e-02,7.788618399246374224e-01
-4.880660404912199463e-02,7.790094412440614624e-01
-4.894157181952453473e-02,7.791570342686747752e-01
-4.907654874518478649e-02,7.793046189206561669e-01
-4.921153491084177822e-02,7.794521951214530286e-01
-4.934653040200934204e-02,7.795997627917747863e-01
-4.948153530498330954e-02,7.797473218515844628e-01
-4.961654970684783311e-02,7.798948722200942374e-01
-4.975157369548169339e-02,7.800424138157573406e-01
-4.988660735956588349e-02,7.801899465562612823e-01
-5.002165078858956254e-02,7.803374703585214123e-01
-5.015670407285735544e-02,7.804849851386738147e-01
-5.029176730349604885e-02,7.806324908120684247e-01
-5.042684057246123869e-02,7.807799872932613683e-01
-5.056192397254485188e-02,7.809274744960089665e-01
-5.069701759738147462e-02,7.810749523332589650e-01
-5.083212154145609618e-02,7.812224207171453161e-01
-5.096723590011072863e-02,7.813698795589796298e-01
-5.110236076955142898e-02,7.815173287692430693e-01
-5.123749624685607768e-02,7.816647682575812439e-01
-5.137264242998101915e-02,7.818121979327945503e-01
-5.150779941776870846e-02,7.819596177028322881e-01
-5.164296730995505957e-02,7.821070274747835560e-01
-5.177814620717635652e-02,7.822544271548705908e-01
-5.191333621097736495e-02,7.824018166484413284e-01
-5.204853742381820858e-02,7.825491958599603004e-01
-5.218374994908247383e-02,7.826965646930023057e-01
-5.231897389108434299e-02,7.828439230502439727e-01
-5.245420935507609517e-02,7.829912708334549887e-01
-5.258945644725648849e-02,7.831386079434914382e-01
-5.272471527477783776e-02,7.832859342802868108e-01
-5.285998594575397336e-02,7.834332497428437847e-01
-5.299526856926822099e-02,7.835805542292273440e-01
-5.313056325538093733e-02,7.837278476365543423e-01
-5.326587011513776032e-02,7.838751298609867302e-01
-5.340118926057756121e-02,7.840224007977232290e-01
-5.353652080474023689e-02,7.841696603409894495e-01
-5.367186486167509901e-02,7.843169083840312306e-01
-5.380722154644840965e-02,7.844641448191037592e-01
-5.394259097515247819e-02,7.846113695374655750e-01
-5.407797326491305817e-02,7.847585824293676904e-01
-5.421336853389800703e-02,7.849057833840452636e-01
-5.434877690132566830e-02,7.850529722897096052e-01
-5.448419848747278194e-02,7.852001490335381861e-01
-5.461963341368360897e-02,7.853473135016658668e-01
-5.475508180237780714e-02,7.854944655791765706e-01
-5.489054377705925719e-02,7.856416051500925146e-01
-5.502601946232459768e-02,7.857887320973666601e-01
-5.516150898387179452e-02,7.859358463028726094e-01
-5.529701246850888402e-02,7.860829476473950583e-01
-5.543253004416246604e-02,7.862300360106205810e-01
-5.556806183988695358e-02,7.863771112711279709e-01
-5.570360798587292023e-02,7.865241733063794705e-01
-5.583916861345632199e-02,7.866712219927094463e-01
-5.597474385512703904e-02,7.868182572053158408e-01
-5.611033384453839590e-02,7.869652788182502912e-01
-5.624593871651557137e-02,7.871122867044082483e-01
-5.638155860706524358e-02,7.872592807355182076e-01
-5.651719365338463141e-02,7.874062607821326054e-01
-5.665284399386977948e-02,7.875532267136163833e-01
-5.678850976812630652e-02,7.877001783981389949e-01
-5.692419111697741979e-02,7.878471157026625260e-01
-5.705988818247401811e-02,7.879940384929304820e-01
-5.719560110790353896e-02,7.881409466334597935e-01
-5.733133003779963127e-02,7.882878399875281605e-01
-5.746707511795169643e-02,7.884347184171643930e-01
-5.760283649541438761e-02,7.885815817831385299e-01
-5.773861431851693565e-02,7.887284299449484060e-01
-5.787440873687327292e-02,7.888752627608118795e-01
-5.801021990139101220e-02,7.890220800876539542e-01
-5.814604796428188282e-02,7.891688817810966761e-01
-5.828189307907100797e-02,7.893156676954471429e-01
-5.841775540060698685e-02,7.894624376836877344e-01
-5.855363508507177572e-02,7.896091915974635667e-01
-5.868953228999013172e-02,7.897559292870718339e-01
-5.882544717424030567e-02,7.899026506014494853e-01
-5.896137989806374963e-02,7.900493553881633435e-01
-5.909733062307482437e-02,7.901960434933968935e-01
-5.923329951227163104e-02,7.903427147619396242e-01
-5.936928673004508022e-02,7.904893690371740389e-01
-5.950529244219048691e-02,7.906360061610661072e-01
-5.964131681591689632e-02,7.907826259741502772e-01
-5.977736001985728409e-02,7.909292283155204828e-01
-5.991342222407965851e-02,7.910758130228149332e-01
-6.004950360009654597e-02,7.912223799322070095e-01
-6.018560432087621120e-02,7.913689288783902764e-01
-6.032172456085267004e-02,7.915154596945680465e-01
-6.045786449593653494e-02,7.916619722124396130e-01
-6.059402430352512497e-02,7.918084662621882597e-01
-6.073020416251338066e-02,7.919549416724686042e-01
-6.086640425330477194e-02,7.921013982703941636e-01
-6.100262475782143590e-02,7.922478358815230326e-01
-6.113886585951547326e-02,7.923942543298466701e-01
-6.127512774337932899e-02,7.925406534377762435e-01
-6.141141059595679741e-02,7.926870330261288622e-01
-6.154771460535388150e-02,7.928333929141155867e-01
-6.168403996124978417e-02,7.929797329193266631e-01
-6.182038685490767738e-02,7.931260528577193103e-01
-6.195675547918616521e-02,7.932723525436036205e-01
-6.209314602854931753e-02,7.934186317896287921e-01
-6.222955869907918769e-02,7.935648904067701404e-01
-6.236599368848552705e-02,7.937111282043144422e-01
-6.250245119611808065e-02,7.938573449898468359e-01
-6.263893142297710659e-02,7.940035405692357218e-01
-6.277543457172453378e-02,7.941497147466201056e-01
-6.291196084669589683e-02,7.942958673243936119e-01
-6.304851045391099418e-02,7.944419981031918265e-01
-6.318508360108572586e-02,7.945881068818771986e-01
-6.332168049764305695e-02,7.947341934575242739e-01
-6.345830135472471656e-02,7.948802576254052621e-01
-6.359494638520257759e-02,7.950262991789758260e-01
-6.373161580369002266e-02,7.951723179098594274e-01
-6.386830982655390676e-02,7.953183136078328941e-01
-6.400502867192554846e-02,7.954642860608115429e-01
-6.414177255971237335e-02,7.956102350548329705e-01
-6.427854171161022367e-02,7.957561603740437306e-01
-6.441533635111416911e-02,7.959020618006820147e-01
-6.455215670353063595e-02,7.960479391150638850e-01
-6.468900299598917547e-02,7.961937920955655112e-01
-6.482587545745380209e-02,7.963396205186105137e-01
-6.496277431873503927e-02,7.964854241586510897e-01
-6.509969981250202098e-02,7.966312027881550240e-01
-6.523665217329363553e-02,7.967769561775867038e-01
-6.537363163753107109e-02,7.969226840953936852e-01
-6.551063844352875143e-02,7.970683863079884857e-01
-6.564767283150757526e-02,7.972140625797338176e-01
-6.578473504360560220e-02,7.973597126729253803e-01
-6.592182532389076477e-02,7.975053363477743185e-01
-6.605894391837244251e-02,7.976509333623933440e-01
-6.619609107501350787e-02,7.977965034727764193e-01
-6.633326704374242766e-02,7.979420464327845464e-01
-6.647047207646547551e-02,7.980875619941278920e-01
-6.660770642707833367e-02,7.982330499063482465e-01
-6.674497035147845814e-02,7.983785099168024812e-01
-6.688226410757704132e-02,7.985239417706444520e-01
-6.701958795531121060e-02,7.986693452108082347e-01
-6.715694215665582445e-02,7.988147199779903618e-01
-6.729432697563615673e-02,7.989600658106313924e-01
-6.743174267833976221e-02,7.991053824448990373e-01
-6.756918953292795349e-02,7.992506696146701728e-01
-6.770666780964901266e-02,7.993959270515119675e-01
-6.784417778084984862e-02,7.995411544846640073e-01
-6.798171972098807081e-02,7.996863516410203099e-01
-6.811929390664449302e-02,7.998315182451115612e-01
-6.825690061653481855e-02,7.999766540190841324e-01
-6.839454013152204692e-02,8.001217586826845363e-01
-6.853221273462907492e-02,8.002668319532378893e-01
-6.866991871105011802e-02,8.004118735456309253e-01
-6.880765834816357507e-02,8.005568831722921219e-01
-6.894543193554349136e-02,8.007018605431724945e-01
-6.908323976497268704e-02,8.008468053657261665e-01
-6.922108213045381764e-02,8.009917173448918293e-01
-6.935895932822255805e-02,8.011365961830720916e-01
-6.949687165675919043e-02,8.012814415801144952e-01
-6.963481941680048359e-02,8.014262532332911970e-01
-6.977280291135259938e-02,8.015710308372799853e-01
-6.991082244570279158e-02,8.017157740841431846e-01
-7.004887832743156295e-02,8.018604826633077831e-01
-7.018697086642460004e-02,8.020051562615454488e-01
-7.032510037488506893e-02,8.021497945629514348e-01
-7.046326716734553630e-02,8.022943972489250397e-01
-7.060147156068027896e-02,8.024389639981474032e-01
-7.073971387411689959e-02,8.025834944865626319e-01
-7.087799442924885840e-02,8.027279883873543742e-01
-7.101631355004658919e-02,8.028724453709271680e-01
-7.115467156287060002e-02,8.030168651048837924e-01
-7.129306879648215911e-02,8.031612472540037295e-01
-7.143150558205639544e-02,8.033055914802226249e-01
-7.156998225319323448e-02,8.034498974426098616e-01
-7.170849914592929142e-02,8.035941647973472435e-01
-7.184705659875056938e-02,8.037383931977065687e-01
-7.198565495260277058e-02,8.038825822940283139e-01
-7.212429455090442476e-02,8.040267317336984298e-01
-7.226297573955782483e-02,8.041708411611272478e-01
-7.240169886696026791e-02,8.043149102177256093e-01
-7.254046428401651758e-02,8.044589385418841054e-01
-7.267927234414990612e-02,8.046029257689478742e-01
-7.281812340331389466e-02,8.047468715311963949e-01
-7.295701782000317548e-02,8.048907754578183971e-01
-7.309595595526549583e-02,8.050346371748896557e-01
-7.323493817271292672e-02,8.051784563053491217e-01
-7.337396483853264595e-02,8.053222324689764955e-01
-7.351303632149899792e-02,8.054659652823672467e-01
-7.365215299298388807e-02,8.056096543589104098e-01
-7.379131522696796841e-02,8.057532993087630491e-01
-7.393052340005194789e-02,8.058968997388277211e-01
-7.406977789146740321e-02,8.060404552527273836e-01
-7.420907908308768675e-02,8.061839654507816366e-01
-7.434842735943839043e-02,8.063274299299812986e-01
-7.448782310770868387e-02,8.064708482839656467e-01
-7.462726671776118148e-02,8.066142201029956604e-01
-7.476675858214323900e-02,8.067575449739301519e-01
-7.490629909609708426e-02,8.069008224802010076e-01
-7.504588865756989247e-02,8.070440522017867657e-01
-7.518552766722497172e-02,8.071872337151895227e-01
-7.532521652845068638e-02,8.073303665934058460e-01
-7.546495564737189243e-02,8.074734504059052353e-01
-7.560474543285887472e-02,8.076164847186017015e-01
-7.574458629653800512e-02,8.077594690938285638e-01
-7.588447865280141535e-02,8.079024030903121378e-01
-7.602442291881603142e-02,8.080452862631460897e-01
-7.616441951453413461e-02,8.081881181637644573e-01
-7.630446886270210449e-02,8.083308983399152270e-01
-7.644457138887041092e-02,8.084736263356340213e-01
-7.658472752140213502e-02,8.086163016912171209e-01
-7.672493769148271137e-02,8.087589239431938193e-01
-7.686520233312874040e-02,8.089014926243004444e-01
-7.700552188319666203e-02,8.090440072634517144e-01
-7.714589678139183171e-02,8.091864673857144252e-01
-7.728632747027718020e-02,8.093288725122799177e-01
-7.742681439528104059e-02,8.094712221604348779e-01
-7.756735800470622444e-02,8.096135158435346924e-01
-7.770795874973815409e-02,8.097557530709758034e-01
-7.784861708445241224e-02,8.098979333481656218e-01
-7.798933346582308246e-02,8.100400561764961038e-01
-7.813010835373024321e-02,8.101821210533139972e-01
-7.827094221096787818e-02,8.103241274718926412e-01
-7.841183550325112050e-02,8.104660749214033233e-01
-7.855278869922353857e-02,8.106079628868855247e-01
-7.869380227046407494e-02,8.107497908492188321e-01
-7.883487669149441546e-02,8.108915582850925174e-01
-7.897601243978540075e-02,8.110332646669767831e-01
-7.911720999576361824e-02,8.111749094630931189e-01
-7.925846984281807728e-02,8.113164921373841043e-01
-7.939979246730637097e-02,8.114580121494837650e-01
-7.954117835856019947e-02,8.115994689546874863e-01
-7.968262800889222564e-02,8.117408620039218148e-01
-7.982414191360051592e-02,8.118821907437135943e-01
-7.996572057097507680e-02,8.120234546161604339e-01
-8.010736448230267037e-02,8.121646530588982893e-01
-8.024907415187119974e-02,8.123057855050724863e-01
-8.039085008697607893e-02,8.124468513833048577e-01
-8.053269279792313329e-02,8.125878501176646562e-01
-8.067460279803444212e-02,8.127287811276349139e-01
-8.081658060365146112e-02,8.128696438280825776e-01
-8.095862673413944943e-02,8.130104376292262014e-01
-8.110074171189105008e-02,8.131511619366035282e-01
-8.124292606233003700e-02,8.132918161510411803e-01
-8.138518031391439589e-02,8.134323996686211311e-01
-8.152750499813893326e-02,8.135729118806485083e-01
-8.166990064953845441e-02,8.137133521736189534e-01
-8.181236780569040024e-02,8.138537199291879798e-01
-8.195490700721670685e-02,8.139940145241343350e-01
-8.209751879778576233e-02,8.141342353303316903e-01
-8.224020372411457169e-02,8.142743817147117813e-01
-8.238296233596961726e-02,8.144144530392327663e-01
-8.252579518616828813e-02,8.145544486608464751e-01
-8.266870283058005975e-02,8.146943679314631037e-01
-8.281168582812659107e-02,8.148342101979185736e-01
-8.295474474078215477e-02,8.149739748019413366e-01
-8.309788013357383152e-02,8.151136610801164029e-01
-8.324109257458119082e-02,8.152532683638528122e-01
-8.338438263493547220e-02,8.153927959793492164e-01
-8.352775088881909948e-02,8.155322432475577976e-01
-8.367119791346409874e-02,8.156716094841521825e-01
-8.381472428915055783e-02,8.158108939994895836e-01
-8.395833059920509989e-02,8.159500960985790474e-01
-8.410201742999845465e-02,8.160892150810441503e-01
-8.424578537094293273e-02,8.162282502410879159e-01
-8.438963501448983051e-02,8.163672008674588421e-01
-8.453356695612589122e-02,8.165060662434135974e-01
-8.467758179437009924e-02,8.166448456466823824e-01
-8.482168013076932245e-02,8.167835383494327361e-01
-8.496586256989475949e-02,8.169221436182341201e-01
-8.511012971933672178e-02,8.170606607140202815e-01
-8.525448218969948477e-02,8.171990888920545038e-01
-8.539892059459675000e-02,8.173374274018930796e-01
-8.554344555064530287e-02,8.174756754873471198e-01
-8.568805767745879542e-02,8.176138323864470259e-01
-8.583275759764183444e-02,8.177518973314068518e-01
-8.597754593678226531e-02,8.178898695485847803e-01
-8.612242332344451079e-02,8.180277482584469295e-01
-8.626739038916145241e-02,8.181655326755310487e-01
-8.641244776842638142e-02,8.183032220084079933e-01
-8.655759609868493576e-02,8.184408154596439777e-01
-8.670283602032498316e-02,8.185783122257642708e-01
-8.684816817666837774e-02,8.187157114972132277e-01
-8.699359321396032962e-02,8.188530124583185410e-01
-8.713911178135975988e-02,8.189902142872512725e-01
-8.728472453092818439e-02,8.191273161559889937e-01
-8.743043211761809819e-02,8.192643172302762622e-01
-8.757623519926238664e-02,8.194012166695865407e-01
-8.772213443656107223e-02,8.195380136270847826e-01
-8.786813049306982371e-02,8.196747072495861319e-01
-8.801422403518613380e-02,8.198112966775195076e-01
-8.816041573213573290e-02,8.199477810448865256e-01
-8.830670625595909984e-02,8.200841594792244171e-01
-8.845309628149648773e-02,8.202204311015651728e-01
-8.859958648637310252e-02,8.203565950263967954e-01
-8.874617755098369865e-02,8.204926503616235545e-01
-8.889287015847611995e-02,8.206285962085269059e-01
-8.903966499473479901e-02,8.207644316617255242e-01
-8.918656274836433973e-02,8.209001558091350015e-01
-8.933356411067105984e-02,8.210357677319284342e-01
-8.948066977564517188e-02,8.211712665044968995e-01
-8.962788043994186771e-02,8.213066511944079329e-01
-8.977519680286266679e-02,8.214419208623661151e-01
-8.992261956633490483e-02,8.215770745621727711e-01
-9.007014943489159708e-02,8.217121113406855581e-01
-9.021778711565078823e-02,8.218470302377782755e-01
-9.036553331829320912e-02,8.219818302862981207e-01
-9.051338875504143233e-02,8.221165105120282757e-01
-9.066135414063589137e-02,8.222510699336450513e-01
-9.080943019231242641e-02,8.223855075626761435e-01
-9.095761762977841447e-02,8.225198224034627748e-01
-9.110591717518734534e-02,8.226540134531152848e-01
-9.125432955311477135e-02,8.227880797014741621e-01
-9.140285549053218939e-02,8.229220201310685212e-01
-9.155149571678054821e-02,8.230558337170731376e-01
-9.170025096354336713e-02,8.231895194272697003e-01
-9.184912196481896662e-02,8.233230762220037358e-01
-9.199810945689237962e-02,8.234565030541434183e-01
-9.214721417830643024e-02,8.235897988690383809e-01
-9.229643686983193818e-02,8.237229626044783037e-01
-9.244577827443752061e-02,8.238559931906495049e-01
-9.259523913725868638e-02,8.239888895500968591e-01
-9.274482020556629180e-02,8.241216505976779461e-01
-9.289452222873402498e-02,8.242542752405245254e-01
-9.304434595820572362e-02,8.243867623779990161e-01
-9.319429214746130508e-02,8.245191109016529740e-01
-9.334436155198265472e-02,8.246513196951861246e-01
-9.349455492921815436e-02,8.247833876344027315e-01
-9.364487303854734934e-02,8.249153135871714060e-01
-9.379531664124390877e-02,8.250470964133828078e-01
-9.394588650043875222e-02,8.251787349649065684e-01
-9.409658338108166376e-02,8.253102280855509898e-01
-9.424740804990233700e-02,8.254415746110196350e-01
-9.439836127537140631e-02,8.255727733688705827e-01
-9.454944382765992361e-02,8.257038231784737947e-01
-9.470065647859790547e-02,8.258347228509699267e-01
-9.485200000163325484e-02,8.259654711892271406e-01
-9.500347517178794887e-02,8.260960669878002482e-01
-9.515508276561610024e-02,8.262265090328888562e-01
-9.530682356115875720e-02,8.263567961022952879e-01
-9.545869833789900893e-02,8.264869269653821737e-01
-9.561070787671681337e-02,8.266169003830317052e-01
-9.576285295984125756e-02,8.267467151076041132e-01
-9.591513437080421978e-02,8.268763698828943687e-01
-9.606755289439161682e-02,8.270058634440924372e-01
-9.622010931659434607e-02,8.271351945177404241e-01
-9.637280442455828378e-02,8.272643618216924954e-01
-9.652563900653346463e-02,8.273933640650714683e-01
-9.667861385182287270e-02,8.275221999482298418e-01
-9.683172975072958100e-02,8.276508681627068320e-01
-9.698498749450333578e-02,8.277793673911880701e-01
-9.713838787528657204e-02,8.279076963074641915e-01
-9.729193168605930475e-02,8.280358535763899797e-01
-9.744561972058292387e-02,8.281638378538445089e-01
-9.759945277334354519e-02,8.282916477866885119e-01
-9.775343163949436198e-02,8.284192820127255219e-01
-9.790755711479671997e-02,8.285467391606611276e-01
-9.806182999556040114e-02,8.286740178500621168e-01
-9.821625107858356074e-02,8.288011166913163974e-01
-9.837082116109144292e-02,8.289280342855942507e-01
-9.852554104067322294e-02,8.290547692248063649e-01
-9.868041151521976528e-02,8.291813200915665316e-01
-9.883543338285871727e-02,8.293076854591500124e-01
-9.899060744188968586e-02,8.294338638914562356e-01
-9.914593449071802678e-02,8.295598539429681617e-01
-9.930141532778802294e-02,8.296856541587140921e-01
-9.945705075151500818e-02,8.298112630742290330e-01
-9.961284156021547875e-02,8.299366792155162820e-01
-9.976878855203845375e-02,8.300619010990090141e-01
-9.992489252489375473e-02,8.301869272315317572e-01
-1.000811542763804241e-01,8.303117561102638655e-01
-1.002375746037139498e-01,8.304363862227013282e-01
-1.003941543036517281e-01,8.305608160466191325e-01
-1.005508941724192890e-01,8.306850440500351818e-01
-1.007077950056336491e-01,8.308090686911728806e-01
-1.008648575982269285e-01,8.309328884184253861e-01
-1.010220827443680386e-01,8.310565016703189700e-01
-1.011794712373841193e-01,8.311799068754772701e-01
-1.013370238696806175e-01,8.313031024525859847e-01
-1.014947414326603098e-01,8.314260868103586777e-01
-1.016526247166413821e-01,8.315488583474994755e-01
-1.018106745107744543e-01,8.316714154526716474e-01
-1.019688916029583836e-01,8.317937565044610793e-01
-1.021272767797556380e-01,8.319158798713438552e-01
-1.022858308263057542e-01,8.320377839116530616e-01
-1.024445545262383656e-01,8.321594669735447036e-01
-1.026034486615852309e-01,8.322809273949659525e-01
-1.027625140126905701e-01,8.324021635036231714e-01
-1.029217513581208721e-01,8.325231736169497188e-01
-1.030811614745738430e-01,8.326439560420748620e-01
-1.032407451367856055e-01,8.327645090757931357e-01
-1.034005031174374811e-01,8.328848310045334769e-01
-1.035604361870608170e-01,8.330049201043299156e-01
-1.037205451139422557e-01,8.331247746407918209e-01
-1.038808306640261608e-01,8.332443928690748125e-01
-1.040412936008174999e-01,8.333637730338527838e-01
-1.042019346852823686e-01,8.334829133692897019e-01
-1.043627546757483204e-01,8.336018120990121849e-01
-1.045237543278033782e-01,8.337204674360831902e-01
-1.046849343941935462e-01,8.338388775829749244e-01
-1.048462956247201566e-01,8.339570407315436418e-01
-1.050078387661350920e-01,8.340749550630043307e-01
-1.051695645620350505e-01,8.341926187479070665e-01
-1.053314737527559775e-01,8.343100299461109204e-01
-1.054935670752648047e-01,8.344271868067630882e-01
-1.056558452630508016e-01,8.345440874682750199e-01
-1.058183090460159681e-01,8.346607300583006595e-01
-1.059809591503637211e-01,8.347771126937146846e-01
-1.061437962984876082e-01,8.348932334805924116e-01
-1.063068212088575243e-01,8.350090905141892561e-01
-1.064700345959060657e-01,8.351246818789225257e-01
-1.066334371699129702e-01,8.352400056483511026e-01
-1.067970296368884880e-01,8.353550598851590125e-01
-1.069608126984564200e-01,8.354698426411385492e-01
-1.071247870517351430e-01,8.355843519571722888e-01
-1.072889533892183445e-01,8.356985858632193231e-01
-1.074533123986540079e-01,8.358125423782996055e-01
-1.076178647629221635e-01,8.359262195104805171e-01
-1.077826111599127501e-01,8.360396152568629891e-01
-1.079475522624011724e-01,8.361527276035700673e-01
-1.081126887379229573e-01,8.362655545257347001e-01
-1.082780212486480903e-01,8.363780939874900788e-01
-1.084435504512530762e-01,8.364903439419596465e-01
-1.086092769967933469e-01,8.366023023312476603e-01
-1.087752015305732262e-01,8.367139670864325307e-01
-1.089413246920156036e-01,8.368253361275588276e-01
-1.091076471145304289e-01,8.369364073636318402e-01
-1.092741694253818452e-01,8.370471786926132474e-01
-1.094408922455550742e-01,8.371576480014151223e-01
-1.096078161896208575e-01,8.372678131658997103e-01
-1.097749418656001619e-01,8.373776720508748772e-01
-1.099422698748272892e-01,8.374872225100948864e-01
-1.101098008118119032e-01,8.375964623862597325e-01
-1.102775352640999740e-01,8.377053895110159187e-01
-1.104454738121340013e-01,8.378140017049598987e-01
-1.106136170291120296e-01,8.379222967776402964e-01
-1.107819654808456233e-01,8.380302725275636799e-01
-1.109505197256166753e-01,8.381379267421982249e-01
-1.111192803140335778e-01,8.382452571979822631e-01
-1.112882477888861438e-01,8.383522616603319433e-01
-1.114574226849999877e-01,8.384589378836490026e-01
-1.116268055290885464e-01,8.385652836113330899e-01
-1.117963968396062380e-01,8.386712965757913141e-01
-1.119661971265987210e-01,8.387769744984531206e-01
-1.121362068915536664e-01,8.388823150897827263e-01
-1.123064266272492673e-01,8.389873160492954396e-01
-1.124768568176030825e-01,8.390919750655733145e-01
-1.126474979375188118e-01,8.391962898162843576e-01
-1.128183504527328906e-01,8.393002579682010689e-01
-1.129894148196602388e-01,8.394038771772208696e-01
-1.131606914852385515e-01,8.395071450883889730e-01
-1.133321808867718411e-01,8.396100593359212549e-01
-1.135038834517734796e-01,8.397126175432289008e-01
-1.136757995978080887e-01,8.398148173229448288e-01
-1.138479297323327644e-01,8.399166562769517785e-01
-1.140202742525371765e-01,8.400181319964107329e-01
-1.141928335451828369e-01,8.401192420617928924e-01
-1.143656079864423802e-01,8.402199840429095401e-01
-1.145385979417361949e-01,8.403203554989480129e-01
-1.147118037655707606e-01,8.404203539785057853e-01
-1.148852258013739747e-01,8.405199770196269959e-01
-1.150588643813312412e-01,8.406192221498410833e-01
-1.152327198262199648e-01,8.407180868862036416e-01
-1.154067924452430588e-01,8.408165687353360562e-01
-1.155810825358633692e-01,8.409146651934705785e-01
-1.157555903836355871e-01,8.410123737464937355e-01
-1.159303162620379940e-01,8.411096918699930702e-01
-1.161052604323044302e-01,8.412066170293067691e-01
-1.162804231432540830e-01,8.413031466795707347e-01
-1.164558046311222894e-01,8.413992782657732095e-01
-1.166314051193893808e-01,8.414950092228060674e-01
-1.168072248186096534e-01,8.415903369755203256e-01
-1.169832639262397556e-01,8.416852589387844308e-01
-1.171595226264660200e-01,8.417797725175401036e-01
-1.173360010900318523e-01,8.418738751068657322e-01
-1.175126994740641473e-01,8.419675640920371018e-01
-1.176896179218996780e-01,8.420608368485920092e-01
-1.178667565629106934e-01,8.421536907423957663e-01
-1.180441155123295449e-01,8.422461231297102557e-01
-1.182216948710742843e-01,8.423381313572628759e-01
-1.183994947255727903e-01,8.424297127623182613e-01
-1.185775151475861738e-01,8.425208646727526673e-01
-1.187557561940331546e-01,8.426115844071291328e-01
-1.189342179068125227e-01,8.427018692747745288e-01
-1.191129003126270985e-01,8.427917165758608276e-01
-1.192918034228054730e-01,8.428811236014850383e-01
-1.194709272331245659e-01,8.429700876337538062e-01
-1.196502717236324620e-01,8.430586059458688997e-01
-1.198298368584690687e-01,8.431466758022144736e-01
-1.200096225856890214e-01,8.432342944584476641e-01
-1.201896288370825766e-01,8.433214591615904032e-01
-1.203698555279974353e-01,8.434081671501225674e-01
-1.205503025571595110e-01,8.434944156540787885e-01
-1.207309698064944758e-01,8.435802018951473746e-01
-1.209118571409490001e-01,8.436655230867692312e-01
-1.210929644083117152e-01,8.437503764342416668e-01
-1.212742914390343013e-01,8.438347591348221988e-01
-1.214558380460527554e-01,8.439186683778365783e-01
-1.216376040246083534e-01,8.440021013447873699e-01
-1.218195891520691548e-01,8.440850552094651960e-01
-1.220017931877512424e-01,8.441675271380628676e-01
-1.221842158727407535e-01,8.442495142892902926e-01
-1.223668569297147457e-01,8.443310138144944910e-01
-1.225497160627636584e-01,8.444120228577779441e-01
-1.227327929572133852e-01,8.444925385561224962e-01
-1.229160872794477638e-01,8.445725580395139209e-01
-1.230995986767313699e-01,8.446520784310697083e-01
-1.232833267770323538e-01,8.447310968471687387e-01
-1.234672711888458452e-01,8.448096103975820670e-01
-1.236514315010183718e-01,8.448876161856091471e-01
-1.238358072825712641e-01,8.449651113082128351e-01
-1.240203980825264757e-01,8.450420928561596101e-01
-1.242052034297307789e-01,8.451185579141606841e-01
-1.243902228326822096e-01,8.451945035610149981e-01
-1.245754557793564699e-01,8.452699268697573265e-01
-1.247609017370336359e-01,8.453448249078047150e-01
-1.249465601521260322e-01,8.454191947371090254e-01
-1.251324304500066320e-01,8.454930334143105908e-01
-1.253185120348375425e-01,8.455663379908922028e-01
-1.255048042894007232e-01,8.456391055133396506e-01
-1.256913065749281355e-01,8.457113330233015924e-01
-1.258780182309329199e-01,8.457830175577520926e-01
-1.260649385750423901e-01,8.458541561491572658e-01
-1.262520669028307230e-01,8.459247458256435870e-01
-1.264394024876536737e-01,8.459947836111668673e-01
-1.266269445804830696e-01,8.460642665256878914e-01
-1.268146924097438288e-01,8.461331915853448349e-01
-1.270026451811508972e-01,8.462015558026346751e-01
-1.271908020775474046e-01,8.462693561865903824e-01
-1.273791622587446271e-01,8.463365897429658835e-01
-1.275677248613627801e-01,8.464032534744214686e-01
-1.277564889986727570e-01,8.464693443807111972e-01
-1.279454537604396425e-01,8.465348594588728570e-01
-1.281346182127667821e-01,8.465997957034216981e-01
-1.283239813979425159e-01,8.466641501065449438e-01
-1.285135423342873007e-01,8.467279196583014089e-01
-1.287033000160019702e-01,8.467911013468192305e-01
-1.288932534130187157e-01,8.468536921585005928e-01
-1.290834014708523991e-01,8.469156890782258973e-01
-1.292737431104544754e-01,8.469770890895627069e-01
-1.294642772280674980e-01,8.470378891749745787e-01
-1.296550026950820944e-01,8.470980863160347818e-01
-1.298459183578954956e-01,8.471576774936403487e-01
-1.300370230377707048e-01,8.472166596882312328e-01
-1.302283155306998841e-01,8.472750298800080238e-01
-1.304197946072670200e-01,8.473327850491565449e-01
-1.306114590125139752e-01,8.473899221760717859e-01
-1.308033074658080941e-01,8.474464382415847208e-01
-1.309953386607113357e-01,8.475023302271925685e-01
-1.311875512648522368e-01,8.475575951152910514e-01
-1.313799439197994301e-01,8.476122298894082085e-01
-1.315725152409373266e-01,8.476662315344416498e-01
-1.317652638173439916e-01,8.477195970368974764e-01
-1.319581882116706850e-01,8.477723233851318652e-01
-1.321512869600251772e-01,8.478244075695952064e-01
-1.323445585718555917e-01,8.478758465830780189e-01
-1.325380015298373571e-01,8.479266374209593060e-01
-1.327316142897627671e-01,8.479767770814574668e-01
-1.329253952804324568e-01,8.480262625658830933e-01
-1.331193429035495979e-01,8.480750908788955433e-01
-1.333134555336167593e-01,8.481232590287580697e-01
-1.335077315178349044e-01,8.481707640275999438e-01
-1.337021691760051922e-01,8.482176028916762478e-01
-1.338967668004335809e-01,8.482637726416342172e-01
-1.340915226558382634e-01,8.483092703027774739e-01
-1.342864349792590173e-01,8.483540929053355883e-01
-1.344815019799704692e-01,8.483982374847345298e-01
-1.346767218393971621e-01,8.484417010818680049e-01
-1.348720927110317047e-01,8.484844807433742364e-01
-1.350676127203571386e-01,8.485265735219105210e-01
-1.352632799647698614e-01,8.485679764764332278e-01
-1.354590925135080448e-01,8.486086866724776856e-01
-1.356550484075812746e-01,8.486487011824415116e-01
-1.358511456597036038e-01,8.486880170858684957e-01
-1.360473822542311861e-01,8.487266314697353708e-01
-1.362437561471011305e-01,8.487645414287398049e-01
-1.364402652657745463e-01,8.488017440655906132e-01
-1.366369075091831697e-01,8.488382364912999689e-01
-1.368336807476779049e-01,8.488740158254771684e-01
-1.370305828229828604e-01,8.489090791966229510e-01
-1.372276115481506631e-01,8.489434237424277052e-01
-1.374247647075227396e-01,8.489770466100703405e-01
-1.376220400566918745e-01,8.490099449565178258e-01
-1.378194353224694579e-01,8.490421159488277247e-01
-1.380169482028548167e-01,8.490735567644511761e-01
-1.382145763670099003e-01,8.491042645915393150e-01
-1.384123174552367164e-01,8.491342366292483623e-01
-1.386101690789574292e-01,8.491634700880483777e-01
-1.388081288207001218e-01,8.491919621900321236e-01
-1.390061942340868051e-01,8.492197101692263717e-01
-1.392043628438262848e-01,8.492467112719032096e-01
-1.394026321457099149e-01,8.492729627568940121e-01
-1.396009996066115977e-01,8.492984618959034115e-01
-1.397994626644919747e-01,8.493232059738254902e-01
-1.399980187284060318e-01,8.493471922890606374e-01
-1.401966651785151730e-01,8.493704181538322961e-01
-1.403953993661027355e-01,8.493928808945078179e-01
-1.405942186135941130e-01,8.494145778519166523e-01
-1.407931202145808469e-01,8.494355063816722007e-01
-1.409921014338478273e-01,8.494556638544930038e-01
-1.411911595074064329e-01,8.494750476565263719e-01
-1.413902916425304745e-01,8.494936551896701271e-01
-1.415894950177967460e-01,8.495114838718983430e-01
-1.417887667831293774e-01,8.495285311375848636e-01
-1.419881040598497679e-01,8.495447944378304861e-01
-1.421875039407288210e-01,8.495602712407865909e-01
-1.423869634900455095e-01,8.495749590319836564e-01
-1.425864797436479092e-01,8.495888553146569988e-01
-1.427860497090206460e-01,8.496019576100756199e-01
-1.429856703653539507e-01,8.496142634578680575e-01
-1.431853386636206538e-01,8.496257704163524549e-01
-1.433850515266544279e-01,8.496364760628629664e-01
-1.435848058492341095e-01,8.496463779940801597e-01
-1.437845984981727110e-01,8.496554738263579765e-01
-1.439844263124095691e-01,8.496637611960534686e-01
-1.441842861031086276e-01,8.496712377598544252e-01
-1.443841746537599391e-01,8.496779011951093308e-01
-1.445840887202869407e-01,8.496837492001543257e-01
-1.447840250311571431e-01,8.496887794946430539e-01
-1.449839802874976213e-01,8.496929898198735120e-01
-1.451839511632167234e-01,8.496963779391157878e-01
-1.453839343051279709e-01,8.496989416379402416e-01
-1.455839263330800104e-01,8.497006787245440229e-01
-1.457839238400913118e-01,8.497015870300768103e-01
-1.459839233924886959e-01,8.497016644089675497e-01
-1.461839215300515527e-01,8.497009087392490834e-01
-1.463839147661594453e-01,8.496993179228824467e-01
-1.465838995879462925e-01,8.496968898860816077e-01
-1.467838724564572150e-01,8.496936225796352105e-01
-1.469838298068110727e-01,8.496895139792284279e-01
-1.471837680483682465e-01,8.496845620857649273e-01
-1.473836835649020571e-01,8.496787649256860586e-01
-1.475835727147754572e-01,8.496721205512898223e-01
-1.477834318311226081e-01,8.496646270410482815e-01
-1.479832572220343423e-01,8.496562824999246422e-01
-1.481830451707496776e-01,8.496470850596868907e-01
-1.483827919358509939e-01,8.496370328792229865e-01
-1.485824937514641231e-01,8.496261241448520574e-01
-1.487821468274634906e-01,8.496143570706352621e-01
-1.489817473496815314e-01,8.496017298986854316e-01
-1.491812914801231571e-01,8.495882408994727131e-01
-1.493807753571849972e-01,8.495738883721324353e-01
-1.495801950958784154e-01,8.495586706447673109e-01
-1.497795467880587428e-01,8.495425860747496394e-01
-1.499788265026575362e-01,8.495256330490218444e-01
-1.501780302859208605e-01,8.495078099843936803e-01
-1.503771541616512886e-01,8.494891153278375517e-01
-1.505761941314549823e-01,8.494695475567840548e-01
-1.507751461749930744e-01,8.494491051794116343e-01
-1.509740062502377689e-01,8.494277867349351308e-01
-1.511727702937332996e-01,8.494055907938951044e-01
-1.513714342208605512e-01,8.493825159584383888e-01
-1.515699939261077323e-01,8.493585608626028627e-01
-1.517684452833442110e-01,8.493337241725948950e-01
-1.519667841460983215e-01,8.493080045870657901e-01
-1.521650063478421355e-01,8.492814008373856804e-01
-1.523631077022780389e-01,8.492539116879141980e-01
-1.525610840036306370e-01,8.492255359362683720e-01
-1.527589310269442113e-01,8.491962724135874163e-01
-1.529566445283817300e-01,8.491661199847946317e-01
-1.531542202455313806e-01,8.491350775488564206e-01
-1.533516538977147126e-01,8.491031440390373053e-01
-1.535489411863011078e-01,8.490703184231532807e-01
-1.537460777950247492e-01,8.490365997038197277e-01
-1.539430593903064193e-01,8.490019869186977708e-01
-1.541398816215800716e-01,8.489664791407354194e-01
-1.543365401216226229e-01,8.489300754784083747e-01
-1.545330305068877141e-01,8.488927750759531765e-01
-1.547293483778446610e-01,8.488545771135991291e-01
-1.549254893193192095e-01,8.488154808077963409e-01
-1.551214489008407860e-01,8.487754854114395453e-01
-1.553172226769917730e-01,8.487345902140878140e-01
-1.555128061877609769e-01,8.486927945421817165e-01
-1.557081949589016745e-01,8.486500977592532635e-01
-1.559033845022915199e-01,8.486064992661375150e-01
-1.560983703162990011e-01,8.485619985011730870e-01
-1.562931478861507850e-01,8.485165949404041008e-01
-1.564877126843038091e-01,8.484702880977752493e-01
-1.566820601708211191e-01,8.484230775253230883e-01
-1.568761857937505111e-01,8.483749628133633314e-01
-1.570700849895069473e-01,8.483259435906723711e-01
-1.572637531832582758e-01,8.482760195246664692e-01
-1.574571857893143356e-01,8.482251903215755062e-01
-1.576503782115188934e-01,8.481734557266101815e-01
-1.578433258436448272e-01,8.481208155241286573e-01
-1.580360240697929464e-01,8.480672695377942105e-01
-1.582284682647932816e-01,8.480128176307314414e-01
-1.584206537946090954e-01,8.479574597056758201e-01
-1.586125760167450827e-01,8.479011957051180159e-01
-1.588042302806564054e-01,8.478440256114466722e-01
-1.589956119281625280e-01,8.477859494470811885e-01
-1.591867162938621905e-01,8.477269672746026163e-01
-1.593775387055517412e-01,8.476670791968803353e-01
-1.595680744846463550e-01,8.476062853571902922e-01
-1.597583189466024178e-01,8.475445859393312409e-01
-1.599482674013438799e-01,8.474819811677347658e-01
-1.601379151536900525e-01,8.474184713075686437e-01
-1.603272575037854308e-01,8.473540566648367633e-01
-1.605162897475329031e-01,8.472887375864737169e-01
-1.607050071770272925e-01,8.472225144604319524e-01
-1.608934050809927019e-01,8.471553877157669277e-01
-1.610814787452206076e-01,8.470873578227127165e-01
-1.612692234530101743e-01,8.470184252927559498e-01
-1.614566344856107338e-01,8.469485906787015406e-01
-1.616437071226650701e-01,8.468778545747347453e-01
-1.618304366426552843e-01,8.468062176164757870e-01
-1.620168183233501036e-01,8.467336804810305928e-01
-1.622028474422523847e-01,8.466602438870355352e-01
-1.623885192770503361e-01,8.465859085946947360e-01
-1.625738291060670471e-01,8.465106754058140393e-01
-1.627587722087142086e-01,8.464345451638285445e-01
-1.629433438659448896e-01,8.463575187538233680e-01
-1.631275393607083402e-01,8.462795971025496300e-01
-1.633113539784050994e-01,8.462007811784348910e-01
-1.634947830073441022e-01,8.461210719915865930e-01
-1.636778217391982315e-01,8.460404705937901726e-01
-1.638604654694640061e-01,8.459589780785029545e-01
-1.640427094979185485e-01,8.458765955808387194e-01
-1.642245491290792170e-01,8.457933242775500515e-01
-1.644059796726625167e-01,8.457091653870023595e-01
-1.645869964440437039e-01,8.456241201691424569e-01
-1.647675947647171957e-01,8.455381899254618139e-01
-1.649477699627559524e-01,8.454513759989547017e-01
-1.651275173732721369e-01,8.453636797740671227e-01
-1.653068323388766914e-01,8.452751026766435194e-01
-1.654857102101393307e-01,8.451856461738658233e-01
-1.656641463460486741e-01,8.450953117741860643e-01
-1.658421361144713779e-01,8.450041010272542064e-01
-1.660196748926109356e-01,8.449120155238396546e-01
-1.661967580674666989e-01,8.448190568957458790e-01
-1.663733810362914289e-01,8.447252268157209310e-01
-1.665495392070486247e-01,8.446305269973602980e-01
-1.667252279988693242e-01,8.445349591950044310e-01
-1.669004428425074904e-01,8.444385252036313849e-01
-1.670751791807949527e-01,8.443412268587411340e-01
-1.672494324690947387e-01,8.442430660362366668e-01
-1.674231981757537957e-01,8.441440446522973096e-01
-1.675964717825550176e-01,8.440441646632476091e-01
-1.677692487851657477e-01,8.439434280654185550e-01
-1.679415246935879735e-01,8.438418368950044712e-01
-1.681132950326043873e-01,8.437393932279143582e-01
-1.682845553422243901e-01,8.436360991796151287e-01
-1.684553011781280141e-01,8.435319569049725130e-01
-1.686255281121080141e-01,8.434269685980826381e-01
-1.687952317325099039e-01,8.433211364921003872e-01
-1.689644076446702448e-01,8.432144628590617641e-01
-1.691330514713534905e-01,8.431069500096991520e-01
-1.693011588531855571e-01,8.429986002932517986e-01
-1.694687254490863382e-01,8.428894160972718597e-01
-1.696357469366987503e-01,8.427793998474230053e-01
-1.698022190128166409e-01,8.426685540072739178e-01
-1.699681373938094209e-01,8.425568810780877937e-01
-1.701334978160441436e-01,8.424443835986035189e-01
-1.702982960363057796e-01,8.423310641448142899e-01
-1.704625278322135229e-01,8.422169253297394631e-01
-1.706261890026350148e-01,8.421019698031915190e-01
-1.707892753680980702e-01,8.419862002515361432e-01
-1.709517827711987681e-01,8.418696193974503084e-01
-1.711137070770064883e-01,8.417522299996711421e-01
