x,y
3.504150690524722722e-01,3.939264504089311503e-01
3.505458843976442807e-01,3.937728193601767179e-01
3.506766814242501251e-01,3.936191961136262796e-01
3.508074603205986186e-01,3.934655805877178558e-01
3.509382212739993734e-01,3.933119727005563449e-01
3.510689644708003820e-01,3.931583723698746091e-01
3.511996900963152424e-01,3.930047795131225707e-01
3.513303983348302073e-01,3.928511940474652686e-01
3.514610893695522265e-01,3.926976158898482505e-01
3.515917633826451949e-01,3.925440449569607693e-01
3.517224205551492955e-01,3.923904811653365354e-01
3.518530610669822756e-01,3.922369244313584913e-01
3.519836850969491060e-01,3.920833746712530932e-01
3.521142928227180002e-01,3.919298318011253945e-01
3.522448844207339280e-01,3.917762957370677923e-01
3.523754600663083214e-01,3.916227663950609950e-01
3.525060199335653954e-01,3.914692436910442996e-01
3.526365641953611019e-01,3.913157275410188984e-01
3.527670930233928193e-01,3.911622178609254763e-01
3.528976065880721213e-01,3.910087145668026398e-01
3.530281050585986069e-01,3.908552175747069257e-01
3.531585886029126597e-01,3.907017268007769162e-01
3.532890573876366069e-01,3.905482421613111210e-01
3.534195115781815777e-01,3.903947635726497389e-01
3.535499513386338166e-01,3.902412909513175987e-01
3.536803768317762775e-01,3.900878242140072283e-01
3.538107882191312559e-01,3.899343632775370549e-01
3.539411856608554729e-01,3.897809080589846320e-01
3.540715693158322797e-01,3.896274584755862191e-01
3.542019393415947182e-01,3.894740144448372021e-01
3.543322958943831424e-01,3.893205758844328068e-01
3.544626391290609524e-01,3.891671427123770677e-01
3.545929691991827615e-01,3.890137148469121064e-01
3.547232862569577594e-01,3.888602922065702017e-01
3.548535904532579277e-01,3.887068747101741217e-01
3.549838819375911725e-01,3.885534622768783697e-01
3.551141608581591669e-01,3.884000548261101748e-01
3.552444273617624271e-01,3.882466522776920059e-01
3.553746815938810255e-01,3.880932545517555843e-01
3.555049236986402295e-01,3.879398615687926211e-01
3.556351538188418093e-01,3.877864732496272282e-01
3.557653720958923182e-01,3.876330895155110645e-01
3.558955786698830281e-01,3.874797102880385702e-01
3.560257736795399142e-01,3.873263354892163002e-01
3.561559572622662873e-01,3.871729650414222901e-01
3.562861295541033813e-01,3.870195988674628995e-01
3.564162906897687111e-01,3.868662368905371740e-01
3.565464408026399745e-01,3.867128790342661548e-01
3.566765800247395091e-01,3.865595252227214673e-01
3.568067084868070116e-01,3.864061753803489374e-01
3.569368263182094991e-01,3.862528294320855538e-01
3.570669336470245758e-01,3.860994873032708163e-01
3.571970306000221695e-01,3.859461489196781558e-01
3.573271173026233427e-01,3.857928142075739975e-01
3.574571938789859460e-01,3.856394830936262230e-01
3.575872604519614306e-01,3.854861555049652333e-01
3.577173171430678145e-01,3.853328313692260809e-01
3.578473640726170246e-01,3.851795106144072500e-01
3.579774013595660165e-01,3.850261931690571182e-01
3.581074291216458372e-01,3.848728789621306268e-01
3.582374474753196592e-01,3.847195679230491216e-01
3.583674565357674591e-01,3.845662599817278871e-01
3.584974564169512989e-01,3.844129550685088104e-01
3.586274472315669759e-01,3.842596531142270511e-01
3.587574290911071384e-01,3.841063540501459816e-01
3.588874021058116037e-01,3.839530578080256329e-01
3.590173663847168184e-01,3.837997643200733444e-01
3.591473220356743434e-01,3.836464735189312747e-01
3.592772691652781902e-01,3.834931853377722688e-01
3.594072078790038760e-01,3.833398997101438721e-01
3.595371382811162198e-01,3.831866165700867910e-01
3.596670604746923239e-01,3.830333358521172959e-01
3.597969745616763637e-01,3.828800574911707666e-01
3.599268806428669309e-01,3.827267814226260056e-01
3.600567788178927753e-01,3.825735075823427644e-01
3.601866691852835811e-01,3.824202359065867474e-01
3.603165518424234492e-01,3.822669663320935607e-01
3.604464268855978593e-01,3.821136987960215281e-01
3.605762944100088796e-01,3.819604332359424759e-01
3.607061545097356992e-01,3.818071695898965778e-01
3.608360072778007965e-01,3.816539077963230775e-01
3.609658528061610028e-01,3.815006477940784402e-01
3.610956911857149954e-01,3.813473895224360755e-01
3.612255225062946939e-01,3.811941329211046559e-01
3.613553468567180516e-01,3.810408779301736049e-01
3.614851643247929958e-01,3.808876244901160946e-01
3.616149749972444871e-01,3.807343725418839697e-01
3.617447789598958741e-01,3.805811220266998030e-01
3.618745762975074665e-01,3.804278728862563463e-01
3.620043670938591363e-01,3.802746250626261593e-01
3.621341514318027754e-01,3.801213784982070409e-01
3.622639293931887994e-01,3.799681331358160108e-01
3.623937010589715069e-01,3.798148889185721799e-01
3.625234665091016661e-01,3.796616457900309771e-01
3.626532258226758398e-01,3.795084036940144512e-01
3.627829790778008823e-01,3.793551625747786926e-01
3.629127263517576973e-01,3.792019223768264835e-01
3.630424677208888284e-01,3.790486830450477962e-01
3.631722032606595763e-01,3.788954445246531799e-01
3.633019330456842000e-01,3.787422067611502796e-01
3.634316571497014370e-01,3.785889697003782528e-01
3.635613756456053114e-01,3.784357332884787928e-01
3.636910886054833814e-01,3.782824974718557720e-01
3.638207961005499591e-01,3.781292621972613399e-01
3.639504982012309320e-01,3.779760274117014429e-01
3.640801949771670931e-01,3.778227930624374342e-01
3.642098864971643479e-01,3.776695590970511329e-01
3.643395728292811442e-01,3.775163254633470689e-01
3.644692540408170367e-01,3.773630921093711343e-01
3.645989301982565101e-01,3.772098589834832483e-01
3.647286013674022609e-01,3.770566260342046450e-01
3.648582676132766101e-01,3.769033932103398876e-01
3.649879290001891152e-01,3.767501604609019838e-01
3.651175855917380697e-01,3.765969277351157718e-01
3.652472374507990116e-01,3.764436949824364609e-01
3.653768846395821224e-01,3.762904621524867377e-01
3.655065272195883730e-01,3.761372291951129432e-01
3.656361652516435523e-01,3.759839960603501008e-01
3.657657987959399004e-01,3.758307626983767857e-01
3.658954279119800423e-01,3.756775290595860683e-01
3.660250526586502628e-01,3.755242950945029690e-01
3.661546730941901417e-01,3.753710607538250921e-01
3.662842892762351865e-01,3.752178259883756639e-01
3.664139012617834146e-01,3.750645907491477193e-01
3.665435091072325458e-01,3.749113549872639672e-01
3.666731128684431185e-01,3.747581186539050147e-01
3.668027126005953265e-01,3.746048817004841158e-01
3.669323083583982403e-01,3.744516440784018130e-01
3.670619001959132266e-01,3.742984057392592101e-01
3.671914881667310837e-01,3.741451666346515270e-01
3.673210723238120035e-01,3.739919267163607230e-01
3.674506527196590433e-01,3.738386859361536585e-01
3.675802294062036624e-01,3.736854442459205394e-01
3.677098024348827709e-01,3.735322015975869325e-01
3.678393718566252968e-01,3.733789579431323613e-01
3.679689377218535173e-01,3.732257132345915829e-01
3.680985000805103158e-01,3.730724674240256111e-01
3.682280589820832173e-01,3.729192204634947938e-01
3.683576144755394965e-01,3.727659723051394147e-01
3.684871666094302056e-01,3.726127229010581798e-01
3.686167154318285566e-01,3.724594722033839345e-01
3.687462609904003652e-01,3.723062201642021174e-01
3.688758033323322194e-01,3.721529667356383020e-01
3.690053425044149127e-01,3.719997118697614402e-01
3.691348785530204624e-01,3.718464555186129505e-01
3.692644115240855118e-01,3.716931976342283672e-01
3.693939414631896012e-01,3.715399381685464686e-01
3.695234684155079830e-01,3.713866770734662870e-01
3.696529924257784261e-01,3.712334143008892973e-01
3.697825135384598116e-01,3.710801498025314560e-01
3.699120317975487238e-01,3.709268835301435252e-01
3.700415472467533107e-01,3.707736154353049596e-01
3.701710599293937531e-01,3.706203454695440325e-01
3.703005698884399566e-01,3.704670735842942042e-01
3.704300771665610670e-01,3.703137997308362239e-01
3.705595818060414270e-01,3.701605238603988823e-01
3.706890838489164675e-01,3.700072459239988065e-01
3.708185833368418671e-01,3.698539658725963353e-01
3.709480803111960823e-01,3.697006836569748933e-01
3.710775748130453744e-01,3.695473992277828468e-01
3.712070668832073705e-01,3.693941125354587296e-01
3.713365565621233322e-01,3.692408235303833441e-01
3.714660438900648787e-01,3.690875321626347350e-01
3.715955289069313716e-01,3.689342383822292737e-01
3.717250116524225545e-01,3.687809421389164344e-01
3.718544921659653890e-01,3.686276433822662235e-01
3.719839704867303753e-01,3.684743420616496401e-01
3.721134466536102914e-01,3.683210381262641553e-01
3.722429207053163935e-01,3.681677315250191374e-01
3.723723926802904316e-01,3.680144222066403237e-01
3.725018626167553304e-01,3.678611101196090916e-01
3.726313305527090836e-01,3.677077952121699522e-01
3.727607965259307488e-01,3.675544774323223907e-01
3.728902605740093690e-01,3.674011567277864487e-01
3.730197227343061139e-01,3.672478330460471341e-01
3.731491830440138990e-01,3.670945063342824777e-01
3.732786415400853874e-01,3.669411765394490210e-01
3.734080982593225850e-01,3.667878436081744020e-01
3.735375532383595210e-01,3.666345074867766729e-01
3.736670065135981322e-01,3.664811681213401284e-01
3.737964581213235604e-01,3.663278254575769166e-01
3.739259080976163885e-01,3.661744794409305670e-01
3.740553564784107055e-01,3.660211300165057136e-01
3.741848032995036544e-01,3.658677771290553826e-01
3.743142485964921495e-01,3.657144207230552113e-01
3.744436924048602511e-01,3.655610607425983094e-01
3.745731347599356442e-01,3.654076971314453304e-01
3.747025756969169508e-01,3.652543298329908317e-01
3.748320152508291536e-01,3.651009587903145670e-01
3.749614534566536594e-01,3.649475839460252224e-01
3.750908903491167457e-01,3.647942052425107162e-01
3.752203259629375842e-01,3.646408226216409920e-01
3.753497603326441667e-01,3.644874360249857337e-01
3.754791934926765551e-01,3.643340453936895207e-01
3.756086254773408628e-01,3.641806506685245082e-01
3.757380563208517210e-01,3.640272517898385796e-01
3.758674860573250620e-01,3.638738486975610642e-01
3.759969147207359863e-01,3.637204413312516982e-01
3.761263423449738852e-01,3.635670296300328452e-01
3.762557689638516001e-01,3.634136135325758965e-01
3.763851946110454705e-01,3.632601929771712146e-01
3.765146193201771019e-01,3.631067679016280469e-01
3.766440431247360943e-01,3.629533382433646205e-01
3.767734660581453232e-01,3.627999039393278169e-01
3.769028881537421216e-01,3.626464649260138229e-01
3.770323094447728951e-01,3.624930211394714052e-01
3.771617299643596488e-01,3.623395725153400471e-01
3.772911497456276075e-01,3.621861189886951271e-01
3.774205688215181431e-01,3.620326604942682991e-01
3.775499872249561961e-01,3.618791969662460417e-01
3.776794049887730043e-01,3.617257283383584210e-01
3.778088221456999962e-01,3.615722545438844193e-01
3.779382387284111466e-01,3.614187755155986448e-01
3.780676547694826750e-01,3.612652911858167393e-01
3.781970703014058688e-01,3.611118014863776704e-01
3.783264853566274954e-01,3.609583063485927723e-01
3.784558999674765278e-01,3.608048057033302891e-01
3.785853141662191557e-01,3.606512994809473738e-01
3.787147279850022197e-01,3.604977876113550916e-01
3.788441414559656772e-01,3.603442700238810303e-01
3.789735546111102638e-01,3.601907466474245090e-01
3.791029674823283013e-01,3.600372174104177758e-01
3.792323801014910178e-01,3.598836822407187053e-01
3.793617925003490710e-01,3.597301410657263165e-01
3.794912047105308828e-01,3.595765938123809402e-01
3.796206167636356210e-01,3.594230404070502538e-01
3.797500286910957534e-01,3.592694807756903197e-01
3.798794405243143824e-01,3.591159148436792736e-01
3.800088522945483382e-01,3.589623425359543818e-01
3.801382640329470375e-01,3.588087637769626359e-01
3.802676757705735766e-01,3.586551784906334417e-01
3.803970875383916872e-01,3.585015866003909979e-01
3.805264993671902407e-01,3.583479880292423370e-01
3.806559112876893858e-01,3.581943826996483171e-01
3.807853233304959728e-01,3.580407705335735269e-01
3.809147355260245060e-01,3.578871514525787667e-01
3.810441479046021707e-01,3.577335253776933177e-01
3.811735604964107682e-01,3.575798922294818882e-01
3.813029733314758363e-01,3.574262519280549943e-01
3.814323864396899633e-01,3.572726043930388173e-01
3.815617998507414566e-01,3.571189495436588035e-01
3.816912135942230333e-01,3.569652872986072145e-01
3.818206276994925985e-01,3.568116175762072739e-01
3.819500421957736647e-01,3.566579402942914312e-01
3.820794571120811334e-01,3.565042553702882921e-01
3.822088724772361723e-01,3.563505627212024685e-01
3.823382883198837012e-01,3.561968622635923176e-01
3.824677046684332726e-01,3.560431539136385548e-01
3.825971215510804990e-01,3.558894375871175519e-01
3.827265389958006692e-01,3.557357131994068888e-01
3.828559570303419757e-01,3.555819806654925141e-01
3.829853756821980926e-01,3.554282398999996651e-01
3.831147949785750351e-01,3.552744908172320581e-01
3.832442149464714842e-01,3.551207333310741898e-01
3.833736356126165035e-01,3.549669673550648885e-01
3.835030570033435282e-01,3.548131928025471393e-01
3.836324791448357807e-01,3.546594095863743745e-01
3.837619020628511013e-01,3.545056176192382114e-01
3.838913257829073000e-01,3.543518168134468516e-01
3.840207503301280578e-01,3.541980070811089343e-01
3.841501757293384056e-01,3.540441883340190721e-01
3.842796020049702443e-01,3.538903604837708716e-01
3.844090291811269045e-01,3.537365234416802728e-01
3.845384572814812829e-01,3.535826771189066742e-01
3.846678863293220840e-01,3.534288214263993089e-01
3.847973163475659208e-01,3.532749562748828120e-01
3.849267473586418520e-01,3.531210815749958876e-01
3.850561793845835301e-01,3.529671972371827282e-01
3.851856124469402176e-01,3.528133031718002632e-01
3.853150465668250257e-01,3.526593992890618701e-01
3.854444817648271515e-01,3.525054854991441777e-01
3.855739180610560646e-01,3.523515617121355525e-01
3.857033554750893267e-01,3.521976278381011016e-01
3.858327940259960176e-01,3.520436837870564717e-01
3.859622337322477503e-01,3.518897294690769284e-01
3.860916746117991072e-01,3.517357647942037091e-01
3.862211166819843333e-01,3.515817896725705327e-01
3.863505599595398743e-01,3.514278040143797299e-01
3.864800044605893325e-01,3.512738077299238926e-01
3.866094502006197642e-01,3.511198007296173484e-01
3.867388971944272225e-01,3.509657829240658278e-01
3.868683454561722135e-01,3.508117542240038467e-01
3.869977949993146371e-01,3.506577145403768636e-01
3.871272458365562774e-01,3.505036637844151093e-01
3.872566979799041964e-01,3.503496018675625323e-01
3.873861514406169437e-01,3.501955287015463547e-01
3.875156062291288950e-01,3.500414441984731617e-01
3.876450623551589980e-01,3.498873482707044458e-01
3.877745198275169280e-01,3.497332408310948049e-01
3.879039786542650692e-01,3.495791217928045369e-01
3.880334388425403236e-01,3.494249910695193528e-01
3.881629003986342696e-01,3.492708485753617809e-01
3.882923633279570796e-01,3.491166942249414040e-01
3.884218276349648558e-01,3.489625279334491736e-01
3.885512933231881627e-01,3.488083496166320963e-01
3.886807603951996093e-01,3.486541591908391968e-01
3.888102288525713268e-01,3.484999565730820814e-01
3.889396986959041680e-01,3.483457416810079033e-01
3.890691699247178503e-01,3.481915144330409162e-01
3.891986425375283942e-01,3.480372747482991524e-01
3.893281165317961645e-01,3.478830225466661430e-01
3.894575919038184564e-01,3.477287577489303061e-01
3.895870686488305257e-01,3.475744802766744246e-01
3.897165467609224332e-01,3.474201900523863351e-01
3.898460262330329384e-01,3.472658869994773578e-01
3.899755070568979853e-01,3.471115710423556822e-01
3.901049892230679106e-01,3.469572421064179846e-01
3.902344727208681419e-01,3.468029001181089366e-01
3.903639575383813232e-01,3.466485450049547890e-01
3.904934436624124539e-01,3.464941766956191049e-01
3.906229310784729014e-01,3.463397951199349567e-01
3.907524197708115987e-01,3.461854002088812776e-01
3.908819097222744343e-01,3.460309918947657715e-01
3.910114009144269320e-01,3.458765701110924073e-01
3.911408933274097000e-01,3.457221347927494914e-01
3.912703869400102064e-01,3.455676858759392234e-01
3.913998817295770705e-01,3.454132232982956574e-01
3.915293776720355501e-01,3.452587469988824820e-01
3.916588747418623395e-01,3.451042569182398712e-01
3.917883729120706926e-01,3.449497529984182354e-01
3.919178721541786703e-01,3.447952351830341766e-01
3.920473724381916547e-01,3.446407034173086248e-01
3.921768737325878051e-01,3.444861576481021981e-01
3.923063760043136172e-01,3.443315978239384623e-01
3.924358792187562783e-01,3.441770238950560001e-01
3.925653833397161896e-01,3.440224358134597593e-01
3.926948883294180126e-01,3.438678335329275471e-01
3.928243941484502733e-01,3.437132170091013461e-01
3.929539007558047192e-01,3.435585861994607804e-01
3.930834081088159238e-01,3.434039410634153189e-01
3.932129161631989223e-01,3.432492815622795179e-01
3.933424248729520123e-01,3.430946076594109662e-01
3.934719341904669432e-01,3.429399193200986518e-01
3.936014440663577751e-01,3.427852165117905026e-01
3.937309544496252478e-01,3.426304992039174158e-01
3.938604652875117296e-01,3.424757673680893788e-01
3.939899765255425179e-01,3.423210209780685465e-01
3.941194881075195111e-01,3.421662600097994944e-01
3.942489999755149910e-01,3.420114844414391397e-01
3.943785120698434232e-01,3.418566942534144171e-01
3.945080243290850497e-01,3.417018894284166719e-01
3.946375366900450321e-01,3.415470699514747688e-01
3.947670490877743799e-01,3.413922358099540366e-01
3.948965614555571824e-01,3.412373869935954040e-01
3.950260737249150500e-01,3.410825234945346063e-01
3.951555858256109999e-01,3.409276453073216140e-01
3.952850976855847298e-01,3.407727524290239396e-01
3.954146092310815153e-01,3.406178448590960195e-01
3.955441203865213140e-01,3.404629225995617348e-01
3.956736310745655461e-01,3.403079856549595661e-01
3.958031412161259199e-01,3.401530340323573598e-01
3.959326507303361775e-01,3.399980677414116692e-01
3.960621595345954482e-01,3.398430867943414424e-01
3.961916675445342761e-01,3.396880912059943580e-01
3.963211746740500363e-01,3.395330809938303940e-01
3.964506808352904477e-01,3.393780561779676797e-01
3.965801859387216299e-01,3.392230167811262076e-01
3.967096898930241311e-01,3.390679628287792124e-01
3.968391926052778351e-01,3.389128943489569945e-01
3.969686939807690607e-01,3.387578113725045470e-01
3.970981939231774116e-01,3.386027139328836588e-01
3.972276923345010036e-01,3.384476020662883222e-01
3.973571891151069790e-01,3.382924758116104269e-01
3.974866841637181847e-01,3.381373352104816155e-01
3.976161773774722352e-01,3.379821803072282083e-01
3.977456686519081908e-01,3.378270111489133920e-01
3.978751578810041933e-01,3.376718277853176797e-01
3.980046449571899569e-01,3.375166302689493469e-01
3.981341297713948957e-01,3.373614186550125682e-01
3.982636122130350786e-01,3.372061930014479403e-01
3.983930921700733485e-01,3.370509533688861303e-01
3.985225695290200987e-01,3.368956998206715792e-01
3.986520441749764054e-01,3.367404324228358559e-01
3.987815159916602847e-01,3.365851512440905524e-01
3.989109848614477705e-01,3.364298563558025812e-01
3.990404506653716377e-01,3.362745478320197656e-01
3.991699132831947883e-01,3.361192257494065583e-01
3.992993725934211313e-01,3.359638901872550321e-01
3.994288284733390482e-01,3.358085412274553483e-01
3.995582807990380458e-01,3.356531789544994204e-01
3.996877294454839746e-01,3.354978034554130795e-01
3.998171742865117007e-01,3.353424148197869936e-01
3.999466151949024328e-01,3.351870131397062802e-01
4.000760520424173627e-01,3.350315985097311877e-01
4.002054846998015503e-01,3.348761710269140823e-01
4.003349130368809572e-01,3.347207307907034690e-01
4.004643369225550642e-01,3.345652779029734125e-01
4.005937562249033412e-01,3.344098124679154571e-01
4.007231708111439472e-01,3.342543345921078490e-01
4.008525805477577419e-01,3.340988443843854183e-01
4.009819853005012757e-01,3.339433419558427985e-01
4.011113849344501991e-01,3.337878274197999540e-01
4.012407793140518875e-01,3.336323008917568833e-01
4.013701683031788980e-01,3.334767624893458793e-01
4.014995517651850920e-01,3.333212123322811249e-01
4.016289295629367206e-01,3.331656505423367109e-01
4.017583015588677142e-01,3.330100772432958989e-01
4.018876676150412997e-01,3.328544925608917793e-01
4.020170275931975179e-01,3.326988966227641398e-01
4.021463813548232236e-01,3.325432895583889659e-01
4.022757287611308796e-01,3.323876714991172987e-01
4.024050696732343058e-01,3.322320425779755615e-01
4.025344039520957207e-01,3.320764029297414432e-01
4.026637314586232752e-01,3.319207526908377059e-01
4.027930520537267856e-01,3.317650919992753411e-01
4.029223655983542596e-01,3.316094209946198745e-01
4.030516719535893189e-01,3.314537398178825645e-01
4.031809709806434272e-01,3.312980486115388867e-01
4.033102625409558661e-01,3.311423475194156807e-01
4.034395464962274303e-01,3.309866366866578979e-01
4.035688227085127977e-01,3.308309162596235198e-01
4.036980910402160894e-01,3.306751863858949370e-01
4.038273513541871806e-01,3.305194472141679274e-01
4.039566035137539535e-01,3.303636988942171837e-01
4.040858473828403130e-01,3.302079415767576465e-01
4.042150828258971873e-01,3.300521754135308239e-01
4.043443097080995918e-01,3.298964005570692026e-01
4.044735278952825142e-01,3.297406171607754621e-01
4.046027372540601519e-01,3.295848253787794779e-01
4.047319376518859757e-01,3.294290253658656020e-01
4.048611289570427929e-01,3.292732172774847088e-01
4.049903110387872984e-01,3.291174012695778917e-01
4.051194837672958404e-01,3.289615774986406338e-01
4.052486470138091379e-01,3.288057461215448396e-01
4.053778006506534304e-01,3.286499072955099132e-01
4.055069445512588522e-01,3.284940611780771125e-01
4.056360785902358712e-01,3.283382079270119602e-01
4.057652026434569459e-01,3.281823477002001055e-01
4.058943165880404269e-01,3.280264806556609791e-01
4.060234203024259969e-01,3.278706069514495391e-01
4.061525136664734248e-01,3.277147267455293722e-01
4.062815965614055558e-01,3.275588401958337559e-01
4.064106688699352099e-01,3.274029474601031775e-01
4.065397304762969899e-01,3.272470486958372615e-01
4.066687812662661550e-01,3.270911440602620179e-01
4.067978211272002542e-01,3.269352337102686690e-01
4.069268499481139556e-01,3.267793178023119527e-01
4.070558676196979198e-01,3.266233964923747624e-01
4.071848740343621542e-01,3.264674699359033649e-01
4.073138690862495026e-01,3.263115382877779802e-01
4.074428526713446685e-01,3.261556017021666753e-01
4.075718246874149853e-01,3.259996603325828746e-01
4.077007850341262118e-01,3.258437143317300388e-01
4.078297336130098927e-01,3.256877638515259799e-01
4.079586703275839277e-01,3.255318090429404898e-01
4.080875950832794086e-01,3.253758500560673395e-01
4.082165077875392623e-01,3.252198870399880537e-01
4.083454083498567200e-01,3.250639201427071856e-01
4.084742966817249687e-01,3.249079495111955596e-01
4.086031726967547795e-01,3.247519752912292890e-01
4.087320363106904941e-01,3.245959976273505854e-01
4.088608874413060534e-01,3.244400166629754501e-01
4.089897260086299280e-01,3.242840325401001866e-01
4.091185519347937949e-01,3.241280453994650479e-01
4.092473651441838611e-01,3.239720553803494552e-01
4.093761655633289531e-01,3.238160626206874060e-01
4.095049531210424032e-01,3.236600672568731851e-01
4.096337277483674821e-01,3.235040694238060510e-01
4.097624893785800637e-01,3.233480692548647006e-01
4.098912379472681167e-01,3.231920668817886977e-01
4.100199733923087231e-01,3.230360624346827469e-01
4.101486956538299977e-01,3.228800560420405641e-01
4.102774046742970193e-01,3.227240478306170335e-01
4.104061003985222666e-01,3.225680379253915708e-01
4.105347827735582600e-01,3.224120264496752042e-01
4.106634517488642055e-01,3.222560135248833113e-01
4.107921072761874237e-01,3.220999992706561899e-01
4.109207493096140862e-01,3.219439838047723490e-01
4.110493778055800407e-01,3.217879672431109284e-01
4.111779927228764731e-01,3.216319496996195570e-01
4.113065940225424377e-01,3.214759312864208241e-01
4.114351816680726914e-01,3.213199121135339453e-01
4.115637556252038087e-01,3.211638922891094650e-01
4.116923158620289236e-01,3.210078719192648311e-01
4.118208623489845177e-01,3.208518511080746816e-01
4.119493950587527209e-01,3.206958299576645466e-01
4.120779139663986457e-01,3.205398085680180031e-01
4.122064190492396585e-01,3.203837870371102903e-01
4.123349102868911764e-01,3.202277654608267632e-01
4.124633876612306405e-01,3.200717439329818226e-01
4.125918511564308222e-01,3.199157225452516351e-01
4.127203007588781114e-01,3.197597013872492400e-01
4.128487364572005491e-01,3.196036805464640973e-01
4.129771582422695486e-01,3.194476601082347211e-01
4.131055661071267870e-01,3.192916401558124617e-01
4.132339600470088525e-01,3.191356207703061054e-01
4.133623400593635644e-01,3.189796020306360780e-01
4.134907061437000930e-01,3.188235840136930399e-01
4.136190583017402833e-01,3.186675667941272216e-01
4.137473965372472362e-01,3.185115504445334422e-01
4.138757208561160694e-01,3.183555350353150515e-01
4.140040312663064159e-01,3.181995206347416061e-01
4.141323277777684275e-01,3.180435073090147058e-01
4.142606104025023939e-01,3.178874951221713485e-01
4.143888791545256023e-01,3.177314841360991404e-01
4.145171340497619816e-01,3.175754744106480953e-01
4.146453751061220383e-01,3.174194660035086213e-01
4.147736023434123731e-01,3.172634589702986729e-01
4.149018157833381237e-01,3.171074533645371063e-01
4.150300154494462324e-01,3.169514492376901971e-01
4.151582013671192839e-01,3.167954466391559309e-01
4.152863735635707876e-01,3.166394456162469617e-01
4.154145320677307684e-01,3.164834462143085170e-01
4.155426769103265361e-01,3.163274484765971617e-01
4.156708081237857066e-01,3.161714524443771102e-01
4.157989257422027851e-01,3.160154581569397658e-01
4.159270298013200695e-01,3.158594656516058863e-01
4.160551203385531305e-01,3.157034749636727367e-01
4.161831973928561412e-01,3.155474861265582520e-01
4.163112610047663420e-01,3.153914991717261529e-01
4.164393112163343735e-01,3.152355141287509488e-01
4.165673480711269971e-01,3.150795310252944015e-01
4.166953716141584274e-01,3.149235498871701955e-01
4.168233818918931077e-01,3.147675707383209009e-01
4.169513789521736569e-01,3.146115936008874736e-01
4.170793628442187595e-01,3.144556184951926570e-01
4.172073336185925796e-01,3.142996454397605777e-01
4.173352913271329290e-01,3.141436744513862456e-01
4.174632360230026151e-01,3.139877055450547849e-01
4.175911677605195216e-01,3.138317387341325038e-01
4.177190865952959964e-01,3.136757740301786557e-01
4.178469925840350152e-01,3.135198114431785865e-01
4.179748857846547483e-01,3.133638509813745365e-01
4.181027662561166980e-01,3.132078926514600403e-01
4.182306340584854842e-01,3.130519364584909425e-01
4.183584892528815491e-01,3.128959824059277528e-01
4.184863319013977789e-01,3.127400304957230759e-01
4.186141620671777197e-01,3.125840807282100342e-01
4.187419798142051341e-01,3.124281331023467945e-01
4.188697852074861339e-01,3.122721876154782583e-01
4.189975783128451203e-01,3.121162442635728729e-01
4.191253591970041104e-01,3.119603030411117195e-01
4.192531279274649969e-01,3.118043639412193535e-01
4.193808845725512935e-01,3.116484269556005215e-01
4.195086292013587292e-01,3.114924920745872905e-01
4.196363618836836396e-01,3.113365592872152088e-01
4.197640826900529976e-01,3.111806285811742900e-01
4.198917916916548587e-01,3.110246999428829540e-01
4.200194889603507398e-01,3.108687733574610479e-01
4.201471745685582682e-01,3.107128488088635176e-01
4.202748485893657571e-01,3.105569262797283625e-01
4.204025110963592882e-01,3.104010057515790288e-01
4.205301621636700071e-01,3.102450872047560759e-01
4.206578018659899998e-01,3.100891706183876995e-01
4.207854302784052591e-01,3.099332559705852419e-01
4.209130474765252483e-01,3.097773432382755487e-01
4.210406535363727110e-01,3.096214323973261462e-01
4.211682485343488658e-01,3.094655234225803797e-01
4.212958325472733190e-01,3.093096162877992938e-01
4.214234056522791483e-01,3.091537109657826465e-01
4.215509679268752974e-01,3.089978074282843656e-01
4.216785194488248401e-01,3.088419056461544354e-01
4.218060602962301342e-01,3.086860055892269861e-01
4.219335905474214665e-01,3.085301072264500233e-01
4.220611102809789239e-01,3.083742105258512889e-01
4.221886195756913152e-01,3.082183154545826143e-01
4.223161185105647197e-01,3.080624219789031559e-01
4.224436071647728053e-01,3.079065300642334080e-01
4.225710856176054242e-01,3.077506396752137108e-01
4.226985539485814680e-01,3.075947507755587562e-01
4.228260122372477503e-01,3.074388633282997829e-01
4.229534605632943589e-01,3.072829772956375272e-01
4.230808990064655051e-01,3.071270926390468059e-01
4.232083276466120370e-01,3.069712093192066837e-01
4.233357465635743111e-01,3.068153272961404165e-01
4.234631558372544680e-01,3.066594465291218596e-01
4.235905555475865114e-01,3.065035669767074422e-01
4.237179457744367217e-01,3.063476885968554053e-01
4.238453265977276119e-01,3.061918113467690383e-01
4.239726980972681747e-01,3.060359351831014041e-01
4.241000603529147539e-01,3.058800600617543330e-01
4.242274134443909661e-01,3.057241859380961935e-01
4.243547574513297782e-01,3.055683127669070465e-01
4.244820924533583284e-01,3.054124405022711208e-01
4.246094185299238433e-01,3.052565690977877555e-01
4.247367357604162619e-01,3.051006985064179111e-01
4.248640442240421145e-01,3.049448286806367703e-01
4.249913439999415399e-01,3.047889595722867995e-01
4.251186351670437902e-01,3.046330911327532753e-01
4.252459178041794186e-01,3.044772233128237859e-01
4.253731919899559344e-01,3.043213560628392211e-01
4.255004578028606654e-01,3.041654893325649311e-01
4.256277153211406317e-01,3.040096230713363323e-01
4.257549646229052964e-01,3.038537572279310095e-01
4.258822057860217059e-01,3.036978917506952813e-01
4.260094388881881522e-01,3.035420265874523293e-01
4.261366640068085521e-01,3.033861616856549648e-01
4.262638812191867355e-01,3.032302969921447655e-01
4.263910906022778113e-01,3.030744324534567768e-01
4.265182922328821791e-01,3.029185680155791482e-01
4.266454861875185745e-01,3.027627036241081204e-01
4.267726725425000089e-01,3.026068392241528793e-01
4.268998513738238021e-01,3.024509747604701704e-01
4.270270227572965926e-01,3.022951101773087568e-01
4.271541867684529037e-01,3.021392454185084508e-01
4.272813434825268319e-01,3.019833804275343647e-01
4.274084929745378680e-01,3.018275151473693296e-01
4.275356353192164560e-01,3.016716495206051007e-01
4.276627705910015509e-01,3.015157834894438560e-01
4.277898988640997380e-01,3.013599169956248103e-01
4.279170202124134570e-01,3.012040499805110350e-01
4.280441347095680360e-01,3.010481823850555960e-01
4.281712424289437213e-01,3.008923141497609755e-01
4.282983434436058445e-01,3.007364452147637257e-01
4.284254378263506191e-01,3.005805755197775153e-01
4.285525256497165758e-01,3.004247050040778633e-01
4.286796069859461489e-01,3.002688336065482133e-01
4.288066819069797364e-01,3.001129612656864842e-01
4.289337504845395777e-01,2.999570879195008200e-01
4.290608127900232827e-01,2.998012135056389860e-01
4.291878688945854892e-01,2.996453379612871171e-01
4.293149188690699725e-01,2.994894612232524844e-01
4.294419627840738718e-01,2.993335832278826714e-01
4.295690007099383645e-01,2.991777039110762315e-01
4.296960327167170801e-01,2.990218232083197702e-01
4.298230588741986380e-01,2.988659410546595785e-01
4.299500792519301839e-01,2.987100573846708795e-01
4.300770939191833064e-01,2.985541721324984077e-01
4.302041029449832354e-01,2.983982852318190493e-01
4.303311063981219986e-01,2.982423966158240236e-01
4.304581043471090718e-01,2.980865062172780577e-01
4.305850968602497053e-01,2.979306139684214094e-01
4.307120840055870814e-01,2.977747198010392005e-01
4.308390658509595461e-01,2.976188236463889747e-01
4.309660424639593646e-01,2.974629254352498808e-01
4.310930139119553139e-01,2.973070250978925300e-01
4.312199802621152211e-01,2.971511225640495191e-01
4.313469415813857566e-01,2.969952177629378576e-01
4.314738979365235760e-01,2.968393106232183332e-01
4.316008493940654001e-01,2.966834010730303173e-01
4.316567524512421872e-01,2.966147426174707280e-01
4.317197749278863794e-01,2.965389537957552335e-01
4.318493388737105754e-01,2.963831232693971973e-01
4.319789023821755669e-01,2.962272720874552512e-01
4.321084654606578423e-01,2.960714001132433992e-01
4.322380281165603688e-01,2.959155072090958738e-01
4.323675903573133139e-01,2.957595932363593083e-01
4.324971521903949734e-01,2.956036580553598747e-01
4.326267136233273303e-01,2.954477015254005079e-01
4.327562746636753332e-01,2.952917235047548550e-01
4.328858353190120356e-01,2.951357238507011926e-01
4.330153955970014179e-01,2.949797024194147355e-01
4.331449555053084599e-01,2.948236590660682221e-01
4.332745150516331134e-01,2.946675936447834543e-01
4.334040742437414440e-01,2.945115060085852221e-01
4.335336330894145607e-01,2.943553960094550392e-01
4.336631915964942463e-01,2.941992634982680821e-01
4.337927497728134019e-01,2.940431083248690181e-01
4.339223076263125090e-01,2.938869303379227915e-01
4.340518651648921367e-01,2.937307293850849876e-01
4.341814223965526631e-01,2.935745053128240856e-01
4.343109793293082888e-01,2.934182579665171042e-01
4.344405359711749348e-01,2.932619871904562081e-01
4.345700923302739938e-01,2.931056928277138707e-01
4.346996484147041540e-01,2.929493747202896459e-01
4.348292042326120654e-01,2.927930327090160767e-01
4.349587597922038862e-01,2.926366666335356581e-01
4.350883151016866623e-01,2.924802763323630095e-01
4.352178701693340535e-01,2.923238616427962233e-01
4.353474250034123361e-01,2.921674224009976339e-01
4.354769796122606174e-01,2.920109584418876802e-01
4.356065340042344358e-01,2.918544695992035254e-01
4.357360881877049286e-01,2.916979557054915628e-01
4.358656421711150641e-01,2.915414165920289236e-01
4.359951959628985407e-01,2.913848520889135152e-01
4.361247495715314670e-01,2.912282620249912468e-01
4.362543030055409665e-01,2.910716462278358230e-01
4.363838562734507764e-01,2.909150045238058091e-01
4.365134093838457519e-01,2.907583367379559802e-01
4.366429623453222386e-01,2.906016426940878916e-01
4.367725151664871852e-01,2.904449222147414411e-01
4.369020678560238125e-01,2.902881751211047745e-01
4.370316204225710988e-01,2.901314012331506209e-01
4.371611728748820980e-01,2.899746003694342877e-01
4.372907252216577945e-01,2.898177723472845635e-01
4.374202774716536846e-01,2.896609169826645513e-01
4.375498296336683413e-01,2.895040340901748332e-01
4.376793817164837952e-01,2.893471234831156980e-01
4.378089337289420291e-01,2.891901849733833352e-01
4.379384856798819170e-01,2.890332183715360048e-01
4.380680375781805802e-01,2.888762234867328638e-01
4.381975894327117538e-01,2.887192001267742669e-01
4.383271412524022970e-01,2.885621480980213871e-01
4.384566930461615830e-01,2.884050672054716546e-01
4.385862448229426724e-01,2.882479572526731038e-01
4.387157965917128921e-01,2.880908180417486864e-01
4.388453483614373485e-01,2.879336493734055424e-01
4.389749001411178408e-01,2.877764510468758252e-01
4.391044519397477863e-01,2.876192228599604994e-01
4.392340037663617358e-01,2.874619646089571767e-01
4.393635556299861356e-01,2.873046760887084661e-01
4.394931075396548703e-01,2.871473570925714425e-01
4.396226595044339658e-01,2.869900074123755696e-01
4.397522115333773463e-01,2.868326268384646105e-01
4.398817636355531469e-01,2.866752151596526632e-01
4.400113158200409935e-01,2.865177721632150565e-01
4.401408680959139064e-01,2.863602976348986751e-01
4.402704204722679981e-01,2.862027913588726102e-01
4.403999729581799527e-01,2.860452531177684055e-01
4.405295255627619810e-01,2.858876826925997872e-01
4.406590782950744467e-01,2.857300798628568672e-01
4.407886311642282839e-01,2.855724444063684753e-01
4.409181841793153311e-01,2.854147760993741012e-01
4.410477373494047226e-01,2.852570747165154574e-01
4.411772906835873531e-01,2.850993400307690329e-01
4.413068441909391293e-01,2.849415718134776787e-01
4.414363978805099786e-01,2.847837698343510526e-01
4.415659517613803597e-01,2.846259338613826850e-01
4.416955058425678926e-01,2.844680636609510094e-01
4.418250601331439320e-01,2.843101589976626542e-01
4.419546146420980648e-01,2.841522196345048767e-01
4.420841693784482995e-01,2.839942453326965710e-01
4.422137243511761184e-01,2.838362358517542150e-01
4.423432795692611719e-01,2.836781909494344722e-01
4.424728350416374245e-01,2.835201103817744372e-01
4.426023907772464461e-01,2.833619939030115331e-01
4.427319467849825663e-01,2.832038412656365245e-01
4.428615030737250713e-01,2.830456522203392278e-01
4.429910596523182753e-01,2.828874265160183921e-01
4.431206165295832333e-01,2.827291638997524448e-01
4.432501737143104137e-01,2.825708641167933854e-01
4.433797312152450432e-01,2.824125269105701164e-01
4.435092890411188038e-01,2.822541520226335421e-01
4.436388472006022599e-01,2.820957391927005342e-01
4.437684057023295048e-01,2.819372881586075241e-01
4.438979645549177011e-01,2.817787986562710900e-01
4.440275237669019659e-01,2.816202704197524609e-01
4.441570833468084234e-01,2.814617031811514902e-01
4.442866433030713824e-01,2.813030966706926983e-01
4.444162036441212660e-01,2.811444506166011492e-01
4.445457643783054524e-01,2.809857647451831086e-01
4.446753255139108130e-01,2.808270387807824120e-01
4.448048870591944648e-01,2.806682724457257305e-01
4.449344490223272053e-01,2.805094654603755289e-01
4.450640114114208234e-01,2.803506175430801051e-01
4.451935742345238256e-01,2.801917284101610450e-01
4.453231374996258207e-01,2.800327977758916287e-01
4.454527012146309306e-01,2.798738253525114850e-01
4.455822653873633410e-01,2.797148108502031105e-01
4.457118300255946131e-01,2.795557539770402444e-01
4.458413951369947781e-01,2.793966544390305562e-01
4.459709607291548750e-01,2.792375119400700156e-01
4.461005268095883936e-01,2.790783261819231309e-01
4.462300933857148988e-01,2.789190968642251689e-01
4.463596604648571997e-01,2.787598236844670563e-01
4.464892280542362424e-01,2.786005063379837221e-01
4.466187961610088575e-01,2.784411445178882616e-01
4.467483647921803858e-01,2.782817379151615866e-01
4.468779339546896101e-01,2.781222862185285805e-01
4.470075036553554093e-01,2.779627891145046714e-01
4.471370739008705408e-01,2.778032462873845088e-01
4.472666446978351695e-01,2.776436574191808448e-01
4.473962160527120147e-01,2.774840221896611725e-01
4.475257879718482767e-01,2.773243402762997079e-01
4.476553604614648130e-01,2.771646113542721168e-01
4.477849335276554710e-01,2.770048350964354755e-01
4.479145071763608321e-01,2.768450111733409269e-01
4.480440814134150629e-01,2.766851392531552434e-01
4.481736562444886829e-01,2.765252190017108980e-01
4.483032316750906188e-01,2.763652500824831937e-01
4.484328077106310428e-01,2.762052321564911761e-01
4.485623843563029123e-01,2.760451648824234772e-01
4.486919616171833325e-01,2.758850479164915992e-01
4.488215394981732165e-01,2.757248809124828726e-01
4.489511180040022253e-01,2.755646635217330886e-01
4.490806971392390934e-01,2.754043953930916944e-01
4.492102769082387814e-01,2.752440761729654795e-01
4.493398573152451725e-01,2.750837055051690849e-01
4.494694383642358626e-01,2.749232830310947562e-01
4.495990200590592734e-01,2.747628083895202744e-01
4.497286024033302909e-01,2.746022812167155935e-01
4.498581854004723435e-01,2.744417011463674561e-01
4.499877690537198993e-01,2.742810678095531918e-01
4.501173533660646209e-01,2.741203808347847937e-01
4.502469383403104319e-01,2.739596398479163253e-01
4.503765239790277208e-01,2.737988444721775050e-01
4.505061102845450693e-01,2.736379943281602167e-01
4.506356972589881105e-01,2.734770890337457350e-01
4.507652849042191323e-01,2.733161282041557394e-01
4.508948732218545641e-01,2.731551114519062406e-01
4.510244622132946746e-01,2.729940383867454079e-01
4.511540518796339772e-01,2.728329086157408878e-01
4.512836422217416654e-01,2.726717217431538498e-01
4.514132332402081560e-01,2.725104773704805639e-01
4.515428249353400925e-01,2.723491750964330271e-01
4.516724173071804405e-01,2.721878145168881158e-01
4.518020103554715172e-01,2.720263952249077910e-01
4.519316040796596545e-01,2.718649168107071246e-01
4.520611984789015825e-01,2.717033788616195489e-01
4.521907935520479427e-01,2.715417809620912504e-01
4.523203892976216944e-01,2.713801226936808364e-01
4.524499857138430947e-01,2.712184036350013816e-01
4.525795827985714115e-01,2.710566233617659471e-01
4.527091805493901333e-01,2.708947814466529658e-01
4.528387789634671368e-01,2.707328774594540133e-01
4.529683780376769220e-01,2.705709109668926193e-01
4.530979777685137933e-01,2.704088815327042594e-01
4.532275781521105107e-01,2.702467887175851180e-01
4.533571791842205823e-01,2.700846320791852051e-01
4.534867808602243144e-01,2.699224111720718300e-01
4.536163831751260367e-01,2.697601255477037330e-01
4.537459861234834912e-01,2.695977747544904823e-01
4.538755896995297912e-01,2.694353583376094541e-01
4.540051938970020573e-01,2.692728758391910171e-01
4.541347987092708705e-01,2.691103267981258540e-01
4.542644041292578927e-01,2.689477107501376252e-01
4.543940101494317041e-01,2.687850272277581554e-01
4.545236167618434409e-01,2.686222757602507172e-01
4.546532239580564072e-01,2.684594558736680958e-01
4.547828317291829903e-01,2.682965670907741518e-01
4.549124400658576817e-01,2.681336089310460968e-01
4.550420489582341355e-01,2.679705809106461833e-01
4.551716583959556361e-01,2.678074825424265337e-01
4.553012683681658124e-01,2.676443133358833437e-01
4.554308788635154648e-01,2.674810727971146385e-01
4.555604898700887917e-01,2.673177604288810016e-01
4.556901013754833807e-01,2.671543757304706279e-01
4.558197133667091228e-01,2.669909181977935808e-01
4.559493258302356189e-01,2.668273873232878124e-01
4.560789387519744720e-01,2.666637825959070618e-01
4.562085521172535296e-01,2.665001035011191899e-01
4.563381659108008415e-01,2.663363495208913023e-01
4.564677801167635884e-01,2.661725201336306856e-01
4.565973947186608983e-01,2.660086148142092322e-01
4.567270096993988893e-01,2.658446330339085395e-01
4.568566250412533503e-01,2.656805742604056997e-01
4.569862407258350467e-01,2.655164379577810707e-01
4.571158567341128132e-01,2.653522235864523293e-01
4.572454730463839101e-01,2.651879306031749706e-01
4.573750896422549284e-01,2.650235584610293738e-01
4.575047065006439539e-01,2.648591066093803348e-01
4.576343235997524239e-01,2.646945744938750678e-01
4.577639409170756735e-01,2.645299615563914686e-01
4.578935584293560845e-01,2.643652672350590427e-01
4.580231761126009049e-01,2.642004909641976207e-01
4.581527939420563800e-01,2.640356321743106416e-01
4.582824118921737244e-01,2.638706902920895936e-01
4.584120299366536422e-01,2.637056647403167586e-01
4.585416480483465174e-01,2.635405549379528645e-01
4.586712661993405105e-01,2.633753602999834853e-01
4.588008843608346043e-01,2.632100802375407778e-01
4.589305025032241470e-01,2.630447141577525461e-01
4.590601205960249120e-01,2.628792614637982528e-01
4.591897386078671039e-01,2.627137215548742133e-01
4.593193565065221140e-01,2.625480938261174346e-01
4.594489742588155901e-01,2.623823776686740050e-01
4.595785918306740103e-01,2.622165724695965650e-01
4.597082091870687282e-01,2.620506776118727843e-01
4.598378262920360671e-01,2.618846924743557514e-01
4.599674431086161475e-01,2.617186164317981678e-01
4.600970595988825851e-01,2.615524488547702475e-01
4.602266757238887007e-01,2.613861891096834755e-01
4.603562914436682418e-01,2.612198365587447557e-01
4.604859067172188958e-01,2.610533905599320414e-01
4.606155215024830829e-01,2.608868504669729083e-01
4.607451357563027150e-01,2.607202156293565443e-01
4.608747494344648810e-01,2.605534853922283345e-01
4.610043624916262406e-01,2.603866590964396543e-01
4.611339748812845474e-01,2.602197360785378777e-01
4.612635865558522563e-01,2.600527156706226584e-01
4.613931974665078095e-01,2.598855972004900927e-01
4.615228075632740734e-01,2.597183799914826174e-01
4.616524167949687119e-01,2.595510633625038865e-01
4.617820251091739325e-01,2.593836466280083908e-01
4.619116324522083983e-01,2.592161290979881905e-01
4.620412387691503753e-01,2.590485100778919247e-01
4.621708440037706200e-01,2.588807888686616709e-01
4.623004480985428710e-01,2.587129647666675525e-01
4.624300509945896143e-01,2.585450370637269457e-01
4.625596526316986257e-01,2.583770050470305946e-01
4.626892529482746763e-01,2.582088679991530467e-01
4.628188518813239338e-01,2.580406251980198462e-01
4.629484493664289269e-01,2.578722759168871059e-01
4.630780453377559835e-01,2.577038194242773916e-01
4.632076397279699109e-01,2.575352549840368988e-01
4.633372324682564769e-01,2.573665818552517970e-01
4.634668234883133064e-01,2.571977992922043210e-01
4.635964127162617854e-01,2.570289065444325005e-01
4.637260000787098990e-01,2.568599028565917708e-01
4.638555855006218365e-01,2.566907874685692703e-01
4.639851689054129702e-01,2.565215596153021527e-01
4.641147502148114112e-01,2.563522185269012099e-01
4.642443293489177947e-01,2.561827634285154809e-01
4.643739062261291184e-01,2.560131935403724412e-01
4.645034807631397422e-01,2.558435080777184956e-01
4.646330528748861544e-01,2.556737062508321889e-01
4.647626224745528001e-01,2.555037872649560393e-01
4.648921894735384419e-01,2.553337503202809944e-01
4.650217537813942092e-01,2.551635946119664711e-01
4.651513153058382533e-01,2.549933193300602530e-01
4.652808739527083959e-01,2.548229236594985458e-01
4.654104296259394258e-01,2.546524067800736701e-01
4.655399822275200772e-01,2.544817678664280103e-01
4.656695316574794852e-01,2.543110060880082735e-01
4.657990778138494381e-01,2.541401206090516673e-01
4.659286205926455038e-01,2.539691105885461542e-01
4.660581598878100196e-01,2.537979751802411088e-01
4.661876955912241938e-01,2.536267135325656619e-01
4.663172275926134591e-01,2.534553247886880967e-01
4.664467557795963226e-01,2.532838080863846209e-01
4.665762800375853336e-01,2.531121625581034262e-01
4.667058002497659341e-01,2.529403873309254425e-01
4.668353162971099479e-01,2.527684815264781282e-01
4.669648280582943678e-01,2.525964442609741623e-01
4.670943354096553923e-01,2.524242746452043940e-01
4.672238382252378863e-01,2.522519717844011189e-01
4.673533363766340654e-01,2.520795347783833518e-01
4.674828297330919646e-01,2.519069627213407214e-01
4.676123181613339730e-01,2.517342547020045007e-01
4.677418015256537553e-01,2.515614098034456014e-01
4.678712796877784741e-01,2.513884271031867068e-01
4.680007525069128649e-01,2.512153056730691558e-01
4.681302198396048442e-01,2.510420445793599686e-01
4.682596815398302748e-01,2.508686428825632198e-01
4.683891374588441958e-01,2.506950996375446605e-01
4.685185874452141852e-01,2.505214138934113710e-01
4.686480313447350943e-01,2.503475846935499516e-01
4.687774690004247180e-01,2.501736110755560238e-01
4.689069002524784979e-01,2.499994920712166335e-01
4.690363249381946376e-01,2.498252267065341758e-01
4.691227420759246924e-01,2.497087649151064348e-01
4.692000885779539776e-01,2.496064064968180340e-01
4.693318258570725043e-01,2.494318997535402704e-01
4.694636044209266057e-01,2.492571672628813295e-01
4.695954238837553585e-01,2.490822073412781723e-01
4.697272838408851348e-01,2.489070183118405055e-01
4.698591838686818067e-01,2.487315985045034650e-01
4.699911235243585117e-01,2.485559462563766420e-01
4.701231023458501967e-01,2.483800599120109809e-01
4.702551198516521369e-01,2.482039378237177185e-01
4.703871755407666999e-01,2.480275783517485733e-01
4.705192688925333711e-01,2.478509798646360840e-01
4.706513993665058515e-01,2.476741407394774108e-01
4.707835664024095923e-01,2.474970593621147741e-01
4.709157694200188371e-01,2.473197341274278871e-01
4.710480078190488751e-01,2.471421634396126499e-01
4.711802809791372226e-01,2.469643457123435470e-01
4.713125882596887473e-01,2.467862793691252277e-01
4.714449289999313453e-01,2.466079628433638926e-01
4.715773025187456335e-01,2.464293945787491003e-01
4.717097081147068049e-01,2.462505730293530204e-01
4.718421450659661676e-01,2.460714966599518438e-01
4.719746126303444034e-01,2.458921639460636133e-01
4.721071100451925129e-01,2.457125733743059925e-01
4.722396365274440511e-01,2.455327234424986571e-01
4.723721912735870387e-01,2.453526126598790102e-01
4.725047734597146443e-01,2.451722395472139826e-01
4.726373822414638992e-01,2.449916026370692890e-01
4.727700167541425968e-01,2.448107004738242776e-01
4.729026761126501333e-01,2.446295316139733000e-01
4.730353594115808691e-01,2.444480946261804455e-01
4.731680657253132249e-01,2.442663880913562569e-01
4.733007941079738212e-01,2.440844106029099181e-01
4.734335435935534964e-01,2.439021607667959946e-01
4.735663131960213823e-01,2.437196372015658918e-01
4.736991019093091948e-01,2.435368385386015577e-01
4.738319087075203440e-01,2.433537634220412360e-01
4.739647325449397597e-01,2.431704105089828039e-01
4.740975723561819954e-01,2.429867784694985100e-01
4.742304270563186264e-01,2.428028659866797723e-01
4.743632955409822771e-01,2.426186717567166695e-01
4.744961766864823627e-01,2.424341944889628897e-01
4.746290693500314628e-01,2.422494329058477724e-01
4.747619723697760752e-01,2.420643857430622436e-01
4.748948845650312056e-01,2.418790517494623094e-01
4.750278047364501766e-01,2.416934296870624221e-01
4.751607316661506375e-01,2.415075183310919915e-01
4.752936641179124067e-01,2.413213164699509472e-01
4.754266008374089525e-01,2.411348229051187841e-01
4.755595405523089791e-01,2.409480364512459061e-01
4.756924819725609210e-01,2.407609559359876750e-01
4.758254237906001105e-01,2.405735801999457912e-01
4.759583646814484204e-01,2.403859080967628015e-01
4.760913033031252128e-01,2.401979384927737660e-01
4.762242382966899168e-01,2.400096702671789262e-01
4.763571682865866408e-01,2.398211023117877705e-01
4.764900918808442909e-01,2.396322335309646612e-01
4.766230076713509067e-01,2.394430628414684625e-01
4.767559142340191403e-01,2.392535891724453523e-01
4.768888101291826054e-01,2.390638114650884549e-01
4.770216939016939106e-01,2.388737286727228570e-01
4.771545640813438238e-01,2.386833397604267992e-01
4.772874191830166479e-01,2.384926437050285397e-01
4.774202577069942555e-01,2.383016394948867245e-01
4.775530781392695046e-01,2.381103261296536600e-01
4.776858789517980930e-01,2.379187026201222133e-01
4.778186586027798888e-01,2.377267679880278872e-01
4.779514155369440354e-01,2.375345212658399874e-01
4.780841481858933983e-01,2.373419614964624724e-01
4.782168549682839775e-01,2.371490877331698943e-01
4.783495342902708281e-01,2.369558990391505693e-01
4.784821845456924683e-01,2.367623944874245878e-01
4.786148041164057232e-01,2.365685731605380870e-01
4.787473913725995289e-01,2.363744341502822532e-01
4.788799446731107912e-01,2.361799765574018051e-01
4.790124623656966119e-01,2.359851994913631512e-01
4.791449427873513134e-01,2.357901020700491901e-01
4.792773842646382843e-01,2.355946834194255213e-01
4.794097851139814681e-01,2.353989426732593926e-01
4.795421436419552985e-01,2.352028789728338454e-01
4.796744581456177658e-01,2.350064914665906668e-01
4.798067269128306611e-01,2.348097793097838337e-01
4.799389482225434045e-01,2.346127416641799190e-01
4.800711203450679365e-01,2.344153776977641046e-01
4.802032415424853373e-01,2.342176865842399425e-01
4.803353100688364519e-01,2.340196675028450302e-01
4.804673241705131881e-01,2.338213196378558234e-01
4.805992820864857240e-01,2.336226421783308971e-01
4.807311820486688814e-01,2.334236343176355477e-01
4.808630222821913547e-01,2.332242952531021207e-01
4.809948010056617762e-01,2.330246241856874789e-01
4.811265164314892928e-01,2.328246203195374620e-01
4.812581667662158558e-01,2.326242828615222302e-01
4.813897502106940784e-01,2.324236110209978445e-01
4.814117783922117200e-01,2.323899739026672184e-01
4.815212649604448392e-01,2.322226040092839894e-01
4.815433919500661242e-01,2.321887415672992394e-01
4.816527092059432191e-01,2.320212610392387576e-01
4.816749343174306919e-01,2.319871729782423675e-01
4.817840811328563677e-01,2.318195813248972448e-01
4.818064036769176273e-01,2.317852673468521196e-01
4.819153789223064588e-01,2.316175640810612113e-01
4.819377982069281696e-01,2.315830238847305655e-01
4.820466007511883810e-01,2.314152085227930700e-01
4.820691160818298959e-01,2.313804418034288990e-01
4.821777447923461524e-01,2.312125138651164591e-01
4.822003554723283680e-01,2.311775203138416723e-01
4.823088092149407924e-01,2.310094793224095888e-01
4.823315145456086306e-01,2.309742586259415920e-01
4.824397921845910986e-01,2.308061041081382048e-01
4.824625914656358594e-01,2.307706559482601005e-01
4.825706918636710752e-01,2.306023874343354485e-01
4.825935843934147096e-01,2.305667114874178081e-01
4.827015064115672827e-01,2.303983285111303458e-01
4.827244914871913761e-01,2.303624244477321115e-01
4.828322339848785671e-01,2.301939265463543716e-01
4.828553109026650358e-01,2.301577940307988901e-01
4.829628727376259478e-01,2.299891807451219239e-01
4.829860407933011524e-01,2.299528194349034216e-01
4.830934208215622583e-01,2.297840903092397413e-01
4.831166793104178514e-01,2.297474998547720249e-01
4.832238763862576891e-01,2.295786544369577131e-01
4.832472246035383057e-01,2.295418344808966005e-01
4.833542375794487311e-01,2.293728723222914767e-01
4.833776748204640650e-01,2.293358224992828875e-01
4.834845025471101732e-01,2.291667431547702305e-01
4.835080281075921915e-01,2.291294630908036478e-01
4.836146694337689622e-01,2.289602661187881971e-01
4.836382826099827059e-01,2.289227554309321566e-01
4.837447363825705393e-01,2.287534403933372262e-01
4.837684364716699492e-01,2.287156986890782062e-01
4.838747015355866488e-01,2.285462651513414101e-01
4.838984878357428521e-01,2.285082920282753838e-01
4.840045630338942195e-01,2.283387395593434732e-01
4.840284348445431650e-01,2.283005346046698691e-01
4.841343190177709865e-01,2.281308627769924602e-01
4.841582756398543630e-01,2.280924255670100098e-01
4.842639676268819526e-01,2.279226339565319781e-01
4.842880083629978460e-01,2.278839640562703439e-01
4.843935070003735910e-01,2.277140522424237201e-01
4.844176311550655312e-01,2.276751492050447245e-01
4.845229352771037168e-01,2.275051167707387023e-01
4.845471421569397252e-01,2.274659801372659884e-01
4.846522505956596949e-01,2.272958266688770435e-01
4.846765395095182227e-01,2.272564559675843698e-01
4.847814510945807620e-01,2.270861810549444915e-01
4.848058213538132821e-01,2.270465758009332646e-01
4.849105349124545605e-01,2.268761790373179099e-01
4.849349858310421091e-01,2.268363387320957991e-01
4.850395001880059564e-01,2.266658197142103481e-01
4.850640310827325496e-01,2.266257438452337625e-01
4.851683450602000125e-01,2.264551021731998071e-01
4.851929552508394972e-01,2.264147902133848977e-01
4.852970676683562301e-01,2.262440254907251425e-01
4.853217564778291582e-01,2.262034768979985233e-01
4.854256661522304284e-01,2.260325887316211313e-01
4.854504329067181878e-01,2.259918029485309399e-01
4.855541386520519920e-01,2.258207909487132126e-01
4.855789826812130228e-01,2.257797674018635348e-01
4.856824833086604287e-01,2.256086311822344259e-01
4.857074039457031089e-01,2.255673692819453735e-01
4.858106982634966542e-01,2.253961084594679476e-01
4.858356948453226853e-01,2.253546075993104469e-01
4.859387816586629993e-01,2.251832217942631720e-01
4.859638535260530912e-01,2.251414813505136781e-01
4.860667316370219093e-01,2.249699701864713297e-01
4.860918781346456052e-01,2.249279895178485644e-01
4.861945463421183944e-01,2.247563526216624641e-01
4.862197668187657751e-01,2.247141310686851801e-01
4.863222239183206397e-01,2.245423680704626557e-01
4.863475177269103167e-01,2.244999049551699433e-01
4.864497625107354062e-01,2.243280154882540123e-01
4.864751290084474711e-01,2.242853101137080585e-01
4.865771602652463335e-01,2.241132938146557230e-01
4.866025988136357672e-01,2.240703454644656367e-01
4.867044153285299823e-01,2.238982019730261785e-01
4.867299252935513021e-01,2.238550099110120095e-01
4.868315258479815610e-01,2.236827388701049524e-01
4.868571066001070591e-01,2.236393023397932611e-01
4.869584899717316340e-01,2.234669033954858886e-01
4.869841408860113297e-01,2.234232216196931353e-01
4.870853058486025455e-01,2.232506944211775646e-01
4.871110263046999345e-01,2.232067666016255003e-01
4.872119716280388091e-01,2.230341108011954232e-01
4.872377610103091894e-01,2.229899361180418538e-01
4.873384854600774641e-01,2.228171513710693330e-01
4.873643431575855889e-01,2.227727289825333079e-01
4.874648454952560939e-01,2.225998149474451293e-01
4.874907709018203583e-01,2.225551439893757588e-01
4.875910498845451579e-01,2.223821003276296726e-01
4.876170423987837288e-01,2.223371799130610671e-01
4.877170967792801015e-01,2.221640062891216960e-01
4.877431558046009252e-01,2.221188355079128096e-01
4.878429843310353453e-01,2.219455315892279457e-01
4.878691092756611281e-01,2.219001095076333085e-01
4.879687106915314154e-01,2.217266749646095436e-01
4.879949009684935168e-01,2.216810006248912113e-01
4.880942740125087109e-01,2.215074351308701783e-01
4.881205290396450902e-01,2.214615075508931386e-01
4.882196724456036585e-01,2.212878107821271423e-01
4.882459916455696991e-01,2.212416289549202220e-01
4.883449041422351367e-01,2.210678005905485355e-01
4.883712869424127190e-01,2.210213634840332009e-01
4.884699672533881487e-01,2.208474032060581960e-01
4.884964130859539289e-01,2.208007097624868631e-01
4.885948599295537598e-01,2.206266172557500294e-01
4.886213682313540474e-01,2.205796663914724454e-01
4.887195803204744116e-01,2.204054413436311310e-01
4.887331027757220725e-01,2.203814149294676394e-01
4.887988659270376401e-01,2.202677230118871565e-01
4.888219637005470908e-01,2.202277381441718196e-01
4.889219043049787827e-01,2.200544988236360078e-01
4.889450930037601006e-01,2.200142490287974040e-01
4.890448323590518287e-01,2.198408937651338546e-01
4.890681117618744800e-01,2.198003775040599239e-01
4.891676485356939996e-01,2.196269058437526345e-01
4.891910184110871973e-01,2.195861215717826720e-01
4.892903512633789420e-01,2.194125330624730752e-01
4.893138113694305291e-01,2.193714792295555494e-01
4.894129389523886875e-01,2.191977734200946659e-01
4.894364890366262877e-01,2.191564484708032889e-01
4.895354099946679360e-01,2.189826249113045187e-01
4.895590497939780184e-01,2.189410272847856498e-01
4.896577627637159202e-01,2.187670855266780900e-01
4.896814920041193120e-01,2.187252136568509364e-01
4.897799956143358835e-01,2.185511532529335332e-01
4.898038140109539640e-01,2.185090055683548138e-01
4.899021068825744063e-01,2.183348260728509571e-01
4.899260141394005119e-01,2.182924009969221812e-01
4.900240948854669987e-01,2.181181019655354103e-01
4.900480906953204596e-01,2.180753979163879974e-01
4.901459579209658801e-01,2.179009789063577063e-01
4.901700419652713081e-01,2.178579942970468586e-01
4.902676942676937877e-01,2.176834548672054448e-01
4.902918662163942565e-01,2.176401881056674037e-01
4.903893021848316769e-01,2.174655278164974725e-01
4.904135616962525535e-01,2.174219773055929283e-01
4.905107799119570178e-01,2.172471957192856629e-01
4.905351266326384296e-01,2.172033598569005075e-01
4.906321256688515597e-01,2.170284565374142882e-01
4.906565592334317105e-01,2.169843337164689134e-01
4.907533376553596671e-01,2.168093082295891039e-01
4.907778576864136877e-01,2.167648968381273300e-01
4.908744140512029119e-01,2.165897487515263675e-01
4.908990201591375002e-01,2.165450471727047299e-01
4.909953530158502333e-01,2.163697760560030492e-01
4.910200447987230765e-01,2.163247826682145603e-01
4.911161526883134898e-01,2.161493880930424327e-01
4.911409297317088085e-01,2.161041012699410624e-01
4.912368111869993559e-01,2.159285828100008797e-01
4.912616730638847962e-01,2.158830009205580658e-01
4.913573266095428993e-01,2.157073581516873451e-01
4.913822728801336415e-01,2.156614795602367907e-01
4.914776970326482086e-01,2.154857120604720677e-01
4.915027272442329953e-01,2.154395351268239556e-01
4.915979205118921613e-01,2.152636424764653722e-01
4.916230341987358199e-01,2.152171655558802743e-01
4.917179950816039646e-01,2.150411473375567206e-01
4.917431917647479001e-01,2.149943687809084403e-01
4.918379187546438325e-01,2.148182245796435574e-01
4.918631979418052746e-01,2.147711427333992007e-01
4.919576895222800839e-01,2.145948721366782164e-01
4.919830507076718984e-01,2.145474853430264506e-01
4.920773053539876929e-01,2.143710879408634584e-01
4.921027480181964231e-01,2.143233945377343852e-01
4.921967641973049590e-01,2.141468699227406236e-01
4.922222878071333962e-01,2.140988682438924873e-01
4.923160639776552050e-01,2.139222160113452842e-01
4.923416679859534684e-01,2.138739043864735789e-01
4.924352025981575953e-01,2.136971241343860184e-01
4.924608864437178268e-01,2.136485008891132464e-01
4.925541779395014585e-01,2.134715922183044734e-01
4.925799410468609807e-01,2.134226556743429593e-01
4.926729878597298495e-01,2.132456181885095392e-01
4.926988296390510946e-01,2.131963666636804977e-01
4.927916301941001054e-01,2.130191999694681371e-01
4.928175500410094667e-01,2.129696317777981796e-01
4.929101027549036007e-01,2.127923354848746396e-01
4.929361000503515444e-01,2.127424489366535609e-01
4.930284033313073189e-01,2.125650226577817659e-01
4.930544774413917475e-01,2.125148160596903590e-01
4.931465296891590633e-01,2.123372594108028644e-01
4.931726799649903126e-01,2.122867310659633522e-01
4.932644795708346908e-01,2.121090436662372292e-01
4.932907053483947535e-01,2.120581918742735217e-01
4.933822506950799047e-01,2.118803733462058803e-01
4.934085512950289187e-01,2.118291964034084152e-01
4.934998407567999790e-01,2.116512463728932036e-01
4.935262154843790272e-01,2.115997425721973246e-01
4.936172474269458488e-01,2.114216606686022959e-01
4.936436955717761199e-01,2.113698282997686362e-01
4.937344683522973399e-01,2.111916141560135629e-01
4.937609891882240309e-01,2.111394515057242183e-01
4.938515011552918055e-01,2.109611047583595245e-01
4.938780939403000225e-01,2.109086101101716182e-01
4.939683434339242063e-01,2.107301303994580655e-01
4.939950074098647947e-01,2.106773020341343172e-01
4.940849927614591741e-01,2.104986890041232739e-01
4.941117271540239608e-01,2.104455251994709064e-01
4.942014466863913214e-01,2.102667784980854493e-01
4.942282507048342266e-01,2.102132775292990530e-01
4.943177027321533634e-01,2.100343968084160129e-01
4.943445755692499333e-01,2.099805569479492595e-01
4.944337583970619399e-01,2.098015418634816276e-01
4.944606992288508862e-01,2.097473613813537752e-01
4.945496111540469975e-01,2.095682115933343581e-01
4.945766191397361067e-01,2.095136887571109607e-01
4.946652584505453754e-01,2.093344039297766468e-01
4.946923327323607400e-01,2.092795370046633963e-01
4.947806977083382685e-01,2.091001168065400040e-01
4.948078374112985789e-01,2.090449040556311144e-01
4.948959263233150274e-01,2.088653481596192962e-01
4.949231305551597959e-01,2.088097878438358035e-01
4.950109416653903915e-01,2.086300959272976985e-01
4.950382095163674556e-01,2.085741863056123080e-01
4.951257410782823332e-01,2.083943580504588333e-01
4.951530716210121863e-01,2.083380973799666414e-01
4.952403218793670070e-01,2.081581324727456161e-01
4.952677141686677720e-01,2.081015190088177091e-01
4.953546813594950637e-01,2.079214171408029499e-01
4.953821344322617559e-01,2.078644491371292313e-01
4.954688167828625311e-01,2.076842100044101191e-01
4.954963296578482890e-01,2.076268857132476664e-01
4.955827253867848836e-01,2.074465090168198522e-01
4.956102970645163697e-01,2.073888266889644394e-01
4.956964043816051158e-01,2.072083121348210211e-01
4.957240338441716299e-01,2.071502700198434022e-01
4.958098509504767493e-01,2.069696173190670729e-01
4.958375371613765181e-01,2.069112136654332468e-01
4.959230622492046270e-01,2.067304225342891932e-01
4.959508041532296740e-01,2.066716555894011209e-01
4.960360354061243426e-01,2.064907257494308090e-01
4.960638319291492682e-01,2.064315937598715789e-01
4.961487675218871352e-01,2.062505249379869010e-01
4.961766175707400528e-01,2.061910261495953911e-01
4.962612556693268839e-01,2.060098180781743671e-01
4.962891581316414835e-01,2.059499507361624293e-01
4.963734968933092295e-01,2.057686031531447690e-01
4.964014506373318758e-01,2.057083655023124180e-01
4.964854882105364520e-01,2.055268781512968046e-01
4.965134920850183264e-01,2.054662684360680780e-01
4.965972266094378362e-01,2.052846410664094234e-01
4.966252794434204976e-01,2.052236575311008893e-01
4.967087090499546775e-01,2.050418898980089222e-01
4.967368096526780796e-01,2.049805307868358684e-01
4.968199324634477443e-01,2.047986226514742492e-01
4.968480796241305231e-01,2.047368862088370656e-01
4.969308937524785641e-01,2.045548373384233343e-01
4.969590862402142317e-01,2.044927218089447885e-01
4.970415897907066727e-01,2.043105319768511174e-01
4.970698263542712714e-01,2.042480356056099178e-01
4.971520174226995992e-01,2.040657045914645862e-01
4.971802967904304649e-01,2.040028256240762894e-01
4.972621734638142388e-01,2.038203532138660456e-01
4.972904943434084402e-01,2.037570898967446253e-01
4.973720546999993997e-01,2.035744758829176326e-01
4.974004157784200353e-01,2.035108264633009589e-01
4.974816578877060969e-01,2.033280706448707398e-01
4.975100578309736288e-01,2.032640333711060732e-01
4.975909797536844925e-01,2.030811355537560925e-01
4.976194172067449628e-01,2.030167086754170458e-01
4.977000169948583297e-01,2.028336686716060155e-01
4.977284905814554072e-01,2.027688504396044367e-01
4.978087662782034739e-01,2.025856680686723976e-01
4.978372746006819449e-01,2.025204567355287644e-01
4.979172242405595084e-01,2.023371318238041949e-01
4.979457658797357689e-01,2.022715256437704889e-01
4.980253874885091081e-01,2.020880580246777192e-01
4.980539610035287779e-01,2.020220552538932735e-01
4.981332525982448134e-01,2.018384447680609539e-01
4.981618565264248066e-01,2.017720436647478799e-01
4.982408161154216475e-01,2.015882901601182275e-01
4.982694489720780329e-01,2.015214889848142288e-01
4.983480745549965230e-01,2.013375923167528281e-01
4.983767348333477676e-01,2.012703893323742610e-01
4.984550244011433651e-01,2.010863493637807253e-01
4.984837105721136585e-01,2.010187428359206940e-01
4.985616621070698695e-01,2.008345594373399934e-01
4.985903726191673324e-01,2.007665476343982736e-01
4.986679840949096998e-01,2.005822206841329225e-01
4.986967173740598502e-01,2.005138018775550479e-01
4.987739867555712192e-01,2.003293312617779320e-01
4.988027412050116127e-01,2.002605037261536713e-01
4.988796664486477850e-01,2.000758893390216508e-01
4.989084404487340030e-01,2.000066513523993672e-01
4.989850195022411117e-01,1.998218930961674911e-01
4.990138114103458977e-01,1.997522429401521749e-01
4.990900422128781710e-01,1.995673407252886444e-01
4.991188503632160711e-01,1.994972766853227442e-01
4.991947308453549836e-01,1.993122304306247927e-01
4.992235535488638298e-01,1.992417507961379008e-01
4.992990816326381420e-01,1.990565604288480617e-01
4.993279171768430502e-01,1.989856634934538959e-01
4.994030907757494586e-01,1.988003289493771863e-01
4.994319374245948517e-01,1.987290130111545872e-01
4.995067544436206930e-01,1.985435342347763032e-01
4.995356104373601669e-01,1.984717975964142289e-01
4.996100687730062329e-01,1.982861745410184340e-01
4.996389323280575057e-01,1.982140155100531598e-01
4.997130298683623018e-01,1.980282481378419501e-01
4.997418991771790386e-01,1.979556650268566309e-01
4.998156338017440969e-01,1.977697533090697624e-01
4.998445070326599793e-01,1.976967444359719606e-01
4.999178766126763929e-01,1.975106883530076685e-01
4.999467519098089729e-01,1.974372520411617760e-01
5.000197543080847629e-01,1.972510515826976507e-01
5.000486297911804767e-01,1.971771861612113541e-01
5.001212628621692913e-01,1.969908413263263824e-01
5.001501366264687887e-01,1.969165451302945236e-01
5.002223982162996574e-01,1.967300559275915184e-01
5.002512683324258358e-01,1.966553272982869693e-01
5.003231562789344222e-01,1.964686937460155824e-01
5.003520207927715235e-01,1.963935310311107907e-01
5.004235329255318776e-01,1.962067531572914136e-01
5.004523898580884866e-01,1.961311547111268538e-01
5.005235239984463513e-01,1.959442325536747964e-01
5.005523713457269430e-01,1.958681967375152100e-01
5.006231253068343934e-01,1.956811303443658223e-01
5.006519610397343056e-01,1.956046555266008347e-01
5.007223326265857200e-01,1.954174449558350180e-01
5.007511546907743583e-01,1.953405295122183361e-01
5.008211417002427224e-01,1.951531748321887194e-01
5.008499480160220063e-01,1.950758171461508816e-01
5.009195482368976604e-01,1.948883184356085818e-01
5.009483366991187570e-01,1.948105168984226032e-01
5.010175479121482534e-01,1.946228742466445394e-01
5.010463163900681360e-01,1.945446272577602831e-01
5.011151363679956505e-01,1.943568407646770746e-01
5.011438827051968303e-01,1.942781467318940303e-01
5.012123092128054624e-01,1.940902165082185327e-01
5.012410312270584312e-01,1.940110738480221031e-01
5.013090620212138360e-01,1.938230000153782218e-01
5.013377575043845846e-01,1.937434071531616564e-01
5.014053903340794927e-01,1.935551898442140761e-01
5.014340570520312568e-01,1.934751452145253015e-01
5.015012896584311042e-01,1.932867845731094381e-01
5.015299253509055699e-01,1.932062866199630580e-01
5.015967554673960160e-01,1.930177828012156205e-01
5.016253578479178410e-01,1.929368299783500995e-01
5.016917832001533961e-01,1.927481831488401520e-01
5.017203499559450552e-01,1.926667739199547646e-01
5.017863682618985965e-01,1.924779842578154265e-01
5.018148970537720244e-01,1.923961170968819523e-01
5.018805060237865323e-01,1.922071847919421816e-01
5.019089944860432029e-01,1.921248581835030000e-01
5.019741918228846078e-01,1.919357834374202931e-01
5.020026375632503646e-01,1.918529958767968280e-01
5.020674209621609485e-01,1.916637789031901962e-01
5.020958215616784237e-01,1.915805288968245867e-01
5.021601887104329975e-01,1.913911699214077555e-01
5.021885417233704629e-01,1.913074559871640878e-01
5.022524903023332099e-01,1.911179552478794452e-01
5.022807932561220712e-01,1.910337759152779813e-01
5.023443209383048336e-01,1.908441336624308871e-01
5.023725713334529219e-01,1.907594874729560963e-01
5.024356757845751531e-01,1.905697039693492745e-01
5.024638710945720232e-01,1.904845894768011083e-01
5.025265499731220720e-01,1.902946649978699556e-01
5.025546876443974798e-01,1.902090807685611340e-01
5.026169386016955398e-01,1.900190156025088617e-01
5.026450160535100853e-01,1.899329602156816232e-01
5.027068367337725885e-01,1.897427546636152040e-01
5.027348513581906264e-01,1.896562267116175260e-01
5.027962393985958567e-01,1.894658810876835853e-01
5.028241885603752515e-01,1.893788791764149382e-01
5.028851415911310685e-01,1.891883938079363947e-01
5.029130226277036542e-01,1.891009165570231298e-01
5.029735382721161052e-01,1.889102917846357255e-01
5.030013484935019763e-01,1.888223378278260367e-01
5.030614243680461284e-01,1.886315740056153933e-01
5.030891610568002381e-01,1.885431419910849893e-01
5.031487947711920095e-01,1.883522394867240268e-01
5.031764551823646459e-01,1.882633280773538809e-01
5.032356443396343026e-01,1.880722872722402628e-01
5.032632257007108034e-01,1.879828951459683040e-01
5.033219678972786770e-01,1.877917164353622992e-01
5.033494674081359088e-01,1.877018422855002422e-01
5.034077602338888902e-01,1.875105260786627259e-01
5.034351750667495073e-01,1.874201686142306644e-01
5.034930161051197617e-01,1.872287153345613686e-01
5.035203434045258941e-01,1.871378732805756562e-01
5.035777302325705751e-01,1.869462833657517253e-01
5.036049671153369767e-01,1.868549554635911547e-01
5.036618973038204938e-01,1.866632293657055630e-01
5.036890408589991264e-01,1.865714143734577002e-01
5.037455119724763009e-01,1.863795525591582514e-01
5.037725592613485626e-01,1.862872492518874989e-01
5.038285688582495592e-01,1.860952522025155209e-01
5.038555169142754364e-01,1.860024593726901931e-01
5.039110625469930271e-01,1.858103275844197599e-01
5.039379083758124267e-01,1.857170440421800628e-01
5.039929875907901424e-01,1.855247780261570500e-01
5.040197281702043508e-01,1.854310025996621925e-01
5.040743385080266314e-01,1.852386028821434716e-01
5.041009707879646751e-01,1.851443344179931616e-01
5.041551097834491291e-01,1.849518015404859606e-01
5.041816306859917551e-01,1.848570389039542738e-01
5.042352958682823072e-01,1.846643734233554268e-01
5.042617022876288990e-01,1.845691154988413629e-01
5.043148911802918244e-01,1.843763179875766434e-01
5.043411799827838271e-01,1.842805636788736046e-01
5.043938901039042300e-01,1.840876347250371969e-01
5.044200581280021689e-01,1.839913829557843494e-01
5.044722869902836804e-01,1.837983231632779602e-01
5.044983310466181203e-01,1.837015728771631551e-01
5.045500761574828186e-01,1.835083828658355398e-01
5.045759930288066242e-01,1.834111330271758489e-01
5.046272518904983961e-01,1.832178134329618124e-01
5.046530383317737734e-01,1.831200630268066953e-01
5.047038084414616765e-01,1.829266145018663414e-01
5.047294611798225361e-01,1.828283625345822061e-01
5.047797400297077131e-01,1.826347857474398817e-01
5.048052557645147376e-01,1.825360312469687385e-01
5.048550408419382185e-01,1.823423268826519783e-01
5.048804162448131683e-01,1.822430688988641023e-01
5.049297050323654501e-01,1.820492376590423511e-01
5.049549367472137007e-01,1.819494752641567514e-01
5.050037267228463245e-01,1.817555178672799476e-01
5.050288113658976119e-01,1.816552501562352928e-01
5.050771000030371827e-01,1.814611673376721190e-01
5.051020341629059995e-01,1.813603934284404862e-01
5.051498189305688724e-01,1.811661859406165920e-01
5.051745991682868864e-01,1.810649049746471395e-01
5.052218775311970722e-01,1.808705735871829756e-01
5.052465003802779631e-01,1.807687847297415051e-01
5.052932697989855892e-01,1.805743302295899633e-01
5.053177317654821143e-01,1.804720326701509114e-01
5.053639896964849942e-01,1.802774558617345202e-01
5.053882872590510500e-01,1.801746488143720348e-01
5.054340311549175846e-01,1.799799505197201277e-01
5.054581607648868102e-01,1.798766332234573995e-01
5.055033880743805552e-01,1.796818142823425335e-01
5.055273461558400516e-01,1.795779860015428164e-01
5.055720543240463938e-01,1.793830472716171076e-01
5.055958372739076667e-01,1.792787072964111550e-01
5.056400237423629429e-01,1.790836496533421696e-01
5.056636279304476123e-01,1.789787973000174781e-01
5.057072901372696716e-01,1.787836216376235687e-01
5.057307119064297085e-01,1.786782562488877790e-01
5.057738472864500290e-01,1.784829634792730324e-01
5.057970829526199363e-01,1.783770844248393772e-01
5.058396889375188499e-01,1.781816754785282009e-01
5.058627347898542181e-01,1.780752821553497345e-01
5.059048088082968020e-01,1.778797579814206387e-01
5.059276611092604625e-01,1.777728498141779856e-01
5.059692005870354281e-01,1.775772113803972818e-01
5.059918555725255729e-01,1.774697878218297054e-01
5.060328579326852649e-01,1.772740361147839838e-01
5.060553118121450256e-01,1.771660966461277575e-01
5.060957744751484189e-01,1.769702326713564755e-01
5.061180234316912108e-01,1.768617768027408443e-01
5.061579438155479060e-01,1.766658015848678043e-01
5.061799840060984268e-01,1.765568288556655652e-01
5.062193595265148671e-01,1.763607434385298656e-01
5.062411870819309989e-01,1.762512534178259371e-01
5.062800151524595726e-01,1.760550588646123682e-01
5.063016261776829285e-01,1.759450511515668059e-01
5.063399042098715164e-01,1.757487485449354125e-01
5.063612947840787637e-01,1.756382227691700715e-01
5.063990201876239494e-01,1.754418132113849116e-01
5.064201863643742474e-01,1.753307690334216518e-01
5.064573565472749728e-01,1.751342536464789434e-01
5.064782943546757288e-01,1.750226907581154956e-01
5.065149067233902791e-01,1.748260706838709044e-01
5.065356121642636822e-01,1.747139888085877113e-01
5.065716641238677820e-01,1.745172652088826937e-01
5.065921331759174473e-01,1.744046641022799771e-01
5.066276221302651317e-01,1.742078381590674019e-01
5.066478507462667258e-01,1.740947176092078053e-01
5.066827740981523220e-01,1.738977905246765765e-01
5.067027582061244262e-01,1.737841503525752729e-01
5.067371133574475328e-01,1.735871233492741472e-01
5.067568488608635846e-01,1.734729634091876638e-01
5.067906332127951607e-01,1.732758377301480135e-01
5.068101159907575370e-01,1.731611579101229315e-01
5.068433269439091005e-01,1.729639348189804526e-01
5.068625528513758249e-01,1.728487350411304357e-01
5.068951878059694272e-01,1.726514158222460238e-01
5.069141526739496806e-01,1.725356960432539444e-01
5.069462090299909907e-01,1.723382820018333483e-01
5.069649086657761483e-01,1.722220422132768325e-01
5.069963838232288689e-01,1.720245346754892546e-01
5.070148140106058854e-01,1.719077749043183556e-01
5.070457053695686112e-01,1.717101752174139961e-01
5.070638618690560540e-01,1.715928955263257838e-01
5.070941668299410177e-01,1.713952050587521092e-01
5.071120453790254334e-01,1.712774055466086132e-01
5.071417613427393611e-01,1.710796256881256805e-01
5.071593576561261862e-01,1.709613064903190427e-01
5.071884820242527070e-01,1.707634386521131586e-01
5.072057917941098504e-01,1.706445999410236558e-01
5.072343219690949034e-01,1.704466455558202864e-01
5.072513408653147593e-01,1.703272875411952769e-01
5.072792742506531116e-01,1.701292480633703197e-01
5.072959979211106862e-01,1.700093709927808505e-01
5.073233319215350035e-01,1.698112478984706575e-01
5.073397559923790157e-01,1.696908520575841905e-01
5.073664880140504874e-01,1.694926468447943702e-01
5.073826080899600521e-01,1.693717325579315036e-01
5.074087355406615707e-01,1.691734467466440850e-01
5.074245472051436279e-01,1.690520143771083172e-01
5.074500674944748546e-01,1.688536495093877210e-01
5.074655663101584890e-01,1.687316994598505038e-01
5.074904768497325858e-01,1.685332570999479029e-01
5.075056583586631254e-01,1.684107898129029723e-01
5.075299565623058173e-01,1.682122715473591545e-01
5.075448162862609136e-01,1.680892875054493807e-01
5.075684995702112179e-01,1.678906949431962226e-01
5.075830330110053801e-01,1.677671946696939476e-01
5.076060987941188873e-01,1.675685294421540295e-01
5.076203014339292219e-01,1.674445135013259978e-01
5.076427471378829326e-01,1.672457772625109973e-01
5.076566144395827651e-01,1.671212462599744597e-01
5.076784374890820351e-01,1.669224406865814359e-01
5.076919648965732001e-01,1.667973952697263673e-01
5.077131627195603514e-01,1.665985220612328788e-01
5.077263456581080359e-01,1.664729629196997907e-01
5.077469156859739652e-01,1.662740237984568770e-01
5.077597495625780777e-01,1.661479516643314946e-01
5.077796892303739762e-01,1.659489483756550476e-01
5.077921694341051007e-01,1.658223640240676922e-01
5.078114761807580591e-01,1.656232983363281619e-01
5.078235980831369289e-01,1.654962025857066032e-01
5.078422693516662090e-01,1.652970762904166779e-01
5.078540283070308581e-01,1.651694700029209262e-01
5.078720615447669395e-01,1.649702849148214634e-01
5.078834528906539525e-01,1.648421689967205228e-01
5.079008455494585794e-01,1.646429269538645379e-01
5.079118646069922249e-01,1.645143023558932605e-01
5.079286141434810053e-01,1.643150052197280553e-01
5.079392562177632575e-01,1.641858729375278714e-01
5.079553600935301505e-01,1.639865225929750259e-01
5.079656204740488068e-01,1.638568836673977847e-01
5.079810761558921639e-01,1.636574820229313443e-01
5.079909501169282970e-01,1.635273375404356355e-01
5.080057550770789021e-01,1.633278865281580505e-01
5.080152378781224165e-01,1.631972376212112441e-01
5.080293895944736349e-01,1.629977391969273937e-01
5.080384764806509246e-01,1.628665870443249952e-01
5.080519724369898515e-01,1.626670431876138800e-01
5.080606586394925683e-01,1.625353890148953095e-01
5.080734963257346193e-01,1.623358017291799682e-01
5.080817770622638729e-01,1.622036468089211869e-01
5.080939539746871514e-01,1.620040181215358643e-01
5.081018244498947123e-01,1.618713637737989874e-01
5.081133380913779307e-01,1.616716957360544993e-01
5.081207934973281937e-01,1.615385433286202765e-01
5.081316413775891494e-01,1.613388380158670421e-01
5.081386768942135479e-01,1.612051889647200253e-01
5.081488565300498195e-01,1.610054484764085192e-01
5.081554673256210020e-01,1.608713042459965215e-01
5.081649762411527549e-01,1.606715307057357267e-01
5.081711574727615366e-01,1.605368928093233727e-01
5.081799931996753283e-01,1.603370883649367085e-01
5.081857400137129721e-01,1.602019583649703927e-01
5.081939000915076665e-01,1.600021251885490603e-01
5.081992076241588219e-01,1.598665046969920678e-01
5.082066896003933909e-01,1.596666449849461489e-01
5.082115529781369156e-01,1.595305356635563221e-01
5.082183544086790183e-01,1.593306516366634062e-01
5.082227687487906875e-01,1.591940551974348750e-01
5.082288871980683576e-01,1.589941491008858565e-01
5.082328476091408920e-01,1.588570673062076055e-01
5.082382806503938921e-01,1.586571414096503152e-01
5.082417822328525459e-01,1.585195760728036196e-01
5.082465274483873863e-01,1.583196326703835699e-01
5.082495652950234089e-01,1.581815856556977595e-01
5.082536202764683653e-01,1.579816270660962529e-01
5.082561894729726859e-01,1.578431002893602997e-01
5.082595518215349273e-01,1.576431288558300114e-01
5.082616474470420531e-01,1.575041242845806877e-01
5.082643147737666567e-01,1.573041423749784451e-01
5.082659319014070087e-01,1.571646620287331653e-01
5.082679018274368632e-01,1.569646720355498681e-01
5.082690355248928871e-01,1.568247179861849139e-01
5.082703056817302611e-01,1.566247223265729016e-01
5.082709510118031959e-01,1.564842966985560135e-01
5.082715190415727502e-01,1.562842978143534067e-01
5.082716710627546153e-01,1.561434027850547857e-01
5.082715346184679683e-01,1.559434031428069689e-01
5.082711883855210999e-01,1.558020409427659236e-01
5.082703451313428378e-01,1.556020430337442806e-01
5.082694956958868637e-01,1.554602159469131717e-01
5.082679433074012154e-01,1.552602222871308502e-01
5.082665857185068026e-01,1.551179326512086010e-01
5.082643218829867582e-01,1.549179457814330585e-01
5.082624511877770201e-01,1.547751959880867834e-01
5.082594736044540040e-01,1.545752184738496682e-01
5.082570848487105719e-01,1.544320109688814002e-01
5.082533912290450040e-01,1.542320454004852404e-01
5.082504794578256435e-01,1.540883826842760207e-01
5.082460675257799432e-01,1.538884316767978322e-01
5.082426277840370599e-01,1.537443163043409611e-01
5.082374952763488718e-01,1.535443824976327754e-01
5.082335226095603398e-01,1.533998170789118709e-01
5.082276672760170921e-01,1.531999031375980147e-01
5.082231567308201914e-01,1.530548903377413061e-01
5.082165763345352083e-01,1.528549989512127394e-01
5.082115229593682226e-01,1.527095414907269633e-01
5.082042152770573917e-01,1.525096753731322308e-01
5.081986141228097553e-01,1.523637760281468245e-01
5.081905769450697496e-01,1.521639379183797880e-01
5.081844230657339700e-01,1.520175995207810327e-01
5.081756541973208030e-01,1.518177921824652443e-01
5.081689426506583729e-01,1.516710176202044347e-01
5.081594399107680626e-01,1.514712438416745133e-01
5.081521657589720409e-01,1.513240360588269384e-01
5.081419269815210527e-01,1.511242986531061983e-01
5.081340852918960760e-01,1.509766606501899977e-01
5.081231083258034298e-01,1.507769624549650800e-01
5.081146941714402843e-01,1.506288972889886224e-01
5.081029768809101066e-01,1.504292411665802964e-01
5.080939853413781737e-01,1.502807519513277845e-01
5.080815256061836926e-01,1.500811407886588622e-01
5.080719517682175113e-01,1.499322306947379890e-01
5.080587474839850515e-01,1.497326674032972427e-01
5.080485864421899755e-01,1.495833396584018704e-01
5.080346355206841746e-01,1.493838271742048696e-01
5.080238823782362578e-01,1.492340850631859450e-01
5.080091827476463928e-01,1.490346263467320354e-01
5.079978326170010439e-01,1.488844732117148295e-01
5.079823822222268026e-01,1.486850712479409198e-01
5.079704302258440940e-01,1.485345104885649192e-01
5.079542270287836780e-01,1.483351682867951882e-01
5.079416682998372234e-01,1.481842033601715736e-01
5.079247102796741187e-01,1.479849239540642070e-01
5.079115399627911476e-01,1.478335583750415572e-01
5.078938251162833373e-01,1.476343448225312660e-01
5.078800383682682273e-01,1.474825821636868706e-01
5.078615647100366282e-01,1.472834375469240509e-01
5.078471567006123122e-01,1.471312814386903922e-01
5.078279222634298762e-01,1.469322088639765933e-01
5.078128881759830238e-01,1.467796629947528408e-01
5.077928910110648397e-01,1.465806655924723478e-01
5.077772260433909279e-01,1.464277337086543895e-01
5.077564642206842116e-01,1.462288146332022809e-01
5.077401635857408113e-01,1.460755005392533612e-01
5.077186351942148956e-01,1.458766629689595973e-01
5.077016941208847278e-01,1.457229705275072673e-01
5.076793972688223855e-01,1.455242176645570873e-01
5.076618110026689390e-01,1.453701507963724993e-01
5.076387438179564837e-01,1.451714858667230990e-01
5.076205076219972856e-01,1.450170485508066320e-01
5.075966682524162277e-01,1.448184748040998449e-01
5.075777774078912286e-01,1.446636710776779966e-01
5.075531640214092644e-01,1.444651917871490610e-01
5.075336138285626575e-01,1.443100257457309299e-01
5.075082246136251030e-01,1.441116442081136484e-01
5.074880103924747088e-01,1.439561200054087220e-01
5.074618435582951559e-01,1.437578395408365128e-01
5.074409606494286740e-01,1.436019613888428748e-01
5.074140144262809793e-01,1.434037853407458818e-01
5.073924581916393617e-01,1.432475575096915643e-01
5.073647308311483028e-01,1.430494892446899646e-01
5.073424966548176762e-01,1.428929160630044437e-01
5.073139864302503854e-01,1.426949589707976196e-01
5.072910697192618557e-01,1.425380448251048204e-01
5.072617749258183650e-01,1.423402023183567844e-01
5.072381711109368307e-01,1.421829516533504312e-01
5.072080900660407288e-01,1.419852271675710043e-01
5.071837946025842259e-01,1.418276444860734065e-01
5.071529256461733137e-01,1.416300414794955664e-01
5.071279340148028281e-01,1.414721313422764581e-01
5.070962755096185548e-01,1.412746532957294965e-01
5.070705832171578109e-01,1.411164203214974600e-01
5.070381335490351526e-01,1.409190707382763086e-01
5.070117361292820757e-01,1.407605196035847939e-01
5.069784937074388598e-01,1.405633020093151053e-01
5.069513867219648251e-01,1.404044374483647273e-01
5.069173499792898330e-01,1.402073553908639025e-01
5.068895290182854341e-01,1.400481821955612827e-01
5.068546964116268372e-01,1.398512392446955022e-01
5.068261570946908101e-01,1.396917622643467360e-01
5.067905271051433846e-01,1.394949620118839106e-01
5.067612650821249343e-01,1.393351861531768876e-01
5.067248362153166097e-01,1.391385322126352797e-01
5.066948471671359755e-01,1.389784624394712342e-01
5.066576179535144941e-01,1.387819584459643318e-01
5.066268975929760776e-01,1.386215997792314414e-01
5.065888665880933228e-01,1.384252493893082803e-01
5.065574106607283467e-01,1.382646069067910433e-01
5.065185764455251149e-01,1.380684137982726711e-01
5.064863807304130772e-01,1.379074926344283358e-01
5.064467419115024072e-01,1.377114605062401964e-01
5.064138022221074120e-01,1.375502658520324772e-01
5.063733574320570252e-01,1.373543984240323257e-01
5.063396696170431310e-01,1.371929355266475747e-01
5.062984175146567623e-01,1.369972365394495073e-01
5.062639774587438524e-01,1.368355107021906880e-01
5.062219167293414701e-01,1.366399839169848973e-01
5.061867203541133842e-01,1.364780004989185336e-01
5.061438497098104117e-01,1.362826496972869839e-01
5.061078929745717048e-01,1.361204141131100442e-01
5.060642111545567978e-01,1.359252430968378444e-01
5.060274900571517520e-01,1.357627608165488664e-01
5.059829958279635775e-01,1.355677734074315910e-01
5.059455064056147533e-01,1.354050499560836285e-01
5.059001985614169916e-01,1.352102499957304749e-01
5.058619368915572290e-01,1.350472909531393317e-01
5.058158142544126878e-01,1.348526823027719479e-01
5.057767764555236578e-01,1.346894933032421193e-01
5.057298378756664992e-01,1.344950798434894068e-01
5.056900201081154789e-01,1.343316665755213413e-01
5.056422644642223352e-01,1.341374522062101504e-01
5.056016629310743360e-01,1.339738204120929366e-01
5.055530891305329844e-01,1.337798090520344041e-01
5.055117000784147274e-01,1.336159645276467911e-01
5.054623070575924304e-01,1.334221601144185698e-01
5.054201267774949269e-01,1.332581087087686411e-01
5.053699135020036648e-01,1.330645151984932162e-01
5.053269383301279838e-01,1.329002628134252351e-01
5.052759037950889098e-01,1.327068841805436605e-01
5.052321301136677434e-01,1.325424367703408601e-01
5.051802733439734183e-01,1.323492770073827762e-01
5.051356975821144069e-01,1.321846405784472545e-01
5.050830176326890353e-01,1.319917036957964362e-01
5.050376362671615826e-01,1.318268843061123075e-01
5.049841322232193619e-01,1.316341743317683555e-01
5.049379417793178337e-01,1.314691780906440677e-01
5.048836127566191934e-01,1.312766990699798242e-01
5.048366098089611675e-01,1.311115321375440623e-01
5.047814549540671214e-01,1.309192881330589198e-01
5.047336361274239458e-01,1.307539567198727215e-01
5.046776546179480016e-01,1.305619518109419341e-01
5.046290165880424894e-01,1.303964621774900412e-01
5.045722076329005601e-01,1.302047004601099567e-01
5.045227471272314412e-01,1.300390589163857580e-01
5.044651099668892025e-01,1.298475445029149133e-01
5.044148237655504685e-01,1.296817574079806579e-01
5.043563576722687181e-01,1.294904944268767955e-01
5.043052426087216711e-01,1.293245681882668752e-01
5.042459468867986905e-01,1.291335607838201005e-01
5.041939998487130481e-01,1.289675018571720400e-01
5.041338738347251880e-01,1.287767541892338441e-01
5.040810917647450262e-01,1.286105690776733479e-01
5.040201348277839610e-01,1.284200853213816884e-01
5.039665147243496124e-01,1.282537805750861570e-01
5.039047262662577076e-01,1.280635649205864868e-01
5.038502651843647095e-01,1.278971471361528278e-01
5.037876446399671693e-01,1.277072037883153210e-01
5.037323396919789475e-01,1.275406796082963756e-01
5.036688865293136308e-01,1.273510127864290464e-01
5.036127348857220021e-01,1.271843888987101157e-01
5.035484486062659082e-01,1.269950028362683281e-01
5.034914474964817810e-01,1.268282859735374024e-01
5.034263276353749816e-01,1.266391849178290507e-01
5.033684743484772017e-01,1.264723818569270519e-01
5.033025204747438863e-01,1.262835700688144103e-01
5.032438123602739344e-01,1.261166876302228512e-01
5.031770240770405689e-01,1.259281693838201488e-01
5.031174585457300896e-01,1.257612144309552538e-01
5.030498354904398006e-01,1.255729940133228639e-01
5.029894100149795433e-01,1.254059734519585023e-01
5.029209518596042816e-01,1.252180551627929683e-01
5.028596639753912800e-01,1.250509759404203336e-01
5.027903704266400986e-01,1.248633640917409110e-01
5.027282177325117507e-01,1.246962331969012627e-01
5.026580885320360848e-01,1.245089321127328674e-01
5.025950686909941290e-01,1.243417565743289016e-01
5.025241036155898566e-01,1.241547705903810056e-01
5.024602143555696454e-01,1.239875574771118483e-01
5.023884132173757067e-01,1.238008909404541003e-01
5.023236523318903579e-01,1.236336473599290581e-01
5.022510149785835987e-01,1.234473046286631431e-01
5.021853803275198036e-01,1.232800377269188535e-01
5.021119066425069333e-01,1.230940231698468973e-01
5.020453961527580056e-01,1.229267401304486446e-01
5.019710860553634468e-01,1.227410581267378703e-01
5.019036977215783901e-01,1.225737661701879200e-01
5.018285511672284649e-01,1.223884211090321694e-01
5.017602830524596769e-01,1.222211274919283996e-01
5.016843000328637947e-01,1.220361237722059622e-01
5.016151502692801634e-01,1.218688357865747862e-01
5.015383308126073469e-01,1.216841778165028143e-01
5.014682976021458405e-01,1.215169027889858311e-01
5.013906417731981424e-01,1.213325949857715358e-01
5.013197233882286108e-01,1.211653402768574084e-01
5.012412312886100896e-01,1.209813870663459523e-01
5.011694260725982897e-01,1.208141600696062135e-01
5.010900978408807660e-01,1.206305658859251340e-01
5.010174042090173030e-01,1.204633740271803255e-01
5.009372400209012310e-01,1.202801433123809605e-01
5.008636564607606978e-01,1.201129940489461811e-01
5.007826565292328169e-01,1.199301312526417918e-01
5.007081816013776443e-01,1.197630320724571984e-01
5.006263461768641898e-01,1.195805416514579833e-01
5.005509785154551583e-01,1.194135000722456319e-01
5.004683078859706313e-01,1.192313864901906884e-01
5.003920461994068036e-01,1.190644100586895071e-01
5.003085406906989663e-01,1.188826777856758221e-01
5.002313837621686909e-01,1.187157740766883740e-01
5.001470437378591205e-01,1.185344275888966792e-01
5.000689904259623120e-01,1.183676042045086474e-01
4.999838162876826253e-01,1.181866479838264428e-01
4.999048655269787700e-01,1.180199125524744042e-01
4.998188577145024625e-01,1.178393510861162341e-01
4.997390085160878792e-01,1.176727112617321908e-01
4.996521675074577784e-01,1.174925490418569224e-01
4.995714189595090726e-01,1.173260125029552403e-01
4.994837452711602399e-01,1.171462540262805385e-01
4.994020965394667666e-01,1.169798284750352135e-01
4.993135907263446804e-01,1.168004782424497123e-01
4.992310410548727595e-01,1.166341714038501565e-01
4.991417037105476129e-01,1.164552339200223552e-01
4.990582524219082661e-01,1.162890535408466208e-01
4.989680841786837684e-01,1.161105333138318374e-01
4.988837306746628508e-01,1.159444871617622275e-01
4.987927322036806999e-01,1.157663887026066374e-01
4.987074759657533218e-01,1.156004845653256785e-01
4.986156479770934569e-01,1.154228123876679390e-01
4.985294885668362097e-01,1.152570580717702242e-01
4.984368318096109585e-01,1.150798166914408227e-01
4.983497688692536398e-01,1.149142200216316800e-01
4.982562841316985902e-01,1.147374139562498674e-01
4.981683173845069534e-01,1.145719827742332081e-01
4.980740054940658301e-01,1.143956165428017119e-01
4.979851347448370213e-01,1.142303587063991377e-01
4.978899965682422879e-01,1.140544368288965438e-01
4.978002217036808230e-01,1.138893602109578296e-01
4.977042581470287885e-01,1.137138872079289931e-01
4.976135791362182315e-01,1.135489996954371222e-01
4.975167911450397717e-01,1.133739800875813858e-01
4.974252080397865705e-01,1.132092895805381499e-01
4.973275965991121872e-01,1.130347278882956746e-01
4.972351095343805483e-01,1.128702422987916121e-01
4.971366756688008204e-01,1.126961430419275156e-01
4.970432848630515488e-01,1.125318702930542258e-01
4.969440296367719778e-01,1.123582379902412220e-01
4.968497353923453930e-01,1.121941860151010883e-01
4.967496599092368070e-01,1.120210251835001281e-01
4.966544626126743189e-01,1.118572019241253213e-01
4.965535680163171706e-01,1.116845170789643737e-01
4.964574681387289856e-01,1.115209304853336109e-01
4.963557556124533199e-01,1.113487261394851408e-01
4.962587537097737922e-01,1.111853841683655697e-01
4.961562244766929974e-01,1.110136648319220987e-01
4.960583211900425615e-01,1.108505754459121889e-01
4.959549765130826793e-01,1.106793456257606362e-01
4.958561725690230348e-01,1.105165167921692559e-01
4.957520137509461855e-01,1.103457809915635301e-01
4.956523099617461958e-01,1.101832206813278259e-01
4.955473383451688418e-01,1.100129833994605011e-01
4.954467356090770935e-01,1.098506995860934615e-01
4.953409525764828070e-01,1.096809653176657046e-01
4.952394518779500987e-01,1.095189659761410111e-01
4.951328588516968887e-01,1.093497392109316207e-01
4.950304612616249766e-01,1.091880323166299349e-01
4.949230597039473989e-01,1.090193175390632152e-01
4.948197663798655777e-01,1.088579110666232641e-01
4.947115577928709040e-01,1.086897127553357045e-01
4.946073699791415645e-01,1.085286146775722022e-01
4.944983559048007349e-01,1.083609373049784358e-01
4.943932749328304732e-01,1.082001555918262192e-01
4.942834569529637179e-01,1.080330036236838431e-01
4.941774842412894331e-01,1.078725462409706459e-01
4.940668639775456228e-01,1.077059241359444031e-01
4.939600010320566725e-01,1.075457990443925566e-01
4.938485801458879498e-01,1.073797112536178239e-01
4.937408285598874902e-01,1.072199264076220404e-01
4.936286087525174615e-01,1.070543773742675120e-01
4.935199702069062444e-01,1.068949407208770047e-01
4.934069532192933982e-01,1.067299348797069308e-01
4.932974294825783756e-01,1.065708543573690714e-01
4.931836170953729503e-01,1.064063961343050535e-01
4.930732100238371385e-01,1.062476796718669902e-01
4.929586040573332162e-01,1.060837734835492485e-01
4.928473155950114926e-01,1.059254289989978448e-01
4.927319179090926538e-01,1.057620792523464026e-01
4.926197500878838342e-01,1.056041146517674029e-01
4.925035625819636498e-01,1.054413257435427714e-01
4.923905175216131136e-01,1.052837489199152793e-01
4.922735421345695861e-01,1.051215252362791980e-01
4.921596220427077450e-01,1.049643440683720175e-01
4.920418607528123101e-01,1.048026899844481108e-01
4.919270679249350131e-01,1.046459123356565935e-01
4.918085227497756562e-01,1.044848322150910280e-01
4.916928595692396931e-01,1.043284659323153174e-01
4.915735325656384602e-01,1.041679641268374867e-01
4.914570015035609196e-01,1.040120170392547921e-01
4.913368947674852660e-01,1.038520978882384732e-01
4.912194983827908312e-01,1.036965778062949040e-01
4.910986140492600849e-01,1.035372456363193860e-01
4.909803549884840801e-01,1.033821603504178482e-01
4.908586952314690222e-01,1.032234194748296169e-01
4.907395762287752317e-01,1.030687767543259914e-01
4.906171432610931249e-01,1.029106314728009397e-01
4.904971671380780607e-01,1.027564390647411202e-01
4.903739632112808500e-01,1.025988936628470655e-01
4.902531328768987562e-01,1.024451592908849906e-01
4.901291602811562731e-01,1.022882180396451068e-01
4.900074787315561453e-01,1.021349494028697680e-01
4.898827397955332064e-01,1.019786165583265181e-01
4.897602101138852082e-01,1.018258213300984594e-01
4.896347072046129956e-01,1.016701011328785265e-01
4.895113325609580790e-01,1.015177869597193860e-01
4.893850680836999700e-01,1.013626836345993543e-01
4.892608517347045161e-01,1.012108581349852460e-01
4.891338281328158066e-01,1.010563758904584192e-01
4.890087734216177484e-01,1.009050466537504825e-01
4.888809931764001027e-01,1.007511896815945635e-01
4.887551035323212112e-01,1.006003642668278075e-01
4.886265691628710606e-01,1.004471367416740202e-01
4.884998481011854077e-01,1.002968226764400783e-01
4.883705621642366324e-01,1.001442287553432897e-01
4.882430132859246763e-01,9.999443353467683815e-02
4.881129783756860130e-01,9.984247735668726198e-02
4.879846053671166861e-01,9.969320844189198672e-02
4.878538241151028632e-01,9.954189412762799727e-02
4.877246307477275944e-01,9.939315894514089145e-02
4.875931058225851378e-01,9.924249059636378045e-02
4.874630959526689566e-01,9.909429653668497262e-02
4.873308300599964449e-01,9.894427823587481630e-02
4.872000076281946535e-01,9.879663265234418790e-02
4.870670035103569218e-01,9.864726846227790669e-02
4.869353725414517498e-01,9.850017867005833594e-02
4.868016329773890982e-01,9.835147263338916979e-02
4.866691975798365655e-01,9.820494590825834536e-02
4.865347253848676390e-01,9.805690204709727187e-02
4.864014897504690405e-01,9.791094562440422200e-02
4.862662877760889346e-01,9.776356793990351179e-02
4.861322561795216046e-01,9.761818901339237853e-02
4.859963273131935879e-01,9.747148148533094081e-02
4.858615041116542965e-01,9.732668720611337143e-02
4.857248512765969251e-01,9.718065379248441715e-02
4.855892409093004458e-01,9.703645126787759090e-02
4.854518670642682387e-01,9.689109590447834985e-02
4.853154740520171373e-01,9.674749219694517288e-02
4.851773821910766449e-01,9.660281879696910878e-02
4.850402111357811630e-01,9.645982092302865518e-02
4.849014042880812059e-01,9.631583337665983180e-02
4.847634598722602162e-01,9.617344830580246140e-02
4.846239411017965182e-01,9.603015047981255936e-02
4.844852280880629358e-01,9.588838513342323733e-02
4.843450004934377606e-01,9.574578087077108279e-02
4.842055237239962784e-01,9.560464212108930881e-02
4.840645904381727371e-01,9.546273524052292792e-02
4.839243548342233026e-01,9.532222990953134745e-02
4.837827190242739439e-01,9.518102420519292117e-02
4.836417295855211518e-01,9.504115906363735933e-02
4.834993944523719445e-01,9.490065830467085684e-02
4.833576562563797197e-01,9.476144007094881860e-02
4.832146250345481509e-01,9.462164800111054486e-02
4.830721432361967382e-01,9.448308334028721056e-02
4.829284191935252490e-01,9.434400367755932382e-02
4.827851990243757219e-01,9.420609920031540463e-02
4.826407854617598137e-01,9.406773563652254255e-02
4.824968322294271306e-01,9.393049789813620598e-02
4.823517324805382533e-01,9.379285409856513711e-02
4.822070515680637603e-01,9.365628959791726105e-02
4.820612689990674271e-01,9.351936920093979755e-02
4.819158658642402338e-01,9.338348437949517411e-02
4.817694038735088613e-01,9.324729099619444295e-02
4.816232840482279065e-01,9.311209223704497440e-02
4.814761460660490489e-01,9.297662945084490815e-02
4.813293151555891880e-01,9.284212307768824335e-02
4.811815046438684407e-01,9.270739444398665152e-02
4.810339683261987132e-01,9.257358672017781953e-02
4.808854887781582321e-01,9.243959576598292927e-02
4.807372528032406445e-01,9.230649289359142695e-02
4.805881077431124471e-01,9.217324311716197649e-02
4.804391779321096623e-01,9.204085123597134654e-02
4.802893709148243206e-01,9.190834610646049507e-02
4.801397531594364110e-01,9.177667129310798644e-02
4.799892877703074157e-01,9.164491425021076276e-02
4.798389880319015033e-01,9.151396251716679975e-02
4.796878678863042422e-01,9.138295697077160329e-02
4.795368921952475327e-01,9.125273426552302225e-02
4.793851209382946066e-01,9.112248359536682940e-02
4.792334753930546642e-01,9.099299579942110583e-02
4.790810566992657615e-01,9.086350335474877027e-02
4.789287474656953036e-01,9.073475628282183514e-02
4.787756850386634677e-01,9.060602538204935719e-02
4.786227183490956993e-01,9.047802478111574565e-02
4.784690159211483773e-01,9.035005871149766332e-02
4.783153980736450928e-01,9.022281025999369375e-02
4.781610594055017427e-01,9.009561227729469268e-02
4.780067967629223480e-01,8.996912158419595462e-02
4.778518256433468836e-01,8.984269491236668292e-02
4.776969246325416529e-01,8.971696751639285372e-02
4.775413248779912800e-01,8.959131534725001123e-02
4.773857919889273327e-01,8.946635671603725415e-02
4.772295674431972223e-01,8.934148220894816417e-02
4.770734092280025651e-01,8.921729773818025400e-02
4.769165637618658637e-01,8.909320401975182047e-02
4.767597868340306411e-01,8.896979903244089938e-02
4.766023243448753721e-01,8.884648919621301877e-02
4.764449353782503893e-01,8.872386894184201844e-02
4.762868597897116363e-01,8.860134604798564073e-02
4.761288655176317830e-01,8.847951570177423064e-02
4.759701807792204864e-01,8.835778277679401382e-02
4.758115879935472803e-01,8.823674743892366557e-02
4.756522980802749823e-01,8.811580747536534863e-02
4.754931136304349493e-01,8.799557217022629940e-02
4.753332225424348190e-01,8.787542812638879375e-02
4.751734533345111644e-01,8.775599780188952925e-02
4.750129650966557482e-01,8.763665260154174241e-02
4.748526180923454132e-01,8.751803212834090295e-02
4.746915367538602215e-01,8.739948866044366937e-02
4.745306189695416843e-01,8.728168283128814875e-02
4.743689486036157255e-01,8.716394394972075410e-02
4.738367533677484422e-01,8.678298867633232883e-02
4.732983962847030490e-01,8.641079203403528863e-02
4.727540214856886802e-01,8.604745366887085745e-02
4.722037747130024554e-01,8.569307085530522561e-02
4.716478032810109133e-01,8.534773847018686799e-02
4.710862560367101715e-01,8.501154896734570976e-02
4.705192833198763580e-01,8.468459235284103714e-02
4.699470369228155864e-01,8.436695616086462013e-02
4.693696700497258512e-01,8.405872543030580568e-02
4.687873372756801715e-01,8.375998268198443786e-02
4.682001945052436387e-01,8.347080789655811350e-02
4.676083989307334154e-01,8.319127849310936629e-02
4.670121089901349554e-01,8.292146930841880204e-02
4.664114843246842113e-01,8.266145257692934789e-02
4.658066857361276569e-01,8.241129791140747174e-02
4.651978751436721682e-01,8.217107228430611809e-02
4.645852155406347550e-01,8.194084000983448135e-02
4.639688709508059117e-01,8.172066272673969567e-02
4.633490063845360774e-01,8.151059938180449382e-02
4.627257877945584186e-01,8.131070621406585874e-02
4.620993820315595357e-01,8.112103673975837315e-02
4.614699567995091956e-01,8.094164173798668038e-02
4.608376806107620793e-01,8.077256923713067860e-02
4.602027227409428711e-01,8.061386450198718134e-02
4.595652531836272314e-01,8.046557002165138917e-02
4.589254426048301472e-01,8.032772549814160001e-02
4.582834622973147587e-01,8.020036783576994788e-02
4.576394841347330988e-01,8.008353113126227829e-02
4.569936805256111789e-01,7.997724666462957543e-02
4.563462243671912444e-01,7.988154289079364700e-02
4.556972889991430797e-01,7.979644543196892648e-02
4.550470481571564085e-01,7.972197707080286300e-02
4.543956759264280443e-01,7.965815774427646712e-02
4.537433466950549499e-01,7.960500453836666379e-02
4.537327713005871455e-01,7.960431680413695976e-02
4.536818612628383263e-01,7.957009551187693708e-02
4.534931871859734231e-01,7.944345702123310760e-02
4.533046346438895369e-01,7.931708471863685439e-02
4.531162014364717439e-01,7.919097504921146502e-02
4.529278853819438400e-01,7.906512451152766796e-02
4.527396843169755880e-01,7.893952965691758417e-02
4.525515960967864681e-01,7.881418708880021107e-02
4.523636185950600241e-01,7.868909346189548182e-02
4.521757497042114271e-01,7.856424548168564059e-02
4.519879873351682065e-01,7.843963990356794813e-02
4.518003294175503282e-01,7.831527353228487365e-02
4.516127738995930896e-01,7.819114322119734284e-02
4.514253187481988561e-01,7.806724587165578266e-02
4.512379619488585680e-01,7.794357843229793303e-02
4.510507015056142155e-01,7.782013789838698736e-02
4.508635354411208440e-01,7.769692131122606094e-02
4.506764617964741926e-01,7.757392575743207730e-02
4.504894786312436672e-01,7.745114836835548244e-02
4.503025840233201293e-01,7.732858631939096283e-02
4.501157760689845078e-01,7.720623682944353916e-02
4.499290528826398461e-01,7.708409716018671531e-02
4.497424125969186059e-01,7.696216461557604804e-02
4.495558533623869590e-01,7.684043654111159805e-02
4.493693733476187835e-01,7.671891032335179106e-02
4.491829707390329052e-01,7.659758338928307486e-02
4.489966437406667787e-01,7.647645320566004434e-02
4.488103905742690802e-01,7.635551727856176862e-02
4.486242094789756329e-01,7.623477315268842314e-02
4.484380987113001371e-01,7.611421841087183393e-02
4.482520565449638617e-01,7.599385067349120892e-02
4.480660812707709106e-01,7.587366759792796289e-02
4.478801711964183752e-01,7.575366687798831822e-02
4.476943246464085702e-01,7.563384624340041551e-02
4.475085399618798365e-01,7.551420345926822264e-02
4.473228155004418394e-01,7.539473632553721216e-02
4.471371496360379560e-01,7.527544267648611509e-02
4.469515407587316691e-01,7.515632038017887318e-02
4.467659872746977401e-01,7.503736733805516090e-02
4.465804876058125372e-01,7.491858148427402164e-02
4.463950401897259779e-01,7.479996078537240467e-02
4.462096434795410627e-01,7.468150323968156257e-02
4.460242959437532018e-01,7.456320687691668503e-02
4.458389960659506213e-01,7.444506975762216205e-02
4.456537423447495261e-01,7.432708997277381879e-02
4.454685332935912068e-01,7.420926564330047881e-02
4.452833674405414222e-01,7.409159491961433974e-02
4.450982433281453488e-01,7.397407598118355132e-02
4.449131595132442274e-01,7.385670703608762655e-02
4.447281145667598690e-01,7.373948632055937757e-02
4.445431070735704204e-01,7.362241209859106406e-02
4.443581356323175746e-01,7.350548266150375154e-02
4.441731988552214405e-01,7.338869632752795247e-02
4.439882953678632171e-01,7.327205144137052817e-02
4.438034238091241868e-01,7.315554637388566039e-02
4.436185828308198409e-01,7.303917952156083193e-02
4.434337710977629965e-01,7.292294930627743477e-02
4.432489872873398018e-01,7.280685417477206212e-02
4.430642300895390462e-01,7.269089259838751316e-02
4.428794982066172059e-01,7.257506307260123968e-02
4.426947903530378259e-01,7.245936411673085942e-02
4.425101052552405378e-01,7.234379427353858361e-02
4.423254416514716958e-01,7.222835210887935953e-02
4.421407982916786272e-01,7.211303621139350528e-02
4.419561739371589693e-01,7.199784519205258693e-02
4.417715673606720794e-01,7.188277768399695122e-02
4.415869773459667469e-01,7.176783234201553063e-02
4.414024026878857754e-01,7.165300784238884391e-02
4.412178421919470961e-01,7.153830288241154467e-02
4.410332946744520144e-01,7.142371618024623281e-02
4.408487589620409541e-01,7.130924647443984132e-02
4.406642338918095314e-01,7.119489252379058997e-02
4.404797183108527525e-01,7.108065310686623173e-02
4.402952110764407068e-01,7.096652702191597051e-02
4.401107110555373403e-01,7.085251308638135237e-02
4.399262171249183617e-01,7.073861013678041376e-02
4.397417281708215220e-01,7.062481702830766817e-02
4.395572430889365667e-01,7.051113263464697800e-02
4.393727607841317329e-01,7.039755584762633078e-02
4.391882801704682371e-01,7.028408557705270732e-02
4.390038001708825299e-01,7.017072075034702650e-02
4.388193197171871840e-01,7.005746031237769511e-02
4.386348377498279771e-01,6.994430322514851028e-02
4.384503532178589125e-01,6.983124846762278626e-02
4.382658650786825927e-01,6.971829503540756534e-02
4.380813722980149150e-01,6.960544194057820266e-02
4.378968738497199809e-01,6.949268821142637331e-02
4.377123687156878606e-01,6.938003289223754200e-02
4.375278558857126909e-01,6.926747504307148584e-02
4.373433343573558951e-01,6.915501373953669706e-02
4.371588031358472626e-01,6.904264807259072323e-02
4.369742612339876930e-01,6.893037714834390761e-02
4.367897076719598481e-01,6.881820008781022735e-02
4.366051414773208239e-01,6.870611602677106911e-02
4.364205616848032543e-01,6.859412411552531785e-02
4.362359673362673496e-01,6.848222351873348157e-02
4.360513574805813808e-01,6.837041341522084870e-02
4.358667311735134886e-01,6.825869299778976329e-02
4.356820874776112795e-01,6.814706147302720951e-02
4.354974254621723495e-01,6.803551806116901746e-02
4.353127442031108907e-01,6.792406199590370064e-02
4.351280427828684294e-01,6.781269252420499272e-02
4.349433202903374429e-01,6.770140890617440399e-02
4.347585758207566098e-01,6.759021041486848458e-02
4.345738084756589070e-01,6.747909633615983838e-02
4.343890173627971141e-01,6.736806596858645191e-02
4.342042015960116963e-01,6.725711862316835488e-02
4.340193602952548413e-01,6.714625362331938518e-02
4.338344925864393020e-01,6.703547030465600853e-02
4.336495976014154152e-01,6.692476801488435323e-02
4.334646744778752891e-01,6.681414611364551448e-02
4.332797223593183866e-01,6.670360397239882833e-02
4.330947403950099472e-01,6.659314097430249491e-02
4.329097277398742394e-01,6.648275651405682884e-02
4.327246835545145442e-01,6.637244999782410115e-02
4.325396070050730457e-01,6.626222084305513627e-02
4.323544972632774597e-01,6.615206847842747262e-02
4.321693535063702019e-01,6.604199234371541105e-02
4.319841749170144629e-01,6.593199188964751767e-02
4.317989606833435023e-01,6.582206657785011350e-02
4.316137099988420212e-01,6.571221588069270370e-02
4.314284220624457489e-01,6.560243928126294199e-02
4.312430960783116274e-01,6.549273627314861068e-02
4.310577312560064378e-01,6.538310636046741620e-02
4.308723268103746840e-01,6.527354905770813009e-02
4.306868819615144450e-01,6.516406388963660867e-02
4.305013959347734898e-01,6.505465039121503812e-02
4.303158679608318771e-01,6.494530810757152828e-02
4.301302972754915133e-01,6.483603659379973128e-02
4.299446831199250085e-01,6.472683541502768922e-02
4.297590247404080577e-01,6.461770414618508984e-02
4.295733213885548629e-01,6.450864237206574425e-02
4.293875723211604822e-01,6.439964968716030413e-02
4.292017768003081879e-01,6.429072569564460438e-02
4.290159340932593324e-01,6.418187001124188440e-02
4.288300434726571853e-01,6.407308225726807138e-02
4.286441042163297022e-01,6.396436206644379174e-02
4.284581156074520059e-01,6.385570908091670050e-02
4.282720769344979250e-01,6.374712295216097835e-02
4.280859874913274798e-01,6.363860334095625126e-02
4.278998465771539084e-01,6.353014991729677430e-02
4.277136534965758630e-01,6.342176236033880699e-02
4.275274075596540713e-01,6.331344035837407902e-02
4.273411080819201069e-01,6.320518360876353769e-02
4.271547543844213535e-01,6.309699181789263367e-02
4.269683457937563098e-01,6.298886470112102787e-02
4.267818816421223849e-01,6.288080198273932053e-02
4.265953612673922812e-01,6.277280339594253078e-02
4.264087840130814655e-01,6.266486868274068200e-02
4.262221492285166446e-01,6.255699759398514193e-02
4.260354562687727609e-01,6.244918988926144443e-02
4.258487044948439104e-01,6.234144533691689943e-02
4.256618932736123684e-01,6.223376371397147666e-02
4.254750219780018550e-01,6.212614480613468798e-02
4.252880899869225240e-01,6.201858840770266279e-02
4.251010966854501527e-01,6.191109432158931752e-02
4.249140414648746589e-01,6.180366235928201613e-02
4.247269237227211947e-01,6.169629234078148616e-02
4.245397428628899794e-01,6.158898409460936141e-02
4.243524982956992653e-01,6.148173745775976917e-02
4.241651894379436238e-01,6.137455227565953575e-02
4.239778157130772995e-01,6.126742840219891878e-02
4.237903765511935594e-01,6.116036569964559272e-02
4.236028713891165087e-01,6.105336403862293010e-02
4.234152996705710659e-01,6.094642329813141496e-02
4.232276608462524070e-01,6.083954336551228997e-02
4.230399543738140311e-01,6.073272413636531669e-02
4.228521797181261643e-01,6.062596551461833794e-02
4.226643363512777030e-01,6.051926741245134550e-02
4.224764237526534849e-01,6.041262975026250037e-02
4.222884414091335192e-01,6.030605245670256354e-02
4.221003888150881012e-01,6.019953546859291987e-02
4.219122654725918076e-01,6.009307873096680214e-02
4.217240708914043457e-01,5.998668219697832205e-02
4.215358045892204641e-01,5.988034582796199212e-02
4.213474660916544101e-01,5.977406959334236741e-02
4.211590549324363830e-01,5.966785347066207862e-02
4.209705706534531688e-01,5.956169744552142209e-02
4.207820128049407638e-01,5.945560151160259738e-02
4.205933809455646433e-01,5.934956567062970451e-02
4.204046746425026959e-01,5.924358993232980986e-02
4.202158934715982119e-01,5.913767431443233552e-02
4.200270370174719048e-01,5.903181884264441931e-02
4.198381048736514187e-01,5.892602355063535080e-02
4.196490966426596469e-01,5.882028847999683924e-02
4.194600119361617807e-01,5.871461368023564442e-02
4.192708503750987581e-01,5.860899920875701358e-02
4.190816115897230132e-01,5.850344513079356462e-02
4.188922952198634309e-01,5.839795151946008261e-02
4.187029009148973135e-01,5.829251845564499546e-02
4.185134283339661532e-01,5.818714602803606861e-02
4.183238771461250116e-01,5.808183433310810245e-02
4.181342470302704672e-01,5.797658347498772097e-02
4.179445376755568375e-01,5.787139356558676506e-02
4.177547487812694471e-01,5.776626472443455174e-02
4.175648800570601060e-01,5.766119707870986238e-02
4.173749312230404795e-01,5.755619076319300198e-02
4.171849020099004379e-01,5.745124592023093113e-02
4.169947921590276274e-01,5.734636269970209976e-02
4.168046014226470253e-01,5.724154125899128670e-02
4.166143295638853328e-01,5.713678176292225075e-02
4.164239763569242969e-01,5.703208438373853079e-02
4.162335415871175059e-01,5.692744930106291568e-02
4.160430250511246708e-01,5.682287670186573353e-02
4.158524265568879219e-01,5.671836678034603008e-02
4.156617459239574930e-01,5.661391973800283806e-02
4.154709829834307699e-01,5.650953578349397766e-02
4.152801375780788007e-01,5.640521513259717096e-02
4.150892095625561828e-01,5.630095800821512814e-02
4.148981988033996204e-01,5.619676464026468476e-02
4.147071051791049734e-01,5.609263526560864799e-02
4.145159285803723948e-01,5.598857012807745975e-02
4.143246689100216207e-01,5.588456947831130228e-02
4.141333260832156804e-01,5.578063357376908393e-02
4.139419000274810467e-01,5.567676267862605582e-02
4.137503906827822431e-01,5.557295706370066202e-02
4.135587980016987020e-01,5.546921700643572817e-02
4.133671219493945115e-01,5.536554279076724705e-02
4.131753625037571376e-01,5.526193470708408439e-02
4.129835196554624832e-01,5.515839305214709221e-02
4.127915934080044758e-01,5.505491812898908460e-02
4.125995837778501096e-01,5.495151024688130215e-02
4.124074907943965362e-01,5.484816972119360007e-02
4.122153145000791441e-01,5.474489687333527338e-02
4.120230549504674267e-01,5.464169203068865860e-02
4.118307122142610410e-01,5.453855552648909782e-02
4.116382863732980790e-01,5.443548769971171680e-02
4.114457775227114422e-01,5.433248889503666107e-02
4.112531857708778826e-01,5.422955946270337918e-02
4.110605112394759009e-01,5.412669975842321346e-02
4.108677540635249370e-01,5.402391014328195018e-02
4.106749143913889233e-01,5.392119098362316287e-02
4.104819923847940477e-01,5.381854265093942435e-02
4.102889882188972548e-01,5.371596552179025430e-02
4.100959020822029233e-01,5.361345997763997118e-02
4.099027341766510735e-01,5.351102640478652001e-02
4.097094847175649646e-01,5.340866519421606090e-02
4.095161539336888978e-01,5.330637674150553312e-02
4.093227420670874639e-01,5.320416144665280483e-02
4.091292493732543445e-01,5.310201971401722065e-02
4.089356761210295454e-01,5.299995195215987526e-02
4.087420225924959238e-01,5.289795857367383947e-02
4.085482890831146352e-01,5.279603999514015378e-02
4.083544759014828274e-01,5.269419663688638955e-02
4.081605833695065022e-01,5.259242892296354943e-02
4.079666118221573767e-01,5.249073728090570407e-02
4.077725616075451587e-01,5.238912214165570430e-02
4.075784330867556760e-01,5.228758393936954602e-02
4.073842266338983942e-01,5.218612311133045273e-02
4.071899426359232299e-01,5.208474009774415742e-02
4.069955814925936832e-01,5.198343534161654206e-02
4.068011436164238326e-01,5.188220928861347891e-02
4.066066294325216268e-01,5.178106238687331386e-02
4.064120393785223828e-01,5.167999508686760973e-02
4.062173739045291665e-01,5.157900784126620564e-02
4.060226334729020170e-01,5.147810110472610806e-02
4.058278185582732123e-01,5.137727533379808642e-02
4.056329296473004664e-01,5.127653098669977122e-02
4.054379672385889921e-01,5.117586852317760476e-02
4.052429318426150062e-01,5.107528840437053352e-02
4.050478239814544468e-01,5.097479109257585517e-02
4.048526441888095628e-01,5.087437705116928943e-02
4.046573930096946103e-01,5.077404674435227055e-02
4.044620710003655195e-01,5.067380063702609655e-02
4.042666787281468110e-01,5.057363919461531354e-02
4.040712167712340319e-01,5.047356288288074727e-02
4.038756857185905047e-01,5.037357216778227259e-02
4.036800861696828169e-01,5.027366751526181343e-02
4.034844187343064603e-01,5.017384939107456115e-02
4.032886840324628741e-01,5.007411826064819826e-02
4.030928826941215237e-01,4.997447458888579913e-02
4.028970153589865877e-01,4.987491883997388631e-02
4.027010826763338658e-01,4.977545147722805402e-02
4.025050853048014465e-01,4.967607296291780966e-02
4.023090239121231426e-01,4.957678375806461035e-02
4.021128991749955972e-01,4.947758432231016967e-02
4.019167117787481036e-01,4.937847511368765457e-02
4.017204624171635818e-01,4.927945658847186772e-02
4.015241517922871206e-01,4.918052920102522485e-02
4.013277806140990167e-01,4.908169340357887434e-02
4.011313496003206525e-01,4.898294964608286561e-02
4.009348594761832363e-01,4.888429837604045536e-02
4.007383109741019522e-01,4.878574003829809491e-02
4.005417048334870000e-01,4.868727507490634709e-02
4.003450418004866895e-01,4.858890392494990412e-02
4.001483226277029459e-01,4.849062702436618411e-02
3.999515480738824458e-01,4.839244480575558005e-02
3.997547189037010673e-01,4.829435769824051705e-02
3.995578358875017111e-01,4.819636612730416464e-02
3.993608998009961497e-01,4.809847051461429990e-02
3.991639114249114217e-01,4.800067127782312038e-02
3.989668715448579928e-01,4.790296883047940463e-02
3.987697809509566094e-01,4.780536358182405771e-02
3.985726404375255494e-01,4.770785593661926866e-02
3.983754508028514163e-01,4.761044629502150100e-02
3.981782128488613459e-01,4.751313505240897794e-02
3.979809273808778136e-01,4.741592259925274389e-02
3.977835952072613090e-01,4.731880932093578823e-02
3.975862171391677524e-01,4.722179559763166334e-02
3.973887939902011612e-01,4.712488180413464817e-02
3.971913265762009315e-01,4.702806830975879426e-02
3.969938157148069635e-01,4.693135547813163944e-02
3.967962622253420890e-01,4.683474366714569792e-02
3.965986669283261823e-01,4.673823322873340430e-02
3.964010306453168431e-01,4.664182450880421243e-02
3.962033541985450213e-01,4.654551784708482048e-02
3.960056384106012128e-01,4.644931357698721397e-02
3.958078841042138030e-01,4.635321202552392106e-02
3.956100921018724792e-01,4.625721351315164459e-02
3.954122632255119285e-01,4.616131835364683383e-02
3.952143982963741142e-01,4.606552685407027531e-02
3.950164981344655990e-01,4.596983931453930278e-02
3.948185635585220177e-01,4.587425602824733023e-02
3.946205953854700077e-01,4.577877728124423590e-02
3.944225944303247355e-01,4.568340335242914579e-02
3.943471608723875810e-01,4.564711409646227819e-02
3.942483712411110064e-01,4.559738524134084037e-02
3.940979469224596965e-01,4.552206050803214721e-02
3.939381079440777977e-01,4.544244136101757703e-02
3.937870481022684443e-01,4.536759219011576860e-02
3.936268749762114605e-01,4.528864741697151419e-02
3.934753094452214106e-01,4.521434216050716076e-02
3.933148046004930620e-01,4.513607401916879674e-02
3.931627137611417022e-01,4.506230622936589769e-02
3.930018795972587964e-01,4.498471706500302425e-02
3.928492400882573898e-01,4.491147893821025028e-02
3.926880789696522989e-01,4.483457120016437480e-02
3.925348947203074479e-01,4.476186831960712875e-02
3.923734090363462101e-01,4.468564443968438271e-02
3.922196840712595112e-01,4.461348237008005979e-02
3.920578762361601743e-01,4.453794476212603881e-02
3.919036146755114358e-01,4.446632904821320315e-02
3.917414871282550171e-01,4.439148010768614178e-02
3.915866931882502344e-01,4.432041627282678337e-02
3.914242483924859073e-01,4.424625837636893960e-02
3.912689263856191091e-01,4.417575192105877013e-02
3.911061668295622851e-01,4.410228742606642216e-02
3.910437789068508252e-01,4.407428770020759001e-02
3.908538812575172439e-01,4.398486925759339389e-02
3.906554075944465576e-01,4.389152971243492907e-02
3.904569166041332862e-01,4.379829893595860169e-02
3.902584089970165260e-01,4.370517704012071014e-02
3.900598854758510758e-01,4.361216412849351631e-02
3.898613467354899442e-01,4.351926029625430292e-02
3.896627934626450407e-01,4.342646563016571565e-02
3.894642263357975254e-01,4.333378020862711094e-02
3.892656460248110073e-01,4.324120410158956151e-02
3.890670531909609098e-01,4.314873737066528964e-02
3.888684484865191360e-01,4.305638006903237530e-02
3.886698325547604527e-01,4.296413224153600857e-02
3.884712060296893199e-01,4.287199392466167769e-02
3.882725695358454354e-01,4.277996514654593824e-02
3.880739236882114196e-01,4.268804592703547007e-02
3.878752690920404533e-01,4.259623627770994791e-02
3.876766063425819975e-01,4.250453620185953157e-02
3.874779360251223714e-01,4.241294569460768438e-02
3.872792587146667853e-01,4.232146474287025451e-02
3.870805749759113623e-01,4.223009332544844230e-02
3.868818853630309196e-01,4.213883141303804980e-02
3.866831904196405545e-01,4.204767896831891616e-02
3.864844906785860346e-01,4.195663594596662355e-02
3.862857866618505942e-01,4.186570229271818072e-02
3.860870788804682263e-01,4.177487794744105809e-02
3.858883678343933421e-01,4.168416284118255793e-02
3.856896540124048478e-01,4.159355689723558819e-02
3.854909378920204355e-01,4.150306003120900894e-02
3.852922199393862823e-01,4.141267215108739019e-02
3.850935006092190971e-01,4.132239315731455614e-02
3.848947803446831073e-01,4.123222294284788897e-02
3.846960595773810110e-01,4.114216139326422328e-02
3.844973387272119236e-01,4.105220838680574691e-02
3.842986182023795383e-01,4.096236379449354204e-02
3.840998983992895965e-01,4.087262748019132585e-02
3.839011797024805550e-01,4.078299930068400581e-02
3.837024624846497312e-01,4.069347910579894367e-02
3.835037471064869918e-01,4.060406673844073333e-02
3.833050339168525555e-01,4.051476203477955007e-02
3.831063232524332118e-01,4.042556482420636699e-02
3.829076154380238739e-01,4.033647492956692754e-02
3.827089107862799433e-01,4.024749216715921979e-02
3.825102095978948347e-01,4.015861634691991061e-02
3.823115121613367418e-01,4.006984727241421490e-02
3.821128187531049880e-01,3.998118474105649689e-02
3.819141296375532235e-01,3.989262854413735265e-02
3.817154450669453247e-01,3.980417846695395723e-02
3.815167652814387411e-01,3.971583428890727158e-02
3.813180905091391182e-01,3.962759578363027335e-02
3.811194209660760945e-01,3.953946271908049398e-02
3.809207568562308910e-01,3.945143485765475327e-02
3.807220983715463025e-01,3.936351195629549105e-02
3.805234456919720509e-01,3.927569376661178835e-02
3.803247989854512956e-01,3.918798003497361154e-02
3.801261584080431466e-01,3.910037050266514796e-02
3.799275241038438389e-01,3.901286490594855355e-02
3.797288962051041383e-01,3.892546297621335416e-02
3.795302748322598729e-01,3.883816444008628133e-02
3.793316600939417582e-01,3.875096901953165029e-02
3.791330520870863641e-01,3.866387643199442614e-02
3.789344508969170189e-01,3.857688639048606483e-02
3.787358565970606605e-01,3.848999860372815524e-02
3.785372692495923008e-01,3.840321277626376067e-02
3.783386889050378010e-01,3.831652860854949105e-02
3.781401156025100407e-01,3.822994579710466828e-02
3.779415493698204953e-01,3.814346403464823759e-02
3.777429902233135905e-01,3.805708301011496986e-02
3.775444381682583339e-01,3.797080240891180514e-02
3.773458931986978238e-01,3.788462191293803794e-02
3.771473552975748156e-01,3.779854120072434487e-02
3.769488244368505159e-01,3.771255994756744084e-02
3.767503005775705294e-01,3.762667782564074054e-02
3.765517836699109888e-01,3.754089450409540951e-02
3.763532736532726464e-01,3.745520964918106627e-02
3.761547704563935612e-01,3.736962292437325667e-02
3.759562739974443013e-01,3.728413399049182453e-02
3.757577841840269439e-01,3.719874250577751701e-02
3.755593009133690874e-01,3.711344812605071181e-02
3.753608240723563250e-01,3.702825050479965213e-02
3.751623535376376606e-01,3.694314929329893527e-02
3.749638891757052783e-01,3.685814414071585110e-02
3.747654308430362624e-01,3.677323469424178398e-02
3.745669783860754998e-01,3.668842059915525255e-02
3.743685316414663844e-01,3.660370149898873465e-02
3.741700904360607538e-01,3.651907703560079016e-02
3.739716545870191977e-01,3.643454684928528614e-02
3.737732239019243008e-01,3.635011057888524327e-02
3.735747981789095951e-01,3.626576786191174073e-02
3.733763772066924225e-01,3.618151833462123629e-02
3.731779607647006114e-01,3.609736163213172339e-02
3.729795486231722301e-01,3.601329738852596801e-02
3.727811405432511771e-01,3.592932523695221980e-02
3.725827362770728901e-01,3.584544480971942754e-02
3.723843355679264944e-01,3.576165573842356865e-02
3.721859381502017339e-01,3.567795765398264207e-02
3.719875437496655834e-01,3.559435018680890545e-02
3.717891520834020191e-01,3.551083296683883034e-02
3.715907628600901846e-01,3.542740562370352841e-02
3.713923757798340275e-01,3.534406778671091848e-02
3.711939905345851276e-01,3.526081908507450874e-02
3.709956068079313107e-01,3.517765914787635700e-02
3.707972242754136172e-01,3.509458760424974400e-02
3.705988426044645179e-01,3.501160408340278640e-02
3.704004614546417273e-01,3.492870821476413978e-02
3.702020804776071095e-01,3.484589962802175228e-02
3.700036993172716171e-01,3.476317795322994564e-02
3.698053176098661798e-01,3.468054282088454260e-02
3.696069349840596652e-01,3.459799386201670157e-02
3.694085510610327083e-01,3.451553070826761382e-02
3.692101654545252853e-01,3.443315299195161966e-02
3.690117777710206770e-01,3.435086034617448880e-02
3.688133876097361985e-01,3.426865240487148717e-02
3.686149945627604785e-01,3.418652880290472956e-02
3.684165982151282881e-01,3.410448917613431025e-02
3.682181981448922614e-01,3.402253316148710904e-02
3.680197939232316973e-01,3.394066039704021764e-02
3.678213851144991886e-01,3.385887052207809528e-02
3.676229712763090518e-01,3.377716317716610017e-02
3.674245519597051923e-01,3.369553800425570400e-02
3.672261267090596859e-01,3.361399464667895465e-02
3.670276950622967660e-01,3.353253274927543715e-02
3.668292565509638781e-01,3.345115195845575068e-02
3.666308107001756134e-01,3.336985192221270796e-02
3.664323570288586795e-01,3.328863229025465914e-02
3.662338950497466272e-01,3.320749271403584252e-02
3.660354242693972249e-01,3.312643284679583217e-02
3.658369441883640993e-01,3.304545234366095680e-02
3.656384543011802490e-01,3.296455086166873161e-02
3.654399540964862192e-01,3.288372805985042419e-02
3.652414430571047088e-01,3.280298359929108981e-02
3.650429206600284138e-01,3.272231714315435025e-02
3.648443863765328254e-01,3.264172835675722972e-02
3.646458396723158413e-01,3.256121690765474003e-02
3.644472800073933483e-01,3.248078246562613458e-02
3.642487068363310376e-01,3.240042470279578396e-02
3.640501196081659119e-01,3.232014329362905419e-02
3.638515177665784806e-01,3.223993791502816758e-02
3.636529007498781607e-01,3.215980824635270713e-02
3.634542679910901519e-01,3.207975396948054697e-02
3.632556189180204398e-01,3.199977476885949162e-02
3.630569529532877704e-01,3.191987033154515541e-02
3.628582695143922066e-01,3.184004034725340659e-02
3.626595680137473798e-01,3.176028450839782358e-02
3.624608478588383642e-01,3.168060251017648654e-02
3.622621084520540324e-01,3.160099405052935184e-02
3.620633491910349999e-01,3.152145883030006701e-02
3.618645694684148317e-01,3.144199655315633307e-02
3.616657686721505005e-01,3.136260692574403819e-02
3.614669461853580734e-01,3.128328965764456265e-02
3.612681013865283175e-01,3.120404446148250521e-02
3.610692336494219501e-01,3.112487105290626804e-02
3.608703423432645385e-01,3.104576915068680415e-02
3.606714268326688955e-01,3.096673847670845803e-02
3.604724864777686943e-01,3.088777875604292039e-02
3.602735206342524421e-01,3.080888971698342305e-02
3.600745286533976186e-01,3.073007109107876028e-02
3.598755098820606846e-01,3.065132261315002549e-02
3.596764636628859702e-01,3.057264402139273085e-02
3.594773893341675075e-01,3.049403505734229330e-02
3.592782862299833124e-01,3.041549546594681658e-02
3.590791536803299433e-01,3.033702499563877691e-02
3.588799910109744529e-01,3.025862339829647057e-02
3.586807975436377971e-01,3.018029042933477457e-02
3.584815725960810440e-01,3.010202584775742429e-02
3.582823154819831935e-01,3.002382941612776607e-02
3.580830255112069649e-01,2.994570090069072210e-02
3.578837019896401461e-01,2.986764007132886034e-02
3.576843442194223566e-01,2.978964670166858730e-02
3.574849514988703847e-01,2.971172056906832420e-02
3.572855231225880446e-01,2.963386145467879207e-02
3.570860583815264055e-01,2.955606914348315323e-02
3.568865565630093828e-01,2.947834342432367749e-02
3.566870169508128963e-01,2.940068408994898214e-02
3.564874388251937920e-01,2.932309093704126013e-02
3.562878214629683904e-01,2.924556376626279847e-02
3.560881641375774898e-01,2.916810238229655683e-02
3.558884661191245580e-01,2.909070659387626850e-02
3.556887266744610532e-01,2.901337621383438120e-02
3.554889450672055196e-01,2.893611105912416437e-02
3.552891205578923017e-01,2.885891095089132552e-02
3.550892524039139242e-01,2.878177571446592642e-02
3.548893398597454119e-01,2.870470517946221295e-02
3.546893821768689614e-01,2.862769917976301648e-02
3.544893786039467476e-01,2.855075755359902379e-02
3.542893283868497334e-01,2.847388014357228603e-02
3.540892307686935858e-01,2.839706679668239225e-02
3.538890849900710456e-01,2.832031736442669478e-02
3.536888902889336883e-01,2.824363170276659313e-02
3.534886459008300674e-01,2.816700967222926510e-02
3.532883510589193699e-01,2.809045113792314058e-02
3.530880049941118037e-01,2.801395596960105233e-02
3.528876069350573852e-01,2.793752404166557901e-02
3.526871561084326534e-01,2.786115523328642346e-02
3.524866517387728604e-01,2.778484942834524851e-02
3.522860930488864173e-01,2.770860651560013571e-02
3.520854792596667671e-01,2.763242638862146300e-02
3.518848095904321127e-01,2.755630894592672048e-02
3.516840832588757348e-01,2.748025409096735427e-02
3.514832994813137934e-01,2.740426173222731271e-02
3.512824574726955973e-01,2.732833178323107459e-02
3.510815564468024452e-01,2.725246416262205873e-02
3.508805956163202344e-01,2.717665879419275954e-02
3.506795741930753829e-01,2.710091560697488328e-02
3.504784913880232278e-01,2.702523453523620472e-02
3.502773464115269686e-01,2.694961551858531673e-02
3.500761384734064618e-01,2.687405850198883173e-02
3.498748667832081716e-01,2.679856343587060791e-02
3.496735305501948998e-01,2.672313027610508790e-02
3.494721289836459910e-01,2.664775898412557326e-02
3.492706612929909471e-01,2.657244952696894563e-02
3.490691266879324406e-01,2.649720187731539195e-02
3.488675243787054403e-01,2.642201601357754837e-02
3.486658535762045541e-01,2.634689191993903196e-02
3.484641134921561689e-01,2.627182958640895960e-02
3.482623033393540402e-01,2.619682900889806071e-02
3.480604223318912172e-01,2.612189018929195194e-02
3.478584696852570768e-01,2.604701313547331393e-02
3.476564446166805489e-01,2.597219786143325354e-02
3.474543463452366976e-01,2.589744438729383452e-02
3.472521740921513111e-01,2.582275273940200233e-02
3.470499270809689896e-01,2.574812295037137710e-02
3.468476045378784400e-01,2.567355505918014758e-02
3.466452056918302715e-01,2.559904911119099263e-02
3.464427297749391177e-01,2.552460515827326137e-02
3.462401760226015979e-01,2.545022325881922398e-02
3.460375436738460930e-01,2.537590347784313832e-02
3.458348319716275099e-01,2.530164588705784839e-02
3.456320401629612848e-01,2.522745056489109072e-02
3.454291674994116601e-01,2.515331759662830374e-02
3.452262132372577730e-01,2.507924707443572043e-02
3.450231766377745979e-01,2.500523909742357470e-02
3.448200569676392324e-01,2.493129377175184319e-02
3.446168534992022914e-01,2.485741121068447967e-02
3.444135655107839478e-01,2.478359153465044262e-02
3.442101922870329789e-01,2.470983487132472761e-02
3.440067331192625533e-01,2.463614135569822811e-02
3.438031873058132182e-01,2.456251113015466003e-02
3.435995541523734764e-01,2.448894434452932034e-02
3.433958329723688085e-01,2.441544115618973776e-02
3.431920230873318767e-01,2.434200173010628993e-02
3.429881238272445843e-01,2.426862623890989334e-02
3.427841345309836085e-01,2.419531486298354822e-02
3.425800545466522462e-01,2.412206779050992539e-02
3.423758832320762391e-01,2.404888521757412440e-02
3.421716199550264847e-01,2.397576734816606048e-02
3.419672640939245278e-01,2.390271439435082829e-02
3.417628150379699581e-01,2.382972657623008694e-02
3.415582721877857830e-01,2.375680412208412695e-02
3.413536349557106941e-01,2.368394726838463776e-02
3.411489027663858753e-01,2.361115625990820033e-02
3.409440750571374745e-01,2.353843134977334078e-02
3.407391512783701781e-01,2.346577279947822253e-02
3.405341308942106404e-01,2.339318087902197973e-02
3.403290133828493769e-01,2.332065586691554199e-02
3.401237982370073909e-01,2.324819805023312785e-02
3.399184849645945361e-01,2.317580772472583456e-02
3.397130730890204342e-01,2.310348519480952267e-02
3.395075621498308549e-01,2.303123077366231453e-02
3.393019517030925747e-01,2.295904478322977754e-02
3.390962413220830474e-01,2.288692755433188730e-02
3.388904305976621067e-01,2.281487942665438862e-02
3.386845191388951903e-01,2.274290074882336088e-02
3.384785065735151366e-01,2.267099187841894320e-02
3.382723925485575101e-01,2.259915318204431395e-02
3.380661767308024701e-01,2.252738503532300540e-02
3.378598588074517850e-01,2.245568782297248378e-02
3.376534384865417793e-01,2.238406193878163947e-02
3.374469154976201812e-01,2.231250778567454851e-02
3.372402895922438915e-01,2.224102577570712114e-02
3.370335605446238558e-01,2.216961633010939431e-02
3.368267281520653245e-01,2.209827987925251647e-02
3.366197922356886640e-01,2.202701686270672893e-02
3.364127526409425029e-01,2.195582772922276965e-02
3.362056092381145445e-01,2.188471293670769813e-02
3.359983619230667573e-01,2.181367295227164271e-02
3.357910106176889009e-01,2.174270825217330255e-02
3.355835552705141445e-01,2.167181932181556220e-02
3.353759958573447886e-01,2.160100665573896211e-02
3.351683323817818971e-01,2.153027075757721343e-02
3.349605648758354204e-01,2.145961214003481998e-02
3.347526934005129462e-01,2.138903132485196756e-02
3.345447180463639869e-01,2.131852884274906823e-02
3.343366389341166367e-01,2.124810523339722146e-02
3.341284562151504711e-01,2.117776104532820974e-02
3.339201700722069788e-01,2.110749683591912201e-02
3.337117807198108910e-01,2.103731317127446876e-02
3.335032884049632385e-01,2.096721062619438108e-02
3.332946934075814993e-01,2.089718978405297883e-02
3.330859960410970655e-01,2.082725123672434647e-02
3.328771966530565951e-01,2.075739558450435951e-02
3.327954835244095744e-01,2.073010371037040112e-02
3.317383417554832792e-01,1.966324187245355182e-02
3.312083212912029784e-01,1.913823201178829064e-02
3.306686016410262940e-01,1.862319827933492031e-02
3.294501999454361174e-01,1.748204222783362669e-02
3.289063292323423648e-01,1.698200071706345085e-02
3.283533158199570812e-01,1.649208946920683455e-02
3.270935979387709636e-01,1.539670914102336113e-02
3.265392060643155236e-01,1.492344231529053530e-02
3.259762821977505998e-01,1.446035640614079867e-02
3.246774844864883658e-01,1.341160423054831366e-02
3.241158897938674066e-01,1.296638008424898236e-02
3.235464086112196380e-01,1.253128891927543509e-02
3.222108692010954845e-01,1.152973901670967943e-02
3.216452833641681996e-01,1.111330159841988907e-02
3.210724727899572639e-01,1.070685909528224650e-02
3.197025882272767072e-01,9.752816945141608296e-03
3.191360355681581717e-01,9.365422584315066801e-03
3.185629194913362494e-01,8.987806021062513806e-03
3.171611045015929609e-01,8.081324779875907749e-03
3.165963597259402462e-01,7.722794644702470068e-03
3.160256982551449267e-01,7.373758822466089380e-03
3.145943499598080617e-01,6.514660734644385498e-03
3.140338952520780880e-01,6.184443714874539311e-03
3.134681446635355084e-01,5.863384481825384409e-03
3.120096120597554146e-01,5.051285746972770940e-03
3.114556128554283876e-01,4.748526092655525055e-03
3.108969042666552274e-01,4.454547794972875396e-03
3.094134633456672168e-01,3.688885340545247638e-03
3.088677605808198279e-01,3.412490187091672678e-03
3.083178949270886093e-01,3.144472368166360832e-03
3.068117293819639935e-01,2.424531152235696874e-03
3.062758453983198126e-01,2.173234281545671776e-03
3.057363017437644825e-01,1.929894178040215957e-03
3.042094889576171801e-01,1.254833908333308212e-03
3.036846437529045484e-01,1.027253169611802575e-03
3.031565975458813678e-01,8.072016192983977323e-04
3.016110992979293970e-01,1.760820292420056665e-04
3.010982340548885583e-01,-2.923097819074876869e-05
3.005825822402802827e-01,-2.274414588207679389e-04
2.990202394957365284e-01,-8.156373591556992375e-04
2.985200445307033545e-01,-1.000155906311035736e-03
2.980174346783718842e-01,-1.177991317936860627e-03
2.964399657672190935e-01,-1.724336370422081821e-03
2.959529105600579579e-01,-1.889525382973863965e-03
2.954637717159029897e-01,-2.048438490769667608e-03
2.938727732240700719e-01,-2.554043056523416788e-03
2.933991366973224824e-01,-2.701333471298902889e-03
2.929237101819828770e-01,-2.842739462212744150e-03
2.913206599302200495e-01,-3.308735636126332313e-03
2.903989285330122461e-01,-3.564764131638448186e-03
2.887851900899875424e-01,-3.992292404612296508e-03
2.878907259157483245e-01,-4.218256987715197914e-03
2.862675541742203955e-01,-4.608455184893944789e-03
2.854000770206632231e-01,-4.806809873408070255e-03
2.837686244618441989e-01,-5.160804145378568297e-03
2.829276822807752501e-01,-5.333844162969281211e-03
2.812890055844206594e-01,-5.652741815695090655e-03
2.804740123378703376e-01,-5.802600635968643839e-03
2.788290791426777937e-01,-6.087484534330896147e-03
2.780393475829493477e-01,-6.216135174025673449e-03
2.763890431743875054e-01,-6.468059517596297381e-03
2.756238122925867562e-01,-6.577319031657306858e-03
2.739689461130035975e-01,-6.797306274044248586e-03
2.732274040774963497e-01,-6.888842411116813391e-03
2.715687159582622079e-01,-7.077881137001286460e-03
2.708500190404385388e-01,-7.153220404240372143e-03
2.691881850946858945e-01,-7.312263996822859768e-03
2.684914730605082456e-01,-7.372800551891031673e-03
2.668271112033411274e-01,-7.502766502804326942e-03
2.661515193747778785e-01,-7.549771443581224095e-03
2.644851944681604894e-01,-7.651541165295649982e-03
2.638298637574560401e-01,-7.686171816025849646e-03
2.621620923512388845e-01,-7.760590874654499371e-03
2.615261766934273147e-01,-7.783899925654966245e-03
2.598574313928498358e-01,-7.831778583230336599e-03
2.592401032974156472e-01,-7.844722867121262100e-03
2.575708167716592722e-01,-7.866836855630318648e-03
2.570442058175831379e-01,-7.869866108683010175e-03
2.561761860606007746e-01,-8.105186721424371965e-03
2.558779090239835519e-01,-8.184815404823179985e-03
2.542633020430740132e-01,-8.609186306107914632e-03
2.539652372741724728e-01,-8.686302250410810055e-03
2.523474117531248617e-01,-9.098233088773131916e-03
2.520494699814621042e-01,-9.172878150641321227e-03
2.504285290472700876e-01,-9.572374058711287381e-03
2.501306282608820597e-01,-9.644584831317311313e-03
2.485066735131878923e-01,-1.003164751893603768e-02
2.482087385713748207e-01,-1.010145577378642606e-02
2.465818702840086585e-01,-1.047608381471265213e-02
2.462838325322561916e-01,-1.054351691375527908e-02
2.446541498395602143e-01,-1.090570601587149274e-02
2.443559468205426521e-01,-1.097078727538618181e-02
2.427235478813097591e-01,-1.132053054047668650e-02
2.424251229573963495e-01,-1.138327959149531415e-02
2.407901051102350198e-01,-1.172056775773849119e-02
2.404914071479560267e-01,-1.178100086933114160e-02
2.388538670524638086e-01,-1.210582254082374909e-02
2.385548501275279454e-01,-1.216395291858185512e-02
2.369148838921561473e-01,-1.247629478274824705e-02
2.366155070021913887e-01,-1.253213284679893097e-02
2.349732103004995021e-01,-1.283197987981278543e-02
2.346734370904272060e-01,-1.288553352267535895e-02
2.330289052666293381e-01,-1.317286918341019700e-02
2.327287037548394499e-01,-1.322414401101363809e-02
2.310820319201860595e-01,-1.349895042341782425e-02
2.307813742893383979e-01,-1.354794996973764792e-02
2.291326574065661037e-01,-1.381020809698838003e-02
2.288315197356628750e-01,-1.385693403498843013e-02
2.271808526971665632e-01,-1.410662384200219582e-02
2.268792147334641462e-01,-1.415107617395365558e-02
2.252266924315286245e-01,-1.438817678039646525e-02
2.249245373819445393e-01,-1.443035401288480374e-02
2.232702547711588326e-01,-1.465484383756586809e-02
2.229675690975378988e-01,-1.469474314456923128e-02
2.213116212504037672e-01,-1.490660004128940494e-02
2.210083944748194584e-01,-1.494421741507448789e-02
2.193508766310625913e-01,-1.514341880034834539e-02
2.190471011507865717e-01,-1.517874919101206213e-02
2.173881087608450502e-01,-1.536527216406705088e-02
2.170837796726395041e-01,-1.539830960849443431e-02
2.154234084357725953e-01,-1.557213106393611629e-02
2.151185233691910725e-01,-1.560286880489147876e-02
2.134568692666189982e-01,-1.576396553841107745e-02
2.131514282259787119e-01,-1.579239613443714912e-02
2.114885875494389444e-01,-1.594074494192319891e-02
2.111825927641724776e-01,-1.596686036867640823e-02
2.095186621402492511e-01,-1.610243813908044525e-02
2.092121179233107642e-01,-1.612622988269599156e-02
2.075471943338707270e-01,-1.624901368498854123e-02
2.072401069479130331e-01,-1.627047282802967718e-02
2.055742877469572405e-01,-1.638043999257095956e-02
2.052666652779619461e-01,-1.639955729308700816e-02
2.036000482051808225e-01,-1.649668548772362936e-02
2.032919004432653665e-01,-1.651345145190719066e-02
2.016245836345647857e-01,-1.659771875309443145e-02
2.013159219616544315e-01,-1.661212370200179644e-02
1.996480039569000775e-01,-1.668350866123820275e-02
1.993388412409838883e-01,-1.669554279200807095e-02
1.976704209891930741e-01,-1.675402449785729289e-02
1.973607714848655548e-01,-1.676367793983704266e-02
1.956919483470596355e-01,-1.680923607579935114e-02
1.953818276020673483e-01,-1.681649894196349249e-02
1.937127013519803209e-01,-1.684911384044777624e-02
1.934021261423991833e-01,-1.685397627419966612e-02
1.917327969644338215e-01,-1.687362896780036925e-02
1.914217851929304604e-01,-1.687608118700365673e-02
1.897523536790690080e-01,-1.688275345549829221e-02
1.894409242437861685e-01,-1.688278579178078415e-02
1.877714913906478045e-01,-1.687646020366265556e-02
1.874596641909413441e-01,-1.687406313732914623e-02
1.857903313926125843e-01,-1.685472309161772583e-02
1.854781272345558396e-01,-1.684988728505486602e-02
1.838089962750127093e-01,-1.681751704914387704e-02
1.834964368076952568e-01,-1.681023337682591504e-02
1.833928837123594002e-01,-1.680741529540030060e-02
1.831990229068695408e-01,-1.684238466647802746e-02
1.831461395992311780e-01,-1.685188729534779772e-02
1.829492686544705871e-01,-1.688712666004936469e-02
1.828956703072457946e-01,-1.689668297850009659e-02
1.826987515820949759e-01,-1.693165435131525898e-02
1.826444424725731097e-01,-1.694126064810545784e-02
1.824474757171480888e-01,-1.697596047522557938e-02
1.823924605536378918e-01,-1.698561295218417588e-02
1.821954455370444204e-01,-1.702003770334245547e-02
1.821397294594382377e-01,-1.702973247923896677e-02
1.819426659701871285e-01,-1.706387864986832342e-02
1.818862545504162931e-01,-1.707361176440821277e-02
1.816891423968187425e-01,-1.710747587780150208e-02
1.816320416385159286e-01,-1.711724329585974369e-02
1.814348806490575783e-01,-1.715082190532825346e-02
1.813770969867445348e-01,-1.716061952135655710e-02
1.811798870104375792e-01,-1.719390921238445058e-02
1.811214273083459614e-01,-1.720373285496618054e-02
1.809241682150583841e-01,-1.723673024735905557e-02
1.808650397651041242e-01,-1.724657568398409863e-02
1.806677314458652317e-01,-1.727927743400738819e-02
1.806079419653614515e-01,-1.728914037595816189e-02
1.804105843326429814e-01,-1.732154317846409941e-02
1.803501419614000900e-01,-1.733141928586311858e-02
1.801527349493716734e-01,-1.736351987640327027e-02
1.800916482461117352e-01,-1.737340476342330575e-02
1.798941918108709903e-01,-1.740519992034306185e-02
1.798324697493654256e-01,-1.741508916050221040e-02
1.796349638691409345e-01,-1.744657570701606958e-02
1.795726158335280709e-01,-1.745646483863610293e-02
1.793750605088554884e-01,-1.748763964487947548e-02
1.793120962886193270e-01,-1.749752417661792209e-02
1.791144915424897344e-01,-1.752838416167384200e-02
1.790509213269659561e-01,-1.753825957814142411e-02
1.788532672049458205e-01,-1.756880171203983876e-02
1.787891015769281222e-01,-1.757866347955783920e-02
1.785913981472512235e-01,-1.760888478524281348e-02
1.785266480766431463e-01,-1.761872835758150624e-02
1.783288954302728047e-01,-1.764862591284684090e-02
1.782635722667193778e-01,-1.765844673709908441e-02
1.780657705173821492e-01,-1.768801767648696399e-02
1.779998859826760205e-01,-1.769781119894169030e-02
1.778020352668656656e-01,-1.772705271560341689e-02
1.777356014468535750e-01,-1.773681438765048468e-02
1.775377019238054965e-01,-1.776572373516674408e-02
1.774707312596655595e-01,-1.777544901923980986e-02
1.772727831113016517e-01,-1.780402351339730599e-02
1.772052883905177734e-01,-1.781370788889451856e-02
1.770072918213616842e-01,-1.784194490941747729e-02
1.769392861681337581e-01,-1.785158387862703644e-02
1.767412414051962311e-01,-1.787948087086080329e-02
1.766727382704413041e-01,-1.788906996485668810e-02
1.764746455630765709e-01,-1.791662444140125487e-02
1.764056587140520882e-01,-1.792615922589375216e-02
1.762075183337843687e-01,-1.795336876818549171e-02
1.761380618431704348e-01,-1.796284484933784870e-02
1.759398740834919872e-01,-1.798970710917657118e-02
1.758699623182664595e-01,-1.799912013933025606e-02
1.756717274944065987e-01,-1.802563284035069852e-02
1.756013751041117787e-01,-1.803497852370374716e-02
1.754030935527775559e-01,-1.806113946278838783e-02
1.753323154576813536e-01,-1.807041356094780948e-02
1.751339875367707577e-01,-1.809622060958045175e-02
1.750627989154751318e-01,-1.810541894703900784e-02
1.748644250037624248e-01,-1.813087005259646917e-02
1.747928412805691001e-01,-1.813998852208200535e-02
1.745944217773638396e-01,-1.816508170906257907e-02
1.745224586093704622e-01,-1.817411627675472041e-02
1.743239939341503231e-01,-1.819884964794213356e-02
1.742516671980795795e-01,-1.820779635854729434e-02
1.740531577900976679e-01,-1.823216809610882921e-02
1.739804835687332463e-01,-1.824102307780041399e-02
1.737819298866008222e-01,-1.826503144431719516e-02
1.737089244551098810e-01,-1.827379091349772000e-02
1.735103269763552947e-01,-1.829743425292661152e-02
1.734370067884314359e-01,-1.830609451881333449e-02
1.732383660090360822e-01,-1.832937125737955919e-02
1.731647476826675969e-01,-1.833792872642983629e-02
1.729660641165798041e-01,-1.836083737344842981e-02
1.728921644198816721e-01,-1.836928855356571161e-02
1.726934385985094966e-01,-1.839182770219214419e-02
1.726192744352229025e-01,-1.840016920675420498e-02
1.724205069069067453e-01,-1.842233753466250568e-02
1.723460953018054187e-01,-1.843056608633766857e-02
1.721472866312718231e-01,-1.845236235632555233e-02
1.720726447156519234e-01,-1.846047479065365121e-02
1.718737954834489989e-01,-1.848189785117514833e-02
1.717989404802310882e-01,-1.848989111996120205e-02
1.716000512821475310e-01,-1.851093990558473623e-02
1.715250004912556026e-01,-1.851881108002891713e-02
1.713260719377235897e-01,-1.853948461182233082e-02
1.712508427211457129e-01,-1.854723088544810855e-02
1.710518754366293637e-01,-1.856752827128897027e-02
1.709764852036881333e-01,-1.857514696261075571e-02
1.707774798260587867e-01,-1.859506739742300407e-02
1.707019460186236237e-01,-1.860255595238095166e-02
1.705029031985224319e-01,-1.862209871829765412e-02
1.704272432761917977e-01,-1.862945471245464057e-02
1.702281636763820771e-01,-1.864861917890658916e-02
1.701523951019145164e-01,-1.865584031938029297e-02
1.699532793966237465e-01,-1.867462594311182500e-02
1.698774196212576304e-01,-1.868171007027779468e-02
1.696782684955113474e-01,-1.870011639528917219e-02
1.696023349444956696e-01,-1.870706148422402598e-02
1.694031490934440054e-01,-1.872508814164148411e-02
1.693271591517604424e-01,-1.873189230331124416e-02
1.691279392799986958e-01,-1.874953901118565219e-02
1.690519102780972116e-01,-1.875620049339744161e-02
1.688526570989817843e-01,-1.877346705643163222e-02
1.687766062987997862e-01,-1.877998424452702320e-02
1.685773205337604830e-01,-1.879687055373323312e-02
1.685012651149033480e-01,-1.880324197103826894e-02
1.683019474927535952e-01,-1.881974800332646830e-02
1.682259045389148111e-01,-1.882597231135550719e-02
1.680265557951607647e-01,-1.884209812905383863e-02
1.679505422806977510e-01,-1.884817412747898796e-02
1.677511631568474604e-01,-1.886391987778709284e-02
1.676751959337066944e-01,-1.886984650416208970e-02
1.674757871765808759e-01,-1.888521241853904215e-02
1.673998829614929684e-01,-1.889098874779077120e-02
1.672004453225380827e-01,-1.890597514127900780e-02
1.671246206844432813e-01,-1.891160038497539941e-02
1.669251549190485517e-01,-1.892620765546175476e-02
1.668494262667457317e-01,-1.893168116086250963e-02
1.666499331335645762e-01,-1.894590978827752348e-02
1.665743167040237005e-01,-1.895123103714287105e-02
1.663747969643013247e-01,-1.896508158260164223e-02
1.662993088107938555e-01,-1.897025018982843869e-02
1.660997632277015912e-01,-1.898372329471213760e-02
1.660244192088110582e-01,-1.898873900672816417e-02
1.658248485467888611e-01,-1.900183539171058922e-02
1.657496643153265892e-01,-1.900669808470464850e-02
1.655500693394340861e-01,-1.901941854872338244e-02
1.654750603320536417e-01,-1.902412822666428582e-02
1.652754418073315579e-01,-1.903647364583989365e-02
1.652006232343840308e-01,-1.904103043832480052e-02
1.650009819252257204e-01,-1.905300176482934565e-02
1.649263687609652529e-01,-1.905740592476225931e-02
1.647267054305005529e-01,-1.906900418563880345e-02
1.646523124038623831e-01,-1.907325608673511586e-02
1.644526278133533748e-01,-1.908448238267114461e-02
1.643784693989639445e-01,-1.908858251681844198e-02
1.641787643072141478e-01,-1.909943802087432640e-02
1.641048547168769411e-01,-1.910338699534357143e-02
1.639051298796545819e-01,-1.911387295163845257e-02
1.638314830543746159e-01,-1.911767148615296091e-02
1.636317392238501867e-01,-1.912778920851077730e-02
1.635583688260538737e-01,-1.913143813220063300e-02
1.633586067502531269e-01,-1.914118900275723484e-02
1.632855261566853733e-01,-1.914468925098334467e-02
1.630857465789584959e-01,-1.915407471875808093e-02
1.630129688739035687e-01,-1.915742732983462260e-02
1.628131725324100387e-01,-1.916644890926806621e-02
1.627407105012691479e-01,-1.916965502109030384e-02
1.625408981284800491e-01,-1.917831429054983605e-02
1.624687642519629105e-01,-1.918137513712508957e-02
1.622689365741804002e-01,-1.918967373738145188e-02
1.621971430228539290e-01,-1.919259064528547332e-02
1.619973007597484138e-01,-1.920053027796206346e-02
1.619258593889837672e-01,-1.920330466272746062e-02
1.617260032531489533e-01,-1.921088708872437101e-02
1.616549255985503808e-01,-1.921352045116731661e-02
1.614550562950770596e-01,-1.922074748906250213e-02
1.613843535684501007e-01,-1.922324141155525024e-02
1.611844717945183636e-01,-1.923011493598554555e-02
1.611141548800161527e-01,-1.923247107869710537e-02
1.609142613245062303e-01,-1.923899301871997980e-02
1.608443407755680565e-01,-1.924121311581179078e-02
1.606444361186905589e-01,-1.924738545325178213e-02
1.605749221549866990e-01,-1.924947130906434767e-02
1.603750070679316464e-01,-1.925529607684423050e-02
1.603059095731547423e-01,-1.925724956205519811e-02
1.601059847177598860e-01,-1.926272884251610529e-02
1.600373132375371432e-01,-1.926455189030180926e-02
1.598373792659753823e-01,-1.926968781351291737e-02
1.597691430062932461e-01,-1.927138241570848509e-02
1.595692005607794450e-01,-1.927617715776881735e-02
1.595014083868390165e-01,-1.927774536103767783e-02
1.593014580993557805e-01,-1.928220114237218924e-02
1.592341185347742327e-01,-1.928364504439448318e-02
1.590341610268168893e-01,-1.928776412804614898e-02
1.589672822532712526e-01,-1.928908587373096006e-02
1.587673181356115404e-01,-1.929287056365108777e-02
1.587009079928181077e-01,-1.929407234138164062e-02
1.585009378652870171e-01,-1.929752498072007105e-02
1.584350038513439307e-01,-1.929860901863785644e-02
1.582350283026327242e-01,-1.930173198803488560e-02
1.581695775748200861e-01,-1.930270055036725080e-02
1.579695971822998313e-01,-1.930549626624954856e-02
1.579046365580795142e-01,-1.930635164969117523e-02
1.577046518876388803e-01,-1.930882256257270002e-02
1.576401878461524686e-01,-1.930956709272169808e-02
1.574401994520531201e-01,-1.931171568551210554e-02
1.573762381357875773e-01,-1.931235171337054857e-02
1.571762465605370251e-01,-1.931418049969192696e-02
1.571127937775567973e-01,-1.931471039823128705e-02
1.569127995517987373e-01,-1.931622192074605032e-02
1.568498607779210963e-01,-1.931664808154823915e-02
1.566498644203421498e-01,-1.931784491029790024e-02
1.565874448020799226e-01,-1.931816974026884931e-02
1.563874468193330869e-01,-1.931905447102750389e-02
1.563255511765812289e-01,-1.931928038919510093e-02
1.561255520632252036e-01,-1.931985564183634485e-02
1.560641848927580844e-01,-1.931998507622904870e-02
1.558641851312123072e-01,-1.932025349311038143e-02
1.558033506100144627e-01,-1.932028887772557768e-02
1.556033506705291058e-01,-1.932025312208945911e-02
1.555430526596922880e-01,-1.932019689395089029e-02
1.553430530003332422e-01,-1.931985964834528197e-02
1.552832950489420327e-01,-1.931971424465395853e-02
1.550832961155899914e-01,-1.931907820937229375e-02
1.550240814649854193e-01,-1.931884606475223198e-02
1.548240836913485630e-01,-1.931791395629470220e-02
1.547654152796244520e-01,-1.931759750013637561e-02
1.545654190872647327e-01,-1.931637204969369886e-02
1.545072995537749572e-01,-1.931597370359528637e-02
1.543073053521471227e-01,-1.931445765555501320e-02
1.542497370424802117e-01,-1.931397983086512171e-02
1.540497452289827929e-01,-1.931217594134281013e-02
1.539927301998575415e-01,-1.931162103680301306e-02
1.537927411598959404e-01,-1.930953207219788387e-02
1.537362811843903387e-01,-1.930890247168810803e-02
1.535362952914512691e-01,-1.930653120726484595e-02
1.534803918642881071e-01,-1.930582927765038537e-02
1.532804094800244432e-01,-1.930317849614736347e-02
1.532250638230552575e-01,-1.930240658522899833e-02
1.530250852973813747e-01,-1.929947907549392494e-02
1.529702983651931580e-01,-1.929863951006051404e-02
1.527703240363900150e-01,-1.929543806571411280e-02
1.527160965219785671e-01,-1.929453314969670902e-02
1.525161267168079759e-01,-1.929106056782476514e-02
1.524624590573961658e-01,-1.929009258055266324e-02
1.522624940912236102e-01,-1.928635166042715759e-02
1.522093864742325720e-01,-1.928532285498615884e-02
1.520094266511587411e-01,-1.928131639681626708e-02
1.519568790201284436e-01,-1.928022899850441452e-02
1.517569246331277044e-01,-1.927595980221709360e-02
1.517049366938533483e-01,-1.927481600710179849e-02
1.515049880249202119e-01,-1.927028687115307087e-02
1.514535592514827389e-01,-1.926908884472217781e-02
1.512536165717846270e-01,-1.926430256493855825e-02
1.512027462128898714e-01,-1.926305244085309981e-02
1.510028097829261562e-01,-1.925801180930471895e-02
1.509524968679884505e-01,-1.925671168823915591e-02
1.507525669377554334e-01,-1.925141949214330406e-02
1.507028102832594640e-01,-1.925007144072393012e-02
1.505028870924205731e-01,-1.924453046138040885e-02
1.504536853081046843e-01,-1.924313651120923563e-02
1.502537690861656949e-01,-1.923734952296662915e-02
1.502051205814634305e-01,-1.923591166974032707e-02
1.500052115479516834e-01,-1.922988143899447000e-02
1.499571145381508597e-01,-1.922840164170162153e-02
1.497572129027990306e-01,-1.922213092592487543e-02
1.497096654154602691e-01,-1.922061110613468987e-02
1.495097713783932747e-01,-1.921410265293730518e-02
1.494627712595885671e-01,-1.921254469416514010e-02
1.492628850115140793e-01,-1.920580124038781533e-02
1.492164299320571930e-01,-1.920420698753994709e-02
1.490165516544583457e-01,-1.919723125837752981e-02
1.489706391163086174e-01,-1.919560251727962796e-02
1.487707689816395451e-01,-1.918839722543684567e-02
1.487253963239426324e-01,-1.918673576242531376e-02
1.485255344958258672e-01,-1.917930360730270289e-02
1.484806989011744904e-01,-1.917761114889651730e-02
1.482808455346001086e-01,-1.916995481580766048e-02
1.482365440351863239e-01,-1.916823304844735704e-02
1.480366992767122025e-01,-1.916035520786687346e-02
1.479929287603767019e-01,-1.915860577771780898e-02
1.477930927483299406e-01,-1.915050908455959849e-02
1.477498499645689967e-01,-1.914873359737966074e-02
1.475500228292479232e-01,-1.914042069030517934e-02
1.475073043951860285e-01,-1.913862071137430176e-02
1.473074862590625922e-01,-1.913009421213070216e-02
1.472652886653368631e-01,-1.912827126623829060e-02
1.470654796432590838e-01,-1.911953377902598367e-02
1.470237992598596999e-01,-1.911768935051511020e-02
1.468239994592538122e-01,-1.910874346138452529e-02
1.467828325411963675e-01,-1.910687899424522163e-02
1.465830420622686037e-01,-1.909772727052193309e-02
1.465423847553558312e-01,-1.909584416854244460e-02
1.463426036912934824e-01,-1.908648915828110859e-02
1.463024520375120485e-01,-1.908458878523425217e-02
1.461026804746834717e-01,-1.907503301669952189e-02
1.458632684360187948e-01,-1.906336267776619076e-02
1.456243634995548486e-01,-1.905148191323283169e-02
1.453859614957672408e-01,-1.903939443450101965e-02
1.451480581666992342e-01,-1.902710389256782181e-02
1.449106491712372491e-01,-1.901461387803372871e-02
1.446737300903421786e-01,-1.900192792117174484e-02
1.444372964319886599e-01,-1.898904949204113096e-02
1.442013436362119261e-01,-1.897598200066501206e-02
1.439658670799326690e-01,-1.896272879725156152e-02
1.437308620816435956e-01,-1.894929317246007994e-02
1.434963239060291773e-01,-1.893567835771364088e-02
1.432622477684991902e-01,-1.892188752555520187e-02
1.430286288394389815e-01,-1.890792379003203294e-02
1.427954622486718450e-01,-1.889379020713705809e-02
1.425627430893879888e-01,-1.887948977525848171e-02
1.423304664222950489e-01,-1.886502543568199103e-02
1.420986272794672045e-01,-1.885040007311104826e-02
1.418672206681949044e-01,-1.883561651622224498e-02
1.416362415745373859e-01,-1.882067753823376405e-02
1.414056849669544369e-01,-1.880558585750981282e-02
1.411755457997971031e-01,-1.879034413818521376e-02
1.409458190164843971e-01,-1.877495499079556013e-02
1.407164995527969420e-01,-1.875942097294032440e-02
1.404875823399811818e-01,-1.874374458995699960e-02
1.402590623076865606e-01,-1.872792829560541994e-02
1.400309343868520184e-01,-1.871197449276863073e-02
1.398031935124762204e-01,-1.869588553416446502e-02
1.395758346262143679e-01,-1.867966372306160971e-02
1.393488526790292448e-01,-1.866331131401585686e-02
1.391222426334782769e-01,-1.864683051359378174e-02
1.388959994662499753e-01,-1.863022348112835375e-02
1.386701181701895658e-01,-1.861349232944815163e-02
1.384445937565378371e-01,-1.859663912563289806e-02
1.382194212570179992e-01,-1.857966589176762717e-02
1.379945957256682454e-01,-1.856257460568552092e-02
1.377701122407815060e-01,-1.854536720172621223e-02
1.375459659065696449e-01,-1.852804557147912090e-02
1.373221518549132270e-01,-1.851061156453867595e-02
1.370986652468743627e-01,-1.849306698924546577e-02
1.368755012742845500e-01,-1.847541361343706112e-02
1.366526551610215134e-01,-1.845765316517639781e-02
1.364301221644282636e-01,-1.843978733349362770e-02
1.362078975765494138e-01,-1.842181776911452906e-02
1.359859767252856733e-01,-1.840374608518269978e-02
1.357643549754856682e-01,-1.838557385797642829e-02
1.355430277299737307e-01,-1.836730262761943760e-02
1.353219904305271171e-01,-1.834893389878619607e-02
1.351012385587002373e-01,-1.833046914139242756e-02
1.348807676367257680e-01,-1.831190979128979185e-02
1.346605732281822287e-01,-1.829325725093775001e-02
1.344406509387265913e-01,-1.827451289007758772e-02
1.342209964167371816e-01,-1.825567804639513514e-02
1.340016053538497232e-01,-1.823675402616998370e-02
1.337824734854763387e-01,-1.821774210491858281e-02
1.335635965913045953e-01,-1.819864352803096663e-02
1.333449704956399806e-01,-1.817945951138825317e-02
1.331265910678118836e-01,-1.816019124198042789e-02
1.329084542224787946e-01,-1.814083987850946544e-02
1.326905559198711948e-01,-1.812140655198089118e-02
1.324728921659914793e-01,-1.810189236628500370e-02
1.322554590128408869e-01,-1.808229839877449618e-02
1.320382525585186428e-01,-1.806262570082379365e-02
1.318212689472630372e-01,-1.804287529837591414e-02
1.316045043696101591e-01,-1.802304819249375689e-02
1.313879550623253123e-01,-1.800314535988310066e-02
1.311716173084318815e-01,-1.798316775341750329e-02
1.309554874371107180e-01,-1.796311630264387643e-02
1.307395618236864565e-01,-1.794299191428883056e-02
1.305238368894463818e-01,-1.792279547274189255e-02
1.303083091014993478e-01,-1.790252784053478208e-02
1.300929749727279261e-01,-1.788218985882249201e-02
1.298778310613810660e-01,-1.786178234782194452e-02
1.296628739710129485e-01,-1.784130610727636262e-02
1.294481003502410688e-01,-1.782076191689491856e-02
1.292335068923385344e-01,-1.780015053676826942e-02
1.290190903351212948e-01,-1.777947270780531192e-02
1.288048474604734928e-01,-1.775872915212681896e-02
1.285907750942226757e-01,-1.773792057348611700e-02
1.283768701055389427e-01,-1.771704765763477962e-02
1.281631294068202309e-01,-1.769611107272902467e-02
1.279495499531690395e-01,-1.767511146968815672e-02
1.277361287420296643e-01,-1.765404948256119044e-02
1.275228628128248776e-01,-1.763292572888610493e-02
1.273097492464965452e-01,-1.761174081003202135e-02
1.270967851650778302e-01,-1.759049531153712709e-02
1.268839677313280956e-01,-1.756918980344573250e-02
1.266712941481188681e-01,-1.754782484061256920e-02
1.264587616582219798e-01,-1.752640096304118600e-02
1.262463675435638866e-01,-1.750491869616040141e-02
1.260341091249786161e-01,-1.748337855114478340e-02
1.258219837616282033e-01,-1.746178102519428676e-02
1.256099888504472462e-01,-1.744012660180889462e-02
1.253981218258758967e-01,-1.741841575108694223e-02
1.252346157103661761e-01,-1.740160749401199400e-02
1.251020730620055754e-01,-1.745109725330914324e-02
1.250431933794378392e-01,-1.747302951105571267e-02
1.245745068209630907e-01,-1.764719282091435637e-02
1.245155927599443796e-01,-1.766903256365021796e-02
1.240466332047134995e-01,-1.784245944782183318e-02
1.239876849106007761e-01,-1.786420662166240958e-02
1.235184535157248520e-01,-1.803689665223336472e-02
1.234594711339725703e-01,-1.805855120351769136e-02
1.229899690572334170e-01,-1.823050395439254276e-02
1.229309527333688201e-01,-1.825206582969234395e-02
1.224611811332161071e-01,-1.842328087659473798e-02
1.224021310128631523e-01,-1.844475002270562838e-02
1.219320910484116560e-01,-1.861522694317949145e-02
1.218730072772632872e-01,-1.863660330713120400e-02
1.214027001082898655e-01,-1.880634168054164113e-02
1.213435828321370313e-01,-1.882762520958734115e-02
1.208730096190778897e-01,-1.899662461712183989e-02
1.208138589837775417e-01,-1.901781525874979631e-02
1.203430208877252910e-01,-1.918607528341905247e-02
1.202838370392341066e-01,-1.920717298534046699e-02
1.198127352219349323e-01,-1.937469321197964750e-02
1.197535183062801989e-01,-1.939569792213911154e-02
1.192821539301310296e-01,-1.956247793740870100e-02
1.192229040934209422e-01,-1.958338960398046252e-02
1.187512783214664941e-01,-1.974942899636732488e-02
1.186919957099017431e-01,-1.977024756775123612e-02
1.182201097058317857e-01,-1.993554592756971097e-02
1.181607944656784814e-01,-1.995627135240078329e-02
1.176886493938247430e-01,-2.012082827179357755e-02
1.176293016714412554e-01,-2.014146049893250287e-02
1.171568986967748000e-01,-2.030527557187176979e-02
1.170975186385980749e-01,-2.032581455040977092e-02
1.166248589267262631e-01,-2.048888737269814742e-02
1.165654466792649668e-01,-2.050933305195935114e-02
1.160925313964286942e-01,-2.067166322123079741e-02
1.160330871062826286e-01,-2.069201555076540661e-02
1.155599174193533279e-01,-2.085360266648642394e-02
1.155004412331884500e-01,-2.087386159607949529e-02
1.150270183096652882e-01,-2.103470525954987888e-02
1.149675103742409943e-01,-2.105487073921183047e-02
1.144938353822479438e-01,-2.121497055356589417e-02
1.144342958443882591e-01,-2.123504253354243504e-02
1.139603699526712949e-01,-2.139439810374976769e-02
1.139007989592847464e-01,-2.141437653451503526e-02
1.134266233372089039e-01,-2.157298746738158662e-02
1.133670210352855506e-01,-2.159287229963927773e-02
1.128925968528320112e-01,-2.175073820380839240e-02
1.128329633894296080e-01,-2.177052938849633607e-02
1.123582918171929373e-01,-2.192764987444954447e-02
1.122986273394517981e-01,-2.194734736273472667e-02
1.118237095486368793e-01,-2.210372204279284492e-02
1.117640142037779477e-01,-2.212332578607208861e-02
1.112888513661972056e-01,-2.227895427439619339e-02
1.112291253015035564e-01,-2.229846422430227168e-02
1.107537185895740711e-01,-2.245334613689445660e-02
1.106939619524249657e-01,-2.247276224528483093e-02
1.102183125391655860e-01,-2.262689719998943472e-02
1.101585254769977956e-01,-2.264621941895904322e-02
1.096826345360260857e-01,-2.279960703546339562e-02
1.096228171963581910e-01,-2.281883531733658321e-02
1.091466859018877800e-01,-2.297147521717195912e-02
1.090868384323131213e-01,-2.299060951450482282e-02
1.086104679591506222e-01,-2.314250132104742758e-02
1.085505905073389232e-01,-2.316154158662736551e-02
1.080739820308811855e-01,-2.331268492509926127e-02
1.080140747445771932e-01,-2.333163111194532652e-02
1.075372294408082074e-01,-2.348202560941541756e-02
1.074772924678177588e-01,-2.350087767078275908e-02
1.070002115133059095e-01,-2.365052295616749262e-02
1.069402450015287942e-01,-2.366928084553698852e-02
1.064629295734239450e-01,-2.381817654960156558e-02
1.064029336708127438e-01,-2.383684022069273642e-02
1.059253849468432124e-01,-2.398498597605178487e-02
1.058653598014328429e-01,-2.400355538281355797e-02
1.053875789599026669e-01,-2.415095082393211093e-02
1.053275247198066505e-01,-2.416942592054404856e-02
1.048495129395925762e-01,-2.431607068373857483e-02
1.047894297529771285e-01,-2.433445142461877764e-02
1.043111882135256685e-01,-2.448034514805782352e-02
1.042510762286551068e-01,-2.449863148784905270e-02
1.037726061099797509e-01,-2.464377381155447022e-02
1.037124654751559738e-01,-2.466196570514261194e-02
1.032337679578341355e-01,-2.480635627099002372e-02
1.031735988214669275e-01,-2.482445367348270343e-02
1.026946750866372104e-01,-2.496809212520283844e-02
1.026344775971704815e-01,-2.498609499195177108e-02
1.021553288265295290e-01,-2.512898097513093648e-02
1.020951031325118830e-01,-2.514688926171069344e-02
1.016157305083116996e-01,-2.528902242379203746e-02
1.015554767583295576e-01,-2.530683608601996815e-02
1.010758814633744007e-01,-2.544821607630396582e-02
1.010155998061035287e-01,-2.546593507022501535e-02
1.005357830237471328e-01,-2.560656153987059952e-02
1.004754736079297578e-01,-2.562418582176390763e-02
9.999543652207237843e-02,-2.576405842378926697e-02
9.993509949651134538e-02,-2.578158795017006233e-02
9.945484329159669235e-02,-2.592070633945346009e-02
9.939447880516746880e-02,-2.593814106706942429e-02
9.891400466618004150e-02,-2.607650490035002405e-02
9.885361286783246604e-02,-2.609384478618081288e-02
9.837292198029443102e-02,-2.623145372205968467e-02
9.831250301902881572e-02,-2.624869872332386694e-02
9.783159656899713397e-02,-2.638555242226455974e-02
9.777115059389920870e-02,-2.640270249640952124e-02
9.729002976796279067e-02,-2.653880062073916274e-02
9.722955692817721041e-02,-2.655585572544876677e-02
9.674822291345382130e-02,-2.669119793935880586e-02
9.668772335818218155e-02,-2.670815803255380955e-02
9.620617734231563800e-02,-2.684274400210070327e-02
9.614565122084943460e-02,-2.685960904192964682e-02
9.566389439200670419e-02,-2.699343843503599488e-02
9.560334185367315440e-02,-2.701020837989020346e-02
9.512137540054128870e-02,-2.714328086634520271e-02
9.506079659475945298e-02,-2.715995567484328493e-02
9.457862170654281198e-02,-2.729227092630385695e-02
9.451801678277746421e-02,-2.730885055730441005e-02
9.403563464919460768e-02,-2.744040824729580136e-02
9.397500375698403241e-02,-2.745689265988979222e-02
9.349241556826494437e-02,-2.758769246380646592e-02
9.343175885721305418e-02,-2.760408161731936136e-02
9.294896580409610365e-02,-2.773412321242584022e-02
9.288828342386240555e-02,-2.775041706642035477e-02
9.240528669759147384e-02,-2.787970013185189083e-02
9.234457879790480828e-02,-2.789589864612426057e-02
9.186137959022630528e-02,-2.802442286288772677e-02
9.180064632088268117e-02,-2.804052599746831298e-02
9.131724582404258939e-02,-2.816829104844303933e-02
9.125648733489147291e-02,-2.818429876359999919e-02
9.077288674163248861e-02,-2.831130433353842152e-02
9.071210318258632332e-02,-2.832721658977511298e-02
9.022830368614483121e-02,-2.845346236530356399e-02
9.016749520718453370e-02,-2.846927912335713018e-02
8.968349800128770644e-02,-2.859476479297672763e-02
8.962266475245356245e-02,-2.861048601382055329e-02
8.913847103131640470e-02,-2.873521126790789387e-02
8.907761316270690344e-02,-2.875083691275181347e-02
8.859322412102925426e-02,-2.887480144355974998e-02
8.853234178279943689e-02,-2.889033147385049183e-02
8.804775861576312479e-02,-2.901353497550879235e-02
8.798685195814423543e-02,-2.902896935292494096e-02
8.750207586141005300e-02,-2.915141152144127418e-02
8.744114503467718957e-02,-2.916675020790161083e-02
8.695617720438195142e-02,-2.928843074116209422e-02
8.689522235887862933e-02,-2.930367369881923395e-02
8.641006399163228546e-02,-2.942459229658925257e-02
8.634908527775353448e-02,-2.943973948783395328e-02
8.586373757063608947e-02,-2.955989585175885365e-02
8.580273513884698056e-02,-2.957494723921538782e-02
8.531719928940566244e-02,-2.969434107282132099e-02
8.525617329021892288e-02,-2.970929661935304764e-02
8.477045049646518560e-02,-2.982792762804756942e-02
8.470940108045749151e-02,-2.984278729675290259e-02
8.422349254086403114e-02,-2.996065518782578541e-02
8.416241985867251030e-02,-2.997541894203905460e-02
8.367632677217037851e-02,-3.009252342466302299e-02
8.361523097448263220e-02,-3.010719122795690178e-02
8.312895454045816923e-02,-3.022353201318828814e-02
8.306783577802036300e-02,-3.023810382937183738e-02
8.258137719631231111e-02,-3.035368063015130013e-02
8.252023561993232503e-02,-3.036815642326917003e-02
8.203359609082891413e-02,-3.048296895442245344e-02
8.197243185136578181e-02,-3.049734868875749252e-02
8.148561257560166249e-02,-3.061139666699608936e-02
8.142442582397231565e-02,-3.062568030706767225e-02
8.093742800272565874e-02,-3.073896345098953153e-02
8.087621888990040309e-02,-3.075315096155462752e-02
8.038904372478991589e-02,-3.086566899164483457e-02
8.032781240180134064e-02,-3.087976033769599532e-02
7.984046109488332488e-02,-3.099151297632753155e-02
7.977920771280598566e-02,-3.100550812309749854e-02
7.929168146657132599e-02,-3.111649509453178614e-02
7.923040617655136009e-02,-3.113039400748675301e-02
7.874270619392262360e-02,-3.124061503787453967e-02
7.868140914714262524e-02,-3.125441768272219090e-02
7.819353663147103617e-02,-3.136387250010399391e-02
7.813221797917779821e-02,-3.137757884278709331e-02
7.764417413424026804e-02,-3.148626717709403222e-02
7.758283402773213933e-02,-3.149987718379341356e-02
7.709462005772836635e-02,-3.160779876684783468e-02
7.703325864835793013e-02,-3.162131240398170090e-02
7.654487575790736020e-02,-3.172846696949783996e-02
7.648349319707373195e-02,-3.174188420372354991e-02
7.599494259121256090e-02,-3.184827148730816349e-02
7.593353903037360075e-02,-3.186159228551946332e-02
7.544482191455192943e-02,-3.196721202467249501e-02
7.538339750521402816e-02,-3.198043635400181495e-02
7.489451508529271218e-02,-3.208528828811706146e-02
7.483306997901496838e-02,-3.209841611593459987e-02
7.434402346126282868e-02,-3.220249998630032862e-02
7.428255780965382915e-02,-3.221553128021469037e-02
7.379334840074448787e-02,-3.231884683001430558e-02
7.373186235546791423e-02,-3.233178155787137104e-02
7.324249126247697750e-02,-3.243432853218404521e-02
7.318098497523840840e-02,-3.244716666206975964e-02
7.269145340564042712e-02,-3.254894480787098865e-02
7.262992702820632307e-02,-3.256168630810729603e-02
7.214023618987173980e-02,-3.266269537426966935e-02
7.207868987404487948e-02,-3.267534021341975820e-02
7.158884097523718348e-02,-3.277557995071338215e-02
7.152727487288321195e-02,-3.278812809757607194e-02
7.103726912225583057e-02,-3.288759825866940240e-02
7.097568338528455201e-02,-3.290004968228306403e-02
7.048552199187803347e-02,-3.299875002174338517e-02
7.042391677223686086e-02,-3.301110469138725939e-02
6.993360094547565464e-02,-3.310903496568124577e-02
6.987197639517930825e-02,-3.312129285086939934e-02
6.938150734486900340e-02,-3.321845281836387220e-02
6.931986361596445545e-02,-3.323061388885228951e-02
6.882924255228867194e-02,-3.332700330981466785e-02
6.876757979687707356e-02,-3.333906753559683772e-02
6.827680793039452023e-02,-3.343468617219581829e-02
6.821512630061965510e-02,-3.344665352350505161e-02
6.772420484226113202e-02,-3.354150113981111542e-02
6.766250449032559788e-02,-3.355337158711733936e-02
6.717143465139098490e-02,-3.364744794910350112e-02
6.710971572952137421e-02,-3.365922146312006619e-02
6.661849872167670272e-02,-3.375252633866217267e-02
6.655676138216784499e-02,-3.376420289033725541e-02
6.606539841744223096e-02,-3.385673604921483892e-02
6.600364281262263710e-02,-3.386831560973815880e-02
6.551213510340536672e-02,-3.396007682363486047e-02
6.545036138565014927e-02,-3.397155936443513324e-02
6.495871014468762583e-02,-3.406254840693928587e-02
6.489691846641440498e-02,-3.407393389968502162e-02
6.440512490680717905e-02,-3.416415054629017012e-02
6.434331542048248032e-02,-3.417543896288845195e-02
6.385138075568230764e-02,-3.426488299099396395e-02
6.378955361382204758e-02,-3.427607430359048274e-02
6.329747905762878046e-02,-3.436474549250220084e-02
6.323563441277318953e-02,-3.437583967348568914e-02
6.274342117933189023e-02,-3.446373780441618073e-02
6.268155918408763183e-02,-3.447473482641083553e-02
6.218920848788553335e-02,-3.456185968248027401e-02
6.212732929488018474e-02,-3.457275951835393768e-02
6.163484235074366546e-02,-3.465911088459033840e-02
6.157294611266901641e-02,-3.466991350744682426e-02
6.108032413576068576e-02,-3.475549117078682859e-02
6.101841100533143825e-02,-3.476619655397314435e-02
6.052565521114702807e-02,-3.485100030326234583e-02
6.046372534112878783e-02,-3.486160842036384322e-02
5.997083694549424498e-02,-3.494563804635741205e-02
5.990889048869782463e-02,-3.495614887119873754e-02
5.941587070776625790e-02,-3.503940416656195489e-02
5.935390781703087093e-02,-3.504981767320998476e-02
5.886075786727959502e-02,-3.513229843251863826e-02
5.879877869550098612e-02,-3.514261459527763531e-02
5.830549979372848246e-02,-3.522432061501869910e-02
5.824350449382723754e-02,-3.523453940843573190e-02
5.775009785715014970e-02,-3.531547048700771352e-02
5.768808658209606532e-02,-3.532559188586847920e-02
5.719455342794623615e-02,-3.540574782358196781e-02
5.713252633074744624e-02,-3.541577180291267946e-02
5.663886787686885776e-02,-3.549515240199090094e-02
5.657682511056828789e-02,-3.550507893705884960e-02
5.608304257501410539e-02,-3.558368400163804124e-02
5.602098429269422586e-02,-3.559351306795077718e-02
5.552707889382377249e-02,-3.567134240408071505e-02
5.546500524861708997e-02,-3.568107397738443792e-02
5.497097820509282834e-02,-3.575812739302907522e-02
5.490888935014740652e-02,-3.576776144931406026e-02
5.441474188093198272e-02,-3.584403875435165920e-02
5.435263796945371401e-02,-3.585357526984559590e-02
5.385837129380686289e-02,-3.592907627606953258e-02
5.379625247902809770e-02,-3.593851522724247211e-02
5.330186781650370770e-02,-3.601323974836150715e-02
5.323973425169642448e-02,-3.602258111192377377e-02
5.274523282213952613e-02,-3.609652896356255886e-02
5.268308466061711465e-02,-3.610577271646452091e-02
5.218846768416080667e-02,-3.617894371616414695e-02
5.212630507925790357e-02,-3.618808983559921449e-02
5.163157377632043160e-02,-3.626048380281743366e-02
5.156939688142658101e-02,-3.626953226621708326e-02
5.107455247270822896e-02,-3.634114902232903760e-02
5.101236144123427740e-02,-3.635009980736771118e-02
5.051740514771444618e-02,-3.642093917566616157e-02
5.045520013310982044e-02,-3.642979226025880313e-02
4.996013317604395404e-02,-3.649985406595463583e-02
4.989791433179532887e-02,-3.650860942825687183e-02
4.940273793271193759e-02,-3.657789349847955646e-02
4.934050541233704623e-02,-3.658655111688852851e-02
4.884522079303468128e-02,-3.665505728068649965e-02
4.878297475008722822e-02,-3.666361713384025389e-02
4.828758313263141477e-02,-3.673134522218137604e-02
4.822532372069790463e-02,-3.673980728895924475e-02
4.772982632741826214e-02,-3.680675713473120780e-02
4.766755370011160897e-02,-3.681512139425469760e-02
4.717195175359866627e-02,-3.688129283226535687e-02
4.710966606457823308e-02,-3.688955926389542173e-02
4.661396078768054174e-02,-3.695495213087336694e-02
4.655166219062768784e-02,-3.696312071421372497e-02
4.605585480644873442e-02,-3.702773484880857169e-02
4.599354345507630781e-02,-3.703580556370443533e-02
4.549763518697153009e-02,-3.709964080648719964e-02
4.543531123502914104e-02,-3.710761363302453320e-02
4.493930330660290962e-02,-3.717066982648811052e-02
4.487696690786770193e-02,-3.717854474499490691e-02
4.438086054297023242e-02,-3.724082173355440506e-02
4.431851185125175452e-02,-3.724859872459997806e-02
4.382230827397622097e-02,-3.731009635459311968e-02
4.375994744311372669e-02,-3.731777539898850637e-02
4.326364787779311133e-02,-3.737849351867601061e-02
4.320127506165803016e-02,-3.738607459747368689e-02
4.270488073286218822e-02,-3.744601305703965100e-02
4.264249608534526059e-02,-3.745349615153499567e-02
4.214600821787784640e-02,-3.751265480308717259e-02
4.208361189291488780e-02,-3.752003989481546287e-02
4.158703171181035718e-02,-3.757841859238578858e-02
4.152462386335734751e-02,-3.758570566312512129e-02
4.102795259387793242e-02,-3.764330426266998542e-02
4.096553337591642141e-02,-3.765049329444068033e-02
4.046877224354913233e-02,-3.770731165384123840e-02
4.040634181009372661e-02,-3.771440262890488754e-02
3.990949204054723698e-02,-3.777044060796748426e-02
3.984705054564176285e-02,-3.777743350882750012e-02
3.935011336484352251e-02,-3.783269096928402325e-02
3.928766096255116580e-02,-3.783958577868667267e-02
3.879063759664423683e-02,-3.789406258419480283e-02
3.872817444106232271e-02,-3.790085928512756941e-02
3.823106611640247898e-02,-3.795455530127118948e-02
3.816859236165344449e-02,-3.796125387696380055e-02
3.767140030480604918e-02,-3.801416897125334954e-02
3.760891610503804688e-02,-3.802076940517771370e-02
3.711164154277508259e-02,-3.807290344705045737e-02
3.704914705216157123e-02,-3.807940572292065756e-02
3.655179121145857996e-02,-3.813075858374104232e-02
3.648928658419578475e-02,-3.813716268551366195e-02
3.599185069222887029e-02,-3.818773423857359239e-02
3.592933608254398475e-02,-3.819404015044678552e-02
3.543182136668675958e-02,-3.824383027096598525e-02
3.536929692882387344e-02,-3.825003797738100314e-02
3.487170461664442639e-02,-3.829904654250727847e-02
3.480917050488469000e-02,-3.830515602814640874e-02
3.431150182414261646e-02,-3.835338291695604418e-02
3.424895819277255782e-02,-3.835939416674571945e-02
3.375121437141583719e-02,-3.840683926024360262e-02
3.368866137476436706e-02,-3.841275225935082693e-02
3.319084364092640682e-02,-3.845941544047095512e-02
3.312828143333111652e-02,-3.846523017430654445e-02
3.263039101532768521e-02,-3.851111132791212865e-02
3.256781975115988215e-02,-3.851682778212829616e-02
3.206985787748609096e-02,-3.856192679501219134e-02
3.200727771112582554e-02,-3.856754495550492740e-02
3.150924561045308908e-02,-3.861186171638975040e-02
3.144665669631701438e-02,-3.861738156929622051e-02
3.094855559749004961e-02,-3.866091596883476644e-02
3.088595809001162817e-02,-3.866633750053516394e-02
3.038778922204537353e-02,-3.870908943131068369e-02
3.032518327567246610e-02,-3.871441262842836850e-02
2.982694786774908041e-02,-3.875638198495467285e-02
2.976433363696052645e-02,-3.876160683435476290e-02
2.926603291842636012e-02,-3.880279351307668045e-02
2.920341055771220190e-02,-3.880792000186775170e-02
2.870504575807472300e-02,-3.884832390116121914e-02
2.864241542195081897e-02,-3.885335201669404964e-02
2.814398777087565029e-02,-3.889297303686645169e-02
2.808134961387712125e-02,-3.889790276673458363e-02
2.758286034118493171e-02,-3.893674081002500287e-02
2.752021451786716352e-02,-3.894157214206467321e-02
2.702166485353069136e-02,-3.897962711264412600e-02
2.695901151846003332e-02,-3.898436003493495339e-02
2.646040269260100525e-02,-3.902163183890654252e-02
2.639774200037511842e-02,-3.902626633977001464e-02
2.589907524326125199e-02,-3.906275488516930405e-02
2.583640734848054871e-02,-3.906729095317086620e-02
2.533768389052249229e-02,-3.910299614996592954e-02
2.527500894782695740e-02,-3.910743377391234787e-02
2.477623001957527174e-02,-3.914235553400426115e-02
2.471354818359649055e-02,-3.914669470294702969e-02
2.421471501573860610e-02,-3.918083294016976026e-02
2.415202644114184879e-02,-3.918507364340213101e-02
2.365314026449899867e-02,-3.921842827352296779e-02
2.359044510596403771e-02,-3.922257050058127609e-02
2.309150715148828789e-02,-3.925514144130098915e-02
2.302880556370871801e-02,-3.925918518196474388e-02
2.252981706247986562e-02,-3.929097235291779955e-02
2.246710920016359997e-02,-3.929491759720962069e-02
2.196807138338617224e-02,-3.932592091996429950e-02
2.190535740126360598e-02,-3.932976765814935605e-02
2.140627150026380363e-02,-3.935998705620809973e-02
2.134355155306549151e-02,-3.936373527879557382e-02
2.084441879928816688e-02,-3.939317067759494362e-02
2.078169304178128021e-02,-3.939682037533574072e-02
2.028251466678688761e-02,-3.942547170224688230e-02
2.021978325373296331e-02,-3.942902286613620549e-02
1.972056048919450938e-02,-3.945689005046478653e-02
1.965782357538061950e-02,-3.946034267174029081e-02
1.915855765308066214e-02,-3.948742564472682709e-02
1.909581539329945066e-02,-3.949077971486976424e-02
1.859650754512701815e-02,-3.951707840968966129e-02
1.853376009419375331e-02,-3.952033392042393622e-02
1.803441155214132591e-02,-3.954584827218780851e-02
1.797165906487977957e-02,-3.954900521548071479e-02
1.747227106104024680e-02,-3.957373516123445512e-02
1.740951369228267015e-02,-3.957679352929674432e-02
1.691008745884629155e-02,-3.960073900802166952e-02
1.684732536343905296e-02,-3.960369879330715576e-02
1.634786213269041194e-02,-3.962685974592014548e-02
1.628509546549403164e-02,-3.962972094112579557e-02
1.578559646980899622e-02,-3.965209731047949354e-02
1.572282538569811858e-02,-3.965485990854540621e-02
1.522329185754080737e-02,-3.967645163942837977e-02
1.516051651139294944e-02,-3.967911563353830606e-02
1.466094968331269066e-02,-3.969992267267510866e-02
1.459817023001941383e-02,-3.970248805625590377e-02
1.409857133464768701e-02,-3.972251035230722066e-02
1.403578792911195673e-02,-3.972497711902902434e-02
1.353615819915937948e-02,-3.974421462259182525e-02
1.347337099629540395e-02,-3.974658276636804793e-02
1.297371166454866498e-02,-3.976503542997573970e-02
1.291092081927069056e-02,-3.976730494496347190e-02
1.241123311858952083e-02,-3.978497272308587768e-02
1.234843878583441121e-02,-3.978714360368507813e-02
1.184872394914854646e-02,-3.980402645272874268e-02
1.178592628385592873e-02,-3.980609869358295999e-02
1.128618554416204421e-02,-3.982219657189117051e-02
1.122338470127164957e-02,-3.982417016788759867e-02
1.072361929163034855e-02,-3.983948303574038480e-02
1.066081542610161983e-02,-3.984135798200919704e-02
1.016102657963437010e-02,-3.985588580162358757e-02
1.009821984643242097e-02,-3.985766209353849149e-02
9.598408796318513847e-03,-3.987140482906856298e-02
9.535599350405656385e-03,-3.987308246224690461e-02
9.035767329879177898e-03,-3.988604007978378829e-02
8.972955326240310281e-03,-3.988761905008596925e-02
8.473103568587082857e-03,-3.989979151765808002e-02
8.410289162195818888e-03,-3.990127182118834853e-02
7.910418900750365578e-03,-3.991265910876130169e-02
7.847602246600094908e-03,-3.991404074186704481e-02
7.347714714742598421e-03,-3.992464282134383646e-02
7.284895967823877896e-03,-3.992592578061607278e-02
6.784992398977123147e-03,-3.993574262583711454e-02
6.722171714294668428e-03,-3.993692690811015411e-02
6.222253341921024118e-03,-3.994595849485339106e-02
6.159430874473873115e-03,-3.994704409720523791e-02
5.659498932072225610e-03,-3.995529040318612085e-02
5.596674836867911174e-03,-3.995627732293816070e-02
5.096730557970631341e-03,-3.996373832780972940e-02
5.033904990025161313e-03,-3.996462656252679213e-02
4.533949608195059211e-03,-3.997130224787977942e-02
4.471122722521620775e-03,-3.997209179537024315e-02
3.971157471348902950e-03,-3.997798214473304718e-02
3.908329422966329812e-03,-3.997867300304880356e-02
3.408355536065552690e-03,-3.998377800188757103e-02
3.345526479995511362e-03,-3.998437016932399057e-02
2.845545191002540712e-03,-3.998868980504261678e-02
2.782715282275176165e-03,-3.998918328013854884e-02
2.282727824844140059e-03,-3.999271754207883028e-02
2.219897218478291204e-03,-3.999311232361671409e-02
1.719904826278538827e-03,-3.999586120305816811e-02
1.657073677307178017e-03,-3.999615729006391479e-02
1.157077584020234362e-03,-3.999812078022397382e-02
1.094246047467853974e-03,-3.999831817196700806e-02
5.942474867843759419e-04,-3.999949626800090169e-02
5.314157176896034188e-04,-3.999959496399418252e-02
3.141592330633637863e-05,-3.999998766299513869e-02
-6.230573452995524005e-04,-3.999514719993500084e-02
-1.277363806388013114e-03,-3.997959906885172748e-02
-1.931328286297736337e-03,-3.995334743235598451e-02
-2.584775702923998181e-03,-3.991639931864563590e-02
-3.237531112592454546e-03,-3.986876461962417240e-02
-3.889419756895729548e-03,-3.981045608825235782e-02
-4.540267109480496457e-03,-3.974148933513400178e-02
-5.189898922772427127e-03,-3.966188282433658757e-02
-5.838141274626416043e-03,-3.957165786844801109e-02
-6.484820614889826203e-03,-3.947083862287067979e-02
-7.129763811865982327e-03,-3.935945207935453993e-02
-7.772798198665755755e-03,-3.923752805877070426e-02
-8.413751619434682930e-03,-3.910509920312772031e-02
-9.052452475443190788e-03,-3.896220096683249146e-02
-9.688729771027795520e-03,-3.880887160719826562e-02
-1.032241315937071878e-02,-3.864515217420226578e-02
-1.095333298810587282e-02,-3.847108649949558534e-02
-1.158132034473892749e-02,-3.828672118466840135e-02
-1.220620710186921289e-02,-3.809210558877361430e-02
-1.282782596220154864e-02,-3.788729181511219651e-02
-1.344601050333573029e-02,-3.767233469728396150e-02
-1.406059522232184188e-02,-3.744729178450719592e-02
-1.467141557996942854e-02,-3.721222332621137996e-02
-1.527830804489856316e-02,-3.696719225590696517e-02
-1.588111013732120685e-02,-3.671226417433653272e-02
-1.647966047254093014e-02,-3.644750733191190473e-02
-1.707379880415950055e-02,-3.617299261044186476e-02
-1.766336606697879730e-02,-3.588879350415533770e-02
-1.824820441958629330e-02,-3.559498610002526098e-02
-1.882815728661308557e-02,-3.529164905739824720e-02
-1.940306940065290864e-02,-3.497886358693556852e-02
-1.997278684383093847e-02,-3.465671342887109013e-02
-2.053715708901139927e-02,-3.432528483059199553e-02
-2.109602904063267309e-02,-3.398466652354827783e-02
-2.164925307515929917e-02,-3.363494969949718666e-02
-2.219668108113979216e-02,-3.327622798608897287e-02
-2.273816649885964172e-02,-3.290859742180054365e-02
-2.327356435957897082e-02,-3.253215643022355080e-02
-2.380273132434405567e-02,-3.214700579371413541e-02
-2.432552572236271193e-02,-3.175324862641096951e-02
-2.484180758893295496e-02,-3.135099034662913037e-02
-2.535143870291495238e-02,-3.094033864863709321e-02
-2.585428262373618002e-02,-3.052140347382429134e-02
-2.635020472791982371e-02,-3.009429698126726144e-02
-2.683907224512675771e-02,-2.965913351770187167e-02
-2.732075429370138184e-02,-2.921602958690995219e-02
-2.779512191571178667e-02,-2.876510381852841886e-02
-2.826204811147495916e-02,-2.830647693628924114e-02
-2.872140787355759520e-02,-2.784027172569879249e-02
-2.917307822024366865e-02,-2.736661300116520826e-02
-2.961693822845958002e-02,-2.688562757258252181e-02
-3.005286906614819745e-02,-2.639744421138063082e-02
-3.048075402408310583e-02,-2.590219361605000659e-02
-3.090047854711442180e-02,-2.540000837715061452e-02
-3.131193026483802128e-02,-2.489102294181420177e-02
-3.171499902167980445e-02,-2.437537357774951369e-02
-3.210957690638700096e-02,-2.385319833676018131e-02
-3.249555828091866411e-02,-2.332463701778483486e-02
-3.287283980872743316e-02,-2.278983112946967107e-02
-3.324132048242533360e-02,-2.224892385228305347e-02
-3.360090165082583319e-02,-2.170206000018270326e-02
-3.395148704535513873e-02,-2.114938598184548310e-02
-3.429298280582570441e-02,-2.059104976147022384e-02
-3.462529750556476299e-02,-2.002720081916418635e-02
-3.494834217589154468e-02,-1.945799011092359115e-02
-3.526203032993630027e-02,-1.888357002821904745e-02
-3.556627798579491823e-02,-1.830409435719668881e-02
-3.586100368901298102e-02,-1.771971823750585415e-02
-3.614612853439298779e-02,-1.713059812076451680e-02
-3.642157618711928252e-02,-1.653689172867337659e-02
-3.668727290319464401e-02,-1.593875801078993570e-02
-3.694314754918339577e-02,-1.533635710197388605e-02
-3.718913162125556116e-02,-1.472985027951506307e-02
-3.742515926352691508e-02,-1.411939991995572394e-02
-3.765116728569026933e-02,-1.350516945561834950e-02
-3.786709517993302326e-02,-1.288732333085087015e-02
-3.807288513713655287e-02,-1.226602695800096954e-02
-3.826848206235314992e-02,-1.164144667313111135e-02
-3.845383358955621611e-02,-1.101374969148647028e-02
-3.862889009565995818e-02,-1.038310406272729969e-02
-3.879360471380467051e-02,-9.749678625937979737e-03
-3.894793334590413575e-02,-9.113642964424741380e-03
-3.909183467445174337e-02,-8.475167360314032547e-03
-3.922527017358217599e-02,-7.834422748963993863e-03
-3.934820411938572127e-02,-7.191580673200866948e-03
-3.946060359947246160e-02,-6.546813237392764585e-03
-3.956243852178363551e-02,-5.900293061373366489e-03
-3.965368162264808899e-02,-5.252193234227162458e-03
-3.973430847408138122e-02,-4.602687267949521349e-03
-3.980429749032576153e-02,-3.951949050993254497e-03
-3.986362993362918550e-02,-3.300152801714411211e-03
-3.991228991926186465e-02,-2.647473021729996288e-03
-3.995026441976900350e-02,-1.994084449199428656e-03
-3.997754326845856521e-02,-1.340162012043100669e-03
-3.999411916212312901e-02,-6.858807811098745211e-04
-3.999998766299513175e-02,-3.141592330631141488e-05
-3.999514719993500084e-02,6.230573452995499069e-04
-3.997959906885172748e-02,1.277363806388019619e-03
-3.995334743235598451e-02,1.931328286297743059e-03
-3.991639931864563590e-02,2.584775702923996013e-03
-3.986876461962417240e-02,3.237531112592469291e-03
-3.981045608825235782e-02,3.889419756895727380e-03
-3.974148933513400178e-02,4.540267109480503396e-03
-3.966188282433658757e-02,5.189898922772432331e-03
-3.957165786844801109e-02,5.838141274626414308e-03
-3.947083862287067979e-02,6.484820614889840081e-03
-3.935945207935453993e-02,7.129763811865980593e-03
-3.923752805877070426e-02,7.772798198665762694e-03
-3.910509920312772031e-02,8.413751619434689868e-03
-3.896220096683249146e-02,9.052452475443187319e-03
-3.880887160719826562e-02,9.688729771027811133e-03
-3.864515217420226578e-02,1.032241315937071531e-02
-3.847108649949558534e-02,1.095333298810587976e-02
-3.828672118466840135e-02,1.158132034473893443e-02
-3.809210558877361430e-02,1.220620710186921115e-02
-3.788729181511219651e-02,1.282782596220156425e-02
-3.767233469728396150e-02,1.344601050333572856e-02
-3.744729178450719592e-02,1.406059522232184535e-02
-3.721222332621137996e-02,1.467141557996943374e-02
-3.696719225590696517e-02,1.527830804489856142e-02
-3.671226417433652578e-02,1.588111013732122073e-02
-3.644750733191190473e-02,1.647966047254092667e-02
-3.617299261044185782e-02,1.707379880415951443e-02
-3.588879350415532382e-02,1.766336606697881118e-02
-3.559498610002525404e-02,1.824820441958630371e-02
-3.529164905739824720e-02,1.882815728661308211e-02
-3.497886358693556852e-02,1.940306940065290517e-02
-3.465671342887108319e-02,1.997278684383095235e-02
-3.432528483059198859e-02,2.053715708901141315e-02
-3.410090868628566640e-02,2.090530387112090813e-02
-3.416719756152271359e-02,2.093082808386482335e-02
-3.437879870794421922e-02,2.101246682091694601e-02
-3.459051617179349086e-02,2.109431445868743815e-02
-3.480234932082616056e-02,2.117637213618477066e-02
-3.501429749213506859e-02,2.125864098237396221e-02
-3.522635999211118363e-02,2.134112211588332780e-02
-3.543853609633650786e-02,2.142381664468091113e-02
-3.565082504952728909e-02,2.150672566576640465e-02
-3.586322606545787328e-02,2.158985026485191888e-02
-3.607573832703028088e-02,2.167319151609655575e-02
-3.628836098609208860e-02,2.175675048173822401e-02
-3.650109316357692812e-02,2.184052821184927912e-02
-3.671393394941905447e-02,2.192452574399984117e-02
-3.692688240262535782e-02,2.200874410298015588e-02
-3.713993755129976759e-02,2.209318430050137561e-02
-3.735309839266689330e-02,2.217784733489289867e-02
-3.756636389319763930e-02,2.226273419083786564e-02
-3.777973298859707563e-02,2.234784583905101429e-02
-3.799320458400230749e-02,2.243318323603815667e-02
-3.820677755402276943e-02,2.251874732379047228e-02
-3.842045074288935602e-02,2.260453902952027500e-02
-3.863422296458148691e-02,2.269055926538596224e-02
-3.884809300301701740e-02,2.277680892824091030e-02
-3.906205961212851768e-02,2.286328889933431086e-02
-3.927612151618715963e-02,2.295000004411146960e-02
-3.949027740988518553e-02,2.303694321191485789e-02
-3.970452595857038025e-02,2.312411923574551192e-02
-3.991886579852900463e-02,2.321152893204383311e-02
-4.013329553715550696e-02,2.329917310042329409e-02
-4.034781375328307107e-02,2.338705252346962721e-02
-4.056241899735685968e-02,2.347516796647505788e-02
-4.077710979182915668e-02,2.356352017726372206e-02
-4.099188463141580085e-02,2.365210988596051084e-02
-4.120674198330996629e-02,2.374093780474163806e-02
-4.142168028772179322e-02,2.383000462772155714e-02
-4.163669795802036472e-02,2.391931103067534981e-02
-4.185179338117762937e-02,2.400885767088715983e-02
-4.206696491815474503e-02,2.409864518697635294e-02
-4.228221090421503681e-02,2.418867419869397822e-02
-4.249752964940972655e-02,2.427894530679332308e-02
-4.271291943889553300e-02,2.436945909283157879e-02
-4.292837853339385307e-02,2.446021611903272108e-02
-4.314390516964462796e-02,2.455121692815073059e-02
-4.335949756081654977e-02,2.464246204331650009e-02
-4.357515389698399244e-02,2.473395196791559197e-02
-4.379087234557756114e-02,2.482568718545750258e-02
-4.400665105189664750e-02,2.491766815947445840e-02
-4.422248813955675928e-02,2.500989533339537108e-02
-4.443838171100965295e-02,2.510236913045423013e-02
-4.465432984810087380e-02,2.519508995361851439e-02
-4.487033061247129584e-02,2.528805818545377254e-02
-4.508638204623865997e-02,2.538127418811304825e-02
-4.530248217242303921e-02,2.547473830322007776e-02
-4.551862899556834152e-02,2.556845085184142330e-02
-4.573482050224382534e-02,2.566241213441106811e-02
-4.595105466167825892e-02,2.575662243071767665e-02
-4.616732942625448310e-02,2.585108199983562893e-02
-4.638364273218761186e-02,2.594579108014156282e-02
-4.659999249999860482e-02,2.604074988924644229e-02
-4.681637663525412690e-02,2.613595862405004855e-02
-4.703279302903745629e-02,2.623141746068286678e-02
-4.724923955865679981e-02,2.632712655455824585e-02
-4.746571408815582899e-02,2.642308604034285940e-02
-4.768221446907794370e-02,2.651929603204628699e-02
-4.789873854097186079e-02,2.661575662300165457e-02
-4.811528413207176447e-02,2.671246788593033272e-02
-4.833184905993544167e-02,2.680942987299447106e-02
-4.854843113203929916e-02,2.690664261583687600e-02
-4.876502814649689987e-02,2.700410612568327623e-02
-4.898163789265303630e-02,2.710182039339564808e-02
-4.919825815171606498e-02,2.719978538954957031e-02
-4.941488669743505230e-02,2.729800106453897368e-02
-4.963152129679008345e-02,2.739646734869482375e-02
-4.984815971055746309e-02,2.749518415235382984e-02
-5.006479969400270957e-02,2.759415136599265711e-02
-5.028143899759231206e-02,2.769336886037913198e-02
-5.049807536752351500e-02,2.779283648664707812e-02
-5.071470654650907239e-02,2.789255407649647578e-02
-5.093133027433338622e-02,2.799252144229606720e-02
-5.114794428855574254e-02,2.809273837726185968e-02
-5.136454632515490004e-02,2.819320465561656747e-02
-5.158113411911652291e-02,2.829392003273036027e-02
-5.179770540521483335e-02,2.839488424536055350e-02
-5.201425791846970431e-02,2.849609701174766335e-02
-5.223078939495140460e-02,2.859755803188235301e-02
-5.244729757235063600e-02,2.869926698767107792e-02
-5.303736088286545303e-02,2.898243474534582809e-02
-5.362271209141573902e-02,2.927521905512189826e-02
-5.420319448532856521e-02,2.957754153155973953e-02
-5.477865265543058193e-02,2.988932123562201837e-02
-5.534893253765450771e-02,3.021047469634281085e-02
-5.591388145428602408e-02,3.054091593317493497e-02
-5.647334815483923826e-02,3.088055647900895401e-02
-5.702718285654994473e-02,3.122930540385789044e-02
-5.757523728447634659e-02,3.158706933920155807e-02
-5.811736471119559322e-02,3.195375250298337910e-02
-5.865341999608647550e-02,3.232925672525369803e-02
-5.918325962418694020e-02,3.271348147445223009e-02
-5.970674174461654271e-02,3.310632388432266371e-02
-6.022372620855340891e-02,3.350767878145265860e-02
-6.073407460675536718e-02,3.391743871343108618e-02
-6.123765030661557085e-02,3.433549397761583716e-02
-6.173431848874229994e-02,3.476173265050375855e-02
-6.222394618305326919e-02,3.519604061769525394e-02
-6.270640230437511675e-02,3.563830160444558803e-02
-6.318155768753794255e-02,3.608839720679433982e-02
-6.364928512195600074e-02,3.654620692326505244e-02
-6.410945938568504698e-02,3.701160818712639911e-02
-6.456195727894724345e-02,3.748447639920619856e-02
-6.500665765711480248e-02,3.796468496124975195e-02
-6.544344146314320931e-02,3.845210530981311992e-02
-6.587219175944579452e-02,3.894660695068273559e-02
-6.629279375920067718e-02,3.944805749381186111e-02
-6.670513485708198798e-02,3.995632268876457560e-02
-6.710910465940705949e-02,4.047126646065790645e-02
-6.750459501369147908e-02,4.099275094659232677e-02
-6.789150003760408003e-02,4.152063653256099496e-02
-6.826971614731427995e-02,4.205478189082780677e-02
-6.863914208522389759e-02,4.259504401776424698e-02
-6.899967894707631499e-02,4.314127827213493777e-02
-6.935123020843550479e-02,4.369333841382155859e-02
-6.969370175052802541e-02,4.425107664297488197e-02
-7.002700188544075388e-02,4.481434363958435030e-02
-7.035104138066808344e-02,4.538298860345468810e-02
-7.066573348300161928e-02,4.595685929457873908e-02
-7.097099394175598874e-02,4.653580207389580725e-02
-7.126674103132496496e-02,4.711966194442449712e-02
-7.155289557306121484e-02,4.770828259275924216e-02
-7.182938095647445342e-02,4.830150643091910001e-02
-7.209612315974189833e-02,4.889917463853794832e-02
-7.235305076952566750e-02,4.950112720538445837e-02
-7.260009500009187433e-02,5.010720297420074437e-02
-7.283718971172625789e-02,5.071723968384804493e-02
-7.306427142844135192e-02,5.133107401274795978e-02
-7.328127935497055767e-02,5.194854162260760522e-02
-7.348815539304451305e-02,5.256947720241691990e-02
-7.368484415694537271e-02,5.319371451270640816e-02
-7.387129298833493285e-02,5.382108643005349691e-02
-7.404745197035253468e-02,5.445142499182550194e-02
-7.421327394097901320e-02,5.508456144114733111e-02
-7.436871450566312491e-02,5.572032627208167721e-02
-7.451373204920698490e-02,5.635854927500995315e-02
-7.464828774690757118e-02,5.699905958220151392e-02
-7.477234557495091027e-02,5.764168571355896692e-02
-7.488587232005659844e-02,5.828625562252773978e-02
-7.498883758836982771e-02,5.893259674215690219e-02
-7.508121381359844637e-02,5.958053603129963294e-02
-7.516297626439324975e-02,6.022990002094053691e-02
-7.523410305096905892e-02,6.088051486063732198e-02
-7.529457513096521337e-02,6.153220636506502583e-02
-7.534437631454360407e-02,6.218480006064941445e-02
-7.538349326872317846e-02,6.283812123227787427e-02
-7.541191552094939077e-02,6.349199497007494697e-02
-7.542963546189808410e-02,6.414624621622970480e-02
-7.543664834751254156e-02,6.480069981186323269e-02
-7.543295230027373399e-02,6.545518054392271412e-02
-7.541854830970287638e-02,6.610951319209022736e-02
-7.539344023209654244e-02,6.676352257569358184e-02
-7.535763478949422667e-02,6.741703360060619099e-02
-7.531114156787874214e-02,6.806987130612426884e-02
-7.525397301460975963e-02,6.872186091180784717e-02
-7.518614443509137601e-02,6.937282786427378944e-02
-7.510767398867447542e-02,7.002259788392801998e-02
-7.501858268379504868e-02,7.067099701162418701e-02
-7.491889437234972027e-02,7.131785165523701897e-02
-7.480863574331000909e-02,7.196298863613687091e-02
-7.468783631557707192e-02,7.260623523555398418e-02
-7.455652843007873343e-02,7.324741924081945577e-02
-7.441474724111110661e-02,7.388636899147063564e-02
-7.426253070692684366e-02,7.452291342520894757e-02
-7.409991957957287601e-02,7.515688212369726895e-02
-7.392695739398010002e-02,7.578810535818507332e-02
-7.374369045630795039e-02,7.641641413494901225e-02
-7.355016783154721960e-02,7.704164024053641868e-02
-7.334644133038409342e-02,7.766361628680036600e-02
-7.313256549532920481e-02,7.828217575571332076e-02
-7.290859758611531460e-02,7.889715304394812057e-02
-7.267459756436746299e-02,7.950838350721409209e-02
-7.243062807754979682e-02,8.011570350433604160e-02
-7.217675444219333325e-02,8.071895044106525141e-02
-7.191304462640914219e-02,8.131796281360972878e-02
-7.163956923169165214e-02,8.191258025187267422e-02
-7.135640147401686728e-02,8.250264356238753982e-02
-7.106361716424081099e-02,8.308799477093778418e-02
-7.076129468780295584e-02,8.366847716485063813e-02
-7.044951498374069088e-02,8.424393533495264097e-02
-7.012836152301990533e-02,8.481421521717656675e-02
-6.979792028618775346e-02,8.537916413380811087e-02
-6.945827974035376218e-02,8.593863083436129036e-02
-6.910953081550480492e-02,8.649246553607201071e-02
-6.875176688016115811e-02,8.704051996399840563e-02
-6.838508371637933014e-02,8.758264739071765226e-02
-6.800957949410899039e-02,8.811870267560856229e-02
-6.762535474491049303e-02,8.864854230370899923e-02
-6.723251233504004554e-02,8.917202442413861563e-02
-6.683115743791004371e-02,8.968900888807546101e-02
-6.642139750593162306e-02,9.019935728627742622e-02
-6.600334224174686515e-02,9.070293298613764377e-02
-6.557710356885895764e-02,9.119960116826436591e-02
-6.514279560166744143e-02,9.168922886257532823e-02
-6.470053461491710733e-02,9.217168498389718967e-02
-6.425043901256836942e-02,9.264684036706000159e-02
-6.379262929609766375e-02,9.311456780147805978e-02
-6.332722803223631014e-02,9.357474206520710602e-02
-6.285435982015649681e-02,9.402723995846931637e-02
-6.237415125811295036e-02,9.447194033663686152e-02
-6.188673090954958933e-02,9.490872414266526835e-02
-6.139222926867997365e-02,9.533747443896785356e-02
-6.089077872555084814e-02,9.575807643872272235e-02
-6.038251353059811977e-02,9.617041753660404702e-02
-5.986756975870478892e-02,9.657438733892911853e-02
-5.934608527277038248e-02,9.696987769321352424e-02
-5.881819968680171429e-02,9.735678271712613907e-02
-5.828405432853490942e-02,9.773499882683633899e-02
-5.774379220159844839e-02,9.810442476474595663e-02
-5.719755794722775760e-02,9.846496162659837403e-02
-5.664549780554115066e-02,9.881651288795756383e-02
-5.608775957638782728e-02,9.915898443005008445e-02
-5.552449257977835895e-02,9.949228456496281292e-02
-5.495584761590800726e-02,9.981632406019014248e-02
-5.438197692478395628e-02,1.001310161625236783e-01
-5.380303414546690893e-02,1.004362766212780478e-01
-5.321917427493821906e-02,1.007320237108470240e-01
-5.263055362660347403e-02,1.010181782525832739e-01
-5.203732978844359536e-02,1.012946636359965263e-01
-5.143966158082474704e-02,1.015614058392639574e-01
-5.083770901397825087e-02,1.018183334490477265e-01
-5.023163324516197181e-02,1.020653776796139334e-01
-4.962159653551466432e-02,1.023024723912483169e-01
-4.900776220661473559e-02,1.025295541079634110e-01
-4.839029459675508321e-02,1.027465620344926167e-01
-4.776935901694578934e-02,1.029534380725665721e-01
-4.714512170665630802e-02,1.031501268364674317e-01
-4.651774978930921234e-02,1.033365756678569919e-01
-4.588741122753719343e-02,1.035127346498745937e-01
-4.525427477821536426e-02,1.036785566205010722e-01
-4.461850994728103204e-02,1.038339971851851840e-01
-4.398028694435274222e-02,1.039790147287290439e-01
-4.333977663716119533e-02,1.041135704264296302e-01
-4.269715050580372151e-02,1.042376282544729693e-01
-4.205258059683495558e-02,1.043511549995786575e-01
-4.140623947720580705e-02,1.044541202678918868e-01
-4.075830018806306243e-02,1.045464964931205054e-01
-4.010893619842217234e-02,1.046282589439153088e-01
-3.945832135872537338e-02,1.046993857304911180e-01
-3.880662985429766954e-02,1.047598578104872724e-01
-3.815403615871330173e-02,1.048096589940656631e-01
-3.750071498708481416e-02,1.048487759482452375e-01
-3.684684124928776228e-02,1.048771982004714498e-01
-3.619259000313299057e-02,1.048949181414201431e-01
-3.553813640749947655e-02,1.049019310270346006e-01
-3.488365567544000206e-02,1.048982349797957930e-01
-3.422932302727246801e-02,1.048838309892249354e-01
-3.357531364366913434e-02,1.048587229116186015e-01
-3.292180261875650438e-02,1.048229174690162857e-01
-3.226896491323844041e-02,1.047764242474008012e-01
-3.161697530755486207e-02,1.047192556941318187e-01
-3.096600835508890245e-02,1.046514271146134351e-01
-3.031623833543469274e-02,1.045729566681965345e-01
-2.966783920773850142e-02,1.044838653633171077e-01
-2.902098456412569027e-02,1.043841770518717793e-01
-2.837584758322583486e-02,1.042739184228320681e-01
-2.773260098380871119e-02,1.041531189950991310e-01
-2.709141697854325348e-02,1.040218111096007925e-01
-2.645246722789205973e-02,1.038800299206331657e-01
-2.581592279415376168e-02,1.037278133864489027e-01
-2.518195409566544030e-02,1.035652022590949350e-01
-2.455073086117762204e-02,1.033922400735021452e-01
-2.392242208441370047e-02,1.032089731358300094e-01
-2.329719597882627669e-02,1.030154505110692786e-01
-2.267521993256235019e-02,1.028117240099061525e-01
-2.205666046364939542e-02,1.025978481748512638e-01
-2.144168317541457480e-02,1.023738802656373736e-01
-2.083045271214862409e-02,1.021398802438895220e-01
-2.022313271502666071e-02,1.018959107570718559e-01
-1.961988577829745437e-02,1.016420371217153923e-01
-1.902087340575297353e-02,1.013783273059312012e-01
-1.842625596749001421e-02,1.011048519112136834e-01
-1.798024358948988391e-02,1.008958393916734725e-01
-1.738675358495163706e-02,1.006201536168968569e-01
-1.679973454676532071e-02,1.003502286734542503e-01
-1.621019390195820031e-02,1.000818731068396639e-01
-1.561803735631042515e-02,9.981502795325213062e-02
-1.502317353992886975e-02,9.954963464676304385e-02
-1.442551455721585198e-02,9.928563521592620456e-02
-1.382497652047303197e-02,9.902297247090754984e-02
-1.322148006108292938e-02,9.876159017962962694e-02
-1.261495081284594831e-02,9.850143323180907129e-02
-1.200531986194079692e-02,9.824244778978397097e-02
-1.139252415878060955e-02,9.798458142541607852e-02
-1.077650688712914785e-02,9.772778324239435321e-02
-1.015721778663852479e-02,9.747200398357937223e-02
-9.534613425572647377e-03,9.721719612321963466e-02
-8.908657421094210230e-03,9.696331394403705228e-02
-8.279320605286036305e-03,9.671031359938798977e-02
-7.646581135729656198e-03,9.645815316083564128e-02
-7.010424550436055585e-03,9.620679265170088701e-02
-6.370843767324210413e-03,9.595619406714928079e-02
-5.727839029664205314e-03,9.570632138167618763e-02
-5.081417799090149484e-03,9.545714054473905530e-02
-4.431594598736147972e-03,9.520861946547580501e-02
-3.778390809730737716e-03,9.496072798753525668e-02
-3.121834424413241944e-03,9.471343785492650214e-02
-2.461959760425071544e-03,9.446672266994697587e-02
-1.798807140119978911e-03,9.422055784422360414e-02
-1.132422539813419775e-03,9.397492054381784143e-02
-4.628572138550516722e-04,9.372978962942547787e-02
2.098327017823645808e-04,9.348514559252869838e-02
8.855866010601363969e-04,9.324097048854718128e-02
1.564339830249544989e-03,9.299724786764231033e-02
2.246024115997933158e-03,9.275396270412129829e-02
2.930567994701662859e-03,9.251110132513186424e-02
3.617897239067891044e-03,9.226865133928142948e-02
4.307935277912369916e-03,9.202660156580567963e-02
5.000603605344512530e-03,9.178494196493583446e-02
5.695822176804547256e-03,9.154366356972318264e-02
6.393509788313852041e-03,9.130275842004707820e-02
7.093584437438312136e-03,9.106221949886819655e-02
7.795963663339299660e-03,9.082204067126700697e-02
8.500564864612966676e-03,9.058221662643194116e-02
9.207305593896117010e-03,9.034274282275241152e-02
9.916103828022562738e-03,9.010361543631564829e-02
1.062687821383980803e-02,8.986483131272933467e-02
1.133954828888665382e-02,8.962638792256913400e-02
1.205403467762633865e-02,8.938828332030460122e-02
1.277025926344828831e-02,8.915051610677479643e-02
1.348814533684120597e-02,8.891308539526590615e-02
1.420761772097026490e-02,8.867599078100502075e-02
1.492860287520157356e-02,8.843923231414446695e-02
1.565102897806458851e-02,8.820281047602059055e-02
1.637482599021456570e-02,8.796672615879533308e-02
1.709992569971359108e-02,8.773098064802195561e-02
1.782626174954028350e-02,8.749557560847187609e-02
1.855376964979094448e-02,8.726051307272568447e-02
1.928238677538779075e-02,8.702579543256581951e-02
2.001205235039974287e-02,8.679142543310668090e-02
2.074270742073403700e-02,8.655740616937701581e-02
2.147429481607159366e-02,8.632374108534461576e-02
2.220675910207656201e-02,8.609043397530750930e-02
2.294004652434135719e-02,8.585748898742154300e-02
2.367410494488130651e-02,8.562491062932965635e-02
2.440888377220995151e-02,8.539270377576872739e-02
2.514433388559043914e-02,8.516087367815283748e-02
2.588040755481462243e-02,8.492942597587634090e-02
2.661705835582996171e-02,8.469836670939001610e-02
2.735424108275842994e-02,8.446770233501645075e-02
2.809191165770704920e-02,8.423743974118744204e-02
2.883002703792688498e-02,8.400758626634920179e-02
2.956854512113704647e-02,8.377814971837324598e-02
3.030742465033883087e-02,8.354913839513768148e-02
3.104662511681744244e-02,8.332056110675273297e-02
3.178610666331582735e-02,8.309242719886400508e-02
3.252582998689692445e-02,8.286474657722915638e-02
3.326575624175928669e-02,8.263752973351262687e-02
3.400584694293182914e-02,8.241078777203347805e-02
3.474606387045441058e-02,8.218453243759418769e-02
3.548636897460789863e-02,8.195877614421358259e-02
3.622672428307911752e-02,8.173353200447718014e-02
3.696709180912656489e-02,8.150881385976611881e-02
3.770743346249866984e-02,8.128463631078916563e-02
3.844771096261676013e-02,8.106101474851842847e-02
3.918788575471089664e-02,8.083796538525560293e-02
3.992791892962780503e-02,8.061550528553321215e-02
4.066777114752203465e-02,8.039365239669718499e-02
4.140740256621651405e-02,8.017242557882654774e-02
4.214677277528858929e-02,7.995184463355081705e-02
4.288584073573550176e-02,7.973193033166983690e-02
4.362456472742178015e-02,7.951270443876057303e-02
4.436290230391886497e-02,7.929418973871170395e-02
4.510081025687122380e-02,7.907641005435811499e-02
4.583824459033677273e-02,7.885939026486896153e-02
4.657516050681878572e-02,7.864315631914944871e-02
4.731151240603927860e-02,7.842773524469678903e-02
4.804725389786038137e-02,7.821315515122621853e-02
4.878233783122437606e-02,7.799944522823475113e-02
4.951671634003385752e-02,7.778663573593250224e-02
5.025034090820219845e-02,7.757475798857847715e-02
5.098316245509258021e-02,7.736384432954780677e-02
5.171513144296383674e-02,7.715392809733298551e-02
5.244619800817306582e-02,7.694504358165064895e-02
5.317631211743158864e-02,7.673722596895993231e-02
5.390542375063555464e-02,7.653051127664931008e-02
5.463348311110505229e-02,7.632493627536696135e-02
5.536044086481856086e-02,7.612053839878427097e-02
5.608624840852939608e-02,7.591735564060153596e-02
5.681085816786001635e-02,7.571542643831205566e-02
5.753422392480208453e-02,7.551478954376222852e-02
5.825630117427089277e-02,7.531548388054958021e-02
5.897704750879116664e-02,7.511754838853056115e-02
5.969642302935063843e-02,7.492102185607681097e-02
6.041439078061935225e-02,7.472594274075729237e-02
6.113091720711625460e-02,7.453234897965563266e-02
6.184597262698918879e-02,7.434027779059314278e-02
6.255953171881706298e-02,7.414976546595919427e-02
6.327157401643794532e-02,7.396084716103586143e-02
6.398208440569326527e-02,7.377355667907697923e-02
6.469105361681505573e-02,7.358792625550306110e-02
6.539847870499217175e-02,7.340398634393215105e-02
6.610436351132956134e-02,7.322176540687536095e-02
6.680871909627020266e-02,7.304128971396485481e-02
6.751156413639540499e-02,7.286258315085852866e-02
6.821292527650825444e-02,7.268566704166082304e-02
6.891283742752472852e-02,7.251055998797566182e-02
6.961134400249592569e-02,7.233727772714999837e-02
7.030849708177834556e-02,7.216583301246827509e-02
7.100435750055784923e-02,7.199623551736514249e-02
7.169899485174982545e-02,7.182849176560798798e-02
7.239248739873872796e-02,7.166260508887488390e-02
7.308492189373894110e-02,7.149857561265784978e-02
7.377639329894374043e-02,7.133640027091732450e-02
7.446700440931194875e-02,7.117607284935759115e-02
7.515686537741200768e-02,7.101758405668262553e-02
7.584609314297477423e-02,7.086092162256400762e-02
7.653481077123155951e-02,7.070607042064691594e-02
7.722314670629336353e-02,7.055301261438819138e-02
7.791123394765059329e-02,7.040172782311401867e-02
7.859920915919979545e-02,7.025219330543859553e-02
7.928721172228393732e-02,7.010438415681775892e-02
7.997538274501571343e-02,6.995827351797133387e-02
8.066386404153012835e-02,6.981383279077432724e-02
8.135279709532980408e-02,6.967103185829687240e-02
8.204232202172201394e-02,6.952983930570162674e-02
8.273257654361988733e-02,6.939022263907403121e-02
8.342369499583550396e-02,6.925214849929139938e-02
8.381999113270749424e-02,6.917395248113138162e-02
8.427077097970780972e-02,6.955482044418566379e-02
8.477755158705949090e-02,6.996898479008539784e-02
8.529104080157655365e-02,7.037480188678901794e-02
8.581110114977963388e-02,7.077216308724670890e-02
8.633759339893803952e-02,7.116096200825658413e-02
8.687037659434557191e-02,7.154109455894594460e-02
8.740930809705771409e-02,7.191245896863909803e-02
8.795424362207932001e-02,7.227495581410360581e-02
8.850503727699333967e-02,7.262848804616846288e-02
8.906154160101965866e-02,7.297296101570642513e-02
8.962360760449397667e-02,7.330828249897389237e-02
9.019108480875594192e-02,7.363436272230140800e-02
9.076382128643585567e-02,7.395111438612830823e-02
9.134166370212937203e-02,7.425845268837483193e-02
9.192445735344906277e-02,7.455629534714576512e-02
9.251204621244203674e-02,7.484456262275926419e-02
9.310427296736231706e-02,7.512317733909509854e-02
9.370097906478705441e-02,7.539206490425653939e-02
9.430200475206507171e-02,7.565115333054045488e-02
9.490718912008655472e-02,7.590037325371015720e-02
9.551637014636232825e-02,7.613965795156585337e-02
9.612938473840111631e-02,7.636894336180781451e-02
9.674606877737339239e-02,7.658816809918739255e-02
9.736625716204995451e-02,7.679727347194134635e-02
9.798978385300352589e-02,7.699620349750505022e-02
9.861648191706154365e-02,7.718490491750032434e-02
9.924618357199811725e-02,7.736332721199411233e-02
9.987872023145351330e-02,7.753142261302374549e-02
1.005139225500686906e-01,7.768914611738568510e-02
1.011516204688231724e-01,7.783645549868389857e-02
1.017916432605640853e-01,7.797331131863498299e-02
1.024338195757137082e-01,7.809967693762660812e-02
1.030779774881441235e-01,7.821551852452696130e-02
1.037239445412058425e-01,7.832080506574204404e-02
1.043715477938987474e-01,7.841550837351890513e-02
1.050206138671724437e-01,7.849960309349199306e-02
1.056709689903441579e-01,7.857306671147132326e-02
1.063224390476212311e-01,7.863587955946993446e-02
1.069748496247162201e-01,7.868802482096953765e-02
1.076280260555418089e-01,7.872948853542272030e-02
1.082817934689730560e-01,7.876025960199048437e-02
1.089359768356647218e-01,7.878032978251427176e-02
1.095904010149108126e-01,7.878969370372140846e-02
1.102448908015339901e-01,7.878834885866375926e-02
1.108992709727922577e-01,7.877629560738888537e-02
1.115533663352902827e-01,7.875353717684360766e-02
1.122070017718829055e-01,7.872007966001008661e-02
1.128600022885582893e-01,7.867593201427461325e-02
1.135121930612879582e-01,7.862110605902949967e-02
1.141633994828315790e-01,7.855561647250869362e-02
1.148134472094833047e-01,7.847948078785808856e-02
1.154621622077480064e-01,7.839271938844150078e-02
1.161093708009341419e-01,7.829535550238353458e-02
1.167548997156512558e-01,7.818741519635082071e-02
1.173985761281994278e-01,7.806892736857337645e-02
1.180402277108383441e-01,7.793992374110783605e-02
1.186796826779236425e-01,7.780043885134468873e-02
1.193167698318980396e-01,7.765051004276180002e-02
1.199513186091251127e-01,7.749017745492663145e-02
1.205831591255532576e-01,7.731948401274993388e-02
1.212121222221977379e-01,7.713847541499369020e-02
1.218380395104287223e-01,7.694720012203647153e-02
1.224607434170529030e-01,7.674570934289939861e-02
1.230800672291769843e-01,7.653405702153628920e-02
1.236958451388406460e-01,7.631229982239148835e-02
1.243079122874074238e-01,7.608049711522948955e-02
1.249161048097013338e-01,7.583871095924019090e-02
1.263127914431018961e-01,7.527018397155657570e-02
1.275639825686621653e-01,7.477261911847199460e-02
1.288191696225222393e-01,7.428516408548872796e-02
1.300782794879524751e-01,7.380784700260735465e-02
1.313412413736654016e-01,7.334069385103003658e-02
1.317866622749254424e-01,7.318001311128818909e-02
1.321572219602288045e-01,7.337958065920573147e-02
1.325417943838367307e-01,7.358747482323618749e-02
1.329260397737639654e-01,7.379597281550108467e-02
1.333099571818842921e-01,7.400507412153126130e-02
1.336935456609421036e-01,7.421477822540224756e-02
1.340768042644758240e-01,7.442508460969267381e-02
1.344597320468139401e-01,7.463599275548203626e-02
1.348423280631264876e-01,7.484750214237888277e-02
1.352245913694009039e-01,7.505961224850758728e-02
1.356065210224475237e-01,7.527232255051155563e-02
1.359881160798710742e-01,7.548563252353697461e-02
1.363693756001453650e-01,7.569954164127494500e-02
1.367502986425472300e-01,7.591404937592417801e-02
1.371308842671657424e-01,7.612915519819614396e-02
1.375111315349565877e-01,7.634485857734589487e-02
1.378910395077152795e-01,7.656115898115695151e-02
1.382706072480366366e-01,7.677805587591816916e-02
1.386498338193840052e-01,7.699554872646323378e-02
1.390287182860361070e-01,7.721363699614006149e-02
1.394072597131504887e-01,7.743232014684750530e-02
1.397854571667335177e-01,7.765159763901809120e-02
1.401633097135672745e-01,7.787146893157549654e-02
1.405408164213758082e-01,7.809193348203097296e-02
1.409179763586823342e-01,7.831299074640055147e-02
1.412947885949012439e-01,7.853464017925858298e-02
1.416712522002642471e-01,7.875688123369441185e-02
1.420473662459162956e-01,7.897971336136898335e-02
1.424231298037973714e-01,7.920313601244481638e-02
1.427985419467599493e-01,7.942714863565565608e-02
1.431736017485341350e-01,7.965175067828597633e-02
1.435483082836632729e-01,7.987694158613219131e-02
1.439226606276116927e-01,8.010272080356743707e-02
1.442966578567082270e-01,8.032908777350759866e-02
1.446702990481392448e-01,8.055604193740696639e-02
1.450435832799913116e-01,8.078358273528427058e-02
1.454165096312145522e-01,8.101170960570024115e-02
1.457890771816730269e-01,8.124042198578836083e-02
1.461612850120651563e-01,8.146971931120636223e-02
1.465331322040061834e-01,8.169960101618649329e-02
1.469046178400210956e-01,8.193006653353146485e-02
1.472757410034976622e-01,8.216111529458534901e-02
1.476465007787168826e-01,8.239274672925236964e-02
1.480168962508610075e-01,8.262496026600193999e-02
1.483869265060468456e-01,8.285775533188956266e-02
1.487565906312496022e-01,8.309113135250911775e-02
1.491258877143242234e-01,8.332508775200600515e-02
1.494948168441126990e-01,8.355962395314502078e-02
1.498633771103038692e-01,8.379473937722176080e-02
1.502315676034978176e-01,8.403043344410336679e-02
1.505993874152464218e-01,8.426670557225431069e-02
1.509668356379627041e-01,8.450355517867853827e-02
1.513339113650335466e-01,8.474098167899175860e-02
1.517006136907206593e-01,8.497898448735775878e-02
1.520669417102114840e-01,8.521756301652105847e-02
1.524328945196467555e-01,8.545671667782504810e-02
1.527984712160733449e-01,8.569644488118123571e-02
1.531636708974545569e-01,8.593674703507590829e-02
1.535284926626913349e-01,8.617762254658395404e-02
1.538929356116536529e-01,8.641907082138972074e-02
1.542569988450915031e-01,8.666109126372821547e-02
1.546206814647049788e-01,8.690368327643137325e-02
1.549839825731818277e-01,8.714684626095312026e-02
1.553469012740579525e-01,8.739057961727639268e-02
1.557094366719339873e-01,8.763488274405797918e-02
1.560715878722232219e-01,8.787975503845928127e-02
1.564333539814006802e-01,8.812519589631412353e-02
1.567947341068196832e-01,8.837120471200475558e-02
1.571557273568261470e-01,8.861778087853940111e-02
1.575163328406899432e-01,8.886492378750554533e-02
1.578765496686686809e-01,8.911263282911342787e-02
1.582363769519397056e-01,8.936090739214952450e-02
1.585958138026938857e-01,8.960974686404088452e-02
1.589548593340356919e-01,8.985915063078654674e-02
1.593135126600677409e-01,9.010911807701557641e-02
1.596717728958608196e-01,9.035964858596681748e-02
1.600296391573949040e-01,9.061074153944710663e-02
1.603871105617296344e-01,9.086239631795102467e-02
1.607441862267951771e-01,9.111461230051398630e-02
1.611008652715636980e-01,9.136738886483282418e-02
1.614571468159673728e-01,9.162072538720807124e-02
1.618130299809048822e-01,9.187462124254858198e-02
1.621685138882859312e-01,9.212907580440296562e-02
1.625235976609593069e-01,9.238408844490839100e-02
1.628782804228333658e-01,9.263965853487689250e-02
1.632325612987324259e-01,9.289578544369221647e-02
1.635864394145192524e-01,9.315246853939787575e-02
1.639399138970225323e-01,9.340970718864501088e-02
1.642929838740737336e-01,9.366750075671892439e-02
1.646456484745495441e-01,9.392584860757011156e-02
1.649979068282268480e-01,9.418475010370822020e-02
1.653497580659816779e-01,9.444420460634779524e-02
1.657012013196366707e-01,9.470421147529639594e-02
1.660522357220664269e-01,9.496477006903207563e-02
1.664028604071070838e-01,9.522587974463658789e-02
1.667530745096145461e-01,9.548753985783831055e-02
1.671028771655040934e-01,9.574974976304222174e-02
1.674522675116466575e-01,9.601250881325210096e-02
1.678012446859767359e-01,9.627581636015149213e-02
1.681498078273922503e-01,9.653967175402833334e-02
1.684979560758979311e-01,9.680407434388324517e-02
1.688456885724422818e-01,9.706902347730611558e-02
1.691930044590192750e-01,9.733451850055319099e-02
1.695399028786936657e-01,9.760055875856646357e-02
1.698863829755034860e-01,9.786714359489918913e-02
1.702324438945440888e-01,9.813427235178018293e-02
1.705780847819614310e-01,9.840194437010880979e-02
1.709233047849062215e-01,9.867015898941955410e-02
1.712681030516027547e-01,9.893891554793536602e-02
1.716124787312577060e-01,9.920821338249659338e-02
1.719564309741903330e-01,9.947805182866255314e-02
1.722999589317219249e-01,9.974843022062535036e-02
1.726430617562423053e-01,1.000193478912617950e-01
1.729857386011560416e-01,1.002908041720909776e-01
1.733279886209594667e-01,1.005627983933353453e-01
1.736698109711927451e-01,1.008353298838826212e-01
1.740112048084144492e-01,1.011083979712654041e-01
1.743521692902902653e-01,1.013820019817322088e-01
1.746927035755269642e-01,1.016561412401946057e-01
1.750328068238755641e-01,1.019308150702295107e-01
1.753724781961898405e-01,1.022060227941265081e-01
1.757117168543207153e-01,1.024817637328025166e-01
1.760505219612812089e-01,1.027580372059353347e-01
1.763888926810619484e-01,1.030348425318138722e-01
1.767268281788043072e-01,1.033121790274791479e-01
1.770643276206484706e-01,1.035900460086001534e-01
1.774013901738650811e-01,1.038684427895815721e-01
1.777380150068068598e-01,1.041473686835245188e-01
1.780742012888363035e-01,1.044268230021663107e-01
1.784099481904866946e-01,1.047068050560139157e-01
1.787452548833385890e-01,1.049873141542418953e-01
1.790801205400370799e-01,1.052683496047059492e-01
1.794145443343279078e-01,1.055499107139735299e-01
1.797485254410692290e-01,1.058319967873336820e-01
1.800820630361993357e-01,1.061146071287701470e-01
1.804151562967472033e-01,1.063977410409697594e-01
1.807478044008132279e-01,1.066813978253064593e-01
1.810800065276430559e-01,1.069655767819038678e-01
1.814117618575640800e-01,1.072502772095812601e-01
1.817430695720046174e-01,1.075354984058701641e-01
1.820739288534614364e-01,1.078212396669859102e-01
1.824043388856231851e-01,1.081075002879344910e-01
1.827342988532011936e-01,1.083942795623660943e-01
1.830638079420539854e-01,1.086815767826830870e-01
1.833928653391762031e-01,1.089693912400304110e-01
1.837214702326187277e-01,1.092577222242260004e-01
1.840496218116034755e-01,1.095465690238608403e-01
1.843773192664493743e-01,1.098359309262345457e-01
1.847045617885685609e-01,1.101258072173515318e-01
1.850313485705614713e-01,1.104161971820052518e-01
1.853576788060883052e-01,1.107071001036642882e-01
1.856835516899636440e-01,1.109985152645564521e-01
1.860089664181411584e-01,1.112904419456550442e-01
1.863339221876777752e-01,1.115828794266469498e-01
1.866584181967909928e-01,1.118758269859839033e-01
1.869824536448129737e-01,1.121692839008413822e-01
1.873060277322104727e-01,1.124632494471363847e-01
1.876291396606085404e-01,1.127577228995489678e-01
1.879517886327566889e-01,1.130527035314916051e-01
1.882739738525411322e-01,1.133481906151201507e-01
1.885956945250251149e-01,1.136441834213710034e-01
1.889169498563783300e-01,1.139406812198961311e-01
1.892377390539300985e-01,1.142376832791119207e-01
1.895580613261806102e-01,1.145351888662098638e-01
1.898779158827419711e-01,1.148331972471017121e-01
1.901973019344362359e-01,1.151317076865106120e-01
1.905162186931983193e-01,1.154307194478807752e-01
1.908346653721115227e-01,1.157302317934103403e-01
1.911526411854755636e-01,1.160302439841156413e-01
1.914701453486986338e-01,1.163307552797293587e-01
1.917871770783601271e-01,1.166317649387596106e-01
1.921037355922281809e-01,1.169332722185067036e-01
1.924198201092400251e-01,1.172352763750447308e-01
1.927354298494550200e-01,1.175377766631764270e-01
1.930505640341589335e-01,1.178407723365328535e-01
1.933652218858019911e-01,1.181442626475144170e-01
1.936794026279713699e-01,1.184482468472640021e-01
1.939931054854682757e-01,1.187527241857413568e-01
1.943063296842528209e-01,1.190576939116699678e-01
1.946190744514948723e-01,1.193631552725861744e-01
1.949313390155232584e-01,1.196691075147901379e-01
1.952431226058416180e-01,1.199755498833608575e-01
1.955544244531658704e-01,1.202824816221927662e-01
1.958652437893871334e-01,1.205899019739600647e-01
1.961755798475831314e-01,1.208978101801271021e-01
1.964854318620407603e-01,1.212062054809710937e-01
1.967947990682365478e-01,1.215150871155629558e-01
1.971036807028074545e-01,1.218244543217377601e-01
1.974120760036685018e-01,1.221343063362125142e-01
1.977199842098349147e-01,1.224446423944079293e-01
1.980274045615958434e-01,1.227554617306227808e-01
1.983343363004313187e-01,1.230667635779505442e-01
1.986407786690030652e-01,1.233785471682699864e-01
1.989467309112075699e-01,1.236908117322989831e-01
1.992521922721133543e-01,1.240035564995302791e-01
1.995571619980537059e-01,1.243167806983269397e-01
1.998616393365313659e-01,1.246304835558241508e-01
2.001656235362796465e-01,1.249446642979921834e-01
2.004691138472451117e-01,1.252593221496185738e-01
2.007721095206163320e-01,1.255744563343378639e-01
2.010746098087562161e-01,1.258900660745613798e-01
2.013766139652825304e-01,1.262061505915609838e-01
2.016781212450323713e-01,1.265227091054319797e-01
2.019791309040661342e-01,1.268397408350971367e-01
2.022796421996779503e-01,1.271572449983181807e-01
2.025796543903815583e-01,1.274752208116805008e-01
2.028791667359129969e-01,1.277936674905956471e-01
2.031781784972750415e-01,1.281125842493490707e-01
2.034766889366887432e-01,1.284319703010484703e-01
2.037746973175882659e-01,1.287518248576181301e-01
2.040722029046887209e-01,1.290721471298713341e-01
2.043692049638949904e-01,1.293929363274127775e-01
2.046657027624185776e-01,1.297141916587643551e-01
2.049616955686571484e-01,1.300359123312349874e-01
2.052571826522985865e-01,1.303580975510334472e-01
2.055521632842456092e-01,1.306807465231864251e-01
2.058466367366509897e-01,1.310038584515765547e-01
2.061406022829514739e-01,1.313274325389800767e-01
2.064340591978063022e-01,1.316514679869991433e-01
2.067270067571311820e-01,1.319759639960989550e-01
2.070194442381381728e-01,1.323009197656523639e-01
2.073113709192299647e-01,1.326263344938223010e-01
2.076027860801255842e-01,1.329522073777014979e-01
2.078936890017882011e-01,1.332785376132322730e-01
2.081840789664362035e-01,1.336053243952187997e-01
2.084739552575693711e-01,1.339325669173562772e-01
2.087633171599234672e-01,1.342602643721799716e-01
2.090521639595583070e-01,1.345884159511647471e-01
2.093404949437595586e-01,1.349170208446137109e-01
2.096283094011005266e-01,1.352460782417286012e-01
2.099156066214273031e-01,1.355755873305926618e-01
2.102023858958631253e-01,1.359055472981754165e-01
2.104886465167875587e-01,1.362359573303093818e-01
2.107743877779271191e-01,1.365668166117937343e-01
2.110596089742076964e-01,1.368981243262246128e-01
2.113443094018805646e-01,1.372298796561403633e-01
2.116284883584873822e-01,1.375620817829812104e-01
2.119121451428257474e-01,1.378947298870491223e-01
2.121952790550150902e-01,1.382278231475848884e-01
2.124778893964556770e-01,1.385613607427199356e-01
2.127599754698209500e-01,1.388953418494672520e-01
2.130415365790929438e-01,1.392297656437633813e-01
2.133225720295461592e-01,1.395646313004489658e-01
2.136030811277749020e-01,1.398999379933018039e-01
2.138830631816200090e-01,1.402356848949491142e-01
2.141625175002671022e-01,1.405718711769849416e-01
2.144414433942006815e-01,1.409084960099153683e-01
2.147198401751987396e-01,1.412455585631521571e-01
2.149977071563074493e-01,1.415830580049813603e-01
2.152750436519787758e-01,1.419209935027311020e-01
2.155518489778499858e-01,1.422593642225029320e-01
2.158281224509812357e-01,1.425981693294614827e-01
2.161038633896683880e-01,1.429374079876060688e-01
2.163790711135566147e-01,1.432770793599094372e-01
2.166537449435967377e-01,1.436171826082645875e-01
2.169278842020511688e-01,1.439577168934913776e-01
2.172014882125230528e-01,1.442986813753734943e-01
2.174745562999115811e-01,1.446400752126023037e-01
2.177470877904496560e-01,1.449818975628241191e-01
2.180190820116955919e-01,1.453241475826294871e-01
2.182905382925275639e-01,1.456668244275466650e-01
2.185614559631627318e-01,1.460099272520654634e-01
2.188318343551195755e-01,1.463534552095894781e-01
2.191016728012949444e-01,1.466974074525340677e-01
2.193709706358570322e-01,1.470417831321901292e-01
2.196397271943663909e-01,1.473865813988784190e-01
2.199079418136864472e-01,1.477318014018351722e-01
2.201756138320112022e-01,1.480774422892474351e-01
2.204427425888918213e-01,1.484235032082876493e-01
2.207093274252269477e-01,1.487699833051005782e-01
2.209753676832345859e-01,1.491168817247676415e-01
2.212408627065010347e-01,1.494641976113699755e-01
2.215058118399050036e-01,1.498119301078894572e-01
2.217702144297487854e-01,1.501600783563805386e-01
2.220340698236459853e-01,1.505086414978229203e-01
2.222973773705413103e-01,1.508576186721476142e-01
2.225601364207420718e-01,1.512070090182780491e-01
2.228223463259547954e-01,1.515568116741793925e-01
2.230840064391529931e-01,1.519070257766821364e-01
2.233451161147643471e-01,1.522576504617319249e-01
2.236056747084799179e-01,1.526086848641346472e-01
2.238656815774466291e-01,1.529601281178141481e-01
2.241251360800877723e-01,1.533119793555710320e-01
2.243840375762233830e-01,1.536642377092449496e-01
2.246423854270583609e-01,1.540169023096986667e-01
2.249001789951489971e-01,1.543699722867727664e-01
2.251574176443969788e-01,1.547234467692771287e-01
2.254141007400991270e-01,1.550773248850590424e-01
2.256702276489067627e-01,1.554316057609475277e-01
2.259257977388771377e-01,1.557862885228242511e-01
2.261808103793887803e-01,1.561413722955062311e-01
2.264352649412417207e-01,1.564968562028853649e-01
2.266891607965782485e-01,1.568527393678172399e-01
2.269424973189621275e-01,1.572090209122329607e-01
2.271952738832767327e-01,1.575656999569955419e-01
2.274474898658344901e-01,1.579227756220537293e-01
2.276991446443376588e-01,1.582802470263873496e-01
2.279502375978261219e-01,1.586381132879330358e-01
2.282007681067704241e-01,1.589963735237162612e-01
2.284507355530053796e-01,1.593550268497567202e-01
2.287001393197448940e-01,1.597140723810897001e-01
2.289489787916359764e-01,1.600735092318434083e-01
2.291972533546805524e-01,1.604333365151267565e-01
2.294449623962907248e-01,1.607935533431088526e-01
2.296921053052477513e-01,1.611541588269594094e-01
2.299386814717797323e-01,1.615151520769618487e-01
2.301846902874813694e-01,1.618765322023970887e-01
2.304301311453259005e-01,1.622382983115593924e-01
2.306750034397356264e-01,1.626004495118610338e-01
2.309193065665038624e-01,1.629629849097171956e-01
2.311630399228475630e-01,1.633259036106238515e-01
2.314062029073554183e-01,1.636892047190798560e-01
2.316487949200643770e-01,1.640528873387021025e-01
2.318908153623993607e-01,1.644169505721345681e-01
2.321322636372044057e-01,1.647813935210958869e-01
2.323731391487166287e-01,1.651462152863390209e-01
2.326134413026222370e-01,1.655114149677368307e-01
2.328531695059624096e-01,1.658769916641390507e-01
2.330923231672684115e-01,1.662429444735773476e-01
2.333309016964422167e-01,1.666092724930842983e-01
2.335689045048000290e-01,1.669759748187587822e-01
2.338063310051069488e-01,1.673430505458198825e-01
2.340431806115388091e-01,1.677104987685480719e-01
2.342794527396863113e-01,1.680783185802912916e-01
2.345151468065746481e-01,1.684465090734957593e-01
2.347502622306412434e-01,1.688150693396709423e-01
2.349847984317806338e-01,1.691839984694600563e-01
2.352187548312875964e-01,1.695532955525506369e-01
2.354521308518924827e-01,1.699229596777301621e-01
2.356849259177778710e-01,1.702929899329123642e-01
2.359171394545459266e-01,1.706633854050860211e-01
2.361487708892039128e-01,1.710341451802907808e-01
2.363798196502596427e-01,1.714052683437703173e-01
2.366102851676026297e-01,1.717767539797819820e-01
2.368401668725872433e-01,1.721486011717303366e-01
2.370694641980082840e-01,1.725208090021273233e-01
2.372981765780849961e-01,1.728933765525672572e-01
2.375263034485111113e-01,1.732663029038070124e-01
2.377538442463823509e-01,1.736395871356492815e-01
2.379807984102852714e-01,1.740132283270860447e-01
2.382071653802256828e-01,1.743872255561829676e-01
2.384329445976589856e-01,1.747615779001282232e-01
2.386581355055068798e-01,1.751362844352600812e-01
2.388827375481239745e-01,1.755113442370122845e-01
2.391067501713561028e-01,1.758867563800105005e-01
2.393301728224183633e-01,1.762625199378688168e-01
2.395530049500921854e-01,1.766386339835195884e-01
2.397752460045319556e-01,1.770150975888891975e-01
2.399968954373868368e-01,1.773919098251027504e-01
2.402179527017654637e-01,1.777690697624247917e-01
2.404384172522154028e-01,1.781465764702237775e-01
2.406582885447811349e-01,1.785244290170719117e-01
2.408775660369467109e-01,1.789026264706462532e-01
2.410962491876490754e-01,1.792811678977518364e-01
2.413143374573287758e-01,1.796600523644089620e-01
2.415318303078692608e-01,1.800392789357483370e-01
2.417487272026372924e-01,1.804188466760816290e-01
2.419650276064349015e-01,1.807987546488166730e-01
2.421807309855976420e-01,1.811790019166303611e-01
2.423958368078730219e-01,1.815595875412549520e-01
2.426103445425086269e-01,1.819405105836326697e-01
2.428242536602503443e-01,1.823217701039136773e-01
2.430375636332838540e-01,1.827033651613516052e-01
2.432502739352772614e-01,1.830852948143792680e-01
2.434623840414110174e-01,1.834675581206627326e-01
2.436738934283082803e-01,1.838501541369761128e-01
2.438848015741014175e-01,1.842330819193210845e-01
2.440951079583855987e-01,1.846163405228433974e-01
2.443048120622587915e-01,1.849999290019052334e-01
2.445139133682931454e-01,1.853838464100332206e-01
2.447224113605536711e-01,1.857680917999523784e-01
2.449303055245811156e-01,1.861526642235547535e-01
2.451375953474461133e-01,1.865375627319995067e-01
2.453442803176534570e-01,1.869227863755355268e-01
2.455503599252367997e-01,1.873083342036770960e-01
2.457558336617114980e-01,1.876942052651165149e-01
2.459607010201009525e-01,1.880803986077727030e-01
2.461649614949164011e-01,1.884669132787542278e-01
2.463686145821608331e-01,1.888537483243658832e-01
2.465716597793286280e-01,1.892409027901080787e-01
2.467740965854510193e-01,1.896283757207632981e-01
2.469759245010051119e-01,1.900161661602230989e-01
2.471771430280253756e-01,1.904042731517004983e-01
2.473777516700162438e-01,1.907926957375631061e-01
2.475777499319978536e-01,1.911814329594206108e-01
2.477771373204863126e-01,1.915704838580869485e-01
2.479759133435211205e-01,1.919598474736335658e-01
2.481740775106483776e-01,1.923495228453563355e-01
2.483716293328986635e-01,1.927395090117326459e-01
2.485685683228494869e-01,1.931298050105439978e-01
2.487648939945669713e-01,1.935204098787609572e-01
2.489606058636354424e-01,1.939113226526015255e-01
2.491557034471641729e-01,1.943025423675452390e-01
2.493501862637467481e-01,1.946940680582508465e-01
2.495440538335471359e-01,1.950858987587302529e-01
2.497373056781957146e-01,1.954780335021383264e-01
2.499299413208694032e-01,1.958704713209349635e-01
2.501219602862511104e-01,1.962632112468029599e-01
2.503133621005775300e-01,1.966562523107457383e-01
2.505041462915354455e-01,1.970495935428740741e-01
2.506943123884499136e-01,1.974432339727941466e-01
2.508838599220412080e-01,1.978371726291051624e-01
2.510727884246585773e-01,1.982314085398833581e-01
2.512610974301415223e-01,1.986259407323950343e-01
2.514487864738136347e-01,1.990207682330815131e-01
2.516358550926340309e-01,1.994158900678782154e-01
2.518223028249699236e-01,1.998113052617355445e-01
2.520081292108219406e-01,2.002070128390943948e-01
2.521933337916568707e-01,2.006030118235322957e-01
2.523779161105306756e-01,2.009993012380251465e-01
2.525618757119563185e-01,2.013958801046639435e-01
2.527452121420684650e-01,2.017927474450089131e-01
2.529279249485028580e-01,2.021899022798294698e-01
2.531100136804212419e-01,2.025873436291584784e-01
2.532914778885534957e-01,2.029850705123831256e-01
2.534723171251237472e-01,2.033830819480841878e-01
2.536525309439635611e-01,2.037813769542835829e-01
2.538321189003784339e-01,2.041799545481507439e-01
2.540110805512886261e-01,2.045788137463144252e-01
2.541894154550983220e-01,2.049779535645718520e-01
2.543671231718060977e-01,2.053773730181351898e-01
2.545442032629163243e-01,2.057770711214328418e-01
2.547206552915113331e-01,2.061770468882712926e-01
2.548964788222007338e-01,2.065772993317218920e-01
2.550716734211889158e-01,2.069778274642733451e-01
2.552462386561475394e-01,2.073786302975404727e-01
2.554201740964038292e-01,2.077797068426964489e-01
2.555934793127853655e-01,2.081810561101151980e-01
2.557661538776391241e-01,2.085826771094158316e-01
2.559381973649377251e-01,2.089845688497078691e-01
2.561096093501862292e-01,2.093867303393756041e-01
2.562803894104201397e-01,2.097891605860729425e-01
2.564505371242940535e-01,2.101918585969318465e-01
2.566200520719288947e-01,2.105948233782006795e-01
2.567889338351233008e-01,2.109980539357464713e-01
2.569571819971291360e-01,2.114015492745206504e-01
2.571247961428421158e-01,2.118053083990137087e-01
2.572917758586644177e-01,2.122093303129259090e-01
2.574581207326325227e-01,2.126136140194758439e-01
2.576238303542708330e-01,2.130181585210459416e-01
2.577889043147142401e-01,2.134229628194798667e-01
2.579533422066637161e-01,2.138280259159740515e-01
2.581171436243791528e-01,2.142333468110610706e-01
2.582803081637038978e-01,2.146389245046692595e-01
2.584428354220390522e-01,2.150447579960594602e-01
2.586047249983857155e-01,2.154508462839304916e-01
2.587659764932563333e-01,2.158571883661966062e-01
2.589265895088261882e-01,2.162637832403684901e-01
2.590865636487676982e-01,2.166706299031351812e-01
2.592458985183540565e-01,2.170777273506263594e-01
2.594045937244722766e-01,2.174850745784462913e-01
2.595626488755449768e-01,2.178926705814735465e-01
2.597200635815760106e-01,2.183005143539775705e-01
2.598768374541569059e-01,2.187086048896355328e-01
2.600329701065044463e-01,2.191169411816310808e-01
2.601884611533256120e-01,2.195255222223008451e-01
2.603433102109852793e-01,2.199343470035736159e-01
2.604975168974034694e-01,2.203434145167009195e-01
2.606510808321085837e-01,2.207527237523970454e-01
2.608040016361702351e-01,2.211622737006614936e-01
2.609562789322927290e-01,2.215720633510271376e-01
2.611079123447357375e-01,2.219820916923485321e-01
2.612589014993526582e-01,2.223923577129044427e-01
2.614092460236069893e-01,2.228028604004430313e-01
2.615589455465358593e-01,2.232135987420824086e-01
2.617079996987567991e-01,2.236245717243284803e-01
2.618564081125238641e-01,2.240357783332304342e-01
2.620041704216091172e-01,2.244472175540518366e-01
2.621512862614593931e-01,2.248588883717067832e-01
2.622977552690768932e-01,2.252707897704271378e-01
2.624435770830553238e-01,2.256829207338629240e-01
2.625887513435917753e-01,2.260952802451159926e-01
2.627332776924794500e-01,2.265078672867195941e-01
2.628771557731423014e-01,2.269206808407372433e-01
2.630203852305454948e-01,2.273337198885067856e-01
2.631629657112899423e-01,2.277469834109104030e-01
2.633048968635716691e-01,2.281604703882593177e-01
2.634461783372209487e-01,2.285741798004067848e-01
2.635868097835842860e-01,2.289881106264033406e-01
2.637267908557174856e-01,2.294022618450627105e-01
2.638661212081918617e-01,2.298166324343916544e-01
2.640048004972581630e-01,2.302312213720746625e-01
2.641428283807172872e-01,2.306460276350897620e-01
2.642802045180054349e-01,2.310610501999624811e-01
2.644169285701507000e-01,2.314762880426359248e-01
2.645530001998286918e-01,2.318917401386390575e-01
2.646884190712679441e-01,2.323074054627989327e-01
2.648231848503346808e-01,2.327232829894987642e-01
2.649572972045353136e-01,2.331393716926873638e-01
2.650907558029315658e-01,2.335556705456159898e-01
2.652235603162474420e-01,2.339721785211705818e-01
2.653557104167892366e-01,2.343888945916221267e-01
2.654872057784947725e-01,2.348058177287812576e-01
2.656180460769110296e-01,2.352229469039274490e-01
2.657482309892016392e-01,2.356402810878326648e-01
2.658777601941547108e-01,2.360578192507873374e-01
2.660066333721606280e-01,2.364755603625277869e-01
2.661348502052425236e-01,2.368935033923349198e-01
2.662624103770361295e-01,2.373116473089698919e-01
2.663893135728025441e-01,2.377299910807141592e-01
2.665155594794076377e-01,2.381485336753029480e-01
2.666411477853872780e-01,2.385672740601402220e-01
2.667660781808104398e-01,2.389862112018444062e-01
2.668903503574793223e-01,2.394053440669159649e-01
2.670139640087286215e-01,2.398246716210648555e-01
2.671369188295640296e-01,2.402441928296762952e-01
2.672592145166099997e-01,2.406639066576339858e-01
2.673808507681170177e-01,2.410838120693463982e-01
2.675018272839474465e-01,2.415039080286960904e-01
2.676221437656070568e-01,2.419241934991492871e-01
2.677417999162384210e-01,2.423446674437339243e-01
2.678607954405877178e-01,2.427653288249223273e-01
2.679791300450545810e-01,2.431861766048072360e-01
2.680968034376606801e-01,2.436072097449906992e-01
2.682138153280447801e-01,2.440284272065654236e-01
2.683301654275132009e-01,2.444498279502970162e-01
2.684458534489662651e-01,2.448714109363578639e-01
2.685608791069656887e-01,2.452931751245717718e-01
2.686752421176942240e-01,2.457151194742675515e-01
2.687889421989598793e-01,2.461372429442923448e-01
2.689019790702316670e-01,2.465595444931450164e-01
2.690143524526129593e-01,2.469820230788789539e-01
2.691260620688130656e-01,2.474046776589927665e-01
2.692371076432064081e-01,2.478275071906536065e-01
2.693474889018083740e-01,2.482505106306076847e-01
2.694572055722492809e-01,2.486736869350788248e-01
2.695662573838276121e-01,2.490970350599733818e-01
2.696746440674584466e-01,2.495205539606813738e-01
2.697823653557177570e-01,2.499442425922487054e-01
2.698894209827947255e-01,2.503680999091899562e-01
2.699958106845710692e-01,2.507921248658014357e-01
2.701015341985176232e-01,2.512163164157514283e-01
2.702065912637735545e-01,2.516406735123954963e-01
2.703109816211333727e-01,2.520651951087239939e-01
2.704147050130163987e-01,2.524898801572410534e-01
2.705177611834865270e-01,2.529147276100409125e-01
2.706201498782814796e-01,2.533397364189318712e-01
2.707218708447541866e-01,2.537649055351923755e-01
2.708229238319304066e-01,2.541902339098105479e-01
2.709233085904521610e-01,2.546157204932477658e-01
2.710230248726536728e-01,2.550413642357581279e-01
2.711220724324744369e-01,2.554671640870213034e-01
2.712204510255297740e-01,2.558931189964402941e-01
2.713181604090920129e-01,2.563192279130646067e-01
2.714152003420581827e-01,2.567454897854489770e-01
2.715115705850026928e-01,2.571719035618817428e-01
2.716072709001265961e-01,2.575984681901631879e-01
2.717023010513240910e-01,2.580251826178995844e-01
2.717966608040923160e-01,2.584520457921016812e-01
2.718903499256243306e-01,2.588790566596013143e-01
2.719833681847488860e-01,2.593062141667795695e-01
2.720757153519421379e-01,2.597335172596188513e-01
2.721673911993556794e-01,2.601609648838333344e-01
2.722583955007830125e-01,2.605885559847131439e-01
2.723487280316980730e-01,2.610162895073043221e-01
2.724383885691792351e-01,2.614441643960507267e-01
2.725273768920375428e-01,2.618721795954020992e-01
2.726156927806718255e-01,2.623003340491226743e-01
2.727033360171885468e-01,2.627286267008672183e-01
2.727903063853415744e-01,2.631570564938899848e-01
2.728766036705141396e-01,2.635856223709546198e-01
2.729622276598059338e-01,2.640143232747646507e-01
2.730471781419260280e-01,2.644431581474320225e-01
2.731314549072832443e-01,2.648721259309281262e-01
2.732150577479239284e-01,2.653012255667718255e-01
2.732979864575775242e-01,2.657304559962592738e-01
2.733802408316086119e-01,2.661598161602193868e-01
2.734618206670623719e-01,2.665893049992455466e-01
2.735427257626741326e-01,2.670189214537511679e-01
2.736229559187983162e-01,2.674486644635934440e-01
2.737025109374690568e-01,2.678785329683914251e-01
2.737813906224133564e-01,2.683085259076018469e-01
2.738595947789886353e-01,2.687386422201796798e-01
2.739371232142395196e-01,2.691688808448858272e-01
2.740139757368686979e-01,2.695992407201299734e-01
2.740901521572471911e-01,2.700297207840243741e-01
2.741656522874230673e-01,2.704603199744341491e-01
2.742404759411039006e-01,2.708910372288811930e-01
2.743146229336818065e-01,2.713218714846818425e-01
2.743880930821871456e-01,2.717528216786834205e-01
2.744608862053570797e-01,2.721838867476619184e-01
2.745330021235633522e-01,2.726150656278975570e-01
2.746044406588838971e-01,2.730463572555993368e-01
2.746752016350479386e-01,2.734777605665785760e-01
2.747452848774487033e-01,2.739092744963231296e-01
2.748146902131717861e-01,2.743408979801697511e-01
2.748834174709698375e-01,2.747726299531523808e-01
2.749514664812618969e-01,2.752044693499954842e-01
2.750188370761364465e-01,2.756364151051303724e-01
2.750855290893676197e-01,2.760684661528022277e-01
2.751515423564136475e-01,2.765006214270596119e-01
2.752168767143719497e-01,2.769328798614639209e-01
2.752815320020399192e-01,2.773652403894798502e-01
2.753455080599074289e-01,2.777977019444393125e-01
2.754088047300876640e-01,2.782302634590672619e-01
2.754714218564315864e-01,2.786629238662609587e-01
2.755333592844249613e-01,2.790956820983868103e-01
2.755946168612428693e-01,2.795285370876532949e-01
2.756551944357381601e-01,2.799614877660329126e-01
2.757150918584468924e-01,2.803945330652988233e-01
2.757743089815671844e-01,2.808276719168768532e-01
2.758328456590040112e-01,2.812609032521662389e-01
2.758907017463034239e-01,2.816942260020601774e-01
2.758922255338708274e-01,2.817057769490204366e-01
2.759327023796330214e-01,2.826426434734450877e-01
2.759899336114276513e-01,2.841259535680207837e-01
2.760402517349183071e-01,2.856085586666586296e-01
2.760836335202906389e-01,2.870905180869404161e-01
2.761200577900785325e-01,2.885718854064193151e-01
2.761495053262245092e-01,2.900527089238560952e-01
2.761719587803246889e-01,2.915330319072201304e-01
2.761874025830700075e-01,2.930128928329424065e-01
2.761954584142427560e-01,2.944282923953726039e-01
2.761578731070860604e-01,2.957074414690223363e-01
2.761073991749820600e-01,2.971896796200654278e-01
2.760500108084143478e-01,2.986721456757209237e-01
2.759857226145616127e-01,3.001548055294322448e-01
2.759600946156598456e-01,3.006887374732877816e-01
2.757819299242230682e-01,3.020323498116878613e-01
2.755743238143462670e-01,3.035607790196672151e-01
2.753618969993212318e-01,3.050882862920328287e-01
2.751446422813425552e-01,3.066148644729180250e-01
2.749225528413449249e-01,3.081405060507939053e-01
2.746956222268873149e-01,3.096652031839813857e-01
2.744638443438667808e-01,3.111889477082312450e-01
2.742272134459825539e-01,3.127117311543572420e-01
2.739857241254345932e-01,3.142335447652574443e-01
2.737393713049695032e-01,3.157543795034839507e-01
2.734881502290118505e-01,3.172742260657885338e-01
2.732320564549955977e-01,3.187930748985887686e-01
2.729710858459710177e-01,3.203109162077094063e-01
2.727052345632126618e-01,3.218277399683387441e-01
2.724344990587767579e-01,3.233435359368598272e-01
2.721588760684623964e-01,3.248582936614540229e-01
2.718783626049345870e-01,3.263720024928801200e-01
2.715929559517956671e-01,3.278846515913892423e-01
2.713026536572672454e-01,3.293962299355229217e-01
2.710074535274377694e-01,3.309067263346416876e-01
2.707073536202571629e-01,3.324161294388587873e-01
2.704023522424824355e-01,3.339244277352521606e-01
2.700924479405638068e-01,3.354316095707239875e-01
2.697776394987879689e-01,3.369376631477858930e-01
2.694579259314360264e-01,3.384425765401722352e-01
2.691333064807460151e-01,3.399463376914413359e-01
2.688037806096302829e-01,3.414489344285574490e-01
2.684693479981415387e-01,3.429503544681540839e-01
2.681300085409329403e-01,3.444505854119487842e-01
2.677857623398401388e-01,3.459496147662687315e-01
2.674366097012492172e-01,3.474474299431873359e-01
2.670825511329704138e-01,3.489440182612782437e-01
2.667235873395821799e-01,3.504393669543980350e-01
2.663597192186997198e-01,3.519334631768770150e-01
2.659909478574702946e-01,3.534262940080456494e-01
2.656172745291202064e-01,3.549178464568202851e-01
2.652387006896776422e-01,3.564081074658441151e-01
2.648552279747302673e-01,3.578970639157267875e-01
2.644668581962728582e-01,3.593847026291547286e-01
2.640735933396226032e-01,3.608710103749466214e-01
2.636754355604808420e-01,3.623559738717431200e-01
2.632723871812482908e-01,3.638395797946374910e-01
2.628644506894903254e-01,3.653218147747546163e-01
2.624516287358240052e-01,3.668026653998858189e-01
2.620339241287601428e-01,3.682821182264026660e-01
2.616113398330977557e-01,3.697601597801815632e-01
2.611838789701655394e-01,3.712367765499604566e-01
2.608418189037254309e-01,3.724039284608594569e-01
2.608196435272620017e-01,3.724361439822277409e-01
2.604255129052681084e-01,3.730081164288483464e-01
2.600311031005931861e-01,3.735798947644820012e-01
2.596363940890967781e-01,3.741515024812338552e-01
2.592413609627971516e-01,3.747229828701425514e-01
2.588460471118931849e-01,3.752942706363636693e-01
2.584504212312078164e-01,3.758654134988278495e-01
2.580545034444997610e-01,3.764363833748904375e-01
2.576582865923214283e-01,3.770071909674199140e-01
2.572617657876398733e-01,3.775778450776446360e-01
2.568649597747784119e-01,3.781483197258657669e-01
2.564678368849802603e-01,3.787186602591842144e-01
2.560704435506262477e-01,3.792888043593832248e-01
2.556727455637663460e-01,3.798587962496582926e-01
2.552747394230097111e-01,3.804286486715315885e-01
2.552729222736931924e-01,3.804312477396019077e-01
2.549171143057393230e-01,3.808437875060997069e-01
2.543962662781097950e-01,3.814476036061466013e-01
2.538753900705788547e-01,3.820513733377937649e-01
2.533544855250527972e-01,3.826550963757442414e-01
2.528335524785818023e-01,3.832587723961885517e-01
2.523125907652971622e-01,3.838624010746651272e-01
2.517916002137737808e-01,3.844659820892262769e-01
2.512705806497310679e-01,3.850695151174213793e-01
2.507495318932972395e-01,3.856729998395820869e-01
2.502284537608549519e-01,3.862764359368040523e-01
2.497073460641227038e-01,3.868798230921329240e-01
2.491862086107906882e-01,3.874831609899546669e-01
2.486650412040112279e-01,3.880864493167154317e-01
2.481438436425461025e-01,3.886896877608840284e-01
2.476226157205983214e-01,3.892928760132834398e-01
2.471013572282770854e-01,3.898960137666933612e-01
2.465800679513816263e-01,3.904991007162441630e-01
2.460587476703668397e-01,3.911021365607614264e-01
2.455373961629221669e-01,3.917051209999343753e-01
2.450160132005166636e-01,3.923080537384663335e-01
2.444945985515137310e-01,3.929109344826316463e-01
2.439731519790245551e-01,3.935137629429203421e-01
2.439599042915845395e-01,3.935290759097211377e-01
2.439327876679617257e-01,3.935581446583411025e-01
2.434057848547869773e-01,3.941222983985331885e-01
2.428785820652262784e-01,3.946858712542676839e-01
2.423511896984598957e-01,3.952488443131664808e-01
2.418236183466045686e-01,3.958111979440749884e-01
2.412958787854739828e-01,3.963729117940040236e-01
2.407679819653377462e-01,3.969339647854843167e-01
2.402399390015480529e-01,3.974943351144991088e-01
2.397117611653305780e-01,3.980540002487109597e-01
2.391834598733977579e-01,3.986129369274428180e-01
2.386550466779730206e-01,3.991711211617722799e-01
2.381265332550740188e-01,3.997285282370627857e-01
2.375979313928087699e-01,4.002851327161297545e-01
2.370692529779281355e-01,4.008409084449559567e-01
2.365405099816149659e-01,4.013958285599787956e-01
2.360117144436374714e-01,4.019498654979394847e-01
2.354828784550706267e-01,4.025029910081451279e-01
2.349540141394106663e-01,4.030551761674011080e-01
2.344251336316357792e-01,4.036063913981562390e-01
2.338962490556434348e-01,4.041566064894869248e-01
2.333673724994012322e-01,4.047057906216888767e-01
2.328385159879136357e-01,4.052539123944455812e-01
2.323096914542597813e-01,4.058009398583836691e-01
2.317809107078361019e-01,4.063468405509864101e-01
2.312521854006515665e-01,4.068915815360525934e-01
2.307235269911768472e-01,4.074351294472838836e-01
2.301949467055355303e-01,4.079774505362712689e-01
2.296664554968692873e-01,4.085185107240734692e-01
2.291380640019750337e-01,4.090582756573545864e-01
2.286097824962362579e-01,4.095967107680598684e-01
2.280816208460145489e-01,4.101337813374991703e-01
2.275535884598668679e-01,4.106694525634483339e-01
2.270256942373729270e-01,4.112036896314953394e-01
2.264979465173399542e-01,4.117364577888087962e-01
2.259703530243685199e-01,4.122677224213195935e-01
2.254429208149460184e-01,4.127974491330753670e-01
2.249156562229909784e-01,4.133256038277719480e-01
2.243885648054503301e-01,4.138521527917630172e-01
2.238616512885000520e-01,4.143770627778907145e-01
2.233349195142778076e-01,4.149003010900811916e-01
2.228083723892649581e-01,4.154218356674523882e-01
2.222820118346384433e-01,4.159416351674632417e-01
2.217558387386759089e-01,4.164596690478549745e-01
2.212298529125984736e-01,4.169759076458391389e-01
2.207040530494031594e-01,4.174903222547896586e-01
2.201784366873194843e-01,4.180028851966403614e-01
2.196530001772471485e-01,4.185135698904255963e-01
2.191277386558877771e-01,4.190223509150911574e-01
2.186026460239195168e-01,4.195292040670186573e-01
2.180777149307470408e-01,4.200341064105831967e-01
2.175529367653339097e-01,4.205370363220417573e-01
2.170283016540548171e-01,4.210379735256718492e-01
2.165037984660030945e-01,4.215368991215862060e-01
2.159794148251337476e-01,4.220337956056691153e-01
2.154551371308393859e-01,4.225286468799828721e-01
2.149309505857052716e-01,4.230214382547282104e-01
2.144068392314470994e-01,4.235121564407178796e-01
2.138827859925325203e-01,4.240007895327657095e-01
2.133587727276781698e-01,4.244873269837682872e-01
2.128347802888215234e-01,4.249717595698294659e-01
2.123107885872647094e-01,4.254540793467077586e-01
2.117867766670699370e-01,4.259342795975335494e-01
2.112627227847089506e-01,4.264123547727614594e-01
2.107386044948858783e-01,4.268883004224864886e-01
2.102143987419730076e-01,4.273621131217217317e-01
2.096900819561168527e-01,4.278337903895852445e-01
2.091656301537407336e-01,4.283033306027538289e-01
2.086410190415232679e-01,4.287707329041324789e-01
2.081162241231321042e-01,4.292359971075157543e-01
2.075912208079192245e-01,4.296991235990828550e-01
2.070659845209645855e-01,4.301601132364112900e-01
2.065404908132736916e-01,4.306189672462064078e-01
2.060147154718376394e-01,4.310756871211419150e-01
2.054886346282206733e-01,4.315302745171192278e-01
2.049622248653892864e-01,4.319827311513264045e-01
2.044354633216377559e-01,4.324330587022181538e-01
2.039083277910816727e-01,4.328812587119900135e-01
2.033807968200740390e-01,4.333273324922136682e-01
2.028528497986934742e-01,4.337712810334597435e-01
2.023244670468637152e-01,4.342131049193734271e-01
2.017956298946417260e-01,4.346528042456766494e-01
2.012663207558607337e-01,4.350903785448493877e-01
2.007365231950959672e-01,4.355258267165772468e-01
2.002062219872431381e-01,4.359591469646069695e-01
1.996754031695702203e-01,4.363903367401622546e-01
1.991440540858798181e-01,4.368193926922490089e-01
1.986121634226526711e-01,4.372463106249778741e-01
1.980797212368096971e-01,4.376710854622091196e-01
1.975467189752612429e-01,4.380937112193890592e-01
1.970131494858536614e-01,4.385141809828878579e-01
1.964790070198363658e-01,4.389324868967296456e-01
1.959442872257595725e-01,4.393486201567682325e-01
1.954089871348934082e-01,4.397625710122148313e-01
1.948731051380195034e-01,4.401743287746039957e-01
1.943366409539390993e-01,4.405838818338949636e-01
1.937995955892847788e-01,4.409912176819856255e-01
1.932619712902801656e-01,4.413963229430958313e-01
1.927237714860259021e-01,4.417991834112910410e-01
1.921850007237059510e-01,4.421997840947851088e-01
1.916456645955407212e-01,4.425981092670878692e-01
1.911057696577956322e-01,4.429941425246922693e-01
1.905653233417751446e-01,4.433878668512738486e-01
1.900243338567958740e-01,4.437792646883167436e-01
1.894828100855328601e-01,4.441683180117820817e-01
1.889407614712771410e-01,4.445550084150485248e-01
1.883981978977981864e-01,4.449393171975093431e-01
1.878551295612811978e-01,4.453212254590816488e-01
1.873115668348695473e-01,4.457007142001143674e-01
1.867675201257628925e-01,4.460777644265885855e-01
1.862229997249245650e-01,4.464523572604158774e-01
1.856780156496228573e-01,4.468244740545148641e-01
1.851325774791681977e-01,4.471940965122421785e-01
1.845866941836981634e-01,4.475612068110986774e-01
1.840403739467951771e-01,4.479257877299845925e-01
1.834936239819036086e-01,4.482878227798332005e-01
1.829464503433531897e-01,4.486472963368811073e-01
1.823988577320770077e-01,4.490041937783141868e-01
1.818508492973055224e-01,4.493585016192421233e-01
1.813024264343270353e-01,4.497102076507478174e-01
1.807535885796364150e-01,4.500593010779591063e-01
1.802043330042971403e-01,4.504057726574364762e-01
1.796546546067396000e-01,4.507496148329325769e-01
1.791045457061024582e-01,4.510908218686814908e-01
1.785539958378114800e-01,4.514293899790386422e-01
1.780029915527505113e-01,4.517653174535471994e-01
1.774515162218765763e-01,4.520986047762424742e-01
1.768995498480821216e-01,4.524292547380915908e-01
1.763470688873429448e-01,4.527572725413816501e-01
1.757940460814007566e-01,4.530826658948108876e-01
1.752404503039288464e-01,4.534054450982879514e-01
1.746862464229670953e-01,4.537256231160267106e-01
1.741313951816382544e-01,4.540432156370619587e-01
1.735758530999146343e-01,4.543582411219541095e-01
1.730195723996819090e-01,4.546707208348402252e-01
1.724625009558012345e-01,4.549806788598149687e-01
1.719045822752646724e-01,4.552881421010531171e-01
1.713457555071137561e-01,4.555931402658434659e-01
1.707859554848645545e-01,4.558957058302914866e-01
1.702251128035595917e-01,4.561958739873036572e-01
1.696631539332764116e-01,4.564936825766789941e-01
1.691000013700766635e-01,4.567891719976305276e-01
1.685355738258147718e-01,4.570823851038424701e-01
1.679697864571922106e-01,4.573733670817275443e-01
1.674025511342232819e-01,4.576621653126396461e-01
1.668337767480132239e-01,4.579488292199020427e-01
1.662633695567903858e-01,4.582334101019414629e-01
1.656912335688014437e-01,4.585159609529006475e-01
1.651172709605597810e-01,4.587965362720585749e-01
1.645413825272222241e-01,4.590751918641160501e-01
1.639634681628532042e-01,4.593519846317643540e-01
1.633568376562539726e-01,4.596395781037644346e-01
1.632205157529253992e-01,4.597037948968803467e-01
1.626307308711156252e-01,4.599875421128859498e-01
1.620456675349410958e-01,4.602809012478496498e-01
1.614654823800042716e-01,4.605837937624372436e-01
1.608903307359004220e-01,4.608961385649984477e-01
1.603203665846324733e-01,4.612178520332767540e-01
1.597557425193858460e-01,4.615488480367974100e-01
1.591966097036759398e-01,4.618890379599265850e-01
1.586431178308778944e-01,4.622383307255957252e-01
1.580954150841498707e-01,4.625966328196852162e-01
1.575536480967612285e-01,4.629638483160604112e-01
1.570179619128347914e-01,4.633398789022533659e-01
1.564884999485154082e-01,4.637246239057834507e-01
1.559654039535737502e-01,4.641179803211096799e-01
1.554488139734566121e-01,4.645198428372080413e-01
1.549388683117932652e-01,4.649301038657654428e-01
1.544357034933682427e-01,4.653486535699842275e-01
1.539394542275704381e-01,4.657753798939875955e-01
1.534502533723280104e-01,4.662101685928199957e-01
1.529682318985392531e-01,4.666529032630332141e-01
1.524935188550083920e-01,4.671034653738503351e-01
1.520262413338961116e-01,4.675617342988992453e-01
1.515665244366940778e-01,4.680275873485073568e-01
1.511144912407319518e-01,4.685008998025486093e-01
1.506702627662268867e-01,4.689815449438339834e-01
1.502339579438833339e-01,4.694693940920366404e-01
1.498056935830524850e-01,4.699643166381430315e-01
1.493855843404595096e-01,4.704661800794198712e-01
1.489737426895073047e-01,4.709748500548884831e-01
1.485702788901644422e-01,4.714901903812963591e-01
1.481753009594462267e-01,4.720120630895766611e-01
1.477889146424955502e-01,4.725403284617860633e-01
1.474112233842725939e-01,4.730748450685106077e-01
1.470423283018601757e-01,4.736154698067294722e-01
1.466823281573919890e-01,4.741620579381274903e-01
1.463313193316118643e-01,4.747144631278449323e-01
1.459893957980701873e-01,4.752725374836548333e-01
1.456566490979648298e-01,4.758361315955574322e-01
1.453331683156335596e-01,4.764050945757808408e-01
1.450190400547038405e-01,4.769792740991770641e-01
1.447143484149070458e-01,4.775585164440037111e-01
1.444191749695628579e-01,4.781426665330783532e-01
1.441335987437400989e-01,4.787315679752969233e-01
1.438576961930999598e-01,4.793250631075032242e-01
1.435915411834267907e-01,4.799229930366991081e-01
1.433352049708525311e-01,4.805251976825840043e-01
1.430887561827797749e-01,4.811315158204124698e-01
1.428522607995083571e-01,4.817417851241576066e-01
1.426257821365710943e-01,4.823558422099700205e-01
1.424093808277824835e-01,4.829735226799194425e-01
1.422031148090056873e-01,4.835946611660078553e-01
1.420070393026416355e-01,4.842190913744430225e-01
1.418212068028446016e-01,4.848466461301588204e-01
1.416456670614684166e-01,4.854771574215722696e-01
1.414804670747465409e-01,4.861104564455643873e-01
1.413256510707101010e-01,4.867463736526727591e-01
1.411812604973469998e-01,4.873847387924839514e-01
1.410473340115051544e-01,4.880253809592138281e-01
1.409239074685433302e-01,4.886681286374630617e-01
1.408110139127315974e-01,4.893128097481359573e-01
1.407086835684047688e-01,4.899592516945103227e-01
1.406169438318704001e-01,4.906072814084455058e-01
1.405358192640743520e-01,4.912567253967171643e-01
1.404653315840250771e-01,4.919074097874654994e-01
1.404054996629789664e-01,4.925591603767450755e-01
1.403563395193880847e-01,4.932118026751631246e-01
1.403178643146115734e-01,4.938651619545949556e-01
1.402900843493921634e-01,4.945190632949627019e-01
1.402730070610982704e-01,4.951733316310655830e-01
1.402666370217329206e-01,4.958277917994492467e-01
1.402709759367096465e-01,4.964822685853012008e-01
1.402860226443960467e-01,4.971365867693600671e-01
1.403117731164245652e-01,4.977905711748260020e-01
1.403482204587712390e-01,4.984440467142596809e-01
1.403953549136011669e-01,4.990968384364576349e-01
1.404531638618810030e-01,4.997487715732907287e-01
1.405216318267574760e-01,5.003996715864940104e-01
1.406007404777007697e-01,5.010493642143944992e-01
1.406904686354120693e-01,5.016976755185655890e-01
1.407907922774938592e-01,5.023444319303944638e-01
1.409016845448812782e-01,5.029894602975504281e-01
1.410231157490328402e-01,5.036325879303423791e-01
1.411550533798788809e-01,5.042736426479516032e-01
1.412974621145252629e-01,5.049124528245289012e-01
1.414503038267101720e-01,5.055488474351430561e-01
1.416135375970113686e-01,5.061826561015680959e-01
1.417871197238014525e-01,5.068137091378981385e-01
1.419710037349476983e-01,5.074418375959758309e-01
1.421651404002538255e-01,5.080668733106242785e-01
1.423694777446401494e-01,5.086886489446688087e-01
1.424419236292744917e-01,5.088975082970398356e-01
1.423884638881099951e-01,5.089573968428476869e-01
1.418567004333166903e-01,5.095530619758344981e-01
1.413248986497976922e-01,5.101487251996534855e-01
1.407930590479192223e-01,5.107443866589900239e-01
1.402611821472150022e-01,5.113400464811410639e-01
1.397292684568747223e-01,5.119357047977834974e-01
1.391973184887939086e-01,5.125313617302813540e-01
1.386653327510023737e-01,5.131270173969718629e-01
1.381333117514086661e-01,5.137226719089057481e-01
1.376012559916867106e-01,5.143183253766295815e-01
1.370691659722218791e-01,5.149139779045922571e-01
1.365370421945790169e-01,5.155096295883303537e-01
1.360048851509580714e-01,5.161052805262265064e-01
1.354726953339296935e-01,5.167009308085698249e-01
1.349404732361842996e-01,5.172965805178014742e-01
1.344082193395635116e-01,5.178922297407602127e-01
1.338759341282385329e-01,5.184878785539062118e-01
1.333436180805823990e-01,5.190835270323962414e-01
1.328112716745547817e-01,5.196791752440406142e-01
1.322788953778490928e-01,5.202748232603158218e-01
1.317464896601989455e-01,5.208704711425858891e-01
1.312140549874257767e-01,5.214661189487594939e-01
1.306815918155277145e-01,5.220617667399027884e-01
1.301491006050131127e-01,5.226574145642083336e-01
1.296165818022606553e-01,5.232530624778558570e-01
1.290840358612981298e-01,5.238487105206613981e-01
1.285514632179963757e-01,5.244443587449594268e-01
1.280188643142703697e-01,5.250400071885521491e-01
1.274862395868427423e-01,5.256356558873012119e-01
1.269535894631692308e-01,5.262313048797101489e-01
1.264209143659169310e-01,5.268269542019449192e-01
1.258882147211030367e-01,5.274226038787656057e-01
1.253554909414031915e-01,5.280182539422275667e-01
1.248227434368067434e-01,5.286139044198043813e-01
1.242899726136501154e-01,5.292095553355102844e-01
1.237571788802055706e-01,5.298052067036960189e-01
1.232243626241271151e-01,5.304008585543107390e-01
1.226915242436607822e-01,5.309965108980584381e-01
1.221586641208478874e-01,5.315921637564059443e-01
1.216257826468999936e-01,5.321878171332711238e-01
1.210928801852883263e-01,5.327834710563378318e-01
1.205599571228241074e-01,5.333791255200155401e-01
1.200270138200669190e-01,5.339747805409318371e-01
1.194940506355385429e-01,5.345704361309273622e-01
1.189610679353078487e-01,5.351660922864083236e-01
1.184280660678504599e-01,5.357617490165076379e-01
1.178950453774539053e-01,5.363574063281691950e-01
1.173620062144960646e-01,5.369530642147298805e-01
1.168289489122638358e-01,5.375487226818934650e-01
1.162958738006075049e-01,5.381443817325415324e-01
1.157627812182681626e-01,5.387400413530313292e-01
1.152296714751215173e-01,5.393357015554555156e-01
1.146965448985445002e-01,5.399313623259066608e-01
1.141634018007121054e-01,5.405270236610939527e-01
1.136302424835449604e-01,5.411226855628873400e-01
1.130970672604450639e-01,5.417183480141110063e-01
1.125638764238561240e-01,5.423140110148609860e-01
1.120306702700827051e-01,5.429096745548548375e-01
1.114974490864547030e-01,5.435053386278476673e-01
1.109642131638909623e-01,5.441010032176758493e-01
1.104309627767970370e-01,5.446966683207907778e-01
1.098976982005991504e-01,5.452923339267503611e-01
1.093644197083306208e-01,5.458880000221113526e-01
1.088311275688124413e-01,5.464836665925403292e-01
1.082978220353450760e-01,5.470793336355237457e-01
1.077645033700714849e-01,5.476750011332340851e-01
1.072311718325364427e-01,5.482706690653880166e-01
1.066978276600091258e-01,5.488663374313028642e-01
1.061644711045367090e-01,5.494620062085902035e-01
1.056311024041249602e-01,5.500576753854228285e-01
1.050977217847905709e-01,5.506533449583194129e-01
1.045643294970525633e-01,5.512490148914707122e-01
1.040309257482230770e-01,5.518446851924322383e-01
1.034975107793498078e-01,5.524403558262764857e-01
1.029640847897057565e-01,5.530360267999946400e-01
1.024306480148185067e-01,5.536316980754367734e-01
1.018972006456153878e-01,5.542273696596784482e-01
1.013637429087798913e-01,5.548230415153637685e-01
1.008302749910959389e-01,5.554187136452629625e-01
1.002967971030832434e-01,5.560143860212883871e-01
9.976330942961414427e-02,5.566100586397108030e-01
9.922981217190135483e-02,5.572057314743499301e-01
9.869630551456723411e-02,5.578014045134161991e-01
9.816278964193497769e-02,5.583970777413931330e-01
9.762926473324784471e-02,5.589927511444463537e-01
9.709573096197056385e-02,5.595884247112742349e-01
9.656218852185491364e-02,5.601840984040762361e-01
9.602863755470515683e-02,5.607797722392694473e-01
9.549507825202811773e-02,5.613754461740693147e-01
9.496151076599088081e-02,5.619711202059679556e-01
9.442793524670591021e-02,5.625667943311739583e-01
9.389435188105305086e-02,5.631624685013386644e-01
9.336076079216724943e-02,5.637581427358309138e-01
9.282716214686116685e-02,5.643538170018785882e-01
9.229355609836328855e-02,5.649494912785562040e-01
9.175994277071677918e-02,5.655451655742637085e-01
9.122632233117444756e-02,5.661408398459726321e-01
9.069269490495311670e-02,5.667365140944466972e-01
9.015906062013953615e-02,5.673321883141737576e-01
8.962541962836556575e-02,5.679278624703457679e-01
8.909177205152866985e-02,5.685235365583918288e-01
8.855811801391735849e-02,5.691192105681739388e-01
8.802445763969496406e-02,5.697148844868530349e-01
8.749079107099851094e-02,5.703105582787434402e-01
8.695711841023170963e-02,5.709062319497784088e-01
8.642343976997185484e-02,5.715019054918591968e-01
8.588975527399284049e-02,5.720975788817663776e-01
8.535604719628685222e-02,5.726932720165707202e-01
8.508923580550176169e-02,5.729910685516319546e-01
8.455551914901236754e-02,5.735867616029788341e-01
8.402181504739067441e-02,5.741824343360161231e-01
8.348810555038005399e-02,5.747781068891778533e-01
8.295439080305105906e-02,5.753737792019537611e-01
8.242067089070992392e-02,5.759694512782356224e-01
8.188694589796041701e-02,5.765651231204445004e-01
8.135321593916274019e-02,5.771607946955823465e-01
8.081948111219167119e-02,5.777564659868861252e-01
8.028574149129266702e-02,5.783521370018437358e-01
7.975199716972174169e-02,5.789478077246491550e-01
7.921824824037253243e-02,5.795434781378653311e-01
7.868449479540715052e-02,5.801391482228783758e-01
7.815073691081535212e-02,5.807348179771695262e-01
7.761697466070552331e-02,5.813304873984057597e-01
7.708320813210453593e-02,5.819261564679625298e-01
7.654943742365864778e-02,5.825218251524121316e-01
7.601566257249621483e-02,5.831174934851796055e-01
7.548188369127027675e-02,5.837131614136447100e-01
7.494810084019758178e-02,5.843088289419773318e-01
7.441431407316839719e-02,5.849044960797146198e-01
7.388051069891302114e-02,5.855001770572940689e-01
7.361363966225055455e-02,5.857979816039697862e-01
7.307983057777069080e-02,5.863936620388155996e-01
7.254601836094078104e-02,5.869893414395532805e-01
7.253548444513609195e-02,5.870010961373364200e-01
7.217264323947041038e-02,5.870988283827580645e-01
7.175034169069063883e-02,5.872118652540103678e-01
7.132786310487797266e-02,5.873242386364125878e-01
7.090520852479600955e-02,5.874359482526043674e-01
7.048237899313911092e-02,5.875469938269965997e-01
7.005937555315795706e-02,5.876573750856055600e-01
6.963619924869542122e-02,5.877670917560442465e-01
6.921285112383500360e-02,5.878761435676137515e-01
6.878933222313021734e-02,5.879845302512438643e-01
6.836564359156400983e-02,5.880922515395028416e-01
6.794178627457805875e-02,5.881993071665910788e-01
6.751776131800169001e-02,5.883056968683585408e-01
6.709356976799683847e-02,5.884114203823188616e-01
6.666921267140496488e-02,5.885164774475618588e-01
6.624469107508854093e-02,5.886208678049186238e-01
6.582000602653163834e-02,5.887245911968115308e-01
6.539515857376060337e-02,5.888276473672745537e-01
6.497014976484863369e-02,5.889300360620746133e-01
6.454498064855394845e-02,5.890317570285554805e-01
6.411965227399421541e-02,5.891328100157179337e-01
6.369416569055801058e-02,5.892331947742392995e-01
6.326852194806900642e-02,5.893329110564358153e-01
6.284272209676296239e-02,5.894319586162666269e-01
6.241676718735380408e-02,5.895303372093197991e-01
6.199065827075175145e-02,5.896280465928768200e-01
6.156439639832160526e-02,5.897250865258534258e-01
6.113798262190758143e-02,5.898214567687936061e-01
6.071141799360790098e-02,5.899171570839216727e-01
6.028470356592399715e-02,5.900121872351075103e-01
5.985784039168120380e-02,5.901065469878846725e-01
5.943082952414212305e-02,5.902002361094252914e-01
5.900367201704021652e-02,5.902932543685334155e-01
5.857636892416943214e-02,5.903856015357332732e-01
5.814892129999864323e-02,5.904772773831374888e-01
5.772133019910691276e-02,5.905682816845675420e-01
5.729359667647510035e-02,5.906586142154911512e-01
5.686572178773745961e-02,5.907482747529704259e-01
5.643770658840217141e-02,5.908372630758254029e-01
5.600955213467862653e-02,5.909255789644602963e-01
5.558125948285549262e-02,5.910132222009930603e-01
5.515282968993245882e-02,5.911001925691259373e-01
5.472426381283044400e-02,5.911864898543058855e-01
5.429556290904981319e-02,5.912721138435919066e-01
5.386672803636316509e-02,5.913570643257157755e-01
5.343776025287279990e-02,5.914413410910719371e-01
5.300866061701704074e-02,5.915249439317149527e-01
5.257943018752765652e-02,5.916078726413689370e-01
5.215007002356884802e-02,5.916901270153998027e-01
5.172058118453038561e-02,5.917717068508560052e-01
5.129096473009311929e-02,5.918526119464547763e-01
5.086122172018296694e-02,5.919328421025916720e-01
5.043135321535061055e-02,5.920123971212687408e-01
5.000136027620897400e-02,5.920912768062004394e-01
4.957124396364512992e-02,5.921694809627731093e-01
4.914100533893700495e-02,5.922470093980244377e-01
4.871064546362861153e-02,5.923238619206651068e-01
4.828016539982696309e-02,5.924000383410271686e-01
4.784956620933361604e-02,5.924755384712175887e-01
4.741884895485181523e-02,5.925503621249046393e-01
4.698801469909002354e-02,5.926245091174757729e-01
4.655706450511477162e-02,5.926979792659764490e-01
4.612599943609848457e-02,5.927707723891528779e-01
4.569482055591420760e-02,5.928428883073505462e-01
4.526352892815673629e-02,5.929143268426803060e-01
4.483212561726066664e-02,5.929850878188307473e-01
4.440061168746449460e-02,5.930551710612398386e-01
4.396898820360094218e-02,5.931245763969655860e-01
4.353725623065447109e-02,5.931933036547579752e-01
4.310541683381456657e-02,5.932613526650495350e-01
4.267347107866406586e-02,5.933287232599264716e-01
4.224142003091763825e-02,5.933954152731693021e-01
4.180926475681840532e-02,5.934614285401910161e-01
4.137700632231509912e-02,5.935267628981644172e-01
4.094464579425324824e-02,5.935914181858391592e-01
4.051218423938773849e-02,5.936553942436928466e-01
4.007962272467529424e-02,5.937186909138852942e-01
3.964696231748824490e-02,5.937813080402282173e-01
3.921420408541850811e-02,5.938432454682135431e-01
3.878134909612257486e-02,5.939045030450357254e-01
3.834839841774153463e-02,5.939650806195311272e-01
3.791535311856965296e-02,5.940249780422268699e-01
3.748221426686776381e-02,5.940841951653640374e-01
3.704898293161056066e-02,5.941427318427965343e-01
3.661566018171229925e-02,5.942005879300965576e-01
3.618224708628595826e-02,5.942577632845189584e-01
3.574874471472167664e-02,5.943142577649911384e-01
3.531515413676907661e-02,5.943700712321020596e-01
3.488147642203826698e-02,5.944252035481674135e-01
3.444771264083232309e-02,5.944796545771221519e-01
3.401386386337288542e-02,5.945334241846200740e-01
3.357993115996486810e-02,5.945865122380113998e-01
3.314591560152186506e-02,5.946389186062788212e-01
3.271181825881902538e-02,5.946906431601288734e-01
3.227764020284852597e-02,5.947416857719479699e-01
3.184338250508068208e-02,5.947920463157724269e-01
3.140904623692866715e-02,5.948417246673516345e-01
3.097463247009451387e-02,5.948907207041064238e-01
3.054014227643626900e-02,5.949390343051460528e-01
3.010557672796553008e-02,5.949866653512666526e-01
2.967093689698354145e-02,5.950336137249376822e-01
2.923622385595306752e-02,5.950798793103150297e-01
2.880143867747614675e-02,5.951254619932441203e-01
2.836658243423789347e-02,5.951703616612652459e-01
2.793165619927435658e-02,5.952145782035851429e-01
2.749666104577639519e-02,5.952581115110987531e-01
2.706159804696159007e-02,5.953009614764008806e-01
2.662646827638605676e-02,5.953431279937552167e-01
2.619127280760495668e-02,5.953846109591286462e-01
2.575601271442547885e-02,5.954254102701653784e-01
2.532068907097272462e-02,5.954655258261816186e-01
2.488530295117995575e-02,5.955049575282136409e-01
2.444985542932010675e-02,5.955437052789671615e-01
2.401434757988637689e-02,5.955817689828298844e-01
2.357878047753227124e-02,5.956191485458763868e-01
2.314315519676208438e-02,5.956558438758946528e-01
2.270747281258441927e-02,5.956918548823300075e-01
2.227173440002542040e-02,5.957271814763271944e-01
2.183594103419356225e-02,5.957618235707243803e-01
2.140009379022965452e-02,5.957957810800558196e-01
2.096419374376384467e-02,5.958290539205177705e-01
2.052824197020364921e-02,5.958616420100230071e-01
2.009223954523153832e-02,5.958935452681625167e-01
1.965618754472418794e-02,5.959247636162120498e-01
1.922008704443303392e-02,5.959552969771551023e-01
1.878393912048962472e-02,5.959851452756468326e-01
1.834774484909314218e-02,5.960143084380362666e-01
1.791150530649476477e-02,5.960427863923671854e-01
1.747522156900846446e-02,5.960705790683775707e-01
1.703889471308370207e-02,5.960976863974936091e-01
1.660252581543492784e-02,5.961241083128234752e-01
1.616611595272459886e-02,5.961498447491755392e-01
1.572966620167697352e-02,5.961748956430523716e-01
1.529317763932766354e-02,5.961992609326350889e-01
1.485665134248248705e-02,5.962229405578154395e-01
1.442008838834773869e-02,5.962459344601593880e-01
1.398348985413297961e-02,5.962682425829303190e-01
1.354685681702514494e-02,5.962898648710889260e-01
1.311019035436800789e-02,5.963108012712845518e-01
1.267349154367604022e-02,5.963310517318548554e-01
1.223676146232608765e-02,5.963506162028400226e-01
1.180000118800787236e-02,5.963694946359617832e-01
1.136321179840397988e-02,5.963876869846390649e-01
1.092639437113985222e-02,5.964051932039883264e-01
1.048954998413125471e-02,5.964220132508103456e-01
1.005267971519394239e-02,5.964381470836054300e-01
9.615784642241966690e-03,5.964535946625656448e-01
9.178865843353815196e-03,5.964683559495725929e-01
8.741924396431738006e-03,5.964824309082095155e-01
8.304961379763223933e-03,5.964958195037418642e-01
7.867977871404923870e-03,5.965085217031382836e-01
7.430974949592380335e-03,5.965205374750564005e-01
6.993953692647768804e-03,5.965318667898470428e-01
6.556915178696610426e-03,5.965425096195607901e-01
6.119860486320264845e-03,5.965524659379320971e-01
5.682790693675680328e-03,5.965617357203994997e-01
5.245706879390277765e-03,5.965703189440867416e-01
4.808610121903309984e-03,5.965782155878162074e-01
4.371501499501589255e-03,5.965854256321072580e-01
3.934382090953267644e-03,5.965919490591655716e-01
3.497252974668573020e-03,5.965977858528975775e-01
3.060115229300946690e-03,5.966029359989004632e-01
2.622969933394747946e-03,5.966073994844672823e-01
2.185818165554751294e-03,5.966111762985849554e-01
1.748661004393899619e-03,5.966142664319344924e-01
1.311499528655815346e-03,5.966166698768909926e-01
8.743348168924662631e-04,5.966183866275243108e-01
4.371679477768360958e-04,5.966194166795987242e-01
-3.141592330849755270e-05,5.966197847045862090e-01
-6.858807811120048699e-04,5.966256532054583506e-01
-1.340162012045265387e-03,5.966422290991229005e-01
-1.994084449201574075e-03,5.966695079478124830e-01
-2.647473021732157320e-03,5.967074824483196149e-01
-3.300152801716569641e-03,5.967561424339523635e-01
-3.951949050995375197e-03,5.968154748772558360e-01
-4.602687267951672406e-03,5.968854638935002788e-01
-5.252193234229291831e-03,5.969660907449335641e-01
-5.900293061375508005e-03,5.970573338457980661e-01
-6.546813237394901765e-03,5.971591687681092608e-01
-7.191580673202961627e-03,5.972715682481960497e-01
-7.834422748966118899e-03,5.973945021939995881e-01
-8.475167360316131562e-03,5.975279376931300623e-01
-9.113642964426850804e-03,5.976718390216777532e-01
-9.749678625940080487e-03,5.978261676537772740e-01
-1.038310406272937268e-02,5.979908822719219863e-01
-1.101374969148855194e-02,5.981659387780258186e-01
-1.164144667313316353e-02,5.983512903052288223e-01
-1.226602695800302865e-02,5.985468872304454679e-01
-1.288732333085292059e-02,5.987526771876490184e-01
-1.350516945562036872e-02,5.989686050818918694e-01
-1.411939991995774836e-02,5.991946131040553070e-01
-1.472985027951705800e-02,5.994306407463265707e-01
-1.533635710197588445e-02,5.996766248183987846e-01
-1.593875801079192023e-02,5.999324994643876474e-01
-1.653689172867532989e-02,6.001981961804629950e-01
-1.713059812076647009e-02,6.004736438331893522e-01
-1.771971823750777622e-02,6.007587686785693659e-01
-1.830409435719861089e-02,6.010534943817874565e-01
-1.888357002822095218e-02,6.013577420376461369e-01
-1.945799011092546119e-02,6.016714301916908925e-01
-2.002720081916605638e-02,6.019944748620177366e-01
-2.059104976147205918e-02,6.023267895617567813e-01
-2.114938598184731844e-02,6.026682853222273817e-01
-2.170206000018451431e-02,6.030188707167567497e-01
-2.224892385228483330e-02,6.033784518851572631e-01
-2.278983112947144396e-02,6.037469325588552538e-01
-2.332463701778657653e-02,6.041242140866640575e-01
-2.385319833676188134e-02,6.045101954611956652e-01
-2.437537357775122412e-02,6.049047733459029796e-01
-2.489102294181587752e-02,6.053078421027446865e-01
-2.540000837715227985e-02,6.057192938204684074e-01
-2.590219361605163376e-02,6.061390183434997025e-01
-2.639744421138223371e-02,6.065669033014345901e-01
-2.688562757258411776e-02,6.070028341391232596e-01
-2.736661300116677645e-02,6.074466941473392056e-01
-2.784027172570033987e-02,6.078983644940253450e-01
-2.830647693629074688e-02,6.083577242561080123e-01
-2.876510381852990378e-02,6.088246504518711744e-01
-2.921602958691141977e-02,6.092990180738816486e-01
-2.965913351770331496e-02,6.097807001224562207e-01
-3.009429698126867697e-02,6.102695676396632241e-01
-3.052140347382566524e-02,6.107654897438468122e-01
-3.094033864863843936e-02,6.112683336646681509e-01
-3.135099034663046264e-02,6.117779647786502073e-01
-3.175324862641226015e-02,6.122942466452203636e-01
-3.214700579371541217e-02,6.128170410432390858e-01
-3.253215643022477899e-02,6.133462080080042123e-01
-3.290859742180174408e-02,6.138816058687235344e-01
-3.327622798609015248e-02,6.144230912864434568e-01
-3.363494969949832464e-02,6.149705192924239672e-01
-3.398466652354939499e-02,6.155237433269505898e-01
-3.432528483059307800e-02,6.160826152785718879e-01
-3.465671342887213791e-02,6.166469855237523001e-01
-3.497886358693659548e-02,6.172167029669304306e-01
-3.529164905739923946e-02,6.177916150809702467e-01
-3.559498610002621855e-02,6.183715679479970806e-01
-3.588879350415625363e-02,6.189564063006045558e-01
-3.617299261044275294e-02,6.195459735634238907e-01
-3.644750733191277209e-02,6.201401118950424785e-01
-3.671226417433735845e-02,6.207386622302621948e-01
-3.696719225590776314e-02,6.213414643226848888e-01
-3.721222332621214324e-02,6.219483567876139540e-01
-3.744729178450792451e-02,6.225591771452615442e-01
-3.767233469728466233e-02,6.231737618642477772e-01
-3.788729181511286265e-02,6.237919464053819363e-01
-3.809210558877423880e-02,6.244135652657142321e-01
-3.828672118466899810e-02,6.250384520228445817e-01
-3.847108649949614739e-02,6.256664393794776347e-01
-3.864515217420279314e-02,6.262973592082128338e-01
-3.880887160719875828e-02,6.269310425965557432e-01
-3.896220096683294942e-02,6.275673198921403184e-01
-3.910509920312814358e-02,6.282060207481487968e-01
-3.923752805877109284e-02,6.288469741689177717e-01
-3.935945207935488688e-02,6.294900085557175728e-01
-3.947083862287099204e-02,6.301349517526937394e-01
-3.957165786844829558e-02,6.307816310929571513e-01
-3.966188282433683043e-02,6.314298734448111627e-01
-3.974148933513420995e-02,6.320795052581030804e-01
-3.981045608825253129e-02,6.327303526106878850e-01
-3.986876461962430424e-02,6.333822412549910963e-01
-3.991639931864573304e-02,6.340349966646595670e-01
-3.995334743235604696e-02,6.346884440812858852e-01
-3.997959906885175524e-02,6.353424085611956151e-01
-3.999514719993498696e-02,6.359967150222840537e-01
-3.999998766299509012e-02,6.366511882908898468e-01
-3.999411916212304574e-02,6.373056531486934739e-01
-3.997754326845844725e-02,6.379599343796267252e-01
-3.995026441976885084e-02,6.386138568167830654e-01
-3.991228991926167036e-02,6.392672453893135653e-01
-3.986362993362896345e-02,6.399199251692979651e-01
-3.980429749032549785e-02,6.405717214185768782e-01
-3.973430847408108285e-02,6.412224596355330375e-01
-3.965368162264775592e-02,6.418719656018107012e-01
-3.956243852178326775e-02,6.425200654289568991e-01
-3.946060359947205914e-02,6.431665856049763041e-01
-3.934820411938528412e-02,6.438113530407844065e-01
-3.922527017358170415e-02,6.444541951165475568e-01
-3.909183467445123683e-02,6.450949397278975539e-01
-3.894793334590359452e-02,6.457334153320082315e-01
-3.879360471380409459e-02,6.463694509935214993e-01
-3.862889009565934062e-02,6.470028764303108471e-01
-3.845383358955557079e-02,6.476335220590699882e-01
-3.826848206235246297e-02,6.482612190407146535e-01
-3.807288513713583816e-02,6.488857993255844336e-01
-3.786709517993227386e-02,6.495070956984343447e-01
-3.765116728568948523e-02,6.501249418232017963e-01
-3.742515926352608935e-02,6.507391722875391915e-01
-3.718913162125470767e-02,6.513496226470985029e-01
-3.694314754918251453e-02,6.519561294695572773e-01
-3.668727290319372114e-02,6.525585303783733027e-01
-3.642157618711832495e-02,6.531566640962567227e-01
-3.614612853439200940e-02,6.537503704883479427e-01
-3.586100368901196100e-02,6.543394906050892246e-01
-3.556627798579387045e-02,6.549238667247799794e-01
-3.526203032993521780e-02,6.555033423958023242e-01
-3.494834217589043446e-02,6.560777624785069095e-01
-3.462529750556361807e-02,6.566469731867474735e-01
-3.429298280582452479e-02,6.572108221290534624e-01
-3.395148704535393136e-02,6.577691583494287286e-01
-3.360090165082459807e-02,6.583218323677659800e-01
-3.324132048242407073e-02,6.588686962198662123e-01
-3.287283980872614253e-02,6.594096034970529097e-01
-3.249555828091733184e-02,6.599444093853680249e-01
-3.210957690638564788e-02,6.604729707043432985e-01
-3.171499902167841667e-02,6.609951459453325961e-01
-3.131193026483660574e-02,6.615107953093972704e-01
-3.090047854711298544e-02,6.620197807447336658e-01
-3.048075402408164172e-02,6.625219659836331099e-01
-3.005286906614670558e-02,6.630172165789636196e-01
-2.961693822845806387e-02,6.635053999401655522e-01
-2.917307822024212127e-02,6.639863853687482109e-01
-2.872140787355602701e-02,6.644600440932817431e-01
-2.826204811147336321e-02,6.649262493038722299e-01
-2.779512191571016644e-02,6.653848761861113070e-01
-2.732075429369973732e-02,6.658358019544928785e-01
-2.683907224512508891e-02,6.662789058852847113e-01
-2.635020472791813062e-02,6.667140693488501357e-01
-2.585428262373446265e-02,6.671411758414070858e-01
-2.535143870291320725e-02,6.675601110162199259e-01
-2.484180758893119248e-02,6.679707627142118520e-01
-2.432552572236092517e-02,6.683730209939936495e-01
-2.380273132434224462e-02,6.687667781612968154e-01
-2.327356435957714242e-02,6.691519287978062724e-01
-2.273816649885779251e-02,6.695283697893831265e-01
-2.219668108113791866e-02,6.698960003536715835e-01
-2.164925307515740832e-02,6.702547220670798112e-01
-2.109602904063076489e-02,6.706044388911308607e-01
-2.053715708900947026e-02,6.709450571981745437e-01
-1.997278684382899211e-02,6.712764857964536036e-01
-1.940306940065094493e-02,6.715986359545180751e-01
-1.899714556108411667e-02,6.718194820212998186e-01
-1.927165466440197358e-02,6.719993790633387309e-01
-1.981312587137836270e-02,6.723670305578519635e-01
-2.034850918080180482e-02,6.727434922443396026e-01
-2.087766125761426894e-02,6.731286633349049531e-01
-2.140044043500945875e-02,6.735224407099333899e-01
-2.191670675236034871e-02,6.739247189456997189e-01
-2.242632199268997095e-02,6.743353903425927109e-01
-2.292914971967558585e-02,6.747543449539491478e-01
-2.342505531417582096e-02,6.751814706154887213e-01
-2.391390601027163290e-02,6.756166529753436789e-01
-2.439557093081080874e-02,6.760597755246732232e-01
-2.486992112244707301e-02,6.765107196288556723e-01
-2.533682959016390207e-02,6.769693645592502751e-01
-2.579617133127423689e-02,6.774355875255185788e-01
-2.624782336888668507e-02,6.779092637084989104e-01
-2.669166478482945179e-02,6.783902662936230898e-01
-2.712757675202300683e-02,6.788784665048681610e-01
-2.755544256629300498e-02,6.793737336392324799e-01
-2.797514767761478949e-02,6.798759351017280572e-01
-2.838657972078121455e-02,6.803849364408796063e-01
-2.878962854548555023e-02,6.809006013847208605e-01
-2.918418624581135129e-02,6.814227918772769454e-01
-2.957014718912148038e-02,6.819513681155259244e-01
-2.994740804433854847e-02,6.824861885868274136e-01
-3.031586780960909139e-02,6.830271101068088324e-01
-3.067542783934430056e-02,6.835739878576994055e-01
-3.102599187062972386e-02,6.841266754271011497e-01
-3.136746604899723345e-02,6.846850248471872957e-01
-3.169975895355214845e-02,6.852488866343167118e-01
-3.202278162144876761e-02,6.858181098290542232e-01
-3.233644757170794914e-02,6.863925420365865060e-01
-3.264067282837006950e-02,6.869720294675210059e-01
-3.293537594297749754e-02,6.875564169790602254e-01
-3.322047801638027681e-02,6.881455481165362764e-01
-3.349590271985931900e-02,6.887392651552977085e-01
-3.376157631556151589e-02,6.893374091429369521e-01
-3.401742767624107294e-02,6.899398199418448341e-01
-3.426338830430201293e-02,6.905463362720833942e-01
-3.449939235013667338e-02,6.911567957545652341e-01
-3.472537662975518774e-02,6.917710349545252990e-01
-3.494128064170141934e-02,6.923888894252769877e-01
-3.514704658325060876e-02,6.930101937522381572e-01
-3.534261936588461300e-02,6.936347815972168096e-01
-3.552794663004039261e-02,6.942624857429438023e-01
-3.570297875912795127e-02,6.948931381378408156e-01
-3.586766889281391840e-02,6.955265699410120295e-01
-3.602197293956715257e-02,6.961626115674469650e-01
-3.613717601824133208e-02,6.966738480784459009e-01
-3.726168068168739939e-02,6.971798447122324882e-01
-3.869634283329162483e-02,6.978211806889927926e-01
-4.013268697987130290e-02,6.984590552559609700e-01
-4.157070221562168127e-02,6.990934683510550141e-01
-4.301037832475898548e-02,6.997244202431822657e-01
-4.445170444500879531e-02,7.003519109597995396e-01
-4.589467012791998562e-02,7.009759406733243603e-01
-4.733926496038762255e-02,7.015965096487475350e-01
-4.878547821226591336e-02,7.022136179804436829e-01
-5.023329975996345537e-02,7.028272660667943539e-01
-5.168271881816409452e-02,7.034374540447100310e-01
-5.313372523386823004e-02,7.040441822994165655e-01
-5.458630843213288508e-02,7.046474511138612895e-01
-5.604045816694515347e-02,7.052472608490865102e-01
-5.749616402583029168e-02,7.058436118980628837e-01
-5.895341573747197444e-02,7.064365046368914491e-01
-6.041220297849716342e-02,7.070259395295738214e-01
-6.187251551800072163e-02,7.076119169976150536e-01
-6.333434306654228685e-02,7.081944375517515988e-01
-6.479767547640308267e-02,7.087735016739239446e-01
-6.626250246607331973e-02,7.093491099136428613e-01
-6.772881397758787059e-02,7.099212628111034595e-01
-6.919659975757191939e-02,7.104899609655587200e-01
-7.066584978568823949e-02,7.110552049524200280e-01
-7.213655393440801533e-02,7.116169954562885369e-01
-7.360870206866096388e-02,7.121753330361650924e-01
-7.508228441858579016e-02,7.127302185332992090e-01
-7.655729040741407476e-02,7.132816523958253052e-01
-7.803371084599937391e-02,7.138296356579098001e-01
-7.951153482372294579e-02,7.143741687471495405e-01
-8.099075328069524349e-02,7.149152526859656742e-01
-8.247135584526645025e-02,7.154528882080429808e-01
-8.395333241218118359e-02,7.159870759420456920e-01
-8.543667426561954437e-02,7.165178172257899991e-01
-8.692136937639655114e-02,7.170451121328601518e-01
-8.840741025578618961e-02,7.175689622658149025e-01
-8.989478643100749788e-02,7.180893684842392100e-01
-9.138348576853341787e-02,7.186063307284856760e-01
-9.287350446611050692e-02,7.191198519897956665e-01
-9.436482564425574537e-02,7.196299311290185186e-01
-9.590153452753916175e-02,7.201515356389919242e-01
-9.651955481107228618e-02,7.203669645566050939e-01
-9.713396757498375667e-02,7.205924765184718028e-01
-9.774460832611960026e-02,7.208280111495868336e-01
-9.835131358118498479e-02,7.210735053916341730e-01
-9.895392091051237460e-02,7.213288935198687302e-01
-9.955226898154818926e-02,7.215941071607132606e-01
-1.001461976020452671e-01,7.218690753100629465e-01
-1.007355477629501006e-01,7.221537243522951899e-01
-1.013201616809736860e-01,7.224479780799782924e-01
-1.018998828408336221e-01,7.227517577142741345e-01
-1.024745560371572994e-01,7.230649819260289712e-01
-1.030440274160339675e-01,7.233875668575472373e-01
-1.036081445162051473e-01,7.237194261450422550e-01
-1.041667563098823135e-01,7.240604709417582940e-01
-1.047197132431805233e-01,7.244106099417564337e-01
-1.052668672761578050e-01,7.247697494043597866e-01
-1.058080719224488569e-01,7.251377931792497566e-01
-1.063431822884830236e-01,7.255146427322083369e-01
-1.068720551122759321e-01,7.259001971714975632e-01
-1.073945488017840066e-01,7.262943532748710185e-01
-1.079105234728122142e-01,7.266970055172087273e-01
-1.084198409864644552e-01,7.271080460987690008e-01
-1.089223649861264936e-01,7.275273649740489068e-01
-1.094179609339722137e-01,7.279548498812458135e-01
-1.099064961469824048e-01,7.283903863723133476e-01
-1.103878398324673327e-01,7.288338578436009962e-01
-1.108618631230831042e-01,7.292851455670725791e-01
-1.113284391113325000e-01,7.297441287220917117e-01
-1.117874428835412826e-01,7.302106844277694853e-01
-1.122387515533004726e-01,7.306846877758614855e-01
-1.126822442943661434e-01,7.311660118642098194e-01
-1.131178023730075033e-01,7.316545278307171607e-01
-1.135453091797946901e-01,7.321501048878463758e-01
-1.139646502608180623e-01,7.326526103576359583e-01
-1.143757133483301880e-01,7.331619097072206159e-01
-1.147783883908026492e-01,7.336778665848490144e-01
-1.151725675823895845e-01,7.342003428563887990e-01
-1.155581453917897683e-01,7.347291986423082344e-01
-1.159350185905000385e-01,7.352642923551251375e-01
-1.163030862804519672e-01,7.358054807373136663e-01
-1.166622499210247521e-01,7.363526188996573074e-01
-1.170124133554269197e-01,7.369055603600398463e-01
-1.173534828364398430e-01,7.374641570826616643e-01
-1.176853670515160682e-01,7.380282595176728133e-01
-1.180079771472259814e-01,7.385977166412109884e-01
-1.183212267530459605e-01,7.391723759958341855e-01
-1.186250320044818785e-01,7.397520837313373843e-01
-1.189193115655216570e-01,7.403366846459419337e-01
-1.192039866504108758e-01,7.409260222278469810e-01
-1.194789810447455802e-01,7.415199386971309536e-01
-1.197442211258768346e-01,7.421182750479937695e-01
-1.199996358826211640e-01,7.427208710913257850e-01
-1.202451569342720683e-01,7.433275654975951552e-01
-1.204807185489070592e-01,7.439381958400388406e-01
-1.207062576609858467e-01,7.445525986381485994e-01
-1.209217138882343751e-01,7.451706094014384218e-01
-1.211270295478107106e-01,7.457920626734830805e-01
-1.213221496717480363e-01,7.464167920762143638e-01
-1.215070220216710323e-01,7.470446303544645561e-01
-1.216815971027812304e-01,7.476754094207450629e-01
-1.218458281771080676e-01,7.483089604002469697e-01
-1.219996712760216540e-01,7.489451136760530980e-01
-1.221430852120043709e-01,7.495836989345490142e-01
-1.222760315896776750e-01,7.502245452110193336e-01
-1.223984748160815289e-01,7.508674809354195512e-01
-1.225103821102034030e-01,7.515123339783096323e-01
-1.226117235117546583e-01,7.521589316969369277e-01
-1.227024718891915750e-01,7.528071009814566450e-01
-1.227826029469791524e-01,7.534566683012782207e-01
-1.228520952320955595e-01,7.541074597515228239e-01
-1.229109301397756926e-01,7.547593010995827800e-01
-1.229590919184920805e-01,7.554120178317669243e-01
-1.229965676741719971e-01,7.560654352000228950e-01
-1.230233473736494221e-01,7.567193782687209325e-01
-1.230394238473512536e-01,7.573736719614886370e-01
-1.230447927912167450e-01,7.580281411080830312e-01
-1.230394527678497774e-01,7.586826104912880453e-01
-1.230234052069037604e-01,7.593369048938241050e-01
-1.229966544046987853e-01,7.599908491452581627e-01
-1.229592075230714621e-01,7.606442681689012941e-01
-1.229110745874575084e-01,7.612969870286805385e-01
-1.228522684842076884e-01,7.619488309759737676e-01
-1.227828049571378227e-01,7.625996254963942622e-01
-1.227027026033137846e-01,7.632491963565120052e-01
-1.226119828680726498e-01,7.638973696505005906e-01
-1.225106700392812054e-01,7.645439718466958690e-01
-1.223987912408335821e-01,7.651888298340545624e-01
-1.222763764253894242e-01,7.658317709685000807e-01
-1.221434583663549428e-01,7.664726231191438810e-01
-1.220000726491086152e-01,7.671112147143689386e-01
-1.218462576614741111e-01,7.677473747877633370e-01
-1.216820545834430556e-01,7.683809330238927648e-01
-1.215075073761499591e-01,7.690117198038973756e-01
-1.213226627701029514e-01,7.696395662509030178e-01
-1.211275702526727754e-01,7.702643042752340685e-01
-1.209222820548438299e-01,7.708857666194146585e-01
-1.207068531372307574e-01,7.715037869029477413e-01
-1.204813411753640207e-01,7.721181996668592395e-01
-1.202458065442489205e-01,7.727288404179950554e-01
-1.200003123022016227e-01,7.733355456730603983e-01
-1.197449241739670101e-01,7.739381530023877742e-01
-1.194797105331225073e-01,7.745365010734236444e-01
-1.192047423837728493e-01,7.751304296939206528e-01
-1.189200933415406336e-01,7.757197798548255419e-01
-1.186258396138574756e-01,7.763043937728490995e-01
-1.183220599795616196e-01,7.768841149327090356e-01
-1.180088357678068245e-01,7.774587881290326852e-01
-1.176862508362886139e-01,7.780282595079094365e-01
-1.173543915487935130e-01,7.785923766080805608e-01
-1.170133467520774739e-01,7.791509884017577825e-01
-1.166632077520793065e-01,7.797039453350559368e-01
-1.163040682894760092e-01,7.802510993680332740e-01
-1.159360245145859974e-01,7.807923040143243121e-01
-1.155591749616274450e-01,7.813274143803584648e-01
-1.151736205223382326e-01,7.818562872041513456e-01
-1.147794644189647911e-01,7.823787808936594201e-01
-1.143768121766270546e-01,7.828947555646876832e-01
-1.141572052888855243e-01,7.831668689254192017e-01
-1.144126825144515525e-01,7.833966271754999600e-01
-1.148064467763482976e-01,7.837506291018564442e-01
-1.152007330323143591e-01,7.841050008108221281e-01
-1.155945965786997348e-01,7.844588932954005278e-01
-1.161208586507028878e-01,7.849315849861214778e-01
-1.166470265173271403e-01,7.854040267890376459e-01
-1.171729022091990424e-01,7.858760323008053827e-01
-1.176990135318238262e-01,7.863480599949949079e-01
-1.182254479521626100e-01,7.868202125905059408e-01
-1.187520680315090615e-01,7.872923577188900568e-01
-1.191464516006145585e-01,7.876458264444091695e-01
-1.195408343478828045e-01,7.879991958707284194e-01
-1.200680788793716813e-01,7.884714484054780037e-01
-1.204628389044156006e-01,7.888249258670554376e-01
-1.208575574949045522e-01,7.891782678472653023e-01
-1.213847948157674994e-01,7.896500862123244646e-01
-1.219114877756247717e-01,7.901212476602905710e-01
-1.224383655477933597e-01,7.905923836377247715e-01
-1.229657160368641949e-01,7.910637781780148758e-01
-1.234926791022706166e-01,7.915346605679861591e-01
-1.240201193571002364e-01,7.920057754177372011e-01
-1.244154326789023574e-01,7.923587670076179812e-01
-1.248109745143346355e-01,7.927118649464434119e-01
-1.252065675685833102e-01,7.930649109838470157e-01
-1.256022118095988793e-01,7.934179051548209127e-01
-1.259975208844103522e-01,7.937705029137378521e-01
-1.265258653423974033e-01,7.942416076218116183e-01
-1.269211409356151288e-01,7.945939480940450439e-01
-1.274492810854672142e-01,7.950645768708565209e-01
-1.279770134327890552e-01,7.955346608857627455e-01
-1.285053964186926301e-01,7.960051484913972519e-01
-1.289012059545572575e-01,7.963574796528216648e-01
-1.292973254937690442e-01,7.967099899057048518e-01
-1.296934958747643085e-01,7.970624486212143367e-01
-1.300897170639688794e-01,7.974148558342676330e-01
-1.304856548444586206e-01,7.977669144318937366e-01
-1.310161467166735538e-01,7.982384649057948645e-01
-1.311486176071298970e-01,7.983562014376827110e-01
-1.316342451523118129e-01,7.987949776639790000e-01
-1.321126285515166476e-01,7.992416408623371771e-01
-1.325836397299406388e-01,7.996960714502182599e-01
-1.330471525865019045e-01,8.001581477655652641e-01
-1.335030430276005764e-01,8.006277460993753703e-01
-1.339511890003417527e-01,8.011047407288190980e-01
-1.343914705252119701e-01,8.015890039509000475e-01
-1.348237697282005931e-01,8.020804061166438848e-01
-1.352479708723576812e-01,8.025788156658081318e-01
-1.356639603887793144e-01,8.030840991621045477e-01
-1.360716269070129658e-01,8.035961213289231075e-01
-1.364708612848740121e-01,8.041147450855484768e-01
-1.368615566376656378e-01,8.046398315838602100e-01
-1.372436083667945284e-01,8.051712402455057926e-01
-1.376169141877744695e-01,8.057088287995364251e-01
-1.379813741576103314e-01,8.062524533204969979e-01
-1.380449438396744166e-01,8.063507117307761041e-01
-1.381237310858760559e-01,8.063654149316616948e-01
-1.383328664311495593e-01,8.064012926781761736e-01
-1.385348812425549192e-01,8.064328803600882001e-01
-1.387297678695424419e-01,8.064603686715021702e-01
-1.389175271909900145e-01,8.064839518718331934e-01
-1.390981688645029357e-01,8.065038273174945926e-01
-1.392717115541148576e-01,8.065201949691895855e-01
-1.394381831342339229e-01,8.065332568759698839e-01
-1.395976208681052599e-01,8.065432166374338907e-01
-1.397500715587996489e-01,8.065502788455749528e-01
-1.398955916708568281e-01,8.065546485079712058e-01
-1.400342474209387011e-01,8.065565304541886249e-01
-1.401661148358944453e-01,8.065561287274169988e-01
-1.402912797765990816e-01,8.065536459635227473e-01
-1.404098379263561958e-01,8.065492827598512715e-01
-1.405218947425460052e-01,8.065432370362520809e-01
-1.406275653704884276e-01,8.065357033909286155e-01
-1.407269745186878473e-01,8.065268724538314782e-01
-1.408202562946183345e-01,8.065169302404322504e-01
-1.409075540008859762e-01,8.065060575087653616e-01
-1.409890198911404324e-01,8.064944291227557072e-01
-1.410648148859506568e-01,8.064822134248510466e-01
-1.411351082486783370e-01,8.064695716210575904e-01
-1.412000772219796640e-01,8.064566571814408835e-01
-1.412599066253393543e-01,8.064436152592311391e-01
-1.413147884147316347e-01,8.064305821315734812e-01
-1.413649212056859727e-01,8.064176846649137032e-01
-1.414105097607727679e-01,8.064050398080664372e-01
-1.414517644436596444e-01,8.063927541157116519e-01
-1.414889006412373973e-01,8.063809233051691949e-01
-1.415221381561857505e-01,8.063696318490025661e-01
-1.415517005721158850e-01,8.063589526059807833e-01
-1.415778145941006816e-01,8.063489464926019146e-01
-1.416007093670499095e-01,8.063396621973720757e-01
-1.416206157751232486e-01,8.063311359396287958e-01
-1.416377657250013355e-01,8.063233912746685661e-01
-1.416523914165236653e-01,8.063164389464776427e-01
-1.416647246038347518e-01,8.063102767893092215e-01
-1.416749958506082208e-01,8.063048896789439812e-01
-1.416834337827611034e-01,8.063002495343029041e-01
-1.416902643424564068e-01,8.062963153696279806e-01
-1.416957100468068109e-01,8.062930333973655772e-01
-1.416999892548831963e-01,8.062903371815148823e-01
-1.417469823078751912e-01,8.062581428901345326e-01
-1.419515314177637044e-01,8.061122752395064595e-01
-1.424874979615443626e-01,8.057366443657086874e-01
-1.430295387312707778e-01,8.053698331153950063e-01
-1.435775086095218700e-01,8.050119396928069326e-01
-1.441312608915108207e-01,8.046630599146680218e-01
-1.446906473243615432e-01,8.043232871845308329e-01
-1.452555181467995171e-01,8.039927124677714865e-01
-1.458257221292464656e-01,8.036714242672350350e-01
-1.464011066143083017e-01,8.033595085995419716e-01
-1.469815175576450472e-01,8.030570489720587624e-01
-1.475667995692123147e-01,8.027641263605416189e-01
-1.481567959548630298e-01,8.024808191874566177e-01
-1.487513487582980409e-01,8.022072033009846059e-01
-1.493502988033551249e-01,8.019433519547147782e-01
-1.499534857366240648e-01,8.016893357880325865e-01
-1.505607480703772538e-01,8.014452228072083129e-01
-1.511719232258037782e-01,8.012110783671895220e-01
-1.517868475765357661e-01,8.009869651541049462e-01
-1.524053564924551796e-01,8.007729431684807997e-01
-1.530272843837690855e-01,8.005690697091779606e-01
-1.536524647453422487e-01,8.003753993580511317e-01
-1.542807302012744464e-01,8.001919839653367506e-01
-1.549119125497111227e-01,8.000188726357703173e-01
-1.555458428078750621e-01,7.998561117154407984e-01
-1.561823512573071449e-01,7.997037447793823306e-01
-1.568212674893041669e-01,7.995618126199081077e-01
-1.574624204505412350e-01,7.994303532356891173e-01
-1.581056384888669952e-01,7.993094018215813890e-01
-1.587507493992590113e-01,7.991989907592031983e-01
-1.593975804699272469e-01,7.990991496082658907e-01
-1.600459585285530784e-01,7.990099050986595453e-01
-1.606957099886519302e-01,7.989312811232976985e-01
-1.613466608960463511e-01,7.988632987317194623e-01
-1.619986369754378430e-01,7.988059761244551416e-01
-1.626514636770646505e-01,7.987593286481527999e-01
-1.633049662234327681e-01,7.987233687914697677e-01
-1.639589696561083165e-01,7.986981061817292060e-01
-1.646132988825579624e-01,7.986835475823426123e-01
-1.652677787230255324e-01,7.986796968909990468e-01
-1.659222339574318583e-01,7.986865551386218565e-01
-1.665764893722853912e-01,7.987041204890921176e-01
-1.672303698075910672e-01,7.987323882397409092e-01
-1.678837002037449899e-01,7.987713508226077508e-01
-1.685363056484019961e-01,7.988209978064672034e-01
-1.691880114233039745e-01,7.988813158996209696e-01
-1.698386430510561707e-01,7.989522889534570460e-01
-1.704880263418389608e-01,7.990338979667728214e-01
-1.711359874400428249e-01,7.991261210908620072e-01
-1.717823528708134484e-01,7.992289336353641804e-01
-1.724269495864953206e-01,7.993423080748751630e-01
-1.730696050129607588e-01,7.994662140563160158e-01
-1.737101470958121452e-01,7.996006184070592049e-01
-1.743484043464449962e-01,7.997454851438101642e-01
-1.749842058879597373e-01,7.999007754822404781e-01
-1.756173815009094419e-01,8.000664478473713537e-01
-1.762477616688717663e-01,8.002424578847047165e-01
-1.768751776238326190e-01,8.004287584720972681e-01
-1.774994613913694064e-01,8.006252997323770604e-01
-1.781204458356218379e-01,8.008320290466961477e-01
-1.787379647040381880e-01,8.010488910686180963e-01
-1.793518526718852479e-01,8.012758277389357975e-01
-1.799619453865097252e-01,8.015127783012150342e-01
-1.805680795113392689e-01,8.017596793180606918e-01
-1.811700927696118790e-01,8.020164646881001724e-01
-1.817678239878210422e-01,8.022830656636806834e-01
-1.823611131388660489e-01,8.025594108692744033e-01
-1.829498013848948057e-01,8.028454263205874186e-01
-1.835337311198289578e-01,8.031410354443675459e-01
-1.841127460115584979e-01,8.034461590989040447e-01
-1.846866910437958142e-01,8.037607155952165572e-01
-1.852554125575772703e-01,8.040846207189247252e-01
-1.858187582924014647e-01,8.044177877527947107e-01
-1.863765774269929842e-01,8.047601274999550691e-01
-1.869287206196809659e-01,8.051115483077776469e-01
-1.874750400483813362e-01,8.054719560924143984e-01
-1.880153894501726819e-01,8.058412543639863479e-01
-1.885496241604538992e-01,8.062193442524163700e-01
-1.890776011516748789e-01,8.066061245338986829e-01
-1.895991790716280434e-01,8.070014916579993924e-01
-1.901142182812920467e-01,8.074053397753788719e-01
-1.906225808922163700e-01,8.078175607661307600e-01
-1.911241308034374031e-01,8.082380442687280286e-01
-1.916187337379159916e-01,8.086666777095693481e-01
-1.921062572784866807e-01,8.091033463331178677e-01
-1.925865709033088569e-01,8.095479332326239730e-01
-1.930595460208107961e-01,8.100003193814242497e-01
-1.935250560041165691e-01,8.104603836648075488e-01
-1.939829762249471734e-01,8.109280029124403821e-01
-1.944331840869866768e-01,8.114030519313427670e-01
-1.948755590587038788e-01,8.118854035394053037e-01
-1.953099827056218873e-01,8.123749285994387170e-01
-1.957363387220256989e-01,8.128714960537474221e-01
-1.961545129621000139e-01,8.133749729592162359e-01
-1.965643934704890128e-01,8.138852245229033500e-01
-1.969658705122692421e-01,8.144021141381265760e-01
-1.973588366023286134e-01,8.149255034210373116e-01
-1.977431865341425232e-01,8.154552522476683496e-01
-1.981188174079403230e-01,8.159912187914489801e-01
-1.984856286582540319e-01,8.165332595611753952e-01
-1.988435220808420500e-01,8.170812294394265152e-01
-1.991924018589810719e-01,8.176349817214154658e-01
-1.995321745891182053e-01,8.181943681542661606e-01
-1.998627493058775795e-01,8.187592389767041068e-01
-2.001840375064140032e-01,8.193294429591511108e-01
-2.004959531741070944e-01,8.199048274442128914e-01
-2.007984128015902481e-01,8.204852383875496091e-01
-2.010913354131074471e-01,8.210705203991169876e-01
-2.013746425861924483e-01,8.216605167847675917e-01
-2.016482584726644045e-01,8.222550695882027139e-01
-2.019121098189342600e-01,8.228540196332597700e-01
-2.021661259856164239e-01,8.234572065665286544e-01
-2.024102389664407808e-01,8.240644689002818435e-01
-2.026443834064594607e-01,8.246756440557083678e-01
-2.028684966195440920e-01,8.252905684064404390e-01
-2.030825186051682385e-01,8.259090773223597415e-01
-2.032863920644711053e-01,8.265310052136737307e-01
-2.034800624155978510e-01,8.271561855752468384e-01
-2.036634778083123154e-01,8.277844510311790360e-01
-2.038365891378787487e-01,8.284156333796157679e-01
-2.039993500582082397e-01,8.290495636377797073e-01
-2.041517169942666798e-01,8.296860720872117900e-01
-2.042936491537409582e-01,8.303249883192087566e-01
-2.044251085379599209e-01,8.309661412804458802e-01
-2.045460599520676492e-01,8.316093593187715571e-01
-2.046564710144457844e-01,8.322544702291636565e-01
-2.047563121653832030e-01,8.329013012998318644e-01
-2.048455566749894652e-01,8.335496793584576958e-01
-2.049241806503513952e-01,8.341994308185565199e-01
-2.049921630419295482e-01,8.348503817259509407e-01
-2.050494856491938689e-01,8.355023578053424327e-01
-2.050961331254962383e-01,8.361551845069692401e-01
-2.051320929821792982e-01,8.368086870533373300e-01
-2.051573555919198877e-01,8.374626904860129617e-01
-2.051719141913064814e-01,8.381170197124625521e-01
-2.051757648826499636e-01,8.387714995529301776e-01
-2.051689066350272095e-01,8.394259547873365035e-01
-2.051513412845568929e-01,8.400802102021900364e-01
-2.051230735339081290e-01,8.407340906374957124e-01
-2.050841109510412319e-01,8.413874210336496073e-01
-2.050344639671818625e-01,8.420400264783065580e-01
-2.049741458740280686e-01,8.426917322532085919e-01
-2.049031728201919367e-01,8.433423638809607326e-01
-2.048215638068761613e-01,8.439917471717436337e-01
-2.047293406827870310e-01,8.446397082699473868e-01
-2.046265281382848022e-01,8.452860737007180658e-01
-2.045131536987738474e-01,8.459306704163999102e-01
-2.043892477173330502e-01,8.465733258428653762e-01
-2.042548433665898056e-01,8.472138679257167349e-01
-2.041099766298388185e-01,8.478521251763496691e-01
-2.039546862914085601e-01,8.484879267178643270e-01
-2.037890139262776568e-01,8.491211023308140593e-01
-2.036130038889443494e-01,8.497514824987764115e-01
-2.034267033015517145e-01,8.503788984537372642e-01
-2.032301620412719223e-01,8.510031822212740238e-01
-2.030234327269528904e-01,8.516241666655264275e-01
-2.028065707050309141e-01,8.522416855339427499e-01
-2.025796340347132407e-01,8.528555735017898654e-01
-2.023426834724339762e-01,8.534656662164142871e-01
-2.020957824555883742e-01,8.540718003412438586e-01
-2.018389970855488935e-01,8.546738135995164409e-01
-2.015723961099684103e-01,8.552715448177256041e-01
-2.012960509043746904e-01,8.558648339687706663e-01
-2.010100354530615918e-01,8.564535222147994231e-01
-2.007144263292815201e-01,8.570374519497335752e-01
-2.004093026747449935e-01,8.576164668414630876e-01
-2.000947461784324533e-01,8.581904118737003762e-01
-1.997708410547242575e-01,8.587591333874818877e-01
-1.994376740208543553e-01,8.593224791223060821e-01
-1.990953342736939136e-01,8.598802982568976017e-01
-1.987439134658713913e-01,8.604324414495855278e-01
-1.983835056812346676e-01,8.609787608782859536e-01
-1.980142074096626625e-01,8.615191102800773271e-01
-1.976361175212326682e-01,8.620533449903585721e-01
-1.972493372397502998e-01,8.625813219815794408e-01
-1.968539701156496735e-01,8.631028999015326608e-01
-1.964501219982701663e-01,8.636179391111966641e-01
-1.960379010075182504e-01,8.641263017221210152e-01
-1.956174175049209818e-01,8.646278516333419928e-01
-1.951887840640796901e-01,8.651224545678206646e-01
-1.947521154405311983e-01,8.656099781083912426e-01
-1.943075285410250652e-01,8.660902917332135020e-01
-1.938551423922247885e-01,8.665632668507153857e-01
-1.933950781088415449e-01,8.670287768340211310e-01
-1.929274588612086838e-01,8.674866970548518186e-01
-1.924524098423062712e-01,8.679369049168912387e-01
-1.919700582342437623e-01,8.683792798886085240e-01
-1.914805331742103212e-01,8.688137035355265603e-01
-1.909839657199016716e-01,8.692400595519302886e-01
-1.904804888144327746e-01,8.696582337920046868e-01
-1.899702372507456882e-01,8.700681143003936580e-01
-1.894533476355224066e-01,8.704695913421738318e-01
-1.889299583526117543e-01,8.708625574322331753e-01
-1.884002095259807164e-01,8.712469073640471962e-01
-1.882379450728092485e-01,8.713638453704637410e-01
-1.880751089654539021e-01,8.714799666593959770e-01
-1.879125214709984060e-01,8.715953005893947170e-01
-1.877491086956028510e-01,8.717106089435063820e-01
-1.875859790132000104e-01,8.718251098512211916e-01
-1.874219937348435283e-01,8.719396025595916866e-01
-1.872583291390834681e-01,8.720532660518531820e-01
-1.870937755448107698e-01,8.721669404399345904e-01
-1.869295833588058009e-01,8.722797622053896083e-01
-1.867644656572184647e-01,8.723926156352489469e-01
-1.865997532515425716e-01,8.725045914449545137e-01
-1.864340756723865955e-01,8.726166213155113205e-01
-1.862688504641130116e-01,8.727277470234404699e-01
-1.861026172578639226e-01,8.728389507706995065e-01
-1.859368867094183253e-01,8.729492223143505703e-01
-1.857701021468642910e-01,8.730595974116280855e-01
-1.856038737647912884e-01,8.731690108126661798e-01
-1.854365421366121203e-01,8.732785547708106222e-01
-1.852698234709010405e-01,8.733871061353175591e-01
-1.851019490872455320e-01,8.734958165029271804e-01
-1.849347477298203535e-01,8.736035020221830649e-01
-1.847663349198810645e-01,8.737113763858150861e-01
-1.845986585036378524e-01,8.738181923366934445e-01
-1.844297116152226745e-01,8.739252283210692251e-01
-1.842615678130880286e-01,8.740311710664026013e-01
-1.840920912121905284e-01,8.741373663346077016e-01
-1.839234877357362186e-01,8.742424323238151551e-01
-1.837534858061024290e-01,8.743477845774927371e-01
-1.835844304045443631e-01,8.744519703469374461e-01
-1.834139075472390190e-01,8.745564773264759006e-01
-1.832444080064087877e-01,8.746597794998246522e-01
-1.830733686393775650e-01,8.747634389845414526e-01
-1.829034327803725768e-01,8.748658542732984378e-01
-1.827318813380036655e-01,8.749686640816159988e-01
-1.825615170162249723e-01,8.750701892853982589e-01
-1.823894579489083179e-01,8.751721472750155773e-01
-1.822186730528818632e-01,8.752727792819408048e-01
-1.820461108265666317e-01,8.753738833499991046e-01
-1.818749132766212806e-01,8.754736191371343956e-01
-1.817018523723715473e-01,8.755738672203758899e-01
-1.815302501198180485e-01,8.756727038538725250e-01
-1.813566950333664884e-01,8.757720939287958473e-01
-1.811846960590318967e-01,8.758700285643816752e-01
-1.810106513003329198e-01,8.759685586473888730e-01
-1.808382636133739896e-01,8.760655885306718460e-01
-1.806637337061535453e-01,8.761632566782104892e-01
-1.804909653433750538e-01,8.762593791446822156e-01
-1.803159548246814348e-01,8.763561834533835082e-01
-1.801428138485976216e-01,8.764513959291084788e-01
-1.799673272683493808e-01,8.765473345359153790e-01
-1.797938217667606475e-01,8.766416345373523322e-01
-1.796178636872931833e-01,8.767367056196467834e-01
-1.794440017715738522e-01,8.768300907541669575e-01
-1.792675767671859932e-01,8.769242925298871283e-01
-1.790933665712782230e-01,8.770167604958802876e-01
-1.789164792277768146e-01,8.771100912236335923e-01
-1.787419289071589534e-01,8.772016398106140533e-01
-1.785645838214032222e-01,8.772940977897848436e-01
-1.783897015517502405e-01,8.773847248786433850e-01
-1.782119033311948264e-01,8.774763084494939802e-01
-1.780366973070643954e-01,8.775660120127107833e-01
-1.778584505693014961e-01,8.776567195564758395e-01
-1.776829290033244413e-01,8.777454976580565393e-01
-1.775042383756261777e-01,8.778353275970334213e-01
-1.773284094968414215e-01,8.779231783928651556e-01
-1.771492796157006500e-01,8.780121291904958714e-01
-1.769731516688836104e-01,8.780990509281804135e-01
-1.767935871795546232e-01,8.781871210891306623e-01
-1.766171684234711659e-01,8.782731121083372505e-01
-1.764371739795107252e-01,8.783603001785657005e-01
-1.762604726862890825e-01,8.784453589108115468e-01
-1.760800529490957889e-01,8.785316634776373368e-01
-1.759030774025891475e-01,8.786157884465469747e-01
-1.757222370409433632e-01,8.787012081387081119e-01
-1.755449955357163416e-01,8.787843979599470057e-01
-1.753637392253205585e-01,8.788689314476536563e-01
-1.751862400655491703e-01,8.789511848288911189e-01
-1.750045724885672671e-01,8.790348308238740138e-01
-1.748268239867238893e-01,8.791161465648285045e-01
-1.746447498313212776e-01,8.791989038203802398e-01
-1.744667603070202133e-01,8.792792808127708470e-01
-1.742842842669037606e-01,8.793611481237816330e-01
-1.741060620456490460e-01,8.794405853513072024e-01
-1.739231888196069997e-01,8.795215615542943954e-01
-1.737447422318629808e-01,8.796000580924515644e-01
-1.735614765233063350e-01,8.796801420655843140e-01
-1.733828139029192916e-01,8.797576970817574393e-01
-1.731991604194219325e-01,8.798368877448737857e-01
-1.730202901029167795e-01,8.799135004980219721e-01
-1.728362535557582957e-01,8.799917968126419465e-01
-1.726571838806837400e-01,8.800674666533851997e-01
-1.724727689843901235e-01,8.801448676227163759e-01
-1.722935082884795577e-01,8.802195939930518298e-01
-1.721087197603674568e-01,8.802960986619897676e-01
-1.719292763803280111e-01,8.803698810951534615e-01
-1.717441189400474300e-01,8.804454885502770445e-01
-1.715645012102129108e-01,8.805183266706450018e-01
-1.713789795792923509e-01,8.805930360402042245e-01
-1.711991958306801065e-01,8.806649295630092356e-01
-1.710133147320719305e-01,8.807387400169087721e-01
-1.708333732911110625e-01,8.808096887480788562e-01
-1.706471374487384118e-01,8.808825994978549678e-01
-1.704670466362228076e-01,8.809526033337451434e-01
-1.702804607745264098e-01,8.810246136325379229e-01
-1.701002289041805560e-01,8.810936725597978691e-01
-1.699132977476688622e-01,8.811647817023152696e-01
-1.697329331254566198e-01,8.812328957974532306e-01
-1.695456613982549432e-01,8.813031031199328735e-01
-1.693651723209795013e-01,8.813702725491423529e-01
-1.691775647463825971e-01,8.814395774293053432e-01
-1.689969595004492953e-01,8.815058024482080867e-01
-1.688090208004741632e-01,8.815742043052070542e-01
-1.686283076610136655e-01,8.816394852584502617e-01
-1.684400425559539061e-01,8.817069835528131838e-01
-1.682592297856466690e-01,8.817713208737643082e-01
-1.680706429936292823e-01,8.818379151073321154e-01
-1.678897388415094283e-01,8.819013093177662244e-01
-1.677008350780526125e-01,8.819669990336246324e-01
-1.675198477782915973e-01,8.820294507434018882e-01
-1.673306317558645451e-01,8.820942355258070133e-01
-1.671495695272058324e-01,8.821557454323123437e-01
-1.669600459547908589e-01,8.822196249066136531e-01
-1.667789169986749198e-01,8.822801937946364026e-01
-1.665890905813307010e-01,8.823431676271901170e-01
-1.664079030815890925e-01,8.824027963682513631e-01
-1.662177785200166791e-01,8.824648642663325271e-01
-1.660365406412201150e-01,8.825235538184570405e-01
-1.658461226313306114e-01,8.825847155301631553e-01
-1.656648425179429729e-01,8.826424669373663656e-01
-1.654741357504277699e-01,8.827027222515168026e-01
-1.652928215259464595e-01,8.827595366432888779e-01
-1.651018306858497986e-01,8.828188853893200738e-01
-1.649204904513552061e-01,8.828747639802854152e-01
-1.647292202176479647e-01,8.829332060281389616e-01
-1.645478620511316159e-01,8.829881501174564606e-01
-1.643563170962894227e-01,8.830456853774634185e-01
-1.641749490514195498e-01,8.830996963483929152e-01
-1.639831340410017879e-01,8.831563247711523568e-01
-1.638017641461389506e-01,8.832094040905295040e-01
-1.636096837383709812e-01,8.832651256667819473e-01
-1.634283199954782440e-01,8.833172748845138367e-01
-1.632359788408365153e-01,8.833720896450091287e-01
-1.630546292248611917e-01,8.834233103934230336e-01
-1.628620319656601256e-01,8.834772184087855695e-01
-1.626807044229701404e-01,8.835275124022391458e-01
-1.624878556929531259e-01,8.835805137828246503e-01
-1.623065581407788227e-01,8.836298828170157105e-01
-1.621134625647106531e-01,8.836819777127657982e-01
-1.619322028900608834e-01,8.837304236641841948e-01
-1.617388650833241903e-01,8.837816122644751582e-01
-1.615576511418272965e-01,8.838291370898594401e-01
-1.613640757100216483e-01,8.838794196233452638e-01
-1.611829153255024960e-01,8.839260253589360516e-01
-1.609891068640459388e-01,8.839754020933896506e-01
-1.608080078268003532e-01,8.840210908545145241e-01
-1.606139709205348376e-01,8.840695620966598778e-01
-1.604329409872208567e-01,8.841143360768879411e-01
-1.602386802100206620e-01,8.841619021722320060e-01
-1.600577271022213532e-01,8.842057636428630740e-01
-1.598632470166046204e-01,8.842524249755203680e-01
-1.596823784199664920e-01,8.842953762849130595e-01
-1.594876835767097545e-01,8.843411332774260281e-01
-1.593069071402938297e-01,8.843831768502699031e-01
-1.591120020780505406e-01,8.844280299634259546e-01
-1.589313254132906084e-01,8.844691683000995841e-01
-1.587362146582124434e-01,8.845131180327430176e-01
-1.585556453379665942e-01,8.845533537086381903e-01
-1.583603334033287513e-01,8.845964005974772393e-01
-1.581798789613415857e-01,8.846357362622241371e-01
-1.579843703471708605e-01,8.846778808816355699e-01
-1.578040382766203176e-01,8.847163192585214553e-01
-1.576083374693283967e-01,8.847575622203474044e-01
-1.574281352228874553e-01,8.847951061053975774e-01
-1.572322466949050979e-01,8.848354480587434789e-01
-1.570521816829550388e-01,8.848721003201921453e-01
-1.568561098923728081e-01,8.849115419512149083e-01
-1.566761894828850032e-01,8.849473055286125600e-01
-1.564799388730956642e-01,8.849858475603087360e-01
-1.563001703906687356e-01,8.850207254638039478e-01
-1.561037453900146477e-01,8.850583686557927932e-01
-1.559241361148068772e-01,8.850923639654214581e-01
-1.557275411362309403e-01,8.851291091137226674e-01
-1.555480983036830744e-01,8.851622249785378038e-01
-1.553513377443825616e-01,8.851980729153481331e-01
-1.551720685439729186e-01,8.852303125527285488e-01
-1.549751467850590814e-01,8.852652641461917771e-01
-1.547960583598681772e-01,8.852966308409906393e-01
-1.545989797660279608e-01,8.853306869949657543e-01
-1.544200792120750954e-01,8.853611840986994608e-01
-1.542228481312381827e-01,8.853943457525252914e-01
-1.540441424963716888e-01,8.854239766826311753e-01
-1.538467632593813195e-01,8.854562448108854733e-01
-1.536682595430146625e-01,8.854850130498272964e-01
-1.534707364633016713e-01,8.855163886620847080e-01
-1.532924416153469971e-01,8.855442977565893825e-01
-1.530947789886089594e-01,8.855747818971738683e-01
-1.529166999092404500e-01,8.856018354573272910e-01
-1.527189020131249353e-01,8.856314292050634362e-01
-1.525410455516599262e-01,8.856576309035411043e-01
-1.523431166454513042e-01,8.856863353714998777e-01
-1.521654896000196600e-01,8.857116889426687178e-01
-1.519674339243312355e-01,8.857395052779114542e-01
-1.517900430411149582e-01,8.857640145169943802e-01
-1.515918648175835493e-01,8.857909439003132102e-01
-1.514147167901764290e-01,8.858146126625289218e-01
-1.512164202211637165e-01,8.858406563081836493e-01
-1.510395216901093407e-01,8.858634885078588983e-01
-1.508411109584054388e-01,8.858886476633118789e-01
-1.506644685103816494e-01,8.859106472730369219e-01
-1.504659477789138944e-01,8.859349232186837231e-01
-1.502895679463490675e-01,8.859560942684057139e-01
-1.500909413578960239e-01,8.859794883173037761e-01
-1.499148306184291402e-01,8.859998348934398082e-01
-1.497161022953369391e-01,8.860223483910346642e-01
-1.495402670708943504e-01,8.860418746356231168e-01
-1.493414411147994669e-01,8.860635089594697256e-01
-1.491658877717964848e-01,8.860822190691907130e-01
-1.489669682633526226e-01,8.861029756286759040e-01
-1.487917031112146737e-01,8.861208738540554686e-01
-1.485926941098229814e-01,8.861407540901130586e-01
-1.484177234014502633e-01,8.861578447345136444e-01
-1.482186289449955452e-01,8.861768501193417746e-01
-1.480439588755090019e-01,8.861931375381313369e-01
-1.478447829800995927e-01,8.862112695749035929e-01
-1.476704196866622798e-01,8.862267581745091327e-01
-1.474711663463745825e-01,8.862440183970847762e-01
-1.472971159080656567e-01,8.862587126340466526e-01
-1.470977890946937872e-01,8.862751026066801874e-01
-1.469240575313481290e-01,8.862890069867924714e-01
-1.467246611941575574e-01,8.863045283038374356e-01
-1.465512544665061589e-01,8.863176473811736900e-01
-1.463517925319926805e-01,8.863323016667871146e-01
-1.461787165410224909e-01,8.863446400427911209e-01
-1.459791929126745269e-01,8.863584289506348801e-01
-1.458064534992997707e-01,8.863699912731847208e-01
-1.456068720573671094e-01,8.863829164861251053e-01
-1.454344750017843024e-01,8.863937074486164525e-01
-1.452348396030498368e-01,8.864057706784206347e-01
-1.450627906249754573e-01,8.864157950187923074e-01
-1.448631051025329186e-01,8.864269980058259168e-01
-1.446914098599956233e-01,8.864362605056748112e-01
-1.444916780230310893e-01,8.864466050185935142e-01
-1.443203421127741415e-01,8.864551105021907240e-01
-1.441205677463526513e-01,8.864645983376338023e-01
-1.439495967030343382e-01,8.864723516710102391e-01
-1.437497835678910596e-01,8.864809846532901716e-01
-1.435791828639544077e-01,8.864879907432837713e-01
-1.433793346962909110e-01,8.864957707240751494e-01
-1.432091097417780567e-01,8.865020345173847405e-01
-1.430092302530623638e-01,8.865089633754122955e-01
-1.428393863949169174e-01,8.865144898576686749e-01
-1.426394792716898785e-01,8.865205694983917528e-01
-1.424700217939635083e-01,8.865253636931957892e-01
-1.422700906976478441e-01,8.865305960484939352e-01
-1.421010248208904592e-01,8.865346630164836483e-01
-1.419010733876061303e-01,8.865390500443390831e-01
-1.417324042687728713e-01,8.865423948822395150e-01
-1.415324361091566674e-01,8.865459385664191672e-01
-1.413641688413408148e-01,8.865485664060990256e-01
-1.411641875403704949e-01,8.865512687558352312e-01
-1.409963271526714912e-01,8.865531847633616458e-01
-1.407963362694949205e-01,8.865550478130321821e-01
-1.406288877266178017e-01,8.865562571877296794e-01
-1.404288907943865294e-01,8.865572829965358004e-01
-1.402618589964648443e-01,8.865577909700412818e-01
-1.400618595221723439e-01,8.865579816216848652e-01
-1.398952493049460122e-01,8.865577934570048058e-01
-1.396952507692715839e-01,8.865571510593663884e-01
-1.395290669035534059e-01,8.865562720499394755e-01
-1.393290727607090773e-01,8.865547987347536241e-01
-1.391633199520739828e-01,8.865532342035072899e-01
-1.389633336296577371e-01,8.865509321260364173e-01
-1.387980165190205173e-01,8.865486874244559168e-01
-1.385980414178731857e-01,8.865455587631669854e-01
-1.384331645805556010e-01,8.865426392703525948e-01
-1.382332040746228619e-01,8.865386862265891565e-01
-1.380687720206641433e-01,8.865350973483263619e-01
-1.378688294568631845e-01,8.865303221459821525e-01
-1.377048466310233088e-01,8.865260693138148351e-01
-1.375049253291134865e-01,8.865204741990073689e-01
-1.373413961104192338e-01,8.865155628693011103e-01
-1.371414993628792822e-01,8.865091501100430538e-01
-1.369784280647727281e-01,8.865035857630634286e-01
-1.367785591366797449e-01,8.864963576489346408e-01
-1.366159500070059096e-01,8.864901457879271751e-01
-1.364161121359212248e-01,8.864821046297467477e-01
-1.362539693567982046e-01,8.864752507800152115e-01
-1.360541657526571357e-01,8.864663989095128427e-01
-1.358924934403907825e-01,8.864589086175002075e-01
-1.356927272853966082e-01,8.864492483869871320e-01
-1.355315294905634904e-01,8.864411272193675195e-01
-1.353318039390866423e-01,8.864306610014078824e-01
-1.351710846464084792e-01,8.864219145441719627e-01
-1.349714028248895081e-01,8.864106447312535275e-01
-1.348111659534010076e-01,8.864012785888120138e-01
-1.346115309602589905e-01,8.863892075930177583e-01
-1.344517803631383457e-01,8.863792273872906913e-01
-1.342521952686830666e-01,8.863663576399695154e-01
-1.340929347333877641e-01,8.863557690094951980e-01
-1.338934025797362259e-01,8.863421029609332980e-01
-1.337346358281563952e-01,8.863309115599851129e-01
-1.335351596291555476e-01,8.863164516790782432e-01
-1.333768903171733411e-01,8.863046631767419470e-01
-1.331774730583239197e-01,8.862894119506652402e-01
-1.330197047766903395e-01,8.862770320300147331e-01
-1.328203494150788089e-01,8.862609919638971823e-01
-1.326630856885716858e-01,8.862480263210489317e-01
-1.324637951528037372e-01,8.862311999376434324e-01
-1.323070394411691997e-01,8.862176542809498958e-01
-1.321078166313095770e-01,8.862000441203081724e-01
-1.319515723285843156e-01,8.861859241694273193e-01
-1.317524201160993058e-01,8.861675327885712994e-01
-1.315966905513759888e-01,8.861528442736605893e-01
-1.313976117790819076e-01,8.861336742462577742e-01
-1.312424002161444170e-01,8.861184229070747653e-01
-1.310433976981586479e-01,8.860984768231116027e-01
-1.308887073359836506e-01,8.860826684081987148e-01
-1.306897838576814574e-01,8.860619488736566352e-01
-1.305356178301531889e-01,8.860455891394534156e-01
-1.303367761481276366e-01,8.860240987759833153e-01
-1.301831375246705891e-01,8.860071934860376253e-01
-1.299843803666980158e-01,8.859849349306376798e-01
-1.298312721521099333e-01,8.859674898547389432e-01
-1.296326022171171988e-01,8.859444657594313099e-01
-1.294800273517291156e-01,8.859264866727818433e-01
-1.292814473097678440e-01,8.859026997042904750e-01
-1.291294086697965526e-01,8.858841923867046830e-01
-1.289309211620194850e-01,8.858596452261346954e-01
-1.287794215598636050e-01,8.858406154612404881e-01
-1.285810291985056142e-01,8.858153108037590817e-01
-1.284300713823884887e-01,8.857957643781217971e-01
-1.282317767507520356e-01,8.857697049326374028e-01
-1.280813634055782135e-01,8.857496476350394943e-01
-1.278831690580219116e-01,8.857228361238851377e-01
-1.277333028053536934e-01,8.857022737445057192e-01
-1.275352112672858695e-01,8.856747129031223853e-01
-1.273858946653750601e-01,8.856536512327225497e-01
-1.271879084332502019e-01,8.856253438093425467e-01
-1.270391439775422904e-01,8.856037886385235147e-01
-1.268412655188622673e-01,8.855747373938565037e-01
-1.266930556421393683e-01,8.855526945122739191e-01
-1.264952873954582058e-01,8.855229022191936084e-01
-1.263476344680731223e-01,8.855003774147899298e-01
-1.261499788430052171e-01,8.854698468580218806e-01
-1.260028851731687938e-01,8.854468459162733174e-01
-1.258053445504016821e-01,8.854155798920843035e-01
-1.256588123845719940e-01,8.853921085952705106e-01
-1.254613891158816719e-01,8.853601099111596540e-01
-1.253154206387248892e-01,8.853361740375711442e-01
-1.251181170469963522e-01,8.853034455119610513e-01
-1.249727143821095926e-01,8.852790508352357257e-01
-1.247755327613602611e-01,8.852455952971671760e-01
-1.246306979712141633e-01,8.852207475855071728e-01
-1.244336405866203060e-01,8.851865678743333632e-01
-1.242893756730042570e-01,8.851612728898096139e-01
-1.240924447609321885e-01,8.851263718548928461e-01
-1.239487516652044152e-01,8.851006353527245407e-01
-1.237519494332444681e-01,8.850650158531340184e-01
-1.236088300368455434e-01,8.850388435810212506e-01
-1.234121586638499274e-01,8.850025084852335411e-01
-1.232696147884503185e-01,8.849759061826332207e-01
-1.230730764245741987e-01,8.849388583682333831e-01
-1.229311098322880269e-01,8.849118317656495813e-01
-1.227347065990343766e-01,8.848740741190334047e-01
-1.225933189930966949e-01,8.848466289374035121e-01
-1.223970529833639243e-01,8.848081643534830842e-01
-1.222562460082515234e-01,8.847803063034670457e-01
-1.220601192863849938e-01,8.847411376853769882e-01
-1.219198945282215230e-01,8.847128724667064903e-01
-1.217239091300681697e-01,8.846730027255121920e-01
-1.215842681169811701e-01,8.846443360263380740e-01
-1.213884260499473455e-01,8.846037680807457004e-01
-1.212493702524063410e-01,8.845747055769883627e-01
-1.210536734955193205e-01,8.845334423530566426e-01
-1.209152043268145876e-01,8.845039897077938695e-01
-1.207196548307862966e-01,8.844620341386481011e-01
-1.205817736472797747e-01,8.844321970014619172e-01
-1.203863733345741788e-01,8.843895520270093069e-01
-1.202490814361968086e-01,8.843593360333927844e-01
-1.200538322011010794e-01,8.843160046000404506e-01
-1.199171308317334705e-01,8.842854153707875309e-01
-1.197220345404305941e-01,8.842414004311620612e-01
-1.195859248880448700e-01,8.842104435717107469e-01
-1.193909833786913621e-01,8.841657480843788663e-01
-1.192554665763179977e-01,8.841344291843473702e-01
-1.190606816591221750e-01,8.840890561135410497e-01
-1.189257587845791442e-01,8.840573807459920497e-01
-1.187311322418841686e-01,8.840113330613325049e-01
-1.185968043187160120e-01,8.839793067823206174e-01
-1.184023379050850450e-01,8.839325874585469700e-01
-1.182686059027966696e-01,8.839002158065134562e-01
-1.180743013451008017e-01,8.838528278232125057e-01
-1.179411661794075306e-01,8.838201163183873055e-01
-1.177470251769170417e-01,8.837720626597246332e-01
-1.176144877105146647e-01,8.837390168036639571e-01
-1.174205119349922832e-01,8.836903004581188048e-01
-1.172885729777348868e-01,8.836569257331062799e-01
-1.170947640735320455e-01,8.836075496932073170e-01
-1.169634243829636433e-01,8.835738515617495015e-01
-1.167697839671192894e-01,8.835238188238132562e-01
-1.166390442487734991e-01,8.834898027280843058e-01
-1.164455739111159016e-01,8.834391162919551510e-01
-1.163154348193082693e-01,8.834047876533767107e-01
-1.161221361225590470e-01,8.833534505221708466e-01
-1.159925982604351896e-01,8.833188147408082003e-01
-1.157994727403154483e-01,8.832668299206576368e-01
-1.156705366605380869e-01,8.832318923747886075e-01
-1.154775858258779986e-01,8.831792628745889218e-01
-1.153492520310367558e-01,8.831440289202098226e-01
-1.151564773638865807e-01,8.830907577513696927e-01
-1.150287463068407623e-01,8.830552327216893982e-01
-1.148361492625846469e-01,8.830013228978819129e-01
-1.147090213471266551e-01,8.829655121029128528e-01
-1.145166033545993167e-01,8.829109666398303746e-01
-1.143900789358423126e-01,8.828748753659122483e-01
-1.141978413974467227e-01,8.828196972810228305e-01
-1.140719207821437875e-01,8.827833307903337756e-01
-1.138798650739719642e-01,8.827275231026393554e-01
-1.137545485212412277e-01,8.826908866328305736e-01
-1.135626759931973595e-01,8.826344523626289407e-01
-1.134379637146720743e-01,8.825975511263030038e-01
-1.132462756905971979e-01,8.825404932949502124e-01
-1.131221678513731760e-01,8.825033324793798428e-01
-1.129306656291725192e-01,8.824456541090577311e-01
-1.128071623477978486e-01,8.824082388756315787e-01
-1.126158471995696159e-01,8.823499429891148438e-01
-1.124929485487605602e-01,8.823122784730053070e-01
-1.123018217209270503e-01,8.822533680934323552e-01
-1.121795277280284997e-01,8.822154594031960118e-01
-1.119885904414696653e-01,8.821559375538422509e-01
-1.118669010891006621e-01,8.821177897710881233e-01
-1.116761545392882249e-01,8.820576594751421418e-01
-1.115550697652988588e-01,8.820192776539903523e-01
-1.113645151224345320e-01,8.819585419343303201e-01
-1.112440348212026253e-01,8.819199311013017351e-01
-1.110536732303553376e-01,8.818585929802778001e-01
-1.109337972524156030e-01,8.818197581336636448e-01
-1.107436298336628294e-01,8.817578206328787749e-01
-1.106243579868488314e-01,8.817187667426004127e-01
-1.104343858354188135e-01,8.816562328826970107e-01
-1.103157178850978914e-01,8.816169648898855016e-01
-1.101259420715130777e-01,8.815538376903329087e-01
-1.100078777410025271e-01,8.815143605069715171e-01
-1.098182993112259004e-01,8.814506429858559589e-01
-1.097008382824515987e-01,8.814109614945132565e-01
-1.095114582580331147e-01,8.813466566683306747e-01
-1.093946001719788702e-01,8.813067757218329135e-01
-1.092054195502047825e-01,8.812418866052844635e-01
-1.090891640071888352e-01,8.812018110263351023e-01
-1.089001837612314644e-01,8.811363406321235381e-01
-1.087845303219466681e-01,8.810960752131947737e-01
-1.085957514010163910e-01,8.810300265518266061e-01
-1.084806995862438589e-01,8.809895760546010424e-01
-1.082921229157428750e-01,8.809229521341869207e-01
-1.081776722077344433e-01,8.808823212895871002e-01
-1.079892986894103180e-01,8.808151251156490780e-01
-1.078754485315175787e-01,8.807743186232623867e-01
-1.076872790436198962e-01,8.807065531985394102e-01
-1.075740288414371998e-01,8.806655757265831053e-01
-1.073860642388745484e-01,8.805972440508422761e-01
-1.072734133604663770e-01,8.805561002358148759e-01
-1.070856544749650002e-01,8.804872053056638226e-01
-1.069736022514268248e-01,8.804458997521225072e-01
-1.067860498916906042e-01,8.803764445608246447e-01
-1.066745956174207088e-01,8.803349818410645122e-01
-1.064872505692914806e-01,8.802649693783551887e-01
-1.063763935030356128e-01,8.802233540323826100e-01
-1.061892565296557039e-01,8.801527872842912492e-01
-1.060789958942686684e-01,8.801110238193302626e-01
-1.058920677362443219e-01,8.800399057680007298e-01
-1.057824027198200068e-01,8.799979986585166891e-01
-1.055956840953850284e-01,8.799263322820334299e-01
-1.054866138514861107e-01,8.798842859694291363e-01
-1.053001054566675143e-01,8.798120742416446483e-01
-1.051916291046427754e-01,8.797698931339947848e-01
-1.050053316134270942e-01,8.796971390243584210e-01
-1.048974482393678631e-01,8.796548274963988945e-01
-1.047113623038683494e-01,8.795815339697907742e-01
-1.046040709605665087e-01,8.795390963625300262e-01
-1.044181972111911105e-01,8.794652663790942793e-01
-1.043114969190508529e-01,8.794227069998031832e-01
-1.041258359646710790e-01,8.793483435147860794e-01
-1.040197257120541730e-01,8.793056666367768948e-01
-1.038342781401757342e-01,8.792307726003669721e-01
-1.037287568836776919e-01,8.791879824627477635e-01
-1.035435232606100320e-01,8.791125608199163999e-01
-1.034385899260051728e-01,8.790696616276250097e-01
-1.032535707970334421e-01,8.789937153179727680e-01
-1.031492242793463077e-01,8.789507112414663981e-01
-1.029644201689034477e-01,8.788742431990691495e-01
-1.028606593330208124e-01,8.788311383742384297e-01
-1.026760707448601956e-01,8.787541515274965853e-01
-1.025728944261986020e-01,8.787109500556140596e-01
-1.023885218435674482e-01,8.786334473271053547e-01
-1.022859288481621082e-01,8.785901532745410414e-01
-1.021017727339757902e-01,8.785121375808735422e-01
-1.019997618394561795e-01,8.784687549791875272e-01
-1.018158226364720836e-01,8.783902292308575221e-01
-1.017143925921175363e-01,8.783467620765162964e-01
-1.015306707231112548e-01,8.782677291777668538e-01
-1.014298202504197721e-01,8.782241814320806972e-01
-1.012463161183596305e-01,8.781446442807622210e-01
-1.011460439118322674e-01,8.781010198699261693e-01
-1.009627579000564046e-01,8.780209813573620625e-01
-1.008630626271667802e-01,8.779772841721530385e-01
-1.006799950995590082e-01,8.778967471830040337e-01
-1.005808754016651874e-01,8.778529810788929799e-01
-1.003980267028320716e-01,8.777719484910267989e-01
-1.002994811953649423e-01,8.777281172879843885e-01
-1.001168516508132156e-01,8.776465919723460685e-01
-1.000188789238808384e-01,8.776026994548373761e-01
-9.983646884019503620e-02,8.775206842753227043e-01
-9.973906745899824289e-02,8.774767341922273811e-01
-9.955687712401856126e-02,8.773942320055583277e-01
-9.946004562921932635e-02,8.773502280700754552e-01
-9.927807531221981285e-02,8.772672417256773825e-01
-9.918181222070848735e-02,8.772231876154188424e-01
-9.900006217257512064e-02,8.771397199553017110e-01
-9.890436597751628423e-02,8.770956193120665878e-01
-9.872283643092616412e-02,8.770116731707063851e-01
-9.862770560248806939e-02,8.769675296005723375e-01
-9.844639677208794071e-02,8.768831078047960581e-01
-9.835182975775486058e-02,8.768389248780281697e-01
-9.817074184034008111e-02,8.767540302469003510e-01
-9.807673706551976733e-02,8.767098114980036438e-01
-9.789587024021316475e-02,8.766244468427160097e-01
-9.780242610857955987e-02,8.765801957703737157e-01
-9.762178053701073277e-02,8.764943638941365966e-01
-9.752889543075136947e-02,8.764500839611061300e-01
-9.734847125723576633e-02,8.763637876590407716e-01
-9.725614353795905553e-02,8.763194822923733307e-01
-9.707594088967716472e-02,8.762327243514093089e-01
-9.698416889833871846e-02,8.761883969422081808e-01
-9.680418788551536924e-02,8.761011801409799293e-01
-9.671296994323580476e-02,8.760568340445922253e-01
-9.653321065931924627e-02,8.759691611533400035e-01
-9.644254506766611335e-02,8.759247996892992605e-01
-9.626300758950676051e-02,8.758366734697712319e-01
-9.617289263080444628e-02,8.757922999217582216e-01
-9.599357701883429184e-02,8.757037231271143085e-01
-9.590401095680814447e-02,8.756593407430885989e-01
-9.572491725521928285e-02,8.755703161178074456e-01
-9.563589833531617457e-02,8.755259281099885271e-01
-9.545702657224021392e-02,8.754364583897764618e-01
-9.536855302194645334e-02,8.753920679346280931e-01
-9.518990320963170715e-02,8.753021558463285334e-01
-9.510197323911788458e-02,8.752577660847138397e-01
-9.492354537410911675e-02,8.751674143462215838e-01
-9.483615717638327336e-02,8.751230283833186796e-01
-9.465795123969900082e-02,8.750322397034935307e-01
-9.457110299123655528e-02,8.749878606089573907e-01
-9.439311894854679474e-02,8.748966376875415563e-01
-9.430680880957861834e-02,8.748522684955007955e-01
-9.412904661138329909e-02,8.747606140230380634e-01
-9.404327272626683554e-02,8.747162577321382360e-01
-9.386573230807210289e-02,8.746241743898940380e-01
-9.378049280574923818e-02,8.745798339633935603e-01
-9.360317408824531116e-02,8.744873244232783671e-01
-9.351846708272310016e-02,8.744430027891625379e-01
-9.334136997195990881e-02,8.743500697136568078e-01
-9.325719356249950742e-02,8.743057697646073878e-01
-9.308031795006366238e-02,8.742124158066880701e-01
-9.299667022166184516e-02,8.741681404002096256e-01
-9.282001598485260796e-02,8.740743682032788842e-01
-9.273689500878322389e-02,8.740301201618654314e-01
-9.256046201078714508e-02,8.739359323596818108e-01
-9.247786584466997917e-02,8.738917144707394336e-01
-9.230165393473653557e-02,8.737971136873496913e-01
-9.221958062316823468e-02,8.737529287034229153e-01
-9.204358963678424543e-02,8.736579175530969632e-01
-9.196203721159107447e-02,8.736137681918997311e-01
-9.178626697065467299e-02,8.735183492790666859e-01
-9.170523345137451821e-02,8.734742382236436731e-01
-9.152968376436879105e-02,8.733784141428305725e-01
-9.144916715839064569e-02,8.733343440415376469e-01
-9.127383782055649430e-02,8.732381173773083871e-01
-9.119383612374976078e-02,8.731940908440658511e-01
-9.101872691725865216e-02,8.730974641709638995e-01
-9.093923811425327908e-02,8.730534837853261010e-01
-9.076434880837910835e-02,8.729564596678183186e-01
-9.068537087266644037e-02,8.729125279749482269e-01
-9.051070122395661610e-02,8.728151089673686913e-01
-9.043223211877594869e-02,8.727712284784538976e-01
-9.025778187122281138e-02,8.726734171249534988e-01
-9.017981954927156707e-02,8.726295903169746238e-01
-9.000558843448158708e-02,8.725313891514673292e-01
-8.992813083877780611e-02,8.724876184676136903e-01
-8.975411857614211397e-02,8.723890300137290277e-01
-8.967716364013256225e-02,8.723453178633990834e-01
-8.950336993699492538e-02,8.722463446344337346e-01
-8.942691558482669667e-02,8.722026933933310078e-01
-8.925334013665216226e-02,8.721033378922024015e-01
-8.917738428379753945e-02,8.720597499026389032e-01
-8.900402677434030019e-02,8.719600146218423609e-01
-8.892856732744616743e-02,8.719164921926035872e-01
-8.875542742891553982e-02,8.718163796141672472e-01
-8.868046228674321407e-02,8.717729250210086711e-01
-8.850753965997017192e-02,8.716724376164548538e-01
-8.843306671316437939e-02,8.716290531019299515e-01
-8.826036100776708804e-02,8.715281933322343022e-01
-8.818637813946306192e-02,8.714848811060104117e-01
-8.801388899401096921e-02,8.713836514215641538e-01
-8.794039408004485081e-02,8.713404136605145123e-01
-8.776812112222355522e-02,8.712388165010884755e-01
-8.769511203166557856e-02,8.711956553495786570e-01
-8.752305487843836662e-02,8.710936931442888609e-01
-8.745052947338641247e-02,8.710506107140318921e-01
-8.727868773115790568e-02,8.709482858813049067e-01
-8.720664386775441035e-02,8.709052842519443560e-01
-8.703501713253132543e-02,8.708025991994877701e-01
-8.696345266054320011e-02,8.707596804183339589e-01
-8.679204051809510934e-02,8.706566375431039617e-01
-8.672095328182823082e-02,8.706138036256695356e-01
-8.654975530784765614e-02,8.705104053138442710e-01
-8.647914314594025431e-02,8.704676582437136378e-01
-8.630815890620142927e-02,8.703639068706643389e-01
-8.623801965229381528e-02,8.703212485998944592e-01
-8.606724870281089179e-02,8.702171465301608011e-01
-8.599758018552321193e-02,8.701745789792691976e-01
-8.582702207270724581e-02,8.700701285665337625e-01
-8.575782211621787998e-02,8.700276536248551240e-01
-8.558747637703348343e-02,8.699228572119216407e-01
-8.551874280106658288e-02,8.698804767376091540e-01
-8.534860896318757773e-02,8.697753366563800714e-01
-8.528033958348167631e-02,8.697330524767048487e-01
-8.511041716544541502e-02,8.696275710481613519e-01
-8.504260979404060228e-02,8.695853849597063867e-01
-8.487289830540151181e-02,8.694795644938899670e-01
-8.480555075067067183e-02,8.694374782625884368e-01
-8.463604969215335339e-02,8.693313210585824624e-01
-8.456915975938948671e-02,8.692893364201065287e-01
-8.439986862304015014e-02,8.691828447660209234e-01
-8.433343411439044035e-02,8.691409634257665218e-01
-8.416435238372822758e-02,8.690341395987219997e-01
-8.409837109879640671e-02,8.689923632322176239e-01
-8.392949824896282773e-02,8.688852094983330332e-01
-8.386396798464701430e-02,8.688435397511705682e-01
-8.369530348255560526e-02,8.687360583655493462e-01
-8.363022203385303555e-02,8.686944968539306311e-01
-8.346176533833624123e-02,8.685866900606512564e-01
-8.339713049783570309e-02,8.685452383711047553e-01
-8.322888105979298068e-02,8.684371084032085353e-01
-8.316469061867548529e-02,8.683957680932711254e-01
-8.299664788121885461e-02,8.682873171727555350e-01
-8.293289962905561752e-02,8.682460897708904612e-01
-8.276506302765476719e-02,8.681373201087009273e-01
-8.270175475271651644e-02,8.680962071145459369e-01
-8.253412371534268877e-02,8.679871209105691765e-01
-8.247125320485576561e-02,8.679461237951546781e-01
-8.230382715212497535e-02,8.678367232382135921e-01
-8.224139219254451849e-02,8.677958434441952473e-01
-8.207417053785955041e-02,8.676861307120451450e-01
-8.201216891502755013e-02,8.676453696538659610e-01
-8.184515106471895729e-02,8.675353469131914519e-01
-8.178358056413465027e-02,8.674947059773205904e-01
-8.161676591760053112e-02,8.673843753837338078e-01
-8.155562432448354437e-02,8.673438559287710570e-01
-8.138901227432865371e-02,8.672332196268101034e-01
-8.132829737419459970e-02,8.671928229839347413e-01
-8.116188730636823834e-02,8.670818831070656874e-01
-8.110159688467745431e-02,8.670416105798721684e-01
-8.093538817861047063e-02,8.669303692504881642e-01
-8.087552002167835985e-02,8.668902221156652432e-01
-8.070951205041826393e-02,8.667786814450911814e-01
-8.065006394485796370e-02,8.667386609521249285e-01
-8.048425607520470759e-02,8.666268230406187767e-01
-8.042522580880165362e-02,8.665869304124566019e-01
-8.025961740144052503e-02,8.664747973492153976e-01
-8.020100276290086094e-02,8.664350337821780101e-01
-8.003559317253537697e-02,8.663226076453423019e-01
-7.997739195180532390e-02,8.662829743094213608e-01
-7.981218052728890344e-02,8.661702571660814254e-01
-7.975439051594282458e-02,8.661307552052897041e-01
-7.958937660040879547e-02,8.660177491114937620e-01
-7.953199559142563879e-02,8.659783796438002001e-01
-7.936717852241757798e-02,8.658650866445615213e-01
-7.931020431079192912e-02,8.658258507623992628e-01
-7.914558342039089422e-02,8.657122728917059362e-01
-7.908901380303670625e-02,8.656731716619995298e-01
-7.892458841798935532e-02,8.655593109428244558e-01
-7.886842119404408047e-02,8.655203454072938341e-01
-7.870419063588834918e-02,8.654062038516056043e-01
-7.864842360675013133e-02,8.653673750268893183e-01
-7.848438719194035518e-02,8.652529546356633183e-01
-7.842901816163264095e-02,8.652142635136708115e-01
-7.826517520166412223e-02,8.650995662769029870e-01
-7.821020197687775233e-02,8.650610138249458236e-01
-7.804655177840877367e-02,8.649460417216653374e-01
-7.799197216864203752e-02,8.649076288826585968e-01
-7.782851403361609743e-02,8.647923838809420394e-01
-7.777432585147717181e-02,8.647541115737222839e-01
-7.761105907724399899e-02,8.646385956307096610e-01
-7.755726013839994715e-02,8.646004647501073226e-01
-7.739418401783462742e-02,8.644846798120167097e-01
-7.734077214132600853e-02,8.644466912291868255e-01
-7.717788596294800074e-02,8.643306392313316877e-01
-7.712485897142304370e-02,8.642927937940333427e-01
-7.696216201951308622e-02,8.641764766608405202e-01
-7.690951773903968725e-02,8.641387751934160866e-01
-7.674700929375626035e-02,8.640221948384424477e-01
-7.669474555431171625e-02,8.639846381422817689e-01
-7.653242489180672736e-02,8.638677964682344168e-01
-7.648053952725587801e-02,8.638303853218777251e-01
-7.631840591978812649e-02,8.637132842206328709e-01
-7.626689676808817708e-02,8.636760193800360197e-01
-7.610494948413715210e-02,8.635586607326600772e-01
-7.605381438735825395e-02,8.635215429313307656e-01
-7.589205269173526780e-02,8.634039286081001130e-01
-7.584128949636048667e-02,8.633669585574365035e-01
-7.567971265032003014e-02,8.632490904178601321e-01
-7.562931920727802848e-02,8.632122688072996208e-01
-7.546792646862723886e-02,8.630941487001411172e-01
-7.541790063350953255e-02,8.630574761974439957e-01
-7.525669125671688442e-02,8.629391059607450787e-01
-7.520703088960750682e-02,8.629025832119963102e-01
-7.504600412591083680e-02,8.627839646730990353e-01
-7.499670709200939589e-02,8.627475923032940086e-01
-7.483586218952159586e-02,8.626287272788665250e-01
-7.478692635887160267e-02,8.625925058918422206e-01
-7.462626256268609093e-02,8.624733961879027522e-01
-7.457768581039521394e-02,8.624373263666310629e-01
-7.441720236269085131e-02,8.623179737785736654e-01
-7.436898256905465077e-02,8.622820560853853289e-01
-7.420867870919810316e-02,8.621624623980052027e-01
-7.416081375992907010e-02,8.621266973748947793e-01
-7.400068872457739311e-02,8.620068643624160254e-01
-7.395317651068154807e-02,8.619712525310855300e-01
-7.379322953388299522e-02,8.618511819571871291e-01
-7.374606795204305398e-02,8.618157238194689151e-01
-7.358629826533677476e-02,8.616954174373133712e-01
-7.353948521768949309e-02,8.616601134751412649e-01
-7.337989205020478689e-02,8.615395730274016950e-01
-7.333342544478904657e-02,8.615044237032865038e-01
-7.317400802334250720e-02,8.613836509221761695e-01
-7.312788577394273293e-02,8.613486566792284416e-01
-7.296864332313572621e-02,8.612276532865298373e-01
-7.292286334954831140e-02,8.611928145488030317e-01
-7.276379509186156613e-02,8.610715822558974164e-01
-7.271835531980150313e-02,8.610368994284584021e-01
-7.255946047569025725e-02,8.609154399363555532e-01
-7.251435883716712827e-02,8.608809134057154866e-01
-7.235563662515427652e-02,8.607592284050854525e-01
-7.231087105820385719e-02,8.607248585391380491e-01
-7.215232069497254375e-02,8.606029497103409032e-01
-7.210788914406210393e-02,8.605687368588188502e-01
-7.194950984454687171e-02,8.604466058719371091e-01
-7.190541026059400764e-02,8.604125503665729369e-01
-7.174720123807072636e-02,8.602901988814437573e-01
-7.170343157828265590e-02,8.602563010359928208e-01
-7.154539204445822809e-02,8.601337307022393075e-01
-7.150195027273201220e-02,8.600999908129366434e-01
-7.134407943783208084e-02,8.599772032700013780e-01
-7.130096352468033583e-02,8.599436216156534085e-01
-7.114326059753643683e-02,8.598206184928315343e-01
-7.110046852022242070e-02,8.597871953350703089e-01
-7.094293270835813625e-02,8.596639782515435035e-01
-7.090046245085251941e-02,8.596307138349434940e-01
-7.074309296056818797e-02,8.595072843998130541e-01
-7.070094251381622841e-02,8.594741789522507558e-01
-7.054373855027298856e-02,8.593505387645729021e-01
-7.050190591198131351e-02,8.593175924972108470e-01
-7.034486667928403769e-02,8.591937431460300312e-01
-7.030334985440435391e-02,8.591609562538498057e-01
-7.014647455568336076e-02,8.590368993182355695e-01
-7.010527155608452243e-02,8.590042719799322324e-01
-6.994855939357651209e-02,8.588800090290134026e-01
-6.990766823823195419e-02,8.588475414072965775e-01
-6.975111841335994434e-02,8.587230740002967933e-01
-6.971053712860908469e-02,8.586907662422514909e-01
-6.955414884206057025e-02,8.585660959285260629e-01
-6.951387546129973727e-02,8.585339481655224203e-01
-6.935764791310529420e-02,8.584090764845936361e-01
-6.931768047724376491e-02,8.583770888328040582e-01
-6.916161286685298948e-02,8.582520173143987074e-01
-6.912194942405253117e-02,8.582201898747460200e-01
-6.896604095041075633e-02,8.580949200388320319e-01
-6.892667955632959809e-02,8.580632528973402007e-01
-6.877092941795161229e-02,8.579377862541635036e-01
-6.873186813567921938e-02,8.579062794820609961e-01
-6.857627553072342952e-02,8.577806175321828208e-01
-6.853751243100053570e-02,8.577492711862371166e-01
-6.838207655734201973e-02,8.576234154205728544e-01
-6.834360971837280530e-02,8.575922295430947750e-01
-6.818832977367447756e-02,8.574661814429503925e-01
-6.815015728131802730e-02,8.574351560621061852e-01
-6.799503246310235893e-02,8.573089170992173047e-01
-6.795715241099233028e-02,8.572780522292832162e-01
-6.780218191670996097e-02,8.571516238658533071e-01
-6.776459240615989588e-02,8.571209195072960751e-01
-6.760977543325924488e-02,8.569943031960353119e-01
-6.757247457334825125e-02,8.569637593357400940e-01
-6.741781031934346302e-02,8.568369565199042137e-01
-6.738079622690089365e-02,8.568065731313192490e-01
-6.722628388943834021e-02,8.566795852447477433e-01
-6.718955468932227837e-02,8.566493622882707104e-01
-6.703519346624695063e-02,8.565221907554279035e-01
-6.699874729101173987e-02,8.564921281782917895e-01
-6.684453638043164059e-02,8.563647744143041418e-01
-6.680837137072548337e-02,8.563348721510620765e-01
-6.665430997107657518e-02,8.562073375617599291e-01
-6.661842427534951649e-02,8.561775955342028066e-01
-6.646451158545800542e-02,8.560498815161581287e-01
-6.642890336034190657e-02,8.560202996337872294e-01
-6.627513857948696963e-02,8.558924075743555848e-01
-6.623980598945333753e-02,8.558629857342573422e-01
-6.608618831742851807e-02,8.557349170116165249e-01
-6.605112953515286656e-02,8.557056550989233790e-01
-6.589765817232591527e-02,8.555774110821144918e-01
-6.586287137851573603e-02,8.555483089700207655e-01
-6.570954552588834097e-02,8.554198910189884097e-01
-6.567502890941893934e-02,8.553909485690214254e-01
-6.552184776868534566e-02,8.552623580346547794e-01
-6.548759952642686788e-02,8.552335750966881811e-01
-6.533456230003160947e-02,8.551048133208605240e-01
-6.530058063721530526e-02,8.550761897335797945e-01
-6.514768652840960406e-02,8.549472580491906948e-01
-6.511396965836312167e-02,8.549187936400289844e-01
-6.496121787126106495e-02,8.547896933710447120e-01
-6.492776401548858156e-02,8.547613879564076589e-01
-6.477515375512196694e-02,8.546321204179018194e-01
-6.474196114345832920e-02,8.546039738034556521e-01
-6.458949161583073251e-02,8.544745403016511531e-01
-6.455655848627041282e-02,8.544465522823353476e-01
-6.440422889841036780e-02,8.543169541146448109e-01
-6.437155349733170162e-02,8.542891244750198121e-01
-6.421936305734543549e-02,8.541593629300882062e-01
-6.418694363925153690e-02,8.541316914442717012e-01
-6.403489155637415164e-02,8.540017678020160874e-01
-6.400272638425652527e-02,8.539742542341498543e-01
-6.385081186890262384e-02,8.538441697658024632e-01
-6.381889921395773879e-02,8.538168138699669951e-01
-6.366712147777127406e-02,8.536865698381158607e-01
-6.363545961957986496e-02,8.536593713586402288e-01
-6.348381787548321165e-02,8.535289690172713772e-01
-6.345240510191113570e-02,8.535019276888033968e-01
-6.330089856415360705e-02,8.533713682833423686e-01
-6.326973317146931952e-02,8.533444838311053937e-01
-6.311836105567346367e-02,8.532137685984585440e-01
-6.308744134857952046e-02,8.531870407384342103e-01
-6.293620287178863792e-02,8.530561709070320076e-01
-6.290552716321937132e-02,8.530295993459403592e-01
-6.275442154394270111e-02,8.528985761357775752e-01
-6.272398815531185501e-02,8.528721605714452147e-01
-6.257301461356931660e-02,8.527409851941235575e-01
-6.254282187462055498e-02,8.527147253155084039e-01
-6.239197963198771235e-02,8.525833989742787056e-01
-6.221131416063996333e-02,8.524258183515979193e-01
-6.203101577081833462e-02,8.522682441845007562e-01
-6.185108204404603238e-02,8.521106773149633717e-01
-6.167151057193417940e-02,8.519531185685519370e-01
-6.149229895624926806e-02,8.517955687546401311e-01
-6.131344480901376043e-02,8.516380286666562771e-01
-6.113494575245165263e-02,8.514804990821941422e-01
-6.095679941907612698e-02,8.513229807632488599e-01
-6.077900345177311703e-02,8.511654744564499664e-01
-6.060155550378892864e-02,8.510079808932100587e-01
-6.042445323859770012e-02,8.508505007897639860e-01
-6.024769433039570132e-02,8.506930348477695913e-01
-6.007127646349159217e-02,8.505355837539214647e-01
-5.989519733295577825e-02,8.503781481806906850e-01
-5.971945464418461358e-02,8.502207287860930052e-01
-5.954404611311374385e-02,8.500633262140381285e-01
-5.936896946635557282e-02,8.499059410946128157e-01
-5.919422244093767993e-02,8.497485740440029467e-01
-5.901980278458736351e-02,8.495912256649080785e-01
-5.884570825555154872e-02,8.494338965465371150e-01
-5.867193662282550737e-02,8.492765872649727932e-01
-5.849848566589450211e-02,8.491192983830953001e-01
-5.832535317509071615e-02,8.489620304510632209e-01
-5.815253695124852906e-02,8.488047840061581084e-01
-5.798003480596290726e-02,8.486475595731749477e-01
-5.780784456154137996e-02,8.484903576645366208e-01
-5.763596405092711455e-02,8.483331787803785051e-01
-5.746439111791313420e-02,8.481760234089017469e-01
-5.729312361686320770e-02,8.480188920262725638e-01
-5.712215941293415089e-02,8.478617850969807357e-01
-5.695149638206795095e-02,8.477047030739887079e-01
-5.678113241087213298e-02,8.475476463987754450e-01
-5.661106539669487347e-02,8.473906155015595854e-01
-5.644129324767498124e-02,8.472336108014996148e-01
-5.627181388274957174e-02,8.470766327068557366e-01
-5.610262523144735058e-02,8.469196816149495710e-01
-5.593372523408964014e-02,8.467627579125031057e-01
-5.576511184185268394e-02,8.466058619758505266e-01
-5.559678301658416838e-02,8.464489941709185672e-01
-5.542873673077264307e-02,8.462921548533485216e-01
-5.526097096774914424e-02,8.461353443688351961e-01
-5.509348372158037743e-02,8.459785630531788669e-01
-5.492627299697534771e-02,8.458218112323464544e-01
-5.475933680938584180e-02,8.456650892227148830e-01
-5.459267318492051768e-02,8.455083973311396939e-01
-5.442628016051080653e-02,8.453517358552596894e-01
-5.426015578359578290e-02,8.451951050833471646e-01
-5.409429811246487668e-02,8.450385052947790854e-01
-5.392870521584614690e-02,8.448819367597941721e-01
-5.376337517334270344e-02,8.447253997400522296e-01
-5.359830607503805050e-02,8.445688944884058857e-01
-5.343349602165094192e-02,8.444124212491921355e-01
-5.326894312462977787e-02,8.442559802584673756e-01
-5.310464550578999909e-02,8.440995717438047885e-01
-5.294060129774832979e-02,8.439431959248526738e-01
-5.277680864343806122e-02,8.437868530130130384e-01
-5.261326569657429064e-02,8.436305432120300152e-01
-5.244997062123085696e-02,8.434742667177254072e-01
-5.228692159195961336e-02,8.433180237182534844e-01
-5.212411679393964825e-02,8.431618143943849786e-01
-5.196155442267453434e-02,8.430056389193556488e-01
-5.179923268410360770e-02,8.428494974591116407e-01
-5.163714979467250166e-02,8.426933901725160991e-01
-5.147530398118792955e-02,8.425373172113473919e-01
-5.131369348077116643e-02,8.423812787203900365e-01
-5.115231654087068480e-02,8.422252748375826936e-01
-5.099117141943676490e-02,8.420693056943251431e-01
-5.083025638451098283e-02,8.419133714152132741e-01
-5.066956971446576197e-02,8.417574721184062359e-01
-5.050910969801022943e-02,8.416016079157663254e-01
-5.034887463398524804e-02,8.414457789127921528e-01
-5.018886283140586158e-02,8.412899852087919461e-01
-5.002907260954085611e-02,8.411342268970931624e-01
-4.986950229776142274e-02,8.409785040650253896e-01
-4.971015023546095785e-02,8.408228167939718611e-01
-4.955101477231580592e-02,8.406671651597545925e-01
-4.939209426781613482e-02,8.405115492323029791e-01
-4.923338709172034311e-02,8.403559690762281154e-01
-4.907489162356690193e-02,8.402004247504705203e-01
-4.891660625296621878e-02,8.400449163087133631e-01
-4.875852937952221411e-02,8.398894437994319784e-01
-4.860065941258188971e-02,8.397340072657718535e-01
-4.844299477147240296e-02,8.395786067459065638e-01
-4.828553388542055486e-02,8.394232422730834031e-01
-4.812827519326190462e-02,8.392679138754575163e-01
-4.797121714382082680e-02,8.391126215765908336e-01
-4.781435819556254657e-02,8.389573653952299148e-01
-4.765769681661659318e-02,8.388021453454481691e-01
-4.750123148494424935e-02,8.386469614369344017e-01
-4.734496068799116941e-02,8.384918136747657735e-01
-4.718888292291333053e-02,8.383367020597516373e-01
-4.703299669637488190e-02,8.381816265883503814e-01
-4.687730052464943176e-02,8.380265872528875892e-01
-4.672179293344314033e-02,8.378715840414960869e-01
-4.656647245802919555e-02,8.377166169383662986e-01
-4.641133764301492992e-02,8.375616859236285627e-01
-4.625638704247675426e-02,8.374067909736020443e-01
-4.610161921983904620e-02,8.372519320607877402e-01
-4.594703274783211444e-02,8.370971091539390896e-01
-4.579262620853728760e-02,8.369423222182195143e-01
-4.563839819320140989e-02,8.367875712151270351e-01
-4.548434730240442231e-02,8.366328561027744914e-01
-4.533047214580707140e-02,8.364781768357449909e-01
-4.517677134227532365e-02,8.363235333653267212e-01
-4.502324351975010158e-02,8.361689256394904124e-01
-4.486988731529408664e-02,8.360143536030443245e-01
-4.471670137495155350e-02,8.358598171975998303e-01
-4.456368435379502724e-02,8.357053163617254032e-01
-4.441083491582982490e-02,8.355508510309549441e-01
-4.425815173398638114e-02,8.353964211378859250e-01
-4.410563349015661494e-02,8.352420266123202763e-01
-4.395327887490106666e-02,8.350876673810705419e-01
-4.380108658774968522e-02,8.349333433683683303e-01
-4.364905533695286055e-02,8.347790544957138792e-01
-4.349718383945323091e-02,8.346248006819485532e-01
-4.334547082092284759e-02,8.344705818433935107e-01
-4.319391501563681068e-02,8.343163978938207270e-01
-4.304251516655389215e-02,8.341622487446348488e-01
-4.289127002513683229e-02,8.340081343047887064e-01
-4.274017835141057098e-02,8.338540544809401878e-01
-4.258923891392467354e-02,8.337000091775116362e-01
-4.243845048958555521e-02,8.335459982966143544e-01
-4.228781186382347956e-02,8.333920217383155027e-01
-4.213732183041393742e-02,8.332380794005507241e-01
-4.198697919140895185e-02,8.330841711791481252e-01
-4.183678275725001561e-02,8.329302969680372204e-01
-4.168673134651472434e-02,8.327764566590827311e-01
-4.153682378613033493e-02,8.326226501423960036e-01
-4.138705891111799096e-02,8.324688773061642566e-01
-4.123743556466709370e-02,8.323151380368178920e-01
-4.108795259801006905e-02,8.321614322189917479e-01
-4.093860887053005215e-02,8.320077597357262711e-01
-4.078940324954892505e-02,8.318541204683376211e-01
-4.064033461041170747e-02,8.317005142965937514e-01
-4.049140183630155210e-02,8.315469410986100485e-01
-4.034260381850360289e-02,8.313934007512104873e-01
-4.019393945592096562e-02,8.312398931295125193e-01
-4.004540765544520320e-02,8.310864181073965851e-01
-3.989700733166689356e-02,8.309329755572915088e-01
-3.974873740691478585e-02,8.307795653502997313e-01
-3.960059681127476444e-02,8.306261873563008935e-01
-3.945258448235475224e-02,8.304728414437900774e-01
-3.930469936556900412e-02,8.303195274802573911e-01
-3.915694041373301432e-02,8.301662453318473522e-01
-3.900930658729528933e-02,8.300129948636821853e-01
-3.886179685417696927e-02,8.298597759397751128e-01
-3.871441018977044013e-02,8.297065884231094035e-01
-3.856714557680106237e-02,8.295534321755732021e-01
-3.842000200552903033e-02,8.294003070582492976e-01
-3.827297847337275682e-02,8.292472129311003748e-01
-3.812607398519141100e-02,8.290941496533410504e-01
-3.797928755302458492e-02,8.289411170832440279e-01
-3.783261819614745086e-02,8.287881150782729911e-01
-3.768606494096643500e-02,8.286351434950494088e-01
-3.753962682115533078e-02,8.284822021895712485e-01
-3.739330287731709723e-02,8.283292910169320900e-01
-3.724709215721742211e-02,8.281764098316406475e-01
-3.710099371563112258e-02,8.280235584875327293e-01
-3.695500661432740003e-02,8.278707368378294129e-01
-3.680912992191269495e-02,8.277179447350433428e-01
-3.666336271402920177e-02,8.275651820312590612e-01
-3.651770407310410416e-02,8.274124485779416061e-01
-3.637215308833824379e-02,8.272597442259933542e-01
-3.622670885588577527e-02,8.271070688260148129e-01
-3.608137047846082107e-02,8.269544222279590073e-01
-3.593613706557040322e-02,8.268018042814456736e-01
-3.579100773335000540e-02,8.266492148356561209e-01
-3.564598160466991850e-02,8.264966537395138646e-01
-3.550105780878244632e-02,8.263441208413787598e-01
-3.535623548173211228e-02,8.261916159895472678e-01
-3.521151376585872350e-02,8.260391390317933791e-01
-3.506689181012150047e-02,8.258866898157763980e-01
-3.492236876982549032e-02,8.257342681888174551e-01
-3.477794380673415731e-02,8.255818739980822496e-01
-3.463361608893368582e-02,8.254295070905024456e-01
-3.448938479083880904e-02,8.252771673128440622e-01
-3.434524909311181817e-02,8.251248545116854904e-01
-3.420120818272373575e-02,8.249725685335440595e-01
-3.405726125281920841e-02,8.248203092247953228e-01
-3.391340750267721194e-02,8.246680764316922652e-01
-3.376964613777709567e-02,8.245158700004965313e-01
-3.362597636962470771e-02,8.243636897773536365e-01
-3.348239741581150730e-02,8.242115356084162014e-01
-3.333890849992685035e-02,8.240594073398095354e-01
-3.319550885161291764e-02,8.239073048177496528e-01
-3.305219770633451015e-02,8.237552278883556456e-01
-3.290897430559829029e-02,8.236031763979422271e-01
-3.276583789662523838e-02,8.234511501927268551e-01
-3.262278773260378351e-02,8.232991491191572475e-01
-3.247982307251250783e-02,8.231471730237791551e-01
-3.233694318100997778e-02,8.229952217531744108e-01
-3.219414732846104937e-02,8.228432951540434193e-01
-3.205143479104475418e-02,8.226913930733769087e-01
-3.190880485053531473e-02,8.225395153582764074e-01
-3.176625679424703586e-02,8.223876618559489149e-01
-3.162378991516369420e-02,8.222358324138986374e-01
-3.148140351180343799e-02,8.220840268798368378e-01
-3.133909688813713013e-02,8.219322451016458642e-01
-3.119686935367766908e-02,8.217804869275282531e-01
-3.105472022331408691e-02,8.216287522058800530e-01
-3.091264881737797524e-02,8.214770407854137257e-01
-3.077065446159297710e-02,8.213253525151554824e-01
-3.062873648688646880e-02,8.211736872442927382e-01
-3.048689422965630141e-02,8.210220448225112877e-01
-3.034512703145726686e-02,8.208704250997087559e-01
-3.020343423908803879e-02,8.207188279261362629e-01
-3.006181520452735553e-02,8.205672531523792168e-01
-2.992026928496849258e-02,8.204157006294428012e-01
-2.977879584271249033e-02,8.202641702086856945e-01
-2.963739424506276268e-02,8.201126617417533460e-01
-2.949606386453312856e-02,8.199611750808495358e-01
-2.935480407849335588e-02,8.198097100784016433e-01
-2.921361426947622145e-02,8.196582665874379003e-01
-2.907249382481401009e-02,8.195068444612412240e-01
-2.893144213688811361e-02,8.193554435536646308e-01
-2.879045860283203570e-02,8.192040637188551244e-01
-2.864954262481396105e-02,8.190527048116045261e-01
-2.850869360964300089e-02,8.189013666869683350e-01
-2.836791096905568604e-02,8.187500492006188901e-01
-2.822719411949563967e-02,8.185987522086518586e-01
-2.808654248208078061e-02,8.184474755675933411e-01
-2.794595548274293739e-02,8.182962191345941605e-01
-2.780543255196451721e-02,8.181449827671877228e-01
-2.766497312491308924e-02,8.179937663234775336e-01
-2.752457664131682455e-02,8.178425696620440499e-01
-2.738424254554340520e-02,8.176913926420723566e-01
-2.724397028639864021e-02,8.175402351231745302e-01
-2.710375931724033974e-02,8.173890969655538408e-01
-2.696360909592368862e-02,8.172379780299861007e-01
-2.682351908465580720e-02,8.170868781777020917e-01
-2.668348875019482119e-02,8.169357972706430271e-01
-2.654351756349673103e-02,8.167847351711168269e-01
-2.640360500003465297e-02,8.166336917421835873e-01
-2.626375053949767460e-02,8.164826668473675886e-01
-2.612395366590588783e-02,8.163316603508201652e-01
-2.598421386747644043e-02,8.161806721172124579e-01
-2.584453063674041484e-02,8.160297020118998379e-01
-2.570490347035089829e-02,8.158787499007511546e-01
-2.556533186914950601e-02,8.157278156502572042e-01
-2.542581533817507913e-02,8.155768991275781366e-01
-2.528635338642962541e-02,8.154260002003238528e-01
-2.514694552715948661e-02,8.152751187368968422e-01
-2.500759127751806671e-02,8.151242546061607808e-01
-2.486829015880427998e-02,8.149734076777349623e-01
-2.472904169617607881e-02,8.148225778217184079e-01
-2.458984541890494799e-02,8.146717649090009505e-01
-2.445070086000655091e-02,8.145209688108958623e-01
-2.431160755662256992e-02,8.143701893995898278e-01
-2.417256504951168644e-02,8.142194265476223602e-01
-2.403357288355756696e-02,8.140686801284723328e-01
-2.389463060724582311e-02,8.139179500160226288e-01
-2.375573777294906139e-02,8.137672360849019793e-01
-2.361689393681635704e-02,8.136165382103985877e-01
-2.347809865866818876e-02,8.134658562683773075e-01
-2.333935150209676124e-02,8.133151901354209734e-01
-2.320065203437084514e-02,8.131645396887591248e-01
-2.306199982634164064e-02,8.130139048061963969e-01
-2.292339445257573702e-02,8.128632853662882685e-01
-2.278483549119148660e-02,8.127126812481947349e-01
-2.264632252389672806e-02,8.125620923317508071e-01
-2.250785513595759957e-02,8.124115184974642911e-01
-2.236943291612626672e-02,8.122609596264656062e-01
-2.223105545665740937e-02,8.121104156005565233e-01
-2.209272235334370366e-02,8.119598863022785551e-01
-2.195443320530737763e-02,8.118093716147141148e-01
-2.181618761516452079e-02,8.116588714216954603e-01
-2.167798518888988321e-02,8.115083856076854563e-01
-2.153982553582556303e-02,8.113579140578159876e-01
-2.140170826870832141e-02,8.112074566579460244e-01
-2.126363300349837226e-02,8.110570132945025268e-01
-2.112559935948742779e-02,8.109065838546256622e-01
-2.098760695925037945e-02,8.107561682261447134e-01
-2.084965542859203852e-02,8.106057662975464373e-01
-2.071174439654499891e-02,8.104553779579999340e-01
-2.057387349523342318e-02,8.103050030972340778e-01
-2.043604236009626332e-02,8.101546416058087452e-01
-2.029825062961366708e-02,8.100042933748414775e-01
-2.016049794546392188e-02,8.098539582962058780e-01
-2.002278395229242433e-02,8.097036362623039052e-01
-1.988510829795732404e-02,8.095533271663605257e-01
-1.974747063326757687e-02,8.094030309021627012e-01
-1.960987061209595178e-02,8.092527473642080471e-01
-1.947230789129388365e-02,8.091024764476363318e-01
-1.933478213069281595e-02,8.089522180482557889e-01
-1.919729299312206150e-02,8.088019720625875264e-01
-1.905984014423931297e-02,8.086517383877034337e-01
-1.892242325273986447e-02,8.085015169214799791e-01
-1.878504199008462078e-02,8.083513075623238731e-01
-1.864769603066141618e-02,8.082011102093720201e-01
-1.851038505171725967e-02,8.080509247624416691e-01
-1.837310873325184377e-02,8.079007511219359339e-01
-1.823586675808365476e-02,8.077505891889392720e-01
-1.809865881183970321e-02,8.076004388652295862e-01
-1.796148458284159075e-02,8.074503000531751962e-01
-1.782434376222000530e-02,8.073001726558837188e-01
-1.768723604370768185e-02,8.071500565769956781e-01
-1.755016112381274293e-02,8.069999517208977791e-01
-1.741311870169098136e-02,8.068498579926044467e-01
-1.727610847908592900e-02,8.066997752977127512e-01
-1.713913016043624310e-02,8.065497035425426287e-01
-1.700218345275934448e-02,8.063996426340296342e-01
-1.686526806562662142e-02,8.062495924797190572e-01
-1.672838371121617915e-02,8.060995529878447474e-01
-1.659153010419849028e-02,8.059495240672234218e-01
-1.645470696181444356e-02,8.057995056273615786e-01
-1.631791400377251983e-02,8.056494975783625723e-01
-1.618115095225754543e-02,8.054994998309560339e-01
-1.604441753191025374e-02,8.053495122964950959e-01
-1.590771346989488383e-02,8.051995348870514269e-01
-1.577103849565703736e-02,8.050495675151672081e-01
-1.563439234112545470e-02,8.048996100940969400e-01
-1.549777474060927765e-02,8.047496625377136281e-01
-1.536118543079087115e-02,8.045997247605201075e-01
-1.522462415065108446e-02,8.044497966775852049e-01
-1.508809064149850207e-02,8.042998782045943651e-01
-1.495158464700847151e-02,8.041499692579118230e-01
-1.481510591306796354e-02,8.040000697544276154e-01
-1.467865418788933188e-02,8.038501796117010212e-01
-1.454222922186294842e-02,8.037002987478162330e-01
-1.440583076770567822e-02,8.035504270815638783e-01
-1.426945858026246183e-02,8.034005645322399580e-01
-1.413311241664421888e-02,8.032507110198154887e-01
-1.399679203603105757e-02,8.031008664647363293e-01
-1.386049719990033527e-02,8.029510307881925213e-01
-1.372422767178026193e-02,8.028012039118634924e-01
-1.358798321731895936e-02,8.026513857580107603e-01
-1.345176360430208259e-02,8.025015762495140148e-01
-1.331556860260990280e-02,8.023517753098408090e-01
-1.317939798414946920e-02,8.022019828629879390e-01
-1.304325152294689288e-02,8.020521988335994612e-01
-1.290712899496460411e-02,8.019024231467808406e-01
-1.277103017829812892e-02,8.017526557283326527e-01
-1.263495485300404966e-02,8.016028965045766119e-01
-1.249890280103977541e-02,8.014531454023036128e-01
-1.236287380649114462e-02,8.013034023490421820e-01
-1.222686765525698299e-02,8.011536672727240793e-01
-1.209088413525868586e-02,8.010039401019322103e-01
-1.195492303626877889e-02,8.008542207657251000e-01
-1.181898415006455913e-02,8.007045091938231884e-01
-1.168306727016671376e-02,8.005548053163331623e-01
-1.154717219210644324e-02,8.004051090640590393e-01
-1.141129871322297748e-02,8.002554203682927803e-01
-1.127544663264406014e-02,8.001057391608065172e-01
-1.113961575140842708e-02,7.999560653740029892e-01
-1.100380587228203672e-02,7.998063989407260266e-01
-1.086801679990817213e-02,7.996567397944407407e-01
-1.073224834065109740e-02,7.995070878690749838e-01
-1.059650030263529358e-02,7.993574430990754154e-01
-1.046077249580774915e-02,7.992078054194914349e-01
-1.032506473172391942e-02,7.990581747657505840e-01
-1.018937682381274717e-02,7.989085510739665219e-01
-1.005370858704923015e-02,7.987589342805885284e-01
-9.918059838256349653e-03,7.986093243227502247e-01
-9.782430395805466472e-03,7.984597211379502735e-01
-9.646820079746397381e-03,7.983101246642088089e-01
-9.511228711910534039e-03,7.981605348401955569e-01
-9.375656115537072538e-03,7.980109516048278229e-01
-9.240102115718240583e-03,7.978613748977764208e-01
-9.104566538951138627e-03,7.977118046589815048e-01
-8.969049213472041898e-03,7.975622408290355958e-01
-8.833549969024426241e-03,7.974126833489386668e-01
-8.698068636908203033e-03,7.972631321601646448e-01
-8.562605050026483866e-03,7.971135872047254711e-01
-8.427159042741574208e-03,7.969640484250228862e-01
-8.291730451045482841e-03,7.968145157640500464e-01
-8.156319112336187643e-03,7.966649891651547133e-01
-8.020924865535634940e-03,7.965154685721811401e-01
-7.885547551169738018e-03,7.963659539295712131e-01
-7.750187011008179139e-03,7.962164451819759847e-01
-7.614843088497132845e-03,7.960669422747461699e-01
-7.479515628402828853e-03,7.959174451535491190e-01
-7.344204476964700384e-03,7.957679537645486745e-01
-7.208909481827726479e-03,7.956184680543417764e-01
-7.073630492112490536e-03,7.954689879700467259e-01
-6.938367358218077569e-03,7.953195134590953508e-01
-6.803119932030417955e-03,7.951700444694743686e-01
-6.667888066742136410e-03,7.950205809495367593e-01
-6.532671616956628458e-03,7.948711228481269986e-01
-6.397470438598007458e-03,7.947216701144921291e-01
-6.262284388905536153e-03,7.945722226982849801e-01
-6.127113326499820239e-03,7.944227805496487660e-01
-5.991957111276285941e-03,7.942733436191082852e-01
-5.856815604414145060e-03,7.941239118575895706e-01
-5.721688668443886128e-03,7.939744852165053768e-01
-5.586576167109998797e-03,7.938250636476124056e-01
-5.451477965445487156e-03,7.936756471031031213e-01
-5.316393929757950304e-03,7.935262355356004216e-01
-5.181323927593156631e-03,7.933768288981267736e-01
-5.046267827732091316e-03,7.932274271441099867e-01
-4.911225500148611728e-03,7.930780302273459093e-01
-4.776196816041747978e-03,7.929286381020428376e-01
-4.641181647868013876e-03,7.927792507228674790e-01
-4.506179869159777918e-03,7.926298680447514400e-01
-4.371191354772641785e-03,7.924804900231755544e-01
-4.236215980582422325e-03,7.923311166138420347e-01
-4.101253623780901081e-03,7.921817477730117574e-01
-3.966304162537154232e-03,7.920323834571367794e-01
-3.831367476298391805e-03,7.918830236232029529e-01
-3.696443445595627014e-03,7.917336682285232019e-01
-3.561531952049848404e-03,7.915843172307522879e-01
-3.426632878411422362e-03,7.914349705879394348e-01
-3.291746108534644721e-03,7.912856282585076784e-01
-3.156871527349749268e-03,7.911362902012318843e-01
-3.022009020897359344e-03,7.909869563752847110e-01
-2.887158476222683595e-03,7.908376267401270310e-01
-2.752319781489320771e-03,7.906883012556428225e-01
-2.617492825899628978e-03,7.905389798820582348e-01
-2.482677499702802548e-03,7.903896625799587961e-01
-2.347873694090601288e-03,7.902403493101807230e-01
-2.213081301439500520e-03,7.900910400340883655e-01
-2.078300214990926043e-03,7.899417347132264844e-01
-1.943530329057200495e-03,7.897924333095557303e-01
-1.808771538936878448e-03,7.896431357853674893e-01
-1.674023740928818477e-03,7.894938421033059761e-01
-1.539286832256368809e-03,7.893445522262914071e-01
-1.404560711184291155e-03,7.891952661176577788e-01
-1.269845276879073837e-03,7.890459837410044308e-01
-1.135140429421855474e-03,7.888967050602170294e-01
-1.000446069965847673e-03,7.887474300396506433e-01
-8.657621004903477691e-04,7.885981586438630675e-01
-7.310884239079273872e-04,7.884488908377403904e-01
-5.964249440843609473e-04,7.882996265865264141e-01
-4.617715657591128786e-04,7.881503658557411640e-01
-3.271281945964391036e-04,7.880011086112440610e-01
-1.924947371427961074e-04,7.878518548191938420e-01
-5.787110081727220301e-05,7.877026044460441190e-01
7.674280610784484091e-05,7.875533574585279473e-01
2.113470743682066555e-04,7.874041138238200288e-01
3.459417940669048952e-04,7.872548735091420280e-01
4.805270542229851671e-04,7.871056364822716089e-01
6.151029431731118435e-04,7.869564027111021209e-01
7.496695483455440012e-04,7.868071721638999483e-01
8.842269563334725913e-04,7.866579448092295701e-01
1.018775252967962092e-03,7.865087206158782873e-01
1.153314523243364337e-03,7.863594995529447074e-01
1.287844851284018766e-03,7.862102815898830421e-01
1.422366320503472281e-03,7.860610666963310234e-01
1.556879013502578124e-03,7.859118548422294737e-01
1.691383012076986408e-03,7.857626459978197531e-01
1.825878397276256560e-03,7.856134401335834738e-01
1.960365249326571913e-03,7.854642372203353151e-01
2.094843647752805266e-03,7.853150372290915726e-01
2.229313671326397378e-03,7.851658401311344404e-01
2.363775398020049462e-03,7.850166458980678552e-01
2.498228905074915962e-03,7.848674545017486626e-01
2.632674269070652689e-03,7.847182659142132310e-01
2.767111565794219685e-03,7.845690801078297749e-01
2.901540870251448356e-03,7.844198970552905825e-01
3.035962256932374370e-03,7.842707167293214710e-01
3.170375799389727606e-03,7.841215391031572945e-01
3.304781570647209732e-03,7.839723641500914164e-01
3.439179642952917143e-03,7.838231918437562618e-01
3.573570087864085670e-03,7.836740221580341670e-01
3.707952976297685527e-03,7.835248550670054213e-01
3.842328378490245111e-03,7.833756905449984487e-01
3.976696363981221949e-03,7.832265285666130117e-01
4.111057001647641651e-03,7.830773691066873488e-01
4.245410359762738506e-03,7.829282121402365568e-01
4.379756505891882479e-03,7.827790576425742719e-01
4.514095506989664747e-03,7.826299055892087519e-01
4.550929405848730923e-03,7.825890086645501675e-01
4.677792702167005157e-03,7.824692482984335618e-01
4.809670228918174611e-03,7.823447369338517587e-01
4.941385511565789257e-03,7.822203626267492105e-01
5.071220774661516772e-03,7.820977634455187344e-01
5.204692967267846027e-03,7.819716987520540785e-01
5.334772584193077372e-03,7.818488357231092589e-01
5.465950903238526309e-03,7.817249233502188144e-01
5.728102127022589168e-03,7.814772492794124226e-01
5.860890063138116807e-03,7.813517687480329155e-01
5.991588338771069305e-03,7.812282548551583439e-01
6.122099598446412855e-03,7.811049114964093709e-01
6.384819225223138661e-03,7.808565667415772182e-01
6.516954995125598393e-03,7.807316404243390684e-01
6.648239710476702008e-03,7.806075055156201925e-01
6.778115947039860950e-03,7.804847012550067964e-01
7.041371814058321882e-03,7.802357156536501304e-01
7.172887396169405627e-03,7.801113136639606926e-01
7.434446231467117111e-03,7.798638661691376095e-01
7.567607859681919902e-03,7.797378590267771692e-01
7.697759639010929439e-03,7.796146958382108583e-01
7.828686899931387722e-03,7.794907883507991020e-01
8.090735085004418375e-03,7.792427444937009007e-01
8.223323139749664362e-03,7.791172171266421698e-01
8.353982446076338442e-03,7.789935071189446614e-01
8.484353140859095255e-03,7.788700643696070403e-01
8.746858795043537665e-03,7.786214538371086791e-01
8.878904973596814243e-03,7.784963765105580302e-01
9.010039981986135704e-03,7.783721493204280861e-01
9.139885754177339006e-03,7.782491416059957867e-01
9.402817108579323430e-03,7.779999940244890499e-01
9.534352996894136095e-03,7.778753370645334897e-01
9.665931994007715550e-03,7.777506222683155945e-01
9.795536331521029899e-03,7.776277789922720896e-01
9.928768932127931407e-03,7.775014654125341762e-01
1.005860977321710106e-02,7.773783648819759806e-01
1.018966684602327574e-02,7.772540986754965520e-01
1.045122958691981768e-02,7.770060477266795829e-01
1.058399791720857422e-02,7.768801102754465671e-01
1.071423653717763769e-02,7.767565662367026391e-01
1.084484615814070713e-02,7.766326612312329791e-01
1.110675681710465712e-02,7.763841468827819003e-01
1.123909218334532764e-02,7.762585560367155635e-01
1.136969714931143974e-02,7.761345979167847409e-01
1.149989057111389448e-02,7.760110246204451334e-01
1.163261236901727905e-02,7.758850238615878636e-01
1.176211777126367694e-02,7.757620762891707100e-01
1.189405136884761141e-02,7.756368025854419868e-01
1.202499135906221969e-02,7.755124597513525231e-01
1.215479972365341235e-02,7.753891887326248566e-01
1.241731219909718992e-02,7.751398357755286961e-01
1.254887511280340998e-02,7.750148498115779772e-01
1.268011891650469569e-02,7.748901515705129972e-01
1.280957485874994681e-02,7.747671519209042845e-01
1.294289878426279489e-02,7.746404437007374799e-01
1.307233985101768914e-02,7.745174251724361580e-01
1.320356305503673014e-02,7.743926976059646305e-01
1.346450254405910305e-02,7.741446388639617870e-01
1.359750104662544451e-02,7.740181745464348451e-01
1.372720047806723007e-02,7.738948443114471720e-01
1.385811483621865112e-02,7.737703458602257500e-01
1.411926308137086833e-02,7.735219554758179239e-01
1.425196696780919522e-02,7.733957058075660029e-01
1.438189383180413922e-02,7.732720930251941738e-01
1.451253009771824934e-02,7.731477944669080671e-01
1.464449918491056088e-02,7.730222052514771347e-01
1.477385622258051492e-02,7.728991015895766425e-01
1.490629618958762975e-02,7.727730373771096728e-01
1.503641966448214171e-02,7.726491711472160961e-01
1.516680848172271764e-02,7.725250433193658894e-01
1.542828172021806429e-02,7.722760770393040097e-01
1.556048835454180643e-02,7.721501691488608099e-01
1.569077772892671363e-02,7.720260785120721669e-01
1.582094963117772549e-02,7.719020923118161681e-01
1.608253932744700340e-02,7.716528816600264351e-01
1.621454310604452179e-02,7.715271010174442612e-01
1.634496777852751520e-02,7.714028149553473490e-01
1.647495318978589585e-02,7.712789413393388305e-01
1.660737064382564188e-02,7.711527227726743261e-01
1.673662879803091558e-02,7.710295152877607583e-01
1.686846008811917694e-02,7.709038328784496574e-01
1.699898956744555836e-02,7.707793803134520561e-01
1.712881880200268700e-02,7.706555902978794448e-01
1.726132468852114785e-02,7.705292198100310852e-01
1.739054988635723928e-02,7.704059777594884917e-01
1.752223894574522767e-02,7.702803646281360939e-01
1.765284285029340011e-02,7.701557744239239112e-01
1.778254611306393992e-02,7.700320390842207985e-01
1.791511010352016611e-02,7.699055455083330113e-01
1.804430234737668115e-02,7.697822689132105545e-01
1.817587932445461490e-02,7.696566961638189319e-01
1.830652738238005769e-02,7.695319971251931568e-01
1.843613476904321785e-02,7.694082875959282752e-01
1.869788593670929436e-02,7.691583885878443549e-01
1.882938087076943545e-02,7.690328273834466932e-01
1.896004291955354429e-02,7.689080482567278718e-01
1.908958441665777050e-02,7.687843357315320425e-01
1.935130041055438052e-02,7.685343366233070572e-01
1.948274323182068099e-02,7.684087581859684324e-01
1.961338921840360960e-02,7.682839276588402377e-01
1.974289470350181971e-02,7.681601833903038967e-01
2.000454552575395284e-02,7.679101128604511883e-01
2.013596605556354155e-02,7.677844884711222395e-01
2.026656603596186865e-02,7.676596351729687573e-01
2.039606527787962698e-02,7.675358304724152481e-01
2.065762103972450248e-02,7.672857171411289201e-01
2.078904899074944176e-02,7.671600181394635509e-01
2.091957312999466467e-02,7.670351706413963688e-01
2.104909578891575248e-02,7.669112768788298728e-01
2.131052671049054811e-02,7.666611493081563200e-01
2.144199168682566284e-02,7.665353470924588519e-01
2.157241025882967664e-02,7.664105339074142043e-01
2.170198588645843446e-02,7.662865225113955070e-01
2.196326229672462826e-02,7.660364092052730500e-01
2.209479379411377273e-02,7.659104752323125931e-01
2.222507718140396063e-02,7.657857248152716290e-01
2.235473522113277933e-02,7.656615672727909994e-01
2.248686592273931723e-02,7.655350144956950542e-01
2.261582755768452510e-02,7.654114966771993211e-01
2.274745496356276458e-02,7.652854024622038898e-01
2.287757365733007406e-02,7.651607432101116268e-01
2.300734344434027939e-02,7.650364110665257567e-01
2.326822225320418838e-02,7.647864115696427767e-01
2.339997484707730460e-02,7.646601286859687763e-01
2.352989944669689817e-02,7.645355889381583170e-01
2.365981020825694628e-02,7.644110537969397434e-01
2.379155037444428619e-02,7.642847402794725742e-01
2.392044614379832540e-02,7.641611537291947975e-01
2.405235309714770509e-02,7.640346538084553663e-01
2.418205431031074035e-02,7.639102618464842509e-01
2.431213516580552764e-02,7.637854953692295723e-01
2.457249899056718201e-02,7.635357230034198750e-01
2.470458936715006978e-02,7.634089777352324191e-01
2.483403800952624710e-02,7.632847617831685083e-01
2.496431797072396971e-02,7.631597356893797812e-01
2.522438055515901015e-02,7.629101192408892507e-01
2.535668331120211408e-02,7.627831003727284509e-01
2.548585030640828503e-02,7.626590885971394895e-01
2.561635827746792937e-02,7.625337746642559811e-01
2.574729360949093437e-02,7.624080317814343477e-01
2.587609059991331437e-02,7.622843422910393629e-01
2.600863458415674651e-02,7.621570216282348431e-01
2.613749096344435141e-02,7.620332421384496957e-01
2.626825574132189006e-02,7.619076122014974972e-01
2.639886481837203785e-02,7.617821157660461528e-01
2.652785863491571514e-02,7.616581692674053716e-01
2.678895974393087978e-02,7.614072222578995852e-01
2.692001001825738635e-02,7.612812482096501521e-01
2.705026403114951100e-02,7.611560262441483538e-01
2.717955884593221960e-02,7.610317214700070831e-01
2.731154171893991275e-02,7.609048039367140026e-01
2.744025641165159790e-02,7.607810288073463267e-01
2.757162076507537612e-02,7.606546825980301518e-01
2.770149101198469965e-02,7.605297630679884735e-01
2.783111535591782995e-02,7.604050719982362594e-01
2.796269895272469885e-02,7.602784709877592473e-01
2.809138073102757441e-02,7.601546616395555844e-01
2.822308763933883274e-02,7.600279152767851487e-01
2.835254552557929866e-02,7.599033260908147902e-01
2.848252782281114961e-02,7.597782207626392337e-01
2.861368360046263881e-02,7.596519641543010293e-01
2.874233246706483363e-02,7.595281206082503678e-01
2.887441029935410020e-02,7.594009461569128927e-01
2.900342733721196151e-02,7.592767151668402548e-01
2.913379590530063012e-02,7.591511676746057757e-01
2.926449542782270929e-02,7.590252832909269998e-01
2.939316286521541713e-02,7.589013555397512434e-01
2.965413621284480883e-02,7.586499301511343551e-01
2.978491926278244856e-02,7.585239126464060622e-01
2.991513420105055762e-02,7.583984282531837096e-01
3.004423139082908895e-02,7.582740164587822296e-01
3.017610531979305483e-02,7.581468998484962585e-01
3.030467191902427859e-02,7.580229708997187066e-01
3.043589755559326926e-02,7.578964555909654122e-01
3.056559968686562573e-02,7.577713988976751969e-01
3.069515468246441364e-02,7.576464752978313566e-01
3.082650052577134633e-02,7.575198003427087157e-01
3.095503422282227385e-02,7.573958372696204533e-01
3.108673044473509242e-02,7.572687964221291868e-01
3.121589165272552549e-02,7.571441950818040834e-01
3.134593240153045468e-02,7.570187319711085827e-01
3.147672209436663815e-02,7.568925262951075039e-01
3.160522289205308644e-02,7.567685291186594387e-01
3.173741759187158340e-02,7.566409350546642321e-01
3.186600986675412056e-02,7.565168166638381875e-01
3.199656421009994256e-02,7.563907863937430198e-01
3.212676979394257781e-02,7.562650775644756962e-01
3.225569180344203812e-02,7.561406039390122791e-01
3.251595409753195443e-02,7.558892635031116969e-01
3.264704977111628631e-02,7.557626384815812060e-01
3.277664339342768046e-02,7.556374540105559312e-01
3.290612177396370214e-02,7.555123717350590296e-01
3.303730555283039549e-02,7.553856178027953394e-01
3.316572411431736866e-02,7.552615354598077868e-01
3.329738874823257033e-02,7.551342881513409822e-01
3.342634266233727308e-02,7.550096554940275428e-01
3.355640499301352359e-02,7.548839370620054057e-01
3.368693401501966778e-02,7.547577487679075769e-01
3.381540200400019736e-02,7.546335521010939518e-01
3.394749814261067977e-02,7.545058152563717258e-01
3.407586737083907746e-02,7.543816818764390586e-01
3.420654112536054836e-02,7.542552998378014850e-01
3.433638780065867424e-02,7.541297045526127452e-01
3.446548212770152164e-02,7.540048304536725032e-01
3.472521728966725812e-02,7.537535330202906891e-01
3.485652983662697324e-02,7.536264599811269838e-01
3.498566668078696706e-02,7.535014850198564762e-01
3.511541466362481934e-02,7.533759061237890187e-01
3.524608872962445988e-02,7.532494101447201329e-01
3.537439219019979791e-02,7.531252087889552804e-01
3.550637079311114858e-02,7.529974174115601215e-01
3.563477042706663517e-02,7.528730900334769105e-01
3.576519927848316460e-02,7.527467790313746576e-01
3.589512126328138486e-02,7.526209443589837456e-01
3.602400823933515212e-02,7.524961066737319015e-01
3.615544466933306306e-02,7.523687717407983033e-01
3.628369881174416112e-02,7.522445194582393357e-01
3.641483563974569349e-02,7.521174490971792581e-01
3.654397832020793435e-02,7.519923029066460929e-01
3.667358801033069465e-02,7.518666921383126978e-01
3.680423034034738250e-02,7.517400593673921882e-01
3.693245160765332158e-02,7.516157731598310798e-01
3.706432341567935523e-02,7.514879162427300363e-01
3.719265967357485159e-02,7.513634856538048412e-01
3.732301903055262882e-02,7.512370746340614192e-01
3.745284019316366675e-02,7.511111711163658278e-01
3.758169491459655009e-02,7.509861989730851617e-01
3.784116509712151522e-02,7.507344924674940190e-01
3.797230096943801647e-02,7.506072540836716822e-01
3.810127400173901613e-02,7.504821068552782748e-01
3.823091985048537866e-02,7.503562936959804475e-01
3.836135527287642955e-02,7.502296941438537647e-01
3.848951887749851863e-02,7.501052992107043460e-01
3.874953154078598916e-02,7.498528664524384268e-01
3.887999521064244152e-02,7.497261852487049349e-01
3.900954102519957334e-02,7.496003825468788850e-01
3.913853698819223792e-02,7.494751059606651333e-01
3.939761258546532752e-02,7.492234497772035651e-01
3.952892066645444236e-02,7.490958735559043458e-01
3.965755016952693390e-02,7.489708946019780766e-01
3.978740503056801825e-02,7.488447094180781249e-01
3.991745997571161109e-02,7.487183122175209427e-01
4.004586933610182475e-02,7.485935111097047345e-01
4.017734197501783566e-02,7.484657025998270319e-01
4.030538248197729212e-02,7.483412301797887078e-01
4.043612267702990926e-02,7.482141095088956639e-01
4.056522021714839554e-02,7.480885764079794331e-01
4.069452932397464584e-02,7.479628262761814916e-01
4.074316397226752234e-02,7.479155219897962725e-01
4.145377473373322574e-02,7.475339565362616456e-01
4.154343785288876212e-02,7.474856643926688360e-01
4.301224802384968904e-02,7.466921561124507667e-01
4.310190679791692236e-02,7.466435712153663973e-01
4.456868921825060670e-02,7.458463209177050857e-01
4.465834277654412432e-02,7.457974425607235558e-01
4.612308519850399913e-02,7.449964504632246021e-01
4.621273266477446406e-02,7.449472779406079992e-01
4.767542281109724001e-02,7.441425442974808346e-01
4.776506326492335058e-02,7.440930769255439392e-01
4.922568882924551609e-02,7.432846020297251277e-01
4.931532139915852792e-02,7.432348390956401429e-01
5.077387004551672106e-02,7.424226232763587729e-01
5.086349387562604657e-02,7.423725640559550865e-01
5.231995323830703620e-02,7.415566076778994375e-01
5.240956742656292106e-02,7.415062514701149521e-01
5.386392511055116544e-02,7.406865549356439482e-01
5.395352874870696508e-02,7.406359010405646481e-01
5.540577232973951244e-02,7.398124647899630979e-01
5.549536450321223419e-02,7.397615125089280763e-01
5.694548152783789757e-02,7.389343370206676864e-01
5.703506131557005421e-02,7.388830856563767258e-01
5.848303930121188932e-02,7.380521714473834427e-01
5.857260577553803638e-02,7.380006203040042623e-01
6.001843221056017696e-02,7.371659679299311652e-01
6.010798443714522599e-02,7.371141163131682550e-01
6.155164678092188424e-02,7.362757263686713349e-01
6.164118381861906359e-02,7.362235735858824182e-01
6.308266950160758280e-02,7.353814467049026860e-01
6.317219040234559047e-02,7.353289920652020806e-01
6.461148682616393857e-02,7.344831289212522263e-01
6.470099063490404590e-02,7.344303717355740169e-01
6.613808517240880869e-02,7.335807730420280670e-01
6.622757092702542814e-02,7.335277126232372380e-01
6.766245092239676906e-02,7.326743791336237654e-01
6.775191765359314666e-02,7.326210147966076836e-01
6.918457042241951682e-02,7.317639473049089016e-01
6.927401715365771873e-02,7.317102783666633581e-01
7.070442998302658988e-02,7.308494777076156579e-01
7.079385573045286761e-02,7.307955034873342415e-01
7.222201587904313047e-02,7.299309705367330592e-01
7.231141965142026673e-02,7.298766903558954189e-01
7.373731434959743258e-02,7.290084260309034336e-01
7.382669514822406964e-02,7.289538392133719791e-01
7.525031159814085657e-02,7.280818444728298644e-01
7.533966841678882420e-02,7.280269503449381396e-01
7.676099379248607635e-02,7.271512261896799778e-01
7.685032561736243606e-02,7.270960240803071573e-01
7.826934706487612137e-02,7.262165715534756316e-01
7.835865287450420602e-02,7.261610607941727524e-01
7.977535751197280256e-02,7.252778809815423333e-01
7.986463627723258685e-02,7.252220609065613832e-01
8.127901119500949290e-02,7.243351549368575171e-01
8.136826187899434681e-02,7.242790248832960964e-01
8.278029413976384365e-02,7.233883939285219444e-01
8.286951569773623461e-02,7.233319532364084203e-01
8.427919233663022647e-02,7.224375985121753718e-01
8.436838371604379883e-02,7.223808465245135091e-01
8.577569174076452030e-02,7.214827692903676981e-01
8.586485188113270051e-02,7.214257053532791009e-01
8.726977827207733907e-02,7.205239069130371377e-01
8.735890610496818698e-02,7.204665303758260864e-01
8.876143781535636434e-02,7.195610120779099006e-01
8.885053226434370954e-02,7.195033222931570549e-01
9.025065622034943169e-02,7.185940855309310704e-01
9.033971620096006849e-02,7.185360818545915018e-01
9.173741930184567406e-02,7.176231280667033641e-01
9.182644372153042633e-02,7.175648098581900447e-01
9.322171283978455958e-02,7.166481405289123474e-01
9.331070060270693634e-02,7.165895071479982947e-01
9.470352258415132285e-02,7.156691238073057404e-01
9.479247261851553308e-02,7.156101745959353444e-01
9.618283428222204612e-02,7.146860788180611213e-01
9.627174544562948355e-02,7.146268131630657550e-01
9.765963358452527110e-02,7.136990065702850661e-01
9.774850474384137733e-02,7.136394238509555787e-01
9.913390612472654240e-02,7.127079081129840121e-01
9.922273614661029917e-02,7.126480077072109287e-01
1.006056375102523798e-01,7.117127845411130860e-01
1.006944252530300177e-01,7.116525658308303637e-01
1.020748133143241365e-01,7.107136370013745763e-01
1.021635576279753405e-01,7.106530993726438705e-01
1.035414190761046044e-01,7.097104666926599137e-01
1.036301188460881928e-01,7.096496095055909725e-01
1.050054403444051626e-01,7.087032748338270016e-01
1.050940944218679979e-01,7.086420974700825548e-01
1.064668626082514724e-01,7.076920627129988928e-01
1.065554697663947947e-01,7.076305646067531097e-01
1.079256712538700647e-01,7.066768317228637741e-01
1.080142303088780231e-01,7.066150122776160281e-01
1.093818516854468681e-01,7.056575832749373278e-01
1.094703614451955631e-01,7.055954418986799537e-01
1.108353892740148172e-01,7.046343188350856490e-01
1.109238486101317839e-01,7.045718548893532551e-01
1.122862694292659363e-01,7.036070398687181982e-01
1.123746771359080826e-01,7.035442527677826519e-01
1.137344774589597873e-01,7.025757479443094367e-01
1.138228322534455272e-01,7.025126371562095962e-01
1.151799985701409818e-01,7.015404447388238207e-01
1.152682992261294670e-01,7.014770096909087593e-01
1.166228180021093019e-01,7.005011319398621872e-01
1.167110633548016085e-01,7.004373720137794246e-01
1.180629210314362298e-01,6.994578112368363687e-01
1.181511098799396808e-01,6.993937258383152722e-01
1.195002928747179033e-01,6.984104843926827177e-01
1.195884238660108040e-01,6.983460730372341718e-01
1.209349185735274362e-01,6.973591533385300467e-01
1.210229904533015599e-01,6.972944154696366637e-01
1.223667832448556148e-01,6.963038199858948563e-01
1.224547948852633961e-01,6.962387549522850438e-01
1.237958721083982222e-01,6.952444861960876965e-01
1.238838221473432394e-01,6.951790935179178454e-01
1.252221701272543952e-01,6.941811540603990416e-01
1.253100572229799703e-01,6.941154332432196705e-01
1.266456622625460882e-01,6.931138257127756885e-01
1.267334852451459937e-01,6.930477761327509256e-01
1.280663336242861550e-01,6.920425032043084901e-01
1.281540911897001978e-01,6.919761243365457615e-01
1.294841691662473315e-01,6.909671887395781864e-01
1.295718598857392712e-01,6.909004801536959839e-01
1.308991536961804092e-01,6.898878846798740527e-01
1.309867763928422857e-01,6.898208457537577942e-01
1.323112722513811734e-01,6.888045932410779004e-01
1.323988255862938168e-01,6.887372234746322874e-01
1.337205096858160303e-01,6.877173168172987516e-01
1.338079922026333135e-01,6.876496158013050142e-01
1.351268507153760290e-01,6.866260579570625522e-01
1.352142612666881738e-01,6.865580250429105247e-01
1.365302803432046352e-01,6.855308190132234358e-01
1.366176174530898402e-01,6.854624538063516237e-01
1.379307832238119425e-01,6.844316026571155565e-01
1.380180455163427800e-01,6.843629046859509568e-01
1.393283440913776761e-01,6.833284115410077630e-01
1.394155303626612996e-01,6.832593801974471415e-01
1.407229478314395432e-01,6.822212482271714507e-01
1.408100564909900154e-01,6.821518832086950201e-01
1.421145789238703883e-01,6.811101156549471680e-01
1.422016087914955984e-01,6.810404163333078076e-01
1.435032222386077305e-01,6.799950164824382082e-01
1.435901717918609821e-01,6.799249825020685645e-01
1.448888622845055651e-01,6.788759537071541450e-01
1.449757301556582056e-01,6.788055845892128071e-01
1.462714837060521689e-01,6.777529302597002925e-01
1.463582685581655274e-01,6.776822254996738293e-01
1.476510711596562553e-01,6.766259490990277348e-01
1.477377714351468807e-01,6.765549083725259649e-01
1.490276090630825168e-01,6.754950134328588929e-01
1.491142235254664661e-01,6.754236361529895039e-01
1.504010821366451034e-01,6.743601262531452312e-01
1.504876091413214767e-01,6.742884121689678434e-01
1.517714746752842625e-01,6.732212909620218788e-01
1.518579130026571355e-01,6.731492394716949157e-01
1.531387713810038742e-01,6.720785106556745880e-01
1.532251193568674452e-01,6.720061215357688855e-01
1.545029564845336045e-01,6.709317888846946243e-01
1.545892128731911619e-01,6.708590615458215334e-01
1.558640146378890701e-01,6.697811288791036821e-01
1.559501777525141020e-01,6.697080631118237370e-01
1.572219300258652919e-01,6.686265343254711446e-01
1.573079986049519818e-01,6.685531295615285696e-01
1.585766872421117968e-01,6.674680085980525535e-01
1.586626595961437847e-01,6.673942646339636742e-01
1.599282704367582242e-01,6.663055555123728046e-01
1.600141452606191339e-01,6.662314718169919381e-01
1.612766641286629554e-01,6.651391786051953359e-01
1.613624397625059992e-01,6.650647549532842095e-01
1.626218524670262067e-01,6.639688817932305476e-01
1.627075275095404838e-01,6.638941177375020652e-01
1.639638198447485318e-01,6.627946688263082198e-01
1.640493927424303000e-01,6.627195640524036202e-01
1.653025504882055241e-01,6.616165436530699884e-01
1.653880196652915968e-01,6.615410978682819687e-01
1.666380285875120881e-01,6.604345103111528559e-01
1.667233926274965528e-01,6.603587230833118937e-01
1.679702384784001745e-01,6.592485727539612039e-01
1.680554956747752349e-01,6.591724439096001698e-01
1.692991641933459523e-01,6.580587352701680048e-01
1.693843131443026895e-01,6.579822643662738280e-01
1.706247900566796316e-01,6.568650019323724054e-01
1.707098291226666065e-01,6.567881887398251406e-01
1.719471001425066647e-01,6.556673770981028548e-01
1.720320277306150170e-01,6.555902213486720642e-01
1.732660785594582753e-01,6.544658651531073401e-01
1.733508931938650965e-01,6.543883664736261929e-01
1.745817095216770920e-01,6.532604704361498760e-01
1.746664094948293666e-01,6.531826286668471759e-01
1.758939770001846092e-01,6.520511975749692102e-01
1.759785607768840632e-01,6.519730124009565086e-01
1.772028651275552313e-01,6.508380511041250704e-01
1.772873311460633761e-01,6.507595222361903797e-01
1.785083579994775071e-01,6.496210356474235725e-01
1.785927045501409793e-01,6.495421629364901417e-01
1.798104395535415345e-01,6.484001560438449330e-01
1.798946650696440497e-01,6.483209392105725444e-01
1.811090938607776424e-01,6.471754170654892002e-01
1.811931967475181038e-01,6.470958558585849785e-01
1.824043049550850282e-01,6.459468235776952838e-01
1.824882835205138554e-01,6.458669178405138656e-01
1.836960567643864950e-01,6.447143806132250576e-01
1.837799093535731065e-01,6.446341301576207217e-01
1.849843332453216527e-01,6.434780932428545430e-01
1.850680582599130986e-01,6.433974978292269498e-01
1.862691184034737935e-01,6.422379665503501478e-01
1.863527141730661474e-01,6.421570260109045192e-01
1.875503961650343554e-01,6.409940057613084941e-01
1.876338609671235891e-01,6.409127199825395138e-01
1.888281503970290209e-01,6.397462162297664623e-01
1.889114825852189761e-01,6.396645850279407686e-01
1.901023650362906880e-01,6.384946033069290872e-01
1.901855629431780659e-01,6.384126265218371676e-01
1.913730239928072840e-01,6.372391724362799215e-01
1.914560859197918796e-01,6.371568499419134612e-01
1.926401111399279331e-01,6.359799291665660936e-01
1.927230353648662631e-01,6.358972608643232993e-01
1.939036103224207330e-01,6.347168791467299176e-01
1.939863951240720086e-01,6.346338649414814403e-01
1.951635053814329834e-01,6.334500281015872369e-01
1.952461490711427938e-01,6.333666678695644148e-01
1.964197801868962645e-01,6.321793817964298512e-01
1.965022810366781059e-01,6.320956754574043046e-01
1.976724185659670396e-01,6.309049461122981928e-01
1.977547748398891525e-01,6.308208935985870625e-01
1.989214043349251948e-01,6.296267270153325102e-01
1.990036142895995341e-01,6.295423282715028046e-01
2.001667213001811219e-01,6.283447305567838592e-01
2.002487831730252188e-01,6.282599855520083487e-01
2.014083532469789495e-01,6.270589628867799803e-01
2.014902652888136414e-01,6.269738715814360264e-01
2.026462839726624332e-01,6.257694302193028690e-01
2.027280444270023740e-01,6.256839925862435203e-01
2.038804972665186899e-01,6.244761388537223290e-01
2.039621043605484019e-01,6.243903548879928822e-01
2.051109769012416650e-01,6.231790951856470695e-01
2.051924288550123487e-01,6.230929648952208133e-01
2.063377066426795858e-01,6.218783056979478863e-01
2.064190016690743146e-01,6.217918291039720158e-01
2.075606702503604573e-01,6.205737769612926780e-01
2.076418065551660086e-01,6.204869540982280718e-01
2.087798514781282755e-01,6.192655156345738821e-01
2.088608272600585569e-01,6.191783465503868378e-01
2.096388882741487270e-01,6.183382747269821067e-01
2.104228411870721904e-01,6.175776398052303939e-01
2.105166794257471718e-01,6.174862940110764642e-01
2.117110298688378855e-01,6.163198529914748480e-01
2.118047336357770649e-01,6.162280381764996262e-01
2.129952520739891164e-01,6.150576863196915989e-01
2.130888194900912580e-01,6.149654011291538769e-01
2.142754862938516525e-01,6.137911441238443899e-01
2.143689153250236679e-01,6.136983873392307665e-01
2.155517108110018842e-01,6.125202309618690277e-01
2.156449994756917676e-01,6.124270012972967692e-01
2.168239039063664664e-01,6.112449514075742885e-01
2.169170502487902386e-01,6.111512475345189932e-01
2.180920438322188903e-01,6.099653100727446819e-01
2.181850459292352107e-01,6.098711306115957020e-01
2.193561088188666630e-01,6.086813115953304543e-01
2.194489645475138362e-01,6.085866553514160948e-01
2.206160768428449548e-01,6.073929608909551803e-01
2.207087841595249400e-01,6.072978265732408287e-01
2.218719259056214366e-01,6.061002628647647050e-01
2.219644828805202030e-01,6.060046490468776748e-01
2.231236340676019114e-01,6.048032223622940018e-01
2.232160385652802725e-01,6.047071278112157167e-01
2.243711791293003244e-01,6.035018445144278987e-01
2.244634290060603388e-01,6.034052679896479976e-01
2.256145388285435427e-01,6.021961345368187501e-01
2.257066321171015688e-01,6.020990745947210065e-01
2.268536910246675697e-01,6.008860975185247311e-01
2.269456255506436537e-01,6.007885529137497738e-01
2.280886133154424456e-01,5.995717388402098669e-01
2.281803868755611919e-01,5.994737083413369527e-01
2.293192832151581262e-01,5.982530639918494098e-01
2.294108938225511707e-01,5.981545461170973965e-01
2.305456783995982750e-01,5.969300782885709200e-01
2.306371237556633369e-01,5.968310718709631812e-01
2.317677761782520052e-01,5.956027874625182683e-01
2.318590541232509461e-01,5.955032911677323737e-01
2.329855539446533952e-01,5.942711971677208105e-01
2.330766623784502611e-01,5.941712095755528056e-01
2.341989890971559740e-01,5.929353130550577555e-01
2.342899256369207206e-01,5.928348330359294316e-01
2.354080586965959232e-01,5.915951411739225341e-01
2.354988212939306547e-01,5.914941672098846803e-01
2.366127400834959482e-01,5.902506872613189071e-01
2.367033263220194861e-01,5.901492182220786642e-01
2.378130101754325487e-01,5.889019575514138349e-01
2.379034179071619626e-01,5.887999919874533639e-01
2.390088461036589118e-01,5.875489580423421954e-01
2.390990729721259034e-01,5.874464947171809115e-01
2.402002247359806275e-01,5.861916950473976540e-01
2.402902684566557978e-01,5.860887326231495331e-01
2.413871229572993049e-01,5.848301748726992821e-01
2.414769812238743152e-01,5.847267120147167097e-01
2.425695175759123579e-01,5.834644039228489287e-01
2.426591880083778241e-01,5.833604393601513616e-01
2.437473852714244771e-01,5.820943887676928163e-01
2.438368655521784834e-01,5.819899211356340807e-01
2.449207027311142149e-01,5.807201359775647775e-01
2.450099904476951140e-01,5.806151639999740377e-01
2.460894464924119340e-01,5.793416523139710561e-01
2.461785392558197283e-01,5.792361746655922961e-01
2.472535930613664334e-01,5.779589445885008336e-01
2.473424884815575153e-01,5.778529599224581093e-01
2.484131188882977292e-01,5.765720196890510296e-01
2.485018144589690170e-01,5.764655267747925693e-01
2.485942160468163353e-01,5.763541925536733723e-01
2.489253396396515217e-01,5.760348208881066467e-01
2.489705294691824111e-01,5.759911663321451991e-01
2.493298657546652586e-01,5.756434920844198944e-01
2.493749869560449861e-01,5.755997665983382250e-01
2.497337766730078068e-01,5.752515283356538500e-01
2.497788291349344603e-01,5.752077320273107919e-01
2.501370713980993754e-01,5.748589306089101347e-01
2.501820550093811213e-01,5.748150635863975566e-01
2.505397489348209494e-01,5.744656998729137376e-01
2.505846635844806158e-01,5.744217622444538485e-01
2.509418082896213154e-01,5.740718370979068785e-01
2.509866538668352742e-01,5.740278289719127347e-01
2.513432484704574144e-01,5.736773432557084051e-01
2.513880248645672943e-01,5.736332647407718088e-01
2.517440684868095246e-01,5.732822193196984717e-01
2.517887755873394195e-01,5.732380705245736507e-01
2.521442673496992470e-01,5.728864662648012196e-01
2.521889050463338444e-01,5.728422472984256997e-01
2.525438440716708532e-01,5.724900850675026520e-01
2.525884122542778054e-01,5.724457960389758293e-01
2.529427976668149336e-01,5.720930767058276523e-01
2.529872962254243185e-01,5.720487177244305554e-01
2.533411271507511886e-01,5.716954421593567481e-01
2.533855559755661124e-01,5.716510133345419353e-01
2.537388315406398087e-01,5.712971824092151207e-01
2.537831905220368500e-01,5.712526838506057913e-01
2.541359098551851936e-01,5.708982984380684966e-01
2.541801988837087412e-01,5.708537302554648196e-01
2.545323611146317888e-01,5.704987912301279218e-01
2.545765800810126933e-01,5.704541535334878288e-01
2.549281843407851800e-01,5.700986617711278903e-01
2.549723331359101119e-01,5.700539546705978289e-01
2.553233785569833381e-01,5.696979110483556541e-01
2.553674570719208781e-01,5.696531346542448304e-01
2.557179427881252631e-01,5.692965400506225793e-01
2.557619509141130232e-01,5.692516944734150597e-01
2.561118760606598821e-01,5.688945497682745822e-01
2.561558136891217141e-01,5.688496351186129729e-01
2.565051774026056441e-01,5.684919411931730338e-01
2.565490444251228297e-01,5.684469575818866804e-01
2.568978458435234313e-01,5.680887153187217375e-01
2.569416421518576077e-01,5.680436628568040769e-01
2.572898804145420937e-01,5.676848731398412840e-01
2.573336059006295362e-01,5.676397519384556167e-01
2.576812801483546744e-01,5.672804156529729358e-01
2.577249347043211736e-01,5.672352258234368838e-01
2.580720440792353410e-01,5.668753438560605318e-01
2.581156275973384151e-01,5.668300855099056568e-01
2.584621712429836515e-01,5.664696587486092172e-01
2.585056836157210158e-01,5.664243319974686663e-01
2.588516606770353556e-01,5.660633613315688706e-01
2.588951017970154145e-01,5.660179662873126016e-01
2.592405114203348293e-01,5.656564526074688848e-01
2.592838811803861998e-01,5.656109893820885359e-01
2.596287225134468746e-01,5.652489335802998172e-01
2.596720208065510516e-01,5.652034022859797613e-01
2.600162929984909943e-01,5.648408052555831116e-01
2.600595197178209306e-01,5.647952060046598222e-01
2.604032219191831365e-01,5.644320686403269116e-01
2.604463769580824817e-01,5.643864015453103899e-01
2.607895083208156550e-01,5.640227247430467106e-01
2.608325915727890965e-01,5.639769899166314771e-01
2.611751512502507588e-01,5.636127745737735673e-01
2.612181626090076536e-01,5.635669721287921430e-01
2.615601497559659205e-01,5.632022191440050340e-01
2.616030891153794391e-01,5.631563491934707955e-01
2.619445028880150739e-01,5.627910594667461242e-01
2.619873701421386869e-01,5.627451221238364276e-01
2.623282096980469325e-01,5.623792965564903268e-01
2.623710047410940938e-01,5.623332919345680470e-01
2.627112692392873927e-01,5.619669314292389251e-01
2.627539919656811662e-01,5.619208596417992752e-01
2.630936805665906597e-01,5.615539651024451517e-01
2.631363308709186999e-01,5.615078262631635342e-01
2.634754427363966145e-01,5.611403985950599305e-01
2.635180205134156073e-01,5.610941928177880511e-01
2.638565548067369204e-01,5.607262329275265467e-01
2.638990599513818536e-01,5.606799603262819787e-01
2.642370158372470135e-01,5.603114691217671028e-01
2.642794482446632065e-01,5.602651298106982036e-01
2.646168248891996311e-01,5.598961082011451040e-01
2.646591844546743455e-01,5.598497022946059554e-01
2.649959810254387538e-01,5.594801511905387326e-01
2.650382676444529295e-01,5.594336788030325192e-01
2.653744833104330625e-01,5.590635991162821172e-01
2.654166968786593195e-01,5.590170603624630141e-01
2.657523308102766046e-01,5.586464530061640010e-01
2.657944712235424389e-01,5.585998480008779188e-01
2.661295225926534891e-01,5.582287138894672651e-01
2.661715897469931202e-01,5.581820427476948954e-01
2.665060577268920650e-01,5.578103827969089767e-01
2.665480515185107979e-01,5.577636456338045390e-01
2.668819352839308934e-01,5.573914607606774707e-01
2.669238556091974024e-01,5.573446576915780382e-01
2.672571543363140290e-01,5.569719488144388997e-01
2.672990010918184778e-01,5.569250799547990072e-01
2.676317139582498061e-01,5.565518479932698437e-01
2.676734870407115330e-01,5.565049134587650714e-01
2.680056132255217993e-01,5.561311593337588954e-01
2.680473125318907357e-01,5.560841592401721822e-01
2.683788512155915740e-01,5.557098838738899760e-01
2.684204766429708067e-01,5.556628183371984386e-01
2.687514270075235800e-01,5.552880226531273777e-01
2.687929784532108735e-01,5.552408917894554596e-01
2.691233396820282286e-01,5.548655767123668037e-01
2.691648170434934317e-01,5.548183806380121430e-01
2.694945883214420190e-01,5.544425470939584599e-01
2.695359914963491033e-01,5.543952859253669097e-01
2.698651720097510198e-01,5.540189348416800774e-01
2.699065008959317669e-01,5.539716086954751262e-01
2.702350898325669992e-01,5.535947410007641123e-01
2.702763443280666866e-01,5.535473499936952591e-01
2.706043408771743874e-01,5.531699666178435670e-01
2.706455208801788470e-01,5.531225108668695878e-01
2.709729242324603882e-01,5.527446127410332588e-01
2.710140296413764416e-01,5.526970923632298360e-01
2.713408389889965244e-01,5.523186804198348954e-01
2.713818697024005799e-01,5.522710955324541260e-01
2.717080842389896222e-01,5.518921707051942516e-01
2.717490401556301172e-01,5.518445214256612052e-01
2.720746590762861405e-01,5.514650846494960623e-01
2.721155400951228431e-01,5.514173710953640395e-01
2.724405625964135269e-01,5.510374233065159499e-01
2.724813686165662441e-01,5.509896455955254346e-01
2.728057938965309237e-01,5.506091877314779337e-01
2.728465248173262969e-01,5.505613459815020816e-01
2.731703520754779069e-01,5.501803789809968093e-01
2.732110077964014505e-01,5.501324733100981801e-01
2.735342362337281896e-01,5.497509981131338819e-01
2.735748166544761384e-01,5.497030286395029330e-01
2.738974454734442454e-01,5.493210461873312411e-01
2.739379504938877496e-01,5.492730130293287383e-01
2.742599788984425024e-01,5.488905242644536164e-01
2.743004084186379532e-01,5.488424275405983099e-01
2.746218356142063333e-01,5.484594334067727228e-01
2.746621895343949737e-01,5.484112732357420139e-01
2.749830147278873871e-01,5.480277746779659287e-01
2.750232929485106892e-01,5.479795511785773288e-01
2.753435153483228537e-01,5.475955491430950506e-01
2.753837177699797745e-01,5.475472624343574735e-01
2.757033365859946072e-01,5.471627578686563131e-01
2.757434631095044275e-01,5.471144080696948020e-01
2.760624775530944319e-01,5.467294019225013013e-01
2.761025280794470738e-01,5.466809891526163145e-01
2.764209373634756717e-01,5.462954823738949139e-01
2.764609117938476857e-01,5.462470067525435624e-01
2.767787151326718265e-01,5.458610002934937144e-01
2.768186133684242822e-01,5.458124619402919819e-01
2.771358099778956086e-01,5.454259567533467079e-01
2.771756319205996855e-01,5.453773557880385869e-01
2.774922210180671978e-01,5.449903528268605912e-01
2.775319665694507831e-01,5.449416893693830310e-01
2.778479473737623384e-01,5.445541895888638129e-01
2.778876164357613199e-01,5.445054637592839919e-01
2.782029881672657967e-01,5.441174681155407367e-01
2.782425806420101844e-01,5.440686800340730489e-01
2.785573425225589816e-01,5.436801894844464078e-01
2.785968583123406006e-01,5.436313392714925419e-01
2.789110095652901355e-01,5.432423547745445225e-01
2.789504485726242988e-01,5.431934425506168562e-01
2.792639884228377278e-01,5.428039650661277138e-01
2.793033505504065039e-01,5.427549909519200355e-01
2.796162782242552769e-01,5.423650214408868298e-01
2.796555633749304715e-01,5.423159855572453614e-01
2.799678781002966077e-01,5.419255249818794029e-01
2.800070861771578601e-01,5.418764274497804845e-01
2.803187871834360578e-01,5.414854767735038932e-01
2.803579180897293188e-01,5.414363177141058303e-01
2.806690046078281209e-01,5.410448779015509801e-01
2.807080582470090624e-01,5.409956574361397541e-01
2.810185295093535207e-01,5.406037294531452764e-01
2.810575057850610570e-01,5.405544477031677397e-01
2.813673610255940094e-01,5.401620325167771908e-01
2.814062598416559591e-01,5.401126896038336289e-01
2.817154982958406939e-01,5.397197881822920484e-01
2.817543195562774438e-01,5.396703842281320718e-01
2.820629404610985325e-01,5.392769975408850947e-01
2.821016840701242590e-01,5.392275326674059732e-01
2.824096866640903869e-01,5.388336616850959437e-01
2.824483525261095029e-01,5.387841360143466041e-01
2.827557360492549687e-01,5.383897817088110216e-01
2.827943240688618465e-01,5.383401953629930459e-01
2.831010877627484490e-01,5.379453587072617893e-01
2.831395978447304174e-01,5.378957118087250855e-01
2.834457409524489546e-01,5.375003937770187479e-01
2.834841730017885197e-01,5.374506864482595514e-01
2.837896947679615089e-01,5.370548880159857763e-01
2.838280486898271393e-01,5.370051203796571970e-01
2.841329483606099271e-01,5.366088425234094572e-01
2.841712240603764261e-01,5.365590147022961665e-01
2.844755008834594090e-01,5.361622583998504332e-01
2.845136982666711667e-01,5.361123705169161813e-01
2.848173514912815119e-01,5.357151367472294812e-01
2.848554704637028534e-01,5.356651889255510390e-01
2.851584993406064417e-01,5.352674786687580122e-01
2.851965398081780512e-01,5.352174710315827921e-01
2.854989435896811978e-01,5.348192852689940269e-01
2.855369054585429889e-01,5.347692179397094403e-01
2.858386833984944975e-01,5.343705576538085866e-01
2.858765665749734008e-01,5.343204307559586974e-01
2.861777179287660067e-01,5.339212969304008016e-01
2.862155223193950104e-01,5.338711105876609020e-01
2.865160463439681005e-01,5.334715042072684099e-01
2.865537718554691526e-01,5.334212585434675580e-01
2.868536678093091541e-01,5.330211805942299819e-01
2.868913143485961048e-01,5.329708757333472269e-01
2.871905814917398159e-01,5.325703272024168156e-01
2.872281489659212483e-01,5.325199632685776452e-01
2.875267865599565043e-01,5.321189451442684959e-01
2.875642748763495571e-01,5.320685222617258514e-01
2.878622821844179502e-01,5.316670355335098019e-01
2.878996912505061290e-01,5.316165538267011437e-01
2.881970675373043411e-01,5.312145994852069952e-01
2.882343972607998017e-01,5.311640590786702587e-01
2.885311417925812139e-01,5.307616381156804453e-01
2.885683920813716385e-01,5.307110391341256506e-01
2.888645041259486623e-01,5.303081525425737963e-01
2.889016748881128582e-01,5.302574951108622869e-01
2.891971537148585458e-01,5.298541438848312080e-01
2.892342448586979753e-01,5.298034281279325741e-01
2.895290897385477402e-01,5.293996132626510587e-01
2.895661011725330636e-01,5.293488393057158570e-01
2.898603113779862350e-01,5.289445617975572222e-01
2.898972430107980558e-01,5.288937297658615755e-01
2.901908178159203766e-01,5.284889906123402259e-01
2.902276695564376396e-01,5.284381006313014773e-01
2.905206082368623766e-01,5.280329008310710170e-01
2.905573799941503221e-01,5.279819530262643834e-01
2.908496818270804862e-01,5.275762935791149522e-01
2.908863735104092463e-01,5.275252880762481000e-01
2.911780377746190362e-01,5.271191699831044852e-01
2.912146492934623021e-01,5.270681069080188630e-01
2.915056752692992692e-01,5.266615311709365033e-01
2.915422065333134194e-01,5.266104106496369841e-01
2.918325935026997442e-01,5.262033782718015251e-01
2.918690444217516000e-01,5.261522004304171052e-01
2.921587916681864239e-01,5.257447124161402918e-01
2.921951621523368181e-01,5.256934773809474049e-01
2.924842689608975199e-01,5.252855347356655269e-01
2.925205589204104561e-01,5.252342426330751657e-01
2.928090245777548173e-01,5.248258463633458382e-01
2.928452339230762647e-01,5.247744973199333085e-01
2.931330577174438567e-01,5.243656484334341394e-01
2.931691863592447156e-01,5.243142425758783309e-01
2.934563675804589544e-01,5.239049420814030356e-01
2.934924154295847631e-01,5.238534795365581420e-01
2.937789533690545740e-01,5.234437284440150995e-01
2.938149203365597595e-01,5.233922093388613250e-01
2.941008142872813536e-01,5.229820086592706918e-01
2.941367002844390566e-01,5.229304331209003731e-01
2.944219495409973186e-01,5.225197838663914185e-01
2.944577544792387758e-01,5.224681520220959552e-01
2.947423583378096512e-01,5.220570552059050629e-01
2.947780821288092934e-01,5.220053671830529041e-01
2.950620398871609540e-01,5.215938238195203525e-01
2.950976824427555267e-01,5.215420797456730151e-01
2.953809934002506465e-01,5.211300908502413121e-01
2.954165546325131508e-01,5.210782908530467994e-01
2.956992180901099054e-01,5.206658574422574626e-01
2.957346979112832619e-01,5.206140016495464096e-01
2.960167131715377153e-01,5.202011247410380790e-01
2.960521114940877774e-01,5.201492132807468138e-01
2.963334778611552700e-01,5.197358938932521433e-01
2.963687945977365734e-01,5.196839268934720923e-01
2.966495113773737202e-01,5.192701660468153069e-01
2.966847464408431945e-01,5.192181436357738988e-01
2.969648129404089953e-01,5.188039423508693515e-01
2.969999662438335686e-01,5.187518646569178049e-01
2.972793817722920728e-01,5.183372239557653138e-01
2.973144532289283548e-01,5.182850911074091682e-01
2.975932170968493273e-01,5.178700120130939055e-01
2.976282066201673127e-01,5.178178241389578274e-01
2.979063181397287319e-01,5.174023076756459893e-01
2.979412256433953132e-01,5.173500649044983080e-01
2.982186841283843703e-01,5.169341120974356718e-01
2.982535095262595637e-01,5.168818145581940415e-01
2.985303142920754382e-01,5.164654264337025236e-01
2.985650574982410821e-01,5.164130742553909581e-01
2.988412078618952750e-01,5.159962518408671706e-01
2.988758687906267197e-01,5.159438451526578984e-01
2.991513640707456623e-01,5.155265894765694856e-01
2.991859426365075514e-01,5.154741284077908325e-01
2.994607821533341596e-01,5.150564404996748058e-01
2.994952782708227845e-01,5.150039251797456918e-01
2.997694613462178470e-01,5.145858060702053205e-01
2.998038749303105766e-01,5.145332366287123094e-01
3.000774008877544197e-01,5.141146873494151226e-01
3.001117318535377887e-01,5.140620639160704552e-01
3.003846000181324971e-01,5.136430854997451334e-01
3.004188482808979876e-01,5.135904082043921681e-01
3.006910579793684590e-01,5.131710016848262113e-01
3.007252234546199388e-01,5.131182706574286545e-01
3.009967740153158267e-01,5.126984370694658288e-01
3.010308566187402390e-01,5.126456524401523662e-01
3.013017473716373962e-01,5.122253928196908168e-01
3.013357470191529996e-01,5.121725547186812832e-01
3.016059772958554763e-01,5.117518701026693151e-01
3.016398939035603299e-01,5.116989786603537427e-01
3.019094630373018728e-01,5.112778700867890436e-01
3.019432965215133047e-01,5.112249254336668214e-01
3.022122038471588557e-01,5.108033939415930202e-01
3.022459541244022496e-01,5.107503962082903248e-01
3.025141989784495000e-01,5.103284428377944382e-01
3.025478659654420865e-01,5.102753921550893246e-01
3.028154476860238642e-01,5.098530179472990920e-01
3.028490312996983125e-01,5.097999144460846344e-01
3.031159492265830813e-01,5.093771204431667421e-01
3.031494493840752869e-01,5.093239642544705736e-01
3.034157028586697558e-01,5.089007514996268799e-01
3.034491194773210054e-01,5.088475427546069740e-01
3.037147078426709057e-01,5.084239122920735099e-01
3.037480408400290433e-01,5.083706511220172919e-01
3.040129634408218484e-01,5.079466039970593760e-01
3.040462127346385546e-01,5.078932905333874981e-01
3.043104689172039246e-01,5.074688277922996260e-01
3.043436344254507597e-01,5.074154621665402098e-01
3.046072235377627058e-01,5.069905848566419460e-01
3.046403051785910865e-01,5.069371672004948648e-01
3.049032265702698585e-01,5.065118763701287330e-01
3.049362242620637931e-01,5.064584068153814567e-01
3.051984772843769900e-01,5.060327035139101648e-01
3.052313909457159968e-01,5.059791821924966015e-01
3.054929749515802317e-01,5.055530674703010430e-01
3.055258045012544943e-01,5.054994945142774476e-01
3.057867188452372820e-01,5.050729694227531485e-01
3.058194642022412091e-01,5.050193449643085586e-01
3.060797082405623537e-01,5.045924105558637907e-01
3.061123693240985211e-01,5.045387347273139200e-01
3.063719424146318371e-01,5.041113920553668137e-01
3.064045191441166494e-01,5.040576649891439498e-01
3.066634206463911827e-01,5.036299151081202741e-01
3.066959129414428831e-01,5.035761369367939277e-01
3.069541422166449096e-01,5.031479809021238703e-01
3.069865499970917400e-01,5.030941517583868983e-01
3.072441064080662643e-01,5.026655906265028451e-01
3.072764295939416912e-01,5.026117106431789994e-01
3.075333125051939454e-01,5.021827454715129813e-01
3.075655510167504825e-01,5.021288147815344827e-01
3.078217597944472028e-01,5.016994466285156218e-01
3.078539135521343728e-01,5.016454653649599082e-01
3.081094475641061314e-01,5.012156952900110873e-01
3.081415164885914493e-01,5.011616635860651758e-01
3.083963751043332646e-01,5.007314926496015950e-01
3.084283591164861393e-01,5.006774106385895040e-01
3.086825417071598632e-01,5.002468399020150169e-01
3.087144407280670300e-01,5.001927077173720093e-01
3.089679466665021801e-01,4.997617382430773469e-01
3.089997606174511025e-01,4.997075560183773524e-01
3.092525892781472496e-01,4.992761888697365147e-01
3.092843180806442160e-01,4.992219567386618206e-01
3.095364688397715391e-01,4.987901929800306888e-01
3.095681124155260644e-01,4.987359110763986969e-01
3.098195846509277374e-01,4.983037517731113697e-01
3.098511429218646085e-01,4.982494202308533904e-01
3.101019360130579106e-01,4.978168664492197970e-01
3.101334089013094708e-01,4.977624854023949275e-01
3.103835222294873963e-01,4.973295382096985517e-01
3.104149096573994293e-01,4.972751077924830732e-01
3.106643426054320201e-01,4.968417682569782889e-01
3.106956444955537577e-01,4.967872886036832636e-01
3.109443964479902123e-01,4.963535577945921151e-01
3.109756127230928757e-01,4.962990290396311344e-01
3.112236830661623821e-01,4.958649080271413379e-01
3.112548136492198636e-01,4.958103303050638844e-01
3.115022017708335977e-01,4.953758201603257749e-01
3.115332465850366717e-01,4.953211936057927978e-01
3.117799518747889076e-01,4.948862954009171089e-01
3.118109108435309640e-01,4.948316201487258925e-01
3.120569326927010168e-01,4.943963349567808141e-01
3.120878057396053729e-01,4.943416111418167946e-01
3.123331435411587642e-01,4.939059400368249753e-01
3.123639305900403063e-01,4.938511677941295197e-01
3.126085837386304300e-01,4.934151118510662348e-01
3.126392847135250341e-01,4.933602913157846825e-01
3.128832526054944330e-01,4.929238516105748924e-01
3.129138674306585766e-01,4.928689829179570547e-01
3.131571494640409403e-01,4.924321605274717406e-01
3.131876780639257229e-01,4.923772438129183637e-01
3.134302736384466659e-01,4.919400398149738618e-01
3.134607159377332808e-01,4.918850752139729554e-01
3.137026244548123954e-01,4.914474906873264048e-01
3.137329803783833748e-01,4.913924783355051451e-01
3.139742012411352867e-01,4.909545143598532113e-01
3.140044707140896563e-01,4.908994543929504073e-01
3.142450033273261889e-01,4.904611120489251741e-01
3.142751862749809111e-01,4.904060046027889364e-01
3.145150300452114744e-01,4.899672849719569623e-01
3.145451263930915120e-01,4.899121301825620778e-01
3.147842807285256006e-01,4.894730343474202328e-01
3.148142904023678024e-01,4.894178323508622253e-01
3.150527547129157724e-01,4.889783613948359697e-01
3.150826776386833061e-01,4.889231123273033996e-01
3.153204513359582073e-01,4.884832673347433429e-01
3.153502874398055322e-01,4.884279713325831995e-01
3.155873699371244401e-01,4.879877533887634899e-01
3.156171191454487657e-01,4.879324105883857121e-01
3.158535098578340583e-01,4.874918207795002068e-01
3.158831720972196666e-01,4.874364313174807672e-01
3.161188704414009121e-01,4.869954707306410335e-01
3.161484456386670083e-01,4.869400347436333432e-01
3.163834510330819083e-01,4.864987044668657723e-01
3.164129391152524784e-01,4.864432220916567462e-01
3.166472509800485335e-01,4.860015232138999997e-01
3.166766518743628911e-01,4.859459945873901843e-01
3.169102696313989553e-01,4.855039281984922517e-01
3.169395832653129630e-01,4.854483534576936599e-01
3.171725063381604648e-01,4.850059206484094720e-01
3.172017326393518077e-01,4.849502999304354800e-01
3.174339604532961379e-01,4.845075017924239114e-01
3.174630993496445619e-01,4.844518352345271728e-01
3.176946313316866832e-01,4.840086728603487654e-01
3.177236827513009176e-01,4.839529605998690864e-01
3.179545183301586420e-01,4.835094350829828302e-01
3.179834822013486995e-01,4.834536772574012931e-01
3.182136208074582973e-01,4.830097896921624057e-01
3.182424970587657831e-01,4.829539864390420267e-01
3.184719381242831493e-01,4.825097379206987891e-01
3.185007266844617213e-01,4.824538893777229331e-01
3.187294696432635410e-01,4.820092810024146912e-01
3.187581704412708605e-01,4.819533873074024477e-01
3.189862147289569405e-01,4.815084201721557267e-01
3.190148276939821503e-01,4.814524814630085636e-01
3.192421727478756965e-01,4.810071566657359576e-01
3.192706978093181602e-01,4.809511730804787999e-01
3.194973430684679983e-01,4.805054917199748088e-01
3.195257801559456823e-01,4.804494633967403283e-01
3.197517250611270900e-01,4.800034265726794147e-01
3.197800741044748429e-01,4.799473536497108617e-01
3.200053180981912715e-01,4.795009624626443978e-01
3.200335790274580483e-01,4.794448450783010962e-01
3.202581215539422321e-01,4.789981006296552546e-01
3.202862942993995876e-01,4.789419389223963930e-01
3.205101348046152099e-01,4.784948423144685381e-01
3.205382192967469179e-01,4.784386364228729316e-01
3.207613572283898318e-01,4.779911887588295105e-01
3.207893533979045975e-01,4.779349388215707872e-01
3.210117882054041027e-01,4.774871412054443320e-01
3.210396959832179653e-01,4.774308473613262382e-01
3.212614271177383074e-01,4.769827008980130345e-01
3.212892464350000088e-01,4.769263632859179203e-01
3.215102733494415443e-01,4.764778690811747319e-01
3.215380041375008879e-01,4.764214878401278885e-01
3.217583262865018057e-01,4.759726470005695709e-01
3.217859684769405204e-01,4.759162222696765587e-01
3.220055853168778404e-01,4.754670359027731719e-01
3.220331388414903739e-01,4.754105678212590114e-01
3.222520498304812797e-01,4.749610370353334887e-01
3.222795146212847905e-01,4.749045257425217881e-01
3.224977192191881281e-01,4.744546516467464947e-01
3.225250952084109946e-01,4.743980972820835418e-01
3.227425928768287156e-01,4.739478809864782760e-01
3.227698799969278554e-01,4.738912836894970115e-01
3.229866701992061828e-01,4.734407263049252856e-01
3.230138683828512880e-01,4.733840862152782214e-01
3.232299505840816600e-01,4.729331888534462069e-01
3.232570597641624688e-01,4.728765061108902712e-01
3.234724334311838700e-01,4.724252698843418030e-01
3.234994535408161065e-01,4.723685446287256839e-01
3.237141181422151792e-01,4.719169706508417050e-01
3.237410491147210134e-01,4.718602030221468735e-01
3.239550041208343334e-01,4.714082924071411052e-01
3.239818458897751330e-01,4.713514825454133139e-01
3.241950907726898201e-01,4.708992364083303683e-01
3.242218432718288468e-01,4.708423844537576453e-01
3.244343775053844525e-01,4.703898039104698059e-01
3.244610406687107873e-01,4.703329100033325494e-01
3.246728637285003494e-01,4.698799961705372730e-01
3.246994374902331670e-01,4.698230604511988151e-01
3.249105488536040975e-01,4.693698144464161781e-01
3.249370331481693519e-01,4.693128370553723561e-01
3.251474322942254913e-01,4.688592599969416130e-01
3.251738270562756217e-01,4.688022410747789137e-01
3.253835134658779604e-01,4.683483340818565543e-01
3.254098186302907814e-01,4.682912737692543903e-01
3.256187917860590142e-01,4.678370379618104757e-01
3.256450072879247815e-01,4.677799363995687187e-01
3.258532666742382511e-01,4.673253728983854383e-01
3.258793924488767035e-01,4.672682302273883370e-01
3.260869375518762325e-01,4.668133401540554561e-01
3.261129735348178293e-01,4.667561565153115488e-01
3.263198038424064973e-01,4.663009409922254656e-01
3.263457499694211172e-01,4.662437165268055184e-01
3.265518649712656485e-01,4.657881766771649334e-01
3.265777211783221778e-01,4.657309115262900923e-01
3.267831203658542738e-01,4.652750484740947323e-01
3.268088865891630723e-01,4.652177427790434860e-01
3.270135694555807437e-01,4.647615576490897182e-01
3.270392456315631136e-01,4.647042115512650118e-01
3.272432116718316242e-01,4.642477054691445670e-01
3.272687977371334656e-01,4.641903191100437698e-01
3.274720464479869975e-01,4.637334932021398570e-01
3.274975423394790308e-01,4.636760667233540967e-01
3.277000732194215171e-01,4.632189221168393489e-01
3.277254788741950087e-01,4.631614556600631150e-01
3.279272914235016323e-01,4.627039934828963696e-01
3.279526067788701704e-01,4.626464871899234055e-01
3.281537004995885853e-01,4.621887085708470955e-01
3.281789254930868593e-01,4.621311625835735626e-01
3.283792998890383008e-01,4.616730686521108296e-01
3.284044344584303166e-01,4.616154831125161562e-01
3.286040890352107668e-01,4.611570749989684637e-01
3.286291331184746367e-01,4.610994500491505388e-01
3.288280673834564904e-01,4.606407288845940640e-01
3.288530209188062492e-01,4.605830646667183892e-01
3.290512343811387019e-01,4.601240315830022465e-01
3.290760973069936646e-01,4.600663282393736009e-01
3.292735894776049332e-01,4.596069843691161783e-01
3.292983617326267209e-01,4.595492420420922430e-01
3.294951321242243769e-01,4.590895885186788705e-01
3.295198136472848871e-01,4.590318073507447805e-01
3.297158617743576325e-01,4.585718453083248991e-01
3.297404525045622981e-01,4.585140254420391193e-01
3.299357778833807986e-01,4.580537560155232280e-01
3.299602777600478265e-01,4.579958975935659593e-01
3.301548799086662100e-01,4.575353219186232279e-01
3.301792888713521168e-01,4.574774250837368439e-01
3.303731673096088062e-01,4.570165442967919489e-01
3.303974852980787746e-01,4.569586091918501625e-01
3.305906395475981530e-01,4.564974244300806228e-01
3.306148665018586175e-01,4.564394511980121028e-01
3.308072960860516387e-01,4.559779635993454483e-01
3.308314319463213637e-01,4.559199523832019874e-01
3.310231363903871626e-01,4.554581630863129282e-01
3.310471810971056250e-01,4.554001140292497918e-01
3.312381599280327382e-01,4.549380241735577757e-01
3.312621134218882712e-01,4.548799374187662004e-01
3.314523661684551370e-01,4.544175481444316378e-01
3.314762283903284756e-01,4.543594238352747228e-01
3.316657545831055431e-01,4.538967362831974883e-01
3.316895254741310528e-01,4.538385745630618695e-01
3.318783246454811708e-01,4.533755898748773605e-01
3.319020041469991078e-01,4.533173908872892843e-01
3.320900758310791345e-01,4.528541102053663114e-01
3.321136638846678979e-01,4.527958740939132531e-01
3.323010076174297556e-01,4.523322985613504876e-01
3.323245041648819620e-01,4.522740254697397155e-01
3.325111194840734141e-01,4.518101562303642460e-01
3.325345244674193235e-01,4.517518463023647013e-01
3.327204109125858067e-01,4.512876845007272597e-01
3.327437242740748924e-01,4.512293378802155752e-01
3.329288813865598495e-01,4.507648846615897598e-01
3.329521030686658500e-01,4.507065014925374924e-01
3.331365303916127840e-01,4.502417580029149380e-01
3.331596603370409193e-01,4.501833384293708606e-01
3.333433574153935597e-01,4.497183058154603508e-01
3.333663955670724266e-01,4.496598499815702144e-01
3.335493619475766169e-01,4.491945293907931847e-01
3.335723082486636293e-01,4.491360374407865064e-01
3.337545434798678823e-01,4.486704300212754348e-01
3.337773978737421654e-01,4.486119020994834283e-01
3.339589015059992172e-01,4.481460090000783381e-01
3.339816639362713779e-01,4.480874452509085448e-01
3.341624355217390763e-01,4.476212676211542840e-01
3.341851059322439865e-01,4.475626681891102798e-01
3.343651450248864565e-01,4.470962071792538017e-01
3.343877233596893594e-01,4.470375722089177106e-01
3.345670295152779472e-01,4.465708289699052980e-01
3.345895157186680180e-01,4.465121586059556669e-01
3.347680884947826785e-01,4.460451342894296567e-01
3.347904825112769100e-01,4.459864286766315744e-01
3.349683214673069842e-01,4.455191244349283042e-01
3.349906232416507423e-01,4.454603837181307924e-01
3.351677279387963448e-01,4.449928007042767142e-01
3.351899374159598155e-01,4.449340250284229970e-01
3.353663074172327785e-01,4.444661643961330677e-01
3.353884245424226807e-01,4.444073539062293188e-01
3.355640594126474419e-01,4.439392168099028924e-01
3.355860841312864329e-01,4.438803716510729691e-01
3.357609834371014235e-01,4.434119592457919090e-01
3.357829156948454186e-01,4.433530795632310006e-01
3.359570790047041178e-01,4.428843930047561828e-01
3.359789187474419014e-01,4.428254789437323091e-01
3.361523456316134473e-01,4.423565193885015123e-01
3.361740928054524069e-01,4.422975710943932715e-01
3.363467828360234280e-01,4.418283396995172363e-01
3.363684373873079281e-01,4.417693573177643995e-01
3.365403901381828211e-01,4.412998552410253295e-01
3.365619520134835452e-01,4.412408389171580958e-01
3.367331670603859184e-01,4.407710673170053828e-01
3.367546362064954835e-01,4.407120171966560918e-01
3.369251131269693778e-01,4.402419772322045954e-01
3.369464894909219854e-01,4.401828934610537702e-01
3.371162278643324295e-01,4.397125862920803208e-01
3.371375113933787748e-01,4.396534690159256131e-01
3.373065108009132285e-01,4.391828958028665131e-01
3.373277014425398734e-01,4.391237451675698011e-01
3.374959614672091712e-01,4.386529070715174949e-01
3.375170591691313282e-01,4.385937232230243121e-01
3.376845793957705122e-01,4.381226214057251100e-01
3.377055841059299901e-01,4.380634044900703072e-01
3.378723641211995865e-01,4.375920401139211102e-01
3.378932757877701754e-01,4.375327902772143118e-01
3.380593151801570273e-01,4.370611645052600025e-01
3.380801337515424443e-01,4.370018818936910465e-01
3.382454321113609330e-01,4.365299958896209920e-01
3.382661575361920470e-01,4.364706806494674796e-01
3.384307144555848135e-01,4.359985355776137550e-01
3.384513466827219208e-01,4.359391878552356103e-01
3.386151617556612536e-01,4.354667848805691133e-01
3.386357007342007397e-01,4.354074048223880999e-01
3.387987735564890746e-01,4.349347451105163853e-01
3.388192192357499799e-01,4.348753328630559634e-01
3.389815494050214539e-01,4.344024175802196353e-01
3.390019017345576313e-01,4.343429732900688789e-01
3.391634888502785827e-01,4.338698036031395922e-01
3.391837477798698153e-01,4.338103274169801127e-01
3.393445914433402266e-01,4.333369044934569092e-01
3.393647569230021088e-01,4.332773965580328790e-01
3.395248567373561621e-01,4.328037215660399117e-01
3.395449287173335495e-01,4.327441820281777707e-01
3.397042842875408475e-01,4.322702561364606955e-01
3.397242627183059693e-01,4.322106851430747021e-01
3.398828736511724791e-01,4.317365095209989567e-01
3.399027584834295457e-01,4.316769072190774215e-01
3.400606243875987089e-01,4.312024830366237849e-01
3.400804155722865763e-01,4.311428495732215760e-01
3.402375360582397534e-01,4.306681780009850580e-01
3.402572335465259834e-01,4.306085135232408101e-01
3.404136082265841190e-01,4.301335957324257664e-01
3.404332119698633696e-01,4.300739003875668209e-01
3.405888404581874362e-01,4.295987375499861205e-01
3.406083504080915647e-01,4.295390114852983832e-01
3.407632323206837843e-01,4.290636047733689673e-01
3.407826484290769620e-01,4.290038481362112854e-01
3.409367833837815276e-01,4.285281987229518363e-01
3.409561056027498038e-01,4.284684116607881399e-01
3.411094932192541562e-01,4.279925207198164161e-01
3.411287215011268303e-01,4.279327033801501035e-01
3.412813614009622132e-01,4.274565720856797202e-01
3.413004956982951255e-01,4.273967246161048394e-01
3.414523875048377510e-01,4.269203541429423265e-01
3.414714277704185008e-01,4.268604766911282544e-01
3.416225711088903827e-01,4.263838682146705028e-01
3.416415172957351087e-01,4.263239609283706044e-01
3.417919117932052275e-01,4.258471156246016465e-01
3.418107638545733185e-01,4.257871786516088108e-01
3.419604091399580659e-01,4.253100976970969338e-01
3.419791670293284569e-01,4.252501311853169597e-01
3.421280627333930235e-01,4.247728157572120411e-01
3.421467264044832923e-01,4.247128198546037403e-01
3.422948721598423338e-01,4.242352711306342505e-01
3.423134415666035379e-01,4.241752459852258239e-01
3.424608370077221187e-01,4.236974651436956618e-01
3.424793121043365751e-01,4.236374109035914715e-01
3.426259568675310008e-01,4.231593991233774665e-01
3.426443376084075676e-01,4.230993159367738010e-01
3.427902313318467176e-01,4.226210743973222717e-01
3.428085176716409999e-01,4.225609624124416208e-01
3.429536599953463272e-01,4.220824922937663759e-01
3.429718518889328660e-01,4.220223516589480806e-01
3.431162424547803402e-01,4.215436541416260896e-01
3.431343398572733183e-01,4.214834850052577853e-01
3.432779783089934256e-01,4.210045612704281792e-01
3.432959811757409496e-01,4.209443637809661687e-01
3.434388671589201913e-01,4.204652150103251884e-01
3.434567754455026267e-01,4.204049893162984941e-01
3.435989086075839083e-01,4.199256166920983246e-01
3.436167222698103818e-01,4.198653629421212341e-01
3.437581022600944003e-01,4.193857676471660634e-01
3.437758212540156233e-01,4.193254859898943865e-01
3.439164477236612005e-01,4.188456692075380183e-01
3.439340720055548695e-01,4.187853597917195470e-01
3.440739446075802288e-01,4.183053227058621260e-01
3.440914741339612393e-01,4.182449856803004962e-01
3.442305925232446162e-01,4.177647294753858431e-01
3.442480272508593453e-01,4.177043649889607968e-01
3.443863910841399867e-01,4.172238908499733556e-01
3.444037309699717331e-01,4.171634990516223662e-01
3.445413399058505632e-01,4.166828081640844283e-01
3.445585849071152729e-01,4.166223892028169673e-01
3.446954386060559483e-01,4.161414827527852300e-01
3.447125886801992722e-01,4.160810367776930918e-01
3.448486868045289588e-01,4.155999159517566599e-01
3.448657419092397980e-01,4.155394431119667220e-01
3.450010841231498371e-01,4.150581090972432774e-01
3.450180442163441885e-01,4.149976095419740107e-01
3.451526301858910961e-01,4.145160635261074811e-01
3.451694952257204907e-01,4.144555374046395846e-01
3.453033246188268457e-01,4.139737805757968125e-01
3.453200945636811237e-01,4.139132280374630546e-01
3.454531670501360674e-01,4.134312615843313554e-01
3.454698418586339415e-01,4.133706827785502136e-01
3.456021571100945655e-01,4.128885078903333783e-01
3.456187367410955003e-01,4.128279029665666289e-01
3.457502944310868465e-01,4.123455208329838695e-01
3.457667788436795120e-01,4.122848899407782763e-01
3.458975786475962377e-01,4.118023017520591744e-01
3.459139678011117214e-01,4.117416450409975837e-01
3.460440093962180996e-01,4.112588519878807025e-01
3.460603032502104215e-01,4.111981696076552062e-01
3.461895863156420061e-01,4.107151728813842051e-01
3.462057848299149310e-01,4.106544649816954995e-01
3.463343090466783902e-01,4.101712657740170243e-01
3.463504121812581715e-01,4.101105325046764394e-01
3.464781772322329534e-01,4.096271320078362921e-01
3.464941849473909818e-01,4.095663735186811372e-01
3.466211905173293695e-01,4.090827729254222223e-01
3.466371027735660748e-01,4.090219893663759598e-01
3.467633485490945189e-01,4.085381898699344538e-01
3.467791653071472524e-01,4.084773813909773343e-01
3.469046509767668707e-01,4.079933841850804654e-01
3.469203721976113486e-01,4.079325509362439761e-01
3.470450974516987031e-01,4.074483572151067490e-01
3.470607230965433998e-01,4.073874993464941530e-01
3.471846876273512739e-01,4.069031103048165732e-01
3.472002176576405863e-01,4.068422279665921959e-01
3.473234211592989285e-01,4.063576447995558283e-01
3.473388555367148411e-01,4.062967381419380075e-01
3.474612977052312091e-01,4.058119620452038667e-01
3.474766363916931833e-01,4.057510312184646195e-01
3.475983169249536320e-01,4.052660633881693397e-01
3.476135598826097239e-01,4.052051085426700561e-01
3.477344784803797495e-01,4.047199501754237261e-01
3.477496256716243739e-01,4.046589714615452249e-01
3.478697820355493020e-01,4.041736237544277244e-01
3.478848334230067452e-01,4.041126213226349240e-01
3.480042272566126194e-01,4.036270854731937030e-01
3.480191828031444778e-01,4.035660594740064777e-01
3.481378138118389476e-01,4.030803366802527821e-01
3.481526734805425738e-01,4.030192872642520130e-01
3.482705413716155052e-01,4.025333787246585526e-01
3.482853051258296695e-01,4.024723060424633680e-01
3.484024096084537003e-01,4.019862129559612085e-01
3.484170774117479330e-01,4.019251171582717830e-01
3.485334181969793055e-01,4.014388407242472923e-01
3.485479900131616682e-01,4.013777219618144820e-01
3.486635668139411726e-01,4.008912633801064440e-01
3.486780426070605343e-01,4.008301218037201297e-01
3.487928551382137865e-01,4.003434822746166910e-01
3.488072348725479443e-01,4.002823180351575139e-01
3.489212828507864961e-01,3.997954987593934084e-01
3.489355664908587729e-01,3.997343120077610501e-01
3.490488496347806668e-01,3.992473141865143793e-01
3.490630371453451453e-01,3.991861050736917327e-01
3.491755551754353593e-01,3.986989299085812455e-01
3.491896465214863188e-01,3.986376985855936139e-01
3.493013991601178758e-01,3.981503472786755982e-01
3.493153943068879608e-01,3.980890938965977455e-01
3.494263812783222622e-01,3.976015676503630303e-01
3.494402801912778189e-01,3.975402923603404970e-01
3.495505012216655882e-01,3.970525923777117328e-01
3.495643038665131597e-01,3.969912953309319703e-01
3.496737586838949419e-01,3.965034228152604090e-01
3.496874650265781592e-01,3.964421041629666576e-01
3.497961533608850981e-01,3.959540603180290441e-01
3.498097633675831264e-01,3.958927202115271049e-01
3.499176849506375753e-01,3.954045062415234568e-01
3.499311985877729403e-01,3.953431448321462205e-01
3.500383531532890724e-01,3.948547619416955534e-01
3.500517703875142272e-01,3.947933793808643399e-01
3.501581576710988131e-01,3.943048287750032799e-01
3.501714784693097382e-01,3.942434252141661655e-01
3.501804381014012035e-01,3.942019677594359450e-01
3.502842351994859271e-01,3.940800893410444927e-01
3.504150690524722722e-01,3.939264504089311503e-01
