{
  "candidate_threshold": 0.1,
  "candidate_average_feature_cost": 7.875,
  "candidate_spectrum_acquisition_rate": 0.5416666666666666,
  "candidate_auc": 0.9159663865546218,
  "candidate_brier": 0.1119792657659693,
  "candidate_balanced_accuracy": 0.8550420168067226,
  "cost_saving_vs_fixed_MS": 0.34375,
  "cost_saving_vs_ALL": 0.6576086956521738,
  "forced_M_error_rate": 0.16666666666666666,
  "non_limbo_coverage": 0.875,
  "non_limbo_error_rate": 0.11904761904761904,
  "relative_error_reduction_with_limbo": 0.2857142857142857,
  "transition_band_acquisition_rate": 0.9583333333333334,
  "outer_band_acquisition_rate": 0.125
}