A,spectrum_acquisition_rate,event_rate,mean_p_M,mean_M_confidence,acquisition_rate_change
0.8,0.0,0.0,0.009876061669772666,0.9901239383302274,
1.0,0.125,0.0,0.04417854529812262,0.9558214547018773,0.125
1.2,1.0,0.0,0.1787102402739835,0.8212897597260165,0.875
1.4,1.0,0.25,0.4321508793118386,0.6675762554652158,0.0
1.6,0.875,0.75,0.6556348536082697,0.6894952548615446,-0.125
1.8,0.25,0.75,0.9416116667442987,0.9416116667442987,-0.625
