name,kind,average_feature_cost,roc_auc,average_precision,brier,log_loss,balanced_accuracy,threshold,spectrum_acquisition_rate,auc_loss,balanced_loss,is_pareto
E,fixed,1.0,0.6848739495798319,0.62207190023572,0.2100893184546364,0.6289549355777899,0.703781512605042,,,0.31512605042016806,0.29621848739495804,True
M,fixed,3.0,0.9159663865546218,0.8137060884960045,0.12110625286823845,0.38616472326046464,0.819327731092437,,,0.08403361344537819,0.18067226890756305,True
DYN_t0.40,dynamic,3.75,0.9138655462184875,0.8084850012052529,0.12155268348483216,0.38689918176869975,0.8403361344537814,0.4,0.08333333333333333,0.08613445378151252,0.1596638655462186,True
DYN_t0.35,dynamic,4.5,0.9138655462184874,0.8075726303280484,0.11935967922825876,0.3786807482055748,0.8403361344537814,0.35000000000000003,0.16666666666666666,0.08613445378151263,0.1596638655462186,True
DYN_t0.20,dynamic,6.1875,0.907563025210084,0.812452480992397,0.11232866142138158,0.36452153277375815,0.8550420168067226,0.2,0.3541666666666667,0.09243697478991597,0.14495798319327735,True
DYN_t0.15,dynamic,6.375,0.907563025210084,0.812452480992397,0.11194309110305889,0.3625506422653258,0.8550420168067226,0.15000000000000002,0.375,0.09243697478991597,0.14495798319327735,True
DYN_t0.10,dynamic,7.875,0.9159663865546218,0.8175806861206021,0.1119792657659693,0.35986948573767097,0.8550420168067226,0.1,0.5416666666666666,0.08403361344537819,0.14495798319327735,True
S,fixed,9.0,0.9033613445378151,0.75638554567126,0.12169562059045498,0.4006909624867088,0.8907563025210083,,,0.09663865546218486,0.10924369747899165,True
