s,x,y,kappa,theta,radial_dot
0.000000000000000000e+00,0.000000000000000000e+00,0.000000000000000000e+00,1.672561574391397343e+01,0.000000000000000000e+00,0.000000000000000000e+00
8.333333333333333868e-04,8.332912760425106825e-04,5.919963981016928550e-06,1.737452412206382490e+01,1.420839161082408479e-02,8.332912760425106825e-04
1.666666666666666774e-03,1.666407970309301831e-03,2.390037299126949441e-05,1.800320330699213756e+01,2.894911137293074144e-02,1.666401549522364975e-03
2.500000000000000052e-03,2.499159729798491100e-03,5.437261897741072950e-05,1.860544625628851279e+01,4.420271535763101167e-02,2.499121232959364020e-03
3.333333333333333547e-03,3.331337679105253122e-03,9.774638849850442613e-05,1.917512130881293331e+01,5.994461850975663086e-02,3.331209989380568264e-03
4.166666666666666609e-03,4.162715267747195066e-03,1.544048801698238462e-04,1.970631502747885122e+01,7.614521698321154164e-02,4.162399025017415877e-03
5.000000000000000104e-03,4.993049555346450522e-03,2.247002029588797780e-04,2.019347589825080647e+01,9.277012986893223845e-02,4.992394706181735309e-03
5.833333333333333599e-03,5.822082930649826425e-03,3.089490789183628786e-04,2.063155302745889230e+01,1.097805585879779722e-01,5.820883463466378777e-03
6.666666666666667095e-03,6.649545241915664345e-03,4.074289706137108674e-04,2.101612394291582220e+01,1.271337573256341169e-01,6.647537863313638697e-03
7.500000000000000590e-03,7.475156297550893808e-03,5.203747445011697951e-04,2.134350593663759099e+01,1.447836031087813835e-01,7.472023645267377237e-03
8.333333333333333218e-03,8.298628678284843824e-03,6.479759670141081816e-04,2.161084607861579698e+01,1.626812497818036218e-01,8.294007450352719468e-03
9.166666666666666713e-03,9.119670786856905881e-03,7.903749107035056010e-04,2.181618604065207379e+01,1.807758464981652491e-01,9.113164909136845654e-03
1.000000000000000021e-02,9.937990049290856831e-03,9.476653244127280053e-04,2.195849912675552318e+01,1.990152986512517819e-01,9.929188722996197883e-03
1.083333333333333370e-02,1.075329617421270055e-02,1.119891995416880028e-03,2.203769832004270413e+01,2.173470475874177132e-01,1.074179636280930307e-02
1.166666666666666720e-02,1.156530437389934052e-02,1.307051104201875907e-03,2.205461562064069625e+01,2.357188450627024645e-01,1.155073702702378614e-02
1.250000000000000069e-02,1.237373845299891140e-02,1.509091345660609675e-03,2.201095435760752395e+01,2.540794992203058711e-01,1.235579754438552100e-02
1.333333333333333419e-02,1.317833367792100793e-02,1.725915765456443197e-03,2.190921741137916712e+01,2.723795707907170072e-01,1.315680697158229731e-02
1.416666666666666768e-02,1.397883935117071215e-02,1.957384238484927499e-03,2.175261530018769918e+01,2.905720010872032133e-01,1.395363971661355874e-02
1.500000000000000118e-02,1.477502102950939943e-02,2.203316498809874350e-03,2.154495880701576738e+01,3.086126569652046792e-01,1.474621710754415137e-02
1.583333333333333467e-02,1.556666234167991200e-02,2.463495617863786617e-03,2.129054122374870417e+01,3.264607819780231956e-01,1.553450741573999573e-02
1.666666666666666644e-02,1.635356637935352075e-02,2.737671820404330089e-03,2.099401536557239112e+01,3.440793472235736394e-01,1.631852442551792390e-02
1.750000000000000167e-02,1.713555665278002765e-02,3.025566525648960489e-03,2.066027028657559939e+01,3.614352995786353495e-01,1.709832471240636809e-02
1.833333333333333343e-02,1.791247761930623433e-02,3.326876503774067479e-03,2.029431215306415126e+01,3.784997089284852789e-01,1.787400384569287626e-02
1.916666666666666866e-02,1.868419480762139109e-02,3.641278044900931026e-03,1.990115306468680245e+01,3.952478194358815533e-01,1.864569176540268811e-02
2.000000000000000042e-02,1.945059457267997102e-02,3.968431047953447331e-03,1.948571082258138887e+01,4.116590127222432560e-01,1.941354759904310306e-02
2.083333333333333565e-02,2.021158352538978895e-02,4.307982949423637929e-03,1.905272179603937843e+01,4.277166929800019224e-01,2.017775418080191771e-02
2.166666666666666741e-02,2.096708768723127420e-02,4.659572426171675052e-03,1.860666819661272697e+01,4.434081054769402619e-01,2.093851251814051601e-02
2.250000000000000264e-02,2.171705142310383085e-02,5.022832821030131546e-03,1.815172028306618657e+01,4.587241006768065232e-01,2.169603642142205538e-02
2.333333333333333440e-02,2.246143620615976416e-02,5.397395254402913810e-03,1.769169333130876964e+01,4.736588563494626980e-01,2.245054747523676092e-02
2.416666666666666963e-02,2.320021926658787093e-02,5.782891398621464035e-03,1.723001863597149352e+01,4.882095696691628461e-01,2.320227048920633570e-02
2.500000000000000139e-02,2.393339217271492694e-02,6.178955904079132602e-03,1.676972737698677562e+01,5.023761305078954242e-01,2.395142952461933733e-02
2.583333333333333662e-02,2.466095938789273148e-02,6.585228476805816446e-03,1.631344588614025426e+01,5.161607860341983489e-01,2.469824455398334645e-02
2.666666666666666838e-02,2.538293684089821395e-02,7.001355616012352144e-03,1.586340067656943020e+01,5.295678054353273323e-01,2.544292877545669199e-02
2.750000000000000014e-02,2.609935054141579447e-02,7.426992027197831109e-03,1.542143153733233518e+01,5.426031521911197641e-01,2.618568657438203467e-02
2.833333333333333537e-02,2.681023526594814022e-02,7.861801731741967225e-03,1.498901102611237235e+01,5.552741699258884056e-01,2.692671210035697121e-02
2.916666666666666713e-02,2.751563333349447971e-02,8.305458897641480182e-03,1.456726879472976144e+01,5.675892865179059665e-01,2.766618841046019836e-02
3.000000000000000236e-02,2.821559348474889442e-02,8.757648418383221986e-03,1.415701933339214058e+01,5.795577399046234479e-01,2.840428711700754283e-02
3.083333333333333412e-02,2.891016987353963244e-02,9.218066268091329105e-03,1.375879190111221284e+01,5.911893279190002515e-01,2.914116847086534179e-02
3.166666666666666935e-02,2.959942117482859333e-02,9.686419661261221059e-03,1.337286160452906714e+01,6.024941835463507589e-01,2.987698180807553741e-02
3.250000000000000111e-02,3.028340980984157646e-02,1.016242704481130389e-02,1.299928078161582690e+01,6.134825762072444455e-01,3.061186628747899000e-02
3.333333333333333287e-02,3.096220128579145123e-02,1.064581794903817803e-02,1.263791002974116928e+01,6.241647390453098909e-01,3.134595184933070683e-02
3.416666666666667157e-02,3.163586364514734545e-02,1.113633272252219884e-02,1.228844838167886344e+01,6.345507217167349889e-01,3.207936032884302346e-02
3.500000000000000333e-02,3.230446701743688170e-02,1.163372217424018910e-02,1.195046227361879687e+01,6.446502678231089689e-01,3.281220666355841309e-02
3.583333333333333509e-02,3.296808326508041814e-02,1.213774714421516493e-02,1.162341306366040072e+01,6.544727158803086420e-01,3.354460013896634618e-02
3.666666666666666685e-02,3.362678571368021840e-02,1.264817802205660778e-02,1.130668294730549839e+01,6.640269225515443852e-01,3.427664562250348768e-02
3.750000000000000555e-02,3.428064895646146942e-02,1.316479423078271288e-02,1.099959917936611653e+01,6.733212067709909432e-01,3.500844474180268145e-02
3.833333333333333731e-02,3.492974872213069903e-02,1.368738369140980182e-02,1.070145655195185164e+01,6.823633133257067662e-01,3.574009696868109265e-02
3.916666666666666907e-02,3.557416179523412159e-02,1.421574228196872264e-02,1.041153809919190643e+01,6.911603944303499336e-01,3.647170057586263114e-02
4.000000000000000083e-02,3.621396597812694129e-02,1.474967330287388356e-02,1.012913400508243456e+01,6.997190078071309216e-01,3.720335343885490531e-02
4.083333333333333259e-02,3.684924008387699401e-02,1.528898695892897883e-02,9.853558685691687913e+00,7.080451297616201511e-01,3.793515366081846169e-02
4.166666666666667129e-02,3.748006394980219619e-02,1.583349986669802673e-02,9.584166005387597664e+00,7.161441817162366164e-01,3.866720000375881150e-02
4.250000000000000305e-02,3.810651846186732805e-02,1.638303459449207480e-02,9.320362573163896158e+00,7.240210686239664239e-01,3.939959211500667496e-02
4.333333333333333481e-02,3.872868558083206875e-02,1.693741924081076933e-02,9.061619053607966379e+00,7.316802276351213052e-01,4.013243054376607749e-02
4.416666666666666657e-02,3.934664836184065262e-02,1.749648705572486029e-02,8.807479421135212760e+00,7.391256853329309928e-01,4.086581654849227863e-02
4.500000000000000527e-02,3.996049096006584062e-02,1.806007610838565244e-02,8.557568088648274340e+00,7.463611217953408650e-01,4.159985170194792359e-02
4.583333333333333703e-02,4.057029861605494087e-02,1.862802900259847433e-02,8.311594854709285940e+00,7.533899396884066180e-01,4.233463730685208676e-02
4.666666666666666879e-02,4.117615761555872694e-02,1.920019264120330360e-02,8.069357637550236717e+00,7.602153365601813650e-01,4.307027364090780519e-02
4.750000000000000056e-02,4.177815521983505725e-02,1.977641803887442151e-02,7.830742999585319275e+00,7.668403784923211175e-01,4.380685905544814962e-02
4.833333333333333925e-02,4.237637956368271036e-02,2.035656018189536259e-02,7.595724511209013485e+00,7.732680732884854580e-01,4.454448895673285974e-02
4.916666666666667102e-02,4.297091951974630480e-02,2.094047793250031902e-02,7.364359055199639847e+00,7.795014414411557402e-01,4.528325470280315790e-02
5.000000000000000278e-02,4.356186452890545291e-02,2.152803397451666378e-02,7.136781229775317037e+00,7.855435832265619256e-01,4.602324245152640547e-02
5.083333333333333454e-02,4.414930439778234211e-02,2.211909479631232398e-02,6.913196065428497405e+00,7.913977404328967902e-01,4.676453199684102446e-02
5.166666666666667324e-02,4.473332906553346283e-02,2.271353070646342509e-02,6.693870323980118719e+00,7.970673514284837280e-01,4.750719563011505941e-02
5.250000000000000500e-02,4.531402834309568306e-02,2.331121587712446999e-02,6.479122693804344024e+00,8.025560985192272678e-01,4.825129706191051693e-02
5.333333333333333676e-02,4.589149162890151373e-02,2.391202840981469790e-02,6.269313229294018797e+00,8.078679468205182124e-01,4.899689043634233854e-02
5.416666666666666852e-02,4.646580760573564700e-02,2.451585041823302683e-02,6.064832402556401547e+00,8.130071741671225372e-01,4.974401946577101941e-02
5.500000000000000028e-02,4.703706392385627322e-02,2.512256812277787604e-02,5.866090139284379390e+00,8.179783918928895670e-01,5.049271670799605760e-02
5.583333333333333898e-02,4.760534687573993867e-02,2.573207195166751435e-02,5.673505198172906105e+00,8.227865566168300893e-01,5.124300300171490130e-02
5.666666666666667074e-02,4.817074106782879422e-02,2.634425664391659011e-02,5.487495224817518391e+00,8.274369734597427639e-01,5.199488706912643726e-02
5.750000000000000250e-02,4.873332909447392058e-02,2.695902134990472293e-02,5.308467768566479172e+00,8.319352913736527411e-01,5.274836528755301457e-02
5.833333333333333426e-02,4.929319121889733091e-02,2.757626972584877045e-02,5.136812497088499185e+00,8.362874914843423380e-01,5.350342162519521050e-02
5.916666666666667296e-02,4.985040506546582761e-02,2.819591001913468453e-02,4.972894781929787733e+00,8.404998695172666290e-01,5.426002772994819451e-02
6.000000000000000472e-02,5.040504532691442857e-02,2.881785514214896260e-02,4.817050762885648929e+00,8.445790134942730010e-01,5.501814315487461859e-02
6.083333333333333648e-02,5.095718348941264547e-02,2.944202273294557748e-02,4.669583933423899325e+00,8.485317779510685998e-01,5.577771569965350729e-02
6.166666666666666824e-02,5.150688757757051345e-02,3.006833520176503682e-02,4.530763227181974884e+00,8.523652559346543978e-01,5.653868184423184451e-02
6.250000000000000000e-02,5.205422192067091225e-02,3.069671976306476147e-02,4.400822529650464610e+00,8.560867500000012287e-01,5.730096724904452932e-02
6.333333333333333870e-02,5.259924694062329681e-02,3.132710845330358845e-02,4.279961491729981304e+00,8.597037433422430874e-01,5.806448729550754695e-02
6.416666666666667740e-02,5.314201896139247178e-02,3.195943813523253324e-02,4.168347484226868183e+00,8.632238720822251743e-01,5.882914764093739868e-02
6.500000000000000222e-02,5.368259003898845361e-02,3.259365048986770375e-02,4.066118504993395888e+00,8.666548995777335618e-01,5.959484476346783854e-02
6.583333333333334092e-02,5.422100781052904828e-02,3.322969199765204301e-02,3.973386832984969086e+00,8.700046934685579103e-01,6.036146647475158777e-02
6.666666666666666574e-02,5.475731536041855696e-02,3.386751391054746568e-02,3.890243214998162280e+00,8.732812059885508571e-01,6.112889238106990891e-02
6.750000000000000444e-02,5.529155110133265882e-02,3.450707221693873755e-02,3.816761369770675483e+00,8.764924578988712023e-01,6.189699427674942578e-02
6.833333333333334314e-02,5.582374866746292463e-02,3.514832760127641065e-02,3.753002598657024347e+00,8.796465262190494849e-01,6.266563645734371524e-02
6.916666666666666796e-02,5.635393681735628019e-02,3.579124540034491625e-02,3.699020300304463937e+00,8.827515357602834234e-01,6.343467594374951890e-02
7.000000000000000666e-02,5.688213934368090835e-02,3.643579555791693486e-02,3.654864196748469851e+00,8.858156543007221773e-01,6.420396261219699086e-02
7.083333333333333148e-02,5.740837498735686800e-02,3.708195257935396200e-02,3.620584088421639368e+00,8.888470910862097396e-01,6.497333922882864155e-02
7.166666666666667018e-02,5.793265735370348168e-02,3.772969548744022072e-02,3.596232964328824888e+00,8.918540981915225041e-01,6.574264139134222695e-02
7.250000000000000888e-02,5.845499482857050011e-02,3.837900778039710775e-02,3.581869300090338104e+00,8.948449741350305020e-01,6.651169738394258069e-02
7.333333333333333370e-02,5.897539049283576085e-02,3.902987739262323702e-02,3.577558380170418495e+00,8.978280690018057841e-01,6.728032795567404079e-02
7.416666666666667240e-02,5.949384203416488437e-02,3.968229665824170305e-02,3.583372481391891018e+00,9.008117901941233852e-01,6.804834603616510824e-02
7.500000000000001110e-02,6.001034165554081090e-02,4.033626227701447159e-02,3.599389753356912358e+00,9.038046077919353882e-01,6.881555640700086351e-02
7.583333333333333592e-02,6.052487598078389736e-02,4.099177528160498352e-02,3.625691628818649370e+00,9.068150583678418197e-01,6.958175535144339729e-02
7.666666666666667462e-02,6.103742595809964755e-02,4.164884100453487836e-02,3.662358595179292742e+00,9.098517459611743519e-01,7.034673031013559397e-02
7.749999999999999944e-02,6.154796676361463936e-02,4.230746904249266249e-02,3.709464159575432074e+00,9.129233387756554574e-01,7.111025957582406409e-02
7.833333333333333814e-02,6.205646770789370603e-02,4.296767321491671426e-02,3.767066847548745656e+00,9.160385600286239383e-01,7.187211206606063107e-02
7.916666666666667684e-02,6.256289214957121148e-02,4.362947151299942372e-02,3.835200092794785132e+00,9.192061712537671347e-01,7.263204721927560281e-02
8.000000000000000167e-02,6.306719742147219587e-02,4.429288603446027150e-02,3.913859907157857698e+00,9.224349462537473343e-01,7.338981506647916653e-02
8.083333333333334036e-02,6.356933477593040838e-02,4.495794289863234289e-02,4.002990270456354693e+00,9.257336338277533105e-01,7.414515653796074912e-02
8.166666666666666519e-02,6.406924935740779259e-02,4.562467213563062979e-02,4.102466253489120973e+00,9.291109073793972772e-01,7.489780407142654362e-02
8.250000000000000389e-02,6.456688021194796623e-02,4.629310754266208888e-02,4.212074988913917295e+00,9.325752995637318632e-01,7.564748259460354896e-02
8.333333333333334259e-02,6.506216034440165386e-02,4.696328649994683385e-02,4.331494736853473526e+00,9.361351202828016582e-01,7.639391096083959776e-02
8.416666666666666741e-02,6.555501683567666049e-02,4.763524973831294307e-02,4.460272456590292478e+00,9.397983566134031630e-01,7.713680391985111573e-02
8.500000000000000611e-02,6.604537103339708226e-02,4.830904105037540225e-02,4.597800491444038684e+00,9.435725536750841913e-01,7.787587470652737598e-02
8.583333333333334481e-02,6.653313883019647268e-02,4.898470693739730153e-02,4.743293196155367042e+00,9.474646760449173533e-01,7.861083832741802557e-02
8.666666666666666963e-02,6.701823104428797362e-02,4.966229618454439526e-02,4.895764575518036565e+00,9.514809501164478434e-01,7.934141561587976232e-02
8.750000000000000833e-02,6.750055391680466477e-02,5.034185935836704012e-02,5.054008244931040394e+00,9.556266887916350372e-01,8.006733811142049961e-02
8.833333333333333315e-02,6.798000973953265136e-02,5.102344822205032854e-02,5.216581247530470478e+00,9.599061010801606120e-01,8.078835379515456050e-02
8.916666666666667185e-02,6.845649762491511081e-02,5.170711506631723436e-02,5.381793442589245302e+00,9.643220905343772298e-01,8.150423368025437598e-02
9.000000000000001055e-02,6.892991442745079189e-02,5.239291195686770347e-02,5.547704285420019588e+00,9.688760479210477561e-01,8.221477921302644543e-02
9.083333333333333537e-02,6.940015582174269282e-02,5.308088990286392167e-02,5.712128817186601815e+00,9.735676450471337784e-01,8.291983038659139771e-02
9.166666666666667407e-02,6.986711753742148867e-02,5.377109795514068563e-02,5.872654541814016582e+00,9.783946381133841186e-01,8.361927440589950189e-02
9.250000000000001277e-02,7.033069674499928259e-02,5.446358224737960635e-02,6.026670559813885220e+00,9.833526902390624658e-01,8.431305467201774539e-02
9.333333333333333759e-02,7.079079357952255958e-02,5.515838499821472396e-02,6.171409838874854614e+00,9.884352237385161111e-01,8.500117977884216747e-02
9.416666666666667629e-02,7.124731278092023834e-02,5.585554349684669628e-02,6.304004827714551062e+00,9.936333131829283571e-01,8.568373214183003239e-02
9.500000000000000111e-02,7.170016542153509476e-02,5.655508909889362529e-02,6.421555782484582586e+00,9.989356301038445629e-01,8.636087581282661518e-02
9.583333333333333981e-02,7.214927068295325097e-02,5.725704626252851176e-02,6.521210216904703927e+00,1.004328449270256884e+00,8.703286298568449486e-02
9.666666666666667851e-02,7.259455763647555682e-02,5.796143165707681039e-02,6.600250875081735913e+00,1.009795724725251365e+00,8.770003867291845112e-02
9.750000000000000333e-02,7.303596697504478874e-02,5.866825337684759140e-02,6.656188647318123763e+00,1.015319241192917943e+00,8.836284304260069722e-02
9.833333333333334203e-02,7.347345263980845087e-02,5.937751029180054346e-02,6.686856005803437419e+00,1.020878843131718616e+00,8.902181095407785127e-02
9.916666666666666685e-02,7.390698328237350900e-02,6.008919156358540070e-02,6.690495934023537039e+00,1.026452739773313194e+00,8.967756832501819209e-02
1.000000000000000056e-01,7.433654350469684480e-02,6.080327635055609442e-02,6.665841056300201295e+00,1.032017880185948089e+00,9.033082510075579608e-02
1.008333333333333443e-01,7.476213482277237199e-02,6.151973371874779745e-02,6.612177813235557089e+00,1.037550388048254613e+00,9.098236477473910233e-02
1.016666666666666691e-01,7.518377630789986610e-02,6.223852276786619869e-02,6.529391108894875728e+00,1.043026041765808820e+00,9.163303061545832739e-02
1.025000000000000078e-01,7.560150487014463683e-02,6.295959297256097098e-02,6.417985863551301406e+00,1.048420782170994769e+00,9.228370897477369827e-02
1.033333333333333465e-01,7.601537516212207579e-02,6.368288473022541696e-02,6.279083278622458408e+00,1.053711227646900506e+00,9.293531026557347308e-02
1.041666666666666713e-01,7.642545909669506976e-02,6.440833009790250530e-02,6.114391248085651043e+00,1.058875175366362109e+00,9.358874838199815471e-02
1.050000000000000100e-01,7.683184498856836242e-02,6.513585369318025675e-02,5.926150087158783997e+00,1.063892067589380597e+00,9.424491947295732253e-02
1.058333333333333348e-01,7.723463634598877470e-02,6.586537372773876298e-02,5.717056429301295317e+00,1.068743403637905542e+00,9.490468105310345681e-02
1.066666666666666735e-01,7.763395035367980090e-02,6.659680313784516192e-02,5.490169603168311596e+00,1.073413081151434634e+00,9.556883243492897417e-02
1.075000000000000122e-01,7.802991610071227657e-02,6.733005077379056180e-02,5.248805901371812688e+00,1.077887654278326446e+00,9.623809738933569724e-02
1.083333333333333370e-01,7.842267261639876419e-02,6.806502261006072696e-02,4.996426793032156866e+00,1.082156501234328161e+00,9.691310979649714330e-02
1.091666666666666757e-01,7.881236678293612741e-02,6.880162293979426302e-02,4.736527265510106055e+00,1.086211898758720817e+00,9.759440284838677426e-02
1.100000000000000006e-01,7.919915119517609292e-02,6.953975552053522080e-02,4.472530118123716036e+00,1.090049006001901466e+00,9.828240212900696271e-02
1.108333333333333393e-01,7.958318203568248705e-02,7.027932464305826354e-02,4.207691236095494780e+00,1.093665764899492743e+00,9.897742265112867421e-02
1.116666666666666780e-01,7.996461702754743828e-02,7.102023610070132276e-02,3.945019752399315127e+00,1.097062727811365601e+00,9.967966969215513728e-02
1.125000000000000028e-01,8.034361351894517278e-02,7.176239804274685274e-02,3.687215690113051725e+00,1.100242825912412403e+00,1.003892430665404290e-01
1.133333333333333415e-01,8.072032674291840237e-02,7.250572170153160578e-02,3.436626307041613870e+00,1.103211093411226917e+00,1.011061443128875303e-01
1.141666666666666802e-01,8.109490828430479525e-02,7.325012198878473602e-02,3.195221066241997754e+00,1.105974363150095119e+00,1.018302861689408534e-01
1.150000000000000050e-01,8.146750477388509104e-02,7.399551796191475295e-02,2.964584035041632148e+00,1.108540948608963239e+00,1.025615036591265572e-01
1.158333333333333437e-01,8.183825681853709733e-02,7.474183316539312338e-02,2.745921642713168076e+00,1.110920325974694478e+00,1.032995661231784212e-01
1.166666666666666685e-01,8.220729816602896645e-02,7.548899585590707062e-02,2.540083138698405740e+00,1.113122827966949169e+00,1.040441895623255009e-01
1.175000000000000072e-01,8.257475509451672746e-02,7.623693912254318750e-02,2.347590790776949543e+00,1.115159358770897224e+00,1.047950487603467318e-01
1.183333333333333459e-01,8.294074601007316028e-02,7.698560091494506541e-02,2.168676819532832756e+00,1.117041136941859580e+00,1.055517887383135428e-01
1.191666666666666707e-01,8.330538123074153478e-02,7.773492399324566371e-02,2.003324235944715870e+00,1.118779470714975188e+00,1.063140352123374266e-01
1.200000000000000094e-01,8.366876293260588904e-02,7.848485581371768272e-02,1.851309076363988559e+00,1.120385567928437132e+00,1.070814038330155094e-01
1.208333333333333343e-01,8.403098523201397996e-02,7.923534836364799772e-02,1.712241954704164515e+00,1.121870380858048799e+00,1.078535080857242756e-01
1.216666666666666730e-01,8.439213437812456697e-02,7.998635795806227633e-02,1.585607320867013836e+00,1.123244484722870196e+00,1.086299658171941268e-01
1.225000000000000117e-01,8.475228903108235345e-02,8.073784500973599232e-02,1.470799281705730932e+00,1.124517987473942160e+00,1.094104044230818640e-01
1.233333333333333365e-01,8.511152060305544886e-02,8.148977378255214954e-02,1.367153271874869125e+00,1.125700467704600749e+00,1.101944647828191071e-01
1.241666666666666752e-01,8.546989364182040749e-02,8.224211213680646115e-02,1.273973234191116077e+00,1.126800937082128140e+00,1.109818040627220948e-01
1.250000000000000000e-01,8.582746623930438690e-02,8.299483127360372803e-02,1.190554270867576037e+00,1.127827823542569163e+00,1.117720975281724372e-01
1.258333333333333526e-01,8.618429045029175894e-02,8.374790548410016022e-02,1.116200955359049285e+00,1.128788971553496889e+00,1.125650395131894271e-01
1.266666666666666774e-01,8.654041270921787599e-02,8.450131190806843551e-02,1.050241653399033304e+00,1.129691655973812825e+00,1.133603436936954645e-01
1.275000000000000022e-01,8.689587423549641199e-02,8.525503030512762703e-02,9.920392993215333410e-01,1.130542606370779746e+00,1.141577428019232010e-01
1.283333333333333548e-01,8.725071142008776481e-02,8.600904284099851471e-02,9.409991204738004100e-01,1.131348039045694476e+00,1.149569879061270450e-01
1.291666666666666796e-01,8.760495618797889406e-02,8.676333389032263310e-02,8.965738096621346243e-01,1.132113694433251050e+00,1.157578473640635264e-01
1.300000000000000044e-01,8.795863633289920103e-02,8.751788985691225098e-02,8.582666238624934163e-01,1.132844877947219553e+00,1.165601055421754684e-01
1.308333333333333293e-01,8.831177582195146036e-02,8.827269901176633404e-02,8.256328463536806161e-01,1.133546502726476390e+00,1.173635613762230023e-01
1.316666666666666818e-01,8.866439506891576894e-02,8.902775134878057606e-02,7.982799968403473390e-01,1.134223133077807200e+00,1.181680268340581097e-01
1.325000000000000067e-01,8.901651117581779737e-02,8.978303845777786674e-02,7.758671161294136143e-01,1.134879027708211252e+00,1.189733253278288799e-01
1.333333333333333315e-01,8.936813814297678293e-02,9.053855341427290149e-02,7.581033929522233983e-01,1.135518182086995287e+00,1.197792901113904906e-01
1.341666666666666841e-01,8.971928704819878697e-02,9.129429068524151647e-02,7.447463435796144449e-01,1.136144369477216864e+00,1.205857626891710388e-01
1.350000000000000089e-01,9.006996619609454469e-02,9.205024605007744443e-02,7.355997017630783175e-01,1.136761180329443066e+00,1.213925912551650221e-01
1.358333333333333337e-01,9.042018123871045643e-02,9.280641653586940709e-02,7.305111281479220731e-01,1.137372059841905925e+00,1.221996291749928160e-01
1.366666666666666863e-01,9.076993526879746643e-02,9.356280036610686857e-02,7.293698048955730151e-01,1.137980343564007457e+00,1.230067335199306333e-01
1.375000000000000111e-01,9.111922888713365476e-02,9.431939692191194935e-02,7.321039426684989859e-01,1.138589290958825773e+00,1.238137636593228674e-01
1.383333333333333359e-01,9.146806024538725599e-02,9.507620671488688224e-02,7.386781930179285860e-01,1.139202116848695212e+00,1.246205799166819894e-01
1.391666666666666885e-01,9.181642506607792797e-02,9.583323137065064001e-02,7.490909291864501496e-01,1.139822020649613687e+00,1.254270422949124164e-01
1.400000000000000133e-01,9.216431664128743595e-02,9.659047362210937404e-02,7.633713321174556699e-01,1.140452213258490222e+00,1.262330092773347456e-01
1.408333333333333381e-01,9.251172581190093835e-02,9.734793731145433004e-02,7.815761959937865822e-01,1.141095941395203317e+00,1.270383367134058916e-01
1.416666666666666630e-01,9.285864092934247027e-02,9.810562739980166480e-02,8.037863491558914220e-01,1.141756509122348939e+00,1.278428768011076744e-01
1.425000000000000155e-01,9.320504780201506467e-02,9.886354998327966104e-02,8.301025723870243400e-01,1.142437296172991834e+00,1.286464771817789066e-01
1.433333333333333404e-01,9.355092962897586240e-02,9.962171231422320417e-02,8.606408883046192670e-01,1.143141772614946650e+00,1.294489801675395846e-01
1.441666666666666652e-01,9.389626692377540940e-02,1.003801228259560557e-01,8.955270943561558505e-01,1.143873509274388578e+00,1.302502221262131776e-01
1.450000000000000178e-01,9.424103743186873494e-02,1.011387911594252287e-01,9.348904194127374279e-01,1.144636183238459060e+00,1.310500330535558922e-01
1.458333333333333426e-01,9.458521604556066609e-02,1.018977281897070625e-01,9.788562021381642664e-01,1.145433577664105362e+00,1.318482363673598168e-01
1.466666666666666674e-01,9.492877472106668602e-02,1.026569460501355752e-01,1.027537520189032660e+00,1.146269575048408429e+00,1.326446489622406522e-01
1.475000000000000200e-01,9.527168240293584778e-02,1.034164581515219505e-01,1.081025744673075772e+00,1.147148143075434223e+00,1.334390815672224506e-01
1.483333333333333448e-01,9.561390496176570830e-02,1.041762791936575727e-01,1.139380055432040351e+00,1.148073312158811365e+00,1.342313394500886659e-01
1.491666666666666696e-01,9.595540515180342456e-02,1.049364251660391267e-01,1.202616029978698764e+00,1.149049143861065936e+00,1.350212235123342541e-01
1.500000000000000222e-01,9.629614259562394030e-02,1.056969133345492806e-01,1.270693511322408042e+00,1.150079689503274771e+00,1.358085318158463450e-01
1.508333333333333470e-01,9.663607380354984067e-02,1.064577622106996357e-01,1.343504064725807190e+00,1.151168938493294824e+00,1.365930615766039469e-01
1.516666666666666718e-01,9.697515223576190502e-02,1.072189915000244520e-01,1.420858445812454240e+00,1.152320756206019148e+00,1.373746116512171989e-01
1.524999999999999967e-01,9.731332841507497888e-02,1.079806220263362371e-01,1.502474615267926916e+00,1.153538811648135987e+00,1.381529855286478814e-01
1.533333333333333492e-01,9.765055009805086172e-02,1.087426756288509405e-01,1.587966939278105061e+00,1.154826495629196925e+00,1.389279948217888028e-01
1.541666666666666741e-01,9.798676251142161842e-02,1.095051750296838350e-01,1.676837298574380242e+00,1.156186830728302084e+00,1.396994632318137586e-01
1.549999999999999989e-01,9.832190865965052817e-02,1.102681436699281398e-01,1.768468880096683904e+00,1.157622374969415002e+00,1.404672309327604784e-01
1.558333333333333515e-01,9.865592970782745275e-02,1.110316055134587671e-01,1.862123431384846928e+00,1.159135121765865639e+00,1.412311592954837991e-01
1.566666666666666763e-01,9.898876544197532379e-02,1.117955848187458384e-01,1.956942707812474591e+00,1.160726399323864566e+00,1.419911358401416412e-01
1.575000000000000011e-01,9.932035480625904522e-02,1.125601058802853938e-01,2.051954728692908958e+00,1.162396773255741866e+00,1.427470792763912422e-01
1.583333333333333537e-01,9.965063651360288322e-02,1.133251927427074007e-01,2.146085276871287917e+00,1.164145956591393638e+00,1.434989444624938382e-01
1.591666666666666785e-01,9.997954972294549603e-02,1.140908688921372233e-01,2.238174830635727641e+00,1.165972731636188309e+00,1.442467270908543708e-01
1.600000000000000033e-01,1.003070347729383416e-01,1.148571569308773493e-01,2.327000816762786251e+00,1.167874888155937763e+00,1.449904678905938327e-01
1.608333333333333559e-01,1.006330339585061739e-01,1.156240782428422931e-01,2.411304736741668453e+00,1.169849182136564636e+00,1.457302561299523846e-01
1.616666666666666807e-01,1.009574923335448127e-01,1.163916526583211319e-01,2.489823368778325996e+00,1.171891318847197994e+00,1.464662322047593779e-01
1.625000000000000056e-01,1.012803585203486539e-01,1.171598981274573070e-01,2.561322914965778352e+00,1.173995963132091314e+00,1.471985891154458659e-01
1.633333333333333304e-01,1.016015855043503197e-01,1.179288304122406150e-01,2.624634677043512720e+00,1.176156778795428570e+00,1.479275726648955347e-01
1.641666666666666829e-01,1.019211313916038031e-01,1.186984628067419695e-01,2.678690635246367968e+00,1.178366497675549462e+00,1.486534802526058852e-01
1.650000000000000078e-01,1.022389601062925479e-01,1.194688058947564052e-01,2.722557197813778807e+00,1.180617017605991137e+00,1.493766581957819140e-01
1.658333333333333326e-01,1.025550420064776092e-01,1.202398673529635337e-01,2.755465400569836021e+00,1.182899527021984198e+00,1.500974975725320182e-01
1.666666666666666852e-01,1.028693543983277281e-01,1.210116518062104574e-01,2.776835972629013938e+00,1.185204652594150421e+00,1.508164286526007258e-01
1.675000000000000100e-01,1.031818819321256298e-01,1.217841607396547149e-01,2.786297939688316738e+00,1.187522625057615855e+00,1.515339140524866179e-01
1.683333333333333348e-01,1.034926168672799379e-01,1.225573924703825673e-01,2.783699792550921259e+00,1.189843457446048802e+00,1.522504408192909553e-01
1.691666666666666874e-01,1.038015591981781560e-01,1.233313421788716502e-01,2.769112677250617160e+00,1.192157129308466068e+00,1.529665117060963753e-01
1.700000000000000122e-01,1.041087166377341888e-01,1.241060019984363966e-01,2.742825528925850964e+00,1.194453770227706269e+00,1.536826359464500691e-01
1.708333333333333370e-01,1.044141044606216595e-01,1.248813611587126227e-01,2.705332535635931013e+00,1.196723836087940418e+00,1.543993198629529662e-01
1.716666666666666896e-01,1.047177452131468484e-01,1.256574061774208828e-01,2.657313742821397984e+00,1.198958272037297768e+00,1.551170576527654277e-01
1.725000000000000144e-01,1.050196683012246113e-01,1.264341210931920478e-01,2.599609961341587727e+00,1.201148656914032387e+00,1.558363226804218016e-01
1.733333333333333393e-01,1.053199094717406775e-01,1.272114877312025827e-01,2.533193397555365323e+00,1.203287324980239381e+00,1.565575595768242678e-01
1.741666666666666641e-01,1.056185102055340330e-01,1.279894859927769024e-01,2.459135568737575994e+00,1.205367462049528049e+00,1.572811773953886605e-01
1.750000000000000167e-01,1.059155170422044490e-01,1.287680941599682605e-01,2.378574098338481768e+00,1.207383174410809890e+00,1.580075440160698119e-01
1.758333333333333415e-01,1.062109808579027453e-01,1.295472892063889159e-01,2.292679910732363879e+00,1.209329530247922779e+00,1.587369819202540389e-01
1.766666666666666663e-01,1.065049561172271425e-01,1.303270471061698799e-01,2.202626180330064187e+00,1.211202574452532099e+00,1.594697653894513178e-01
1.775000000000000189e-01,1.067975001194189921e-01,1.311073431338152795e-01,2.109560157454201335e+00,1.212999318759942158e+00,1.602061191133105911e-01
1.783333333333333437e-01,1.070886722573648198e-01,1.318881521487977326e-01,2.014578718493475584e+00,1.214717709958253566e+00,1.609462181320175378e-01
1.791666666666666685e-01,1.073785333056389985e-01,1.326694488599369781e-01,1.918708196067739014e+00,1.216356579505987412e+00,1.616901889879118481e-01
1.800000000000000211e-01,1.076671447511474977e-01,1.334512080658362410e-01,1.822888759482386378e+00,1.217915578237466656e+00,1.624381119232871651e-01
1.808333333333333459e-01,1.079545681770442411e-01,1.342334048688585135e-01,1.727963355752095032e+00,1.219395099952147676e+00,1.631900239366934624e-01
1.816666666666666707e-01,1.082408647076580771e-01,1.350160148612502553e-01,1.634671000859150736e+00,1.220796197600735766e+00,1.639459224983990659e-01
1.825000000000000233e-01,1.085260945193385618e-01,1.357990142830253488e-01,1.543644038063692658e+00,1.222120495533620232e+00,1.647057697258037801e-01
1.833333333333333481e-01,1.088103164195220601e-01,1.365823801520829883e-01,1.455408858127305249e+00,1.223370100907033242e+00,1.654694968296743507e-01
1.841666666666666730e-01,1.090935874940214684e-01,1.373660903677353384e-01,1.370389503870264480e+00,1.224547516891198784e+00,1.662370086598405350e-01
1.850000000000000255e-01,1.093759628206066731e-01,1.381501237893620893e-01,1.288913553722940808e+00,1.225655559831862584e+00,1.670081882020595931e-01
1.858333333333333504e-01,1.096574952453938934e-01,1.389344602922979732e-01,1.211219688710063913e+00,1.226697282016209645e+00,1.677829009038270536e-01
1.866666666666666752e-01,1.099382352173984001e-01,1.397190808033074438e-01,1.137466386282675712e+00,1.227675901214123177e+00,1.685609987339368454e-01
1.875000000000000000e-01,1.102182306758052871e-01,1.405039673181253113e-01,1.067741244006630064e+00,1.228594737726743658e+00,1.693423239068829744e-01
1.883333333333333526e-01,1.104975269840422353e-01,1.412891029035644175e-01,1.002070508258365633e+00,1.229457159290187507e+00,1.701267122274733312e-01
1.891666666666666774e-01,1.107761669045505826e-01,1.420744716866294832e-01,9.404284607234000282e-01,1.230266533860596478e+00,1.709139960324225216e-01
1.900000000000000022e-01,1.110541906081976699e-01,1.428600588329523580e-01,8.827463929129499842e-01,1.231026190049611557e+00,1.717040067237152745e-01
1.908333333333333548e-01,1.113316357125037348e-01,1.436458505166919863e-01,8.289209717994007187e-01,1.231739384784908298e+00,1.724965769030132601e-01
1.916666666666666796e-01,1.116085373432237071e-01,1.444318338838442017e-01,7.788218650832785528e-01,1.232409277633609301e+00,1.732915421273981127e-01
1.925000000000000044e-01,1.118849282142840573e-01,1.452179970106905471e-01,7.322985508267010335e-01,1.233038911140238447e+00,1.740887423145656976e-01
1.933333333333333570e-01,1.121608387215903974e-01,1.460043288588941668e-01,6.891862825197301312e-01,1.233631196487466219e+00,1.748880228305889073e-01
1.941666666666666818e-01,1.124362970467614187e-01,1.467908192285356794e-01,6.493112171713970593e-01,1.234188903779004143e+00,1.756892352959965875e-01
1.950000000000000067e-01,1.127113292673848077e-01,1.475774587101754964e-01,6.124947413817350972e-01,1.234714656261734600e+00,1.764922381466226542e-01
1.958333333333333592e-01,1.129859594709107101e-01,1.483642386368372590e-01,5.785570495593433948e-01,1.235210927841293493e+00,1.772968969849119392e-01
1.966666666666666841e-01,1.132602098697867710e-01,1.491511510366342608e-01,5.473200406947527075e-01,1.235680043295566133e+00,1.781030847555227226e-01
1.975000000000000089e-01,1.135341009158855330e-01,1.499381885866057917e-01,5.186096066349672462e-01,1.236124180648620285e+00,1.789106817764937740e-01
1.983333333333333337e-01,1.138076514126750982e-01,1.507253445681946691e-01,4.922573868422811527e-01,1.236545375229235910e+00,1.797195756542329104e-01
1.991666666666666863e-01,1.140808786239371209e-01,1.515126128246815362e-01,4.681020632720501728e-01,1.236945525000116897e+00,1.805296611073746171e-01
2.000000000000000111e-01,1.143537983781406087e-01,1.522999877207922292e-01,4.459902652414468038e-01,1.237326396803664075e+00,1.813408397213182033e-01
2.008333333333333359e-01,1.146264251678401069e-01,1.530874641046134910e-01,4.257771488015340000e-01,1.237689633226181973e+00,1.821530196521329859e-01
2.016666666666666885e-01,1.148987722436836389e-01,1.538750372718838966e-01,4.073267088297240490e-01,1.238036759833528233e+00,1.829661152955885384e-01
2.025000000000000133e-01,1.151708517027955347e-01,1.546627029326739233e-01,3.905118753444660751e-01,1.238369192576934230e+00,1.837800469343960075e-01
2.033333333333333381e-01,1.154426745714442759e-01,1.554504571804259383e-01,3.752144387948546655e-01,1.238688245207825611e+00,1.845947403743583848e-01
2.041666666666666907e-01,1.157142508820210580e-01,1.562382964632919868e-01,3.613248425696343191e-01,1.238995136575060885e+00,1.854101265780357666e-01
2.050000000000000155e-01,1.159855897444451306e-01,1.570262175576827846e-01,3.487418748867234242e-01,1.239290997707334308e+00,1.862261413027272994e-01
2.058333333333333404e-01,1.162566994121811276e-01,1.578142175439236627e-01,3.373722866772803641e-01,1.239576878607985932e+00,1.870427247480455912e-01
2.066666666666666929e-01,1.165275873431042414e-01,1.586022937839002001e-01,3.271303571237217933e-01,1.239853754709569600e+00,1.878598212170830561e-01
2.075000000000000178e-01,1.167982602554859944e-01,1.593904439005691120e-01,3.179374241642989873e-01,1.240122532951772882e+00,1.886773787941257163e-01
2.083333333333333426e-01,1.170687241793984118e-01,1.601786657592055019e-01,3.097213935251576511e-01,1.240384057459143596e+00,1.894953490410254682e-01
2.091666666666666674e-01,1.173389845038498025e-01,1.609669574502550216e-01,3.024162366527871626e-01,1.240639114805051069e+00,1.903136867136744903e-01
2.100000000000000200e-01,1.176090460199745585e-01,1.617553172736610478e-01,2.959614852535505936e-01,1.240888438855845433e+00,1.911323494995076644e-01
2.108333333333333448e-01,1.178789129606025582e-01,1.625437437245370875e-01,2.903017279555169528e-01,1.241132715194682490e+00,1.919512977765674422e-01
2.116666666666666696e-01,1.181485890365336494e-01,1.633322354800587906e-01,2.853861128438177075e-01,1.241372585128348804e+00,1.927704943943797100e-01
2.125000000000000222e-01,1.184180774698394834e-01,1.641207913874516144e-01,2.811678582388708603e-01,1.241608649282966548e+00,1.935899044766846711e-01
2.133333333333333470e-01,1.186873810245106242e-01,1.649094104529548466e-01,2.776037730460515496e-01,1.241841470796001934e+00,1.944094952459325953e-01
2.141666666666666718e-01,1.189565020347610053e-01,1.656980918316456608e-01,2.746537872698911475e-01,1.242071578112800223e+00,1.952292358693666907e-01
2.150000000000000244e-01,1.192254424312957084e-01,1.664868348180106594e-01,2.722804928250188161e-01,1.242299467396173140e+00,1.960490973264641390e-01
2.158333333333333492e-01,1.194942037658417722e-01,1.672756388371556824e-01,2.704486945645457885e-01,1.242525604557585428e+00,1.968690522974783919e-01
2.166666666666666741e-01,1.197627872342353628e-01,1.680645034365483292e-01,2.691249714634303958e-01,1.242750426918430406e+00,1.976890750728035606e-01
2.175000000000000266e-01,1.200311936983522038e-01,1.688534282781904705e-01,2.682772481219025673e-01,1.242974344509924389e+00,1.985091414828636935e-01
2.183333333333333515e-01,1.202994237071615957e-01,1.696424131311213279e-01,2.678743771762826520e-01,1.243197741020465319e+00,1.993292288481912089e-01
2.191666666666666763e-01,1.205674775171775431e-01,1.704314578641553668e-01,2.678857338058578952e-01,1.243420974400041290e+00,2.001493159493059615e-01
2.200000000000000011e-01,1.208353551125724568e-01,1.712205624387620195e-01,2.682808242868556792e-01,1.243644377132580026e+00,2.009693830159172689e-01
2.208333333333333537e-01,1.211030562252097820e-01,1.720097269019986164e-01,2.690289114462099951e-01,1.243868256189135435e+00,2.017894117348429106e-01
2.216666666666666785e-01,1.213705803548409956e-01,1.727989513794122300e-01,2.700986608803455091e-01,1.244092892677604922e+00,2.026093852758674707e-01
2.225000000000000033e-01,1.216379267896987165e-01,1.735882360678317471e-01,2.714578128907306764e-01,1.244318541208342843e+00,2.034292883345367176e-01
2.233333333333333559e-01,1.219050946277005637e-01,1.743775812279770021e-01,2.730728862011539415e-01,1.244545428999631165e+00,2.042491071906028521e-01
2.241666666666666807e-01,1.221720827984578706e-01,1.751669871768203601e-01,2.749089206022698462e-01,1.244773754752465988e+00,2.050688297805012827e-01
2.250000000000000056e-01,1.224388900862574958e-01,1.759564542796452913e-01,2.769292666452539131e-01,1.245003687330485720e+00,2.058884457818493385e-01
2.258333333333333581e-01,1.227055151541540795e-01,1.767459829417565298e-01,2.790954312945368443e-01,1.245235364287960556e+00,2.067079467075204069e-01
2.266666666666666829e-01,1.229719565692733579e-01,1.775355735998103701e-01,2.813669889557175452e-01,1.245468890296398179e+00,2.075273260063743019e-01
2.275000000000000078e-01,1.232382128293843249e-01,1.783252267127480029e-01,2.837015674183315794e-01,1.245704335528220685e+00,2.083465791672314826e-01
2.283333333333333603e-01,1.235042823907486625e-01,1.791149427523315296e-01,2.860549178928044611e-01,1.245941734063767070e+00,2.091657038221849119e-01
2.291666666666666852e-01,1.237701636972007857e-01,1.799047221933009477e-01,2.883810773816084527e-01,1.246181082395131368e+00,2.099846998448759161e-01
2.300000000000000100e-01,1.240358552103515005e-01,1.806945655031917120e-01,2.906326300272221164e-01,1.246422338106551786e+00,2.108035694389515102e-01
2.308333333333333348e-01,1.243013554407432220e-01,1.814844731318724369e-01,2.927610717712935129e-01,1.246665418815634530e+00,2.116223172116006856e-01
2.316666666666666874e-01,1.245666629797172048e-01,1.822744455008863951e-01,2.947172796255567162e-01,1.246910201462049894e+00,2.124409502268774785e-01
2.325000000000000122e-01,1.248317765316848821e-01,1.830644829927017270e-01,2.964520831294890635e-01,1.247156522029864600e+00,2.132594780334937934e-01
2.333333333333333370e-01,1.250966949464285272e-01,1.838545859399979554e-01,2.979169312443204487e-01,1.247404175785853608e+00,2.140779126619398454e-01
2.341666666666666896e-01,1.253614172509941171e-01,1.846447546151352148e-01,2.990646431635266556e-01,1.247652918108523634e+00,2.148962685861925959e-01
2.350000000000000144e-01,1.256259426806847213e-01,1.854349892199709804e-01,2.998502265270841516e-01,1.247902465970894825e+00,2.157145626459263665e-01
2.358333333333333393e-01,1.258902707086183292e-01,1.862252898762022102e-01,3.002317415909751541e-01,1.248152500124277253e+00,2.165328139260484785e-01
2.366666666666666918e-01,1.261544010732847942e-01,1.870156566164186407e-01,3.001711853527256335e-01,1.248402668010503813e+00,2.173510435915411432e-01
2.375000000000000167e-01,1.264183338035227977e-01,1.878060893760572225e-01,2.996353658238892770e-01,1.248652587406827497e+00,2.181692746769765823e-01
2.383333333333333415e-01,1.266820692403449744e-01,1.885965879864429651e-01,2.985967339284713584e-01,1.248901850781724221e+00,2.189875318316381048e-01
2.391666666666666941e-01,1.269456080550665777e-01,1.893871521690912718e-01,2.970341392191414021e-01,1.249150030312202508e+00,2.198058410228690696e-01
2.400000000000000189e-01,1.272089512632428865e-01,1.901777815314284747e-01,2.949334760034064140e-01,1.249396683485211934e+00,2.206242292020031415e-01
2.408333333333333437e-01,1.274721002339923304e-01,1.909684755640634057e-01,2.922881887252040123e-01,1.249641359178848887e+00,2.214427239389193391e-01
2.416666666666666685e-01,1.277350566943735999e-01,1.917592336397099528e-01,2.890996095946563593e-01,1.249883604094815581e+00,2.222613530328091114e-01
2.425000000000000211e-01,1.279978227285949177e-01,1.925500550138248002e-01,2.853771073976830719e-01,1.250122969393562489e+00,2.230801441080537684e-01
2.433333333333333459e-01,1.282604007719566064e-01,1.933409388269828333e-01,2.811380338966934511e-01,1.250359017369101711e+00,2.238991242050892283e-01
2.441666666666666707e-01,1.285227935995600923e-01,1.941318841089696434e-01,2.764074628624915708e-01,1.250591327992751411e+00,2.247183193767167131e-01
2.450000000000000233e-01,1.287850043099518227e-01,1.949228897845253217e-01,2.712177260490845621e-01,1.250819505154797895e+00,2.255377543004416230e-01
2.458333333333333481e-01,1.290470363040032709e-01,1.957139546806317132e-01,2.656077597530985823e-01,1.251043182440548795e+00,2.263574519170688248e-01
2.466666666666666730e-01,1.293088932594521345e-01,1.965050775351951662e-01,2.596222843752059029e-01,1.251262028292268846e+00,2.271774331049559725e-01
2.475000000000000255e-01,1.295705791016387165e-01,1.972962570069419497e-01,2.533108470348648389e-01,1.251475750430356415e+00,2.279977163980607957e-01
2.483333333333333504e-01,1.298320979710617107e-01,1.980874916863157864e-01,2.467267632733124438e-01,1.251684099434651420e+00,2.288183177542855440e-01
2.491666666666666752e-01,1.300934541884438966e-01,1.988787801071471573e-01,2.399259978300818663e-01,1.251886871418444569e+00,2.296392503787085815e-01
2.500000000000000000e-01,1.303546522180386302e-01,1.996701207588515714e-01,2.329660261719019021e-01,1.252083909761778635e+00,2.304605246042110978e-01
2.508333333333333526e-01,1.306156966299213407e-01,2.004615120989120813e-01,2.259047178435232284e-01,1.252275105905118480e+00,2.312821478298719424e-01
2.516666666666667052e-01,1.308765920619968381e-01,2.012529525654071505e-01,2.187992799285945755e-01,1.252460399237523614e+00,2.321041245154343846e-01
2.525000000000000022e-01,1.311373431824147950e-01,2.020444405893588868e-01,2.117052942441366714e-01,1.252639776143428918e+00,2.329264562282523099e-01
2.533333333333333548e-01,1.313979546530251175e-01,2.028359746066981106e-01,2.046758757587581468e-01,1.252813268297596760e+00,2.337491417374897851e-01
2.541666666666667074e-01,1.316584310944263481e-01,2.036275530696681213e-01,1.977609726179805072e-01,1.252980950317753805e+00,2.345721771490484886e-01
2.550000000000000044e-01,1.319187770530685366e-01,2.044191744575219183e-01,1.910068206078500419e-01,1.253142936898264503e+00,2.353955560737699126e-01
2.558333333333333570e-01,1.321789969707712342e-01,2.052108372863993835e-01,1.844555574032964163e-01,1.253299379555769200e+00,2.362192698209203134e-01
2.566666666666667096e-01,1.324390951569127672e-01,2.060025401183050719e-01,1.781449949859401916e-01,1.253450463119264668e+00,2.370433076088042379e-01
2.575000000000000067e-01,1.326990757634440299e-01,2.067942815691426739e-01,1.721085425439926597e-01,1.253596402093235529e+00,2.378676567845348089e-01
2.583333333333333592e-01,1.329589427627812237e-01,2.075860603157926865e-01,1.663752672425576618e-01,1.253737437013979994e+00,2.386923030454619066e-01
2.591666666666666563e-01,1.332186999285411011e-01,2.083778751022491160e-01,1.609700766183606857e-01,1.253873830907255460e+00,2.395172306554666786e-01
2.600000000000000089e-01,1.334783508190029999e-01,2.091697247448582320e-01,1.559140040401607030e-01,1.254005865940863274e+00,2.403424226501992833e-01
2.608333333333333615e-01,1.337378987631131222e-01,2.099616081367218223e-01,1.512245776192596702e-01,1.254133840349888063e+00,2.411678610263040257e-01
2.616666666666666585e-01,1.339973468487918595e-01,2.107535242513468854e-01,1.469162530113462539e-01,1.254258065695984081e+00,2.419935269106759379e-01
2.625000000000000111e-01,1.342566979132620852e-01,2.115454721456361820e-01,1.430008915261029023e-01,1.254378864506207947e+00,2.428194007067773774e-01
2.633333333333333637e-01,1.345159545350860797e-01,2.123374509623223716e-01,1.394882666296030360e-01,1.254496568322106098e+00,2.436454622159573702e-01
2.641666666666666607e-01,1.347751190275796596e-01,2.131294599319565608e-01,1.363865840537598351e-01,1.254611516176557418e+00,2.444716907325481248e-01
2.650000000000000133e-01,1.350341934332622840e-01,2.139214983745627019e-01,1.337030030935158487e-01,1.254724053504535419e+00,2.452980651122185218e-01
2.658333333333333659e-01,1.352931795190006614e-01,2.147135657010693643e-01,1.314441490750496155e-01,1.254834531484605664e+00,2.461245638136583813e-01
2.666666666666666630e-01,1.355520787715090159e-01,2.155056614146297900e-01,1.296166092460974695e-01,1.254943306800572866e+00,2.469511649141345189e-01
2.675000000000000155e-01,1.358108923928792733e-01,2.162977851119358419e-01,1.282274063350193338e-01,1.255050741807065107e+00,2.477778460998181220e-01
2.683333333333333681e-01,1.360696212958287799e-01,2.170899364846262114e-01,1.272844456440379302e-01,1.255157205078722971e+00,2.486045846320452113e-01
2.691666666666666652e-01,1.363282660983708983e-01,2.178821153208851114e-01,1.267969327096451770e-01,1.255263072319703577e+00,2.494313572908626042e-01
2.700000000000000178e-01,1.365868271176325643e-01,2.186743215073194413e-01,1.267757592303558334e-01,1.255368727608011881e+00,2.502581402973500513e-01
2.708333333333333703e-01,1.368453043625635079e-01,2.194665550311952484e-01,1.272338550998163009e-01,1.255474564947316019e+00,2.510849092163242591e-01
2.716666666666666674e-01,1.371036975253050461e-01,2.202588159831084524e-01,1.281865039783922355e-01,1.255580990096931915e+00,2.519116388411526963e-01
2.725000000000000200e-01,1.373620059710098096e-01,2.210511045601548930e-01,1.296516188874203002e-01,1.255688422648125968e+00,2.527383030625561799e-01
2.733333333333333726e-01,1.376202287259301882e-01,2.218434210696558773e-01,1.316499728267144786e-01,1.255797298311340127e+00,2.535648747234923173e-01
2.741666666666666696e-01,1.378783644636241423e-01,2.226357659334868011e-01,1.342053774184117088e-01,1.255908071373942336e+00,2.543913254625149722e-01
2.750000000000000222e-01,1.381364114891604489e-01,2.234281396930433428e-01,1.373448001047790634e-01,1.256021217281243718e+00,2.552176255484200351e-01
2.758333333333333748e-01,1.383943677212471357e-01,2.242205430148658252e-01,1.410984075315983022e-01,1.256137235284425557e+00,2.560437437095399171e-01
2.766666666666666718e-01,1.386522306722559328e-01,2.250129766969274359e-01,1.454995195207406666e-01,1.256256651087364062e+00,2.568696469617673950e-01
2.775000000000000244e-01,1.389099974261748527e-01,2.258054416755708171e-01,1.505844546069407264e-01,1.256380019409917281e+00,2.576953004402730563e-01
2.783333333333333770e-01,1.391676646145929841e-01,2.265979390330533916e-01,1.563922446730047211e-01,1.256507926367950612e+00,2.585206672409531836e-01
2.791666666666666741e-01,1.394252283909086232e-01,2.273904700056345318e-01,1.629641930247965609e-01,1.256640991550324715e+00,2.593457082788942492e-01
2.800000000000000266e-01,1.396826844030556458e-01,2.281830359921021290e-01,1.703432476474633361e-01,1.256779869650604731e+00,2.601703821725502297e-01
2.808333333333333237e-01,1.399400277651645375e-01,2.289756385625959789e-01,1.785731598176659718e-01,1.256925251487048589e+00,2.609946451638617271e-01
2.816666666666666763e-01,1.401972530287173835e-01,2.297682794675404150e-01,1.876973982504048233e-01,1.257077864219577013e+00,2.618184510861429892e-01
2.825000000000000289e-01,1.404543541539156892e-01,2.305609606464440464e-01,1.977577911584661452e-01,1.257238470548497355e+00,2.626417513931265102e-01
2.833333333333333259e-01,1.407113244821602549e-01,2.313536842362687029e-01,2.087928736842843414e-01,1.257407866658848405e+00,2.634644952639657589e-01
2.841666666666666785e-01,1.409681567107347877e-01,2.321464525790060407e-01,2.208359268279290188e-01,1.257586878659061824e+00,2.642866298000948189e-01
2.850000000000000311e-01,1.412248428709869386e-01,2.329392682280357896e-01,2.339127068804220944e-01,1.257776357256440214e+00,2.651081003304259220e-01
2.858333333333333282e-01,1.414813743115033995e-01,2.337321339527773101e-01,2.480388819556289814e-01,1.257977170418455248e+00,2.659288508412180896e-01
2.866666666666666807e-01,1.417377416879650187e-01,2.345250527410856489e-01,2.632172146833847703e-01,1.258190193792054767e+00,2.667488245458123353e-01
2.875000000000000333e-01,1.419939349615332858e-01,2.353180277987938218e-01,2.794345572327622262e-01,1.258416298697019764e+00,2.675679646070591167e-01
2.883333333333333304e-01,1.422499434077392766e-01,2.361110625457704948e-01,2.966587557437416200e-01,1.258656337577426676e+00,2.683862150214278430e-01
2.891666666666666829e-01,1.425057556379028534e-01,2.369041606078490791e-01,3.148355944088027658e-01,1.258911126889990184e+00,2.692035216683080212e-01
2.900000000000000355e-01,1.427613596350799929e-01,2.376973258040012416e-01,3.338859425170880302e-01,1.259181427530375874e+00,2.700198335207933953e-01
2.908333333333333326e-01,1.430167428064001711e-01,2.384905621281826760e-01,3.537032976110267568e-01,1.259467923047095983e+00,2.708351040053324499e-01
2.916666666666666852e-01,1.432718920533930518e-01,2.392838737253723536e-01,3.741519406899611599e-01,1.259771196063054655e+00,2.716492924872278003e-01
2.925000000000000377e-01,1.435267938615000238e-01,2.400772648614673266e-01,3.950659308953385351e-01,1.260091703509548466e+00,2.724623658474807919e-01
2.933333333333333348e-01,1.437814344094158758e-01,2.408707398868851490e-01,4.162491630988654490e-01,1.260429751465379278e+00,2.732743001045419562e-01
2.941666666666666874e-01,1.440357996982091771e-01,2.416643031939587072e-01,4.374766886213816153e-01,1.260785470570262801e+00,2.740850820229518980e-01
2.950000000000000400e-01,1.442898756993447051e-01,2.424579591684812296e-01,4.584974544795987206e-01,1.261158793129888211e+00,2.748947106406727237e-01
2.958333333333333370e-01,1.445436485198063059e-01,2.432517121360639467e-01,4.790385495055772269e-01,1.261549433131548659e+00,2.757031986392291523e-01
2.966666666666666896e-01,1.447971045815360236e-01,2.440455663042816470e-01,4.988109582580933510e-01,1.261956870426450106e+00,2.765105734767339118e-01
2.975000000000000422e-01,1.450502308114236527e-01,2.448395257018922688e-01,5.175167204656579978e-01,1.262380340292585057e+00,2.773168782044954650e-01
2.983333333333333393e-01,1.453030148371668717e-01,2.456335941166984116e-01,5.348572821936609101e-01,1.262818829460359726e+00,2.781221718939696497e-01
2.991666666666666918e-01,1.455554451835456842e-01,2.464277750338469408e-01,5.505427147369782448e-01,1.263271079459080903e+00,2.789265296127030336e-01
3.000000000000000444e-01,1.458075114630900393e-01,2.472220715765183763e-01,5.643013795922995346e-01,1.263735597831718183e+00,2.797300419055173126e-01
3.008333333333333415e-01,1.460592045548276541e-01,2.480164864510215061e-01,5.758895441547213778e-01,1.264210677383279524e+00,2.805328137597994931e-01
3.016666666666666941e-01,1.463105167648278693e-01,2.488110218982625688e-01,5.851004131131539721e-01,1.264694423198807760e+00,2.813349630601255091e-01
3.025000000000000466e-01,1.465614419626332654e-01,2.496056796534030509e-01,5.917720421840905187e-01,1.265184786721848198e+00,2.821366185657542824e-01
3.033333333333333437e-01,1.468119756883931593e-01,2.504004609152564731e-01,5.957936470345955859e-01,1.265679605759022719e+00,2.829379174726297519e-01
3.041666666666666963e-01,1.470621152265514098e-01,2.511953663266127679e-01,5.971099093335532348e-01,1.266176648907509472e+00,2.837390026470754667e-01
3.049999999999999933e-01,1.473118596432398397e-01,2.519903959662435633e-01,5.957230071584055375e-01,1.266673662622714414e+00,2.845400196391257852e-01
3.058333333333333459e-01,1.475612097860067307e-01,2.527855493528611275e-01,5.916922473966398366e-01,1.267168418978779076e+00,2.853411135975084112e-01
3.066666666666666985e-01,1.478101682460693234e-01,2.535808254608043488e-01,5.851313391329587832e-01,1.267658762139833195e+00,2.861424262143491548e-01
3.074999999999999956e-01,1.480587392848193018e-01,2.543762227467490922e-01,5.762035037933658232e-01,1.268142651657719222e+00,2.869440928251520972e-01
3.083333333333333481e-01,1.483069287277244963e-01,2.551717391863109752e-01,5.651147551776107836e-01,1.268618200932290385e+00,2.877462397787533543e-01
3.091666666666667007e-01,1.485547438299730516e-01,2.559673723190554750e-01,5.521057881362266828e-01,1.269083709492004441e+00,2.885489821738038141e-01
3.099999999999999978e-01,1.488021931191268188e-01,2.567631193001750911e-01,5.374429802123344979e-01,1.269537688145482957e+00,2.893524220346034848e-01
3.108333333333333504e-01,1.490492862206444502e-01,2.575589769569416321e-01,5.214090325573710327e-01,1.269978876484137098e+00,2.901566469719442654e-01
3.116666666666667029e-01,1.492960336723878345e-01,2.583549418479967885e-01,5.042937562390111816e-01,1.270406252646135492e+00,2.909617293463557242e-01
3.125000000000000000e-01,1.495424467341477937e-01,2.591510103236048246e-01,4.863854534027373666e-01,1.270819035650152973e+00,2.917677259240679666e-01
3.133333333333333526e-01,1.497885371978526781e-01,2.599471785851339423e-01,4.679632585379825405e-01,1.271216680946794853e+00,2.925746779920580520e-01
3.141666666666667052e-01,1.500343172035102646e-01,2.607434427422478662e-01,4.492907040193563906e-01,1.271598870097860434e+00,2.933826118792084992e-01
3.150000000000000022e-01,1.502797990651436877e-01,2.615397988665525419e-01,4.306106671229602001e-01,1.271965495669169721e+00,2.941915398167666562e-01
3.158333333333333548e-01,1.505249951100864070e-01,2.623362430407304990e-01,4.121417528278649711e-01,1.272316642510815887e+00,2.950014610632450962e-01
3.166666666666667074e-01,1.507699175340636022e-01,2.631327714024894737e-01,3.940760758983098966e-01,1.272652566606118363e+00,2.958123632163907613e-01
3.175000000000000044e-01,1.510145782735728692e-01,2.639293801829371011e-01,3.765783324702647317e-01,1.272973672609605256e+00,2.966242236372008123e-01
3.183333333333333570e-01,1.512589888962269646e-01,2.647260657392483396e-01,3.597859984437655201e-01,1.273280491080819532e+00,2.974370109171924903e-01
3.191666666666667096e-01,1.515031605089779687e-01,2.655228245817156663e-01,3.438104597757151715e-01,1.273573656271744348e+00,2.982506863291364274e-01
3.200000000000000067e-01,1.517471036835228715e-01,2.663196533954542145e-01,3.287388666690774230e-01,1.273853885157762988e+00,2.990652052121060556e-01
3.208333333333333592e-01,1.519908283977068897e-01,2.671165490571716927e-01,3.146365066811204758e-01,1.274121958229992302e+00,2.998805182529472591e-01
3.216666666666667118e-01,1.522343439913902974e-01,2.679135086475107896e-01,3.015495071858315668e-01,1.274378702402436891e+00,3.006965726372791137e-01
3.225000000000000089e-01,1.524776591350206489e-01,2.687105294595319438e-01,2.895077014818635552e-01,1.274624976239381757e+00,3.015133130532402506e-01
3.233333333333333615e-01,1.527207818090348390e-01,2.695076090039309480e-01,2.785275214292659007e-01,1.274861657582261332e+00,3.023306825399629805e-01
3.241666666666667140e-01,1.529637192921919353e-01,2.703047450115850237e-01,2.686148096470662994e-01,1.275089633553543100e+00,3.031486231799514486e-01
3.250000000000000111e-01,1.532064781569839051e-01,2.711019354340026277e-01,2.597674735183366224e-01,1.275309792838195344e+00,3.039670766401028623e-01
3.258333333333333637e-01,1.534490642703709995e-01,2.718991784422145619e-01,2.519779297669781370e-01,1.275523020089564197e+00,3.047859845700973680e-01
3.266666666666666607e-01,1.536914827982221177e-01,2.726964724245996563e-01,2.452353111101061023e-01,1.275730192273262897e+00,3.056052888694612557e-01
3.275000000000000133e-01,1.539337382119955189e-01,2.734938159840889504e-01,2.395274249502704345e-01,1.275932176746621405e+00,3.064249318359846264e-01
3.283333333333333659e-01,1.541758342963558681e-01,2.742912079351390031e-01,2.348424682024696508e-01,1.276129830868768300e+00,3.072448562085833279e-01
3.291666666666666630e-01,1.544177741565843920e-01,2.750886473008160027e-01,2.311705124191082983e-01,1.276324002944027258e+00,3.080650051173756121e-01
3.300000000000000155e-01,1.546595602247894941e-01,2.758861333102842761e-01,2.285047798455681622e-01,1.276515534315804112e+00,3.088853219529053562e-01
3.308333333333333681e-01,1.549011942640633743e-01,2.766836653969486637e-01,2.268427344692819092e-01,1.276705262446768741e+00,3.097057501652824563e-01
3.316666666666666652e-01,1.551426773698528494e-01,2.774812431974651439e-01,2.261870130953587410e-01,1.276894024841587427e+00,3.105262330026907214e-01
3.325000000000000178e-01,1.553840099679189568e-01,2.782788665517980098e-01,2.265462205383959038e-01,1.277082663688934749e+00,3.113467131973475799e-01
3.333333333333333703e-01,1.556251918083498831e-01,2.790765355044751983e-01,2.279356106461671583e-01,1.277272031118594997e+00,3.121671326057068319e-01
3.341666666666666674e-01,1.558662219551687211e-01,2.798742503071696142e-01,2.303776714723193564e-01,1.277462994986144462e+00,3.129874318085345553e-01
3.350000000000000200e-01,1.561070987711413449e-01,2.806720114227138074e-01,2.339026288199284043e-01,1.277656445111266192e+00,3.138075496755182714e-01
3.358333333333333726e-01,1.563478198974441180e-01,2.814698195306371553e-01,2.385488778441781643e-01,1.277853299905709505e+00,3.146274228983205190e-01
3.366666666666666696e-01,1.565883822279003079e-01,2.822676755343000443e-01,2.443633476329527543e-01,1.278054513332991693e+00,3.154469854954887742e-01
3.375000000000000222e-01,1.568287818775382370e-01,2.830655805696835614e-01,2.514017988420890193e-01,1.278261082144023009e+00,3.162661682923871287e-01
3.383333333333333748e-01,1.570690141452690813e-01,2.838635360158777154e-01,2.597290496887131872e-01,1.278474053330910909e+00,3.170848983793256859e-01
3.391666666666666718e-01,1.573090734705307747e-01,2.846615435072961109e-01,2.694191210373210188e-01,1.278694531735380169e+00,3.179030985513300878e-01
3.400000000000000244e-01,1.575489533837974299e-01,2.854596049476244013e-01,2.805552870932315757e-01,1.278923687738767967e+00,3.187206867334899107e-01
3.408333333333333770e-01,1.577886464509166975e-01,2.862577225254888114e-01,2.932300145103148847e-01,1.279162764947769482e+00,3.195375753965467580e-01
3.416666666666666741e-01,1.580281442113113666e-01,2.870558987318064248e-01,3.075447697133384950e-01,1.279413087774529334e+00,3.203536709682809347e-01
3.425000000000000266e-01,1.582674371101685518e-01,2.878541363787476270e-01,3.236096721450994473e-01,1.279676068791970378e+00,3.211688732473043650e-01
3.433333333333333792e-01,1.585065144248407054e-01,2.886524386202066195e-01,3.415429702108813692e-01,1.279953215726285398e+00,3.219830748270010590e-01
3.441666666666666763e-01,1.587453641858004583e-01,2.894508089736375633e-01,3.614703171526044145e-01,1.280246137929353489e+00,3.227961605385261668e-01
3.450000000000000289e-01,1.589839730926217998e-01,2.902492513430677823e-01,3.835238261765506751e-01,1.280556552155740713e+00,3.236080069228848832e-01
3.458333333333333814e-01,1.592223264256051318e-01,2.910477700430518788e-01,4.078408880797163572e-01,1.280886287453347538e+00,3.244184817430977308e-01
3.466666666666666785e-01,1.594604079538201047e-01,2.918463698232784953e-01,4.345627405010473177e-01,1.281237288965256127e+00,3.252274435482087056e-01
3.475000000000000311e-01,1.596981998405016812e-01,2.926450558934874380e-01,4.638327857938198684e-01,1.281611620434545573e+00,3.260347413013234275e-01
3.483333333333333282e-01,1.599356825469001320e-01,2.934438339482998148e-01,4.957946642678095484e-01,1.282011465205404654e+00,3.268402140838676528e-01
3.491666666666666807e-01,1.601728347358452875e-01,2.942427101915131571e-01,5.305901009143138003e-01,1.282439125524230450e+00,3.276436908877710663e-01
3.500000000000000333e-01,1.604096331764328087e-01,2.950416913593633117e-01,5.683565562502742585e-01,1.282897019964715613e+00,3.284449905062140629e-01
3.508333333333333304e-01,1.606460526513687759e-01,2.958407847422161452e-01,6.092247249600313275e-01,1.283387678831886536e+00,3.292439215319179491e-01
3.516666666666666829e-01,1.608820658686075933e-01,2.966399982041199590e-01,6.533159387633067361e-01,1.283913737441771286e+00,3.300402824696903048e-01
3.525000000000000355e-01,1.611176433789805462e-01,2.974393401996317521e-01,7.007395414518235999e-01,1.284477927225194271e+00,3.308338619671093994e-01
3.533333333333333326e-01,1.613527535015311376e-01,2.982388197873284685e-01,7.515903132977295176e-01,1.285083064664673147e+00,3.316244391639319167e-01
3.541666666666666852e-01,1.615873622582412739e-01,2.990384466394290230e-01,8.059460280358857753e-01,1.285732038140228850e+00,3.324117841571736509e-01
3.550000000000000377e-01,1.618214333197462163e-01,2.998382310469850376e-01,8.638652274545792764e-01,1.286427792830016514e+00,3.331956585750219801e-01
3.558333333333333348e-01,1.620549279634964368e-01,3.006381839201538453e-01,9.253852955944786851e-01,1.287173313881286862e+00,3.339758162490158444e-01
3.566666666666666874e-01,1.622878050456302290e-01,3.014383167831357069e-01,9.905209062511406426e-01,1.287971608132055801e+00,3.347520039705093042e-01
3.575000000000000400e-01,1.625200209875800328e-01,3.022386417634460587e-01,1.059262903874311768e+00,1.288825684719608011e+00,3.355239623145739314e-01
3.583333333333333370e-01,1.627515297781562953e-01,3.030391715752962511e-01,1.131577659449918505e+00,1.289738534954326443e+00,3.362914265124348212e-01
3.591666666666666896e-01,1.629822829915461013e-01,3.038399194969663153e-01,1.207406920355980740e+00,1.290713111862578977e+00,3.370541273524869652e-01
3.600000000000000422e-01,1.632122298213461165e-01,3.046408993421691469e-01,1.286668147711823806e+00,1.291752309807607357e+00,3.378117920900756133e-01
3.608333333333333393e-01,1.634413171304363310e-01,3.054421254255232920e-01,1.369255307910695940e+00,1.292858944580783431e+00,3.385641453476576634e-01
3.616666666666666918e-01,1.636694895162098262e-01,3.062436125223578776e-01,1.455040058555451710e+00,1.294035734316810959e+00,3.393109099897269609e-01
3.625000000000000444e-01,1.638966893904214850e-01,3.070453758231717067e-01,1.543873244681238877e+00,1.295285281526493026e+00,3.400518079609579081e-01
3.633333333333333415e-01,1.641228570727223945e-01,3.078474308831486428e-01,1.635586600634359344e+00,1.296610056462041083e+00,3.407865610812900181e-01
3.641666666666666941e-01,1.643479308968174846e-01,3.086497935671903559e-01,1.729994537744048433e+00,1.298012381936365367e+00,3.415148917979649035e-01
3.650000000000000466e-01,1.645718473281340133e-01,3.094524799909608159e-01,1.826895889096505909e+00,1.299494419614215523e+00,3.422365239016075811e-01
3.658333333333333437e-01,1.647945410919223752e-01,3.102555064584492928e-01,1.926075481006890078e+00,1.301058157685091921e+00,3.429511832210355160e-01
3.666666666666666963e-01,1.650159453108301366e-01,3.110588893965410273e-01,2.027305406445259361e+00,1.302705399721530322e+00,3.436585983192787519e-01
3.675000000000000488e-01,1.652359916511908777e-01,3.118626452870465471e-01,2.130345888534608711e+00,1.304437754427771878e+00,3.443585012209657847e-01
3.683333333333333459e-01,1.654546104775450888e-01,3.126667905965843097e-01,2.234945641746916678e+00,1.306256625898722490e+00,3.450506282084528920e-01
3.691666666666666985e-01,1.656717310152454326e-01,3.134713417046378070e-01,2.340841663717327936e+00,1.308163203942666053e+00,3.457347207305028758e-01
3.700000000000000511e-01,1.658872815213797425e-01,3.142763148300278253e-01,2.447758420613604713e+00,1.310158453977803950e+00,3.464105264726372035e-01
3.708333333333333481e-01,1.661011894646507447e-01,3.150817259559601236e-01,2.555406422561537383e+00,1.312243105995793524e+00,3.470778006421617601e-01
3.716666666666667007e-01,1.663133817152600558e-01,3.158875907537316841e-01,2.663480221533564674e+00,1.314417642097499783e+00,3.477363075229916722e-01
3.724999999999999978e-01,1.665237847462319731e-01,3.166939245051160756e-01,2.771655901185016813e+00,1.316682282148632366e+00,3.483858223554526790e-01
3.733333333333333504e-01,1.667323248479556097e-01,3.175007420234087774e-01,2.879588165253025966e+00,1.319036967176314912e+00,3.490261335938983356e-01
3.741666666666667029e-01,1.669389283579955086e-01,3.183080575730947714e-01,2.986907167250926420e+00,1.321481340231524859e+00,3.496570455899343788e-01
3.750000000000000000e-01,1.671435219083989010e-01,3.191158847881203076e-01,3.093215258244213395e+00,1.324014724575480972e+00,3.502783817409628186e-01
3.758333333333333526e-01,1.673460326927863895e-01,3.199242365888017581e-01,3.198083860385040111e+00,1.326636099208243325e+00,3.508899881323490066e-01
3.766666666666667052e-01,1.675463887554325126e-01,3.207331250974948533e-01,3.301050700401095828e+00,1.329344071941904293e+00,3.514917376865154264e-01
3.775000000000000022e-01,1.677445193043032301e-01,3.215425615532776504e-01,3.401617657995441579e+00,1.332136850424569419e+00,3.520835348134729315e-01
3.783333333333333548e-01,1.679403550496049446e-01,3.223525562260641797e-01,3.499249497510418916e+00,1.335012211739363686e+00,3.526653205346579334e-01
3.791666666666667074e-01,1.681338285688023793e-01,3.231631183307618338e-01,3.593373755414378756e+00,1.337967471428082478e+00,3.532370780255332243e-01
3.800000000000000044e-01,1.683248746982788091e-01,3.239742559423087198e-01,3.683382049182199580e+00,1.340999453013330900e+00,3.537988384925832563e-01
3.808333333333333570e-01,1.685134309508422301e-01,3.247859759126612844e-01,3.768633052898512137e+00,1.344104459305864641e+00,3.543506872677237851e-01
3.816666666666667096e-01,1.686994379571399028e-01,3.255982837910435523e-01,3.848457349478856315e+00,1.347278246973522053e+00,3.548927699687620674e-01
3.825000000000000067e-01,1.688828399277537418e-01,3.264111837489972467e-01,3.922164317219622109e+00,1.350516006001313052e+00,3.554252985398174136e-01
3.833333333333333592e-01,1.690635851313438687e-01,3.272246785119748980e-01,3.989051138579352340e+00,1.353812345774562775e+00,3.559485569524009629e-01
3.841666666666667118e-01,1.692416263827354883e-01,3.280387692993732562e-01,4.048413931816896572e+00,1.357161289553894701e+00,3.564629063184440172e-01
3.850000000000000089e-01,1.694169215333644340e-01,3.288534557750058540e-01,4.099560902885899694e+00,1.360556279068354080e+00,3.569687891436135185e-01
3.858333333333333615e-01,1.695894339550788055e-01,3.296687360100305497e-01,4.141827298975902849e+00,1.363990190819129866e+00,3.574667324355980669e-01
3.866666666666667140e-01,1.697591330070194193e-01,3.304846064602816047e-01,4.174591821289060256e+00,1.367455365452573623e+00,3.579573493806161855e-01
3.875000000000000111e-01,1.699259944742564921e-01,3.313010619597879236e-01,4.197294029868756660e+00,1.370943651223889281e+00,3.584413393148216387e-01
3.883333333333333637e-01,1.700900009661296952e-01,3.321180957319886939e-01,4.209452155998542722e+00,1.374446462134667479e+00,3.589194857476882272e-01
3.891666666666667163e-01,1.702511422619078230e-01,3.329356994197853470e-01,4.210680637479623734e+00,1.377954850798616793e+00,3.593926522430682113e-01
3.900000000000000133e-01,1.704094155915237829e-01,3.337538631351092966e-01,4.200706619043775625e+00,1.381459595488834680e+00,3.598617760304602675e-01
3.908333333333333659e-01,1.705648258398024253e-01,3.345725755281446223e-01,4.179384623857921532e+00,1.384951300173377087e+00,3.603278593026180143e-01
3.916666666666667185e-01,1.707173856638119769e-01,3.353918238757583881e-01,4.146708610568347275e+00,1.388420505687721462e+00,3.607919582528872904e-01
3.925000000000000155e-01,1.708671155147309939e-01,3.362115941880806091e-01,4.102820688986221320e+00,1.391857809562535797e+00,3.612551700118181164e-01
3.933333333333333681e-01,1.710140435578934581e-01,3.370318713315750281e-01,4.048015878042761528e+00,1.395253991465464694e+00,3.617186177514404299e-01
3.941666666666666652e-01,1.711582054873815317e-01,3.378526391663848050e-01,3.982742449358325665e+00,1.398600140768548439e+00,3.621834343298290237e-01
3.950000000000000178e-01,1.712996442345701142e-01,3.386738806952597769e-01,3.907597601296247447e+00,1.401887782456321174e+00,3.626507449404286487e-01
3.958333333333333703e-01,1.714384095732506552e-01,3.394955782209946316e-01,3.823318439845516448e+00,1.405108997473463628e+00,3.631216493024794767e-01
3.966666666666666674e-01,1.715745576272154072e-01,3.403177135090615368e-01,3.730768488535054050e+00,1.408256533693622137e+00,3.635972039742221273e-01
3.975000000000000200e-01,1.717081502892968958e-01,3.411402679520125214e-01,3.630920191870517399e+00,1.411323903977124594e+00,3.640784053845372292e-01
3.983333333333333726e-01,1.718392545636616697e-01,3.419632227322609852e-01,3.524834096869836841e+00,1.414305468264099863e+00,3.645661741588476779e-01
3.991666666666666696e-01,1.719679418455000164e-01,3.427865589800287438e-01,3.413635577748074024e+00,1.417196497295190483e+00,3.650613412617620956e-01
4.000000000000000222e-01,1.720942871540059871e-01,3.436102579235394971e-01,3.298490095362284436e+00,1.419993216325653229e+00,3.655646363951969291e-01
4.008333333333333748e-01,1.722183683356154626e-01,3.444343010289379059e-01,3.180578046020972938e+00,1.422692828051229652e+00,3.660766789822832434e-01
4.016666666666666718e-01,1.723402652548175207e-01,3.452586701278874681e-01,3.061070249750997618e+00,1.425293514841134535e+00,3.665979719419881211e-01
4.025000000000000244e-01,1.724600589894759450e-01,3.460833475313157548e-01,2.941105058224255497e+00,1.427794421219457544e+00,3.671288983260843075e-01
4.033333333333333770e-01,1.725778310465385379e-01,3.469083161283074146e-01,2.821767935135412575e+00,1.430195618300024174e+00,3.676697207582240723e-01
4.041666666666666741e-01,1.726936626123583007e-01,3.477335594696660537e-01,2.704074189458836930e+00,1.432498052518605069e+00,3.682205834932378852e-01
4.050000000000000266e-01,1.728076338497182562e-01,3.485590618361493198e-01,2.588955340477630429e+00,1.434703481489411958e+00,3.687815168107713149e-01
4.058333333333333792e-01,1.729198232511784394e-01,3.493848082918108444e-01,2.477249379952067621e+00,1.436814400122924384e+00,3.693524433764352466e-01
4.066666666666666763e-01,1.730303070556973299e-01,3.502107847232477922e-01,2.369694988057295504e+00,1.438833960276261426e+00,3.699331861488610596e-01
4.075000000000000289e-01,1.731391587327621162e-01,3.510369778658415374e-01,2.266929570520048731e+00,1.440765887175668780e+00,3.705234773831192485e-01
4.083333333333333814e-01,1.732464485356260131e-01,3.518633753182938695e-01,2.169490826230047187e+00,1.442614395674314709e+00,3.711229682783944717e-01
4.091666666666666785e-01,1.733522431228050609e-01,3.526899655469065697e-01,2.077821435038216258e+00,1.444384109116509718e+00,3.717312388373279486e-01
4.100000000000000311e-01,1.734566052448164031e-01,3.535167378811257533e-01,1.992276377881253335e+00,1.446079983205226238e+00,3.723478075415208033e-01
4.108333333333333837e-01,1.735595934912984584e-01,3.543436825018935754e-01,1.913132365323608086e+00,1.447707236848228218e+00,3.729721404971206300e-01
4.116666666666666807e-01,1.736612620921708094e-01,3.551707904243208702e-01,1.840598852416406084e+00,1.449271291522286509e+00,3.736036597608788923e-01
4.125000000000000333e-01,1.737616607653642842e-01,3.559980534761278959e-01,1.774830151443446580e+00,1.450777720273894733e+00,3.742417506155608642e-01
4.133333333333333859e-01,1.738608346028618357e-01,3.568254642732055504e-01,1.715938212299036980e+00,1.452232207092120753e+00,3.748857676198162903e-01
4.141666666666666829e-01,1.739588239862982499e-01,3.576530161935397856e-01,1.664005715109470929e+00,1.453640517061874249e+00,3.755350393081510751e-01
4.150000000000000355e-01,1.740556645231199906e-01,3.584807033506175467e-01,1.619099203767633499e+00,1.455008477444739823e+00,3.761888714590306826e-01
4.158333333333333326e-01,1.741513869942508397e-01,3.593085205673082205e-01,1.581282075662438613e+00,1.456341969644502354e+00,3.768465488818826259e-01
4.166666666666666852e-01,1.742460173042832128e-01,3.601364633510926727e-01,1.550627326614875345e+00,1.457646931895451248e+00,3.775073356961839988e-01
4.175000000000000377e-01,1.743395764253615754e-01,3.609645278713912719e-01,1.527230026759205384e+00,1.458929372459357054e+00,3.781704740879199833e-01
4.183333333333333348e-01,1.744320803260924480e-01,3.617927109396368301e-01,1.511219569959026732e+00,1.460195393124656293e+00,3.788351815310284643e-01
4.191666666666666874e-01,1.745235398769552360e-01,3.626210099926345798e-01,1.502771794500257885e+00,1.461451222859847743e+00,3.795006464548583147e-01
4.200000000000000400e-01,1.746139607237643387e-01,3.634494230796593284e-01,1.502121115184959610e+00,1.462703261572216640e+00,3.801660223242669390e-01
4.208333333333333370e-01,1.747033431207138388e-01,3.642779488536541654e-01,1.509572835900244270e+00,1.463958134051835502e+00,3.808304200779490944e-01
4.216666666666666896e-01,1.747916817144022916e-01,3.651065865668072785e-01,1.525515826645959638e+00,1.465222754327896393e+00,3.814928988441395052e-01
4.225000000000000422e-01,1.748789652699751507e-01,3.659353360706951719e-01,1.550435748969901883e+00,1.466504400817736364e+00,3.821524548222258733e-01
4.233333333333333393e-01,1.749651763301370566e-01,3.667641978210797182e-01,1.584928997263712391e+00,1.467810802795333602e+00,3.828080081853031391e-01
4.241666666666666918e-01,1.750502907972859012e-01,3.675931728873227944e-01,1.629717488019758243e+00,1.469150238830868371e+00,3.834583878236763610e-01
4.250000000000000444e-01,1.751342774284292969e-01,3.684222629662244342e-01,1.685664371447504584e+00,1.470531647938979836e+00,3.841023137143217414e-01
4.258333333333333415e-01,1.752170972319042619e-01,3.692514703998834857e-01,1.753790655088446115e+00,1.471964754200036474e+00,3.847383766682217487e-01
4.266666666666666941e-01,1.752987027542881604e-01,3.700807981968983196e-01,1.835292611314408129e+00,1.473460205561037739e+00,3.853650151786050526e-01
4.275000000000000466e-01,1.753790372453486179e-01,3.709102500558493221e-01,1.931559682840081171e+00,1.475029727350268827e+00,3.859804890714360059e-01
4.283333333333333437e-01,1.754580336885405989e-01,3.717398303895021461e-01,2.044192394951969138e+00,1.476686290716015426e+00,3.865828496487777599e-01
4.291666666666666963e-01,1.755356136845636905e-01,3.725695443475035562e-01,2.175019522427658281e+00,1.478444295681590415e+00,3.871699060207374199e-01
4.300000000000000488e-01,1.756116861760247949e-01,3.733993978344689602e-01,2.326113436678985735e+00,1.480319767747884985e+00,3.877391873486434326e-01
4.308333333333333459e-01,1.756861460025361255e-01,3.742293975192382272e-01,2.499802170991660688e+00,1.482330565917747700e+00,3.882879007783905934e-01
4.316666666666666985e-01,1.757588722778861967e-01,3.750595508296500347e-01,2.698676290582624038e+00,1.484496598610070439e+00,3.888128849376056295e-01
4.325000000000000511e-01,1.758297265845705504e-01,3.758898659254084063e-01,2.925588149525064185e+00,1.486840042126782002e+00,3.893105590142255656e-01
4.333333333333333481e-01,1.758985509863116026e-01,3.767203516394541096e-01,3.183640580219455618e+00,1.489385554097508724e+00,3.897768676398156162e-01
4.341666666666667007e-01,1.759651658666158136e-01,3.775510173756758125e-01,3.476161530664382493e+00,1.492160471643710462e+00,3.902072220827285109e-01
4.350000000000000533e-01,1.760293676112854311e-01,3.783818729478261034e-01,3.806660697665915194e+00,1.495194980905514726e+00,3.905964386297386959e-01
4.358333333333333504e-01,1.760909261654635960e-01,3.792129283412049023e-01,4.178763880386194174e+00,1.498522241146369671e+00,3.909386755166778249e-01
4.366666666666667029e-01,1.761495825114870184e-01,3.800441933751847468e-01,4.596120702032634675e+00,1.502178443055711243e+00,3.912273703754126641e-01
4.375000000000000555e-01,1.762050461326320205e-01,3.808756772412335567e-01,5.062281643012922494e+00,1.506202777366147050e+00,3.914551809109636515e-01
4.383333333333333526e-01,1.762569925495929557e-01,3.817073878881380167e-01,5.580541135164589939e+00,1.510637286857054118e+00,3.916139324187558057e-01
4.391666666666667052e-01,1.763050610407081720e-01,3.825393312242017507e-01,6.153744921775229137e+00,1.515526572714112508e+00,3.916945767988166960e-01
4.400000000000000022e-01,1.763488526825741365e-01,3.833715101060430896e-01,6.784062107663510588e+00,1.520917325643045048e+00,3.916871689061282025e-01
4.408333333333333548e-01,1.763879288732503048e-01,3.842039230861695187e-01,7.472725371308066578e+00,1.526857653759283284e+00,3.915808673537809481e-01
4.416666666666667074e-01,1.764218105236429190e-01,3.850365628978229537e-01,8.219746663627342187e+00,1.533396183773839905e+00,3.913639681797345671e-01
4.425000000000000044e-01,1.764499781211381069e-01,3.858694146667790426e-01,9.023620228839689617e+00,1.540580919979034125e+00,3.910239809684685763e-01
4.433333333333333570e-01,1.764718728798732872e-01,3.867024538568176184e-01,9.881029650949750831e+00,1.548457857428946483e+00,3.905477578893668533e-01
4.441666666666667096e-01,1.764868991905665929e-01,3.875356439790931251e-01,1.078658038374004846e+01,1.557069361610067482e+00,3.899216864033932528e-01
4.450000000000000067e-01,1.764944285658907597e-01,3.883689341256035266e-01,1.173258323084720089e+01,1.566452346449478394e+00,3.891319557558973186e-01
4.458333333333333592e-01,1.764938052416809289e-01,3.892022564223990844e-01,1.270891675681082589e+01,1.576636304777669473e+00,3.881649054251930520e-01
4.466666666666667118e-01,1.764843535374509553e-01,3.900355235368559992e-01,1.370299684790521866e+01,1.587641268779634851e+00,3.870074600460496339e-01
4.475000000000000089e-01,1.764653870009757486e-01,3.908686264116083553e-01,1.469987890896683957e+01,1.599475800344997589e+00,3.856476496743420079e-01
4.483333333333333615e-01,1.764362192625056336e-01,3.917014324305411188e-01,1.568251201953175311e+01,1.612135129898538910e+00,3.840752065054185982e-01
4.491666666666667140e-01,1.763961764086717510e-01,3.925337842435377977e-01,1.663215470283915209e+01,1.625599574366193734e+00,3.822822195347375662e-01
4.500000000000000111e-01,1.763446105614795423e-01,3.933654994800696025e-01,1.752894921091616354e+01,1.639833367663591224e+00,3.802638178248765599e-01
4.508333333333333637e-01,1.762809142240013560e-01,3.941963715615672825e-01,1.835263638265903552e+01,1.654784028327581202e+00,3.780188421795734888e-01
4.516666666666667163e-01,1.762045348437333847e-01,3.950261717752129309e-01,1.908337769414773177e+01,1.670382367526251022e+00,3.755504557262518972e-01
4.525000000000000133e-01,1.761149889603593477e-01,3.958546526969690671e-01,1.970263696822353694e+01,1.686543206968905029e+00,3.728666380365892041e-01
4.533333333333333659e-01,1.760118752594802827e-01,3.966815529531626527e-01,2.019406334313345042e+01,1.703166832098637506e+00,3.699805067787649837e-01
4.541666666666667185e-01,1.758948858576793728e-01,3.975066031960892143e-01,2.054431132161132112e+01,1.720141154875614919e+00,3.669104168462616888e-01
4.550000000000000155e-01,1.757638152024594835e-01,3.983295330521023359e-01,2.074373430931485984e+01,1.737344507221833423e+00,3.636797999350220301e-01
4.558333333333333681e-01,1.756185660824144679e-01,3.991500786950679114e-01,2.078689548068120274e+01,1.754648936300998940e+00,3.603167269754452562e-01
4.566666666666667207e-01,1.754591524010866432e-01,3.999679906185420464e-01,2.067285360113308101e+01,1.771923831751755385e+00,3.568531997680693402e-01
4.575000000000000178e-01,1.752856985587355476e-01,4.007830411387232061e-01,2.040520016326144770e+01,1.789039687486918995e+00,3.533242036945669629e-01
4.583333333333333703e-01,1.750984354915436636e-01,4.015950311644184700e-01,1.999184568015663999e+01,1.805871789921676962e+00,3.497665769963365645e-01
4.591666666666667229e-01,1.748976936174043151e-01,4.024037958208695476e-01,1.944457461638527818e+01,1.822303631711903238e+00,3.462177704376370180e-01
4.600000000000000200e-01,1.746838931120439087e-01,4.032092086055068525e-01,1.877840761224406663e+01,1.838229874307164780e+00,3.427145815555644459e-01
4.608333333333333726e-01,1.744575320731318879e-01,4.040111838740089722e-01,1.801082416131302111e+01,1.853558720879480592e+00,3.392919487648288768e-01
4.616666666666666696e-01,1.742191732131982695e-01,4.048096775892524035e-01,1.716090726276067002e+01,1.868213608972844053e+00,3.359818824496584866e-01
4.625000000000000222e-01,1.739694297512137389e-01,4.056046863976334738e-01,1.624847323838756097e+01,1.882134184181656122e+00,3.328125943666085385e-01
4.633333333333333748e-01,1.737089511506066664e-01,4.063962452122548141e-01,1.529324526625450353e+01,1.895276566891924031e+00,3.298078657668909175e-01
4.641666666666666718e-01,1.734384092865203508e-01,4.071844235697567593e-01,1.431411941353542794e+01,1.907612968841835954e+00,3.269866716858831346e-01
4.650000000000000244e-01,1.731584855288548774e-01,4.079693210811952686e-01,1.332855875277171798e+01,1.919130751411130875e+00,3.243630568234148193e-01
4.658333333333333770e-01,1.728698591130464757e-01,4.087510623164639645e-01,1.235213642919932298e+01,1.929831041070285691e+00,3.219462397817492993e-01
4.666666666666666741e-01,1.725731970500830881e-01,4.095297914498253755e-01,1.139823412796341451e+01,1.939727028802436415e+00,3.197409087245997594e-01
4.675000000000000266e-01,1.722691457115655134e-01,4.103056669577231919e-01,1.047788974862201172e+01,1.948842080417680478e+00,3.177476634238154407e-01
4.683333333333333792e-01,1.719583241226632087e-01,4.110788566073173556e-01,9.599778229520062212e+00,1.957207775408573269e+00,3.159635559837261076e-01
4.691666666666666763e-01,1.716413189106451298e-01,4.118495329133827765e-01,8.770302852382654279e+00,1.964861975859365728e+00,3.143826844599854065e-01
4.700000000000000289e-01,1.713186807916209642e-01,4.126178691796306142e-01,7.993770996274978557e+00,1.971847006629639854e+00,3.129967989352793745e-01
4.708333333333333814e-01,1.709909224332698541e-01,4.133840361838090338e-01,7.272627827146871837e+00,1.978208006139399178e+00,3.117958870773021030e-01
4.716666666666666785e-01,1.706585175050497061e-01,4.141481995178552533e-01,6.607723195798231863e+00,1.983991485732292670e+00,3.107687145691459540e-01
4.725000000000000311e-01,1.703219007169947119e-01,4.149105175568010284e-01,5.998590363636577827e+00,1.989244116382057337e+00,3.099033040704784470e-01
4.733333333333333837e-01,1.699814686505130013e-01,4.156711400034410198e-01,5.443719385205270100e+00,1.994011745444074890e+00,3.091873438214592928e-01
4.741666666666666807e-01,1.696375811962862745e-01,4.164302069391813688e-01,4.940812445843087097e+00,1.998338633707011480e+00,3.086085232071104079e-01
4.750000000000000333e-01,1.692905634323597641e-01,4.171878483035050822e-01,4.487012717352943270e+00,2.002266894191676361e+00,3.081547973746707747e-01
4.758333333333333859e-01,1.689407077971030458e-01,4.179441837233046075e-01,4.079102041774513410e+00,2.005836108674646123e+00,3.078145863509307856e-01
4.766666666666666829e-01,1.685882764347322316e-01,4.186993226170818150e-01,3.713665812882474437e+00,2.009083095280753017e+00,3.075769161826504283e-01
4.775000000000000355e-01,1.682335036138498385e-01,4.194533645059901894e-01,3.387225743681926193e+00,2.012041800095988098e+00,3.074315106366559691e-01
4.783333333333333881e-01,1.678765981408023300e-01,4.202063994724655749e-01,3.096342818733984537e+00,2.014743286996994787e+00,3.073688421898972956e-01
4.791666666666666852e-01,1.675177457088352084e-01,4.209585087166408668e-01,2.837693720169700118e+00,2.017215802221537846e+00,3.073801506498443636e-01
4.800000000000000377e-01,1.671571111406497390e-01,4.217097651700509320e-01,2.608124500968024950e+00,2.019484893147011739e+00,3.074574369807329122e-01
4.808333333333333903e-01,1.667948404959126163e-01,4.224602341347790668e-01,2.404685380474381518e+00,2.021573563930946005e+00,3.075934389419527348e-01
4.816666666666666874e-01,1.664310630266141178e-01,4.232099739238626146e-01,2.224650369671457462e+00,2.023502453826840242e+00,3.077815941012703171e-01
4.825000000000000400e-01,1.660658929721147425e-01,4.239590364853229598e-01,2.065525095910241582e+00,2.025290026937499377e+00,3.080159947595105807e-01
4.833333333333333370e-01,1.656994311925417407e-01,4.247074679976035050e-01,1.925045767637383110e+00,2.026952764797310902e+00,3.082913383741174851e-01
4.841666666666666896e-01,1.653317666442019052e-01,4.254553094285515868e-01,1.801171758269367817e+00,2.028505355433105617e+00,3.086028762300324080e-01
4.850000000000000422e-01,1.649629777041806689e-01,4.262025970534733532e-01,1.692073835953187499e+00,2.029960874430698503e+00,3.089463623915504331e-01
4.858333333333333393e-01,1.645931333535887997e-01,4.269493629303656168e-01,1.596119648677809311e+00,2.031330955049294840e+00,3.093180043787924771e-01
4.866666666666666918e-01,1.642222942302624666e-01,4.276956353323135285e-01,1.511857706477930607e+00,2.032625945613943053e+00,3.097144165390911530e-01
4.875000000000000444e-01,1.638505135623483933e-01,4.284414391383741805e-01,1.438000790103764359e+00,2.033855053320852146e+00,3.101325767140429290e-01
4.883333333333333415e-01,1.634778379942987414e-01,4.291867961851574265e-01,1.373409458430050467e+00,2.035026474257741302e+00,3.105697865222303289e-01
4.891666666666666941e-01,1.631043083165221175e-01,4.299317255818682071e-01,1.317076121257624743e+00,2.036147509915944731e+00,3.110236353704049495e-01
4.900000000000000466e-01,1.627299601094028825e-01,4.306762439918718766e-01,1.268109984199220275e+00,2.037224670793218451e+00,3.114919681578982580e-01
4.908333333333333437e-01,1.623548243117089174e-01,4.314203658839574906e-01,1.225723051360383620e+00,2.038263767891368428e+00,3.119728565373923734e-01
4.916666666666666963e-01,1.619789277226270363e-01,4.321641037564513677e-01,1.189217282783990859e+00,2.039269993030595085e+00,3.124645735289555137e-01
4.925000000000000488e-01,1.616022934458465343e-01,4.329074683372215460e-01,1.157972940792522998e+00,2.040247988957085479e+00,3.129655712443277227e-01
4.933333333333333459e-01,1.612249412832881534e-01,4.336504687624412879e-01,1.131438116775910219e+00,2.041201910231072336e+00,3.134744614574885846e-01
4.941666666666666985e-01,1.608468880852755578e-01,4.343931127367702261e-01,1.109119402747343219e+00,2.042135475864207184e+00,3.139899987497908884e-01
4.950000000000000511e-01,1.604681480631786061e-01,4.351354066773797657e-01,1.090573656016267545e+00,2.043052014638691904e+00,3.145110659590255597e-01
4.958333333333333481e-01,1.600887330698332334e-01,4.358773558440112161e-01,1.075400797228141192e+00,2.043954503994210192e+00,3.150366616684540100e-01
4.966666666666667007e-01,1.597086528523639637e-01,4.366189644570111494e-01,1.063237579071304229e+00,2.044845603317668292e+00,3.155658894818362814e-01
4.975000000000000533e-01,1.593279152814028876e-01,4.373602358050495686e-01,1.053752263004063439e+00,2.045727682418533089e+00,3.160979488422779871e-01
4.983333333333333504e-01,1.589465265601096300e-01,4.381011723439947048e-01,1.046640142762188308e+00,2.046602845920935554e+00,3.166321271654142788e-01
4.991666666666667029e-01,1.585644914158531871e-01,4.388417757881930559e-01,1.041619854957382518e+00,2.047472954253318544e+00,3.171677930706042758e-01
5.000000000000000000e-01,1.581818132769128582e-01,4.395820471951878416e-01,1.038430417944792739e+00,2.048339641867027883e+00,3.177043905073085872e-01
5.008333333333333526e-01,1.577984944360910080e-01,4.403219870447080408e-01,1.036828939838187136e+00,2.049204333266104072e+00,3.182414335878030465e-01
5.016666666666667052e-01,1.574145362027085659e-01,4.410615953125668343e-01,1.036588934906788495e+00,2.050068257380581294e+00,3.187785019520705809e-01
5.025000000000000577e-01,1.570299390440690335e-01,4.418008715399337483e-01,1.037499184687866727e+00,2.050932460763745802e+00,3.193152365064305664e-01
5.033333333333334103e-01,1.566447027171367079e-01,4.425398148982827573e-01,1.039363076312502132e+00,2.051797820039162445e+00,3.198513353944333892e-01
5.041666666666666519e-01,1.562588263908757935e-01,4.432784242501756622e-01,1.041998346266702846e+00,2.052665053965236908e+00,3.203865500769552122e-01
5.050000000000000044e-01,1.558723087594452439e-01,4.440166982059182144e-01,1.045237153716106926e+00,2.053534735423562907e+00,3.209206814182748446e-01
5.058333333333333570e-01,1.554851481462407037e-01,4.447546351760209293e-01,1.048926404286497194e+00,2.054407303572730825e+00,3.214535756960303359e-01
5.066666666666667096e-01,1.550973425986186816e-01,4.454922334193229250e-01,1.052928243474464232e+00,2.055283076342631077e+00,3.219851204750245888e-01
5.075000000000000622e-01,1.547088899730357792e-01,4.462294910865777786e-01,1.057120639235625381e+00,2.056162263377093513e+00,3.225152403073107688e-01
5.083333333333334147e-01,1.543197880102799568e-01,4.469664062592729747e-01,1.061397976181488456e+00,2.057044979466850609e+00,3.230438922432262161e-01
5.091666666666666563e-01,1.539300344004646826e-01,4.477029769834471318e-01,1.065671589424938448e+00,2.057931258452519785e+00,3.235710611592601538e-01
5.100000000000000089e-01,1.535396268374934203e-01,4.484392012982866826e-01,1.069870174425981313e+00,2.058821067520791193e+00,3.240967549280685533e-01
5.108333333333333615e-01,1.531485630627789085e-01,4.491750772593193219e-01,1.073940019936523438e+00,2.059714321768442158e+00,3.246209994728231907e-01
5.116666666666667140e-01,1.527568408981078429e-01,4.499106029560780984e-01,1.077845023832167071e+00,2.060610898870012253e+00,3.251438337617431618e-01
5.125000000000000666e-01,1.523644582676750292e-01,4.506457765241766444e-01,1.081566465573097879e+00,2.061510653657264491e+00,3.256653048086174396e-01
5.133333333333334192e-01,1.519714132094579229e-01,4.513805961518138621e-01,1.085102523456560331e+00,2.062413432402693481e+00,3.261854627510857307e-01
5.141666666666666607e-01,1.515777038762565199e-01,4.521150600808103159e-01,1.088467538865287798e+00,2.063319086595327700e+00,3.267043560803659097e-01
5.150000000000000133e-01,1.511833285268759375e-01,4.528491666023610751e-01,1.091691042565610781e+00,2.064227486004257095e+00,3.272220270941620379e-01
5.158333333333333659e-01,1.507882855080728557e-01,4.535829140477683485e-01,1.094816569055529154e+00,2.065138530842432374e+00,3.277385076390771923e-01
5.166666666666667185e-01,1.503925732280115002e-01,4.543163007744929760e-01,1.097900293458963894e+00,2.066052162868480035e+00,3.282538152005837762e-01
5.175000000000000711e-01,1.499961901220827620e-01,4.550493251479225121e-01,1.101009531160536348e+00,2.066968375295404670e+00,3.287679493881917603e-01
5.183333333333333126e-01,1.495991346120191523e-01,4.557819855193063763e-01,1.104221143146855377e+00,2.067887221409699272e+00,3.292808888517173571e-01
5.191666666666666652e-01,1.492014050592936070e-01,4.565142802003447353e-01,1.107619889948916692e+00,2.068808821840155687e+00,3.297925886523203065e-01
5.200000000000000178e-01,1.488029997138196892e-01,4.572462074349393224e-01,1.111296774435789780e+00,2.069733370450316023e+00,3.303029781000154097e-01
5.208333333333333703e-01,1.484039166589732062e-01,4.579777653686277206e-01,1.115347408910911886e+00,2.070661138860043771e+00,3.308119590583913361e-01
5.216666666666667229e-01,1.480041537539402430e-01,4.587089520162181966e-01,1.119870435525797792e+00,2.071592479628558969e+00,3.313194047078190096e-01
5.225000000000000755e-01,1.476037085743611421e-01,4.594397652281321798e-01,1.124966021518197135e+00,2.072527828152327167e+00,3.318251587509532530e-01
5.233333333333333171e-01,1.472025783521930808e-01,4.601702026559421621e-01,1.130734442771210713e+00,2.073467703345781121e+00,3.323290350390441517e-01
5.241666666666666696e-01,1.468007599156581355e-01,4.609002617175699257e-01,1.137274761207893947e+00,2.074412707180772308e+00,3.328308175945955405e-01
5.250000000000000222e-01,1.463982496300867409e-01,4.616299395625813040e-01,1.144683594048184760e+00,2.075363523162129020e+00,3.333302610051739334e-01
5.258333333333333748e-01,1.459950433404071102e-01,4.623592330379914794e-01,1.153053966344050441e+00,2.076320913812292446e+00,3.338270911645163652e-01
5.266666666666667274e-01,1.455911363159815564e-01,4.630881386549673961e-01,1.162474232768096138e+00,2.077285717228589235e+00,3.343210063402181631e-01
5.275000000000000799e-01,1.451865231984459104e-01,4.638166525567959386e-01,1.173027050566330054e+00,2.078258842763311964e+00,3.348116785518667204e-01
5.283333333333333215e-01,1.447811979531765936e-01,4.645447704884732576e-01,1.184788383026533998e+00,2.079241265860642063e+00,3.352987552491059065e-01
5.291666666666666741e-01,1.443751538249890276e-01,4.652724877682625215e-01,1.197826511823928630e+00,2.080234022066829613e+00,3.357818612853290530e-01
5.300000000000000266e-01,1.439683832986649314e-01,4.659997992615675932e-01,1.212201037199757581e+00,2.081238200212256029e+00,3.362606011890659774e-01
5.308333333333333792e-01,1.435608780649095251e-01,4.667266993574790690e-01,1.227961847082985392e+00,2.082254934747373998e+00,3.367345617411752201e-01
5.316666666666667318e-01,1.431526289923573114e-01,4.674531819483615513e-01,1.245148039928867911e+00,2.083285397200295819e+00,3.372033148712357820e-01
5.325000000000000844e-01,1.427436261062688394e-01,4.681792404128716223e-01,1.263786791146666033e+00,2.084330786713243899e+00,3.376664208906189346e-01
5.333333333333333259e-01,1.423338585745911877e-01,4.689048676028204632e-01,1.283892159423660750e+00,2.085392319609314704e+00,3.381234320821762118e-01
5.341666666666666785e-01,1.419233147020865504e-01,4.696300558343206033e-01,1.305463836896065599e+00,2.086471217941114453e+00,3.385738966669383787e-01
5.350000000000000311e-01,1.415119819332623929e-01,4.703547968836812032e-01,1.328485855801716076e+00,2.087568696979738458e+00,3.390173631662992126e-01
5.358333333333333837e-01,1.410998468648551052e-01,4.710790819885411485e-01,1.352925273753742941e+00,2.088685951617053060e+00,3.394533851735843655e-01
5.366666666666667362e-01,1.406868952686267937e-01,4.718029018547425513e-01,1.378730869808917125e+00,2.089824141676870806e+00,3.398815265414192321e-01
5.375000000000000888e-01,1.402731121252193125e-01,4.725262466694545860e-01,1.405831893698489710e+00,2.090984376161665548e+00,3.403013669807799513e-01
5.383333333333333304e-01,1.398584816697699684e-01,4.732491061210492567e-01,1.434136920480508115e+00,2.092167696500906615e+00,3.407125080540013284e-01
5.391666666666666829e-01,1.394429874499201749e-01,4.739714694262072703e-01,1.463532871903841404e+00,2.093375058914400011e+00,3.411145795274428960e-01
5.400000000000000355e-01,1.390266123967408562e-01,4.746933253646834494e-01,1.493884273302825250e+00,2.094607316058236357e+00,3.415072460302571167e-01
5.408333333333333881e-01,1.386093389089455008e-01,4.754146623220954493e-01,1.525032820157701030e+00,2.095865198180511424e+00,3.418902139442628330e-01
5.416666666666667407e-01,1.381911489505698587e-01,4.761354683410010669e-01,1.556797330819107428e+00,2.097149294076751769e+00,3.422632384269788663e-01
5.424999999999999822e-01,1.377720241620571384e-01,4.768557311804066945e-01,1.588974160581131612e+00,2.098460032198168346e+00,3.426261304463760760e-01
5.433333333333333348e-01,1.373519459844052548e-01,4.775754383836989803e-01,1.621338146657007817e+00,2.099797662326184255e+00,3.429787636829673136e-01
5.441666666666666874e-01,1.369308957957124095e-01,4.782945773548100132e-01,1.653644143177377845e+00,2.101162238280282146e+00,3.433210811338410773e-01
5.450000000000000400e-01,1.365088550591015693e-01,4.790131354422274002e-01,1.685629189844583875e+00,2.102553602169041191e+00,3.436531012355938941e-01
5.458333333333333925e-01,1.360858054806299011e-01,4.797311000302325601e-01,1.717015337395390695e+00,2.103971370722057976e+00,3.439749233103880366e-01
5.466666666666667451e-01,1.356617291754023402e-01,4.804484586365168619e-01,1.747513127982371905e+00,2.105414924249298547e+00,3.442867321330437824e-01
5.474999999999999867e-01,1.352366088397284893e-01,4.811651990150800362e-01,1.776825699824584381e+00,2.106883398760884596e+00,3.445888014185258807e-01
5.483333333333333393e-01,1.348104279268044214e-01,4.818813092630779837e-01,1.804653454263683177e+00,2.108375681741754715e+00,3.448814960395049645e-01
5.491666666666666918e-01,1.343831708230866229e-01,4.825967779300596727e-01,1.830699191337681331e+00,2.109890412010755334e+00,3.451652728035306539e-01
5.500000000000000444e-01,1.339548230222678826e-01,4.833115941278381955e-01,1.854673589098635000e+00,2.111425984002603951e+00,3.454406796489617459e-01
5.508333333333333970e-01,1.335253712935895731e-01,4.840257476390767977e-01,1.876300874279075881e+00,2.112980556695677858e+00,3.457083531577174185e-01
5.516666666666667496e-01,1.330948038411402801e-01,4.847392290225606137e-01,1.895324509696609372e+00,2.114552067272334579e+00,3.459690143301067389e-01
5.524999999999999911e-01,1.326631104508123327e-01,4.854520297130698880e-01,1.911512708947664674e+00,2.116138249446769315e+00,3.462234626207557620e-01
5.533333333333333437e-01,1.322302826217223448e-01,4.861641421137834485e-01,1.924663583088612961e+00,2.117736656235117643e+00,3.464725682926852457e-01
5.541666666666666963e-01,1.317963136791520107e-01,4.868755596792201934e-01,1.934609728202373313e+00,2.119344686781488907e+00,3.467172632061594761e-01
5.550000000000000488e-01,1.313611988664234453e-01,4.875862769868828384e-01,1.941222077387665168e+00,2.120959616700484940e+00,3.469585302169339580e-01
5.558333333333334014e-01,1.309249354135848809e-01,4.882962897959863824e-01,1.944412865409083979e+00,2.122578631259983695e+00,3.471973914118346438e-01
5.566666666666667540e-01,1.304875225813260931e-01,4.890055950919386385e-01,1.944137587855005789e+00,2.124198860615510220e+00,3.474348954551558233e-01
5.574999999999999956e-01,1.300489616791503933e-01,4.897141911155757366e-01,1.940395877302741212e+00,2.125817416225992407e+00,3.476721043545143441e-01
5.583333333333333481e-01,1.296092560574753083e-01,4.904220773765310404e-01,1.933231264247959658e+00,2.127431427534971942e+00,3.479100799774491048e-01
5.591666666666667007e-01,1.291684110739927116e-01,4.911292546505126033e-01,1.922729837606962588e+00,2.129038077994078293e+00,3.481498706588697090e-01
5.600000000000000533e-01,1.287264340352579362e-01,4.918357249606740145e-01,1.909017865499029298e+00,2.130634639537039021e+00,3.483924982339677845e-01
5.608333333333334059e-01,1.282833341150771689e-01,4.925414915436563401e-01,1.892258478931664323e+00,2.132218504680551963e+00,3.486389458118052675e-01
5.616666666666666474e-01,1.278391222517932801e-01,4.932465588012500124e-01,1.872647556467524010e+00,2.133787215528634817e+00,3.488901465727706763e-01
5.625000000000000000e-01,1.273938110270152746e-01,4.939509322389553647e-01,1.850408975023316360e+00,2.135338489083422608e+00,3.491469738304410209e-01
5.633333333333333526e-01,1.269474145286826339e-01,4.946546183929933505e-01,1.825789409399253937e+00,2.136870238410265355e+00,3.494102325477015936e-01
5.641666666666667052e-01,1.264999482015896348e-01,4.953576247475362515e-01,1.799052870477900079e+00,2.138380589360214135e+00,3.496806524411905648e-01
5.650000000000000577e-01,1.260514286886195157e-01,4.960599596440702364e-01,1.770475169519089675e+00,2.139867892710213049e+00,3.499588827503265498e-01
5.658333333333334103e-01,1.256018736659525181e-01,4.967616321848820626e-01,1.740338484533920038e+00,2.141330731732735249e+00,3.502454886903371700e-01
5.666666666666666519e-01,1.251513016754248198e-01,4.974626521326710460e-01,1.708926185797615682e+00,2.142767925345373303e+00,3.505409495555118493e-01
5.675000000000000044e-01,1.246997319570397333e-01,4.981630298082370123e-01,1.676518052975001893e+00,2.144178527111528787e+00,3.508456583916066962e-01
5.683333333333333570e-01,1.242471842843837077e-01,4.988627759880859824e-01,1.643385988084300253e+00,2.145561820461970193e+00,3.511599231165959956e-01
5.691666666666667096e-01,1.237936788053915493e-01,4.995619018036468462e-01,1.609790298620382920e+00,2.146917310581430538e+00,3.514839689378791432e-01
5.700000000000000622e-01,1.233392358905611996e-01,5.002604186436031553e-01,1.575976595460920171e+00,2.148244713453964394e+00,3.518179418920610591e-01
5.708333333333334147e-01,1.228838759903497363e-01,5.009583380606342784e-01,1.542173322281955805e+00,2.149543942586357392e+00,3.521619133204295093e-01
5.716666666666666563e-01,1.224276195031087644e-01,5.016556716836365615e-01,1.508589908367149679e+00,2.150815093932461064e+00,3.525158850886734863e-01
5.725000000000000089e-01,1.219704866545517213e-01,5.023524311362685957e-01,1.475415515777742437e+00,2.152058429525854688e+00,3.528797953622703765e-01
5.733333333333333615e-01,1.215124973894010779e-01,5.030486279624387658e-01,1.442818335349268954e+00,2.153274360297157575e+00,3.532535247580981252e-01
5.741666666666667140e-01,1.210536712755446165e-01,5.037442735591487475e-01,1.410945374037757993e+00,2.154463428509401979e+00,3.536369027068672066e-01
5.750000000000000666e-01,1.205940274207509960e-01,5.044393791169093921e-01,1.379922668597755919e+00,2.155626290193833672e+00,3.540297138785114539e-01
5.758333333333334192e-01,1.201335844017510368e-01,5.051339555677761828e-01,1.349855857052010055e+00,2.156763697912854383e+00,3.544317045424179025e-01
5.766666666666666607e-01,1.196723602052907481e-01,5.058280135409041200e-01,1.320831039364263493e+00,2.157876484119694460e+00,3.548425887550842317e-01
5.775000000000000133e-01,1.192103721806002936e-01,5.065215633254004368e-01,1.292915861514728704e+00,2.158965545328394242e+00,3.552620542884507571e-01
5.783333333333333659e-01,1.187476370026020467e-01,5.072146148401517340e-01,1.266160762134467710e+00,2.160031827254914827e+00,3.556897682318949649e-01
5.791666666666667185e-01,1.182841706450912383e-01,5.079071776102309643e-01,1.240600327326513153e+00,2.161076311042190223e+00,3.561253822190829643e-01
5.800000000000000711e-01,1.178199883630689920e-01,5.085992607494325135e-01,1.216254706689235965e+00,2.162100000639696873e+00,3.565685372470858705e-01
5.808333333333334236e-01,1.173551046833768846e-01,5.092908729484492136e-01,1.193131051336178805e+00,2.163103911372207477e+00,3.570188680691346872e-01
5.816666666666666652e-01,1.168895334027756638e-01,5.099820224681850256e-01,1.171224942443514383e+00,2.164089059702948958e+00,3.574760071539981876e-01
5.825000000000000178e-01,1.164232875926209942e-01,5.106727171376905794e-01,1.150521786209238062e+00,2.165056454173221123e+00,3.579395882142519802e-01
5.833333333333333703e-01,1.159563796093145693e-01,5.113629643562117577e-01,1.130998157825847894e+00,2.166007087483235782e+00,3.584092493127833401e-01
5.841666666666667229e-01,1.154888211097401113e-01,5.120527710988550529e-01,1.112623082981043510e+00,2.166941929666905242e+00,3.588846355619559336e-01
5.850000000000000755e-01,1.150206230709360650e-01,5.127421439253883051e-01,1.095359250409373875e+00,2.167861922305817757e+00,3.593654014331784663e-01
5.858333333333333171e-01,1.145517958132982461e-01,5.134310889917163001e-01,1.079164153081800581e+00,2.168767973723939146e+00,3.598512126964703017e-01
5.866666666666666696e-01,1.140823490266499873e-01,5.141196120635954658e-01,1.063991158747080279e+00,2.169660955103867916e+00,3.603417480102835135e-01
5.875000000000000222e-01,1.136122917985616793e-01,5.148077185321706661e-01,1.049790512772162288e+00,2.170541697467001097e+00,3.608367001815980801e-01
5.883333333333333748e-01,1.131416326443407533e-01,5.154954134309448488e-01,1.036510277639407063e+00,2.171410989463006036e+00,3.613357771154507292e-01
5.891666666666667274e-01,1.126703795381537587e-01,5.161827014538090674e-01,1.024097214136784117e+00,2.172269575917912920e+00,3.618387024718082712e-01
5.900000000000000799e-01,1.121985399447763126e-01,5.168695869737832682e-01,1.012497609328323334e+00,2.173118157094356739e+00,3.623452160462969363e-01
5.908333333333333215e-01,1.117261208514994525e-01,5.175560740621365508e-01,1.001658055928104085e+00,2.173957388621546638e+00,3.628550738899254946e-01
5.916666666666666741e-01,1.112531287997497731e-01,5.182421665075717110e-01,9.915261868418414615e-01,2.174787882056034238e+00,3.633680481817423980e-01
5.925000000000000266e-01,1.107795699160094016e-01,5.189278678351745278e-01,9.820513675051742997e-01,2.175610206037012162e+00,3.638839268674665672e-01
5.933333333333333792e-01,1.103054499416449286e-01,5.196131813248464626e-01,9.731853473576489444e-01,2.176424888001538438e+00,3.644025130765977116e-01
5.941666666666667318e-01,1.098307742612814192e-01,5.202981100289491012e-01,9.648828704612633089e-01,2.177232416425629591e+00,3.649236243303812799e-01
5.950000000000000844e-01,1.093555479293807919e-01,5.209826567889090931e-01,9.571022440118612806e-01,2.178033243556660281e+00,3.654470915532850306e-01
5.958333333333333259e-01,1.088797756947093021e-01,5.216668242505433373e-01,9.498058623982132964e-01,2.178827788600997906e+00,3.659727579012954646e-01
5.966666666666666785e-01,1.084034620224047507e-01,5.223506148778839231e-01,9.429606836217306887e-01,2.179616441328506404e+00,3.665004774213036498e-01
5.975000000000000311e-01,1.079266111133834333e-01,5.230340309652985464e-01,9.365386543660124685e-01,2.180399566052667826e+00,3.670301135570425699e-01
5.983333333333333837e-01,1.074492269208542350e-01,5.237170746477229910e-01,9.305170798448085812e-01,2.181177505941922501e+00,3.675615375183340916e-01
5.991666666666667362e-01,1.069713131637418380e-01,5.243997479088425839e-01,9.248789347817889528e-01,2.181950587614683634e+00,3.680946265317059929e-01
6.000000000000000888e-01,1.064928733368532277e-01,5.250820525870821820e-01,9.196131124825731584e-01,2.182719125967710561e+00,3.686292619916042845e-01
6.008333333333333304e-01,1.060139107176578249e-01,5.257639903792900027e-01,9.147146099204825909e-01,2.183483429185378633e+00,3.691653275323501515e-01
6.016666666666666829e-01,1.055344283695874713e-01,5.264455628420235955e-01,9.101846480203298340e-01,2.184243803876187329e+00,3.697027070415512817e-01
6.025000000000000355e-01,1.050544291418004234e-01,5.271267713903732277e-01,9.060307278163870492e-01,2.185000560282785997e+00,3.702412826357939224e-01
6.033333333333333881e-01,1.045739156653878454e-01,5.278076172942837152e-01,9.022666247917925375e-01,2.185754017513039216e+00,3.707809326190529275e-01
6.041666666666667407e-01,1.040928903460379695e-01,5.284881016723590452e-01,8.989123253767954402e-01,2.186504508742276087e+00,3.713215294433143132e-01
6.050000000000000933e-01,1.036113553532043846e-01,5.291682254831588939e-01,8.959939111873332918e-01,2.187252386340844623e+00,3.718629376894336258e-01
6.058333333333333348e-01,1.031293126058547005e-01,5.298479895140163487e-01,8.935433980207134752e-01,2.187998026886347702e+00,3.724050120842593015e-01
6.066666666666666874e-01,1.026467637549003387e-01,5.305273943674259085e-01,8.915985377971229475e-01,2.188741836026272036e+00,3.729475955676246901e-01
6.075000000000000400e-01,1.021637101624302824e-01,5.312064404450632660e-01,8.902025924640283305e-01,2.189484253163880734e+00,3.734905174200331968e-01
6.083333333333333925e-01,1.016801528778848718e-01,5.318851279295151446e-01,8.894040893025656480e-01,2.190225755947950326e+00,3.740335914588578947e-01
6.091666666666667451e-01,1.011960926113181364e-01,5.325634567637993477e-01,8.892565670494091412e-01,2.190966864554763749e+00,3.745766143077857158e-01
6.099999999999999867e-01,1.007115297039010149e-01,5.332414266287645033e-01,8.898183217539954448e-01,2.191708145758431758e+00,3.751193637412000847e-01
6.108333333333333393e-01,1.002264640958177716e-01,5.339190369184568796e-01,8.911521603293675042e-01,2.192450216792633189e+00,3.756615971023806733e-01
6.116666666666666918e-01,9.974089529170525326e-02,5.345962867135384267e-01,8.933251683437065660e-01,2.193193749012913862e+00,3.762030497919400251e-01
6.125000000000000444e-01,9.925482232377431935e-02,5.352731747528373107e-01,8.964084967707219853e-01,2.193939471373378414e+00,3.767434338209780242e-01
6.133333333333333970e-01,9.876824371274509073e-02,5.359496994031012207e-01,9.004771702125335953e-01,2.194688173734621550e+00,3.772824364221253335e-01
6.141666666666667496e-01,9.828115742671486577e-02,5.366258586270181707e-01,9.056099165750980395e-01,2.195440710020783115e+00,3.778197187111179689e-01
6.149999999999999911e-01,9.779356083806675648e-02,5.373016499495569809e-01,9.118890153611746152e-01,2.196198001242422926e+00,3.783549143918639723e-01
6.158333333333333437e-01,9.730545067851732732e-02,5.379770704226759515e-01,9.194001586937107229e-01,2.196961038398279165e+00,3.788876284992622745e-01
6.166666666666666963e-01,9.681682299239713352e-02,5.386521165884365914e-01,9.282323159325106543e-01,2.197730885262706657e+00,3.794174361763514858e-01
6.175000000000000488e-01,9.632767308825503083e-02,5.393267844405633671e-01,9.384775893328441976e-01,2.198508681056567049e+00,3.799438814858029367e-01
6.183333333333334014e-01,9.583799548888649600e-02,5.400010693844871090e-01,9.502310446446294856e-01,2.199295642987391108e+00,3.804664762603652273e-01
6.191666666666667540e-01,9.534778387990047732e-02,5.406749661959223685e-01,9.635904968920784297e-01,2.200093068629698223e+00,3.809846990026768965e-01
6.199999999999999956e-01,9.485703105696724480e-02,5.413484689780446724e-01,9.786562278367709755e-01,2.200902338098335242e+00,3.814979938519316160e-01
6.208333333333333481e-01,9.436572887192946901e-02,5.420215711173596018e-01,9.955306078519897683e-01,2.201724915946539074e+00,3.820057696432363481e-01
6.216666666666667007e-01,9.387386817801583738e-02,5.426942652383935917e-01,1.014317591182959388e+00,2.202562352696137093e+00,3.825073990951773917e-01
6.225000000000000533e-01,9.338143877446732077e-02,5.433665431573883042e-01,1.035122049924523724e+00,2.203416285879931991e+00,3.830022181720873498e-01
6.233333333333334059e-01,9.288842935098055864e-02,5.440383958352424942e-01,1.058048908643558494e+00,2.204288440446001918e+00,3.834895256797710150e-01
6.241666666666667584e-01,9.239482743248443597e-02,5.447098133300303235e-01,1.083202038589822447e+00,2.205180628340682514e+00,3.839685831669075178e-01
6.250000000000000000e-01,9.190061932490199703e-02,5.453807847495203420e-01,1.110682868120448363e+00,2.206094747051811744e+00,3.844386152188629113e-01
6.258333333333333526e-01,9.140579006270778406e-02,5.460512982042402541e-01,1.140588664630276305e+00,2.207032776857124734e+00,3.848988102459861560e-01
6.266666666666667052e-01,9.091032335927459740e-02,5.467213407617673715e-01,1.173010443334752573e+00,2.207996776485443569e+00,3.853483218842698177e-01
6.275000000000000577e-01,9.041420156120694163e-02,5.473908984030855240e-01,1.208030460182845989e+00,2.208988876861909478e+00,3.857862711420470547e-01
6.283333333333334103e-01,8.991740560808808569e-02,5.480599559820238387e-01,1.245719250555829216e+00,2.210011272574717189e+00,3.862117494414941676e-01
6.291666666666666519e-01,8.941991499931221943e-02,5.487284971889911933e-01,1.286132182876095653e+00,2.211066210671980503e+00,3.866238227172418829e-01
6.300000000000000044e-01,8.892170776993313375e-02,5.493965045204332043e-01,1.329305507497241967e+00,2.212155976376302569e+00,3.870215367452738420e-01
6.308333333333333570e-01,8.842276047772855418e-02,5.500639592556604285e-01,1.375251896965490994e+00,2.213282875294828589e+00,3.874039238821432307e-01
6.316666666666667096e-01,8.792304820394129805e-02,5.507308414429323840e-01,1.423955494576194525e+00,2.214449211707970822e+00,3.877700113958059691e-01
6.325000000000000622e-01,8.742254457040955773e-02,5.513971298969072565e-01,1.475366514606673229e+00,2.215657262545130290e+00,3.881188315631921015e-01
6.333333333333334147e-01,8.692122177601631361e-02,5.520628022097887611e-01,1.529395469969432986e+00,2.216909246705370151e+00,3.884494336940593762e-01
6.341666666666666563e-01,8.641905065555845200e-02,5.527278347786923618e-01,1.585907141228696249e+00,2.218207289460035980e+00,3.887608982135543623e-01
6.350000000000000089e-01,8.591600076423561161e-02,5.533922028519073777e-01,1.644714444411422116e+00,2.219553381787386037e+00,3.890523528951985166e-01
6.358333333333333615e-01,8.541204049096635942e-02,5.540558805968239797e-01,1.705572402657843600e+00,2.220949334640331507e+00,3.893229912798170100e-01
6.366666666666667140e-01,8.490713720362286221e-02,5.547188411923105189e-01,1.768172476595484488e+00,2.222396728340020555e+00,3.895720932427623184e-01
6.375000000000000666e-01,8.440125742901816164e-02,5.553810569482376946e-01,1.832137557647889103e+00,2.223896857520955450e+00,3.897990475808427724e-01
6.383333333333334192e-01,8.389436707004770122e-02,5.560424994546364630e-01,1.897017973696519366e+00,2.225450672325682167e+00,3.900033763817939980e-01
6.391666666666666607e-01,8.338643166176393229e-02,5.567031397626188705e-01,1.962288893158499414e+00,2.227058716853538289e+00,3.901847608143576562e-01
6.400000000000000133e-01,8.287741666732983958e-02,5.573629485986676402e-01,2.027349536498715299e+00,2.228721066199228940e+00,3.903430678390513719e-01
6.408333333333333659e-01,8.236728781374981490e-02,5.580218966131931246e-01,2.091524607928903379e+00,2.230437263759406985e+00,3.904783771933469927e-01
6.416666666666667185e-01,8.185601146601337308e-02,5.586799546633679503e-01,2.154068339044504565e+00,2.232206260820646104e+00,3.905910078570313804e-01
6.425000000000000711e-01,8.134355503683478317e-02,5.593370941291631038e-01,2.214171485470986855e+00,2.234026360747527473e+00,3.906815430628088337e-01
6.433333333333334236e-01,8.082988742755727041e-02,5.599932872602577660e-01,2.270971533547169408e+00,2.235895170338785043e+00,3.907508527943191479e-01
6.441666666666666652e-01,8.031497949407181980e-02,5.606485075500934334e-01,2.323566254964625877e+00,2.237809561083997867e+00,3.908001126207293341e-01
6.450000000000000178e-01,7.979880452984650097e-02,5.613027301318429529e-01,2.371030594123635815e+00,2.239765643104451254e+00,3.908308176665925560e-01
6.458333333333333703e-01,7.928133875646338480e-02,5.619559321895194470e-01,2.412436690096159353e+00,2.241758754472876092e+00,3.908447905202387940e-01
6.466666666666667229e-01,7.876256181051145833e-02,5.626080933759455283e-01,2.446876630545663289e+00,2.243783468356476796e+00,3.908441819545538931e-01
6.475000000000000755e-01,7.824245721440402368e-02,5.632591962279159814e-01,2.473487320520266763e+00,2.245833620002754216e+00,3.908314634788164765e-01
6.483333333333334281e-01,7.772101281777894777e-02,5.639092265677276838e-01,2.491476639815174643e+00,2.247902354986227369e+00,3.908094109632734847e-01
6.491666666666666696e-01,7.719822119570864116e-02,5.645581738794094306e-01,2.500149876122819137e+00,2.249982199367868141e+00,3.907810788778148248e-01
6.500000000000000222e-01,7.667407999007647135e-02,5.652060316475642221e-01,2.498935276015448181e+00,2.252065151514592412e+00,3.907497650544951573e-01
6.508333333333333748e-01,7.614859218122990714e-02,5.658527976468163967e-01,2.487407469726654163e+00,2.254142794325318278e+00,3.907189663057900053e-01
6.516666666666667274e-01,7.562176627841735166e-02,5.664984741704989224e-01,2.465307513700873532e+00,2.256206425568413110e+00,3.906923256847231740e-01
6.525000000000000799e-01,7.509361641954825917e-02,5.671430681884439551e-01,2.432558367093692553e+00,2.258247203018744376e+00,3.906735726318956714e-01
6.533333333333333215e-01,7.456416237341642606e-02,5.677865914255557644e-01,2.389274778337227456e+00,2.260256300162673870e+00,3.906664576865790939e-01
6.541666666666666741e-01,7.403342944059600195e-02,5.684290603551859222e-01,2.335766801200640952e+00,2.262225067487481311e+00,3.906746838114860121e-01
6.550000000000000266e-01,7.350144825261779868e-02,5.690704961041099796e-01,2.272536473904121390e+00,2.264145193852108218e+00,3.907018366622143080e-01
6.558333333333333792e-01,7.296825447258151187e-02,5.697109242689956110e-01,2.200267559516948968e+00,2.266008862199367258e+00,3.907513162960485897e-01
6.566666666666667318e-01,7.243388840387617045e-02,5.703503746474779534e-01,2.119808634679090531e+00,2.267808893946948956e+00,3.908262728418819831e-01
6.575000000000000844e-01,7.189839451696300454e-02,5.709888808901513180e-01,2.032150196481182114e+00,2.269538876793265825e+00,3.909295485348242005e-01
6.583333333333333259e-01,7.136182090704307202e-02,5.716264800827516313e-01,1.938396803259380352e+00,2.271193271376490852e+00,3.910636282585289725e-01
6.591666666666666785e-01,7.082421869772491385e-02,5.722632122703644741e-01,1.839735545781661985e+00,2.272767493188591281e+00,3.912306003502827867e-01
6.600000000000000311e-01,7.028564140740667376e-02,5.728991199374975363e-01,1.737402338095925147e+00,2.274257967306873685e+00,3.914321289341649024e-01
6.608333333333333837e-01,6.974614429591145803e-02,5.735342474591941242e-01,1.632647607495006703e+00,2.275662154784203306e+00,3.916694384903898207e-01
6.616666666666667362e-01,6.920578370894990561e-02,5.741686405389582193e-01,1.526702945507601994e+00,2.276978550847954530e+00,3.919433107838299346e-01
6.625000000000000888e-01,6.866461643724931785e-02,5.748023456491134775e-01,1.420750161337100970e+00,2.278206656309139877e+00,3.922540937027221286e-01
6.633333333333333304e-01,6.812269910576580767e-02,5.754354094883515902e-01,1.315893969642879746e+00,2.279346924697048138e+00,3.926017210382221068e-01
6.641666666666666829e-01,6.758008760639658274e-02,5.760678784697378374e-01,1.213139267163015012e+00,2.280400688545717092e+00,3.929857417993932733e-01
6.650000000000000355e-01,6.703683658518148902e-02,5.766997982504467046e-01,1.113373633274350682e+00,2.281370068920899552e+00,3.934053573302779272e-01
6.658333333333333881e-01,6.649299899227859023e-02,5.773312133121537570e-01,1.017355355781544901e+00,2.282257872666339615e+00,3.938594642895372755e-01
6.666666666666667407e-01,6.594862570019109638e-02,5.779621665984673307e-01,9.257069614599107155e-01,2.283067481965190382e+00,3.943467014716685037e-01
6.675000000000000933e-01,6.540376519295669488e-02,5.785926992132032209e-01,8.389139439099398965e-01,2.283802740675761278e+00,3.948654984850019090e-01
6.683333333333333348e-01,6.485846332642686285e-02,5.792228501808330821e-01,7.573281463638088518e-01,2.284467841546708566e+00,3.954141244402654687e-01
6.691666666666666874e-01,6.431276315746910222e-02,5.798526562681916019e-01,6.811750849410924680e-01,2.285067217893085534e+00,3.959907350232866885e-01
6.700000000000000400e-01,6.376670483800066236e-02,5.804821518645948419e-01,6.105643925115820103e-01,2.285605442675357590e+00,3.965934166018711404e-01
6.708333333333333925e-01,6.322032556824845606e-02,5.811113689159742579e-01,5.455025226967868957e-01,2.286087137223360877e+00,3.972202263248496013e-01
6.716666666666667451e-01,6.267365960255164015e-02,5.817403369074725106e-01,4.859068705585006254e-01,2.286516891137217122e+00,3.978692274869977674e-01
6.725000000000000977e-01,6.212673830035958522e-02,5.823690828881982195e-01,4.316205306043282564e-01,2.286899194221034826e+00,3.985385197366136945e-01
6.733333333333333393e-01,6.157959021480183259e-02,5.829976315314560065e-01,3.824270113872875743e-01,2.287238380696864581e+00,3.992262639769078580e-01
6.741666666666666918e-01,6.103224121126463175e-02,5.836260052237164375e-01,3.380643462485060091e-01,2.287538585429212734e+00,3.999307020468912954e-01
6.750000000000000444e-01,6.048471460874408484e-02,5.842542241758130750e-01,2.982381695109025399e-01,2.287803711477445656e+00,4.006501714558125538e-01
6.758333333333333970e-01,5.993703133728893462e-02,5.848823065502919416e-01,2.626334562424476604e-01,2.288037407988176231e+00,4.013831155854659105e-01
6.766666666666667496e-01,5.938921010554137209e-02,5.855102685994229006e-01,2.309247433874927202e-01,2.288243057238021905e+00,4.021280898685205552e-01
6.774999999999999911e-01,5.884126757316432421e-02,5.861381248090655749e-01,2.027847548800862654e-01,2.288423769528966645e+00,4.028837645027736891e-01
6.783333333333333437e-01,5.829321852376166679e-02,5.867658880443107350e-01,1.778914399489359977e-01,2.288582384610145404e+00,4.036489242770348596e-01
6.791666666666666963e-01,5.774507603471110834e-02,5.873935696935430606e-01,1.559335009348057077e-01,2.288721478335513648e+00,4.044224660712079089e-01
6.800000000000000488e-01,5.719685164109879899e-02,5.880211798082746188e-01,1.366145349901757289e-01,2.288843373350482491e+00,4.052033945582756980e-01
6.808333333333334014e-01,5.664855549165580262e-02,5.886487272367380008e-01,1.196559446703502894e-01,2.288950152717007747e+00,4.059908165860994789e-01
6.816666666666667540e-01,5.610019649522424851e-02,5.892762197498077059e-01,1.047987880900768942e-01,2.289043675522324683e+00,4.067839346582969307e-01
6.824999999999999956e-01,5.555178245682387828e-02,5.899036641583130791e-01,9.180474283353710907e-02,2.289125593660209734e+00,4.075820398710077730e-01
6.833333333333333481e-01,5.500332020284280643e-02,5.905310664212258809e-01,8.045635205876494611e-02,2.289197369116414915e+00,4.083845046001090551e-01
6.841666666666667007e-01,5.445481569524534410e-02,5.911584317445442993e-01,7.055670895266635823e-02,2.289260291225169830e+00,4.091907751743384392e-01
6.850000000000000533e-01,5.390627413497511150e-02,5.917857646709651087e-01,6.192871927014562822e-02,2.289315493486929309e+00,4.100003647158420583e-01
6.858333333333334059e-01,5.335770005495046875e-02,5.924130691606362964e-01,5.441406312701523029e-02,2.289363969646261321e+00,4.108128462820303528e-01
6.866666666666667584e-01,5.280909740320201273e-02,5.930403486634289179e-01,4.787195807833188876e-02,2.289406588821763400e+00,4.116278464018492400e-01
6.875000000000000000e-01,5.226046961680429204e-02,5.936676061832660833e-01,4.217780695677182667e-02,2.289444109557194906e+00,4.124450390656460574e-01
6.883333333333333526e-01,5.171181968731212997e-02,5.942948443351053767e-01,3.722179675592984793e-02,2.289477192725408727e+00,4.132641402003928155e-01
6.891666666666667052e-01,5.116315021843825112e-02,5.949220653951965421e-01,3.290749949756351100e-02,2.289506413265514517e+00,4.140849026405307720e-01
6.900000000000000577e-01,5.061446347670477131e-02,5.955492713452434916e-01,2.915051274934920764e-02,2.289532270770617384e+00,4.149071115884356287e-01
6.908333333333334103e-01,5.006576143578259780e-02,5.961764639110803676e-01,2.587716630521647368e-02,2.289555198970223415e+00,4.157305805466682269e-01
6.916666666666667629e-01,4.951704581519646847e-02,5.968036445964471914e-01,2.302331241773362611e-02,2.289575574169691485e+00,4.165551476960618338e-01
6.925000000000000044e-01,4.896831811403024731e-02,5.974308147124125501e-01,2.053320971154640184e-02,2.289593722720578484e+00,4.173806726885551655e-01
6.933333333333333570e-01,4.841957964021731398e-02,5.980579754029506923e-01,1.835850529181724117e-02,2.289609927601830019e+00,4.182070338209017413e-01
6.941666666666667096e-01,4.787083153595113327e-02,5.986851276671355526e-01,1.645731535634507511e-02,2.289624434193766600e+00,4.190341255543985621e-01
6.950000000000000622e-01,4.732207479969690461e-02,5.993122723783710359e-01,1.479340159000128163e-02,2.289637455325827631e+00,4.198618563461093411e-01
6.958333333333334147e-01,4.677331030523763228e-02,5.999394103010335932e-01,1.333543854498136193e-02,2.289649175675883885e+00,4.206901467583402110e-01
6.966666666666666563e-01,4.622453881813874677e-02,6.005665421048612673e-01,1.205636589186444632e-02,2.289659755594399382e+00,4.215189278150166530e-01
6.975000000000000089e-01,4.567576100997108868e-02,6.011936683773864143e-01,1.093281869215359872e-02,2.289669334421309266e+00,4.223481395758986179e-01
6.983333333333333615e-01,4.512697747059247338e-02,6.018207896346712271e-01,9.944628547192245135e-03,2.289678033357659181e+00,4.231777299020393901e-01
6.991666666666667140e-01,4.457818871874841965e-02,6.024479063305764326e-01,9.074388501091155620e-03,2.289685957948095929e+00,4.240076533884363785e-01
7.000000000000000666e-01,4.402939521122173350e-02,6.030750188647614474e-01,8.307074820126375894e-03,2.289693200224479863e+00,4.248378704423014796e-01
7.008333333333334192e-01,4.348059735072919846e-02,6.037021275895896322e-01,7.629719162132914817e-03,2.289699840555305954e+00,4.256683464877697998e-01
7.016666666666666607e-01,4.293179549273785922e-02,6.043292328160891902e-01,7.031125128593816200e-03,2.289705949240427252e+00,4.264990512800878597e-01
7.025000000000000133e-01,4.238298995134936326e-02,6.049563348191000500e-01,6.501623715890521987e-03,2.289711587885779220e+00,4.273299583143784774e-01
7.033333333333333659e-01,4.183418100438209691e-02,6.055834338417179774e-01,6.032862718958863744e-03,2.289716810588460216e+00,4.281610443159390988e-01
7.041666666666667185e-01,4.128536889776027868e-02,6.062105300991343926e-01,5.617625668252966206e-03,2.289721664958621616e+00,4.289922888007089985e-01
7.050000000000000711e-01,4.073655384930634921e-02,6.068376237819533836e-01,5.249676384695592217e-03,2.289726193001143884e+00,4.298236736960291959e-01
7.058333333333334236e-01,4.018773605201794719e-02,6.074647150590580802e-01,4.923625708027020743e-03,2.289730431877015970e+00,4.306551830131338243e-01
7.066666666666666652e-01,3.963891567689967893e-02,6.080918040800882274e-01,4.634817386666555822e-03,2.289734414561638953e+00,4.314868025639712612e-01
7.075000000000000178e-01,3.909009287540923805e-02,6.087188909775802514e-01,4.379230509916656224e-03,2.289738170414929108e+00,4.323185197159575277e-01
7.083333333333333703e-01,3.854126778157033334e-02,6.093459758688151151e-01,4.153396216234940715e-03,2.289741725676064821e+00,4.331503231791417052e-01
7.091666666666667229e-01,3.799244051379466885e-02,6.099730588574125978e-01,3.954326725984092482e-03,2.289745103893957356e+00,4.339822028210164606e-01
7.100000000000000755e-01,3.744361117645148701e-02,6.106001400347047525e-01,3.779455026080817768e-03,2.289748326303020498e+00,4.348141495048584715e-01
7.108333333333334281e-01,3.689477986121587200e-02,6.112272194809151848e-01,3.626583780373980777e-03,2.289751412152523091e+00,4.356461549480336592e-01
7.116666666666666696e-01,3.634594664822288906e-02,6.118542972661688006e-01,3.493842256740344737e-03,2.289754378996705420e+00,4.364782115971807541e-01
7.125000000000000222e-01,3.579711160704974332e-02,6.124813734513516739e-01,3.379650253225761208e-03,2.289757242951917959e+00,4.373103125175806238e-01
7.133333333333333748e-01,3.524827479754599063e-02,6.131084480888365773e-01,3.282688174479873010e-03,2.289760018926263019e+00,4.381424512943528082e-01
7.141666666666667274e-01,3.469943627052613638e-02,6.137355212230896084e-01,3.201872559520523367e-03,2.289762720826568732e+00,4.389746219434040864e-01
7.150000000000000799e-01,3.415059606833854150e-02,6.143625928911674583e-01,3.136336495668559134e-03,2.289765361747008399e+00,4.398068188302717840e-01
7.158333333333334325e-01,3.360175422532050288e-02,6.149896631231158706e-01,3.085414474301757456e-03,2.289767954143246076e+00,4.406390365951932675e-01
7.166666666666666741e-01,3.305291076814759893e-02,6.156167319422750639e-01,3.048631354739430102e-03,2.289770509995674885e+00,4.414712700828667957e-01
7.175000000000000266e-01,3.250406571608270567e-02,6.162437993654978907e-01,3.025695205813260652e-03,2.289773040965075168e+00,4.423035142754729310e-01
7.183333333333333792e-01,3.195521908112950588e-02,6.168708654032832861e-01,3.016493893149434485e-03,2.289775558543866385e+00,4.431357642275888797e-01
7.191666666666667318e-01,3.140637086809080353e-02,6.174979300598280041e-01,3.021095376482520623e-03,2.289778074206062275e+00,4.439680150016614979e-01
7.200000000000000844e-01,3.085752107453262200e-02,6.181249933329946433e-01,3.039751778047239741e-03,2.289780599559043228e+00,4.448002616026943135e-01
7.208333333333333259e-01,3.030866969065155320e-02,6.187520552141954067e-01,3.072907382905501732e-03,2.289783146500360189e+00,4.456324989107696699e-01
7.216666666666666785e-01,2.975981669904077462e-02,6.193791156881874871e-01,3.121210837728352096e-03,2.289785727382952274e+00,4.464647216099473237e-01
7.225000000000000311e-01,2.921096207434941208e-02,6.200061747327743067e-01,3.185531928980453887e-03,2.289788355192438285e+00,4.472969241119655326e-01
7.233333333333333837e-01,2.866210578282496479e-02,6.206332323184051702e-01,3.266983447780003394e-03,2.289791043740511789e+00,4.481291004730106331e-01
7.241666666666667362e-01,2.811324778172836700e-02,6.212602884076630083e-01,3.366948790304535172e-03,2.289793807878944154e+00,4.489612443016153254e-01
7.250000000000000888e-01,2.756438801860673637e-02,6.218873429546277753e-01,3.487116103160746178e-03,2.289796663739316340e+00,4.497933486554820948e-01
7.258333333333333304e-01,2.701552643040596932e-02,6.225143959040989605e-01,3.629519966617262249e-03,2.289799629004345416e+00,4.506254059247067345e-01
7.266666666666666829e-01,2.646666294240083983e-02,6.231414471906598918e-01,3.796591819332027339e-03,2.289802723217589708e+00,4.514574076984818052e-01
7.275000000000000355e-01,2.591779746691713279e-02,6.237684967375576317e-01,3.991220570796310575e-03,2.289805968139418724e+00,4.522893446118841365e-01
7.283333333333333881e-01,2.536892990181247726e-02,6.243955444553738188e-01,4.216825127017654641e-03,2.289809388158459580e+00,4.531212061687828752e-01
7.291666666666667407e-01,2.482006012867882597e-02,6.250225902404504819e-01,4.477440875922501264e-03,2.289813010769293999e+00,4.539529805362264581e-01
7.300000000000000933e-01,2.427118801072063875e-02,6.256496339730321932e-01,4.777822546452834516e-03,2.289816867129053524e+00,4.547846543048663093e-01
7.308333333333333348e-01,2.372231339025480945e-02,6.262766755150769304e-01,5.123566273819190817e-03,2.289820992707728653e+00,4.556162122090348654e-01
7.316666666666666874e-01,2.317343608576771102e-02,6.269037147076798044e-01,5.521254176503092269e-03,2.289825428049582889e+00,4.564476367989914185e-01
7.325000000000000400e-01,2.262455588845443955e-02,6.275307513680417060e-01,5.978625280556735394e-03,2.289830219666023403e+00,4.572789080565704545e-01
7.333333333333333925e-01,2.207567255814892396e-02,6.281577852859061561e-01,6.504777213475056857e-03,2.289835421083729283e+00,4.581100029439806876e-01
7.341666666666667451e-01,2.152678581853999240e-02,6.287848162193698798e-01,7.110403730014764299e-03,2.289841094075788952e+00,4.589408948738030181e-01
7.350000000000000977e-01,2.097789535154817586e-02,6.294118438899580781e-01,7.808073817739565742e-03,2.289847310108100498e+00,4.597715530862901967e-01
7.358333333333333393e-01,2.042900079071676214e-02,6.300388679768366140e-01,8.612558846354999298e-03,2.289854152038377055e+00,4.606019419178792318e-01
7.366666666666666918e-01,1.988010171344488722e-02,6.306658881100098979e-01,9.541214949252193461e-03,2.289861716110791701e+00,4.614320199423703750e-01
7.375000000000000444e-01,1.933119763186309098e-02,6.312929038623280587e-01,1.061442852458152099e-02,2.289870114295572634e+00,4.622617389635139684e-01
7.383333333333333970e-01,1.878228798211615050e-02,6.319199147400996752e-01,1.185613336975671096e-02,2.289879477029695298e+00,4.630910428347967955e-01
7.391666666666667496e-01,1.823337211178314987e-02,6.325469201720713697e-01,1.329440845452501893e-02,2.289889956422122008e+00,4.639198660790532225e-01
7.400000000000001021e-01,1.768444926512115212e-02,6.331739194964991491e-01,1.496216561169018931e-02,2.289901729994649582e+00,4.647481322772335499e-01
7.408333333333333437e-01,1.713551856577251106e-02,6.338009119459961926e-01,1.689793637794679074e-02,2.289915005037145068e+00,4.655757521923060693e-01
7.416666666666666963e-01,1.658657899652376394e-02,6.344278966297950406e-01,1.914676672364778662e-02,2.289930023663437453e+00,4.664026215910069273e-01
7.425000000000000488e-01,1.603762937564950225e-02,6.350548725130122918e-01,2.176122731974795832e-02,2.289947068660955320e+00,4.672286187231554089e-01
7.433333333333334014e-01,1.548866832931227247e-02,6.356818383924535132e-01,2.480254513073642045e-02,2.289966470232809748e+00,4.680536014157708480e-01
7.441666666666667540e-01,1.493969425942946218e-02,6.363087928684368899e-01,2.834185930454535471e-02,2.289988613734657896e+00,4.688774037375532666e-01
7.449999999999999956e-01,1.439070530635276450e-02,6.369357343120602977e-01,3.246160035520533060e-02,2.290013948509516339e+00,4.696998321888044559e-01
7.458333333333333481e-01,1.384169930564279304e-02,6.375626608272775275e-01,3.725698630557216368e-02,2.290042997920624934e+00,4.705206613730069654e-01
7.466666666666667007e-01,1.329267373816361668e-02,6.381895702070967680e-01,4.283762260123023802e-02,2.290076370674336115e+00,4.713396291095456325e-01
7.475000000000000533e-01,1.274362567266752212e-02,6.388164598831670427e-01,4.932918409341540550e-02,2.290114773510458779e+00,4.721564309530162928e-01
7.483333333333334059e-01,1.219455170000298752e-02,6.394433268679787785e-01,5.687514716395914577e-02,2.290159025315149144e+00,4.729707140937924881e-01
7.491666666666667584e-01,1.164544785805475199e-02,6.400701676888813640e-01,6.563852818368014208e-02,2.290210072679877307e+00,4.737820706276060778e-01
7.500000000000000000e-01,1.109630954652670275e-02,6.406969783131160057e-01,7.580357115879905738e-02,2.290269006887936776e+00,4.745900301993795645e-01
7.508333333333333526e-01,1.054713143070965323e-02,6.413237540630837286e-01,8.757731301272354829e-02,2.290337082256341361e+00,4.753940520488423305e-01
7.516666666666667052e-01,9.997907333448047273e-03,6.419504895211181061e-01,1.011909400735624132e-01,2.290415735695127353e+00,4.761935165128378111e-01
7.525000000000000577e-01,9.448630114633803714e-03,6.425771784231281147e-01,1.169008348283139542e-01,2.290506607268003147e+00,4.769877160716738396e-01
7.533333333333334103e-01,8.899291537728707194e-03,6.432038135406055179e-01,1.349891989404679860e-01,2.290611561448740119e+00,4.777758460640411653e-01
7.541666666666667629e-01,8.349882123046808297e-03,6.438303865506812551e-01,1.557641282063916000e-01,2.290732708668384632e+00,4.785569952361845014e-01
7.550000000000000044e-01,7.800390987826668482e-03,6.444568878941512313e-01,1.795590090122756166e-01,2.290872426642225790e+00,4.793301363349117827e-01
7.558333333333333570e-01,7.250805673490034499e-03,6.450833066216908884e-01,2.067311054941591841e-01,2.291033380856603685e+00,4.800941169989439983e-01
7.566666666666667096e-01,6.701111960921967911e-03,6.457096302288264367e-01,2.376592135026870112e-01,2.291218543489518922e+00,4.808476512467584896e-01
7.575000000000000622e-01,6.151293675107630775e-03,6.463358444806418523e-01,2.727402729399665549e-01,2.291431209942203395e+00,4.815893118987761290e-01
7.583333333333334147e-01,5.601332481023763889e-03,6.469619332276473900e-01,3.123848550009207248e-01,2.291675012078845608e+00,4.823175243043860694e-01
7.591666666666667673e-01,5.051207673285669671e-03,6.475878782147267421e-01,3.570114756915631071e-01,2.291953927216634046e+00,4.830305617666523221e-01
7.600000000000000089e-01,4.500895962680723748e-03,6.482136588855851311e-01,4.070397313582232446e-01,2.292272281886237995e+00,4.837265430663977850e-01
7.608333333333333615e-01,3.950371263349830922e-03,6.488392521856304329e-01,4.628823046345539316e-01,2.292634749401234906e+00,4.844034324798269786e-01
7.616666666666667140e-01,3.399604484983584189e-03,6.494646323667055965e-01,5.249359480631893282e-01,2.293046340339858880e+00,4.850590426576679159e-01
7.625000000000000666e-01,2.848563334941975334e-03,6.500897707975330508e-01,5.935716146452123532e-01,2.293512385157653988e+00,4.856910406876622233e-01
7.633333333333334192e-01,2.297212135660687410e-03,6.507146357841013806e-01,6.691239659083229041e-01,2.294038508316218028e+00,4.862969575959656399e-01
7.641666666666666607e-01,1.745511663030378802e-03,6.513391924044984460e-01,7.518805444259927251e-01,2.294630593528857343e+00,4.868742014578661959e-01
7.650000000000000133e-01,1.193419011602168695e-03,6.519634023628499975e-01,8.420709445217872124e-01,2.295294739982585597e+00,4.874200741869059161e-01
7.658333333333333659e-01,6.408874924564519513e-04,6.525872238670400449e-01,9.398563478157825335e-01,2.296037209687726399e+00,4.879317919581019347e-01
7.666666666666667185e-01,8.786656934869538881e-05,6.532106115347612318e-01,1.045319805615968933e+00,2.296864366418323034e+00,4.884065091008851778e-01
7.675000000000000711e-01,-4.656981616852848022e-04,6.538335163321554733e-01,1.158457645287283899e+00,2.297782607022865964e+00,4.888413451768306994e-01
7.683333333333334236e-01,-1.019864944728667792e-03,6.544558855488732396e-01,1.279172351424507470e+00,2.298798286188162621e+00,4.892334148430054763e-01
7.691666666666666652e-01,-1.574695784694119232e-03,6.550776628128051060e-01,1.407267225333284966e+00,2.299917636011811428e+00,4.895798600004222512e-01
7.700000000000000178e-01,-2.130256313668348316e-03,6.556987881470505153e-01,1.542443060134349508e+00,2.301146681964089780e+00,4.898778836447583718e-01
7.708333333333333703e-01,-2.686615601364750801e-03,6.563191980709046636e-01,1.684296987513991262e+00,2.302491156983943466e+00,4.901247847780755285e-01
7.716666666666667229e-01,-3.243845909405440250e-03,6.569388257458074198e-01,1.832323560867341161e+00,2.303956415545769243e+00,4.903179937091676766e-01
7.725000000000000755e-01,-3.802022390437178635e-03,6.575576011663321063e-01,1.985918044356016043e+00,2.305547349547945490e+00,4.904551070678763725e-01
7.733333333333334281e-01,-4.361222734360329159e-03,6.581754513954469754e-01,2.144381784671872904e+00,2.307268307810040664e+00,4.905339218848043803e-01
7.741666666666666696e-01,-4.921526765156621075e-03,6.587923008424780846e-01,2.306929458330940985e+00,2.309123020827958506e+00,4.905524681399164866e-01
7.750000000000000222e-01,-5.483015992894689147e-03,6.594080715814846227e-01,2.472697917670855894e+00,2.311114532234626040e+00,4.905090392573927538e-01
7.758333333333333748e-01,-6.045773126427348571e-03,6.600226837071365704e-01,2.640756307751838339e+00,2.313245138161885706e+00,4.904022201142823056e-01
7.766666666666667274e-01,-6.609881553046392279e-03,6.606360557246900855e-01,2.810117096902501554e+00,2.315516335413824844e+00,4.902309122305179567e-01
7.775000000000000799e-01,-7.175424791900461563e-03,6.612481049702862990e-01,2.979747656827258506e+00,2.317928779061212197e+00,4.899943559108052016e-01
7.783333333333334325e-01,-7.742485928311738583e-03,6.618587480575603976e-01,3.148582043396291219e+00,2.320482249769638905e+00,4.896921492080108518e-01
7.791666666666666741e-01,-8.311147036247008499e-03,6.624679013464290778e-01,3.315532664278238784e+00,2.323175630897836186e+00,4.893242636666909617e-01
7.800000000000000266e-01,-8.881488596128177954e-03,6.630754814299086863e-01,3.479501570932288512e+00,2.326006895162507249e+00,4.888910568790533762e-01
7.808333333333333792e-01,-9.453588914929393280e-03,6.636814056348862012e-01,3.639391175671670364e+00,2.328973100473592517e+00,4.883932819399667280e-01
7.816666666666667318e-01,-1.002752355514188037e-02,6.642855925328893241e-01,3.794114264495044964e+00,2.332070394406995373e+00,4.878320939200456174e-01
7.825000000000000844e-01,-1.060336477872118009e-02,6.648879624570553926e-01,3.942603247939469036e+00,2.335294026703843340e+00,4.872090534854471855e-01
7.833333333333334370e-01,-1.118118101161221130e-02,6.654884380216526951e-01,4.083818660316630655e+00,2.338638369165616737e+00,4.865261277803878959e-01
7.841666666666666785e-01,-1.176103633390569551e-02,6.660869446406347816e-01,4.216756977829369646e+00,2.342096942348177002e+00,4.857856886556391474e-01
7.850000000000000311e-01,-1.234299000015071437e-02,6.666834110417853010e-01,4.340457874426936868e+00,2.345662448536617095e+00,4.849905082768271036e-01
7.858333333333333837e-01,-1.292709599385520255e-02,6.672777697730191138e-01,4.454011067926122003e+00,2.349326810595930848e+00,4.841437520848195231e-01
7.866666666666667362e-01,-1.351340261977415809e-02,6.678699576973341490e-01,4.556562925940391473e+00,2.353081216426708533e+00,4.832489690123448756e-01
7.875000000000000888e-01,-1.410195213721460172e-02,6.684599164727531573e-01,4.647323000550942496e+00,2.356916168896079800e+00,4.823100787924359811e-01
7.883333333333333304e-01,-1.469278043728778661e-02,6.690475930133562565e-01,4.725570642432642465e+00,2.360821541247322575e+00,4.813313561318811606e-01
7.891666666666666829e-01,-1.528591676680024491e-02,6.696329399272012983e-01,4.790661810265803844e+00,2.364786638102613470e+00,4.803174114732817745e-01
7.900000000000000355e-01,-1.588138350128132092e-02,6.702159159265719257e-01,4.842036141571220753e+00,2.368800262249212363e+00,4.792731680389888949e-01
7.908333333333333881e-01,-1.647919596948141385e-02,6.707964862056234878e-01,4.879224289283990323e+00,2.372850787428735675e+00,4.782038348450040610e-01
7.916666666666667407e-01,-1.707936233150743333e-02,6.713746227801310473e-01,4.901855457888935064e+00,2.376926237323391256e+00,4.771148753977937917e-01
7.925000000000000933e-01,-1.768188351257261523e-02,6.719503047837427356e-01,4.909664997913306905e+00,2.381014370846642247e+00,4.760119718454961513e-01
7.933333333333333348e-01,-1.828675319409266489e-02,6.725235187149323224e-01,4.902501842724928061e+00,2.385102773696907708e+00,4.749009844490468257e-01
7.941666666666666874e-01,-1.889395786353715093e-02,6.730942586287803620e-01,4.880335502034461648e+00,2.389178955923890957e+00,4.737879063681293967e-01
7.950000000000000400e-01,-1.950347692401918978e-02,6.736625262678315185e-01,4.843262267571333268e+00,2.393230454994560219e+00,4.726788139189702642e-01
7.958333333333333925e-01,-2.011528286406942534e-02,6.742283311266213941e-01,4.791510243333458874e+00,2.397244943540770556e+00,4.715798126506877685e-01
7.966666666666667451e-01,-2.072934148737412899e-02,6.747916904450560471e-01,4.725442790421589656e+00,2.401210340638168628e+00,4.704969797963940992e-01
7.975000000000000977e-01,-2.134561220147413937e-02,6.753526291266903625e-01,4.645559978776045540e+00,2.405114925125334313e+00,4.694363038742783156e-01
7.983333333333333393e-01,-2.196404836352523066e-02,6.759111795790876398e-01,4.552497667932211556e+00,2.408947449144795527e+00,4.684036224301038054e-01
7.991666666666666918e-01,-2.258459768023660108e-02,6.764673814748320968e-01,4.447023897388312719e+00,2.412697249797012500e+00,4.674045591121042120e-01
8.000000000000000444e-01,-2.320720265805896812e-02,6.770212814333880225e-01,4.330032353577594861e+00,2.416354356568248374e+00,4.664444614376597742e-01
8.008333333333333970e-01,-2.383180109863275442e-02,6.775729326257979857e-01,4.202532791843866633e+00,2.419909592045507374e+00,4.655283407342846180e-01
8.016666666666667496e-01,-2.445832663346424185e-02,6.781223943061218673e-01,4.065638423121806788e+00,2.423354663385076435e+00,4.646608158028302515e-01
8.025000000000001021e-01,-2.508670929083179485e-02,6.786697312754637057e-01,3.920550419055622182e+00,2.426682242069317041e+00,4.638460618485799047e-01
8.033333333333333437e-01,-2.571687608707712985e-02,6.792150132863231660e-01,3.768539837231786205e+00,2.429886029676103121e+00,4.630877661500877873e-01
8.041666666666666963e-01,-2.634875163375827167e-02,6.797583143967468322e-01,3.610927410155714501e+00,2.432960807695847993e+00,4.623890917848434978e-01
8.050000000000000488e-01,-2.698225875166826090e-02,6.802997122852546541e-01,3.449061767386531585e+00,2.435902469853157282e+00,4.617526505089541988e-01
8.058333333333334014e-01,-2.761731908249638948e-02,6.808392875386956034e-01,3.284296760261040227e+00,2.438708035906343774e+00,4.611804856040632727e-01
8.066666666666667540e-01,-2.825385368893742338e-02,6.813771229259714124e-01,3.117968624793222343e+00,2.441375646483449735e+00,4.606740651725437230e-01
8.075000000000001066e-01,-2.889178363435821253e-02,6.819133026709131018e-01,2.951373744838971636e+00,2.443904539137463416e+00,4.602342859993830415e-01
8.083333333333333481e-01,-2.953103053369807163e-02,6.824479117374816495e-01,2.785747761629796315e+00,2.446295006431824959e+00,4.598614877265131962e-01
8.091666666666667007e-01,-3.017151706809444861e-02,6.829810351398860613e-01,2.622246717757468204e+00,2.448548337464902858e+00,4.595554767240265237e-01
8.100000000000000533e-01,-3.081316745675327651e-02,6.835127572892018000e-01,2.461930827417451173e+00,2.450666744775392480e+00,4.593155587134499784e-01
8.108333333333334059e-01,-3.145590788078916900e-02,6.840431613866879701e-01,2.305751336977801103e+00,2.452653279010557075e+00,4.591405789193094833e-01
8.116666666666667584e-01,-3.209966685508263556e-02,6.845723288723044586e-01,2.154540789898142794e+00,2.454511734063422157e+00,4.590289683110749253e-01
8.125000000000000000e-01,-3.274437554559479768e-02,6.851003389350187600e-01,2.009006848345168184e+00,2.456246545579356511e+00,4.589787943578040319e-01
8.133333333333333526e-01,-3.338996803098107785e-02,6.856272680894607285e-01,1.869729661706029056e+00,2.457862685791877944e+00,4.589878146565058992e-01
8.141666666666667052e-01,-3.403638150869805340e-02,6.861531898214211500e-01,1.737162620231111454e+00,2.459365557576018269e+00,4.590535318110454677e-01
8.150000000000000577e-01,-3.468355644705867213e-02,6.866781743027057239e-01,1.611636199442544548e+00,2.460760890417549085e+00,4.591732480248530979e-01
8.158333333333334103e-01,-3.533143668580632224e-02,6.872022881740126321e-01,1.493364494773260276e+00,2.462054640706805575e+00,4.593441180172205263e-01
8.166666666666667629e-01,-3.597996948872659445e-02,6.877255943928810566e-01,1.382453970593042758e+00,2.463252898400708268e+00,4.595631990659704846e-01
8.175000000000000044e-01,-3.662910555256710526e-02,6.882481521423998716e-01,1.278913905036219045e+00,2.464361801682220410e+00,4.598274972036019426e-01
8.183333333333333570e-01,-3.727879897708474832e-02,6.887700167953015873e-01,1.182668000964629540e+00,2.465387460809720821e+00,4.601340088341139278e-01
8.191666666666667096e-01,-3.792900720138216164e-02,6.892912399273032342e-01,1.093566650856913292e+00,2.466335891914646528e+00,4.604797572790055304e-01
8.200000000000000622e-01,-3.857969091184916544e-02,6.898118693730964646e-01,1.011399384615047969e+00,2.467212961096093338e+00,4.608618239906993597e-01
8.208333333333334147e-01,-3.923081392699739184e-02,6.903319493181959698e-01,9.359070883928665152e-01,2.468024338793179950e+00,4.612773743796059756e-01
8.216666666666667673e-01,-3.988234306430261944e-02,6.908515204199109361e-01,8.667936533533109333e-01,2.468775464102241024e+00,4.617236783799466004e-01
8.225000000000000089e-01,-4.053424799387007199e-02,6.913706199509613848e-01,8.037367897057482446e-01,2.469471518453515646e+00,4.621981260248602674e-01
8.233333333333333615e-01,-4.118650108334636489e-02,6.918892819596792476e-01,7.463978180543303642e-01,2.470117407873415605e+00,4.626982384116034575e-01
8.241666666666667140e-01,-4.183907723804384388e-02,6.924075374412641537e-01,6.944303225516835765e-01,2.470717752932001243e+00,4.632216745135162017e-01
8.250000000000000666e-01,-4.249195373975330620e-02,6.929254145151766409e-01,6.474876152724512446e-01,2.471276885406094692e+00,4.637662343394391984e-01
8.258333333333334192e-01,-4.314511008721313295e-02,6.934429386043913235e-01,6.052290164324720667e-01,2.471798850669304937e+00,4.643298589573005009e-01
8.266666666666667718e-01,-4.379852784070886046e-02,6.939601326128842507e-01,5.673249994985001265e-01,2.472287414842609721e+00,4.649106278913143764e-01
8.275000000000000133e-01,-4.445219047280560970e-02,6.944770170983566304e-01,5.334612837095802362e-01,2.472746075793946563e+00,4.655067543766325810e-01
8.283333333333333659e-01,-4.510608322678370807e-02,6.949936104377825163e-01,5.033419796441926941e-01,2.473178077153677101e+00,4.661165789162094453e-01
8.291666666666667185e-01,-4.576019298395913454e-02,6.955099289838982957e-01,4.766919073171914101e-01,2.473586424606577516e+00,4.667385615366433926e-01
8.300000000000000711e-01,-4.641450814073766473e-02,6.960259872112218860e-01,4.532582122887836573e-01,2.473973903823079912e+00,4.673712730867483622e-01
8.308333333333334236e-01,-4.706901849596561993e-02,6.965417978505845653e-01,4.328114049630036875e-01,2.474343099496934872e+00,4.680133858678586778e-01
8.316666666666666652e-01,-4.772371514891093902e-02,6.970573720114908722e-01,4.151459431806528433e-01,2.474696415058661447e+00,4.686636638309538694e-01
8.325000000000000178e-01,-4.837859040802752753e-02,6.975727192918853570e-01,4.000804697937542231e-01,2.475036092730733994e+00,4.693209525244820268e-01
8.333333333333333703e-01,-4.903363771051889863e-02,6.980878478751045835e-01,3.874578063808275519e-01,2.475364233679139936e+00,4.699841689295347069e-01
8.341666666666667229e-01,-4.968885155262697806e-02,6.986027646139406633e-01,3.771447926392134109e-01,2.475682818095398474e+00,4.706522912765673805e-01
8.350000000000000755e-01,-5.034422743051202714e-02,6.991174751018356393e-01,3.690320490539702458e-01,2.475993725112770605e+00,4.713243489004868003e-01
8.358333333333334281e-01,-5.099976179156629624e-02,6.996319837312759971e-01,3.630337287486528619e-01,2.476298752520188273e+00,4.719994121587123281e-01
8.366666666666666696e-01,-5.165545199600481141e-02,7.001462937394719033e-01,3.590873133231767822e-01,2.476599636287718287e+00,4.726765824095786606e-01
8.375000000000000222e-01,-5.231129628860088643e-02,7.006604072413870066e-01,3.571534971503624867e-01,2.476898069958748838e+00,4.733549820258897700e-01
8.383333333333333748e-01,-5.296729378047330961e-02,7.011743252501393409e-01,3.572161950598845559e-01,2.477195723997169807e+00,4.740337444002160616e-01
8.391666666666667274e-01,-5.362344444088983086e-02,7.016880476847341397e-01,3.592826994895186310e-01,2.477494265203231905e+00,4.747120038843194445e-01
8.400000000000000799e-01,-5.427974909911322671e-02,7.022015733650051050e-01,3.633840048397550260e-01,2.477795376330035992e+00,4.753888855945988534e-01
8.408333333333334325e-01,-5.493620945638869046e-02,7.027148999935542983e-01,3.695753086709677726e-01,2.478100776043998810e+00,4.760634950085091965e-01
8.416666666666666741e-01,-5.559282810824417442e-02,7.032280241243821228e-01,3.779366912275778367e-01,2.478412239377290049e+00,4.767349072734257120e-01
8.425000000000000266e-01,-5.624960857734839781e-02,7.037409411178019436e-01,3.885739662312694964e-01,2.478731618817898052e+00,4.774021561495014887e-01
8.433333333333333792e-01,-5.690655535723730674e-02,7.042536450811355264e-01,4.016196866193496584e-01,2.479060866173252276e+00,4.780642225118765243e-01
8.441666666666667318e-01,-5.756367396728167413e-02,7.047661287946014319e-01,4.172342785975488022e-01,2.479402055325425902e+00,4.787200223455203019e-01
8.450000000000000844e-01,-5.822097101931092422e-02,7.052783836217290103e-01,4.356072657530707382e-01,2.479757405968905370e+00,4.793683941784852576e-01
8.458333333333334370e-01,-5.887845429633651456e-02,7.057903994035793493e-01,4.569585318319959732e-01,2.480129308384565689e+00,4.800080859170076653e-01
8.466666666666666785e-01,-5.953613284381964466e-02,7.063021643360213320e-01,4.815395560303026290e-01,2.480520349254508261e+00,4.806377410693635777e-01
8.475000000000000311e-01,-6.019401707389913231e-02,7.068136648293212865e-01,5.096345383353109160e-01,2.480933338460494131e+00,4.812558843753377835e-01
8.483333333333333837e-01,-6.085211888292543086e-02,7.073248853493464550e-01,5.415613148317437453e-01,2.481371336732646871e+00,4.818609068952021679e-01
8.491666666666667362e-01,-6.151045178253539136e-02,7.078358082397895323e-01,5.776719444438563889e-01,2.481837683924011717e+00,4.824510506566997425e-01
8.500000000000000888e-01,-6.216903104432993515e-02,7.083464135249785132e-01,6.183528300948586409e-01,2.482336027580069437e+00,4.830243930109158756e-01
8.508333333333334414e-01,-6.282787385798703494e-02,7.088566786930731167e-01,6.640242198209778124e-01,2.482870351350867644e+00,4.835788309079317449e-01
8.516666666666666829e-01,-6.348699950233951950e-02,7.093665784597632529e-01,7.151389184120175990e-01,2.483445002658464684e+00,4.841120653701753707e-01
8.525000000000000355e-01,-6.414642952856980385e-02,7.098760845129906683e-01,7.721800294250306118e-01,2.484064718886730194e+00,4.846215865141107471e-01
8.533333333333333881e-01,-6.480618795421293210e-02,7.103851652397119576e-01,8.356575429816609502e-01,2.484734651208566181e+00,4.851046595473288425e-01
8.541666666666667407e-01,-6.546630146612243684e-02,7.108937854363222009e-01,9.061035888561831397e-01,2.485460385013498641e+00,4.855583122453552281e-01
8.550000000000000933e-01,-6.612679962993205096e-02,7.114019060050490451e-01,9.840661892853522774e-01,2.486247955754390837e+00,4.859793244868099160e-01
8.558333333333333348e-01,-6.678771510285996804e-02,7.119094836394129766e-01,1.070101373828396651e+00,2.487103858905688192e+00,4.863642204923359635e-01
8.566666666666666874e-01,-6.744908384595903195e-02,7.124164705027083988e-01,1.164763561221032306e+00,2.488035052628625454e+00,4.867092644665959034e-01
8.575000000000000400e-01,-6.811094533113780380e-02,7.129228139043743973e-01,1.268594171553008909e+00,2.489048951683948019e+00,4.870104603777107855e-01
8.583333333333333925e-01,-6.877334273749945159e-02,7.134284559800699865e-01,1.382108506308741047e+00,2.490153411133057215e+00,4.872635566186899192e-01
8.591666666666667451e-01,-6.943632313079427243e-02,7.139333333821979988e-01,1.505781022611964559e+00,2.491356698436774320e+00,4.874640562747749595e-01
8.600000000000000977e-01,-7.009993761911195720e-02,7.144373769885081771e-01,1.640029228658579363e+00,2.492667452708137166e+00,4.876072336640612237e-01
8.608333333333333393e-01,-7.076424147739304726e-02,7.149405116371857494e-01,1.785196535423077213e+00,2.494094630109837674e+00,4.876881577224345676e-01
8.616666666666666918e-01,-7.142929423297292302e-02,7.154426558974623651e-01,1.941534509286541255e+00,2.495647434711799839e+00,4.877017226658201254e-01
8.625000000000000444e-01,-7.209515970423414910e-02,7.159437218851987250e-01,2.109185073876529426e+00,2.497335234538117898e+00,4.876426861834665671e-01
8.633333333333333970e-01,-7.276190598459239545e-02,7.164436151330526581e-01,2.288163298774366972e+00,2.499167463026722658e+00,4.875057151987400861e-01
8.641666666666667496e-01,-7.342960536450662823e-02,7.169422345246937445e-01,2.478341479129644309e+00,2.501153506684182570e+00,4.872854389849421985e-01
8.650000000000001021e-01,-7.409833418502824454e-02,7.174394723020424136e-01,2.679435245351235118e+00,2.503302580319382908e+00,4.869765091522303413e-01
8.658333333333333437e-01,-7.476817261759056976e-02,7.179352141536624599e-01,2.890992438953751797e+00,2.505623591854509780e+00,4.865736657396445008e-01
8.666666666666666963e-01,-7.543920436628712145e-02,7.184293393912235537e-01,3.112385444537774770e+00,2.508124999305964664e+00,4.860718083674228085e-01
8.675000000000000488e-01,-7.611151629076008673e-02,7.189217212193848017e-01,3.342807576934859526e+00,2.510814663064911745e+00,4.854660711442775889e-01
8.683333333333334014e-01,-7.678519794997397396e-02,7.194122271025767956e-01,3.581273988397308816e+00,2.513699697050467030e+00,4.847518997973228050e-01
8.691666666666667540e-01,-7.746034106949532816e-02,7.199007192300169722e-01,3.826627388716648426e+00,2.516786322624264383e+00,4.839251293131015541e-01
8.700000000000001066e-01,-7.813703893735358952e-02,7.203870550779704063e-01,4.077548670227002958e+00,2.520079729315491068e+00,4.829820602588073553e-01
8.708333333333333481e-01,-7.881538573600205266e-02,7.208710880658397713e-01,4.332572311692295841e+00,2.523583946391290578e+00,4.819195319023561463e-01
8.716666666666667007e-01,-7.949547582021689041e-02,7.213526683002380313e-01,4.590106214078564228e+00,2.527301729110361883e+00,4.807349902736239300e-01
8.725000000000000533e-01,-8.017740295284375707e-02,7.218316433988568592e-01,4.848455412029081479e+00,2.531234463121240008e+00,4.794265494077956657e-01
8.733333333333334059e-01,-8.086125951202290107e-02,7.223078593838024863e-01,5.105848921907137239e+00,2.535382089927046945e+00,4.779930441817534792e-01
8.741666666666667584e-01,-8.154713568478956509e-02,7.227811616322027399e-01,5.360468843150794527e+00,2.539743055662488036e+00,4.764340733879733891e-01
8.750000000000001110e-01,-8.223511866269822557e-02,7.232513958703836732e-01,5.610480734079100529e+00,2.544314284653000691e+00,4.747500319759697662e-01
8.758333333333333526e-01,-8.292529185530816971e-02,7.237184091968232869e-01,5.854064242043631516e+00,2.549091178393051216e+00,4.729421317146044190e-01
8.766666666666667052e-01,-8.361773413698804502e-02,7.241820511184471343e-01,6.089442982536727555e+00,2.554067639736626649e+00,4.710124098733258768e-01
8.775000000000000577e-01,-8.431251914156807914e-02,7.246421745846569618e-01,6.314912729837541150e+00,2.559236121283449350e+00,4.689637258696928157e-01
8.783333333333334103e-01,-8.500971461795103767e-02,7.250986370037643125e-01,6.528867096427575234e+00,2.564587696211059864e+00,4.667997461677594884e-01
8.791666666666667629e-01,-8.570938185795447251e-02,7.255513012272076789e-01,6.729820030033764056e+00,2.570112149180419081e+00,4.645249180219141460e-01
8.800000000000000044e-01,-8.641157520550622750e-02,7.260000364880135892e-01,6.916424633951605117e+00,2.575798084457078918e+00,4.621444329306403365e-01
8.808333333333333570e-01,-8.711634165395698570e-02,7.264447192813578980e-01,7.087488005495997001e+00,2.581633048056848789e+00,4.596641808845228772e-01
8.816666666666667096e-01,-8.782372053582029880e-02,7.268852341767141345e-01,7.241981976393524256e+00,2.587603660549302909e+00,4.570906966561351092e-01
8.825000000000000622e-01,-8.853374330682056703e-02,7.273214745528659986e-01,7.379049816212707391e+00,2.593695757129555801e+00,4.544310994832533313e-01
8.833333333333334147e-01,-8.924643342381068101e-02,7.277533432489267096e-01,7.498009115995784235e+00,2.599894531684642907e+00,4.516930275417840868e-01
8.841666666666667673e-01,-8.996180631400937933e-02,7.281807531263753130e-01,7.598351197050010164e+00,2.606184681815078896e+00,4.488845685946007413e-01
8.850000000000000089e-01,-9.067986943116217169e-02,7.286036275389180528e-01,7.679737485005496467e+00,2.612550552099267787e+00,4.460141881437054701e-01
8.858333333333333615e-01,-9.140062239269602928e-02,7.290219007086590208e-01,7.741993350069529711e+00,2.618976273280549272e+00,4.430906563143451327e-01
8.866666666666667140e-01,-9.212405719073783750e-02,7.294355180085672075e-01,7.785099941640803323e+00,2.625445895485428505e+00,4.401229745709256402e-01
8.875000000000000666e-01,-9.285015846901016612e-02,7.298444361525349144e-01,7.809184541887893793e+00,2.631943514020232300e+00,4.371203032163568647e-01
8.883333333333334192e-01,-9.357890385708146630e-02,7.302486232954115142e-01,7.814509932866172015e+00,2.638453386718046634e+00,4.340918904694626157e-01
8.891666666666667718e-01,-9.431026435321544776e-02,7.306480590462737235e-01,7.801463220609851312e+00,2.644960042198661654e+00,4.310470037590674597e-01
8.900000000000000133e-01,-9.504420474709196487e-02,7.310427343988573634e-01,7.770544493258854324e+00,2.651448378746106282e+00,4.279948637270086786e-01
8.908333333333333659e-01,-9.578068407392006933e-02,7.314326515835585241e-01,7.722355614614633268e+00,2.657903753791053703e+00,4.249445813025406471e-01
8.916666666666667185e-01,-9.651965609188316308e-02,7.318178238457293538e-01,7.657589375203889048e+00,2.664312064203478325e+00,4.219050981024894398e-01
8.925000000000000711e-01,-9.726106977540864562e-02,7.321982751551860957e-01,7.577019145047788840e+00,2.670659817753583187e+00,4.188851303280693994e-01
8.933333333333334236e-01,-9.800486981738634751e-02,7.325740398519433594e-01,7.481489100183442709e+00,2.676934196189096227e+00,4.158931162715272523e-01
8.941666666666667762e-01,-9.875099713414392522e-02,7.329451622332229244e-01,7.371905031996335289e+00,2.683123110410837953e+00,4.129371675127903596e-01
8.950000000000000178e-01,-9.949938936768479292e-02,7.333116960867921419e-01,7.249225697102980703e+00,2.689215248214628762e+00,4.100250238754805099e-01
8.958333333333333703e-01,-1.002499813803818668e-01,7.336737041756881128e-01,7.114454627444982471e+00,2.695200115016523679e+00,4.071640122190391953e-01
8.966666666666667229e-01,-1.010027057379760257e-01,7.340312576794005839e-01,6.968632296127670323e+00,2.701068067901345682e+00,4.043610091642815263e-01
8.975000000000000755e-01,-1.017574931773462116e-01,7.343844355966377968e-01,6.812828524227309224e+00,2.706810343243160499e+00,4.016224078777976825e-01
8.983333333333334281e-01,-1.025142730560786725e-01,7.347333241148816807e-01,6.648135016461158564e+00,2.712419078051780730e+00,3.989540890704070253e-01
8.991666666666666696e-01,-1.032729737813752463e-01,7.350780159520635682e-01,6.475657927768804001e+00,2.717887325111875807e+00,3.963613963906157389e-01
9.000000000000000222e-01,-1.040335232162982460e-01,7.354186096758379421e-01,6.296510386488020750e+00,2.723209061909483086e+00,3.938491164106118769e-01
9.008333333333333748e-01,-1.047958490617550836e-01,7.357552090061009187e-01,6.111804930518824897e+00,2.728379193291569305e+00,3.914214634054983821e-01
9.016666666666667274e-01,-1.055598792129930769e-01,7.360879221065618205e-01,5.922645847981209855e+00,2.733393547782611233e+00,3.890820691130992826e-01
9.025000000000000799e-01,-1.063255420896960374e-01,7.364168608713200781e-01,5.730121450611077805e+00,2.738248867490358229e+00,3.868339776300955268e-01
9.033333333333334325e-01,-1.070927669390693421e-01,7.367421402124951779e-01,5.535296343748516534e+00,2.742942791571341576e+00,3.846796455501065859e-01
9.041666666666666741e-01,-1.078614841115656531e-01,7.370638773549961220e-01,5.339203788707331810e+00,2.747473833293197831e+00,3.826209473818792395e-01
9.050000000000000266e-01,-1.086316253091496736e-01,7.373821911444637944e-01,5.142838279353246556e+00,2.751841350821556453e+00,3.806591862034763296e-01
9.058333333333333792e-01,-1.094031238062260214e-01,7.376972013742764123e-01,4.947148473111471212e+00,2.756045511968416850e+00,3.787951094150237008e-01
9.066666666666667318e-01,-1.101759146435719039e-01,7.380090281372527761e-01,4.753030626187438656e+00,2.760087253259791318e+00,3.770289293527598895e-01
9.075000000000000844e-01,-1.109499347958135540e-01,7.383177912073231042e-01,4.561322682967726472e+00,2.763968233805272678e+00,3.753603484260421563e-01
9.083333333333334370e-01,-1.117251233131767996e-01,7.386236094559603949e-01,4.372799160463361368e+00,2.767690784573368923e+00,3.737885883419320154e-01
9.091666666666666785e-01,-1.125014214384177785e-01,7.389266003075866118e-01,4.188166950988683190e+00,2.771257853786473380e+00,3.723124228941899760e-01
9.100000000000000311e-01,-1.132787727000039574e-01,7.392268792375030761e-01,4.008062141303914139e+00,2.774672949241595354e+00,3.709302137195822913e-01
9.108333333333333837e-01,-1.140571229827609945e-01,7.395245593151535957e-01,3.833047915895461344e+00,2.777940078432095117e+00,3.696399483681028775e-01
9.116666666666667362e-01,-1.148364205773356600e-01,7.398197507947461560e-01,3.663613577926448261e+00,2.781063687387854255e+00,3.684392799977217470e-01
9.125000000000000888e-01,-1.156166162099327988e-01,7.401125607544458695e-01,3.500174685798550733e+00,2.784048599164406390e+00,3.673255679900851445e-01
9.133333333333334414e-01,-1.163976630538775259e-01,7.404030927845445254e-01,3.343074268333656285e+00,2.786899952895294685e+00,3.662959187913782388e-01
9.141666666666666829e-01,-1.171795167246211938e-01,7.406914467242253775e-01,3.192585049241853046e+00,2.789623144277617595e+00,3.653472263113475282e-01
9.150000000000000355e-01,-1.179621352598559797e-01,7.409777184458075094e-01,3.048912583423343037e+00,2.792223768291228314e+00,3.644762112611804050e-01
9.158333333333333881e-01,-1.187454790864218845e-01,7.412619996846829817e-01,2.912199184988854661e+00,2.794707564861400151e+00,3.636794588746128376e-01
9.166666666666667407e-01,-1.195295109756918106e-01,7.415443779125766577e-01,2.782528510465857252e+00,2.797080368067839551e+00,3.629534545327454120e-01
9.175000000000000933e-01,-1.203141959890918350e-01,7.418249362512664424e-01,2.659930650818934872e+00,2.799348059385041498e+00,3.622946168976826087e-01
9.183333333333334458e-01,-1.210995014153703753e-01,7.421037534235144228e-01,2.544387582546926652e+00,2.801516525315610462e+00,3.616993282493118356e-01
9.191666666666666874e-01,-1.218853967011638700e-01,7.423809037376759568e-01,2.435838830750487016e+00,2.803591619654484113e+00,3.611639618094966697e-01
9.200000000000000400e-01,-1.226718533763254543e-01,7.426564571022715722e-01,2.334187204913912073e+00,2.805579130502677820e+00,3.606849059252542067e-01
9.208333333333333925e-01,-1.234588449753852152e-01,7.429304790667266012e-01,2.239304480231577799e+00,2.807484752038154951e+00,3.602585850642049392e-01
9.216666666666667451e-01,-1.242463469564066697e-01,7.432030308844874700e-01,2.151036912534742829e+00,2.809314060951807690e+00,3.598814776494428935e-01
9.225000000000000977e-01,-1.250343366183852556e-01,7.434741695948126061e-01,2.069210492120194367e+00,2.811072497370413981e+00,3.595501308253769568e-01
9.233333333333333393e-01,-1.258227930182160004e-01,7.437439481196886915e-01,1.993635859979296709e+00,2.812765350017122135e+00,3.592611723000376789e-01
9.241666666666666918e-01,-1.266116968881340621e-01,7.440124153725313771e-01,1.924112828119143748e+00,2.814397745303829801e+00,3.590113194525302309e-01
9.250000000000000444e-01,-1.274010305544069077e-01,7.442796163755833749e-01,1.860434463058735721e+00,2.815974640008487295e+00,3.587973859268756560e-01
9.258333333333333970e-01,-1.281907778579394197e-01,7.445455923832039469e-01,1.802390707547425031e+00,2.817500817162906568e+00,3.586162859560602656e-01
9.266666666666667496e-01,-1.289809240773328036e-01,7.448103810085456855e-01,1.749771529658379565e+00,2.818980884761742356e+00,3.584650366736210070e-01
9.275000000000001021e-01,-1.297714558548292707e-01,7.450740163514272263e-01,1.702369600396429039e+00,2.820419276899265082e+00,3.583407586756965912e-01
9.283333333333333437e-01,-1.305623611254697891e-01,7.453365291255221736e-01,1.659982510734545391e+00,2.821820256945569483e+00,3.582406750954176822e-01
9.291666666666666963e-01,-1.313536290496956083e-01,7.455979467832937191e-01,1.622414546597669371e+00,2.823187922386124704e+00,3.581621094450934129e-01
9.300000000000000488e-01,-1.321452499495342214e-01,7.458582936373997496e-01,1.589478045901996373e+00,2.824526210966332940e+00,3.581024824710986598e-01
9.308333333333334014e-01,-1.329372152484334380e-01,7.461175909775751292e-01,1.560994365564320807e+00,2.825838907804444133e+00,3.580593082528197302e-01
9.316666666666667540e-01,-1.337295174147316579e-01,7.463758571822621812e-01,1.536794488711997531e+00,2.827129653160392664e+00,3.580301897614440731e-01
9.325000000000001066e-01,-1.345221499086906025e-01,7.466331078245034281e-01,1.516719303467236601e+00,2.828401950573800505e+00,3.580128140775936663e-01
9.333333333333333481e-01,-1.353151071329595501e-01,7.468893557718355725e-01,1.500619584977688659e+00,2.829659175110652569e+00,3.580049474494185202e-01
9.341666666666667007e-01,-1.361083843862923026e-01,7.471446112801249928e-01,1.488355712138894837e+00,2.830904581484451121e+00,3.580044303552302742e-01
9.350000000000000533e-01,-1.369019778202938686e-01,7.473988820814678746e-01,1.479797149995468519e+00,2.832141311843674014e+00,3.580091727172871607e-01
9.358333333333334059e-01,-1.376958843989423698e-01,7.476521734664391960e-01,1.474821728378858943e+00,2.833372403042996535e+00,3.580171493960865314e-01
9.366666666666667584e-01,-1.384901018605992351e-01,7.479044883611137839e-01,1.473314747151511339e+00,2.834600793241134120e+00,3.580263960773659160e-01
9.375000000000001110e-01,-1.392846286822006230e-01,7.481558273994063368e-01,1.475167938644325272e+00,2.835829327693549118e+00,3.580350056468616371e-01
9.383333333333333526e-01,-1.400794640453059126e-01,7.484061889913722343e-01,1.480278318596234932e+00,2.837060763634065896e+00,3.580411251304272957e-01
9.391666666666667052e-01,-1.408746078036703653e-01,7.486555693881954410e-01,1.488546958170521739e+00,2.838297774166052001e+00,3.580429532591301589e-01
9.400000000000000577e-01,-1.416700604520035878e-01,7.489039627446406611e-01,1.499877711400573466e+00,2.839542951111706515e+00,3.580387387000957267e-01
9.408333333333334103e-01,-1.424658230955833937e-01,7.491513611797864236e-01,1.514175934606613927e+00,2.840798806797542930e+00,3.580267789739093320e-01
9.416666666666667629e-01,-1.432618974204019624e-01,7.493977548368613295e-01,1.531347236754100560e+00,2.842067774785610013e+00,3.580054200581069823e-01
9.425000000000001155e-01,-1.440582856635428954e-01,7.496431319429909257e-01,1.551296302154497875e+00,2.843352209593488666e+00,3.579730566536073466e-01
9.433333333333333570e-01,-1.448549905835140317e-01,7.498874788696184845e-01,1.573925829048047120e+00,2.844654385481489633e+00,3.579281330669196182e-01
9.441666666666667096e-01,-1.456520154302975989e-01,7.501307801942896925e-01,1.599135629113932033e+00,2.845976494422390424e+00,3.578691446358297501e-01
9.450000000000000622e-01,-1.464493639149214432e-01,7.503730187643875560e-01,1.626821933466143344e+00,2.847320643406798801e+00,3.577946396004503260e-01
9.458333333333334147e-01,-1.472470401784111704e-01,7.506141757632717182e-01,1.656876949850761171e+00,2.848688851274847611e+00,3.577032212956527957e-01
9.466666666666667673e-01,-1.480450487600399323e-01,7.508542307791120640e-01,1.689188713234788253e+00,2.850083045301133211e+00,3.575935505157971095e-01
9.475000000000000089e-01,-1.488433945648614809e-01,7.510931618765142037e-01,1.723641267505825025e+00,2.851505057793108477e+00,3.574643478793433360e-01
9.483333333333333615e-01,-1.496420828305849993e-01,7.513309456708197054e-01,1.760115209427882466e+00,2.852956622991830837e+00,3.573143960004862008e-01
9.491666666666667140e-01,-1.504411190939241305e-01,7.515675574047224750e-01,1.798488617293645619e+00,2.854439374586298150e+00,3.571425412585778614e-01
9.500000000000000666e-01,-1.512405091566337845e-01,7.518029710265925480e-01,1.838638376018639997e+00,2.855954844166844975e+00,3.569476949449824077e-01
9.508333333333334192e-01,-1.520402590515209373e-01,7.520371592696323271e-01,1.880441898045371873e+00,2.857504460947704938e+00,3.567288335621604523e-01
9.516666666666667718e-01,-1.528403750087898305e-01,7.522700937307311708e-01,1.923779225861699915e+00,2.859089553082666324e+00,3.564849980520974904e-01
9.525000000000000133e-01,-1.536408634231462289e-01,7.525017449476257836e-01,1.968535487836890585e+00,2.860711350880040360e+00,3.562152917411727238e-01
9.533333333333333659e-01,-1.544417308221408269e-01,7.527320824727409265e-01,2.014603665223642537e+00,2.862370992193815411e+00,3.559188768063807906e-01
9.541666666666667185e-01,-1.552429838362715531e-01,7.529610749418692572e-01,2.061887615422738129e+00,2.864069530227418170e+00,3.555949690931656804e-01
9.550000000000000711e-01,-1.560446291713946110e-01,7.531886901356789066e-01,2.110305285828048660e+00,2.865807943936272917e+00,3.552428311472063394e-01
9.558333333333334236e-01,-1.568466735839995907e-01,7.534148950318995119e-01,2.159792044570129299e+00,2.867587151157272363e+00,3.548617633600595900e-01
9.566666666666667762e-01,-1.576491238598973499e-01,7.536396558459546036e-01,2.210304049928013104e+00,2.869408024529979784e+00,3.544510931699325074e-01
9.575000000000000178e-01,-1.584519867968404438e-01,7.538629380577718253e-01,2.261821579543942917e+00,2.871271410208926067e+00,3.540101623019863419e-01
9.583333333333333703e-01,-1.592552691915511687e-01,7.540847064225187912e-01,2.314352244059315389e+00,2.873178149302094031e+00,3.535383120752595421e-01
9.591666666666667229e-01,-1.600589778315675560e-01,7.543049249630785491e-01,2.367934017306662309e+00,2.875129101910996354e+00,3.530348668432137793e-01
9.600000000000000755e-01,-1.608631194922441054e-01,7.545235569421894217e-01,2.422638026353745477e+00,2.877125173595854957e+00,3.524991156698865646e-01
9.608333333333334281e-01,-1.616677009391516984e-01,7.547405648123199917e-01,2.478571058843978214e+00,2.879167344048020549e+00,3.519302923717348985e-01
9.616666666666667806e-01,-1.624727289360257676e-01,7.549559101415285189e-01,2.535877761314425438e+00,2.881256697723086457e+00,3.513275540749513648e-01
9.625000000000000222e-01,-1.632782102583081874e-01,7.551695535137497028e-01,2.594742519448157925e+00,2.883394456173403952e+00,3.506899584483567645e-01
9.633333333333333748e-01,-1.640841517122245685e-01,7.553814544021513200e-01,2.655391028389635810e+00,2.885582011818336401e+00,3.500164397724990772e-01
9.641666666666667274e-01,-1.648905601592324799e-01,7.555915710144018860e-01,2.718091577184562624e+00,2.887820962903992150e+00,3.493057839965927336e-01
9.650000000000000799e-01,-1.656974425455796651e-01,7.557998601088694590e-01,2.783156085045594530e+00,2.890113149429921258e+00,3.485566029172575409e-01
9.658333333333334325e-01,-1.665048059366116828e-01,7.560062767809303530e-01,2.850940937581345924e+00,2.892460689856015676e+00,3.477673075881110853e-01
9.666666666666666741e-01,-1.673126575553813555e-01,7.562107742186907622e-01,2.921847677648149677e+00,2.894866018445694245e+00,3.469360810390240690e-01
9.675000000000000266e-01,-1.681210048250272315e-01,7.564133034275136724e-01,2.996323607597007666e+00,2.897331923147879795e+00,3.460608503505639977e-01
9.683333333333333792e-01,-1.689298554143060516e-01,7.566138129227975018e-01,3.074862357115028200e+00,2.899861583966509837e+00,3.451392580953415168e-01
9.691666666666667318e-01,-1.697392172855891057e-01,7.568122483904661246e-01,3.158004463532428918e+00,2.902458611808446332e+00,3.441686331263022480e-01
9.700000000000000844e-01,-1.705490987445473228e-01,7.570085523146172779e-01,3.246337999470683133e+00,2.905127087834697530e+00,3.431459606651920957e-01
9.708333333333334370e-01,-1.713595084906654742e-01,7.572026635717346021e-01,3.340499266264084000e+00,2.907871603362087054e+00,3.420678516251026702e-01
9.716666666666666785e-01,-1.721704556676267595e-01,7.573945169908201658e-01,3.441173550984219176e+00,2.910697300369273322e+00,3.409305110917568160e-01
9.725000000000000311e-01,-1.729819499124939375e-01,7.575840428787511405e-01,3.549095920467653098e+00,2.913609912649044897e+00,3.397297058914545143e-01
9.733333333333333837e-01,-1.737940014024730584e-01,7.577711665101335425e-01,3.665051997826997088e+00,2.916615807615001277e+00,3.384607311916975059e-01
9.741666666666667362e-01,-1.746066208978800660e-01,7.579558075809288420e-01,3.789878635853534572e+00,2.919722028712368189e+00,3.371183761156152370e-01
9.750000000000000888e-01,-1.754198197797228742e-01,7.581378796251936336e-01,3.924464367838166101e+00,2.922936338297239978e+00,3.356968884055552271e-01
9.758333333333334414e-01,-1.762336100800652172e-01,7.583172893944147841e-01,4.069749480028945321e+00,2.926267260733851572e+00,3.341899382465501889e-01
9.766666666666666829e-01,-1.770480045030418670e-01,7.584939361991785978e-01,4.226725511688053771e+00,2.929724125313733385e+00,3.325905814587108433e-01
9.775000000000000355e-01,-1.778630164340450071e-01,7.586677112132973466e-01,4.396433949152193321e+00,2.933317108422416997e+00,3.308912223906554373e-01
9.783333333333333881e-01,-1.786786599341919357e-01,7.588384967410721771e-01,4.579963840355302906e+00,2.937057274168045407e+00,3.290835769953295298e-01
9.791666666666667407e-01,-1.794949497167211416e-01,7.590061654491165877e-01,4.778448017219508515e+00,2.940956612442035212e+00,3.271586367460267430e-01
9.800000000000000933e-01,-1.803119011014352180e-01,7.591705795651374489e-01,4.993057576937397712e+00,2.945028073106267463e+00,3.251066342545442245e-01
9.808333333333334458e-01,-1.811295299427345129e-01,7.593315900472953350e-01,5.224994241809712392e+00,2.949285594697412360e+00,3.229170116846496463e-01
9.816666666666666874e-01,-1.819478525261630786e-01,7.594890357292701788e-01,5.475480194023938374e+00,2.953744125712342683e+00,3.205783933106053363e-01
9.825000000000000400e-01,-1.827668854277433585e-01,7.596427424479663681e-01,5.745744970334605739e+00,2.958419636197492153e+00,3.180785638488176081e-01
9.833333333333333925e-01,-1.835866453297233247e-01,7.597925221629137083e-01,6.037009006557033430e+00,2.963329117021197057e+00,3.154044544849640697e-01
9.841666666666667451e-01,-1.844071487857458225e-01,7.599381720788670469e-01,6.350463448273326428e+00,2.968490563877376420e+00,3.125421388205893436e-01
9.850000000000000977e-01,-1.852284119279024588e-01,7.600794737858618255e-01,6.687245897790599081e+00,2.973922942771569655e+00,3.094768412602899033e-01
9.858333333333334503e-01,-1.860504501077261397e-01,7.602161924340247179e-01,7.048411853936711324e+00,2.979646133501456351e+00,3.061929606375157209e-01
9.866666666666666918e-01,-1.868732774629661142e-01,7.603480759637100128e-01,7.434901726129842459e+00,2.985680847493150214e+00,3.026741121139072677e-01
9.875000000000000444e-01,-1.876969064020650169e-01,7.604748544149607659e-01,7.847503471737885761e+00,2.992048516325595209e+00,2.989031905598384942e-01
9.883333333333333970e-01,-1.885213469987082335e-01,7.605962393437625257e-01,8.286811118690600608e+00,2.998771147404940773e+00,2.948624587042709688e-01
9.891666666666667496e-01,-1.893466062897535274e-01,7.607119233759277455e-01,8.753179693595880551e+00,3.005871143576727356e+00,2.905336632983348544e-01
9.900000000000001021e-01,-1.901726874713662585e-01,7.608215799325289685e-01,9.246677375531049847e+00,3.013371084022197000e+00,2.858981823351527396e-01
9.908333333333333437e-01,-1.909995889903996769e-01,7.609248631633745985e-01,9.767036028964891869e+00,3.021293464607402779e+00,2.809372059734385751e-01
9.916666666666666963e-01,-1.918273035310499586e-01,7.610214081268317221e-01,1.031360162228649280e+01,3.029660396962090996e+00,2.756319531913762888e-01
9.925000000000000488e-01,-1.926558169006470367e-01,7.611108312550666222e-01,1.088528639177204660e+01,3.038493266967948969e+00,2.699639253222505531e-01
9.933333333333334014e-01,-1.934851068231418225e-01,7.611927311431948562e-01,1.148052493943850649e+01,3.047812355022620157e+00,2.639151964752665114e-01
9.941666666666667540e-01,-1.943151416543700272e-01,7.612666896986138854e-01,1.209723672706896203e+01,3.057636422383664954e+00,2.574687394185120604e-01
9.950000000000001066e-01,-1.951458790394147158e-01,7.613322736826545478e-01,1.273279761438185353e+01,3.067982270025936486e+00,2.506087838088094655e-01
9.958333333333333481e-01,-1.959772645391485435e-01,7.613890366704146873e-01,1.338402315248981900e+01,3.078864278678798527e+00,2.433212017310343034e-01
9.966666666666667007e-01,-1.968092302600204790e-01,7.614365214460757647e-01,1.404716625240578942e+01,3.090293940930838534e+00,2.355939134199381557e-01
9.975000000000000533e-01,-1.976416935279640408e-01,7.614742628401287572e-01,1.471793157645226913e+01,3.102279398359529594e+00,2.274173038726524931e-01
9.983333333333334059e-01,-1.984745556534693589e-01,7.615017910018478942e-01,1.539150853233625860e+01,3.114824998404858380e+00,2.187846389413644621e-01
9.991666666666667584e-01,-1.993077008398138061e-01,7.615186350853397901e-01,1.606262408379841489e+01,3.127930886994914950e+00,2.096924675715431119e-01
1.000000000000000000e+00,-2.001409952896129885e-01,7.615243273110139377e-01,1.672561574391393791e+01,3.141592653589793560e+00,2.001409952896127387e-01
