s,x,y,kappa,theta,radial_dot
0.000000000000000000e+00,0.000000000000000000e+00,0.000000000000000000e+00,1.229397378152209974e+01,0.000000000000000000e+00,0.000000000000000000e+00
8.333333333333333868e-04,8.333110213409573126e-04,4.311940300503984848e-06,1.254324568524459593e+01,1.034884144448614332e-02,8.333110213409573126e-04
1.666666666666666774e-03,1.666531037783503498e-03,1.733187310507309744e-05,1.278122369209992826e+01,2.090070368504638385e-02,1.666529269783395637e-03
2.500000000000000052e-03,2.499564744133692291e-03,3.922349993749373368e-05,1.300749756459733320e+01,3.164600420867026004e-02,2.499554289427467421e-03
3.333333333333333547e-03,3.332311883589867199e-03,7.014129903038621877e-05,1.322174736767720127e+01,4.257485626378467586e-02,3.332277588509060737e-03
4.166666666666666609e-03,4.164667531795776187e-03,1.102302017673878790e-04,1.342374201081460505e+01,5.367714350482294394e-02,4.164583279208962721e-03
5.000000000000000104e-03,4.996522406321380824e-03,1.596253367384023437e-04,1.361333639073132851e+01,6.494259283880043920e-02,4.996348789460850273e-03
5.833333333333333599e-03,5.827763197152280306e-03,2.184518405079797436e-04,1.379046725686760233e+01,7.636084435863335629e-02,5.827445630983282658e-03
6.666666666666667095e-03,6.658272913697470784e-03,2.868247331459604214e-04,1.395514794560651239e+01,8.792151735966424742e-02,6.657740207558034660e-03
7.500000000000000590e-03,7.487931243873644990e-03,3.648488556087384552e-04,1.410746214732943038e+01,9.961427156505425762e-02,7.487094647957717557e-03
8.333333333333333218e-03,8.316614920984167353e-03,4.526188652087738298e-04,1.424755688258742659e+01,1.114288628275196258e-01,8.315367648835805120e-03
9.166666666666666713e-03,9.144198094370246943e-03,5.502192846848034122e-04,1.437563487013508556e+01,1.233551927244873753e-01,9.142415314257154244e-03
1.000000000000000021e-02,9.970552700156190551e-03,6.577245997964306689e-04,1.449194647064340913e+01,1.353833516164784367e-01,9.968091980277754907e-03
1.083333333333333370e-02,1.079554882882355349e-02,7.751993999206517865e-04,1.459678138612378540e+01,1.475036548901314248e-01,1.079225101498025065e-02
1.166666666666666720e-02,1.161905508681277191e-02,9.026985558261474332e-04,1.469046028712310914e+01,1.597066722539843275e-01,1.161474558653505414e-02
1.250000000000000069e-02,1.244093894984774074e-02,1.040267428641506505e-03,1.477332652834228988e+01,1.719832500937616138e-01,1.243542939408572544e-02
1.333333333333333419e-02,1.326106710619112672e-02,1.187942104009951467e-03,1.484573809927670496e+01,1.843245270219362186e-01,1.325415735845773477e-02
1.416666666666666768e-02,1.407930578854932682e-02,1.345749645526566046e-03,1.490805994055837935e+01,1.967219428718675334e-01,1.407078627177772191e-02
1.500000000000000118e-02,1.489552109384074952e-02,1.513708361772977788e-03,1.496065673963384413e+01,2.091672414886142917e-01,1.488517540699352271e-02
1.583333333333333467e-02,1.570957929050604759e-02,1.691828081585606582e-03,1.500388630190468042e+01,2.216524677559220391e-01,1.569718708994488274e-02
1.666666666666666644e-02,1.652134711346252977e-02,1.880110432602445560e-03,1.503809357605658015e+01,2.341699593717392336e-01,1.650668723800606530e-02
1.750000000000000167e-02,1.733069204717802708e-02,2.078549118614705146e-03,1.506360539547027244e+01,2.467123339432088225e-01,1.731354587037357839e-02
1.833333333333333343e-02,1.813748259765463403e-02,2.287130191788221655e-03,1.508072598168629952e+01,2.592724720170240249e-01,1.811763759578677996e-02
1.916666666666666866e-02,1.894158855436507000e-02,2.505832316400290020e-03,1.508973324112070813e+01,2.718434966931936869e-01,1.891884208384026628e-02
2.000000000000000042e-02,1.974288124337039360e-02,2.734627021345953542e-03,1.509087587272231978e+01,2.844187504906282582e-01,1.971704452607833322e-02
2.083333333333333565e-02,2.054123377296676600e-02,2.973478939290317719e-03,1.508437129205747063e+01,2.969917701426199041e-01,2.051213609276752656e-02
2.166666666666666741e-02,2.133652127326034556e-02,3.222346030967265275e-03,1.507040436635504221e+01,3.095562600002917386e-01,2.130401439064241037e-02
2.250000000000000264e-02,2.212862113105597967e-02,3.481179793738690704e-03,1.504912694523200578e+01,3.221060647134530441e-01,2.209258392604144736e-02
2.333333333333333440e-02,2.291741322136923303e-02,3.749925454121312909e-03,1.502065816299576539e+01,3.346351418418813117e-01,2.287775657672392465e-02
2.416666666666666963e-02,2.370278013673765560e-02,4.028522144551092976e-03,1.498508548040587662e+01,3.471375350266320270e-01,2.365945207432486666e-02
2.500000000000000139e-02,2.448460741532036342e-02,4.316903065179671095e-03,1.494246642639287437e+01,3.596073483211315591e-01,2.443759849790103425e-02
2.583333333333333662e-02,2.526278376854198052e-02,4.614995631975892833e-03,1.489283099330631721e+01,3.720387222460062593e-01,2.521213277739424094e-02
2.666666666666666838e-02,2.603720130876392702e-02,4.922721612831696542e-03,1.483618463265546339e+01,3.844258120901569709e-01,2.598300120413404857e-02
2.750000000000000014e-02,2.680775577716126845e-02,5.239997253740088547e-03,1.477251179191228125e+01,3.967627689337269170e-01,2.675015994377268752e-02
2.833333333333333537e-02,2.757434677165452111e-02,5.566733397418652599e-03,1.470177992671697176e+01,4.090437238164891243e-01,2.751357554534314756e-02
2.916666666666666713e-02,2.833687797440221506e-02,5.902835596991362101e-03,1.462394391676447292e+01,4.212627754179397166e-01,2.827322543851234354e-02
3.000000000000000236e-02,2.909525737801077830e-02,6.248204227511400602e-03,1.453895080782302607e+01,4.334139815531846129e-01,2.902909840962229412e-02
3.083333333333333412e-02,2.984939750927272095e-02,6.602734598206112977e-03,1.444674479686407231e+01,4.454913547218042336e-01,2.978119504582885449e-02
3.166666666666666935e-02,3.059921564891261020e-02,6.966317068351403179e-03,1.434727237234340791e+01,4.574888618756407510e-01,3.052952813561659109e-02
3.250000000000000111e-02,3.134463404551198623e-02,7.338837169636691811e-03,1.424048751749084296e+01,4.694004284964050089e-01,3.127412301324092314e-02
3.333333333333333287e-02,3.208558012150942301e-02,7.720175737764686276e-03,1.412635688129130962e+01,4.812199469958975406e-01,3.201501783427261605e-02
3.416666666666667157e-02,3.282198666893911682e-02,8.110209055844998932e-03,1.400486481994937016e+01,4.929412893714146260e-01,3.275226376943447121e-02
3.500000000000000333e-02,3.355379203238942343e-02,8.508809011891469570e-03,1.387601821129302415e+01,5.045583239677655651e-01,3.348592510435522557e-02
3.583333333333333509e-02,3.428094027653920406e-02,8.915843272425201874e-03,1.373985094604594082e+01,5.160649361166568250e-01,3.421607923373932991e-02
3.666666666666666685e-02,3.500338133557045345e-02,9.331175473825545352e-03,1.359642800339193336e+01,5.274550523455892037e-01,3.494281653976612223e-02
3.750000000000000555e-02,3.572107114176584913e-02,9.754665432668115782e-03,1.344584902393063608e+01,5.387226677736404179e-01,3.566624014627536171e-02
3.833333333333333731e-02,3.643397173068174677e-02,1.018616937585136405e-02,1.328825130105461305e+01,5.498618762423842510e-01,3.638646554243858688e-02
3.916666666666666907e-02,3.714205132044216123e-02,1.062554019085206955e-02,1.312381212195824709e+01,5.608669026686395886e-01,3.710362007210930152e-02
4.000000000000000083e-02,3.784528436292539794e-02,1.107262769597616367e-02,1.295275040180625403e+01,5.717321370535414227e-01,3.781784228782562873e-02
4.083333333333333259e-02,3.854365156490947159e-02,1.152727892999670482e-02,1.277532756882811249e+01,5.824521695413057421e-01,3.852928117142708636e-02
4.166666666666667129e-02,3.923713987759864380e-02,1.198933846010698939e-02,1.259184767394856586e+01,5.930218258924627728e-01,3.923809522634996716e-02
4.250000000000000305e-02,3.992574245336379807e-02,1.245864870667554025e-02,1.240265671559833827e+01,6.034362027214407176e-01,3.994445144978071155e-02
4.333333333333333481e-02,4.060945856898409700e-02,1.293505028288212746e-02,1.220814118808196724e+01,6.136907018479741405e-01,4.064852419586771626e-02
4.416666666666666657e-02,4.128829351516428298e-02,1.341838234694973410e-02,1.200872587975523231e+01,6.237810631262395988e-01,4.135049394400935885e-02
4.500000000000000527e-02,4.196225845260941750e-02,1.390848296437574919e-02,1.180487096469759756e+01,6.337033951447617053e-01,4.205054598874844590e-02
4.583333333333333703e-02,4.263137023545199300e-02,1.440518947731309410e-02,1.159706844795426051e+01,6.434542032333666617e-01,4.274886906991541557e-02
4.666666666666666879e-02,4.329565120333231376e-02,1.490833887806439044e-02,1.138583803920096749e+01,6.530304142696813363e-01,4.344565396329642948e-02
4.750000000000000056e-02,4.395512894391759989e-02,1.541776818353219648e-02,1.117172254232578688e+01,6.624293978453176246e-01,4.414109205319597523e-02
4.833333333333333925e-02,4.460983602809585197e-02,1.593331480741765754e-02,1.095528285848973837e+01,6.716489834289908201e-01,4.483537390877900819e-02
4.916666666666667102e-02,4.525980972048516959e-02,1.645481692697702350e-02,1.073709270738091348e+01,6.806874732481035251e-01,4.552868788599703787e-02
5.000000000000000278e-02,4.590509166824834064e-02,1.698211384122813583e-02,1.051773317539790042e+01,6.895436506992613790e-01,4.622121877623720787e-02
5.083333333333333454e-02,4.654572757148738721e-02,1.751504631764173522e-02,1.029778720030065919e+01,6.982167841891357973e-01,4.691314652161236720e-02
5.166666666666667324e-02,4.718176683870860949e-02,1.805345692454988701e-02,1.007783409949584374e+01,7.067066263973843521e-01,4.760464501508951396e-02
5.250000000000000500e-02,4.781326223099097161e-02,1.859719034674760241e-02,9.858444243755831948e+00,7.150134090404058895e-01,4.829588100150472574e-02
5.333333333333333676e-02,4.844026949855971542e-02,1.914609368204596776e-02,9.640173970097832168e+00,7.231378332961783117e-01,4.898701309302151696e-02
5.416666666666666852e-02,4.906284701346305677e-02,1.970001671684629835e-02,9.423560817164446490e+00,7.310810561242042649e-01,4.967819090985398089e-02
5.500000000000000028e-02,4.968105540197757797e-02,2.025881217913611324e-02,9.209119154219354897e+00,7.388446727789474977e-01,5.036955435419614158e-02
5.583333333333333898e-02,5.029495718023187928e-02,2.082233596764942324e-02,8.997336261321297712e+00,7.464306958687561000e-01,5.106123302237817324e-02
5.666666666666667074e-02,5.090461639634627500e-02,2.139044735627744151e-02,8.788668903909155006e+00,7.538415313542687901e-01,5.175334575740303533e-02
5.750000000000000250e-02,5.151009828214669212e-02,2.196300917315319526e-02,8.583540430464152493e+00,7.610799519102576793e-01,5.244600034129363875e-02
5.833333333333333426e-02,5.211146891723253405e-02,2.253988795415706389e-02,8.382338407622420107e+00,7.681490680927937076e-01,5.313929332417551693e-02
5.916666666666667296e-02,5.270879490787147570e-02,2.312095407089418894e-02,8.185412793559098787e+00,7.750522977599527685e-01,5.383330998479486651e-02
6.000000000000000472e-02,5.330214308286769509e-02,2.370608183347355791e-02,7.993074638051247405e+00,7.817933341897904675e-01,5.452812441527227216e-02
6.083333333333333648e-02,5.389158020821414874e-02,2.429514956866868011e-02,7.805595286672039279e+00,7.883761133250918318e-01,5.522379972134661141e-02
6.166666666666666824e-02,5.447717272200217065e-02,2.488803967425810490e-02,7.623206057310488504e+00,7.948047805517511888e-01,5.592038832818439081e-02
6.250000000000000000e-02,5.505898649073161927e-02,2.548463865052962019e-02,7.446098349798239369e+00,8.010836573880464329e-01,5.661793238101479192e-02
6.333333333333333870e-02,5.563708658784806416e-02,2.608483711008366054e-02,7.274424143927513242e+00,8.072172084270988757e-01,5.731646422938356522e-02
6.416666666666667740e-02,5.621153709503638046e-02,2.668852976719019582e-02,7.108296837550916791e+00,8.132100088360482149e-01,5.801600698367265219e-02
6.500000000000000222e-02,5.678240092652666465e-02,2.729561540804036415e-02,6.947792374690752837e+00,8.190667126744821669e-01,5.871657513267097839e-02
6.583333333333334092e-02,5.734973967642201936e-02,2.790599684329138006e-02,6.792950613520725156e+00,8.247920222529036005e-01,5.941817521136309038e-02
6.666666666666666574e-02,5.791361348883987403e-02,2.851958084433325880e-02,6.643776885543323907e+00,8.303906587108469406e-01,6.012080650867909076e-02
6.750000000000000444e-02,5.847408095047115784e-02,2.913627806471234816e-02,6.500243700066976160e+00,8.358673339548512438e-01,6.082446180567482874e-02
6.833333333333334314e-02,5.903119900500251871e-02,2.975600294813144850e-02,6.362292551966380216e+00,8.412267240598652052e-01,6.152912813543594261e-02
6.916666666666666796e-02,5.958502288871723312e-02,3.037867362441493482e-02,6.229835795456318159e+00,8.464734442046246699e-01,6.223478755687969488e-02
7.000000000000000666e-02,6.013560608648614580e-02,3.100421179478121680e-02,6.102758551993751723e+00,8.516120251827289378e-01,6.294141793551985553e-02
7.083333333333333148e-02,6.068300030728013272e-02,3.163254260770895221e-02,5.980920626224273562e+00,8.566468915069863632e-01,6.364899372512484998e-02
7.166666666666667018e-02,6.122725547827641973e-02,3.226359452662080907e-02,5.864158409896513824e+00,8.615823411053700198e-01,6.435748674500629818e-02
7.250000000000000888e-02,6.176841975658890066e-02,3.289729919054143470e-02,5.752286759690785622e+00,8.664225265926981390e-01,6.506686694839376728e-02
7.333333333333333370e-02,6.230653955762509993e-02,3.353359126881910734e-02,5.645100840768397354e+00,8.711714380928894386e-01,6.577710317796206518e-02
7.416666666666667240e-02,6.284165959905449461e-02,3.417240831093424497e-02,5.542377933389898814e+00,8.758328875821220771e-01,6.648816390506399887e-02
7.500000000000001110e-02,6.337382295936203058e-02,3.481369059235577684e-02,5.443879205030579094e+00,8.804104947231305989e-01,6.720001794957207453e-02
7.583333333333333592e-02,6.390307114995356919e-02,3.545738095735021661e-02,5.349351454916125626e+00,8.849076741647750044e-01,6.791263517744478007e-02
7.666666666666667462e-02,6.442944419977240933e-02,3.610342465959862079e-02,5.258528841697019729e+00,8.893276242883638716e-01,6.862598717320665676e-02
7.749999999999999944e-02,6.495298075137680149e-02,3.675176920143537890e-02,5.171134607978881803e+00,8.936733173923954165e-01,6.934004788447271916e-02
7.833333333333333814e-02,6.547371816741397177e-02,3.740236417249090395e-02,5.086882817540121948e+00,8.979474913196949792e-01,7.005479423546909223e-02
7.916666666666667684e-02,6.599169264640510069e-02,3.805516108849620743e-02,5.005480122223774586e+00,9.021526425445965947e-01,7.077020670621914089e-02
8.000000000000000167e-02,6.650693934672727292e-02,3.871011323099339541e-02,4.926627575626580047e+00,9.062910207520342709e-01,7.148626987369952057e-02
8.083333333333334036e-02,6.701949251764086068e-02,3.936717548868932243e-02,4.850022509781181768e+00,9.103646249542874935e-01,7.220297291084913638e-02
8.166666666666666519e-02,6.752938563616520118e-02,4.002630420119035470e-02,4.775360489013173115e+00,9.143752012037851262e-01,7.292031003886713381e-02
8.250000000000000389e-02,6.803665154855201291e-02,4.068745700586295228e-02,4.702337352055435460e+00,9.183242419708971260e-01,7.363828092779665935e-02
8.333333333333334259e-02,6.854132261504579382e-02,4.135059268857468190e-02,4.630651349349322210e+00,9.222129872631491532e-01,7.435689103999720828e-02
8.416666666666666741e-02,6.904343085655637036e-02,4.201567103908305373e-02,4.560005377325392573e+00,9.260424275659302484e-01,7.507615191079886063e-02
8.500000000000000611e-02,6.954300810180273629e-02,4.268265271185115589e-02,4.490109305445677101e+00,9.298133086837515604e-01,7.579608136044665989e-02
8.583333333333334481e-02,7.004008613342301015e-02,4.335149909307797755e-02,4.420682385062015385e+00,9.335261385547964919e-01,7.651670363142247522e-02
8.666666666666666963e-02,7.053469683148717861e-02,4.402217217473497479e-02,4.351455721907250940e+00,9.371811960993670088e-01,7.723804944541320938e-02
8.750000000000000833e-02,7.102687231280015168e-02,4.469463443639538902e-02,4.282174786542905842e+00,9.407785421445545859e-01,7.796015597460971558e-02
8.833333333333333315e-02,7.151664506434869673e-02,4.536884873562726378e-02,4.212601929639189002e+00,9.443180324429637507e-01,7.868306672269778645e-02
8.916666666666667185e-02,7.200404806923069168e-02,4.604477820769299623e-02,4.142518861901470117e+00,9.477993327727723960e-01,7.940683131185941046e-02
9.000000000000001055e-02,7.248911492341332530e-02,4.672238617525404508e-02,4.071729052147933459e+00,9.512219360702930393e-01,8.013150517334396983e-02
9.083333333333333537e-02,7.297187994170345471e-02,4.740163606871994340e-02,4.000059991866556253e+00,9.545851815052990297e-01,8.085714914069047632e-02
9.166666666666667407e-02,7.345237825138052623e-02,4.808249135780268135e-02,3.927365270907239747e+00,9.578882753647881554e-01,8.158382894646218353e-02
9.250000000000001277e-02,7.393064587204400961e-02,4.876491549474190612e-02,3.853526407140073218e+00,9.611303135639746031e-01,8.231161462535505069e-02
9.333333333333333759e-02,7.440671978036478285e-02,4.944887186955387870e-02,3.778454373221667772e+00,9.643103055557920023e-01,8.304057982871226873e-02
9.416666666666667629e-02,7.488063795860312732e-02,5.013432377752732177e-02,3.702090766269977351e+00,9.674271993639135259e-01,8.377080105774888097e-02
9.500000000000000111e-02,7.535243942596404898e-02,5.082123439904603912e-02,3.624408571363647802e+00,9.704799074212610011e-01,8.450235682508147605e-02
9.583333333333333981e-02,7.582216425210218380e-02,5.150956679166326935e-02,3.545412477346972846e+00,9.734673328582237328e-01,8.523532675638076372e-02
9.666666666666667851e-02,7.628985355235697041e-02,5.219928389418933973e-02,3.465138713296234130e+00,9.763883958543251307e-01,8.596979064601857623e-02
9.750000000000000333e-02,7.675554946459132999e-02,5.289034854238759686e-02,3.383654385911158968e+00,9.792420596456614668e-01,8.670582748236872750e-02
9.833333333333334203e-02,7.721929510781426476e-02,5.358272349570686321e-02,3.301056311630234941e+00,9.820273557696370670e-01,8.744351445985024118e-02
9.916666666666666685e-02,7.768113452308324229e-02,5.427637147431733922e-02,3.217469351905285713e+00,9.847434081294434982e-01,8.818292599578375635e-02
1.000000000000000056e-01,7.814111259749620397e-02,5.497125520556650491e-02,3.133044275192485184e+00,9.873894554740675344e-01,8.892413277060431942e-02
1.008333333333333443e-01,7.859927497238579364e-02,5.566733747883459427e-02,3.047955184145330065e+00,9.899648719154583443e-01,8.966720080988213604e-02
1.016666666666666691e-01,7.905566793711184259e-02,5.636458120765312774e-02,2.962396560530382583e+00,9.924691851424065625e-01,9.041219062593106037e-02
1.025000000000000078e-01,7.951033831010130559e-02,5.706294949785548770e-02,2.876579992851037382e+00,9.949020920396488554e-01,9.115915643553013092e-02
1.033333333333333465e-01,7.996333330900151637e-02,5.776240572046070082e-02,2.790730661943788160e+00,9.972634714791467347e-01,9.190814546848458111e-02
1.041666666666666713e-01,8.041470041198438279e-02,5.846291358795197013e-02,2.705083667396921410e+00,9.995533941163720071e-01,9.265919737946715085e-02
1.050000000000000100e-01,8.086448721236137727e-02,5.916443723260073062e-02,2.619880282163202345e+00,1.001772129095355401e+00,9.341234377289170387e-02
1.058333333333333348e-01,8.131274126873799801e-02,5.986694128550563293e-02,2.535364223988626264e+00,1.003920147639585370e+00,9.416760784758709812e-02
1.066666666666666735e-01,8.175950995295110102e-02,6.057039095506360632e-02,2.451778030228094263e+00,1.005998123578842440e+00,9.492500416487636983e-02
1.075000000000000122e-01,8.220484029799209058e-02,6.127475210366298275e-02,2.369359617412079455e+00,1.008006930932025869e+00,9.568453854045169682e-02
1.083333333333333370e-01,8.264877884802818153e-02,6.197999132148686308e-02,2.288339098875861399e+00,1.009947638730479103e+00,9.644620805729707536e-02
1.091666666666666757e-01,8.309137151249514075e-02,6.268607599643179207e-02,2.208935923316857508e+00,1.011821503323059313e+00,9.721000119396544514e-02
1.100000000000000006e-01,8.353266342605557282e-02,6.339297437928034795e-02,2.131356384865489950e+00,1.013629958451468527e+00,9.797589805987375056e-02
1.108333333333333393e-01,8.397269881600363806e-02,6.410065564341184408e-02,2.055791541770220388e+00,1.015374603420900135e+00,9.874387072702406343e-02
1.116666666666666780e-01,8.441152087845781027e-02,6.480908993848669142e-02,1.982415566764999637e+00,1.017057189716123133e+00,9.951388364575609879e-02
1.125000000000000028e-01,8.484917166442747238e-02,6.551824843769490925e-02,1.911384538250281206e+00,1.018679606426546203e+00,1.002858941308273633e-01
1.133333333333333415e-01,8.528569197657433210e-02,6.622810337831161465e-02,1.842835668169035657e+00,1.020243864845887583e+00,1.010598529033153170e-01
1.141666666666666802e-01,8.572112127722487929e-02,6.693862809544867676e-02,1.776886950406016963e+00,1.021752082603627265e+00,1.018357046735321042e-01
1.150000000000000050e-01,8.615549760793282663e-02,6.764979704902915336e-02,1.713637203086072924e+00,1.023206467667582276e+00,1.026133887503069830e-01
1.158333333333333437e-01,8.658885752064707231e-02,6.836158584413594419e-02,1.653166469579925080e+00,1.024609302531193089e+00,1.033928396625731772e-01
1.166666666666666685e-01,8.702123602031722194e-02,6.907397124499639607e-02,1.595536736505089648e+00,1.025962928867061752e+00,1.041739877801354519e-01
1.175000000000000072e-01,8.745266651856935247e-02,6.978693118295949127e-02,1.540792922576744939e+00,1.027269732891679110e+00,1.049567599217188507e-01
1.183333333333333459e-01,8.788318079791218596e-02,7.050044475889967466e-02,1.488964089752492947e+00,1.028532131646816339e+00,1.057410799398345314e-01
1.191666666666666707e-01,8.831280898579067784e-02,7.121449224054238192e-02,1.440064827568664496e+00,1.029752560362366731e+00,1.065268692735697742e-01
1.200000000000000094e-01,8.874157953768994911e-02,7.192905505525022669e-02,1.394096762656490407e+00,1.030933461024960529e+00,1.073140474620470353e-01
1.208333333333333343e-01,8.916951922840821165e-02,7.264411577883689297e-02,1.351050147878072094e+00,1.032077272237683196e+00,1.081025326129369246e-01
1.216666666666666730e-01,8.959665315056052071e-02,7.335965812098946270e-02,1.310905489031703119e+00,1.033186420419728968e+00,1.088922418219990251e-01
1.225000000000000117e-01,9.002300471934446269e-02,7.407566690787953378e-02,1.273635171334607019e+00,1.034263312361548337e+00,1.096830915411189933e-01
1.233333333333333365e-01,9.044859568259204508e-02,7.479212806253224266e-02,1.239205052599436030e+00,1.035310329121520878e+00,1.104749978936789279e-01
1.241666666666666752e-01,9.087344613514539149e-02,7.550902858350047597e-02,1.207575994904605654e+00,1.036329821224647674e+00,1.112678769373175724e-01
1.250000000000000000e-01,9.129757453662548650e-02,7.622635652236132986e-02,1.178705311377117981e+00,1.037324105102265026e+00,1.120616448751992345e-01
1.258333333333333526e-01,9.172099773170973303e-02,7.694410096051571002e-02,1.152548109259740050e+00,1.038295460694196981e+00,1.128562182178116935e-01
1.266666666666666774e-01,9.214373097209238583e-02,7.766225198572913879e-02,1.129058514565422389e+00,1.039246130120790701e+00,1.136515138980596362e-01
1.275000000000000022e-01,9.256578793937066119e-02,7.838080066880701025e-02,1.108190767216584494e+00,1.040178317321533097e+00,1.144474493430260864e-01
1.283333333333333548e-01,9.298718076817438782e-02,7.909973904074774076e-02,1.089900178552879240e+00,1.041094188548937094e+00,1.152439425062521394e-01
1.291666666666666796e-01,9.340792006893852695e-02,7.981906007066753850e-02,1.074143945432789904e+00,1.041995873600597866e+00,1.160409118647600379e-01
1.300000000000000044e-01,9.382801494980338997e-02,8.053875764473850118e-02,1.060881816849996273e+00,1.042885467668215771e+00,1.168382763853353379e-01
1.308333333333333293e-01,9.424747303721475733e-02,8.125882654632901603e-02,1.050076610061356996e+00,1.043765033679428855e+00,1.176359554648119116e-01
1.316666666666666818e-01,9.466630049488737597e-02,8.197926243748285269e-02,1.041694573730099549e+00,1.044636605006008745e+00,1.184338688492941050e-01
1.325000000000000067e-01,9.508450204088697566e-02,8.270006184181981357e-02,1.035705595596899453e+00,1.045502188409894950e+00,1.192319365374220341e-01
1.333333333333333315e-01,9.550208096268050784e-02,8.342122212888751498e-02,1.032083251791424239e+00,1.046363767096306852e+00,1.200300786729562863e-01
1.341666666666666841e-01,9.591903913009988680e-02,8.414274149993884733e-02,1.030804694192157589e+00,1.047223303740466793e+00,1.208282154321453084e-01
1.350000000000000089e-01,9.633537700626354505e-02,8.486461897505527541e-02,1.031850371351566320e+00,1.048082743351109958e+00,1.216262669115532047e-01
1.358333333333333337e-01,9.675109365660146399e-02,8.558685438147982383e-02,1.035203577559796084e+00,1.048944015829823107e+00,1.224241530222765495e-01
1.366666666666666863e-01,9.716618675623392432e-02,8.630944834296520873e-02,1.040849823769866456e+00,1.049809038080377066e+00,1.232217933967687529e-01
1.375000000000000111e-01,9.758065259606375774e-02,8.703240226988422090e-02,1.048776023511989841e+00,1.050679715516744439e+00,1.240191073148215611e-01
1.383333333333333359e-01,9.799448608805495786e-02,8.775571834978806995e-02,1.058969486759123502e+00,1.051557942812690660e+00,1.248160136556149963e-01
1.391666666666666885e-01,9.840768077028842764e-02,8.847939953803535262e-02,1.071416715158225230e+00,1.052445603730156165e+00,1.256124308831283176e-01
1.400000000000000133e-01,9.882022881250793200e-02,8.920344954805067839e-02,1.086101993309777747e+00,1.053344569858684521e+00,1.264082770725867555e-01
1.408333333333333381e-01,9.923212102299541759e-02,8.992787284070737075e-02,1.103005773065606432e+00,1.054256698094674150e+00,1.272034699859724283e-01
1.416666666666666630e-01,9.964334685774238476e-02,9.065267461226331203e-02,1.122102851322134276e+00,1.055183826688169013e+00,1.279979272049189265e-01
1.425000000000000155e-01,1.000538944330132130e-01,9.137786078021696567e-02,1.143360346700656116e+00,1.056127769687345230e+00,1.287915663294959823e-01
1.433333333333333404e-01,1.004637505425212268e-01,9.210343796639058889e-02,1.166735486985776005e+00,1.057090309618047952e+00,1.295843052514197291e-01
1.441666666666666652e-01,1.008729006805585693e-01,9.282941347649502351e-02,1.192173227348365838e+00,1.058073188249020413e+00,1.303760625100399695e-01
1.450000000000000178e-01,1.012813290725278481e-01,9.355579527538507301e-02,1.219603729249565172e+00,1.059078095314269552e+00,1.311667577389902806e-01
1.458333333333333426e-01,1.016890187144151997e-01,9.428259195718328989e-02,1.248939741449170970e+00,1.060106655093727257e+00,1.319563122105754660e-01
1.466666666666666674e-01,1.020959514228104992e-01,9.500981270943431589e-02,1.280073937542177021e+00,1.061160410793307030e+00,1.327446494837395408e-01
1.475000000000000200e-01,1.025021078971151689e-01,9.573746727045649718e-02,1.312876278584643952e+00,1.062240806716693298e+00,1.335316961597388385e-01
1.483333333333333448e-01,1.029074677955719164e-01,9.646556587908883262e-02,1.347191484131144090e+00,1.063349168284491775e+00,1.343173827473813919e-01
1.491666666666666696e-01,1.033120098266952641e-01,9.719411921609162619e-02,1.382836709682679466e+00,1.064486680031914156e+00,1.351016446368353552e-01
1.500000000000000222e-01,1.037157118575667836e-01,9.792313833655370836e-02,1.419599542228684452e+00,1.065654361803543893e+00,1.358844231775306610e-01
1.508333333333333470e-01,1.041185510402775072e-01,9.865263459279249858e-02,1.457236437162731102e+00,1.066853043461623685e+00,1.366656668515842665e-01
1.516666666666666718e-01,1.045205039575432399e-01,9.938261954740713888e-02,1.495471728105437492e+00,1.068083338530485316e+00,1.374453325295070250e-01
1.524999999999999967e-01,1.049215467881810665e-01,1.001131048763601594e-01,1.533997344725673617e+00,1.069345617310831553e+00,1.382233867897839363e-01
1.533333333333333492e-01,1.053216554927156462e-01,1.008441022622217353e-01,1.572473371141800413e+00,1.070639980109109768e+00,1.389998072783988625e-01
1.541666666666666741e-01,1.057208060188806475e-01,1.015756232780064827e-01,1.610529567629791936e+00,1.071966231333597808e+00,1.397745840786866200e-01
1.549999999999999989e-01,1.061189745262009348e-01,1.023076792623633796e-01,1.647767960112137331e+00,1.073323855303490282e+00,1.405477210562957047e-01
1.558333333333333515e-01,1.065161376281930777e-01,1.030402811872338231e-01,1.683766574568347218e+00,1.074711994692940431e+00,1.413192371388349577e-01
1.566666666666666763e-01,1.069122726500231629e-01,1.037734395194628567e-01,1.718084356935393187e+00,1.076129432581067080e+00,1.420891674853146380e-01
1.575000000000000011e-01,1.073073578987312204e-01,1.045071640782176681e-01,1.750267273751073160e+00,1.077574579093853124e+00,1.428575644971616099e-01
1.583333333333333537e-01,1.077013729423983851e-01,1.052414638904201893e-01,1.779855535993920101e+00,1.079045463597913646e+00,1.436244986207871888e-01
1.591666666666666785e-01,1.080942988939284921e-01,1.059763470467195295e-01,1.806391830361656403e+00,1.080539733333895080e+00,1.443900588918020922e-01
1.600000000000000033e-01,1.084861186944743594e-01,1.067118205607953951e-01,1.829430381474014045e+00,1.082054659255493156e+00,1.451543531733425763e-01
1.608333333333333559e-01,1.088768173909984011e-01,1.074478902349761816e-01,1.848546608747153375e+00,1.083587149668085337e+00,1.459175080458454121e-01
1.616666666666666807e-01,1.092663824020550928e-01,1.081845605352598633e-01,1.863347087031387517e+00,1.085133772041326328e+00,1.466796683131258994e-01
1.625000000000000056e-01,1.096548037656532720e-01,1.089218344788266263e-01,1.873479474823983359e+00,1.086690783108765990e+00,1.474409960997496438e-01
1.633333333333333304e-01,1.100420743630290965e-01,1.096597135370182274e-01,1.878642042136039914e+00,1.088254167074165890e+00,1.482016695272431184e-01
1.641666666666666829e-01,1.104281901123577853e-01,1.103981975565289375e-01,1.878592415570551566e+00,1.089819681431543730e+00,1.489618809712695280e-01
1.650000000000000078e-01,1.108131501268652536e-01,1.111372847012044029e-01,1.873155163617466812e+00,1.091382909589538652e+00,1.497218349179096353e-01
1.658333333333333326e-01,1.111969568324694124e-01,1.118769714163888596e-01,1.862227872096167136e+00,1.092939319187752556e+00,1.504817454538709964e-01
1.666666666666666852e-01,1.115796160409707610e-01,1.126172524172099343e-01,1.845785408057036392e+00,1.094484324721149759e+00,1.512418334418981214e-01
1.675000000000000100e-01,1.119611369758976710e-01,1.133581207015674774e-01,1.823882138609782766e+00,1.096013352865594204e+00,1.520023234478949659e-01
1.683333333333333348e-01,1.123415322493517832e-01,1.140995675879217103e-01,1.796651955744941631e+00,1.097521908738241958e+00,1.527634404993062078e-01
1.691666666666666874e-01,1.127208177895439728e-01,1.148415827772860387e-01,1.764306054460575091e+00,1.099005641242494224e+00,1.535254067642289333e-01
1.700000000000000122e-01,1.130990127201027678e-01,1.155841544381539104e-01,1.727128513480003402e+00,1.100460405645802719e+00,1.542884382467776538e-01
1.708333333333333370e-01,1.134761391936118247e-01,1.163272693124555446e-01,1.685469828984297092e+00,1.101882321621829419e+00,1.550527415958831423e-01
1.716666666666666896e-01,1.138522221831269193e-01,1.170709128400778537e-01,1.639738645432812891e+00,1.103267825152836501e+00,1.558185111217199048e-01
1.725000000000000144e-01,1.142272892365780307e-01,1.178150692990153486e-01,1.590392007550378128e+00,1.104613712924912727e+00,1.565859261064140584e-01
1.733333333333333393e-01,1.146013701999248902e-01,1.185597219578684025e-01,1.537924518801252471e+00,1.105917178144225854e+00,1.573551484839737502e-01
1.741666666666666641e-01,1.149744969156639707e-01,1.193048532371794174e-01,1.482856830507677248e+00,1.107175837039771293e+00,1.581263209492038413e-01
1.750000000000000167e-01,1.153467029037556213e-01,1.200504448760050386e-01,1.425723900330712057e+00,1.108387745677620551e+00,1.588995655376438665e-01
1.758333333333333415e-01,1.157180230322378961e-01,1.207964781001580890e-01,1.367063449118544716e+00,1.109551407073224416e+00,1.596749826993869026e-01
1.766666666666666663e-01,1.160884931847223078e-01,1.215429337887102973e-01,1.307405012948265499e+00,1.110665768932418862e+00,1.604526508701581977e-01
1.775000000000000189e-01,1.164581499316438146e-01,1.222897926356094206e-01,1.247259935902309325e+00,1.111730212661106609e+00,1.612326265243735068e-01
1.783333333333333437e-01,1.168270302115923531e-01,1.230370353036162323e-01,1.187112583264638310e+00,1.112744534544092723e+00,1.620149446780735913e-01
1.791666666666666685e-01,1.171951710283260784e-01,1.237846425681835560e-01,1.127412979635856960e+00,1.113708920195301211e+00,1.627996197954615920e-01
1.800000000000000211e-01,1.175626091682022839e-01,1.245325954493594761e-01,1.068570997407061851e+00,1.114623913519069198e+00,1.635866470418271823e-01
1.808333333333333459e-01,1.179293809418112404e-01,1.252808753302775135e-01,1.010952143299583383e+00,1.115490381494363525e+00,1.643760038182534022e-01
1.816666666666666707e-01,1.182955219526090479e-01,1.260294640612759920e-01,9.548749188235263752e-01,1.116309476103581444e+00,1.651676515097101339e-01
1.825000000000000233e-01,1.186610668943626490e-01,1.267783440491467573e-01,9.006096681421581485e-01,1.117082594681483743e+00,1.659615373777656999e-01
1.833333333333333481e-01,1.190260493782860085e-01,1.275274983314371169e-01,8.483787764524817199e-01,1.117811339866731535e+00,1.667575965318114917e-01
1.841666666666666730e-01,1.193905017898914817e-01,1.282769106361034139e-01,7.983580449489512398e-01,1.118497480208982209e+00,1.675557539178735289e-01
1.850000000000000255e-01,1.197544551748300490e-01,1.290265654271325058e-01,7.506790449785077923e-01,1.119142912329785355e+00,1.683559262711689097e-01
1.858333333333333504e-01,1.201179391523649886e-01,1.297764479370055180e-01,7.054322434266090402e-01,1.119749625366620815e+00,1.691580239869250601e-01
1.866666666666666752e-01,1.204809818546227068e-01,1.305265441870742116e-01,6.626706922636456110e-01,1.120319668256491763e+00,1.699619528729980622e-01
1.875000000000000000e-01,1.208436098893925226e-01,1.312768409970551664e-01,6.224140855919875204e-01,1.120855120247264969e+00,1.707676157569530395e-01
1.883333333333333526e-01,1.212058483239993184e-01,1.320273259849280845e-01,5.846530052576754954e-01,1.121358064868452242e+00,1.715749139290395353e-01
1.891666666666666774e-01,1.215677206876378397e-01,1.327779875585542446e-01,5.493531988605614425e-01,1.121830567453501404e+00,1.723837484105490425e-01
1.900000000000000022e-01,1.219292489895219544e-01,1.335288149003196756e-01,5.164597596614686204e-01,1.122274656186218911e+00,1.731940210441244021e-01
1.908333333333333548e-01,1.222904537502499805e-01,1.342797979460594593e-01,4.859011045388425543e-01,1.122692306546302365e+00,1.740056354085544599e-01
1.916666666666666796e-01,1.226513540439026079e-01,1.350309273594464676e-01,4.575926722122245494e-01,1.123085428953281895e+00,1.748184975653715167e-01
1.925000000000000044e-01,1.230119675485559644e-01,1.357821945029336341e-01,4.314402882133543948e-01,1.123455859353459152e+00,1.756325166481920996e-01
1.933333333333333570e-01,1.233723106030935462e-01,1.365335914062312250e-01,4.073431647024856606e-01,1.123805352458840723e+00,1.764476053082766893e-01
1.941666666666666818e-01,1.237323982684243318e-01,1.372851107331876375e-01,3.851965216921932056e-01,1.124135577328171820e+00,1.772636800313485417e-01
1.950000000000000067e-01,1.240922443914477813e-01,1.380367457478264837e-01,3.648938313418137458e-01,1.124448114975269419e+00,1.780806613414470663e-01
1.958333333333333592e-01,1.244518616703399472e-01,1.387884902801779508e-01,3.463286987483005230e-01,1.124744457696140287e+00,1.788984739076407982e-01
1.966666666666666841e-01,1.248112617199614444e-01,1.395403386924354006e-01,3.293964012866454349e-01,1.125026009821154860e+00,1.797170465689485186e-01
1.975000000000000089e-01,1.251704551364019868e-01,1.402922858458666433e-01,3.139951143688836654e-01,1.125294089619344629e+00,1.805363122919463603e-01
1.983333333333333337e-01,1.255294515598723570e-01,1.410443270688166439e-01,3.000268548889244991e-01,1.125549932106535422e+00,1.813562080744018645e-01
1.991666666666666863e-01,1.258882597353331023e-01,1.417964581260575674e-01,2.873981750233273735e-01,1.125794692535665442e+00,1.821766748069833797e-01
2.000000000000000111e-01,1.262468875704066129e-01,1.425486751896681836e-01,2.760206388839908653e-01,1.126029450374793406e+00,1.829976571037305599e-01
2.008333333333333359e-01,1.266053421902568477e-01,1.433009748115633697e-01,2.658111131591728848e-01,1.126255213604811400e+00,1.838191031106090056e-01
2.016666666666666885e-01,1.269636299892392961e-01,1.440533538977400718e-01,2.566919006843129680e-01,1.126472923193912790e+00,1.846409643001650502e-01
2.025000000000000133e-01,1.273217566792233524e-01,1.448058096842619324e-01,2.485907431545703594e-01,1.126683457628845586e+00,1.854631952590768407e-01
2.033333333333333381e-01,1.276797273345738615e-01,1.455583397149680935e-01,2.414407161765081133e-01,1.126887637403566789e+00,1.862857534742968779e-01
2.041666666666666907e-01,1.280375464338464608e-01,1.463109418208601853e-01,2.351800367568696870e-01,1.127086229383955640e+00,1.871085991224997191e-01
2.050000000000000155e-01,1.283952178983085168e-01,1.470636141010982223e-01,2.297518002970706241e-01,1.127279950982728041e+00,1.879316948667042186e-01
2.058333333333333404e-01,1.287527451274426138e-01,1.478163549055164505e-01,2.251036613188666935e-01,1.127469474091734591e+00,1.887550056632195106e-01
2.066666666666666929e-01,1.291101310316261352e-01,1.485691628185540902e-01,2.211874695734218355e-01,1.127655428729606335e+00,1.895784985814611412e-01
2.075000000000000178e-01,1.294673780622091486e-01,1.493220366444847069e-01,2.179588709403640912e-01,1.127838406371487023e+00,1.904021426386929283e-01
2.083333333333333426e-01,1.298244882392367294e-01,1.500749753938182274e-01,2.153768806432216354e-01,1.128018962934646874e+00,1.912259086513491413e-01
2.091666666666666674e-01,1.301814631770785435e-01,1.508279782707422079e-01,2.134034348154814631e-01,1.128197621399421369e+00,1.920497691042679644e-01
2.100000000000000200e-01,1.305383041082442963e-01,1.515810446614639095e-01,2.120029253587957796e-01,1.128374874049493881e+00,1.928736980389047506e-01
2.108333333333333448e-01,1.308950119056736527e-01,1.523341741233101287e-01,2.111417223441559299e-01,1.128551184319370071e+00,1.936976709613737468e-01
2.116666666666666696e-01,1.312515871037978343e-01,1.530873663744395097e-01,2.107876879132714876e-01,1.128726988240310591e+00,1.945216647709704927e-01
2.125000000000000222e-01,1.316080299186759839e-01,1.538406212840194576e-01,2.109096857285321369e-01,1.128902695479327978e+00,1.953456577096389646e-01
2.133333333333333470e-01,1.319643402675119981e-01,1.545939388627200761e-01,2.114770904748590197e-01,1.129078689969412741e+00,1.961696293326504192e-01
2.141666666666666718e-01,1.323205177878582772e-01,1.553473192533776914e-01,2.124593027040046211e-01,1.129255330133237312e+00,1.969935605005368184e-01
2.150000000000000244e-01,1.326765618568091221e-01,1.561007627216832172e-01,2.138252753867429523e-01,1.129432948707441708e+00,1.978174333920597605e-01
2.158333333333333492e-01,1.330324716104794025e-01,1.568542696467543351e-01,2.155430598400810138e-01,1.129611852180452791e+00,1.986412315376797910e-01
2.166666666666666741e-01,1.333882459640522988e-01,1.576078405114578196e-01,2.175793801453775322e-01,1.129792319863780037e+00,1.994649398726177636e-01
2.175000000000000266e-01,1.337438836326616809e-01,1.583614758923563015e-01,2.198992466683206970e-01,1.129974602624952418e+00,2.002885448081548336e-01
2.183333333333333515e-01,1.340993831533501546e-01,1.591151764491668674e-01,2.224656207106402439e-01,1.130158921319693643e+00,2.011120343193119331e-01
2.191666666666666763e-01,1.344547429083123580e-01,1.598689429136346263e-01,2.252391435233185857e-01,1.130345464971457714e+00,2.019353980464785592e-01
2.200000000000000011e-01,1.348099611495919004e-01,1.606227760777433344e-01,2.281779437325230364e-01,1.130534388757814312e+00,2.027586274079413997e-01
2.208333333333333537e-01,1.351650360253518479e-01,1.613766767812095937e-01,2.312375375036180569e-01,1.130725811874996101e+00,2.035817157196144755e-01
2.216666666666666785e-01,1.355199656077804571e-01,1.621306458982344489e-01,2.343708353276059975e-01,1.130919815363675696e+00,2.044046583176213905e-01
2.225000000000000033e-01,1.358747479226272425e-01,1.628846843235181863e-01,2.375282680051040152e-01,1.131116439990064393e+00,2.052274526787583875e-01
2.233333333333333559e-01,1.362293809802898326e-01,1.636387929575791600e-01,2.406580421038460038e-01,1.131315684285943091e+00,2.060500985333206803e-01
2.241666666666666807e-01,1.365838628082913508e-01,1.643929726914555300e-01,2.437065318046932605e-01,1.131517502858405022e+00,2.068725979643433188e-01
2.250000000000000056e-01,1.369381914849032711e-01,1.651472243909090087e-01,2.466188096241788141e-01,1.131721805084000332e+00,2.076949554870468895e-01
2.258333333333333581e-01,1.372923651735813988e-01,1.659015488802892402e-01,2.493393130886857045e-01,1.131928454301797338e+00,2.085171781022273352e-01
2.266666666666666829e-01,1.376463821577984248e-01,1.666559469262572368e-01,2.518126382120545736e-01,1.132137267614839349e+00,2.093392753175387089e-01
2.275000000000000078e-01,1.380002408757777244e-01,1.674104192216024911e-01,2.539844438700576967e-01,1.132348016399040258e+00,2.101612591311149414e-01
2.283333333333333603e-01,1.383539399545631321e-01,1.681649663694188279e-01,2.558024442415838817e-01,1.132560427602420150e+00,2.109831439727833380e-01
2.291666666666666852e-01,1.387074782428053821e-01,1.689195888679294599e-01,2.572174598456399286e-01,1.132774185895789820e+00,2.118049465992433988e-01
2.300000000000000100e-01,1.390608548416091550e-01,1.696742870962669458e-01,2.581844918436471126e-01,1.132988936708993588e+00,2.126266859409966514e-01
2.308333333333333348e-01,1.394140691327699633e-01,1.704290613015181644e-01,2.586637797086448476e-01,1.133204290155473748e+00,2.134483829004755751e-01
2.316666666666666874e-01,1.397671208037404300e-01,1.711839115873392825e-01,2.586217995634966793e-01,1.133419825813503756e+00,2.142700601026710505e-01
2.325000000000000122e-01,1.401200098687022944e-01,1.719388379044254067e-01,2.580321598525595617e-01,1.133635098296593702e+00,2.150917416015087624e-01
2.333333333333333370e-01,1.404727366851845627e-01,1.726938400430895748e-01,2.568763527982536599e-01,1.133849643510198124e+00,2.159134525471754495e-01
2.341666666666666896e-01,1.408253019657569050e-01,1.734489176281611700e-01,2.551443243980885400e-01,1.134062985459029838e+00,2.167352188214346498e-01
2.350000000000000144e-01,1.411777067844409983e-01,1.742040701163614369e-01,2.528348324356427534e-01,1.134274643441043784e+00,2.175570666495849625e-01
2.358333333333333393e-01,1.415299525776138601e-01,1.749592967962509404e-01,2.499555708041214797e-01,1.134484139442393680e+00,2.183790221989936331e-01
2.366666666666666918e-01,1.418820411393224845e-01,1.757145967907756401e-01,2.465230488774560191e-01,1.134691005533927655e+00,2.192011111749964380e-01
2.375000000000000167e-01,1.422339746110818370e-01,1.764699690623676154e-01,2.425622260609608949e-01,1.134894791065151898e+00,2.200233584253237507e-01
2.383333333333333415e-01,1.425857554663805815e-01,1.772254124204865056e-01,2.381059132595056416e-01,1.135095069456535377e+00,2.208457875640604806e-01
2.391666666666666941e-01,1.429373864902643010e-01,1.779809255314197258e-01,2.331939640293668459e-01,1.135291444405405636e+00,2.216684206254680711e-01
2.400000000000000189e-01,1.432888707544975604e-01,1.787365069301012077e-01,2.278722878803838836e-01,1.135483555343701267e+00,2.224912777568360256e-01
2.408333333333333437e-01,1.436402115889174602e-01,1.794921550336575633e-01,2.221917259236162179e-01,1.135671082016119549e+00,2.233143769579451487e-01
2.416666666666666685e-01,1.439914125496778996e-01,1.802478681563519647e-01,2.162068343360858402e-01,1.135853748082894521e+00,2.241377338728226809e-01
2.425000000000000211e-01,1.443424773851421650e-01,1.810036445255713555e-01,2.099746236620707307e-01,1.136031323690393835e+00,2.249613616373579705e-01
2.433333333333333459e-01,1.446934100002100210e-01,1.817594822984908154e-01,2.035533017360693364e-01,1.136203626992642990e+00,2.257852707841576101e-01
2.441666666666666707e-01,1.450442144198644812e-01,1.825153795790517564e-01,1.970010651594060191e-01,1.136370524645516022e+00,2.266094692038762570e-01
2.450000000000000233e-01,1.453948947526940150e-01,1.832713344349050089e-01,1.903749791446259221e-01,1.136531931330642786e+00,2.274339621602724515e-01
2.458333333333333481e-01,1.457454551550919908e-01,1.840273449139968320e-01,1.837299786595525675e-01,1.136687808396394495e+00,2.282587523545179242e-01
2.466666666666666730e-01,1.460958997967607420e-01,1.847834090605117996e-01,1.771180157476025807e-01,1.136838161727397489e+00,2.290838400328923941e-01
2.475000000000000255e-01,1.464462328280562997e-01,1.855395249299284788e-01,1.705873692956253740e-01,1.136983038971165483e+00,2.299092231309806111e-01
2.483333333333333504e-01,1.467964583496101094e-01,1.862956906029915316e-01,1.641821249635093127e-01,1.137122526260440081e+00,2.307348974468642344e-01
2.491666666666666752e-01,1.471465803845574127e-01,1.870519041984533282e-01,1.579418250069929419e-01,1.137256744572927802e+00,2.315608568355620456e-01
2.500000000000000000e-01,1.474966028535961982e-01,1.878081638844864010e-01,1.519012807352814187e-01,1.137385845866986989e+00,2.323870934170836899e-01
2.508333333333333526e-01,1.478465295529988177e-01,1.885644678887156422e-01,1.460905346396537408e-01,1.137510009123393173e+00,2.332135977908747493e-01
2.516666666666667052e-01,1.481963641356048855e-01,1.893208145068618065e-01,1.405349549672163245e-01,1.137629436410729333e+00,2.340403592500850394e-01
2.525000000000000022e-01,1.485461100947404744e-01,1.900772021100258224e-01,1.352554427293497508e-01,1.137744349076436290e+00,2.348673659899179478e-01
2.533333333333333548e-01,1.488957707509381001e-01,1.908336291506760873e-01,1.302687297541924583e-01,1.137854984148304327e+00,2.356946053052518808e-01
2.541666666666667074e-01,1.492453492412736948e-01,1.915900941674257563e-01,1.255877462606728723e-01,1.137961591013310514e+00,2.365220637737001919e-01
2.550000000000000044e-01,1.495948485110935866e-01,1.923465957887086908e-01,1.212220373360800019e-01,1.138064428423142482e+00,2.373497274212470198e-01
2.558333333333333570e-01,1.499442713078725509e-01,1.931031327354750804e-01,1.171782093985459100e-01,1.138163761859281919e+00,2.381775818685062385e-01
2.566666666666667096e-01,1.502936201769242142e-01,1.938597038230362446e-01,1.134603899728454657e-01,1.138259861275686680e+00,2.390056124564802209e-01
2.575000000000000067e-01,1.506428974586771219e-01,1.946163079621933412e-01,1.100706866687003876e-01,1.138352999224287343e+00,2.398338043514162687e-01
2.583333333333333592e-01,1.509921052872287006e-01,1.953729441597826522e-01,1.070096339185808570e-01,1.138443449357865456e+00,2.406621426289575483e-01
2.591666666666666563e-01,1.513412455898970888e-01,1.961296115187664280e-01,1.042766186354759234e-01,1.138531485296429668e+00,2.414906123382672409e-01
2.600000000000000089e-01,1.516903200875034663e-01,1.968863092379941615e-01,1.018702783579878146e-01,1.138617379836843524e+00,2.423191985471716270e-01
2.608333333333333615e-01,1.520393302951342507e-01,1.976430366117479243e-01,9.978886756661373147e-02,1.138701404480978674e+00,2.431478863696232562e-01
2.616666666666666585e-01,1.523882775231525655e-01,1.983997930291790668e-01,9.803058962262231613e-02,1.138783829254807589e+00,2.439766609769601635e-01
2.625000000000000111e-01,1.527371628782495938e-01,1.991565779737317354e-01,9.659389317086836124e-02,1.138864922789304845e+00,2.448055075945274051e-01
2.633333333333333637e-01,1.530859872643483832e-01,1.999133910226383593e-01,9.547773285545582689e-02,1.138944952633482499e+00,2.456344114852678784e-01
2.641666666666666607e-01,1.534347513831957610e-01,2.006702318465631019e-01,9.468179483545610675e-02,1.139024185770020292e+00,2.464633579218870607e-01
2.650000000000000133e-01,1.537834557344993358e-01,2.014271002094578933e-01,9.420668788211712663e-02,1.139102889304485888e+00,2.472923321491724558e-01
2.658333333333333659e-01,1.541321006154884321e-01,2.021839959686852206e-01,9.405410082210374778e-02,1.139181331299779387e+00,2.481213193380147064e-01
2.666666666666666630e-01,1.544806861197997871e-01,2.029409190754536130e-01,9.422692680033567525e-02,1.139259781727955501e+00,2.489503045326527664e-01
2.675000000000000155e-01,1.548292121356086570e-01,2.036978695756005708e-01,9.472935431011768326e-02,1.139338513511751527e+00,2.497792725926566426e-01
2.683333333333333681e-01,1.551776783429477946e-01,2.044548476107480028e-01,9.556692421780627056e-02,1.139417803627804870e+00,2.506082081311791776e-01
2.691666666666666652e-01,1.555260842101783281e-01,2.052118534198465738e-01,9.674655113609739732e-02,1.139497934242535759e+00,2.514370954510673495e-01
2.700000000000000178e-01,1.558744289895988566e-01,2.059688873411133769e-01,9.827650651876658483e-02,1.139579193849892036e+00,2.522659184805191579e-01
2.708333333333333703e-01,1.562227117122032549e-01,2.067259498143563801e-01,1.001663598100044211e-01,1.139661878377528970e+00,2.530946607101193235e-01
2.716666666666666674e-01,1.565709311816251559e-01,2.074830413836680487e-01,1.024268729406083989e-01,1.139746292224508295e+00,2.539233051332816515e-01
2.725000000000000200e-01,1.569190859673355865e-01,2.082401627004553113e-01,1.050698424891965133e-01,1.139832749189270800e+00,2.547518341923673546e-01
2.733333333333333726e-01,1.572671743971937597e-01,2.089973145267580712e-01,1.081078830007622255e-01,1.139921573241558184e+00,2.555802297330319051e-01
2.741666666666666696e-01,1.576151945494886075e-01,2.097544977387924559e-01,1.115541443745917405e-01,1.140013099086297998e+00,2.564084729696781140e-01
2.750000000000000222e-01,1.579631442446497724e-01,2.105117133306346477e-01,1.154219560130280570e-01,1.140107672461459609e+00,2.572365444652300326e-01
2.758333333333333748e-01,1.583110210368528226e-01,2.112689624179397430e-01,1.197243906921089257e-01,1.140205650105920121e+00,2.580644241287884944e-01
2.766666666666666718e-01,1.586588222057949416e-01,2.120262462415683224e-01,1.244737420179238135e-01,1.140307399327882720e+00,2.588920912350535231e-01
2.775000000000000244e-01,1.590065447489704409e-01,2.127835661709674697e-01,1.296809110175985436e-01,1.140413297099980960e+00,2.597195244696645644e-01
2.783333333333333770e-01,1.593541853748330905e-01,2.135409237071266564e-01,1.353547000252637300e-01,1.140523728604582177e+00,2.605467020047860793e-01
2.791666666666666741e-01,1.597017404972905508e-01,2.142983204849041312e-01,1.415010156846714939e-01,1.140639085152794552e+00,2.613736016093053949e-01
2.800000000000000266e-01,1.600492062320324205e-01,2.150557582744924978e-01,1.481219876839765803e-01,1.140759761404198214e+00,2.622002007978575522e-01
2.808333333333333237e-01,1.603965783952459312e-01,2.158132389817685182e-01,1.552150157821068632e-01,1.140886151822309014e+00,2.630264770225023141e-01
2.816666666666666763e-01,1.607438525053186129e-01,2.165707646472544989e-01,1.627717647054499617e-01,1.141018646314178930e+00,2.638524079101950415e-01
2.825000000000000289e-01,1.610910237881578722e-01,2.173283374434021031e-01,1.707771343940454600e-01,1.141157625022137134e+00,2.646779715481645257e-01
2.833333333333333259e-01,1.614380871867736045e-01,2.180859596699066538e-01,1.792082415209132196e-01,1.141303452262101725e+00,2.655031468179130938e-01
2.841666666666666785e-01,1.617850373757611648e-01,2.188436337467635773e-01,1.880334567002551749e-01,1.141456469636360493e+00,2.663279137767533000e-01
2.850000000000000311e-01,1.621318687812861037e-01,2.196013622047963687e-01,1.972115496830862125e-01,1.141616988389020149e+00,2.671522540836078208e-01
2.858333333333333282e-01,1.624785756071047971e-01,2.203591476734205745e-01,2.066910013113502920e-01,1.141785281118601114e+00,2.679761514632648667e-01
2.866666666666666807e-01,1.628251518670484621e-01,2.211169928654567185e-01,2.164095451592857877e-01,1.141961573012963971e+00,2.687995922004672300e-01
2.875000000000000333e-01,1.631715914242543031e-01,2.218749005588734613e-01,2.262940026930461979e-01,1.142146032824569168e+00,2.696225656522487912e-01
2.883333333333333304e-01,1.635178880372439303e-01,2.226328735754297683e-01,2.362604725420382745e-01,1.142338763855917039e+00,2.704450647639756733e-01
2.891666666666666829e-01,1.638640354127263998e-01,2.233909147562865849e-01,2.462149263838188384e-01,1.142539795272136116e+00,2.712670865717993207e-01
2.900000000000000355e-01,1.642100272647497861e-01,2.241490269347761188e-01,2.560542505793350077e-01,1.142749074095870787e+00,2.720886326719159642e-01
2.908333333333333326e-01,1.645558573795464774e-01,2.249072129066457815e-01,2.656677540531256487e-01,1.142966458264467633e+00,2.729097096354002883e-01
2.916666666666666852e-01,1.649015196851268406e-01,2.256654753982254014e-01,2.749391395041899666e-01,1.143191711136783084e+00,2.737303293466751830e-01
2.925000000000000377e-01,1.652470083243861576e-01,2.264238170330967193e-01,2.837489079382218837e-01,1.143424497823217534e+00,2.745505092441009598e-01
2.933333333333333348e-01,1.655923177302208171e-01,2.271822402979666866e-01,2.919771373762062860e-01,1.143664383675431884e+00,2.753702724428871429e-01
2.941666666666666874e-01,1.659374427009156494e-01,2.279407475085471202e-01,2.995065475487997952e-01,1.143910835210817378e+00,2.761896477235955549e-01
2.950000000000000400e-01,1.662823784738861055e-01,2.286993407763202590e-01,3.062257358894011072e-01,1.144163223662249873e+00,2.770086693739176598e-01
2.958333333333333370e-01,1.666271207957525369e-01,2.294580219771137075e-01,3.120324487507328270e-01,1.144420831239183256e+00,2.778273768770010976e-01
2.966666666666666896e-01,1.669716659867005182e-01,2.302167927224110788e-01,3.168367378733891737e-01,1.144682860066943419e+00,2.786458144461373965e-01
2.975000000000000422e-01,1.673160109971520981e-01,2.309756543342850743e-01,3.205638476451199703e-01,1.144948443644242753e+00,2.794640304127177788e-01
2.983333333333333393e-01,1.676601534549397865e-01,2.317346078247590202e-01,3.231566847840492418e-01,1.145216660532754949e+00,2.802820764815812105e-01
2.991666666666666918e-01,1.680040917014337110e-01,2.324936538802769292e-01,3.245777389954445091e-01,1.145486549875996518e+00,2.811000068747190883e-01
3.000000000000000444e-01,1.683478248154127443e-01,2.332527928518020599e-01,3.248103500874000016e-01,1.145757128246447820e+00,2.819178773902548674e-01
3.008333333333333415e-01,1.686913526238779937e-01,2.340120247508770679e-01,3.238592521680376812e-01,1.146027407247387497e+00,2.827357444082458926e-01
3.016666666666666941e-01,1.690346756994555166e-01,2.347713492517707334e-01,3.217503662072723203e-01,1.146296411255043779e+00,2.835536638777711449e-01
3.025000000000000466e-01,1.693777953445042006e-01,2.355307656996237231e-01,3.185298551614174634e-01,1.146563194680614073e+00,2.843716903207592073e-01
3.033333333333333437e-01,1.697207135625055374e-01,2.362902731242997323e-01,3.142624975212858218e-01,1.146826858160898466e+00,2.851898758869744754e-01
3.041666666666666963e-01,1.700634330177381026e-01,2.370498702594576179e-01,3.090294721899415897e-01,1.147086563148278060e+00,2.860082694916192825e-01
3.049999999999999933e-01,1.704059569846091693e-01,2.378095555661971228e-01,3.029256771680195470e-01,1.147341544460510621e+00,2.868269160623435621e-01
3.058333333333333459e-01,1.707482892883105952e-01,2.385693272605060311e-01,2.960567245642076184e-01,1.147591120461232350e+00,2.876458559164765116e-01
3.066666666666666985e-01,1.710904342386709021e-01,2.393291833436473337e-01,2.885357638811113512e-01,1.147834700664751129e+00,2.884651242824373685e-01
3.074999999999999956e-01,1.714323965591882937e-01,2.400891216345840129e-01,2.804802843158283321e-01,1.148071790684833227e+00,2.892847509720796184e-01
3.083333333333333481e-01,1.717741813132455941e-01,2.408491398035366715e-01,2.720090358915314144e-01,1.148301994568252882e+00,2.901047602036500028e-01
3.091666666666667007e-01,1.721157938294387568e-01,2.416092354058062830e-01,2.632391903200912986e-01,1.148525014662507671e+00,2.909251705685620970e-01
3.099999999999999978e-01,1.724572396278048203e-01,2.423694059150671432e-01,2.542838378396867771e-01,1.148740649257574242e+00,2.917459951296578202e-01
3.108333333333333504e-01,1.727985243485280487e-01,2.431296487554307773e-01,2.452498883755181158e-01,1.148948788310163893e+00,2.925672416343058080e-01
3.116666666666667029e-01,1.731396536844524159e-01,2.438899613316971027e-01,2.362364167033491613e-01,1.149149407603946793e+00,2.933889128227008536e-01
3.125000000000000000e-01,1.734806333184530092e-01,2.446503410573368786e-01,2.273334640507439219e-01,1.149342561720927636e+00,2.942110068101012610e-01
3.133333333333333526e-01,1.738214688664333207e-01,2.454107853798767891e-01,2.186212845021211493e-01,1.149528376199491442e+00,2.950335175213860128e-01
3.141666666666667052e-01,1.741621658264368433e-01,2.461712918034835162e-01,2.101700048931746945e-01,1.149707039236739448e+00,2.958564351570632800e-01
3.150000000000000022e-01,1.745027295341018136e-01,2.469318579086607346e-01,2.020396522378742621e-01,1.149878793260544096e+00,2.966797466715062059e-01
3.158333333333333548e-01,1.748431651244552465e-01,2.476924813690739580e-01,1.942804932565290188e-01,1.150043926654500170e+00,2.975034362464811233e-01
3.166666666666667074e-01,1.751834774998455579e-01,2.484531599656050194e-01,1.869336259627822627e-01,1.150202765870841581e+00,2.983274857457226537e-01
3.175000000000000044e-01,1.755236713036522067e-01,2.492138915978098779e-01,1.800317628987848639e-01,1.150355668116200603e+00,2.991518751391801789e-01
3.183333333333333570e-01,1.758637508992882403e-01,2.499746742930042676e-01,1.736001486622058831e-01,1.150503014746017794e+00,2.999765828884023433e-01
3.191666666666667096e-01,1.762037203539248142e-01,2.507355062132392565e-01,1.676575599445090103e-01,1.150645205457937248e+00,3.008015862871975532e-01
3.200000000000000067e-01,1.765435834263128501e-01,2.514963856604524595e-01,1.622173435080848658e-01,1.150782653334375905e+00,3.016268617540949770e-01
3.208333333333333592e-01,1.768833435580511038e-01,2.522573110800888085e-01,1.572884555655934546e-01,1.150915780750656703e+00,3.024523850751569265e-01
3.216666666666667118e-01,1.772230038676463337e-01,2.530182810634853396e-01,1.528764742126449139e-01,1.151045016138064314e+00,3.032781315973376857e-01
3.225000000000000089e-01,1.775625671467284394e-01,2.537792943493069053e-01,1.489845643803353326e-01,1.151170791570811369e+00,3.041040763738382946e-01
3.233333333333333615e-01,1.779020358578100869e-01,2.545403498243054008e-01,1.456143818458501826e-01,1.151293541131738873e+00,3.049301942637951401e-01
3.241666666666667140e-01,1.782414121330187784e-01,2.553014465236566055e-01,1.427669089367410715e-01,1.151413700002898333e+00,3.057564599892014789e-01
3.250000000000000111e-01,1.785806977732718182e-01,2.560625836311115622e-01,1.404432195763893887e-01,1.151531704223112129e+00,3.065828481522464011e-01
3.258333333333333637e-01,1.789198942474075349e-01,2.568237604791769324e-01,1.386451752269613757e-01,1.151647991054280284e+00,3.074093332163098657e-01
3.266666666666666607e-01,1.792590026908302825e-01,2.575849765495192845e-01,1.373760561413442105e-01,1.151762999900683759e+00,3.082358894537352012e-01
3.275000000000000133e-01,1.795980239032669845e-01,2.583462314737721699e-01,1.366411342294102660e-01,1.151877173730004866e+00,3.090624908632588763e-01
3.283333333333333659e-01,1.799369583452695709e-01,2.591075250349041403e-01,1.364481948909345987e-01,1.151990960950471710e+00,3.098891110596503351e-01
3.291666666666666630e-01,1.802758061331300177e-01,2.598688571692948091e-01,1.368080154877937271e-01,1.152104817704796114e+00,3.107157231377539186e-01
3.300000000000000155e-01,1.806145670319022623e-01,2.606302279696514068e-01,1.377348078361136097e-01,1.152219210547847705e+00,3.115422995127445915e-01
3.308333333333333681e-01,1.809532404462475541e-01,2.613916376888879012e-01,1.392466312958921260e-01,1.152334619480819278e+00,3.123688117380605811e-01
3.316666666666666652e-01,1.812918254088391745e-01,2.621530867450813096e-01,1.413657818053122572e-01,1.152451541319611472e+00,3.131952303021593442e-01
3.325000000000000178e-01,1.816303205660775022e-01,2.629145757276110107e-01,1.441191606157617711e-01,1.152570493378953564e+00,3.140215244049954224e-01
3.333333333333333703e-01,1.819687241608787809e-01,2.636761054045810848e-01,1.475386245816614206e-01,1.152692017456119267e+00,3.148476617149454371e-01
3.341666666666666674e-01,1.823070340123141009e-01,2.644376767316201082e-01,1.516613176845198196e-01,1.152816684098730171e+00,3.156736081068283184e-01
3.350000000000000200e-01,1.826452474918857372e-01,2.651992908621466638e-01,1.565299810536667779e-01,1.152945097139871145e+00,3.164993273816943953e-01
3.358333333333333726e-01,1.829833614962424748e-01,2.659609491591805042e-01,1.621932361164334924e-01,1.153077898480358687e+00,3.173247809691989163e-01
3.366666666666666696e-01,1.833213724161524560e-01,2.667226532087730861e-01,1.687058327034681171e-01,1.153215773092366891e+00,3.181499276136471877e-01
3.375000000000000222e-01,1.836592761015743980e-01,2.674844048351177062e-01,1.761288509990439066e-01,1.153359454210576285e+00,3.189747230451979165e-01
3.383333333333333748e-01,1.839970678226967860e-01,2.682462061173856438e-01,1.845298432309952219e-01,1.153509728666505474e+00,3.197991196382539703e-01
3.391666666666666718e-01,1.843347422268536706e-01,2.690080594083172905e-01,1.939828980376626655e-01,1.153667442308700775e+00,3.206230660597531590e-01
3.400000000000000244e-01,1.846722932912734649e-01,2.697699673545718713e-01,2.045686076610624404e-01,1.153833505436075324e+00,3.214465069108863315e-01
3.408333333333333770e-01,1.850097142716790877e-01,2.705319329188107247e-01,2.163739156660898222e-01,1.154008898154128326e+00,3.222693823667198698e-01
3.416666666666666741e-01,1.853469976468328229e-01,2.712939594034537438e-01,2.294918209842846113e-01,1.154194675544399251e+00,3.230916278192518254e-01
3.425000000000000266e-01,1.856841350592096096e-01,2.720560504760050069e-01,2.440209129745649907e-01,1.154391972516882081e+00,3.239131735305685877e-01
3.433333333333333792e-01,1.860211172520887801e-01,2.728182101957934425e-01,2.600647121597873812e-01,1.154602008194021368e+00,3.247339443039462537e-01
3.441666666666666763e-01,1.863579340034762222e-01,2.735804430419184197e-01,2.777307926317976183e-01,1.154826089654351184e+00,3.255538591819117089e-01
3.450000000000000289e-01,1.866945740574063595e-01,2.743427539421250949e-01,2.971296651107193654e-01,1.155065614845077304e+00,3.263728311813742233e-01
3.458333333333333814e-01,1.870310250533226137e-01,2.751051483022647348e-01,3.183734045596572915e-01,1.155322074457439951e+00,3.271907670768857690e-01
3.466666666666666785e-01,1.873672734543959384e-01,2.758676320359225720e-01,3.415740132944874441e-01,1.155597052548212433e+00,3.280075672438057532e-01
3.475000000000000311e-01,1.877033044758063263e-01,2.766302115937184225e-01,3.668415197914518533e-01,1.155892225686998342e+00,3.288231255735303282e-01
3.483333333333333282e-01,1.880391020141770342e-01,2.773928939917110204e-01,3.942818248459121211e-01,1.156209360413930520e+00,3.296373294729170178e-01
3.491666666666666807e-01,1.883746485795105841e-01,2.781556868382661918e-01,4.239943201616977464e-01,1.156550308807683614e+00,3.304500599594978882e-01
3.500000000000000333e-01,1.887099252311164599e-01,2.789185983586851547e-01,4.560693194354974445e-01,1.156917001990849014e+00,3.312611918629413399e-01
3.508333333333333304e-01,1.890449115191390472e-01,2.796816374168403785e-01,4.905853579078529036e-01,1.157311441439742072e+00,3.320705941414638374e-01
3.516666666666666829e-01,1.893795854333761575e-01,2.804448135330326330e-01,5.276064323263873757e-01,1.157735688019006393e+00,3.328781303194469077e-01
3.525000000000000355e-01,1.897139233611161158e-01,2.812081368972719209e-01,5.671792682616949577e-01,1.158191848727584849e+00,3.336836590494189903e-01
3.533333333333333326e-01,1.900479000557061815e-01,2.819716183772011386e-01,6.093307145464832431e-01,1.158682061220421611e+00,3.344870347978538550e-01
3.541666666666666852e-01,1.903814886174858834e-01,2.827352695199256138e-01,6.540653740290722773e-01,1.159208476257328035e+00,3.352881086500122398e-01
3.550000000000000377e-01,1.907146604885736896e-01,2.834991025470892656e-01,7.013635846414807418e-01,1.159773238323440703e+00,3.360867292244691384e-01
3.558333333333333348e-01,1.910473854627791901e-01,2.842631303426508826e-01,7.511798639392486265e-01,1.160378464760349226e+00,3.368827436831932087e-01
3.566666666666666874e-01,1.913796317116262247e-01,2.850273664329566192e-01,8.034419230177404225e-01,1.161026223838248050e+00,3.376759988183170580e-01
3.575000000000000400e-01,1.917113658271198950e-01,2.857918249588798365e-01,8.580503416884599499e-01,1.161718512281875615e+00,3.384663421922848303e-01
3.583333333333333370e-01,1.920425528814818372e-01,2.865565206400017551e-01,9.148789761357907224e-01,1.162457232830969023e+00,3.392536233041547611e-01
3.591666666666666896e-01,1.923731565036236046e-01,2.873214687310238769e-01,9.737761436322250885e-01,1.163244172464205750e+00,3.400376947516954851e-01
3.600000000000000422e-01,1.927031389716459264e-01,2.880866849708353383e-01,1.034566597469457561e+00,1.164080981939664694e+00,3.408184133567819241e-01
3.608333333333333393e-01,1.930324613201613027e-01,2.888521855248903925e-01,1.097054270744461935e+00,1.164969157301420477e+00,3.415956412206206938e-01
3.616666666666666918e-01,1.933610834607577544e-01,2.896179869217737624e-01,1.161025732074804084e+00,1.165910023969261911e+00,3.423692466756536046e-01
3.625000000000000444e-01,1.936889643134768191e-01,2.903841059850328921e-01,1.226254261969218939e+00,1.166904723966780244e+00,3.431391051026292383e-01
3.633333333333333415e-01,1.940160619467894698e-01,2.911505597615308139e-01,1.292504427731896222e+00,1.167954206754155733e+00,3.439050995842812264e-01
3.641666666666666941e-01,1.943423337232379755e-01,2.919173654477039692e-01,1.359537009534918184e+00,1.169059224019683541e+00,3.446671213712056980e-01
3.650000000000000466e-01,1.946677364476851746e-01,2.926845403151954739e-01,1.427114112383640165e+00,1.170220328653816200e+00,3.454250701407096114e-01
3.658333333333333437e-01,1.949922265149893474e-01,2.934521016373708990e-01,1.495004289324344704e+00,1.171437877987861143e+00,3.461788540353956112e-01
3.666666666666666963e-01,1.953157600539049132e-01,2.942200666182033797e-01,1.562987500963326726e+00,1.172712041233814340e+00,3.469283894747718366e-01
3.675000000000000488e-01,1.956382930640996609e-01,2.949884523249438062e-01,1.630859745063142130e+00,1.174042810919658786e+00,3.476736007399344741e-01
3.683333333333333459e-01,1.959597815433739010e-01,2.957572756258725621e-01,1.698437206878740779e+00,1.175430017982967756e+00,3.484144193380696031e-01
3.691666666666666985e-01,1.962801816024532520e-01,2.965265531342650140e-01,1.765559804648194620e+00,1.176873350071103941e+00,3.491507831598579248e-01
3.700000000000000511e-01,1.965994495650932872e-01,2.972963011595045613e-01,1.832094033484405138e+00,1.178372372503659227e+00,3.498826354485888301e-01
3.708333333333333481e-01,1.969175420516626474e-01,2.980665356660542886e-01,1.897935042791085936e+00,1.179926551285440661e+00,3.506099236046812395e-01
3.716666666666667007e-01,1.972344160448412653e-01,2.988372722407580118e-01,1.963007915140126736e+00,1.181535277517911986e+00,3.513325978532085281e-01
3.724999999999999978e-01,1.975500289365640094e-01,2.996085260686977558e-01,2.027268146295138518e+00,1.183197892543510044e+00,3.520506098048378774e-01
3.733333333333333504e-01,1.978643385558361834e-01,3.003803119175958991e-01,2.090701354999198180e+00,1.184913713169049476e+00,3.527639109422919805e-01
3.741666666666667029e-01,1.981773031775284077e-01,3.011526441305232282e-01,2.153322275886026205e+00,1.186682056348584924e+00,3.534724510650479323e-01
3.750000000000000000e-01,1.984888815127101858e-01,3.019255366264694818e-01,2.215173108484729259e+00,1.188502262758739603e+00,3.541761767245970582e-01
3.758333333333333526e-01,1.987990326814891018e-01,3.026990029081542688e-01,2.276321309290012973e+00,1.190373718766145839e+00,3.548750296813248939e-01
3.766666666666667052e-01,1.991077161696794273e-01,3.034730560763049811e-01,2.336856922224585187e+00,1.192295876362610363e+00,3.555689454120958271e-01
3.775000000000000022e-01,1.994148917709233082e-01,3.042477088495130211e-01,2.396889545875069860e+00,1.194268270724318404e+00,3.562578516951278029e-01
3.783333333333333548e-01,1.997205195161267377e-01,3.050229735886922922e-01,2.456545034289739249e+00,1.196290535132720434e+00,3.569416672958941050e-01
3.791666666666667074e-01,2.000245595922523212e-01,3.057988623251085558e-01,2.515962022752877836e+00,1.198362413073154942e+00,3.576203007747796869e-01
3.800000000000000044e-01,2.003269722526351271e-01,3.065753867909239427e-01,2.575288361783857116e+00,1.200483767400045254e+00,3.582936494342017220e-01
3.808333333333333570e-01,2.006277177210591955e-01,3.073525584511975772e-01,2.634677532667609512e+00,1.202654586522733382e+00,3.589615984200046905e-01
3.816666666666667096e-01,2.009267560918580886e-01,3.081303885363064765e-01,2.694285107084341213e+00,1.204874987622630123e+00,3.596240199892684619e-01
3.825000000000000067e-01,2.012240472282898207e-01,3.089088880737902443e-01,2.754265302743375887e+00,1.207145216960058276e+00,3.602807729542680248e-01
3.833333333333333592e-01,2.015195506613890186e-01,3.096880679186786445e-01,2.814767677069999863e+00,1.209465647368313856e+00,3.609317023102299182e-01
3.841666666666667118e-01,2.018132254914256352e-01,3.104679387814277547e-01,2.875933992506295223e+00,1.211836773063970751e+00,3.615766390527225815e-01
3.850000000000000089e-01,2.021050302940034793e-01,3.112485112526687803e-01,2.937895280250982566e+00,1.214259201927619491e+00,3.622154001889521524e-01
3.858333333333333615e-01,2.023949230327181104e-01,3.120297958240556557e-01,3.000769124484348627e+00,1.216733645429592503e+00,3.628477889458308070e-01
3.866666666666667140e-01,2.026828609801644976e-01,3.128118029045881543e-01,3.064657186341447126e+00,1.219260906392436672e+00,3.634735951763536921e-01
3.875000000000000111e-01,2.029688006489433483e-01,3.135945428318819839e-01,3.129642985997934446e+00,1.221841864797577948e+00,3.640925959644407683e-01
3.883333333333333637e-01,2.032526977341595764e-01,3.143780258779548253e-01,3.195789961974378812e+00,1.224477461859233118e+00,3.647045564268599493e-01
3.891666666666667163e-01,2.035345070687381019e-01,3.151622622491987435e-01,3.263139828793594877e+00,1.227168682605386474e+00,3.653092307090186619e-01
3.900000000000000133e-01,2.038141825926990114e-01,3.159472620803172593e-01,3.331711257001947146e+00,1.229916537224467810e+00,3.659063631691890084e-01
3.908333333333333659e-01,2.040916773373339654e-01,3.167330354221135069e-01,3.401498902784612532e+00,1.232722041457712248e+00,3.664956897430146077e-01
3.916666666666667185e-01,2.043669434250061645e-01,3.175195922231295875e-01,3.472472817424471447e+00,1.235586196341132759e+00,3.670769394768572114e-01
3.925000000000000155e-01,2.046399320850559034e-01,3.183069423052568014e-01,3.544578269117719671e+00,1.238509967627191788e+00,3.676498362146510823e-01
3.933333333333333681e-01,2.049105936860298738e-01,3.190950953335562890e-01,3.617736010624600151e+00,1.241494265243751061e+00,3.682141004184175670e-01
3.941666666666666652e-01,2.051788777841644651e-01,3.198840607806523462e-01,3.691843025403525047e+00,1.244539923175429275e+00,3.687694510975098594e-01
3.950000000000000178e-01,2.054447331877426730e-01,3.206738478861885788e-01,3.766773781831146195e+00,1.247647680178443741e+00,3.693156078160868550e-01
3.958333333333333703e-01,2.057081080366094938e-01,3.214644656119571842e-01,3.842382019535755422e+00,1.250818161762346614e+00,3.698522927423927853e-01
3.966666666666666674e-01,2.059689498957796572e-01,3.222559225934342741e-01,3.918503083598153136e+00,1.254051863888652196e+00,3.703792326973524007e-01
3.975000000000000200e-01,2.062272058617045933e-01,3.230482270885663421e-01,3.994956811397307739e+00,1.257349138844900294e+00,3.708961611539950409e-01
3.983333333333333726e-01,2.064828226793929411e-01,3.238413869247544485e-01,4.071550963389038991e+00,1.260710183751061253e+00,3.714028201335962676e-01
3.991666666666666696e-01,2.067357468682085031e-01,3.246354094450722427e-01,4.148085173493820221e+00,1.264135032141428860e+00,3.718989619394733048e-01
4.000000000000000222e-01,2.069859248538102048e-01,3.254303014548213802e-01,4.224355377631945352e+00,1.267623549037731445e+00,3.723843506654074265e-01
4.008333333333333748e-01,2.072333031033633532e-01,3.262260691695734738e-01,4.300158661058896215e+00,1.271175429887186015e+00,3.728587634130271500e-01
4.016666666666666718e-01,2.074778282608516489e-01,3.270227181658679760e-01,4.375298447460828299e+00,1.274790203682402367e+00,3.733219911514464306e-01
4.025000000000000244e-01,2.077194472790671320e-01,3.278202533357240656e-01,4.449589936305359039e+00,1.278467240508971647e+00,3.737738391532650639e-01
4.033333333333333770e-01,2.079581075446607086e-01,3.286186788460810360e-01,4.522865680790983944e+00,1.282205763682761956e+00,3.742141269438619133e-01
4.041666666666666741e-01,2.081937569925126352e-01,3.294179981042086314e-01,4.594981187939064959e+00,1.286004866544732561e+00,3.746426877058253169e-01
4.050000000000000266e-01,2.084263442056340787e-01,3.302182137300181952e-01,4.665820415854658343e+00,1.289863533879646695e+00,3.750593670873126340e-01
4.058333333333333792e-01,2.086558184968455298e-01,3.310193275360674425e-01,4.735301041669620403e+00,1.293780667820281893e+00,3.754640213719611097e-01
4.066666666666666763e-01,2.088821299685988397e-01,3.318213405158848550e-01,4.803379377632851721e+00,1.297755117994991103e+00,3.758565149783719694e-01
4.075000000000000289e-01,2.091052295475109846e-01,3.326242528410490173e-01,4.870054822356263635e+00,1.301785715578319902e+00,3.762367172687576256e-01
4.083333333333333814e-01,2.093250689904592177e-01,3.334280638672489916e-01,4.935373749137714761e+00,1.305871310816442588e+00,3.766044986585488918e-01
4.091666666666666785e-01,2.095416008594376545e-01,3.342327721493333348e-01,4.999432752974815486e+00,1.310010813525656070e+00,3.769597260310141307e-01
4.100000000000000311e-01,2.097547784627814271e-01,3.350383754651297119e-01,5.062381201437273326e+00,1.314203236006661335e+00,3.773022574726036527e-01
4.108333333333333837e-01,2.099645557608145752e-01,3.358448708475944011e-01,5.124423060776681638e+00,1.318447737782583840e+00,3.776319363551608466e-01
4.116666666666666807e-01,2.101708872344512924e-01,3.366522546246391023e-01,5.185817996120837492e+00,1.322743671556291023e+00,3.779485847997355319e-01
4.125000000000000333e-01,2.103737277157617935e-01,3.374605224657832858e-01,5.246881771813908912e+00,1.327090629792930576e+00,3.782519965629781988e-01
4.133333333333333859e-01,2.105730321799829385e-01,3.382696694346007948e-01,5.307986003414197462e+00,1.331488491365942384e+00,3.785419293905807891e-01
4.141666666666666829e-01,2.107687554988959822e-01,3.390796900457775376e-01,5.369557335134059528e+00,1.335937467757003949e+00,3.788180968827218886e-01
4.150000000000000355e-01,2.109608521558893890e-01,3.398905783254645985e-01,5.432076134379350663e+00,1.340438148369301308e+00,3.790801599138732270e-01
4.158333333333333326e-01,2.111492759233656591e-01,3.407023278735082372e-01,5.496074807550748176e+00,1.344991544595105282e+00,3.793277176437329090e-01
4.166666666666666852e-01,2.113339795034241964e-01,3.415149319260603056e-01,5.562135847746314532e+00,1.349599132368145771e+00,3.795602981477271820e-01
4.175000000000000377e-01,2.115149141329548677e-01,3.423283834170117168e-01,5.630889725105881816e+00,1.354262893023501002e+00,3.797773486848860514e-01
4.183333333333333348e-01,2.116920291544067412e-01,3.431426750366531331e-01,5.703012724228050168e+00,1.358985352377390043e+00,3.799782256085135201e-01
4.191666666666666874e-01,2.118652715535574160e-01,3.439577992859363387e-01,5.779224820597106849e+00,1.363769618021067220e+00,3.801621839115948420e-01
4.200000000000000400e-01,2.120345854656076057e-01,3.447737485246843425e-01,5.860287669726657711e+00,1.368619414892035646e+00,3.803283663850767771e-01
4.208333333333333370e-01,2.121999116508762329e-01,3.455905150120737734e-01,5.947002759348127832e+00,1.373539119237483286e+00,3.804757923538192865e-01
4.216666666666666896e-01,2.123611869412875552e-01,3.464080909376756057e-01,6.040209747111859429e+00,1.378533791115175156e+00,3.806033459429979948e-01
4.225000000000000422e-01,2.125183436587435304e-01,3.472264684412884050e-01,6.140784974606620317e+00,1.383609205582557955e+00,3.807097638179137156e-01
4.233333333333333393e-01,2.126713090063836464e-01,3.480456396197231794e-01,6.249640113672715991e+00,1.388771882702674043e+00,3.807936223334222881e-01
4.241666666666666918e-01,2.128200044336754360e-01,3.488655965185942232e-01,6.367720863550669463e+00,1.394029116443183947e+00,3.808533240264808661e-01
4.250000000000000444e-01,2.129643449762777807e-01,3.496863311070282920e-01,6.496005577842513645e+00,1.399389002460431186e+00,3.808870833875701578e-01
4.258333333333333415e-01,2.131042385717065446e-01,3.505078352330295854e-01,6.635503658974125862e+00,1.404860464642437856e+00,3.808929118550669068e-01
4.266666666666666941e-01,2.132395853520358819e-01,3.513301005570154678e-01,6.787253515206161048e+00,1.410453280131679810e+00,3.808686019921411758e-01
4.275000000000000466e-01,2.133702769152226453e-01,3.521531184607772924e-01,6.952319831663876570e+00,1.416178102359542557e+00,3.808117108297437992e-01
4.283333333333333437e-01,2.134961955771778053e-01,3.529768799288222625e-01,7.131789862891732668e+00,1.422046481398940410e+00,3.807195423931778455e-01
4.291666666666666963e-01,2.136172136074608041e-01,3.538013753987157006e-01,7.326768410884810123e+00,1.428070880679680688e+00,3.805891294752612453e-01
4.300000000000000488e-01,2.137331924524759341e-01,3.546265945766839955e-01,7.538371110598244940e+00,1.434264688813632116e+00,3.804172147780321978e-01
4.308333333333333459e-01,2.138439819513347218e-01,3.554525262143707343e-01,7.767715606311657695e+00,1.440642224945677841e+00,3.802002316193407450e-01
4.316666666666666985e-01,2.139494195511494889e-01,3.562791578422743743e-01,8.015910169348751779e+00,1.447218735685536606e+00,3.799342844926623108e-01
4.325000000000000511e-01,2.140493295304641830e-01,3.571064754550715148e-01,8.284039283778037444e+00,1.454010381291006349e+00,3.796151298802676877e-01
4.333333333333333481e-01,2.141435222418341944e-01,3.579344631437772484e-01,8.573145716066706612e+00,1.461034208374274668e+00,3.792381578535447550e-01
4.341666666666667007e-01,2.142317933872446289e-01,3.587631026695547454e-01,8.884208592475140165e+00,1.468308106002834013e+00,3.787983751515370257e-01
4.350000000000000533e-01,2.143139233431056445e-01,3.595923729740216346e-01,9.218117040551883079e+00,1.475850741683262024e+00,3.782903906106944714e-01
4.358333333333333504e-01,2.143896765549620775e-01,3.604222496211786364e-01,9.575639015630658335e+00,1.483681473373337667e+00,3.777084040253826380e-01
4.366666666666667029e-01,2.144588010257526545e-01,3.612527041666822036e-01,9.957385037618880830e+00,1.491820233395525275e+00,3.770461997481542316e-01
4.375000000000000555e-01,2.145210279253743635e-01,3.620837034511917851e-01,1.036376671570178232e+01,1.500287379959408973e+00,3.762971465870968424e-01
4.383333333333333526e-01,2.145760713533302610e-01,3.629152088160504386e-01,1.079495014651083373e+01,1.509103511985330437e+00,3.754542058174914487e-01
4.391666666666667052e-01,2.146236282901955450e-01,3.637471752416980286e-01,1.125080454105826178e+01,1.518289243105151121e+00,3.745099493852369621e-01
4.400000000000000022e-01,2.146633787773120638e-01,3.645795504120852848e-01,1.173084677098594319e+01,1.527864931151835748e+00,3.734565906236793076e-01
4.408333333333333548e-01,2.146949863672349135e-01,3.654122737120434339e-01,1.223418292502373284e+01,1.537850360191840071e+00,3.722860300113711718e-01
4.416666666666667074e-01,2.147180988896727760e-01,3.662452751691289698e-01,1.275944842598203444e+01,1.548264373254759407e+00,3.709899186371091173e-01
4.425000000000000044e-01,2.147323495785961045e-01,3.670784743569442399e-01,1.330474876378726812e+01,1.559124455417162824e+00,3.695597420747705475e-01
4.433333333333333570e-01,2.147373586053967776e-01,3.679117792832827250e-01,1.386760342890207731e+01,1.570446268830783865e+00,3.679869272622589560e-01
4.441666666666667096e-01,2.147327350600105877e-01,3.687450852935481582e-01,1.444489615098419932e+01,1.582243143655736706e+00,3.662629746798177210e-01
4.450000000000000067e-01,2.147180794162994732e-01,3.695782740275215250e-01,1.503283501769621999e+01,1.594525531642686289e+00,3.643796175849618457e-01
4.458333333333333592e-01,2.146929865093192558e-01,3.704112124753363711e-01,1.562692641663387150e+01,1.607300432240324151e+00,3.623290092391343586e-01
4.466666666666667118e-01,2.146570490400453723e-01,3.712437521859785483e-01,1.622196695068017647e+01,1.620570804476705318e+00,3.601039379190547618e-01
4.475000000000000089e-01,2.146098616075239607e-01,3.720757286881140047e-01,1.681205746170968496e+01,1.634334981315200386e+00,3.576980680252703770e-01
4.483333333333333615e-01,2.145510252492995873e-01,3.729069611877904311e-01,1.739064299984771012e+01,1.648586106507516247e+00,3.551062037901640545e-01
4.491666666666667140e-01,2.144801524486701638e-01,3.737372526097070824e-01,1.795058194550595587e+01,1.663311616901413936e+00,3.523245699925921515e-01
4.500000000000000111e-01,2.143968725424849342e-01,3.745663900474106023e-01,1.848424649735155612e+01,1.678492795419270545e+00,3.493511017962616649e-01
4.508333333333333637e-01,2.143008374368571001e-01,3.753941456821207612e-01,1.898365537624012234e+01,1.694104421199934318e+00,3.461857334838582267e-01
4.516666666666667163e-01,2.141917275116926311e-01,3.762202782192653472e-01,1.944063789271021392e+01,1.710114543395330644e+00,3.428306736486020356e-01
4.525000000000000133e-01,2.140692575700561540e-01,3.770445348758391102e-01,1.984702655396029414e+01,1.726484403581442617e+00,3.392906525613794688e-01
4.533333333333333659e-01,2.139331826670521630e-01,3.778666539304442185e-01,2.019487325755962104e+01,1.743168528502909709e+00,3.355731262124174163e-01
4.541666666666667185e-01,2.137833036371389328e-01,3.786863678218906348e-01,2.047668198474168477e+01,1.760115009853868928e+00,3.316884211887603517e-01
4.550000000000000155e-01,2.136194721305613164e-01,3.795034067526834587e-01,2.068564894721549408e+01,1.777265981075516921e+00,3.276498053156318702e-01
4.558333333333333681e-01,2.134415949705291415e-01,3.803175027223205662e-01,2.081589955425788219e+01,1.794558292951131229e+00,3.234734710123957635e-01
4.566666666666667207e-01,2.132496376539819438e-01,3.811283938842975894e-01,2.086271054276240022e+01,1.811924380491556796e+00,3.191784216353737436e-01
4.575000000000000178e-01,2.130436268406430411e-01,3.819358290926184174e-01,2.082270531533374225e+01,1.829293303765763046e+00,3.147862556071584494e-01
4.583333333333333703e-01,2.128236517070797862e-01,3.827395724810842559e-01,2.069401107274526552e+01,1.846591935594129597e+00,3.103208486231327501e-01
4.591666666666667229e-01,2.125898640832357689e-01,3.835394079041217208e-01,2.047636774834335327e+01,1.863746260102916885e+00,3.058079402969032801e-01
4.600000000000000200e-01,2.123424773361075601e-01,3.843351430633429877e-01,2.017118101012496467e+01,1.880682738752277983e+00,3.012746377624030414e-01
4.608333333333333726e-01,2.120817640159427531e-01,3.851266131505425294e-01,1.978151455995140040e+01,1.897329695239810210e+00,2.967488544367591907e-01
4.616666666666666696e-01,2.118080523311518526e-01,3.859136838555778937e-01,1.931202041675679126e+01,1.913618668146771284e+00,2.922587068159374080e-01
4.625000000000000222e-01,2.115217215655890992e-01,3.866962536156366426e-01,1.876880954776279253e+01,1.929485680631988220e+00,2.878318953526305402e-01
4.633333333333333748e-01,2.112231965927723332e-01,3.874742550188102208e-01,1.815926880080668937e+01,1.944872379943892726e+00,2.834950968212096578e-01
4.641666666666666718e-01,2.109129416733696583e-01,3.882476553169244560e-01,1.749183328409144167e+01,1.959727005812599732e+00,2.792733949620186951e-01
4.650000000000000244e-01,2.105914537431188838e-01,3.890164560469078214e-01,1.677572586418049738e+01,1.974005155457713379e+00,2.751897736767416336e-01
4.658333333333333770e-01,2.102592554074659004e-01,3.897806918031719858e-01,1.602067710228213926e+01,1.987670323360406499e+00,2.712646928736830998e-01
4.666666666666666741e-01,2.099168878568058727e-01,3.905404282422996198e-01,1.523663960515994376e+01,2.000694205321840169e+00,2.675157616514758363e-01
4.675000000000000266e-01,2.095649039033659344e-01,3.912957594331057387e-01,1.443351041276274671e+01,2.013056767829308313e+00,2.639575173793695662e-01
4.683333333333333792e-01,2.092038613192575003e-01,3.920468046879940216e-01,1.362087376049691834e+01,2.024746094568166566e+00,2.606013129349915580e-01
4.691666666666666763e-01,2.088343166272754736e-01,3.927937050245343120e-01,1.280777450472707635e+01,2.035758031345342722e+00,2.574553084195539965e-01
4.700000000000000289e-01,2.084568194640540884e-01,3.935366194093410375e-01,1.200252991090196275e+01,2.046095658185188348e+00,2.545245585241381336e-01
4.708333333333333814e-01,2.080719076015724034e-01,3.942757209304821320e-01,1.121258463125399452e+01,2.055768622577753391e+00,2.518111826841961109e-01
4.716666666666666785e-01,2.076801026798676675e-01,3.950111930312837361e-01,1.044441080082925666e+01,2.064792370674454425e+00,2.493146024075677258e-01
4.725000000000000311e-01,2.072819066729162663e-01,3.957432259194174073e-01,9.703452487762859846e+00,2.073187313711367885e+00,2.470318287301866977e-01
4.733333333333333837e-01,2.068777990822872337e-01,3.964720132426449162e-01,8.994111429990230278e+00,2.080977965343765224e+00,2.449577825585020907e-01
4.741666666666666807e-01,2.064682348302095405e-01,3.971977490985709180e-01,8.319769199818727756e+00,2.088192082272851913e+00,2.430856315215008945e-01
4.750000000000000333e-01,2.060536428055415037e-01,3.979206254220100103e-01,7.682839720088174396e+00,2.094859835989479890e+00,2.414071286426204832e-01
4.758333333333333859e-01,2.056344250028355747e-01,3.986408297715620663e-01,7.084845411480030997e+00,2.101013038127633514e+00,2.399129403922268811e-01
4.766666666666666829e-01,2.052109561860079590e-01,3.993585435177553489e-01,6.526510130847789526e+00,2.106684436270269689e+00,2.385929542384692958e-01
4.775000000000000355e-01,2.047835840035966415e-01,4.000739404192844573e-01,6.007862380476042929e+00,2.111907091483321341e+00,2.374365584487855840e-01
4.783333333333333881e-01,2.043526294816277733e-01,4.007871855617040624e-01,5.528342922508957535e+00,2.116713843692898500e+00,2.364328894183627128e-01
4.791666666666666852e-01,2.039183878220498236e-01,4.014984346243818392e-01,5.086911809540655582e+00,2.121136866497919105e+00,2.355710440764891833e-01
4.800000000000000377e-01,2.034811294388700065e-01,4.022078334362718666e-01,4.682150835038028980e+00,2.125207309266494260e+00,2.348402568575475025e-01
4.808333333333333903e-01,2.030411011698939061e-01,4.029155177787021591e-01,4.312358423349666126e+00,2.128955021457489050e+00,2.342300422761593448e-01
4.816666666666666874e-01,2.025985276087495512e-01,4.036216133933497319e-01,3.975634945162333178e+00,2.132408352027702403e+00,2.337303053092829874e-01
4.825000000000000400e-01,2.021536125091730474e-01,4.043262361553514039e-01,3.669957308084170311e+00,2.135594015466555362e+00,2.333314225842425538e-01
4.833333333333333370e-01,2.017065402209309299e-01,4.050294923745507147e-01,3.393242401665993668e+00,2.138537015345618020e+00,2.330242978426097789e-01
4.841666666666666896e-01,2.012574771239326876e-01,4.057314791917432939e-01,3.143399557669429356e+00,2.141260616162008024e+00,2.328003953486155742e-01
4.850000000000000422e-01,2.008065730338139121e-01,4.064322850410570509e-01,2.918372620196391765e+00,2.143786354569451991e+00,2.326517548944004865e-01
4.858333333333333393e-01,2.003539625583804773e-01,4.071319901539861008e-01,2.716172517321679081e+00,2.146134081710084462e+00,2.325709918786963981e-01
4.866666666666666918e-01,1.998997663897122135e-01,4.078306670848458881e-01,2.534901403724929114e+00,2.148322029177187176e+00,2.325512856511777471e-01
4.875000000000000444e-01,1.994440925213878946e-01,4.085283812413759152e-01,2.372769523490614763e+00,2.150366892063527047e+00,2.325863589652186758e-01
4.883333333333333415e-01,1.989870373842182460e-01,4.092251914077834618e-01,2.228105945500397311e+00,2.152283923508939711e+00,2.326704510024421579e-01
4.891666666666666941e-01,1.985286868970978225e-01,4.099211502506427407e-01,2.099364271318823416e+00,2.154087036099280983e+00,2.327982860503322593e-01
4.900000000000000466e-01,1.980691174321651538e-01,4.106163048007288596e-01,1.985124325468590856e+00,2.155788906347942291e+00,2.329650395488216397e-01
4.908333333333333437e-01,1.976083966954646776e-01,4.113106969060884577e-01,1.884090725825197099e+00,2.157401079285981460e+00,2.331663028860934128e-01
4.916666666666666963e-01,1.971465845258106864e-01,4.120043636534584941e-01,1.795089109689992135e+00,2.158934070884112710e+00,2.333980480254045919e-01
4.925000000000000488e-01,1.966837336156387894e-01,4.126973377565855139e-01,1.717060668047338590e+00,2.160397466624836671e+00,2.336565927868558545e-01
4.933333333333333459e-01,1.962198901583671329e-01,4.133896479111210387e-01,1.649055522995621192e+00,2.161800015037770972e+00,2.339385673909517571e-01
4.941666666666666985e-01,1.957550944272482274e-01,4.140813191166171081e-01,1.590225375514171979e+00,2.163149715412150176e+00,2.342408826925596599e-01
4.950000000000000511e-01,1.952893812909324289e-01,4.147723729667714410e-01,1.539815754933339553e+00,2.164453899216503441e+00,2.345607003912253963e-01
4.958333333333333481e-01,1.948227806710369214e-01,4.154628279095174959e-01,1.497158118697481166e+00,2.165719304997182793e+00,2.348954053926762819e-01
4.966666666666667007e-01,1.943553179469692804e-01,4.161526994788551925e-01,1.461661981270905741e+00,2.166952146705503068e+00,2.352425804124143593e-01
4.975000000000000533e-01,1.938870143131254664e-01,4.168420005005103457e-01,1.432807193721028050e+00,2.168158175528416276e+00,2.355999828512507499e-01
4.983333333333333504e-01,1.934178870933997985e-01,4.175307412736237733e-01,1.410136449637792833e+00,2.169342735379815590e+00,2.359655239303519170e-01
4.991666666666667029e-01,1.929479500177345708e-01,4.182189297307226106e-01,1.393248057458809530e+00,2.170510812257772315e+00,2.363372500461061732e-01
5.000000000000000000e-01,1.924772134652162903e-01,4.189065715782408494e-01,1.381788992777783776e+00,2.171667077695370818e+00,2.367133262894800250e-01
5.008333333333333526e-01,1.920056846780054949e-01,4.195936704198457434e-01,1.375448225690329540e+00,2.172815926536399100e+00,2.370920220675439838e-01
5.016666666666667052e-01,1.915333679501811381e-01,4.202802278647995715e-01,1.373950306654804221e+00,2.173961509258209635e+00,2.374716987638724186e-01
5.025000000000000577e-01,1.910602647953878463e-01,4.209662436235569460e-01,1.377049188818745939e+00,2.175107759047990363e+00,2.378507993772870921e-01
5.033333333333334103e-01,1.905863740970020759e-01,4.216517155927618776e-01,1.384522264505411160e+00,2.176258413820208570e+00,2.382278400829073994e-01
5.041666666666666519e-01,1.901116922443756574e-01,4.223366399317775577e-01,1.396164597881731417e+00,2.177417033346203290e+00,2.386014036639661495e-01
5.050000000000000044e-01,1.896362132585722726e-01,4.230210111328493450e-01,1.411783344103960669e+00,2.178587011655364059e+00,2.389701347658308439e-01
5.058333333333333570e-01,1.891599289108774895e-01,4.237048220869675252e-01,1.431192356832921453e+00,2.179771584864087952e+00,2.393327369238284485e-01
5.066666666666667096e-01,1.886828288372257301e-01,4.243880641474612747e-01,1.454207000257550009e+00,2.180973834596208860e+00,2.396879713127590961e-01
5.075000000000000622e-01,1.882049006515460754e-01,4.250707271933081288e-01,1.480639197907094529e+00,2.182196687178777683e+00,2.400346571575210919e-01
5.083333333333334147e-01,1.877261300608656092e-01,4.257527996940835835e-01,1.510292767688882209e+00,2.183442908831109364e+00,2.403716737305180429e-01
5.091666666666666563e-01,1.872465009848204021e-01,4.264342687783956865e-01,1.542959109733862189e+00,2.184715097113368643e+00,2.406979638421830603e-01
5.100000000000000089e-01,1.867659956819960332e-01,4.271151203075422287e-01,1.578413329591331182e+00,2.186015668963087411e+00,2.410125387061608504e-01
5.108333333333333615e-01,1.862845948852480393e-01,4.277953389559859265e-01,1.616410892786019238e+00,2.187346845722411448e+00,2.413144840309052741e-01
5.116666666666667140e-01,1.858022779478224751e-01,4.284749083000661818e-01,1.656684916359111748e+00,2.188710635642888480e+00,2.416029671556400027e-01
5.125000000000000666e-01,1.853190230017138507e-01,4.291538109161408543e-01,1.698944207386240635e+00,2.190108814444449159e+00,2.418772450121768891e-01
5.133333333333334192e-01,1.848348071292505168e-01,4.298320284890833065e-01,1.742872156338201695e+00,2.191542904596000874e+00,2.421366726568338623e-01
5.141666666666666607e-01,1.843496065483946345e-01,4.305095419317448990e-01,1.788126583498135025e+00,2.193014154070932697e+00,2.423807120808812443e-01
5.150000000000000133e-01,1.838633968116887285e-01,4.311863315156341803e-01,1.834340618818555591e+00,2.194523515405231162e+00,2.426089409761112980e-01
5.158333333333333659e-01,1.833761530181880206e-01,4.318623770126646666e-01,1.881124669442496788e+00,2.196071625942006555e+00,2.428210611069826219e-01
5.166666666666667185e-01,1.828878500370968441e-01,4.325376578473993372e-01,1.928069495087656016e+00,2.197658790177227317e+00,2.430169059250587016e-01
5.175000000000000711e-01,1.823984627412085779e-01,4.332121532587719370e-01,1.974750370740688599e+00,2.199284965121322433e+00,2.431964470576212234e-01
5.183333333333333126e-01,1.819079662476451587e-01,4.338858424698195382e-01,2.020732270464738800e+00,2.200949749555157986e+00,2.433597993124802517e-01
5.191666666666666652e-01,1.814163361628378657e-01,4.345587048635288219e-01,2.065575958052296102e+00,2.202652377983706611e+00,2.435072238665294542e-01
5.200000000000000178e-01,1.809235488282104620e-01,4.352307201624974198e-01,2.108844822723567436e+00,2.204391719975696606e+00,2.436391293470636932e-01
5.208333333333333703e-01,1.804295815626422994e-01,4.359018686097697048e-01,2.150112254344464180e+00,2.206166285424474793e+00,2.437560705718808673e-01
5.216666666666667229e-01,1.799344128975328416e-01,4.365721311479278666e-01,2.188969316020680456e+00,2.207974236078793506e+00,2.438587447851837953e-01
5.225000000000000755e-01,1.794380228001715427e-01,4.372414895933368628e-01,2.225032445466219144e+00,2.209813403479413019e+00,2.439479853087521688e-01
5.233333333333333171e-01,1.789403928811564570e-01,4.379099268023559643e-01,2.257950902747402289e+00,2.211681313207835231e+00,2.440247526181984483e-01
5.241666666666666696e-01,1.784415065818026891e-01,4.385774268263576414e-01,2.287413682553680161e+00,2.213575215118377404e+00,2.440901229480833545e-01
5.250000000000000222e-01,1.779413493378391720e-01,4.392439750525333197e-01,2.313155624718199910e+00,2.215492118996407189e+00,2.441452746224436199e-01
5.258333333333333748e-01,1.774399087161895316e-01,4.399095583277227717e-01,2.334962486854889718e+00,2.217428834876229438e+00,2.441914723939624110e-01
5.266666666666667274e-01,1.769371745222613479e-01,4.405741650628582362e-01,2.352674786123448936e+00,2.219382017073303626e+00,2.442300501508698485e-01
5.275000000000000799e-01,1.764331388758900998e-01,4.412377853160644459e-01,2.366190270697821063e+00,2.221348210846979310e+00,2.442623924115589762e-01
5.283333333333333215e-01,1.759277962548760066e-01,4.419004108529752117e-01,2.375464942121034539e+00,2.223323900518987095e+00,2.442899150696295762e-01
5.291666666666666741e-01,1.754211435058725399e-01,4.425620351833977062e-01,2.380512613502880903e+00,2.225305557833830328e+00,2.443140458744915700e-01
5.300000000000000266e-01,1.749131798232043955e-01,4.432226535740488860e-01,2.381403051417413153e+00,2.227289689360880676e+00,2.443362051339995344e-01
5.308333333333333792e-01,1.744039066969675367e-01,4.438822630376833001e-01,2.378258807531579144e+00,2.229272881802109474e+00,2.443577871063240536e-01
5.316666666666667318e-01,1.738933278324722165e-01,4.445408622994985182e-01,2.371250896092575555e+00,2.231251844178619770e+00,2.443801425101571057e-01
5.325000000000000844e-01,1.733814490436974276e-01,4.451984517422237220e-01,2.360593512822862561e+00,2.233223446015668134e+00,2.444045625282138812e-01
5.333333333333333259e-01,1.728682781239166411e-01,4.458550333317486958e-01,2.346538017841920620e+00,2.235184750820111699e+00,2.444322646124344744e-01
5.341666666666666785e-01,1.723538246970165999e-01,4.465106105255208235e-01,2.329366419264756960e+00,2.237133044335573029e+00,2.444643803244517521e-01
5.350000000000000311e-01,1.718381000532583913e-01,4.471651881662134231e-01,2.309384595391712036e+00,2.239065857258346615e+00,2.445019453660654540e-01
5.358333333333333837e-01,1.713211169733220851e-01,4.478187723633526018e-01,2.286915483020442341e+00,2.240980982291018275e+00,2.445458918758147415e-01
5.366666666666667362e-01,1.708028895444470840e-01,4.484713703656734718e-01,2.262292439167108427e+00,2.242876485591929647e+00,2.445970429930601209e-01
5.375000000000000888e-01,1.702834329723372786e-01,4.491229904269730122e-01,2.235852955619739735e+00,2.244750712839757689e+00,2.446561096233997867e-01
5.383333333333333304e-01,1.697627633922636770e-01,4.497736416681404337e-01,2.207932872729497564e+00,2.246602290268236324e+00,2.447236892811842091e-01
5.391666666666666829e-01,1.692408976824849309e-01,4.504233339378905243e-01,2.178861203149344838e+00,2.248430121133186077e+00,2.448002668379239966e-01
5.400000000000000355e-01,1.687178532827426913e-01,4.510720776745119065e-01,2.148955640155425950e+00,2.250233378151229591e+00,2.448862169703003855e-01
5.408333333333333881e-01,1.681936480201856321e-01,4.517198837706915548e-01,2.118518790717197842e+00,2.252011492497426381e+00,2.449818080783003893e-01
5.416666666666667407e-01,1.676682999446637845e-01,4.523667634431934315e-01,2.087835142194907956e+00,2.253764139969473224e+00,2.450872074321162608e-01
5.424999999999999822e-01,1.671418271749197937e-01,4.530127281088767721e-01,2.057168744561943985e+00,2.255491224922288485e+00,2.452024873047430331e-01
5.433333333333333348e-01,1.666142477568062774e-01,4.536577892682441271e-01,2.026761568053047746e+00,2.257192862552544810e+00,2.453276318542328138e-01
5.441666666666666874e-01,1.660855795342888741e-01,4.543019583974220454e-01,1.996832479390543869e+00,2.258869360072313093e+00,2.454625445336417744e-01
5.450000000000000400e-01,1.655558400336573366e-01,4.549452468492116153e-01,1.967576768154543965e+00,2.260521197258790416e+00,2.456070558261017611e-01
5.458333333333333925e-01,1.650250463610749285e-01,4.555876657635989369e-01,1.939166148075422536e+00,2.262149006807219642e+00,2.457609311254617679e-01
5.466666666666667451e-01,1.644932151133439435e-01,4.562292259879011658e-01,1.911749155480402695e+00,2.263753554850367777e+00,2.459238786080151784e-01
5.474999999999999867e-01,1.639603623015595812e-01,4.568699380065377458e-01,1.885451868141995391e+00,2.265335721943543490e+00,2.460955569665706499e-01
5.483333333333333393e-01,1.634265032871599632e-01,4.575098118802625180e-01,1.860378871625839592e+00,2.266896484751780072e+00,2.462755829033966837e-01
5.491666666666666918e-01,1.628916527297581129e-01,4.581488571945666610e-01,1.836614406194311488e+00,2.268436898617538500e+00,2.464635383024612048e-01
5.500000000000000444e-01,1.623558245460524352e-01,4.587870830168707670e-01,1.814223634711497501e+00,2.269958081134582528e+00,2.466589770232274770e-01
5.508333333333333970e-01,1.618190318790595772e-01,4.594244978620523057e-01,1.793253980213099119e+00,2.271461196807467608e+00,2.468614312776141462e-01
5.516666666666667496e-01,1.612812870768846885e-01,4.600611096658103749e-01,1.773736490339056449e+00,2.272947442836864340e+00,2.470704175683219872e-01
5.524999999999999911e-01,1.607426016802389057e-01,4.606969257653437677e-01,1.755687194263809037e+00,2.274418036038782009e+00,2.472854421804910330e-01
5.533333333333333437e-01,1.602029864179263796e-01,4.613319528868087827e-01,1.739108425780899081e+00,2.275874200880467324e+00,2.475060062296259022e-01
5.541666666666666963e-01,1.596624512095499437e-01,4.619661971390252586e-01,1.723990093574826243e+00,2.277317158596865454e+00,2.477316102770585060e-01
5.550000000000000488e-01,1.591210051747175003e-01,4.625996640129146353e-01,1.710310886289934329e+00,2.278748117338475598e+00,2.479617585301359672e-01
5.558333333333334014e-01,1.585786566480744120e-01,4.632323583861717164e-01,1.698039405695287662e+00,2.280168263293469444e+00,2.481959626480892966e-01
5.566666666666667540e-01,1.580354131995293787e-01,4.638642845326964026e-01,1.687135226007462130e+00,2.281578752723345538e+00,2.484337451764610516e-01
5.574999999999999956e-01,1.574912816590863240e-01,4.644954461363384746e-01,1.677549881272446086e+00,2.282980704851378828e+00,2.486746426333507065e-01
5.583333333333333481e-01,1.569462681457358399e-01,4.651258463085346517e-01,1.669227785653119911e+00,2.284375195545931270e+00,2.489182082698927490e-01
5.591666666666667007e-01,1.564003780999013438e-01,4.657554876094407992e-01,1.662107093571108640e+00,2.285763251745608127e+00,2.491640145256012184e-01
5.600000000000000533e-01,1.558536163189671031e-01,4.663843720721878028e-01,1.656120507975279210e+00,2.287145846579585751e+00,2.494116551967894835e-01
5.608333333333334059e-01,1.553059869954485361e-01,4.670125012299066181e-01,1.651196045626469600e+00,2.288523895143586451e+00,2.496607473334536420e-01
5.616666666666666474e-01,1.547574937573888421e-01,4.676398761451854846e-01,1.647257768277529788e+00,2.289898250899379484e+00,2.499109328770380833e-01
5.625000000000000000e-01,1.542081397105867779e-01,4.682664974416357873e-01,1.644226488071966585e+00,2.291269702672858344e+00,2.501618800485863603e-01
5.633333333333333526e-01,1.536579274822774399e-01,4.688923653372495948e-01,1.642020454467169710e+00,2.292638972232249550e+00,2.504132844940991087e-01
5.641666666666667052e-01,1.531068592658977046e-01,4.695174796792415117e-01,1.640556028597758509e+00,2.294006712433526829e+00,2.506648701916365241e-01
5.650000000000000577e-01,1.525549368665793937e-01,4.701418399800679770e-01,1.639748349319376297e+00,2.295373505924325652e+00,2.509163901229212179e-01
5.658333333333334103e-01,1.520021617470180830e-01,4.707654454543205302e-01,1.639511993304842097e+00,2.296739864400419329e+00,2.511676267110292682e-01
5.666666666666666519e-01,1.514485350733719426e-01,4.713882950561896212e-01,1.639761629595254178e+00,2.298106228409960927e+00,2.514183920252441862e-01
5.675000000000000044e-01,1.508940577608493816e-01,4.720103875171958729e-01,1.640412667030519023e+00,2.299472967700221915e+00,2.516685277543307397e-01
5.683333333333333570e-01,1.503387305186520972e-01,4.726317213838860942e-01,1.641381891087686729e+00,2.300840382099437864e+00,2.519179049503519341e-01
5.691666666666667096e-01,1.497825538939459300e-01,4.732522950551956153e-01,1.642588084926764891e+00,2.302208702922777128e+00,2.521664235466610782e-01
5.700000000000000622e-01,1.492255283145444700e-01,4.738721068191816266e-01,1.643952627962834256e+00,2.303578094886481242e+00,2.524140116558037383e-01
5.708333333333334147e-01,1.486676541300037957e-01,4.744911548888408048e-01,1.645400064117930272e+00,2.304948658508181758e+00,2.526606246556399871e-01
5.716666666666666563e-01,1.481089316508450993e-01,4.751094374367360040e-01,1.646858631113378824e+00,2.306320432964528155e+00,2.529062440749514362e-01
5.725000000000000089e-01,1.475493611856439069e-01,4.757269526281732164e-01,1.648260741782141103e+00,2.307693399369901144e+00,2.531508762929902678e-01
5.733333333333333615e-01,1.469889430757532756e-01,4.763436986526876082e-01,1.649543408433257419e+00,2.309067484432490769e+00,2.533945510706948068e-01
5.741666666666667140e-01,1.464276777274571839e-01,4.769596737536250797e-01,1.650648601788660352e+00,2.310442564436749890e+00,2.536373199345122731e-01
5.750000000000000666e-01,1.458655656413883617e-01,4.775748762556308313e-01,1.651523536918334312e+00,2.311818469494544726e+00,2.538792544367524107e-01
5.758333333333334192e-01,1.453026074390822708e-01,4.781893045898911732e-01,1.652120879885093929e+00,2.313194988001546104e+00,2.541204443190251405e-01
5.766666666666666607e-01,1.447388038865817794e-01,4.788029573170088371e-01,1.652398870421289079e+00,2.314571871230840294e+00,2.543609956074427414e-01
5.775000000000000133e-01,1.441741559150497287e-01,4.794158331474313584e-01,1.652321357825665471e+00,2.315948837992610088e+00,2.546010286698048852e-01
5.783333333333333659e-01,1.436086646383936127e-01,4.800279309593903365e-01,1.651857749310382095e+00,2.317325579287250026e+00,2.548406762658203539e-01
5.791666666666667185e-01,1.430423313679486108e-01,4.806392498143529091e-01,1.650982872158443637e+00,2.318701762879528783e+00,2.550800816215308409e-01
5.800000000000000711e-01,1.424751576243111217e-01,4.812497889700243503e-01,1.649676753183392464e+00,2.320077037723421221e+00,2.553193965584443781e-01
5.808333333333334236e-01,1.419071451464553879e-01,4.818595478909826757e-01,1.647924321030452166e+00,2.321451038171010506e+00,2.555587797064687305e-01
5.816666666666666652e-01,1.413382958983039617e-01,4.824685262570618804e-01,1.645715038745014125e+00,2.322823387904250136e+00,2.557983948276067454e-01
5.825000000000000178e-01,1.407686120729564061e-01,4.830767239696365234e-01,1.643042475694025173e+00,2.324193703535266220e+00,2.560384092745849327e-01
5.833333333333333703e-01,1.401980960948111532e-01,4.836841411559884563e-01,1.639903829306382343e+00,2.325561597829016502e+00,2.562789926052250200e-01
5.841666666666667229e-01,1.396267506198361485e-01,4.842907781719654192e-01,1.636299408164092029e+00,2.326926682511295752e+00,2.565203153695406191e-01
5.850000000000000755e-01,1.390545785342638674e-01,4.848966356031594871e-01,1.632232088705982465e+00,2.328288570634991839e+00,2.567625480823506612e-01
5.858333333333333171e-01,1.384815829519957242e-01,4.855017142648498374e-01,1.627706758195785586e+00,2.329646878487867223e+00,2.570058603897796279e-01
5.866666666666666696e-01,1.379077672110052555e-01,4.861060152009637481e-01,1.622729756666414724e+00,2.331001227035726320e+00,2.572504204334675748e-01
5.875000000000000222e-01,1.373331348690289555e-01,4.867095396823111764e-01,1.617308330303413699e+00,2.332351242905297273e+00,2.574963944117727443e-01
5.883333333333333748e-01,1.367576896988230706e-01,4.873122892043489918e-01,1.611450108203681175e+00,2.333696558921341868e+00,2.577439463328005664e-01
5.891666666666667274e-01,1.361814356832524442e-01,4.879142654847192229e-01,1.605162613677019845e+00,2.335036814222125390e+00,2.579932379498554584e-01
5.900000000000000799e-01,1.356043770104572721e-01,4.885154704607936327e-01,1.598452820288147391e+00,2.336371653986277774e+00,2.582444288659505593e-01
5.908333333333333215e-01,1.350265180693187572e-01,4.891159062874371188e-01,1.591326761703985015e+00,2.337700728812107887e+00,2.584976767904045847e-01
5.916666666666666741e-01,1.344478634454162325e-01,4.897155753351795093e-01,1.583789203153707748e+00,2.339023693797465331e+00,2.587531379273543819e-01
5.925000000000000266e-01,1.338684179176368449e-01,4.903144801889558480e-01,1.575843380959485618e+00,2.340340207374179027e+00,2.590109674732702372e-01
5.933333333333333792e-01,1.332881864555615359e-01,4.909126236475463423e-01,1.567490815182197128e+00,2.341649929955904597e+00,2.592713201982979054e-01
5.941666666666667318e-01,1.327071742177160785e-01,4.915100087238113424e-01,1.558731198969826259e+00,2.342952522461801301e+00,2.595343510845040669e-01
5.950000000000000844e-01,1.321253865507357739e-01,4.921066386457805253e-01,1.549562366713925332e+00,2.344247644780836026e+00,2.598002159928781696e-01
5.958333333333333259e-01,1.315428289894537695e-01,4.927025168586186554e-01,1.539980341621783655e+00,2.345534954242642467e+00,2.600690723302613860e-01
5.966666666666666785e-01,1.309595072578827457e-01,4.932976470274512693e-01,1.529979461807436270e+00,2.346814104160737990e+00,2.603410796872437372e-01
5.975000000000000311e-01,1.303754272710233586e-01,4.938920330409946047e-01,1.519552582499914095e+00,2.348084742512532852e+00,2.606164004184887140e-01
5.983333333333333837e-01,1.297905951373932998e-01,4.944856790158980719e-01,1.508691350468543302e+00,2.349346510817936551e+00,2.608952001379267749e-01
5.991666666666667362e-01,1.292050171621387522e-01,4.950785893016695915e-01,1.497386545282217485e+00,2.350599043274499422e+00,2.611776481028020847e-01
6.000000000000000888e-01,1.286186998505572110e-01,4.956707684860216512e-01,1.485628480565858167e+00,2.351841966201936085e+00,2.614639174626501861e-01
6.008333333333333304e-01,1.280316499118334117e-01,4.962622214004441812e-01,1.473407457011858490e+00,2.353074897842593494e+00,2.617541853519252393e-01
6.016666666666666829e-01,1.274438742627658772e-01,4.968529531257843135e-01,1.460714257573026087e+00,2.354297448557003847e+00,2.620486328081715888e-01
6.025000000000000355e-01,1.268553800312446911e-01,4.974429689975889413e-01,1.447540674039808239e+00,2.355509221445176049e+00,2.623474445012898837e-01
6.033333333333333881e-01,1.262661745592252027e-01,4.980322746109510645e-01,1.433880053127599918e+00,2.356709813414829213e+00,2.626508082635814478e-01
6.041666666666667407e-01,1.256762654049379258e-01,4.986208758245868622e-01,1.419727849315061130e+00,2.357898816707513667e+00,2.629589144147590485e-01
6.050000000000000933e-01,1.250856603440718695e-01,4.992087787638665453e-01,1.405082171029672367e+00,2.359075820882657215e+00,2.632719548809520083e-01
6.058333333333333348e-01,1.244943673696750769e-01,4.997959898225226572e-01,1.389944306420975551e+00,2.360240415248261669e+00,2.635901221117791238e-01
6.066666666666666874e-01,1.239023946905269541e-01,5.003825156627684789e-01,1.374319214940675327e+00,2.361392191715495859e+00,2.639136078047245038e-01
6.075000000000000400e-01,1.233097507277573640e-01,5.009683632135727427e-01,1.358215971300925862e+00,2.362530748043096374e+00,2.642426014511766730e-01
6.083333333333333925e-01,1.227164441095093816e-01,5.015535396668611146e-01,1.341648149135056478e+00,2.363655691426611583e+00,2.645772887234504323e-01
6.091666666666667451e-01,1.221224836634756256e-01,5.021380524714419424e-01,1.324634132852459567e+00,2.364766642377439609e+00,2.649178497267435928e-01
6.099999999999999867e-01,1.215278784071722185e-01,5.027219093244882364e-01,1.307197347756419603e+00,2.365863238827693227e+00,2.652644571441192256e-01
6.108333333333333393e-01,1.209326375358543981e-01,5.033051181604497604e-01,1.289366400455272288e+00,2.366945140389447921e+00,2.656172743061229746e-01
6.116666666666666918e-01,1.203367704080227502e-01,5.038876871373098032e-01,1.271175123897976933e+00,2.368012032691261926e+00,2.659764532193640840e-01
6.125000000000000444e-01,1.197402865285117773e-01,5.044696246201534340e-01,1.252662523937355221e+00,2.369063631711193274e+00,2.663421325902310954e-01
6.133333333333333970e-01,1.191431955292018841e-01,5.050509391620593425e-01,1.233872627082445383e+00,2.370099688024118301e+00,2.667144358807412852e-01
6.141666666666667496e-01,1.185455071474406791e-01,5.056316394823794358e-01,1.214854231943845120e+00,2.371119990882045947e+00,2.670934694333208514e-01
6.149999999999999911e-01,1.179472312023045338e-01,5.062117344425196563e-01,1.195660569690525143e+00,2.372124372049393415e+00,2.674793207000255579e-01
6.158333333333333437e-01,1.173483775688727859e-01,5.067912330193815595e-01,1.176348881506527499e+00,2.373112709320725600e+00,2.678720566093934496e-01
6.166666666666666963e-01,1.167489561507260992e-01,5.073701442766672676e-01,1.156979923446143310e+00,2.374084929656122611e+00,2.682717221008176778e-01
6.175000000000000488e-01,1.161489768509102183e-01,5.079484773342908266e-01,1.137617411130505740e+00,2.375041011878863184e+00,2.686783388521719607e-01
6.183333333333334014e-01,1.155484495416355395e-01,5.085262413361675282e-01,1.118327418316317656e+00,2.375980988891132739e+00,2.690919042215426660e-01
6.191666666666667540e-01,1.149473840330008240e-01,5.091034454166813994e-01,1.099177744428372794e+00,2.376904949375609810e+00,2.695123904185177111e-01
6.199999999999999956e-01,1.143457900410424360e-01,5.096800986661472743e-01,1.080237266637438465e+00,2.377813038963553893e+00,2.699397439147538380e-01
6.208333333333333481e-01,1.137436771554150017e-01,5.102562100955939650e-01,1.061575291966187384e+00,2.378705460862972298e+00,2.703738850976990515e-01
6.216666666666667007e-01,1.131410548070087840e-01,5.108317886011967124e-01,1.043260924230439146e+00,2.379582475953054388e+00,2.708147081656234190e-01
6.225000000000000533e-01,1.125379322357975970e-01,5.114068429286836581e-01,1.025362459408613480e+00,2.380444402362904111e+00,2.712620812567093642e-01
6.233333333333334059e-01,1.119343184591984758e-01,5.119813816380249794e-01,1.007946821341934029e+00,2.381291614563216807e+00,2.717158468000682170e-01
6.241666666666667584e-01,1.113302222412023562e-01,5.125554130686987842e-01,9.910790475830141277e-01,2.382124542008602130e+00,2.721758220723624055e-01
6.250000000000000000e-01,1.107256520625107543e-01,5.131289453057996663e-01,9.748218328262107102e-01,2.382943667375439389e+00,2.726417999403410453e-01
6.258333333333333526e-01,1.101206160918846988e-01,5.137019861472316151e-01,9.592351347723260258e-01,2.383749524445271994e+00,2.731135497671599577e-01
6.266666666666667052e-01,1.095151221588840790e-01,5.142745430721933353e-01,9.443758446063544865e-01,2.384542695686679981e+00,2.735908184588958791e-01
6.275000000000000577e-01,1.089091777281417650e-01,5.148466232111336138e-01,9.302975215986114543e-01,2.385323809589265487e+00,2.740733316272197517e-01
6.283333333333334103e-01,1.083027898752895873e-01,5.154182333173217279e-01,9.170501887658171203e-01,2.386093537801917464e+00,2.745607948447356672e-01
6.291666666666666519e-01,1.076959652646231475e-01,5.159893797401464699e-01,9.046801841244389575e-01,2.386852592123954953e+00,2.750528949709870052e-01
6.300000000000000044e-01,1.070887101285666609e-01,5.165600684002299436e-01,8.932300598935869473e-01,2.387601721392295762e+00,2.755493015294994130e-01
6.308333333333333570e-01,1.064810302489785365e-01,5.171303047664169705e-01,8.827385201013497884e-01,2.388341708300627086e+00,2.760496681193892465e-01
6.316666666666667096e-01,1.058729309403185770e-01,5.177000938346814074e-01,8.732403854436217028e-01,2.389073366177937530e+00,2.765536338488989720e-01
6.325000000000000622e-01,1.052644170346880292e-01,5.182694401089761316e-01,8.647665729512544752e-01,2.389797535743935608e+00,2.770608247826286119e-01
6.333333333333334147e-01,1.046554928687463415e-01,5.188383475840449011e-01,8.573440770417548595e-01,2.390515081848099577e+00,2.775708553990854921e-01
6.341666666666666563e-01,1.040461622725090407e-01,5.194068197302136314e-01,8.509959378615010728e-01,2.391226890187642340e+00,2.780833300603632874e-01
6.350000000000000089e-01,1.034364285600371941e-01,5.199748594801844037e-01,8.457411824571720027e-01,2.391933863987774966e+00,2.785978445011706994e-01
6.358333333333333615e-01,1.028262945220443925e-01,5.205424692178678425e-01,8.415947242466079725e-01,2.392636920615568208e+00,2.791139873499437485e-01
6.366666666666667140e-01,1.022157624204640264e-01,5.211096507693119273e-01,8.385672064935608683e-01,2.393336988086709916e+00,2.796313417002824764e-01
6.375000000000000666e-01,1.016048339850493809e-01,5.216764053958118375e-01,8.366647760428490566e-01,2.394035001412766928e+00,2.801494867563352198e-01
6.383333333333334192e-01,1.009935104121099936e-01,5.222427337893222887e-01,8.358887744730264524e-01,2.394731898725481756e+00,2.806679995808886163e-01
6.391666666666666607e-01,1.003817923655269950e-01,5.228086360703348978e-01,8.362353351213990260e-01,2.395428617104479407e+00,2.811864569796618252e-01
6.400000000000000133e-01,9.976967998023293649e-02,5.233741117884327387e-01,8.376948761997017323e-01,2.396126088025863243e+00,2.817044375594988659e-01
6.408333333333333659e-01,9.915717286839098588e-02,5.239391599257855470e-01,8.402514825347157101e-01,2.396825232342002732e+00,2.822215240015906179e-01
6.416666666666667185e-01,9.854427012855633550e-02,5.245037789039106446e-01,8.438821714413519137e-01,2.397526954697826174e+00,2.827373055933356527e-01
6.425000000000000711e-01,9.793097035815757911e-02,5.250679665940808372e-01,8.485560419820478151e-01,2.398232137286752774e+00,2.832513810636663187e-01
6.433333333333334236e-01,9.731727166968615061e-02,5.256317203318244813e-01,8.542333115057263448e-01,2.398941632850705830e+00,2.837633617663267160e-01
6.441666666666666652e-01,9.670317171103195997e-02,5.261950369360216540e-01,8.608642490047646589e-01,2.399656256834251877e+00,2.842728752533162373e-01
6.450000000000000178e-01,9.608866769044703549e-02,5.267579127331554201e-01,8.683880215687743709e-01,2.400376778613657613e+00,2.847795692761068143e-01
6.458333333333333703e-01,9.547375640665660412e-02,5.273203435873229372e-01,8.767314780966710686e-01,2.401103911738518448e+00,2.852831162448588587e-01
6.466666666666667229e-01,9.485843428465816352e-02,5.278823249366486614e-01,8.858079034346058034e-01,2.401838303147489917e+00,2.857832181652775194e-01
6.475000000000000755e-01,9.424269741775977149e-02,5.284438518367580162e-01,8.955157861250618856e-01,2.402580521351473042e+00,2.862796120585108239e-01
6.483333333333334281e-01,9.362654161639424877e-02,5.290049190119658906e-01,9.057376537482848544e-01,2.403331043618087026e+00,2.867720758512612989e-01
6.491666666666666696e-01,9.300996246420838165e-02,5.295655209148056874e-01,9.163390410274787623e-01,2.404090242240910058e+00,2.872604347007912673e-01
6.500000000000000222e-01,9.239295538185660073e-02,5.301256517944562541e-01,9.271676668946772226e-01,2.404858370035877435e+00,2.877445676926673190e-01
6.508333333333333748e-01,9.177551569882667903e-02,5.306853057745216651e-01,9.380529068232309475e-01,2.405635545274926734e+00,2.882244148180949095e-01
6.516666666666667274e-01,9.115763873347870749e-02,5.312444769404703893e-01,9.488056549775821802e-01,2.406421736342343909e+00,2.886999841030055691e-01
6.525000000000000799e-01,9.053931988129557129e-02,5.318031594368402004e-01,9.592186759826231146e-01,2.407216746480243863e+00,2.891713587235634764e-01
6.533333333333333215e-01,8.992055471111140563e-02,5.323613475740655021e-01,9.690675471057604851e-01,2.408020199073197087e+00,2.896387039038075262e-01
6.541666666666666741e-01,8.930133906881028427e-02,5.329190359444794245e-01,9.781122870385556833e-01,2.408831524004090507e+00,2.901022733525665531e-01
6.550000000000000266e-01,8.868166918767356188e-02,5.334762195466873358e-01,9.860997559661250911e-01,2.409649945688675743e+00,2.905624149609659090e-01
6.558333333333333792e-01,8.806154180420130984e-02,5.340328939171082867e-01,9.927668921035230909e-01,2.410474473458704914e+00,2.910195754516123889e-01
6.566666666666667318e-01,8.744095427786047203e-02,5.345890552670424789e-01,9.978448215931091658e-01,2.411303895006078335e+00,2.914743036491618811e-01
6.575000000000000844e-01,8.681990471282349797e-02,5.351447006231646597e-01,1.001063841365309015e+00,2.412136773615644270e+00,2.919272520328866083e-01
6.583333333333333259e-01,8.619839207938026493e-02,5.356998279688814923e-01,1.002159228764210042e+00,2.412971449894864673e+00,2.923791762385467008e-01
6.591666666666666785e-01,8.557641633235066325e-02,5.362544363835505257e-01,1.000877778813228813e+00,2.413806048648022173e+00,2.928309322024524319e-01
6.600000000000000311e-01,8.495397852352275236e-02,5.368085261761655902e-01,9.969849123275901226e-01,2.414638491435997736e+00,2.932834706875587227e-01
6.608333333333333837e-01,8.433108090490981645e-02,5.373620990098008088e-01,9.902721390691272552e-01,2.415466515207413067e+00,2.937378290011221083e-01
6.616666666666667362e-01,8.370772701949570627e-02,5.379151580129014620e-01,9.805646041097334509e-01,2.416287697183737482e+00,2.941951198057959349e-01
6.625000000000000888e-01,8.308392177613342644e-02,5.384677078734464439e-01,9.677283975393234927e-01,2.417099485934424585e+00,2.946565170391421407e-01
6.633333333333333304e-01,8.245967150540491064e-02,5.390197549121100717e-01,9.516772729554919819e-01,2.417899238297130715e+00,2.951232390864795829e-01
6.641666666666666829e-01,8.183498399354817432e-02,5.395713071308391173e-01,9.323784039527557299e-01,2.418684261495842591e+00,2.955965294927835330e-01
6.650000000000000355e-01,8.120986849202128932e-02,5.401223742337426525e-01,9.098568144537112490e-01,2.419451859503511937e+00,2.960776356430724343e-01
6.658333333333333881e-01,8.058433570088704978e-02,5.406729676178729793e-01,8.841981511515154546e-01,2.420199382405847643e+00,2.965677859779525249e-01
6.666666666666667407e-01,7.995839772496227127e-02,5.412231003323263456e-01,8.555495255417487899e-01,2.420924277271136571e+00,2.970681664314179238e-01
6.675000000000000933e-01,7.933206800254258284e-02,5.417727870050976779e-01,8.241182375819516848e-01,2.421624138839104656e+00,2.975798968713064263e-01
6.683333333333333348e-01,7.870536120745537378e-02,5.423220437382300085e-01,7.901682988868576896e-01,2.422296758229300018e+00,2.981040083796291373e-01
6.691666666666666874e-01,7.807829312615975625e-02,5.428708879729577941e-01,7.540147939901968854e-01,2.422940167851332038e+00,2.986414222229598625e-01
6.700000000000000400e-01,7.745088051255433204e-02,5.434193383276839651e-01,7.160162449290037312e-01,2.423552680784215152e+00,2.991929313277326696e-01
6.708333333333333925e-01,7.682314092400836791e-02,5.439674144126986910e-01,6.765652672278111845e-01,2.424132923080946966e+00,2.997591849908976536e-01
6.716666666666667451e-01,7.619509254285997124e-02,5.445151366264601167e-01,6.360779138986195624e-01,2.424679857739749700e+00,3.003406774261070389e-01
6.725000000000000977e-01,7.556675398816888045e-02,5.450625259389740851e-01,5.949821886919359759e-01,2.425192799449162440e+00,3.009377405767256208e-01
6.733333333333333393e-01,7.493814412284460769e-02,5.456096036682693828e-01,5.537062627500526357e-01,2.425671419637263071e+00,3.015505414301659637e-01
6.741666666666666918e-01,7.430928186136913360e-02,5.461563912561513412e-01,5.126669450268211969e-01,2.426115741807170156e+00,3.021790838567323667e-01
6.750000000000000444e-01,7.368018598319484025e-02,5.467029100493044913e-01,4.722589347700207330e-01,2.426526127590418636e+00,3.028232147850138944e-01
6.758333333333333970e-01,7.305087495652795582e-02,5.472491810914330568e-01,4.328453260714116291e-01,2.426903254365769147e+00,3.034826343296510021e-01
6.766666666666667496e-01,7.242136677664252897e-02,5.477952249314843591e-01,3.947497454537847172e-01,2.427248085645571152e+00,3.041569093193071116e-01
6.774999999999999911e-01,7.179167882213766116e-02,5.483410614521621040e-01,3.582503919287364225e-01,2.427561835702813919e+00,3.048454895435355749e-01
6.783333333333333437e-01,7.116182773170766362e-02,5.488867097219445323e-01,3.235761249742560852e-01,2.427845930084856718e+00,3.055477259540088086e-01
6.791666666666666963e-01,7.053182930309348508e-02,5.494321878727511654e-01,2.909046201408809207e-01,2.428101963728654500e+00,3.062628900212007177e-01
6.800000000000000488e-01,6.990169841497187453e-02,5.499775130043194071e-01,2.603624946644319538e-01,2.428331658359823564e+00,3.069901934609429173e-01
6.808333333333334014e-01,6.927144897167850091e-02,5.505227011153098760e-01,2.320272051392123225e-01,2.428536820734741752e+00,3.077288076013743878e-01
6.816666666666667540e-01,6.864109386988287431e-02,5.510677670602225353e-01,2.059304422482799435e-01,2.428719303087819803e+00,3.084778817518653571e-01
6.824999999999999956e-01,6.801064498567904737e-02,5.516127245304099924e-01,1.820626972589619030e-01,2.428880966895947680e+00,3.092365600517094637e-01
6.833333333333333481e-01,6.738011318004244465e-02,5.521575860568463945e-01,1.603786521601288928e-01,2.429023650791538813e+00,3.100039964071220622e-01
6.841666666666667007e-01,6.674950832024491298e-02,5.527023630318647074e-01,1.408030480965672959e-01,2.429149143166645874e+00,3.107793672599463153e-01
6.850000000000000533e-01,6.611883931460785235e-02,5.532470657468129271e-01,1.232367112958005773e-01,2.429259159733059281e+00,3.115618820611673057e-01
6.858333333333334059e-01,6.548811415790804780e-02,5.537917034424830742e-01,1.075624568166456962e-01,2.429355326053106001e+00,3.123507914393287566e-01
6.866666666666667584e-01,6.485733998480339157e-02,5.543362843692224429e-01,9.365064241247701704e-02,2.429439164844451327e+00,3.131453931528773715e-01
6.875000000000000000e-01,6.422652312880108849e-02,5.548808158538075519e-01,8.136420190435286748e-02,2.429512087696250155e+00,3.139450359931714174e-01
6.883333333333333526e-01,6.359566918452073947e-02,5.554253043704309167e-01,7.056304461749823842e-02,2.429575390715634331e+00,3.147491218603837293e-01
6.891666666666667052e-01,6.296478307128733354e-02,5.559697556134740593e-01,6.110776054550177278e-02,2.429630253551118724e+00,3.155571062685546546e-01
6.900000000000000577e-01,6.233386909639401091e-02,5.565141745701033260e-01,5.286261703228403025e-02,2.429677741208442932e+00,3.163684975507792818e-01
6.908333333333334103e-01,6.170293101669270530e-02,5.570585655910933465e-01,4.569787015631000121e-02,2.429718808078104697e+00,3.171828550339848007e-01
6.916666666666667629e-01,6.107197209747405181e-02,5.576029324586414537e-01,3.949144200376879243e-02,2.429754303624838130e+00,3.179997864385025741e-01
6.925000000000000044e-01,6.044099516788167120e-02,5.581472784502709006e-01,3.413003386010799584e-02,2.429784979239781428e+00,3.188189447342915650e-01
6.933333333333333570e-01,5.981000267235764972e-02,5.586916063982165781e-01,2.950975592189036475e-02,2.429811495818857470e+00,3.196400246565746506e-01
6.941666666666667096e-01,5.917899671783457410e-02,5.592359187439424062e-01,2.553635773738353182e-02,2.429834431699549047e+00,3.204627590518089875e-01
6.950000000000000622e-01,5.854797911656602072e-02,5.597802175876535058e-01,2.212514172326367212e-02,2.429854290657657678e+00,3.212869151927107425e-01
6.958333333333334147e-01,5.791695142463314239e-02,5.603245047328322404e-01,1.920063629003205749e-02,2.429871509731829970e+00,3.221122911703302449e-01
6.966666666666666563e-01,5.728591497627208429e-02,5.608687817259573327e-01,1.669609673765178048e-02,2.429886466703925052e+00,3.229387124431954970e-01
6.975000000000000089e-01,5.665487091424513399e-02,5.614130498916584111e-01,1.455289235379535716e-02,2.429899487116046419e+00,3.237660285990539011e-01
6.983333333333333615e-01,5.602382021653200955e-02,5.619573103636181788e-01,1.271982801871576751e-02,2.429910850749534834e+00,3.245941103640941905e-01
6.991666666666667140e-01,5.539276371964505646e-02,5.625015641115741483e-01,1.115243880567051184e-02,2.429920797527378440e+00,3.254228468777488059e-01
7.000000000000000666e-01,5.476170213888774396e-02,5.630458119647837600e-01,9.812287048098647727e-03,2.429929532829817607e+00,3.262521432380158792e-01
7.008333333333334192e-01,5.413063608587345005e-02,5.635900546323201477e-01,8.666283411725058880e-03,2.429937232234175681e+00,3.270819183123727658e-01
7.016666666666666607e-01,5.349956608361186583e-02,5.641342927205516000e-01,7.686046791331194346e-03,2.429944045705093814e+00,3.279121028023112561e-01
7.025000000000000133e-01,5.286849257945237801e-02,5.646785267481407855e-01,6.847312360025327622e-03,2.429950101271407092e+00,3.287426375448433968e-01
7.033333333333333659e-01,5.223741595615410960e-02,5.652227571588730459e-01,6.129392764236198630e-03,2.429955508231875339e+00,3.295734720315401378e-01
7.041666666666667185e-01,5.160633654132541076e-02,5.657669843325973114e-01,5.514694160972003628e-03,2.429960359934761005e+00,3.304045631243666126e-01
7.050000000000000711e-01,5.097525461545392850e-02,5.663112085945330998e-01,4.988286390420314763e-03,2.429964736176657425e+00,3.312358739473680314e-01
7.058333333333334236e-01,5.034417041872216170e-02,5.668554302231708641e-01,4.537524914942513490e-03,2.429968705264701434e+00,3.320673729338408653e-01
7.066666666666666652e-01,4.971308415678061393e-02,5.673996494569641946e-01,4.151721088764813786e-03,2.429972325783869458e+00,3.328990330097398864e-01
7.075000000000000178e-01,4.908199600562820203e-02,5.679438664999880704e-01,3.821856718410759912e-03,2.429975648107955966e+00,3.337308308954984315e-01
7.083333333333333703e-01,4.845090611573114880e-02,5.684880815267123744e-01,3.540338616899673784e-03,2.429978715689345758e+00,3.345627465100454168e-01
7.091666666666667229e-01,4.781981461549057039e-02,5.690322946860232323e-01,3.300788848603860171e-03,2.429981566159122863e+00,3.353947624624536439e-01
7.100000000000000755e-01,4.718872161415563898e-02,5.695765061045999778e-01,3.097866528539385770e-03,2.429984232265530064e+00,3.362268636182759174e-01
7.108333333333334281e-01,4.655762720426310369e-02,5.701207158897433347e-01,2.927117318782702839e-03,2.429986742675466438e+00,3.370590367291654288e-01
7.116666666666666696e-01,4.592653146367205175e-02,5.706649241317345300e-01,2.784847109421084189e-03,2.429989122660644707e+00,3.378912701157911203e-01
7.125000000000000222e-01,4.529543445725100342e-02,5.712091309057919508e-01,2.668016748097716637e-03,2.429991394687252004e+00,3.387235533953431577e-01
7.133333333333333748e-01,4.466433623826673166e-02,5.717533362736803015e-01,2.574155066993877305e-03,2.429993578925508491e+00,3.395558772460505192e-01
7.141666666666667274e-01,4.403323684951278988e-02,5.722975402850198900e-01,2.501287833125030377e-03,2.429995693693383529e+00,3.403882332021253565e-01
7.150000000000000799e-01,4.340213632421151269e-02,5.728417429783320136e-01,2.447880607329842167e-03,2.429997755846900365e+00,3.412206134733875018e-01
7.158333333333334325e-01,4.277103468671510089e-02,5.733859443818519752e-01,2.412793834049296524e-03,2.429999781127917480e+00,3.420530107845393686e-01
7.166666666666666741e-01,4.213993195302642714e-02,5.739301445141326008e-01,2.395248795970159137e-03,2.430001784479013160e+00,3.428854182296415254e-01
7.175000000000000266e-01,4.150882813115466807e-02,5.744743433844572422e-01,2.394803355171110440e-03,2.430003780334076158e+00,3.437178291378147343e-01
7.183333333333333792e-01,4.087772322131814212e-02,5.750185409930738123e-01,2.411336667429367017e-03,2.430005782892418864e+00,3.445502369465542891e-01
7.191666666666667318e-01,4.024661721599962633e-02,5.755627373312595108e-01,2.445042301631868056e-03,2.430007806383656099e+00,3.453826350793115507e-01
7.200000000000000844e-01,3.961551009985858629e-02,5.761069323812184617e-01,2.496429425127353555e-03,2.430009865330208907e+00,3.462150168241703296e-01
7.208333333333333259e-01,3.898440184949941018e-02,5.766511261158131507e-01,2.566331931887860102e-03,2.430011974814107578e+00,3.470473752105354137e-01
7.216666666666666785e-01,3.835329243309102548e-02,5.771953184981232221e-01,2.655925597016473971e-03,2.430014150754744584e+00,3.478797028807575908e-01
7.225000000000000311e-01,3.772218180983142460e-02,5.777395094808236431e-01,2.766753541705322360e-03,2.430016410204385746e+00,3.487119919535491830e-01
7.233333333333333837e-01,3.709106992924372792e-02,5.782836990053686899e-01,2.900760490089771774e-03,2.430018771668565503e+00,3.495442338758955603e-01
7.241666666666667362e-01,3.645995673028953193e-02,5.788278870009632149e-01,3.060336495897258893e-03,2.430021255458976182e+00,3.503764192599465033e-01
7.250000000000000888e-01,3.582884214027905884e-02,5.793720733832985470e-01,3.248371013999063091e-03,2.430023884087105124e+00,3.512085377010695231e-01
7.258333333333333304e-01,3.519772607355364791e-02,5.799162580530238253e-01,3.468318390726267929e-03,2.430026682707690622e+00,3.520405775728732145e-01
7.266666666666666829e-01,3.456660842991025884e-02,5.804604408939191273e-01,3.724276046840501418e-03,2.430029679622039751e+00,3.528725257945574123e-01
7.275000000000000355e-01,3.393548909273366027e-02,5.810046217707279803e-01,4.021076826804873862e-03,2.430032906852403585e+00,3.537043675654126806e-01
7.283333333333333881e-01,3.330436792679253299e-02,5.815488005266009619e-01,4.364397184397245631e-03,2.430036400799908236e+00,3.545360860606917019e-01
7.291666666666667407e-01,3.267324477565151930e-02,5.820929769800935460e-01,4.760883062820579076e-03,2.430040203000011445e+00,3.553676620823905674e-01
7.300000000000000933e-01,3.204211945864143124e-02,5.826371509216512479e-01,5.218295500234621485e-03,2.430044360991079344e+00,3.561990736577304029e-01
7.308333333333333348e-01,3.141099176732153192e-02,5.831813221095047961e-01,5.745678139516679182e-03,2.430048929313429085e+00,3.570302955773130837e-01
7.316666666666666874e-01,3.077986146135724965e-02,5.837254902648882915e-01,6.353548931735848726e-03,2.430053970658041962e+00,3.578612988640707537e-01
7.325000000000000400e-01,3.014872826372740414e-02,5.842696550664774335e-01,7.054118380901798664e-03,2.430059557186088792e+00,3.586920501632235858e-01
7.333333333333333925e-01,2.951759185516015377e-02,5.848138161439339067e-01,7.861536664401440680e-03,2.430065772042357519e+00,3.595225110425627202e-01
7.341666666666667451e-01,2.888645186768670423e-02,5.853579730704249195e-01,8.792171857197286777e-03,2.430072711087575055e+00,3.603526371914869686e-01
7.350000000000000977e-01,2.825530787718603248e-02,5.859021253539714591e-01,9.864921263213592001e-03,2.430080484876375291e+00,3.611823775064058051e-01
7.358333333333333393e-01,2.762415939477963489e-02,5.864462724274609462e-01,1.110155748646591417e-02,2.430089220909187553e+00,3.620116730494072343e-01
7.366666666666666918e-01,2.699300585691899804e-02,5.869904136371424386e-01,1.252711032743391434e-02,2.430099066187443313e+00,3.628404558665617730e-01
7.375000000000000444e-01,2.636184661399416929e-02,5.875345482294020982e-01,1.417028483607517958e-02,2.430110190102094947e+00,3.636686476519429001e-01
7.383333333333333970e-01,2.573068091727271148e-02,5.880786753355997654e-01,1.606391486159916906e-02,2.430122787685302210e+00,3.644961582434927405e-01
7.391666666666667496e-01,2.509950790396543729e-02,5.886227939547276078e-01,1.824545018339679414e-02,2.430137083254070962e+00,3.653228839373334758e-01
7.400000000000001021e-01,2.446832658019869322e-02,5.891669029336341623e-01,2.075747376569516550e-02,2.430153334472382909e+00,3.661487056081345615e-01
7.408333333333333437e-01,2.383713580166042095e-02,5.897110009445413192e-01,2.364824383773672309e-02,2.430171836854717604e+00,3.669734866247905125e-01
7.416666666666666963e-01,2.320593425167583046e-02,5.902550864595702551e-01,2.697225336123460285e-02,2.430192928728550417e+00,3.677970705530767548e-01
7.425000000000000488e-01,2.257472041646311003e-02,5.907991577219798840e-01,3.079079702367789120e-02,2.430216996666210605e+00,3.686192786402178179e-01
7.433333333333334014e-01,2.194349255731396081e-02,5.913432127138210648e-01,3.517253322647073688e-02,2.430244481387147992e+00,3.694399070805484686e-01
7.441666666666667540e-01,2.131224867945003335e-02,5.918872491197100238e-01,4.019402568180879820e-02,2.430275884120026486e+00,3.702587240667341573e-01
7.449999999999999956e-01,2.068098649731490643e-02,5.924312642864348888e-01,4.594024628008067102e-02,2.430311773400010811e+00,3.710754666374003197e-01
7.458333333333333481e-01,2.004970339608023316e-02,5.929752551781306558e-01,5.250501795813435069e-02,2.430352792260110029e+00,3.718898373395227441e-01
7.466666666666667007e-01,1.941839638917505773e-02,5.935192183267863353e-01,5.999137353535392153e-02,2.430399665756565852e+00,3.727015007324948059e-01
7.475000000000000533e-01,1.878706207168421086e-02,5.940631497778949832e-01,6.851180406437744341e-02,2.430453208747232363e+00,3.735100797703369002e-01
7.483333333333334059e-01,1.815569656951683541e-02,5.946070450311090605e-01,7.818836836471446117e-02,2.430514333819077777e+00,3.743151521088435296e-01
7.491666666666667584e-01,1.752429548430948017e-02,5.951508989758400592e-01,8.915263428463342243e-02,2.430584059236848393e+00,3.751162463953683357e-01
7.500000000000000000e-01,1.689285383410782035e-02,5.956947058218238222e-01,1.015454220885928793e-01,2.430663516760337206e+00,3.759128386100502039e-01
7.508333333333333526e-01,1.626136598996295868e-02,5.962384590247767902e-01,1.155163214046449338e-01,2.430753959153459487e+00,3.767043485382111090e-01
7.516666666666667052e-01,1.562982560868591067e-02,5.967821512073818724e-01,1.312229555744490184e-01,2.430856767185534117e+00,3.774901364639003942e-01
7.525000000000000577e-01,1.499822556211891957e-02,5.973257740759747580e-01,1.488299711709215600e-01,2.430973455905011349e+00,3.782695001835895687e-01
7.533333333333334103e-01,1.436655786341355101e-02,5.978693183334381489e-01,1.685077359668086250e-01,2.431105679949652210e+00,3.790416724462478126e-01
7.541666666666667629e-01,1.373481359093987539e-02,5.984127735889632760e-01,1.904307357552510183e-01,2.431255237646202882e+00,3.798058189308610721e-01
7.550000000000000044e-01,1.310298281059237534e-02,5.989561282654876084e-01,2.147756690502002908e-01,2.431424073648205120e+00,3.805610368743153060e-01
7.558333333333333570e-01,1.247105449739863495e-02,5.994993695057737604e-01,2.417192486367101545e-01,2.431614279863908212e+00,3.813063544609515132e-01
7.566666666666667096e-01,1.183901645747558254e-02,6.000424830782407071e-01,2.714357298965781040e-01,2.431828094438297061e+00,3.820407310795692624e-01
7.575000000000000622e-01,1.120685525150271616e-02,6.005854532837987536e-01,3.040941973980413326e-01,2.432067898574669762e+00,3.827630585439634747e-01
7.583333333333334147e-01,1.057455612099753202e-02,6.011282628650593818e-01,3.398556529105811186e-01,2.432336211012298577e+00,3.834721633590960077e-01
7.591666666666667673e-01,9.942102918769103737e-03,6.016708929193926858e-01,3.788699592191190901e-01,2.432635680017352531e+00,3.841668100968312904e-01
7.600000000000000089e-01,9.309478044993215254e-03,6.022133228173770503e-01,4.212727042549865297e-01,2.432969072793800258e+00,3.848457059231293886e-01
7.608333333333333615e-01,8.676662390387954518e-03,6.027555301282271349e-01,4.671820585187508312e-01,2.433339262278289450e+00,3.855075062932260543e-01
7.616666666666667140e-01,8.043635287971839451e-03,6.032974905537882293e-01,5.166957049613326580e-01,2.433749211346406316e+00,3.861508218033909423e-01
7.625000000000000666e-01,7.410374474847065268e-03,6.038391778726529546e-01,5.698879239132321750e-01,2.434201954525104128e+00,3.867742261583138053e-01
7.633333333333334192e-01,6.776856065377191880e-03,6.043805638958777982e-01,6.268069159214342267e-01,2.434700577375035202e+00,3.873762651831063608e-01
7.641666666666666607e-01,6.143054537010564711e-03,6.049216184356621673e-01,6.874724422394233869e-01,2.435248193774268710e+00,3.879554667795432898e-01
7.650000000000000133e-01,5.508942729845613812e-03,6.054623092881973312e-01,7.518738561643598661e-01,2.435847921398603511e+00,3.885103516987372108e-01
7.658333333333333659e-01,4.874491860844818933e-03,6.060026022317012151e-01,8.199685885676457620e-01,2.436502855750575236e+00,3.890394449781521824e-01
7.666666666666667185e-01,4.239671553378784180e-03,6.065424610404357431e-01,8.916811381563402028e-01,2.437216043136710031e+00,3.895412878708248150e-01
7.675000000000000711e-01,3.604449882537054742e-03,6.070818475152579552e-01,9.669026017466358924e-01,2.437990453028336280e+00,3.900144500798042313e-01
7.683333333333334236e-01,2.968793436374730140e-03,6.076207215309932241e-01,1.045490762797524065e+00,2.438828950263562945e+00,3.904575421018640080e-01
7.691666666666666652e-01,2.332667392988881094e-03,6.081590411006533303e-01,1.127270738423799878e+00,2.439734267555738523e+00,3.908692274819131618e-01
7.700000000000000178e-01,1.696035613041261235e-03,6.086967624562492629e-01,1.212036166934817638e+00,2.440708978766304771e+00,3.912482347833822205e-01
7.708333333333333703e-01,1.058860747076556443e-03,6.092338401456918184e-01,1.299550900490629823e+00,2.441755473377732244e+00,3.915933690900217368e-01
7.716666666666667229e-01,4.211043567298455859e-04,6.097702271450309297e-01,1.389551151557755659e+00,2.442875932566085595e+00,3.919035228705609053e-01
7.725000000000000755e-01,-2.172729513082625411e-04,6.103058749850664988e-01,1.481748028216072210e+00,2.444072307224324891e+00,3.921776860588034874e-01
7.733333333333334281e-01,-8.563113798989866257e-04,6.108407338911798767e-01,1.575830382621752346e+00,2.445346298228840531e+00,3.924149552270315144e-01
7.741666666666666696e-01,-1.496051786124725624e-03,6.113747529350848087e-01,1.671467889506300875e+00,2.446699339175560262e+00,3.926145417589177455e-01
7.750000000000000222e-01,-2.136535517629804641e-03,6.119078801970895265e-01,1.768314267745193069e+00,2.448132581741081726e+00,3.927757789582835279e-01
7.758333333333333748e-01,-2.777804242316491562e-03,6.124400629373900617e-01,1.866010557823168270e+00,2.449646883751735338e+00,3.928981280607011239e-01
7.766666666666667274e-01,-3.419899773116100335e-03,6.129712477748930910e-01,1.964188371337836969e+00,2.451242799972219277e+00,3.929811831448716819e-01
7.775000000000000799e-01,-4.062863889543027671e-03,6.135013808720759521e-01,2.062473035228956864e+00,2.452920575558288796e+00,3.930246749687461016e-01
7.783333333333334325e-01,-4.706738157693474839e-03,6.140304081244415402e-01,2.160486562769647900e+00,2.454680142057454884e+00,3.930284737804385364e-01
7.791666666666666741e-01,-5.351563750267532282e-03,6.145582753532082831e-01,2.257850394973404118e+00,2.456521115789847443e+00,3.929925911752503720e-01
7.800000000000000266e-01,-5.997381268082671059e-03,6.150849284999809763e-01,2.354187869350042650e+00,2.458442798399982365e+00,3.929171810868806736e-01
7.808333333333333792e-01,-6.644230564411050984e-03,6.156103138222734916e-01,2.449126387248110159e+00,2.460444179340231852e+00,3.928025400127020395e-01
7.816666666666667318e-01,-7.292150573326564890e-03,6.161343780888987043e-01,2.542299265712892442e+00,2.462523940028965797e+00,3.926491065795516544e-01
7.825000000000000844e-01,-7.941179143086519662e-03,6.166570687743796464e-01,2.633347274263270421e+00,2.464680459420622416e+00,3.924574605578048936e-01
7.833333333333334370e-01,-8.591352875414987045e-03,6.171783342516844462e-01,2.721919870697135480e+00,2.466911820731022775e+00,3.922283214277035301e-01
7.841666666666666785e-01,-9.242706971399398258e-03,6.176981239827202819e-01,2.807676162498458972e+00,2.469215819078187213e+00,3.919625465933265773e-01
7.850000000000000311e-01,-9.895275084568585025e-03,6.182163887061433716e-01,2.890285631242380138e+00,2.471589969825579214e+00,3.916611293267016070e-01
7.858333333333333837e-01,-1.054908918159023525e-02,6.187330806221417179e-01,2.969428666273137729e+00,2.474031517449544193e+00,3.913251965079622141e-01
7.866666666666667362e-01,-1.120417941092002184e-02,6.192481535739270404e-01,3.044796960638132433e+00,2.476537444794090437e+00,3.909560062078534792e-01
7.875000000000000888e-01,-1.186057397964527214e-02,6.197615632257167384e-01,3.116093826656529231e+00,2.479104482622129790e+00,3.905549451370629033e-01
7.883333333333333304e-01,-1.251829903870557530e-02,6.202732672370074862e-01,3.183034490511409409e+00,2.481729119420949647e+00,3.901235259636483543e-01
7.891666666666666829e-01,-1.317737857663515283e-02,6.207832254329276322e-01,3.245346424866979440e+00,2.484407611469023891e+00,3.896633844761028809e-01
7.900000000000000355e-01,-1.383783432195641143e-02,6.212913999704092749e-01,3.302769775772622207e+00,2.487135993219290242e+00,3.891762765462494778e-01
7.908333333333333881e-01,-1.449968565436585317e-02,6.217977554998459500e-01,3.355057935109651446e+00,2.489910088098824748e+00,3.886640748240987597e-01
7.916666666666667407e-01,-1.516294952487867893e-02,6.223022593217959475e-01,3.401978302697293177e+00,2.492725519864577688e+00,3.881287650769011943e-01
7.925000000000000933e-01,-1.582764038514458335e-02,6.228048815381627135e-01,3.443313273070175651e+00,2.495577724687814136e+00,3.875724420677761906e-01
7.933333333333333348e-01,-1.649377012620267119e-02,6.233055951971341324e-01,3.478861471082983048e+00,2.498461964164544469e+00,3.869973048563236095e-01
7.941666666666666874e-01,-1.716134802700726436e-02,6.238043764309998407e-01,3.508439248142293465e+00,2.501373339464221690e+00,3.864056513952804917e-01
7.950000000000000400e-01,-1.783038071311941405e-02,6.243012045857933012e-01,3.531882437315890133e+00,2.504306806833162646e+00,3.857998722942831415e-01
7.958333333333333925e-01,-1.850087212602340853e-02,6.247960623415369508e-01,3.549048351182227723e+00,2.507257194661703714e+00,3.851824436246910066e-01
7.966666666666667451e-01,-1.917282350357667198e-02,6.252889358217060822e-01,3.559817991472723264e+00,2.510219222304476805e+00,3.845559186486751657e-01
7.975000000000000977e-01,-1.984623337214132255e-02,6.257798146903826852e-01,3.564098424801029008e+00,2.513187520811257514e+00,3.839229183716137972e-01
7.983333333333333393e-01,-2.052109755096369337e-02,6.262686922354526731e-01,3.561825264596598206e+00,2.516156655681839549e+00,3.832861208393317232e-01
7.991666666666666918e-01,-2.119740916936422095e-02,6.267555654361184336e-01,3.552965186342226023e+00,2.519121151703064054e+00,3.826482491306604783e-01
8.000000000000000444e-01,-2.187515869726654530e-02,6.272404350129588968e-01,3.537518391966644415e+00,2.522075519860692783e+00,3.820120580307080904e-01
8.008333333333333970e-01,-2.255433398953676435e-02,6.277233054587818550e-01,3.515520930384186560e+00,2.525014286245005568e+00,3.813803194103402294e-01
8.016666666666667496e-01,-2.323492034450862567e-02,6.282041850485835521e-01,3.487046775303891621e+00,2.527932022789042499e+00,3.807558063816054439e-01
8.025000000000001021e-01,-2.391690057694935423e-02,6.286830858270611166e-01,3.452209559094896019e+00,2.530823379595041889e+00,3.801412763458069111e-01
8.033333333333333437e-01,-2.460025510556738265e-02,6.291600235723197043e-01,3.411163863145383779e+00,2.533683118520975164e+00,3.795394530989625315e-01
8.041666666666666963e-01,-2.528496205498398028e-02,6.296350177346768939e-01,3.364105971099307979e+00,2.536506147618577067e+00,3.789530082066380201e-01
8.050000000000000488e-01,-2.597099737188574703e-02,6.301080913497866254e-01,3.311274001738470751e+00,2.539287555940592966e+00,3.783845419045017144e-01
8.058333333333334014e-01,-2.665833495485710192e-02,6.305792709256837769e-01,3.252947353021116594e+00,2.542022648171742727e+00,3.778365638203407539e-01
8.066666666666667540e-01,-2.734694679715594240e-02,6.310485863037759158e-01,3.189445407585652870e+00,2.544706978488662230e+00,3.773114738455823347e-01
8.075000000000001066e-01,-2.803680314146078656e-02,6.315160704942684999e-01,3.121125472323279304e+00,2.547336383021957751e+00,3.768115435076579978e-01
8.083333333333333481e-01,-2.872787264538360918e-02,6.319817594869975297e-01,3.048379949624065333e+00,2.549907010281102338e+00,3.763388982071482203e-01
8.091666666666667007e-01,-2.942012255632203699e-02,6.324456920391329229e-01,2.971632764597309073e+00,2.552415348912028037e+00,3.758955006842980562e-01
8.100000000000000533e-01,-3.011351889402131415e-02,6.329079094417022766e-01,2.891335099779268614e+00,2.554858252188851875e+00,3.754831360674135698e-01
8.108333333333334059e-01,-3.080802663904629729e-02,6.333684552673397583e-01,2.807960515277666769e+00,2.557232958695125458e+00,3.751033988306512468e-01
8.116666666666667584e-01,-3.150360992522194259e-02,6.338273751020798708e-01,2.721999556639628004e+00,2.559537108725090881e+00,3.747576819512354884e-01
8.125000000000000000e-01,-3.220023223400467205e-02,6.342847162643692194e-01,2.633953973688372141e+00,2.561768756029394023e+00,3.744471685072709999e-01
8.133333333333333526e-01,-3.289785658869424229e-02,6.347405275147501857e-01,2.544330690016949337e+00,2.563926374639271089e+00,3.741728258987456202e-01
8.141666666666667052e-01,-3.359644574638898096e-02,6.351948587598660323e-01,2.453635673830854902e+00,2.566008860624207522e+00,3.739354028082834680e-01
8.150000000000000577e-01,-3.429596238563437094e-02,6.356477607545412134e-01,2.362367865759236629e+00,2.568015528765703603e+00,3.737354289473586166e-01
8.158333333333334103e-01,-3.499636928780344713e-02,6.360992848056933324e-01,2.271013317811319432e+00,2.569946104258857833e+00,3.735732175609424721e-01
8.166666666666667629e-01,-3.569762951038642912e-02,6.365494824817440334e-01,2.180039689903152222e+00,2.571800709678738972e+00,3.734488705919690732e-01
8.175000000000000044e-01,-3.639970655054385745e-02,6.369984053310082661e-01,2.089891236748514736e+00,2.573579847564843703e+00,3.733622863395381630e-01
8.183333333333333570e-01,-3.710256449749070595e-02,6.374461046122715802e-01,2.000984399157105020e+00,2.575284379079804342e+00,3.733131693841257315e-01
8.191666666666667096e-01,-3.780616817251707812e-02,6.378926310404170463e-01,1.913704090952004444e+00,2.576915499284016420e+00,3.733010425015959033e-01
8.200000000000000622e-01,-3.851048325571437142e-02,6.383380345495556218e-01,1.828400747050933584e+00,2.578474709633184148e+00,3.733252602472663662e-01
8.208333333333334147e-01,-3.921547639874373159e-02,6.387823640756604693e-01,1.745388171112596254e+00,2.579963788349085796e+00,3.733850238628751428e-01
8.216666666666667673e-01,-3.992111532325985646e-02,6.392256673602230155e-01,1.664942193912692714e+00,2.581384759334512946e+00,3.734793971435608206e-01
8.225000000000000089e-01,-4.062736890487154973e-02,6.396679907759531547e-01,1.587300127597114363e+00,2.582739860301808577e+00,3.736073228987666361e-01
8.233333333333333615e-01,-4.133420724277754588e-02,6.401093791750585016e-01,1.512660977325616551e+00,2.584031510762192951e+00,3.737676396496186770e-01
8.241666666666667140e-01,-4.204160171545127944e-02,6.405498757601645332e-01,1.441186351514499142e+00,2.585262280482543140e+00,3.739590982245356576e-01
8.250000000000000666e-01,-4.274952502296438389e-02,6.409895219775021413e-01,1.373001995599136604e+00,2.586434858960507288e+00,3.741803779429839216e-01
8.258333333333334192e-01,-4.345795121671929689e-02,6.414283574315948755e-01,1.308199862373165878e+00,2.587552026401329197e+00,3.744301021124427087e-01
8.266666666666667718e-01,-4.416685571751629430e-02,6.418664198203342108e-01,1.246840624646396556e+00,2.588616626604253845e+00,3.747068526037325986e-01
8.275000000000000133e-01,-4.487621532299977678e-02,6.423037448890461798e-01,1.188956533066969801e+00,2.589631542086634486e+00,3.750091833127731089e-01
8.283333333333333659e-01,-4.558600820561722888e-02,6.427403664019252227e-01,1.134554523120201663e+00,2.590599671693379236e+00,3.753356323605938627e-01
8.291666666666667185e-01,-4.629621390227884464e-02,6.431763161290408037e-01,1.083619480023189974e+00,2.591523910861355695e+00,3.756847329262056334e-01
8.300000000000000711e-01,-4.700681329693661564e-02,6.436116238470118711e-01,1.036117577835232506e+00,2.592407134635463350e+00,3.760550226472256230e-01
8.308333333333334236e-01,-4.771778859729965822e-02,6.440463173513815143e-01,9.919996188965577444e-01,2.593252183467435135e+00,3.764450515597003721e-01
8.316666666666666652e-01,-4.842912330688332878e-02,6.444804224787099578e-01,9.512043109731220802e-01,2.594061851771547467e+00,3.768533885804869477e-01
8.325000000000000178e-01,-4.914080219354974993e-02,6.449139631364299019e-01,9.136614315421021093e-01,2.594838879164262035e+00,3.772786265622692925e-01
8.333333333333333703e-01,-4.985281125564113014e-02,6.453469613385632853e-01,8.792948408857543807e-01,2.595585944277773560e+00,3.777193859725264669e-01
8.341666666666667229e-01,-5.056513768674561482e-02,6.457794372454820353e-01,8.480253175477246996e-01,2.596305661010454013e+00,3.781743172635311234e-01
8.350000000000000755e-01,-5.127776984006030686e-02,6.462114092059937365e-01,8.197732008287663685e-01,2.597000577059777715e+00,3.786421020109658753e-01
8.358333333333334281e-01,-5.199069719324349997e-02,6.466428938001430593e-01,7.944608350491861870e-01,2.597673174574727017e+00,3.791214529043855364e-01
8.366666666666666696e-01,-5.270391031457237474e-02,6.470739058812355893e-01,7.720148190803872712e-01,2.598325872763947775e+00,3.796111126740438491e-01
8.375000000000000222e-01,-5.341740083115131127e-02,6.475044586157023829e-01,7.523680720364310792e-01,2.598961032301913221e+00,3.801098520361389510e-01
8.383333333333333748e-01,-5.413116139984681247e-02,6.479345635195329356e-01,7.354617319880863979e-01,2.599580961386923406e+00,3.806164667329265394e-01
8.391666666666667274e-01,-5.484518568156800111e-02,6.483642304901022779e-01,7.212469091439147606e-01,2.600187923320728345e+00,3.811297737360506699e-01
8.400000000000000799e-01,-5.555946831945619835e-02,6.487934678323041826e-01,7.096863182076490473e-01,2.600784145498791666e+00,3.816486066714441794e-01
8.408333333333334325e-01,-5.627400492150547856e-02,6.492222822779748492e-01,7.007558166622467333e-01,2.601371829721653928e+00,3.821718105128309451e-01
8.416666666666666741e-01,-5.698879204810156779e-02,6.496506789976460583e-01,6.944458766495892332e-01,2.601953163760533982e+00,3.826982355787509338e-01
8.425000000000000266e-01,-5.770382720494247192e-02,6.500786616037080856e-01,6.907630180049298962e-01,2.602530334133306589e+00,3.832267308556068230e-01
8.433333333333333792e-01,-5.841910884178682511e-02,6.505062321440829853e-01,6.897312289374963878e-01,2.603105540069532431e+00,3.837561366569238741e-01
8.441666666666667318e-01,-5.913463635747236852e-02,6.509333910855176208e-01,6.913933988655773799e-01,2.603681008664450403e+00,3.842852766172738521e-01
8.450000000000000844e-01,-5.985041011164425606e-02,6.513601372855967186e-01,6.958127850161304195e-01,2.604259011241067956e+00,3.848129490084924997e-01
8.458333333333334370e-01,-6.056643144364183551e-02,6.517864679525522398e-01,7.030745305437394732e-01,2.604841880955884648e+00,3.853379173563563631e-01
8.466666666666666785e-01,-6.128270269900325251e-02,6.522123785919149430e-01,7.132872470191061742e-01,2.605432031696535589e+00,3.858589003282018037e-01
8.475000000000000311e-01,-6.199922726406222745e-02,6.526378629390097164e-01,7.265846680444671968e-01,2.606031978327812304e+00,3.863745608565378187e-01
8.483333333333333837e-01,-6.271600960912339373e-02,6.530629128762492908e-01,7.431273732842654800e-01,2.606644358345032497e+00,3.868834944610761717e-01
8.491666666666667362e-01,-6.343305534071720653e-02,6.534875183341346538e-01,7.631045731269384680e-01,2.607271954989370588e+00,3.873842167324189623e-01
8.500000000000000888e-01,-6.415037126343667295e-02,6.539116671748252951e-01,7.867359332574190844e-01,2.607917721867030636e+00,3.878751499456383200e-01
8.508333333333334414e-01,-6.486796545185366525e-02,6.543353450571094410e-01,8.142734053432592045e-01,2.608584809091447632e+00,3.883546087820232695e-01
8.516666666666666829e-01,-6.558584733298934710e-02,6.547585352815921134e-01,8.460030145497592358e-01,2.609276590933069517e+00,3.888207851533462267e-01
8.525000000000000355e-01,-6.630402777976918127e-02,6.551812186149299500e-01,8.822465364645374342e-01,2.609996694912658732e+00,3.892717321462079161e-01
8.533333333333333881e-01,-6.702251921581728333e-02,6.556033730919926805e-01,9.233629750702723182e-01,2.610749032209131570e+00,3.897053471355843013e-01
8.541666666666667407e-01,-6.774133573183695189e-02,6.560249737949342963e-01,9.697497296221543328e-01,2.611537829169420011e+00,3.901193541578735768e-01
8.550000000000000933e-01,-6.846049321366404206e-02,6.564459926083200392e-01,1.021843311820950895e+00,2.612367659603354486e+00,3.905112856858177217e-01
8.558333333333333348e-01,-6.918000948186903143e-02,6.568663979497026961e-01,1.080119445945141310e+00,2.613243477419090244e+00,3.908784640118396214e-01
8.566666666666666874e-01,-6.989990444250503143e-02,6.572861544753828555e-01,1.145092354388773437e+00,2.614170649002562907e+00,3.912179825235812536e-01
8.575000000000000400e-01,-7.062020024824193498e-02,6.577052227615458602e-01,1.217313000557576519e+00,2.615154984567123808e+00,3.915266872463968317e-01
8.583333333333333925e-01,-7.134092146868931117e-02,6.581235589615602732e-01,1.297366032048256956e+00,2.616202767497376236e+00,3.918011591323174447e-01
8.591666666666667451e-01,-7.206209526817061728e-02,6.585411144409644146e-01,1.385865141827077762e+00,2.617320780486490861e+00,3.920376976928827140e-01
8.600000000000000977e-01,-7.278375158857601501e-02,6.589578353925802379e-01,1.483446546746410855e+00,2.618516327023396428e+00,3.922323067024873766e-01
8.608333333333333393e-01,-7.350592333417836632e-02,6.593736624352851683e-01,1.590760274876273250e+00,2.619797246532405754e+00,3.923806828364907462e-01
8.616666666666666918e-01,-7.422864655445478299e-02,6.597885302012534980e-01,1.708458960073251376e+00,2.621171921213634626e+00,3.924782082496608981e-01
8.625000000000000444e-01,-7.495196062001927007e-02,6.602023669179466481e-01,1.837183868721930402e+00,2.622649272392299391e+00,3.925199482391256711e-01
8.633333333333333970e-01,-7.567590838576784829e-02,6.606150939927765142e-01,1.977547934622494230e+00,2.624238743977026278e+00,3.925006552634281443e-01
8.641666666666667496e-01,-7.640053633428406377e-02,6.610266256101654525e-01,2.130115658335862250e+00,2.625950270474092907e+00,3.924147806950035178e-01
8.650000000000001021e-01,-7.712589469150436805e-02,6.614368683526327120e-01,2.295379840988478914e+00,2.627794226932144817e+00,3.922564957548854148e-01
8.658333333333333437e-01,-7.785203750564875791e-02,6.618457208595033281e-01,2.473735272256354367e+00,2.629781358229330124e+00,3.920197231014590500e-01
8.666666666666666963e-01,-7.857902267955783893e-02,6.622530735387694989e-01,2.665449678513652110e+00,2.631922685292150899e+00,3.916981805042416553e-01
8.675000000000000488e-01,-7.930691194592362492e-02,6.626588083494431292e-01,2.870632457509455282e+00,2.634229386182160404e+00,3.912854379131845972e-01
8.683333333333334014e-01,-8.003577077456290600e-02,6.630627986732987589e-01,3.089201974245680216e+00,2.636712650528725277e+00,3.907749890189459729e-01
8.691666666666667540e-01,-8.076566820095046340e-02,6.634649092960732686e-01,3.320852458428347642e+00,2.639383506542339664e+00,3.901603380771783147e-01
8.700000000000001066e-01,-8.149667656582029740e-02,6.638649965188146984e-01,3.565021811714797817e+00,2.642252620821566200e+00,3.894351023312159210e-01
8.708333333333333481e-01,-8.222887115684526793e-02,6.642629084199929146e-01,3.820861883143400917e+00,2.645330072361089968e+00,3.885931298094275621e-01
8.716666666666667007e-01,-8.296232974529935134e-02,6.646584852880391692e-01,4.087212979858943385e+00,2.648625103554007598e+00,3.876286316001898435e-01
8.725000000000000533e-01,-8.369713201323507323e-02,6.650515602420321581e-01,4.362584521193259235e+00,2.652145852512779456e+00,3.865363269324889606e-01
8.733333333333334059e-01,-8.443335887008178442e-02,6.654419600551776393e-01,4.645143790460114275e+00,2.655899072642635250e+00,3.853115985376125430e-01
8.741666666666667584e-01,-8.517109166162491196e-02,6.658295061914646373e-01,4.932714665713165303e+00,2.659889846999374363e+00,3.839506548726340229e-01
8.750000000000001110e-01,-8.591041127895765461e-02,6.662140160604224093e-01,5.222787998709772950e+00,2.664121306442884141e+00,3.824506948959401909e-01
8.758333333333333526e-01,-8.665139718001378666e-02,6.665953044883035084e-01,5.512544949432067298e+00,2.668594361837942852e+00,3.808100702554872430e-01
8.766666666666667052e-01,-8.739412634144702596e-02,6.669731853964362411e-01,5.798894072316785220e+00,2.673307461430338261e+00,3.790284390459313646e-01
8.775000000000000577e-01,-8.813867216360851686e-02,6.673474736691603626e-01,6.078522304246457786e+00,2.678256384920572941e+00,3.771069047793360052e-01
8.783333333333334103e-01,-8.888510335585142474e-02,6.677179871850186244e-01,6.347959252743192060e+00,2.683434085569318839e+00,3.750481339626604016e-01
8.791666666666667629e-01,-8.963348283299010788e-02,6.680845489761328970e-01,6.603653369556693242e+00,2.688830590828610756e+00,3.728564457434028201e-01
8.800000000000000044e-01,-9.038386665613064308e-02,6.684469894724285322e-01,6.842057776029925265e+00,2.694432970472604438e+00,3.705378675182819936e-01
8.808333333333333570e-01,-9.113630305197456538e-02,6.688051487800986683e-01,7.059722746428990447e+00,2.700225379023629024e+00,3.681001512237320195e-01
8.816666666666667096e-01,-9.189083154387633900e-02,6.691588789379387947e-01,7.253391220385921656e+00,2.706189176509802063e+00,3.655527462395795624e-01
8.825000000000000622e-01,-9.264748222532796784e-02,6.695080460914188958e-01,7.420093267966937134e+00,2.712303128379949246e+00,3.629067264058605802e-01
8.833333333333334147e-01,-9.340627520218806878e-02,6.698525325229873761e-01,7.557235221568363137e+00,2.718543681917255928e+00,3.601746705119592273e-01
8.841666666666667673e-01,-9.416722022407010562e-02,6.701922384784062547e-01,7.662679251162915151e+00,2.724885312947560756e+00,3.573704976705007752e-01
8.850000000000000089e-01,-9.493031651816913330e-02,6.705270837330177258e-01,7.734809504228449484e+00,2.731300933262306607e+00,3.545092611132358851e-01
8.858333333333333615e-01,-9.569555283087516351e-02,6.708570088486829341e-01,7.772581544934985764e+00,2.737762346199458019e+00,3.516069060029618498e-01
8.866666666666667140e-01,-9.646290767429122059e-02,6.711819760814612401e-01,7.775552670114406872e+00,2.744240735455728775e+00,3.486799986994911782e-01
8.875000000000000666e-01,-9.723234976678403474e-02,6.715019699114939122e-01,7.743891691967984769e+00,2.750707170606596641e+00,3.457454364122429236e-01
8.883333333333334192e-01,-9.800383864943597312e-02,6.718169971794214490e-01,7.678367883333273802e+00,2.757133112096305627e+00,3.428201472026047303e-01
8.891666666666667718e-01,-9.877732545418718701e-02,6.721270868273153676e-01,7.580319896374876798e+00,2.763490898671184137e+00,3.399207907852266342e-01
8.900000000000000133e-01,-9.955275379487567300e-02,6.724322892557792475e-01,7.451606505785269619e+00,2.769754201338750388e+00,3.370634704811026339e-01
8.908333333333333659e-01,-1.003300607494996000e-01,6.727326753218190181e-01,7.294541917600195546e+00,2.775898429848494331e+00,3.342634660058985130e-01
8.916666666666667185e-01,-1.011091779008915920e-01,6.730283350136053722e-01,7.111819064877715313e+00,2.781901080257860315e+00,3.315349955897201606e-01
8.925000000000000711e-01,-1.018900324035352661e-01,6.733193758477770130e-01,6.906424742919168303e+00,2.787742015177775645e+00,3.288910143145220011e-01
8.933333333333334236e-01,-1.026725480462636481e-01,6.736059210420358712e-01,6.681550603889742312e+00,2.793403671572279645e+00,3.263430536474819510e-01
8.941666666666667762e-01,-1.034566462837876455e-01,6.738881075202244331e-01,6.440503941250282693e+00,2.798871194299421550e+00,3.239011050844361472e-01
8.950000000000000178e-01,-1.042422472140720063e-01,6.741660838087993879e-01,6.186621876463176406e+00,2.804132496723468204e+00,3.215735487410973370e-01
8.958333333333333703e-01,-1.050292704831632395e-01,6.744400078827402778e-01,5.923192058030794627e+00,2.809178252529507258e+00,3.193671257750073655e-01
8.966666666666667229e-01,-1.058176361038440233e-01,6.747100450157361706e-01,5.653382350300803161e+00,2.814001825199645701e+00,3.172869518002802702e-01
8.975000000000000755e-01,-1.066072651791590831e-01,6.749763656843653647e-01,5.380181284884262283e+00,2.818599143380972727e+00,3.153365670534232224e-01
8.983333333333334281e-01,-1.073980805261830068e-01,6.752391435693850807e-01,5.106350327541065326e+00,2.822968531552816795e+00,3.135180180323470234e-01
8.991666666666666696e-01,-1.081900071992234202e-01,6.754985536896807030e-01,4.834388328013373481e+00,2.827110505992630696e+00,3.118319646796529065e-01
9.000000000000000222e-01,-1.089829729148620863e-01,6.757547706963742407e-01,4.566507909645260987e+00,2.831027546091655189e+00,3.102778069032291475e-01
9.008333333333333748e-01,-1.097769083837867449e-01,6.760079673465094752e-01,4.304623047975161043e+00,2.834723850657330235e+00,3.088538242857167271e-01
9.016666666666667274e-01,-1.105717475562688901e-01,6.762583131680025561e-01,4.050346698819570435e+00,2.838205088051827918e+00,3.075573231756027481e-01
9.025000000000000799e-01,-1.113674277894280695e-01,6.765059733204771275e-01,3.804997071222254057e+00,2.841478147956012279e+00,3.063847859125633510e-01
9.033333333333334325e-01,-1.121638899451709165e-01,6.767511076504098000e-01,3.569610993827674772e+00,2.844550901316449831e+00,3.053320176507096084e-01
9.041666666666666741e-01,-1.129610784279779789e-01,6.769938699338321486e-01,3.344962782147276492e+00,2.847431973723105525e+00,3.043942870405368373e-01
9.050000000000000266e-01,-1.137589411716265486e-01,6.772344072957224848e-01,3.131587061280636242e+00,2.850130536157867045e+00,3.035664578553425863e-01
9.058333333333333792e-01,-1.145574295835636164e-01,6.774728597921649831e-01,2.929804113885839723e+00,2.852656115814186322e+00,3.028431094520285805e-01
9.066666666666667318e-01,-1.153564984550703582e-01,6.777093601392965017e-01,2.739746486098558087e+00,2.855018428564179978e+00,3.022186447020435152e-01
9.075000000000000844e-01,-1.161561058446435174e-01,6.779440335718948107e-01,2.561385775461946235e+00,2.857227233673163447e+00,3.016873846896270805e-01
9.083333333333334370e-01,-1.169562129412325124e-01,6.781769978140702593e-01,2.394558727929836373e+00,2.859292210549576829e+00,3.012436500359219615e-01
9.091666666666666785e-01,-1.177567839131523908e-01,6.784083631447632712e-01,2.238991971910945900e+00,2.861222856674510151e+00,3.008818291626504937e-01
9.100000000000000311e-01,-1.185577857476827895e-01,6.786382325414873629e-01,2.094324905732128261e+00,2.863028405373527985e+00,3.005964341590244282e-01
9.108333333333333837e-01,-1.193591880855845166e-01,6.788667018868647096e-01,1.960130423669740996e+00,2.864717761760778636e+00,3.003821451671577769e-01
9.116666666666667362e-01,-1.201609630540445839e-01,6.790938602238528743e-01,1.835933310619029646e+00,2.866299454983399109e+00,3.002338443649581468e-01
9.125000000000000888e-01,-1.209630851008970664e-01,6.793197900470598904e-01,1.721226254805288791e+00,2.867781604802325912e+00,3.001466407140260806e-01
9.133333333333334414e-01,-1.217655308323791208e-01,6.795445676191038675e-01,1.615483521885989759e+00,2.869171900542613951e+00,3.001158866669899616e-01
9.141666666666666829e-01,-1.225682788561624215e-01,6.797682633025211585e-01,1.518172403963272021e+00,2.870477590511717469e+00,3.001371880073286924e-01
9.150000000000000355e-01,-1.233713096309538571e-01,6.799909418992174936e-01,1.428762605957100362e+00,2.871705480099184360e+00,3.002064079374663907e-01
9.158333333333333881e-01,-1.241746053235761732e-01,6.802126629908455957e-01,1.346733762524208400e+00,2.872861936919385073e+00,3.003196664488229639e-01
9.166666666666667407e-01,-1.249781496741251968e-01,6.804334812747638850e-01,1.271581294466803458e+00,2.873952901526464654e+00,3.004733359099143186e-01
9.175000000000000933e-01,-1.257819278695345433e-01,6.806534468913653102e-01,1.202820817507258333e+00,2.874983902406453851e+00,3.006640337032230326e-01
9.183333333333334458e-01,-1.265859264256694872e-01,6.808726057395586562e-01,1.139991311316602918e+00,2.875960074126797661e+00,3.008886126343877643e-01
9.191666666666666874e-01,-1.273901330779038388e-01,6.810909997780434377e-01,1.082657245339374796e+00,2.876886177692070667e+00,3.011441497328078420e-01
9.200000000000000400e-01,-1.281945366800045782e-01,6.813086673107429103e-01,1.030409842425916267e+00,2.877766622311972888e+00,3.014279339641887101e-01
9.208333333333333925e-01,-1.289991271110509652e-01,6.815256432553629118e-01,9.828676433337082408e-01,2.878605487931039431e+00,3.017374532849640412e-01
9.216666666666667451e-01,-1.298038951900477855e-01,6.817419593945354128e-01,9.396765161789163434e-01,2.879406547997502841e+00,3.020703813870371235e-01
9.225000000000000977e-01,-1.306088325978427278e-01,6.819576446094007816e-01,9.005092359508337641e-01,2.880173292060890233e+00,3.024245644094247232e-01
9.233333333333333393e-01,-1.314139318059303896e-01,6.821727250957876354e-01,8.650647409898528650e-01,2.880908947884615490e+00,3.027980078310614775e-01
9.241666666666666918e-01,-1.322191860117118978e-01,6.823872245633861855e-01,8.330671563713317740e-01,2.881616502841849226e+00,3.031888637058448577e-01
9.250000000000000444e-01,-1.330245890797742137e-01,6.826011644184789562e-01,8.042646587330012364e-01,2.882298724431476167e+00,3.035954183563082664e-01
9.258333333333333970e-01,-1.338301354887637684e-01,6.828145639309157744e-01,7.784282433761562370e-01,2.882958179807355137e+00,3.040160806053061049e-01
9.266666666666667496e-01,-1.346358202834380680e-01,6.830274403860947530e-01,7.553504424937897976e-01,2.883597254259801179e+00,3.044493705949001816e-01
9.275000000000001021e-01,-1.354416390314994723e-01,6.832398092227542907e-01,7.348440330802490372e-01,2.884218168624623768e+00,3.048939092174086651e-01
9.283333333333333437e-01,-1.362475877848359218e-01,6.834516841573974322e-01,7.167407643544047025e-01,2.884822995623554931e+00,3.053484081644366466e-01
9.291666666666666963e-01,-1.370536630448174753e-01,6.836630772961621583e-01,7.008901272439960195e-01,2.885413675161720981e+00,3.058116605848956726e-01
9.300000000000000488e-01,-1.378598617313201158e-01,6.838739992349315289e-01,6.871581824801454852e-01,2.885992028624106087e+00,3.062825323317881487e-01
9.308333333333334014e-01,-1.386661811551773982e-01,6.840844591484409598e-01,6.754264589794214402e-01,2.886559772224714049e+00,3.067599537692788925e-01
9.316666666666667540e-01,-1.394726189937813554e-01,6.842944648690991727e-01,6.655909302919007509e-01,2.887118529470243722e+00,3.072429121057053125e-01
9.325000000000001066e-01,-1.402791732695812532e-01,6.845040229561893952e-01,6.575610738218582441e-01,2.887669842805291154e+00,3.077304442142331786e-01
9.333333333333333481e-01,-1.410858423312511545e-01,6.847131387560644322e-01,6.512590151491096657e-01,2.888215184509029143e+00,3.082216299004290616e-01
9.341666666666667007e-01,-1.418926248373209575e-01,6.849218164538962705e-01,6.466187579745154013e-01,2.888755966914497542e+00,3.087155855747509836e-01
9.350000000000000533e-01,-1.426995197420844741e-01,6.851300591174835919e-01,6.435854988766875895e-01,2.889293552021519051e+00,3.092114582875736262e-01
9.358333333333334059e-01,-1.435065262836221767e-01,6.853378687335658359e-01,6.421150251075975479e-01,2.889829260573179237e+00,3.097084200846381141e-01
9.366666666666667584e-01,-1.443136439737910393e-01,6.855452462370391631e-01,6.421731929932854577e-01,2.890364380664054433e+00,3.102056626415552465e-01
9.375000000000001110e-01,-1.451208725900535179e-01,6.857521915334142681e-01,6.437354840764571984e-01,2.890900175946166772e+00,3.107023921370565267e-01
9.383333333333333526e-01,-1.459282121690336220e-01,6.859587035148065892e-01,6.467866358831539930e-01,2.891437893496149769e+00,3.111978243259629906e-01
9.391666666666667052e-01,-1.467356630017028485e-01,6.861647800696994981e-01,6.513203440697092894e-01,2.891978771404463355e+00,3.116911797742395462e-01
9.400000000000000577e-01,-1.475432256301109635e-01,6.863704180866716520e-01,6.573390326687883478e-01,2.892524046144770988e+00,3.121816792199637591e-01
9.408333333333334103e-01,-1.483509008455922984e-01,6.865756134522373877e-01,6.648536891718903608e-01,2.893074959778871413e+00,3.126685390255203312e-01
9.416666666666667629e-01,-1.491586896883862201e-01,6.867803610429026318e-01,6.738837612327790438e-01,2.893632767049873156e+00,3.131509666878025122e-01
9.425000000000001155e-01,-1.499665934486222596e-01,6.869846547114986102e-01,6.844571118279499933e-01,2.894198742413648606e+00,3.136281563746499135e-01
9.433333333333333570e-01,-1.507746136686292926e-01,6.871884872678165612e-01,6.966100297476829351e-01,2.894774187055971559e+00,3.140992844571887099e-01
9.441666666666667096e-01,-1.515827521465363537e-01,6.873918504535275753e-01,7.103872922957459313e-01,2.895360435940156130e+00,3.145635050091396545e-01
9.450000000000000622e-01,-1.523910109411375779e-01,6.875947349113381568e-01,7.258422770333603502e-01,2.895958864927376641e+00,3.150199452455900162e-01
9.458333333333334147e-01,-1.531993923780031741e-01,6.877971301482969091e-01,7.430371192987950124e-01,2.896570898009181771e+00,3.154677008751602951e-01
9.466666666666667673e-01,-1.540078990568186645e-01,6.879990244931365462e-01,7.620429120556766467e-01,2.897198014688912693e+00,3.159058313410001428e-01
9.475000000000000089e-01,-1.548165338599406526e-01,6.882004050475077905e-01,7.829399443582523155e-01,2.897841757545751573e+00,3.163333549276549084e-01
9.483333333333333615e-01,-1.556252999621583755e-01,6.884012576309317399e-01,8.058179743596710631e-01,2.898503740011884044e+00,3.167492437125845606e-01
9.491666666666667140e-01,-1.564342008416490792e-01,6.886015667192757483e-01,8.307765323178988304e-01,2.899185654389666578e+00,3.171524183430586286e-01
9.500000000000000666e-01,-1.572432402921175865e-01,6.888013153765355501e-01,8.579252484645208954e-01,2.899889280131659142e+00,3.175417426213422711e-01
9.508333333333334192e-01,-1.580524224361031238e-01,6.890004851796869279e-01,8.873841998833861267e-01,2.900616492401804081e+00,3.179160178835889194e-01
9.516666666666667718e-01,-1.588617517394340650e-01,6.891990561363577905e-01,9.192842696923477774e-01,2.901369270930794109e+00,3.182739771607475676e-01
9.525000000000000133e-01,-1.596712330268026669e-01,6.893970065950606463e-01,9.537675108248319100e-01,2.902149709172676229e+00,3.186142791131220120e-01
9.533333333333333659e-01,-1.604808714984228279e-01,6.895943131477200172e-01,9.909875055654017162e-01,2.902960023762839015e+00,3.189355017340875786e-01
9.541666666666667185e-01,-1.612906727477188829e-01,6.897909505242305617e-01,1.031109710703779436e+00,2.903802564269617914e+00,3.192361358229419688e-01
9.550000000000000711e-01,-1.621006427799810967e-01,6.899868914787893326e-01,1.074311776739026447e+00,2.904679823222719115e+00,3.195145782320139016e-01
9.558333333333334236e-01,-1.629107880319007329e-01,6.901821066677595873e-01,1.120783827997574811e+00,2.905594446391359220e+00,3.197691248990712776e-01
9.566666666666667762e-01,-1.637211153918759488e-01,6.903765645188475464e-01,1.170728688842008758e+00,2.906549243273375716e+00,3.199979636828081953e-01
9.575000000000000178e-01,-1.645316322209519622e-01,6.905702310914079156e-01,1.224362039364400578e+00,2.907547197743461709e+00,3.201991670268399259e-01
9.583333333333333703e-01,-1.653423463742274557e-01,6.907630699277360620e-01,1.281912482111186913e+00,2.908591478794076757e+00,3.203706844862244107e-01
9.591666666666667229e-01,-1.661532662225197743e-01,6.909550418952637996e-01,1.343621499519723317e+00,2.909685451286422975e+00,3.205103351601198414e-01
9.600000000000000755e-01,-1.669644006740432507e-01,6.911461050196445743e-01,1.409743279914646985e+00,2.910832686611187103e+00,3.206158000847841305e-01
9.608333333333334281e-01,-1.677757591958032868e-01,6.913362143087986578e-01,1.480544388184329652e+00,2.912036973139561891e+00,3.206846146527254637e-01
9.616666666666667806e-01,-1.685873518343574406e-01,6.915253215680914334e-01,1.556303255715745459e+00,2.913302326324520131e+00,3.207141611363701905e-01
9.625000000000000222e-01,-1.693991892355350137e-01,6.917133752069354324e-01,1.637309462909124713e+00,2.914632998290613841e+00,3.207016614080566708e-01
9.633333333333333748e-01,-1.702112826626418496e-01,6.919003200372441098e-01,1.723862786731997332e+00,2.916033486727964252e+00,3.206441699623631125e-01
9.641666666666667274e-01,-1.710236440126051971e-01,6.920860970643191168e-01,1.816271985432010405e+00,2.917508542883032518e+00,3.205385673615336328e-01
9.650000000000000799e-01,-1.718362858294410211e-01,6.922706432709316848e-01,1.914853292845889676e+00,2.919063178415648441e+00,3.203815542398768534e-01
9.658333333333334325e-01,-1.726492213143432097e-01,6.924538913955495811e-01,2.019928595862444443e+00,2.920702670869276929e+00,3.201696460181232551e-01
9.666666666666666741e-01,-1.734624643316132198e-01,6.926357697058765917e-01,2.131823270669757076e+00,2.922432567480331755e+00,3.198991684935088564e-01
9.675000000000000266e-01,-1.742760294095639928e-01,6.928162017691037455e-01,2.250863656587657857e+00,2.924258687033355564e+00,3.195662544853303255e-01
9.683333333333333792e-01,-1.750899317354454032e-01,6.929951062205171874e-01,2.377374150690326093e+00,2.926187119453054652e+00,3.191668417283826109e-01
9.691666666666667318e-01,-1.759041871433597304e-01,6.931723965323712822e-01,2.511673912181514812e+00,2.928224222812584543e+00,3.186966722174667255e-01
9.700000000000000844e-01,-1.767188120940548779e-01,6.933479807852065413e-01,2.654073172680432524e+00,2.930376617431277086e+00,3.181512932143898409e-01
9.708333333333334370e-01,-1.775338236454158947e-01,6.935217614440700729e-01,2.804869157260439394e+00,2.932651176735419085e+00,3.175260601338948940e-01
9.716666666666666785e-01,-1.783492394124175928e-01,6.936936351423751423e-01,2.964341631246437458e+00,2.935055014563963560e+00,3.168161415260245528e-01
9.725000000000000311e-01,-1.791650775152602293e-01,6.938634924764095491e-01,3.132748099352060223e+00,2.937595468618379613e+00,3.160165263688251014e-01
9.733333333333333837e-01,-1.799813565143872363e-01,6.940312178137629795e-01,3.310318696574341857e+00,2.940280079783348821e+00,3.151220338763141005e-01
9.741666666666667362e-01,-1.807980953310916739e-01,6.941966891191837519e-01,3.497250824131411306e+00,2.943116567083642998e+00,3.141273260116178578e-01
9.750000000000000888e-01,-1.816153131524481656e-01,6.943597778015825339e-01,3.693703598301223856e+00,2.946112798092990204e+00,3.130269228735558795e-01
9.758333333333334414e-01,-1.824330293193781871e-01,6.945203485860736992e-01,3.899792194876799289e+00,2.949276754673481271e+00,3.118152210962479853e-01
9.766666666666666829e-01,-1.832512631967629924e-01,6.946782594150631152e-01,4.115582186587030122e+00,2.952616493999090874e+00,3.104865153652730525e-01
9.775000000000000355e-01,-1.840700340246703148e-01,6.948333613824522192e-01,4.341083984643973714e+00,2.956140104903770549e+00,3.090350231104104228e-01
9.783333333333333881e-01,-1.848893607499560165e-01,6.949854987050201327e-01,4.576247507910323975e+00,2.959855659692335106e+00,3.074549123842110210e-01
9.791666666666667407e-01,-1.857092618377509663e-01,6.951345087349563023e-01,4.820957213324858159e+00,2.963771161659516373e+00,3.057403328779776941e-01
9.800000000000000933e-01,-1.865297550626339451e-01,6.952802220173430747e-01,5.075027628462695617e+00,2.967894488676928066e+00,3.038854499629266015e-01
9.808333333333334458e-01,-1.873508572796368787e-01,6.954224623961172691e-01,5.338199530737231413e+00,2.972233333326594895e+00,3.018844815753658484e-01
9.816666666666666874e-01,-1.881725841756146378e-01,6.955610471716732190e-01,5.610136917143022650e+00,2.976795140179878008e+00,2.997317376920152765e-01
9.825000000000000400e-01,-1.889949500019401096e-01,6.956957873128023495e-01,5.890424903056755035e+00,2.981587040938294741e+00,2.974216620667815558e-01
9.833333333333333925e-01,-1.898179672899424630e-01,6.958264877250938119e-01,6.178568678084495502e+00,2.986615788263770277e+00,2.949488758253198117e-01
9.841666666666667451e-01,-1.906416465509919445e-01,6.959529475772584517e-01,6.473993631079469679e+00,2.991887689225921854e+00,2.923082224407610452e-01
9.850000000000000977e-01,-1.914659959636223485e-01,6.960749606860798799e-01,6.776046735296421986e+00,2.997408539378578762e+00,2.894948135454530336e-01
9.858333333333334503e-01,-1.922910210505728024e-01,6.961923159598661925e-01,7.083999258493310691e+00,3.003183558542657838e+00,2.865040749719444113e-01
9.866666666666666918e-01,-1.931167243490971019e-01,6.963047978993746057e-01,7.397050832194841163e+00,3.009217329413777176e+00,2.833317923642668101e-01
9.875000000000000444e-01,-1.939431050783204658e-01,6.964121871542365838e-01,7.714334880123620231e+00,3.015513740127243381e+00,2.799741556603240200e-01
9.883333333333333970e-01,-1.947701588077982715e-01,6.965142611319383725e-01,8.034925369042184684e+00,3.022075931897729273e+00,2.764278017201494131e-01
9.891666666666667496e-01,-1.955978771317397613e-01,6.966107946554369601e-01,8.357844807217562177e+00,3.028906252804504540e+00,2.726898543649409201e-01
9.900000000000001021e-01,-1.964262473535736409e-01,6.967015606645377002e-01,8.682073377834795380e+00,3.036006218714943028e+00,2.687579610997644086e-01
9.908333333333333437e-01,-1.972552521856507368e-01,6.967863309552538853e-01,9.006559058473811774e+00,3.043376482230070845e+00,2.646303258196734953e-01
9.916666666666666963e-01,-1.980848694688822631e-01,6.968648769505410012e-01,9.330228544743292218e+00,3.051016810398078150e+00,2.603057368452716958e-01
9.925000000000000488e-01,-1.989150719169935910e-01,6.969369704950664213e-01,9.651998767792914435e+00,3.058926071778301559e+00,2.557835896992500802e-01
9.933333333333334014e-01,-1.997458268898371359e-01,6.970023846660744482e-01,9.970788773002857042e+00,3.067102233253633514e+00,2.510639041192607168e-01
9.941666666666667540e-01,-2.005770961998424029e-01,6.970608945919457566e-01,1.028553171173713032e+01,3.075542366788941884e+00,2.461473349030758873e-01
9.950000000000001066e-01,-2.014088359552061447e-01,6.971122782697586340e-01,1.059518669043137251e+01,3.084242666123178989e+00,2.410351762969166756e-01
9.958333333333333481e-01,-2.022409964428425744e-01,6.971563173730419560e-01,1.089875022187716347e+01,3.093198473169973095e+00,2.357293597642052541e-01
9.966666666666667007e-01,-2.030735220534444219e-01,6.971927980409746706e-01,1.119526703243735710e+01,3.102404313692604276e+00,2.302324451061847632e-01
9.975000000000000533e-01,-2.039063512502634623e-01,6.972215116405426905e-01,1.148383999574119585e+01,3.111853941621012254e+00,2.245476050439490501e-01
9.983333333333334059e-01,-2.047394165824371337e-01,6.972422554935957528e-01,1.176363898749724868e+01,3.121540391197362041e+00,2.186786035090857172e-01
9.991666666666667584e-01,-2.055726447428765646e-01,6.972548335613572013e-01,1.203390848640801813e+01,3.131456035978156471e+00,2.126297680231223342e-01
1.000000000000000000e+00,-2.064059566699313064e-01,6.972590570796993736e-01,1.229397378152208908e+01,3.141592653589793116e+00,2.064059566699313897e-01
