x,y
-8.183287241947176383e-02,7.053986058538175286e-01
-8.157410439483639419e-02,7.056087228340806039e-01
-8.131402790419320348e-02,7.058172179995239048e-01
-8.105264077559778957e-02,7.060240676148357153e-01
-8.078994149368909361e-02,7.062292481727323601e-01
-8.052592920460618919e-02,7.064327364165130518e-01
-8.026060371975959895e-02,7.066345093625177043e-01
-7.999396551844115133e-02,7.068345443224561819e-01
-7.972601574926610479e-02,7.070328189255352669e-01
-7.945675623043754743e-02,7.072293111403400445e-01
-7.918618944883706878e-02,7.074239992964186374e-01
-7.891431855793953898e-02,7.076168621055045627e-01
-7.864114737456176507e-02,7.078078786823396307e-01
-7.836668037445457258e-02,7.079970285650315498e-01
-7.809092268675235649e-02,7.081842917349090438e-01
-7.781388008730186212e-02,7.083696486358095346e-01
-7.753555899088596104e-02,7.085530801927683031e-01
-7.725596644237678334e-02,7.087345678300505103e-01
-7.697511010684079946e-02,7.089140934884858858e-01
-7.669299825863132303e-02,7.090916396420696710e-01
-7.640963976950557179e-02,7.092671893137809658e-01
-7.612504409580353459e-02,7.094407260905878365e-01
-7.583922126473005565e-02,7.096122341376046583e-01
-7.555218185978720968e-02,7.097816982113667184e-01
-7.526393700540037757e-02,7.099491036721978787e-01
-7.497449835078737190e-02,7.101144364956415433e-01
-7.468387805312534655e-02,7.102776832829389431e-01
-7.439208876006067617e-02,7.104388312705265385e-01
-7.409914359162098063e-02,7.105978683385487660e-01
-7.380505612158297368e-02,7.107547830183589266e-01
-7.350984035834681740e-02,7.109095644990163221e-01
-7.321351072538237470e-02,7.110622026327581002e-01
-7.291608204129354509e-02,7.112126879394528034e-01
-7.261756949956346685e-02,7.113610116100337333e-01
-7.231798864803487548e-02,7.115071655089169056e-01
-7.201735536818240635e-02,7.116511421754099231e-01
-7.171568585422857800e-02,7.117929348241190946e-01
-7.141299659216390761e-02,7.119325373443780025e-01
-7.110930433871640033e-02,7.120699442987019623e-01
-7.080462610033058657e-02,7.122051509202912412e-01
-7.049897911220062707e-02,7.123381531096102393e-01
-7.019238081740755697e-02,7.124689474300569536e-01
-6.988484884620951854e-02,7.125975311027548109e-01
-6.957640099553039081e-02,7.127239020004957348e-01
-6.926705520868606247e-02,7.128480586408587616e-01
-6.895682955539231274e-02,7.129700001785428398e-01
-6.864574221209576721e-02,7.130897263969437905e-01
-6.833381144265573970e-02,7.132072376990117313e-01
-6.802105557942042524e-02,7.133225350974214951e-01
-6.770749300472514443e-02,7.134356202041012285e-01
-6.739314213283784105e-02,7.135464952191481469e-01
-6.707802139238658312e-02,7.136551629191771884e-01
-6.676214920928560947e-02,7.137616266451363156e-01
-6.644554399018590130e-02,7.138658902896357628e-01
-6.612822410646937432e-02,7.139679582838225347e-01
-6.581020787880084710e-02,7.140678355838434577e-01
-6.549151356225360598e-02,7.141655276569431887e-01
-6.517215933202205602e-02,7.142610404672207203e-01
-6.485216326972795264e-02,7.143543804611058867e-01
-6.453154335033076117e-02,7.144455545525671969e-01
-6.421031742964625200e-02,7.145345701081198264e-01
-6.388850323247455276e-02,7.146214349316404313e-01
-6.356611834134393013e-02,7.147061572490496228e-01
-6.324318018586347345e-02,7.147887456928803118e-01
-6.291970603268928763e-02,7.148692092867789949e-01
-6.259571297609231588e-02,7.149475574299627434e-01
-6.227121792912979070e-02,7.150237998816693086e-01
-6.194623761540687945e-02,7.150979467456328731e-01
-6.162078856142613748e-02,7.151700084546066538e-01
-6.129488708950733833e-02,7.152399957549694376e-01
-6.096854931127557164e-02,7.153079196914386984e-01
-6.064179112169695851e-02,7.153737915919147206e-01
-6.031462819365659977e-02,7.154376230524793767e-01
-5.998707597306082717e-02,7.154994259225746500e-01
-5.965914967444715944e-02,7.155592122903803309e-01
-5.933086427709347022e-02,7.156169944684080964e-01
-5.900223452160460735e-02,7.156727849793337315e-01
-5.867327490696075398e-02,7.157265965420831488e-01
-5.834399968801526337e-02,7.157784420581845275e-01
-5.801442287342070681e-02,7.158283345984038926e-01
-5.768455822396476029e-02,7.158762873896752366e-01
-5.735441925130410623e-02,7.159223138023380617e-01
-5.702401921707531129e-02,7.159664273376866728e-01
-5.669337113236230796e-02,7.160086416158487621e-01
-5.636248775750937745e-02,7.160489703639927317e-01
-5.603138160225815123e-02,7.160874274048750765e-01
-5.570006492619164473e-02,7.161240266457308268e-01
-5.536854973946811476e-02,7.161587820675101579e-01
-5.503684780383030772e-02,7.161917077144697164e-01
-5.470497063387033676e-02,7.162228176841123339e-01
-5.437292949853575474e-02,7.162521261174847886e-01
-5.404073542286144671e-02,7.162796471898285056e-01
-5.370839918990863437e-02,7.163053951015845300e-01
-5.337593134290061214e-02,7.163293840697524395e-01
-5.304334218753634089e-02,7.163516283196005308e-01
-5.271064179446979803e-02,7.163721420767232839e-01
-5.237784000194037337e-02,7.163909395594442175e-01
-5.204494641854209847e-02,7.164080349715651330e-01
-5.171197042611633266e-02,7.164234424954433189e-01
-5.137892118275919073e-02,7.164371762854115921e-01
-5.104580762592900167e-02,7.164492504615183055e-01
-5.071263847564130844e-02,7.164596791035905410e-01
-5.037942223774558026e-02,7.164684762456172695e-01
-5.004616720726826062e-02,7.164756558704339362e-01
-4.971288147181299188e-02,7.164812319047175748e-01
-4.937957291501041124e-02,7.164852182142699144e-01
-4.904624922000919152e-02,7.164876285995969152e-01
-4.871291787299505960e-02,7.164884767917630848e-01
-4.837958616673435075e-02,7.164877764485227951e-01
-4.804626120413454937e-02,7.164855411507162763e-01
-4.771294990181049189e-02,7.164817843989258472e-01
-4.737965899365451095e-02,7.164765196103815015e-01
-4.704639503439941861e-02,7.164697601161071905e-01
-4.671316440317455077e-02,7.164615191583090237e-01
-4.637997330704288212e-02,7.164518098879796293e-01
-4.604682778451715808e-02,7.164406453627329974e-01
-4.571373370905282285e-02,7.164280385448423827e-01
-4.538069679250719690e-02,7.164140022994857082e-01
-4.504772258856834521e-02,7.163985493931849247e-01
-4.471481649614253429e-02,7.163816924924337748e-01
-4.438198376270316436e-02,7.163634441625064131e-01
-4.404922948759418255e-02,7.163438168664388872e-01
-4.371655862528653347e-02,7.163228229641732669e-01
-4.338397598858570459e-02,7.163004747118650872e-01
-4.305148625178797928e-02,7.162767842613351199e-01
-4.271909395378190033e-02,7.162517636596703596e-01
-4.238680350109433337e-02,7.162254248489596797e-01
-4.205461917088204604e-02,7.161977796661582740e-01
-4.172254511386225273e-02,7.161688398430774427e-01
-4.139058535718614928e-02,7.161386170064897305e-01
-4.105874380725166306e-02,7.161071226783453092e-01
-4.072702425245514068e-02,7.160743682760928319e-01
-4.039543036588363889e-02,7.160403651130951008e-01
-4.006396570794282241e-02,7.160051243991449876e-01
-3.973263372892718581e-02,7.159686572410555172e-01
-3.940143777152380067e-02,7.159309746433435429e-01
-3.907038107325938592e-02,7.158920875089802571e-01
-3.873946676888162521e-02,7.158520066402144222e-01
-3.840869789268278045e-02,7.158107427394617694e-01
-3.807807738076152138e-02,7.157683064102515758e-01
-3.774760807322316558e-02,7.157247081582320813e-01
-3.741729271632404652e-02,7.156799583922237584e-01
-3.708713396455307065e-02,7.156340674253169887e-01
-3.675713438265970634e-02,7.155870454760170363e-01
-3.642729644762110475e-02,7.155389026694207733e-01
-3.609762255055617985e-02,7.154896490384279328e-01
-3.576811499858323362e-02,7.154392945249867797e-01
-3.543877601662448473e-02,7.153878489813556563e-01
-3.510960774915639071e-02,7.153353221713953936e-01
-3.478061226191064836e-02,7.152817237718769317e-01
-3.445179154352298601e-02,7.152270633738009309e-01
-3.412314750713349443e-02,7.151713504837355906e-01
-3.379468199193919054e-02,7.151145945251562441e-01
-3.346639676470011815e-02,7.150568048397953902e-01
-3.313829352119970761e-02,7.149979906889938341e-01
-3.281037388766194773e-02,7.149381612550530507e-01
-3.248263942212561983e-02,7.148773256425811073e-01
-3.215509161577786990e-02,7.148154928798393648e-01
-3.182773189424759064e-02,7.147526719200760770e-01
-3.150056161886108375e-02,7.146888716428548838e-01
-3.117358208785966922e-02,7.146241008553678720e-01
-3.084679453758373824e-02,7.145583682937370895e-01
-3.052020014362027966e-02,7.144916826242981855e-01
-3.019380002192004198e-02,7.144240524448681739e-01
-2.986759522988172155e-02,7.143554862859922139e-01
-2.954158676740645251e-02,7.142859926121696290e-01
-2.921577557792484625e-02,7.142155798230587216e-01
-2.889016254939508199e-02,7.141442562546533868e-01
-2.856474851527632253e-02,7.140720301804411863e-01
-2.823953425547726104e-02,7.139989098125265610e-01
-2.791452049728060381e-02,7.139249033027320612e-01
-2.758970791624740238e-02,7.138500187436684907e-01
-2.726509713709796001e-02,7.137742641697761847e-01
-2.694068873457536317e-02,7.136976475583340918e-01
-2.661648323429016694e-02,7.136201768304361037e-01
-2.629248111354715034e-02,7.135418598519404076e-01
-2.596868280215619551e-02,7.134627044343800906e-01
-2.564508868322959434e-02,7.133827183358414370e-01
-2.532169909396381202e-02,7.133019092618115842e-01
-2.499851432640881610e-02,7.132202848659887628e-01
-2.467553462822658084e-02,7.131378527510561227e-01
-2.435276020343773995e-02,7.130546204694263590e-01
-2.403019121315896900e-02,7.129705955239454829e-01
-2.370782777633093086e-02,7.128857853685641732e-01
-2.338566997043839413e-02,7.128001974089741566e-01
-2.306371783222352367e-02,7.127138390032057291e-01
-2.274197135839167716e-02,7.126267174621971900e-01
-2.242043050631226109e-02,7.125388400503199771e-01
-2.209909519471497941e-02,7.124502139858777117e-01
-2.177796530438014244e-02,7.123608464415658315e-01
-2.145704067882731048e-02,7.122707445448965835e-01
-2.113632112499932991e-02,7.121799153785949299e-01
-2.081580641394489839e-02,7.120883659809554844e-01
-2.049549628149777147e-02,7.119961033461705835e-01
-2.017539042895588608e-02,7.119031344246254944e-01
-1.985548852375915163e-02,7.118094661231590958e-01
-1.953579020016515955e-02,7.117151053052988008e-01
-1.921629505992647480e-02,7.116200587914596198e-01
-1.889700267296620662e-02,7.115243333591177999e-01
-1.857791257805502250e-02,7.114279357429553752e-01
-1.825902428348832873e-02,7.113308726349722999e-01
-1.794033726776339543e-02,7.112331506845778195e-01
-1.762185098025920160e-02,7.111347764986520881e-01
-1.730356484191442057e-02,7.110357566415823616e-01
-1.698547824590962430e-02,7.109360976352763206e-01
-1.666759055834821091e-02,7.108358059591506350e-01
-1.634990111894027431e-02,7.107348880500987676e-01
-1.603240924168602977e-02,7.106333503024355736e-01
-1.571511421556187615e-02,7.105311990678233602e-01
-1.539801530520640283e-02,7.104284406551777398e-01
-1.508111175160853357e-02,7.103250813305546085e-01
-1.476440277279497670e-02,7.102211273170215833e-01
-1.444788756452036749e-02,7.101165847945121179e-01
-1.413156530095610597e-02,7.100114598996649651e-01
-1.381543513538030510e-02,7.099057587256514257e-01
-1.349949620086893232e-02,7.097994873219863887e-01
-1.318374761098467518e-02,7.096926516943300456e-01
-1.286818846046752784e-02,7.095852578042802783e-01
-1.255281782592340689e-02,7.094773115691528353e-01
-1.223763476651212878e-02,7.093688188617535140e-01
-1.192263832463505424e-02,7.092597855101457904e-01
-1.160782752661940198e-02,7.091502172974080143e-01
-1.129320138340272894e-02,7.090401199613893812e-01
-1.097875889121321946e-02,7.089294991944598001e-01
-1.066449903224897522e-02,7.088183606432556516e-01
-1.035042077535366922e-02,7.087067099084251032e-01
-1.003652307668831400e-02,7.085945525443729798e-01
-9.722804880400559568e-03,7.084818940590025260e-01
-9.409265119288579005e-03,7.083687399134617202e-01
-9.095902715462150789e-03,7.082550955218848143e-01
-8.782716580996857703e-03,7.081409662511471970e-01
-8.469705618584899565e-03,7.080263574206120403e-01
-8.156868722179189124e-03,7.079112743018887155e-01
-7.844204777631869074e-03,7.077957221185948722e-01
-7.531712663326861623e-03,7.076797060461196276e-01
-7.219391250804535476e-03,7.075632312114019662e-01
-6.907239405380960484e-03,7.074463026927075848e-01
-6.595255986757975197e-03,7.073289255194215031e-01
-6.283439849626981655e-03,7.072111046718417837e-01
-5.971789844263608593e-03,7.070928450809890187e-01
-5.660304817114686360e-03,7.069741516284205884e-01
-5.348983611375590641e-03,7.068550291460599100e-01
-5.037825067559759118e-03,7.067354824160314575e-01
-4.726828024057411204e-03,7.066155161705114374e-01
-4.415991317686190909e-03,7.064951350915874562e-01
-4.105313784230207874e-03,7.063743438111331763e-01
-3.794794258970557443e-03,7.062531469106907434e-01
-3.484431577204988306e-03,7.061315489213716434e-01
-3.174224574755635242e-03,7.060095543237673299e-01
-2.864172088468175392e-03,7.058871675478730623e-01
-2.554272956698327990e-03,7.057643929730283983e-01
-2.244526019787751459e-03,7.056412349278673446e-01
-1.934930120528921549e-03,7.055176976902868269e-01
-1.625484104617797021e-03,7.053937854874263724e-01
-1.316186821095410853e-03,7.052695024956632253e-01
-1.007037122777443283e-03,7.051448528406208949e-01
-6.980338666726093599e-04,7.050198405971941362e-01
-3.891759143883621874e-04,7.048944697895866973e-01
-8.046213252468903399e-05,7.047687443913632777e-01
2.281086069433335695e-04,7.046426683255185841e-01
5.365374262957245399e-04,7.045162454645550465e-01
8.448254417100509173e-04,7.043894796305825157e-01
1.152973762914955014e-03,7.042623745954259551e-01
1.460983492856615662e-03,7.041349340807494528e-01
1.768855727377421916e-03,7.040071617581943331e-01
2.076591554905332648e-03,7.038790612495312571e-01
2.384192056157169448e-03,7.037506361268242028e-01
2.691658303851596212e-03,7.036218899126092108e-01
2.998991362436115304e-03,7.034928260800872302e-01
3.306192287824055720e-03,7.033634480533258460e-01
3.613262127143912483e-03,7.032337592074796584e-01
3.920201918500731963e-03,7.031037628690176566e-01
4.227012690747627977e-03,7.029734623159640261e-01
4.533695463269676873e-03,7.028428607781540549e-01
4.840251245778776079e-03,7.027119614374968126e-01
5.146681038118772200e-03,7.025807674282524840e-01
5.452985830082607288e-03,7.024492818373184733e-01
5.759166601239013028e-03,7.023175077045269443e-01
6.065224320770751243e-03,7.021854480229535733e-01
6.371159947322180273e-03,7.020531057392344065e-01
6.676974428857701538e-03,7.019204837538917108e-01
6.982668702530364646e-03,7.017875849216744788e-01
7.288243694559187746e-03,7.016544120518984906e-01
7.593700320116913982e-03,7.015209679088034722e-01
7.899039483227926484e-03,7.013872552119151393e-01
8.204262076673018989e-03,7.012532766364134584e-01
8.509368981905712781e-03,7.011190348135106776e-01
8.814361068975845592e-03,7.009845323308356857e-01
9.119239196461875752e-03,7.008497717328270316e-01
9.424004211412290166e-03,7.007147555211259426e-01
9.728656949294589573e-03,7.005794861549865526e-01
1.003319823395187882e-02,7.004439660516795785e-01
1.033762887756825566e-02,7.003081975869120956e-01
1.064194968064091640e-02,7.001721830952445380e-01
1.094616143195958902e-02,7.000359248705176896e-01
1.125026490859334927e-02,6.998994251662806754e-01
1.155426087588451445e-02,6.997626861962265021e-01
1.185815008744875443e-02,6.996257101346281537e-01
1.216193328518180850e-02,6.994884991167802379e-01
1.246561119927303007e-02,6.993510552394446300e-01
1.276918454822381643e-02,6.992133805612964492e-01
1.307265403887380995e-02,6.990754771033755866e-01
1.337602036643076309e-02,6.989373468495390096e-01
1.367928421450706478e-02,6.987989917469159540e-01
1.398244625516192885e-02,6.986604137063656683e-01
1.428550714894755158e-02,6.985216146029353812e-01
1.458846754496104237e-02,6.983825962763212658e-01
1.489132808090090632e-02,6.982433605313300706e-01
1.519408938312866164e-02,6.981039091383417494e-01
1.549675206673351013e-02,6.979642438337740895e-01
1.579931673560300287e-02,6.978243663205447866e-01
1.610178398249692555e-02,6.976842782685410693e-01
1.640415438912462553e-02,6.975439813150784429e-01
1.670642852622766794e-02,6.974034770653718684e-01
1.700860695366465669e-02,6.972627670929980592e-01
1.731069022050055195e-02,6.971218529403615527e-01
1.761267886509865210e-02,6.969807361191588946e-01
1.791457341521635049e-02,6.968394181108454877e-01
1.821637438810427834e-02,6.966979003670961124e-01
1.851808229060744604e-02,6.965561843102709982e-01
1.881969761926977069e-02,6.964142713338759005e-01
1.912122086044243385e-02,6.962721628030255072e-01
1.942265249039251684e-02,6.961298600549021831e-01
1.972399297541660435e-02,6.959873643992171566e-01
2.002524277195549818e-02,6.958446771186652668e-01
2.032640232671081848e-02,6.957017994693857066e-01
2.062747207676579597e-02,6.955587326814137716e-01
2.092845244970617524e-02,6.954154779591381619e-01
2.122934386374389359e-02,6.952720364817503995e-01
2.153014672784323014e-02,6.951284094036958017e-01
2.183086144184823163e-02,6.949845978551252301e-01
2.213148839661199796e-02,6.948406029423400687e-01
2.243202797412810479e-02,6.946964257482375338e-01
2.273248054766321968e-02,6.945520673327572059e-01
2.303284648189110606e-02,6.944075287333197899e-01
2.333312613302940264e-02,6.942628109652699830e-01
2.363331984897623639e-02,6.941179150223130145e-01
2.393342796944938899e-02,6.939728418769512963e-01
2.423345082612599066e-02,6.938275924809190753e-01
2.453338874278424009e-02,6.936821677656164198e-01
2.483324203544576281e-02,6.935365686425345455e-01
2.513301101251944059e-02,6.933907960036898022e-01
2.543269597494604572e-02,6.932448507220465572e-01
2.573229721634462397e-02,6.930987336519421893e-01
2.603181502315843332e-02,6.929524456295103052e-01
2.633124967480401923e-02,6.928059874730964074e-01
2.663060144381895755e-02,6.926593599836816662e-01
2.692987059601190114e-02,6.925125639452948123e-01
2.722905739061337593e-02,6.923656001254240300e-01
2.752816208042618840e-02,6.922184692754325130e-01
2.782718491197799793e-02,6.920711721309646958e-01
2.812612612567352843e-02,6.919237094123519283e-01
2.842498595594825095e-02,6.917760818250200394e-01
2.872376463142181646e-02,6.916282900598875738e-01
2.902246237505273774e-02,6.914803347937699129e-01
2.932107940429309889e-02,6.913322166897716281e-01
2.961961593124401437e-02,6.911839363976850503e-01
2.991807216281108794e-02,6.910354945543837335e-01
3.021644830086112066e-02,6.908868917842072577e-01
3.051474454237798617e-02,6.907381286993534708e-01
3.081296107961939423e-02,6.905892059002629590e-01
3.111109810027407052e-02,6.904401239759988540e-01
3.140915578761860338e-02,6.902908835046296376e-01
3.170713432067470694e-02,6.901414850536045087e-01
3.200503387436642866e-02,6.899919291801269727e-01
3.230285461967727367e-02,6.898422164315282101e-01
3.260059672380780094e-02,6.896923473456342268e-01
3.289826035033222018e-02,6.895423224511321170e-01
3.319584565935554399e-02,6.893921422679332167e-01
3.349335280767032352e-02,6.892418073075314844e-01
3.379078194891294018e-02,6.890913180733597709e-01
3.408813323371989723e-02,6.889406750611448693e-01
3.438540680988289022e-02,6.887898787592542371e-01
3.468260282250448800e-02,6.886389296490476042e-01
3.497972141415287006e-02,6.884878282052129261e-01
3.527676272501487076e-02,6.883365748961118857e-01
3.557372689305016156e-02,6.881851701841124047e-01
3.587061405414351811e-02,6.880336145259200453e-01
3.616742434225617142e-02,6.878819083729090789e-01
3.646415788957704796e-02,6.877300521714425630e-01
3.676081482667159506e-02,6.875780463631955275e-01
3.705739528263166105e-02,6.874258913854686126e-01
3.735389938522201692e-02,6.872735876715004855e-01
3.765032726102715555e-02,6.871211356507735957e-01
3.794667903559559297e-02,6.869685357493178213e-01
3.824295483358419734e-02,6.868157883900077865e-01
3.853915477889918728e-02,6.866628939928550723e-01
3.883527899483771306e-02,6.865098529752964307e-01
3.913132760422521894e-02,6.863566657524768910e-01
3.942730072955422105e-02,6.862033327375283154e-01
3.972319849311731210e-02,6.860498543418404038e-01
4.001902101714205351e-02,6.858962309753288134e-01
4.031476842392153759e-02,6.857424630466950610e-01
4.061044083594328447e-02,6.855885509636863162e-01
4.090603837601605730e-02,6.854344951333400937e-01
4.120156116739506769e-02,6.852802959622332768e-01
4.149700933390326751e-02,6.851259538567173735e-01
4.179238300005153062e-02,6.849714692231517743e-01
4.208768229115592008e-02,6.848168424681297939e-01
4.238290733345181915e-02,6.846620739986979398e-01
4.267805825420584176e-02,6.845071642225684094e-01
4.297313518182502290e-02,6.843521135483261464e-01
4.326813824596251190e-02,6.841969223856294580e-01
4.356306757762115622e-02,6.840415911454013065e-01
4.385792330925292193e-02,6.838861202400170480e-01
4.415270557485659331e-02,6.837305100834828453e-01
4.444741451007069855e-02,6.835747610916085293e-01
4.474205025226496435e-02,6.834188736821729115e-01
4.503661294062674680e-02,6.832628482750807697e-01
4.533110271624471443e-02,6.831066852925147259e-01
4.562551972218925611e-02,6.829503851590775776e-01
4.591986410359008564e-02,6.827939483019298539e-01
4.621413600770812868e-02,6.826373751509176024e-01
4.650833558400604972e-02,6.824806661386930706e-01
4.680246298421375517e-02,6.823238217008305018e-01
4.709651836239053813e-02,6.821668422759309403e-01
4.739050187498392019e-02,6.820097283057200421e-01
4.768441368088396914e-02,6.818524802351428882e-01
4.797825394147442468e-02,6.816950985124434759e-01
4.827202282067918904e-02,6.815375835892444334e-01
4.856572048500640282e-02,6.813799359206136330e-01
4.885934710358685873e-02,6.812221559651263636e-01
4.915290284820963973e-02,6.810642441849191764e-01
4.944638789335401019e-02,6.809062010457365144e-01
4.973980241621642207e-02,6.807480270169682379e-01
5.003314659673460674e-02,6.805897225716841525e-01
5.032642061760730923e-02,6.804312881866554363e-01
5.061962466431024765e-02,6.802727243423751791e-01
5.091275892510829792e-02,6.801140315230661537e-01
5.120582359106332082e-02,6.799552102166845913e-01
5.149881885603940779e-02,6.797962609149177382e-01
5.179174491670271441e-02,6.796371841131736424e-01
5.208460197251946200e-02,6.794779803105615024e-01
5.237739022574830483e-02,6.793186500098719049e-01
5.267010988143042138e-02,6.791591937175431859e-01
5.296276114737524798e-02,6.789996119436283450e-01
5.325534423414421403e-02,6.788399052017504154e-01
5.354785935502789918e-02,6.786800740090550565e-01
5.384030672602357903e-02,6.785201188861564869e-01
5.413268656580647042e-02,6.783600403570776427e-01
5.442499909569961658e-02,6.781998389491836754e-01
5.471724453963910939e-02,6.780395151931137843e-01
5.500942312413753532e-02,6.778790696227028345e-01
5.530153507824375758e-02,6.777185027749026425e-01
5.559358063350036683e-02,6.775578151896959334e-01
5.588556002389630240e-02,6.773970074100046368e-01
5.617747348582077804e-02,6.772360799815992927e-01
5.646932125800974145e-02,6.770750334529975767e-01
5.676110358149408230e-02,6.769138683753623820e-01
5.705282069954256685e-02,6.767525853023963478e-01
5.734447285760371771e-02,6.765911847902326137e-01
5.763606030324588958e-02,6.764296673973204665e-01
5.792758328609368124e-02,6.762680336843103213e-01
5.821904205776437524e-02,6.761062842139344831e-01
5.851043687180143560e-02,6.759444195508856890e-01
5.880176798360564616e-02,6.757824402616940951e-01
5.909303565036666539e-02,6.756203469145991569e-01
5.938424013099080634e-02,6.754581400794230639e-01
5.967538168602920523e-02,6.752958203274406213e-01
5.996646057760396387e-02,6.751333882312468004e-01
6.025747706933293202e-02,6.749708443646247336e-01
6.054843142625462860e-02,6.748081893024129307e-01
6.083932391475066481e-02,6.746454236203680566e-01
6.113015480246875022e-02,6.744825478950303710e-01
6.142092435824453300e-02,6.743195627035898365e-01
6.171163285202266313e-02,6.741564686237468962e-01
6.200228055477813305e-02,6.739932662335772484e-01
6.229286773843703551e-02,6.738299561113959557e-01
6.258339467579632220e-02,6.736665388356218864e-01
6.287386164044517223e-02,6.735030149846409353e-01
6.316426890668488947e-02,6.733393851366735738e-01
6.345461674944996577e-02,6.731756498696388480e-01
6.374490544422845018e-02,6.730118097610220396e-01
6.403513526698401126e-02,6.728478653877451032e-01
6.432530649407741663e-02,6.726838173260345499e-01
6.461541940218837321e-02,6.725196661512931051e-01
6.490547426823961574e-02,6.723554124379740315e-01
6.519547136931982956e-02,6.721910567594556740e-01
6.548541098260879378e-02,6.720265996879171144e-01
6.577529338530330172e-02,6.718620417942198220e-01
6.606511885454316446e-02,6.716973836477884152e-01
6.635488766733935173e-02,6.715326258164937556e-01
6.664460010050307637e-02,6.713677688665384835e-01
6.693425643057673846e-02,6.712028133623502146e-01
6.722385693376412008e-02,6.710377598664691856e-01
6.751340188586507640e-02,6.708726089394456693e-01
6.780289156220889457e-02,6.707073611397367241e-01
6.809232623759153835e-02,6.705420170236061628e-01
6.838170618621253194e-02,6.703765771450314048e-01
6.867103168161520221e-02,6.702110420556082193e-01
6.896030299662730956e-02,6.700454123044614629e-01
6.924952040330445424e-02,6.698796884381614802e-01
6.953868417287498160e-02,6.697138710006369511e-01
6.982779457568635828e-02,6.695479605331016160e-01
7.011685188115429623e-02,6.693819575739736738e-01
7.040585635771284823e-02,6.692158626588072812e-01
7.069480827276763968e-02,6.690496763202208319e-01
7.098370789265009972e-02,6.688833990878370050e-01
7.127255548257452333e-02,6.687170314882180389e-01
7.156135130659654897e-02,6.685505740448107748e-01
7.185009562757455059e-02,6.683840272778917013e-01
7.213878870713205660e-02,6.682173917045184375e-01
7.242743080562377700e-02,6.680506678384845465e-01
7.271602218210221347e-02,6.678838561902752380e-01
7.300456309428784984e-02,6.677169572670323960e-01
7.329305379854053615e-02,6.675499715725183858e-01
7.358149454983337057e-02,6.673828996070838571e-01
7.386988560172932927e-02,6.672157418676447627e-01
7.415822720635878440e-02,6.670484988476559352e-01
7.444651961440104659e-02,6.668811710370943224e-01
7.473476307506612959e-02,6.667137589224421124e-01
7.502295783608031732e-02,6.665462629866742983e-01
7.531110414367286898e-02,6.663786837092517956e-01
7.559920224256563848e-02,6.662110215661174450e-01
7.588725237596424811e-02,6.660432770296922378e-01
7.617525478555148277e-02,6.658754505688818659e-01
7.646320971148351520e-02,6.657075426490794978e-01
7.675111739238735242e-02,6.655395537321784349e-01
7.703897806536055826e-02,6.653714842765825477e-01
7.732679196597375126e-02,6.652033347372234839e-01
7.761455932827379667e-02,6.650351055655832067e-01
7.790228038479093953e-02,6.648667972097130896e-01
7.818995536654557710e-02,6.646984101142627832e-01
7.847758450305927780e-02,6.645299447205089693e-01
7.876516802236599446e-02,6.643614014663883349e-01
7.905270615102599763e-02,6.641927807865327660e-01
7.934019911414189052e-02,6.640240831123083165e-01
7.962764713537570649e-02,6.638553088718568418e-01
7.991505043696828237e-02,6.636864584901396302e-01
8.020240923976051928e-02,6.635175323889862531e-01
8.048972376321589239e-02,6.633485309871423041e-01
8.077699422544476482e-02,6.631794547003220242e-01
8.106422084323092192e-02,6.630103039412665877e-01
8.135140383205879955e-02,6.628410791197958396e-01
8.163854340614298821e-02,6.626717806428739088e-01
8.192563977845851442e-02,6.625024089146666073e-01
8.221269316077355060e-02,6.623329643366082653e-01
8.249970376368258307e-02,6.621634473074681226e-01
8.278667179664159215e-02,6.619938582234176083e-01
8.307359746800370426e-02,6.618241974781015058e-01
8.336048098505778603e-02,6.616544654627101174e-01
8.364732255406552575e-02,6.614846625660524282e-01
8.393412238030303896e-02,6.613147891746330442e-01
8.422088066810011486e-02,6.611448456727294642e-01
8.450759762088340399e-02,6.609748324424683519e-01
8.479427344121884258e-02,6.608047498639085804e-01
8.508090833085522886e-02,6.606345983151209467e-01
8.536750249076953401e-02,6.604643781722721041e-01
8.565405612121188006e-02,6.602940898097051647e-01
8.594056942175178071e-02,6.601237336000277400e-01
8.622704259132568660e-02,6.599533099141954295e-01
8.651347582828368410e-02,6.597828191215976412e-01
8.679986933043801201e-02,6.596122615901465203e-01
8.708622329511141180e-02,6.594416376863614371e-01
8.737253791918646317e-02,6.592709477754591374e-01
8.765881339915411463e-02,6.591001922214418940e-01
8.794504993116419866e-02,6.589293713871821057e-01
8.823124771107444808e-02,6.587584856345156670e-01
8.851740693450106667e-02,6.585875353243286767e-01
8.880352779686803699e-02,6.584165208166433692e-01
8.908961049345769101e-02,6.582454424707087082e-01
8.937565521946050362e-02,6.580743006450879840e-01
8.966166217002428940e-02,6.579030956977445221e-01
8.994763154030514796e-02,6.577318279861292805e-01
9.023356352551502313e-02,6.575604978672668910e-01
9.051945832097178790e-02,6.573891056978402592e-01
9.080531612214727544e-02,6.572176518342739415e-01
9.109113712471551827e-02,6.570461366328189667e-01
9.137692152459955808e-02,6.568745604496332158e-01
9.166266951801875507e-02,6.567029236408628012e-01
9.194838130153457079e-02,6.565312265627203381e-01
9.223405707209539339e-02,6.563594695715641025e-01
9.251969702708140453e-02,6.561876530239724170e-01
9.280530136434750332e-02,6.560157772768189233e-01
9.309087028226582794e-02,6.558438426873436367e-01
9.337640397976668116e-02,6.556718496132267759e-01
9.366190265637902579e-02,6.554997984126513799e-01
9.394736651226892610e-02,6.553276894443751388e-01
9.423279574827703176e-02,6.551555230677904573e-01
9.451819056595517354e-02,6.549832996429880705e-01
9.480355116760018352e-02,6.548110195308143311e-01
9.508887775628818706e-02,6.546386830929279421e-01
9.537417053590506455e-02,6.544662906918552459e-01
9.565942971117703808e-02,6.542938426910380745e-01
9.594465548769909313e-02,6.541213394548839322e-01
9.622984807196097168e-02,6.539487813488099599e-01
9.651500767137233261e-02,6.537761687392860122e-01
9.680013449428510885e-02,6.536035019938708501e-01
9.708522875001496244e-02,6.534307814812512216e-01
9.737029064886001950e-02,6.532580075712702827e-01
9.765532040211766240e-02,6.530851806349603494e-01
9.794031822209965654e-02,6.529123010445649911e-01
9.822528432214469585e-02,6.527393691735638992e-01
9.851021891662939400e-02,6.525663853966894301e-01
9.879512222097663887e-02,6.523933500899421478e-01
9.907999445166174035e-02,6.522202636306032586e-01
9.936483582621656596e-02,6.520471263972396070e-01
9.964964656323158088e-02,6.518739387697106702e-01
9.993442688235507076e-02,6.517007011291683360e-01
1.002191770042906854e-01,6.515274138580504637e-01
1.005038971507922069e-01,6.513540773400782191e-01
1.007885875446562218e-01,6.511806919602424193e-01
1.010732484097125322e-01,6.510072581047892104e-01
1.013578799708119982e-01,6.508337761612021932e-01
1.016424824538124660e-01,6.506602465181807737e-01
1.019270560855619484e-01,6.504866695656129627e-01
1.022116010938798336e-01,6.503130456945485083e-01
1.024961177075358887e-01,6.501393752971622586e-01
1.027806061562261397e-01,6.499656587667206331e-01
1.030650666705481139e-01,6.497918964975401002e-01
1.033494994819720847e-01,6.496180888849427681e-01
1.036339048228116233e-01,6.494442363252107553e-01
1.039182829261911523e-01,6.492703392155345643e-01
1.042026340260115425e-01,6.490963979539591255e-01
1.044869583569138782e-01,6.489224129393278417e-01
1.047712561542412102e-01,6.487483845712209707e-01
1.050555276539977129e-01,6.485743132498924535e-01
1.053397730928072595e-01,6.484001993762055216e-01
1.056239927078686525e-01,6.482260433515597553e-01
1.059081867369102564e-01,6.480518455778240261e-01
1.061923554181419677e-01,6.478776064572576709e-01
1.064764989902066278e-01,6.477033263924356632e-01
1.067606176921289257e-01,6.475290057861691206e-01
1.070447117632630507e-01,6.473546450414223719e-01
1.073287814432393877e-01,6.471802445612303556e-01
1.076128269719092839e-01,6.470058047486112462e-01
1.078968485892888296e-01,6.468313260064797454e-01
1.081808465355017373e-01,6.466568087375578200e-01
1.084648210507205141e-01,6.464822533442811103e-01
1.087487723751074387e-01,6.463076602287094463e-01
1.090327007487538608e-01,6.461330297924310351e-01
1.093166064116191660e-01,6.459583624364669818e-01
1.096004896034692283e-01,6.457836585611764768e-01
1.098843505638136681e-01,6.456089185661593177e-01
1.101681895318429444e-01,6.454341428501568778e-01
1.104520067463650862e-01,6.452593318109556275e-01
1.107358024457419515e-01,6.450844858452879915e-01
1.110195768678253897e-01,6.449096053487318736e-01
1.113033302498930288e-01,6.447346907156139562e-01
1.115870628285842020e-01,6.445597423389074487e-01
1.118707748398361096e-01,6.443847606101382741e-01
1.121544665188197454e-01,6.442097459192807074e-01
1.124381380998762947e-01,6.440346986546632291e-01
1.127217898164539212e-01,6.438596192028698262e-01
1.130054219010447752e-01,6.436845079486435139e-01
1.132890345851226277e-01,6.435093652747900794e-01
1.135726280990811687e-01,6.433341915620849338e-01
1.138562026721728765e-01,6.431589871891761900e-01
1.141397585324484820e-01,6.429837525324969549e-01
1.144232959066976696e-01,6.428084879661701834e-01
1.147068150203906928e-01,6.426331938619220807e-01
1.149903160976200600e-01,6.424578705889931740e-01
1.152737993610445655e-01,6.422825185140518256e-01
1.155572650318338196e-01,6.421071380011120766e-01
1.158407133296135705e-01,6.419317294114479377e-01
1.161241444724130101e-01,6.417562931035176721e-01
1.164075586766129961e-01,6.415808294328816386e-01
1.166909561568956755e-01,6.414053387521272409e-01
1.169743371261953852e-01,6.412298214107984284e-01
1.172577017956511619e-01,6.410542777553195348e-01
1.175410503745608765e-01,6.408787081289296639e-01
1.178243830703366163e-01,6.407031128716151880e-01
1.181077000884612482e-01,6.405274923200459103e-01
1.183910016324480757e-01,6.403518468075130032e-01
1.186742879038002185e-01,6.401761766638704998e-01
1.189575591019725737e-01,6.400004822154797823e-01
1.192408154243357749e-01,6.398247637851548486e-01
1.195240570661413454e-01,6.396490216921115746e-01
1.198072842204881000e-01,6.394732562519207519e-01
1.200904970782914610e-01,6.392974677764602376e-01
1.203736958282532604e-01,6.391216565738745414e-01
1.206568806568341090e-01,6.389458229485323049e-01
1.209400517482266818e-01,6.387699672009909957e-01
1.212232092843318898e-01,6.385940896279604928e-01
1.215063534447350380e-01,6.384181905222712228e-01
1.217894844066854387e-01,6.382422701728458492e-01
1.220726023450764558e-01,6.380663288646712950e-01
1.223557074324278099e-01,6.378903668787750947e-01
1.226387998388691752e-01,6.377143844922018578e-01
1.229218797321258994e-01,6.375383819779971706e-01
1.232049472775052917e-01,6.373623596051887219e-01
1.234880026378858270e-01,6.371863176387727590e-01
1.237710459737068336e-01,6.370102563397014306e-01
1.240540774429601117e-01,6.368341759648752376e-01
1.243370972011829251e-01,6.366580767671332630e-01
1.246201054014525328e-01,6.364819589952498413e-01
1.249031021943819292e-01,6.363058228939311167e-01
1.251860877281171791e-01,6.361296687038141551e-01
1.254690621483355306e-01,6.359534966614692753e-01
1.257520255982464141e-01,6.357773069994014925e-01
1.260349782185905543e-01,6.356010999460585120e-01
1.263179201476440083e-01,6.354248757258340596e-01
1.266008515212208585e-01,6.352486345590807604e-01
1.268837724726775418e-01,6.350723766621166888e-01
1.271666831329185676e-01,6.348961022472418003e-01
1.274495836304034846e-01,6.347198115227477011e-01
1.277324740911540968e-01,6.345435046929347456e-01
1.280153546387627905e-01,6.343671819581303550e-01
1.282982253944025819e-01,6.341908435147031176e-01
1.285810864768365813e-01,6.340144895550854365e-01
1.288639380024294290e-01,6.338381202677925152e-01
1.291467800851595071e-01,6.336617358374438957e-01
1.294296128366305143e-01,6.334853364447872170e-01
1.297124363660850099e-01,6.333089222667204199e-01
1.299952507804180701e-01,6.331324934763169487e-01
1.302780561841923590e-01,6.329560502428518420e-01
1.305608526796514235e-01,6.327795927318267122e-01
1.308436403667364578e-01,6.326031211049973901e-01
1.311264193431012914e-01,6.324266355204013479e-01
1.314091897041286816e-01,6.322501361323852320e-01
1.316919515429469389e-01,6.320736230916340626e-01
1.319747049504464143e-01,6.318970965452002098e-01
1.322574500152970678e-01,6.317205566365329261e-01
1.325401868239656222e-01,6.315440035055071011e-01
1.328229154607322160e-01,6.313674372884545694e-01
1.331056360077099432e-01,6.311908581181934208e-01
1.333883485448607575e-01,6.310142661240594197e-01
1.336710531500144850e-01,6.308376614319343156e-01
1.339537498988862263e-01,6.306610441642792608e-01
1.342364388650948426e-01,6.304844144401623440e-01
1.345191201201803022e-01,6.303077723752912309e-01
1.348017937336221661e-01,6.301311180820421409e-01
1.350844597728569074e-01,6.299544516694910445e-01
1.353671183032963410e-01,6.297777732434417519e-01
1.356497693883444988e-01,6.296010829064581094e-01
1.359324130894155047e-01,6.294243807578919769e-01
1.362150494659509492e-01,6.292476668939125384e-01
1.364976785754369315e-01,6.290709414075338346e-01
1.367803004734207406e-01,6.288942043886465161e-01
1.370629152135278139e-01,6.287174559240414906e-01
1.373455228474774470e-01,6.285406960974411206e-01
1.376281234251000574e-01,6.283639249895230927e-01
1.379107169943517841e-01,6.281871426779497281e-01
1.381933036013304195e-01,6.280103492373905194e-01
1.384758832902907022e-01,6.278335447395518853e-01
1.387584561036586117e-01,6.276567292531978204e-01
1.390410220820461618e-01,6.274799028441757631e-01
1.393235812642655835e-01,6.273030655754399110e-01
1.396061336873415937e-01,6.271262175070748679e-01
1.398886793865270484e-01,6.269493586963159615e-01
1.401712183953129076e-01,6.267724891975723356e-01
1.404537507454425849e-01,6.265956090624462682e-01
1.407362764669231603e-01,6.264187183397552650e-01
1.410187955880368715e-01,6.262418170755490454e-01
1.413013081353519662e-01,6.260649053131291941e-01
1.415838141337333878e-01,6.258879830930672572e-01
1.418663136063531005e-01,6.257110504532207296e-01
1.421488065746991381e-01,6.255341074287502634e-01
1.424312930585851789e-01,6.253571540521347671e-01
1.427137730761591783e-01,6.251801903531861715e-01
1.429962466439110846e-01,6.250032163590635292e-01
1.432787137766811658e-01,6.248262320942847836e-01
1.435611744876665319e-01,6.246492375807423114e-01
1.438436287884287124e-01,6.244722328377108056e-01
1.441260766888989853e-01,6.242952178818599318e-01
1.444085181973848164e-01,6.241181927272657637e-01
1.446909533205746334e-01,6.239411573854163340e-01
1.449733820635431825e-01,6.237641118652239580e-01
1.452558044297556361e-01,6.235870561730305628e-01
1.455382204210711183e-01,6.234099903126155695e-01
1.458206300377466458e-01,6.232329142852028880e-01
1.461030332784400421e-01,6.230558280894649137e-01
1.463854301402123248e-01,6.228787317215285224e-01
1.466678206185296762e-01,6.227016251749791786e-01
1.469502047072658302e-01,6.225245084408641549e-01
1.472325823987024052e-01,6.223473815076950855e-01
1.475149536835300701e-01,6.221702443614512967e-01
1.477973185508501541e-01,6.219930969855806957e-01
1.480796769881728703e-01,6.218159393609993257e-01
1.483620289814185089e-01,6.216387714660964736e-01
1.486443745149164941e-01,6.214615932767278972e-01
1.489267135714040791e-01,6.212844047662217095e-01
1.492090461320257355e-01,6.211072059053713845e-01
1.494913721763315162e-01,6.209299966624406419e-01
1.497736916822745290e-01,6.207527770031554537e-01
1.500560046262101599e-01,6.205755468907045991e-01
1.503383109828930753e-01,6.203983062857379993e-01
1.506206107254748905e-01,6.202210551463602783e-01
1.509029038255012001e-01,6.200437934281318730e-01
1.511851902529096070e-01,6.198665210840600404e-01
1.514674699760259757e-01,6.196892380646011889e-01
1.517497429615621285e-01,6.195119443176517748e-01
1.520320091746119318e-01,6.193346397885476362e-01
1.523142685786490480e-01,6.191573244200579973e-01
1.525965211355228002e-01,6.189799981523826933e-01
1.528787668054558679e-01,6.188026609231469521e-01
1.531610055470409293e-01,6.186253126673990632e-01
1.534432373172374131e-01,6.184479533176039379e-01
1.537254620713689179e-01,6.182705828036426654e-01
1.540076797631202143e-01,6.180932010528075171e-01
1.542898903445352743e-01,6.179158079897990596e-01
1.545720937660140515e-01,6.177384035367230464e-01
1.548542899763116765e-01,6.175609876130898623e-01
1.551364789225353757e-01,6.173835601358115266e-01
1.554186605501444995e-01,6.172061210192016922e-01
1.557008348029486899e-01,6.170286701749736480e-01
1.559830016231076311e-01,6.168512075122432048e-01
1.562651609511312434e-01,6.166737329375278076e-01
1.565473127258803221e-01,6.164962463547494220e-01
1.568294568845672865e-01,6.163187476652380870e-01
1.571115933627586503e-01,6.161412367677344681e-01
1.573937220943767146e-01,6.159637135583972967e-01
1.576758430117037313e-01,6.157861779308084760e-01
1.579579560453850673e-01,6.156086297759801873e-01
1.582400611244350885e-01,6.154310689823657698e-01
1.585221581762419618e-01,6.152534954358680475e-01
1.588042471265752875e-01,6.150759090198539836e-01
1.590863278995933161e-01,6.148983096151668937e-01
1.593684004178521907e-01,6.147206971001419884e-01
1.596504646023158003e-01,6.145430713506222498e-01
1.599325203723667155e-01,6.143654322399818568e-01
1.602145676458190116e-01,6.141877796391421729e-01
1.604966063389317021e-01,6.140101134165988350e-01
1.607786363664238660e-01,6.138324334384436254e-01
1.610606576414907454e-01,6.136547395683953354e-01
1.613426700758223142e-01,6.134770316678280766e-01
1.616246735796219858e-01,6.132993095958028107e-01
1.619066680616279841e-01,6.131215732091035431e-01
1.621886534291356041e-01,6.129438223622729609e-01
1.624706295880215534e-01,6.127660569076542885e-01
1.627525964427699035e-01,6.125882766954330316e-01
1.630345538964997343e-01,6.124104815736809426e-01
1.633165018509944721e-01,6.122326713884067573e-01
1.635984402067332255e-01,6.120548459836057109e-01
1.638803688629240363e-01,6.118770052013138283e-01
1.641622877175386019e-01,6.116991488816664324e-01
1.644441966673498845e-01,6.115212768629552098e-01
1.647260956079704131e-01,6.113433889816946021e-01
1.650079844338938340e-01,6.111654850726881971e-01
1.652898630385377376e-01,6.109875649690952315e-01
1.655717313142883174e-01,6.108096285025069738e-01
1.658535891525484418e-01,6.106316755030214427e-01
1.661354364437857556e-01,6.104537057993224547e-01
1.664172730775847764e-01,6.102757192187626689e-01
1.666990989426997971e-01,6.100977155874500735e-01
1.669809139271107579e-01,6.099196947303355820e-01
1.672627179180805890e-01,6.097416564713080689e-01
1.675445108022143026e-01,6.095636006332866286e-01
1.678262924655218868e-01,6.093855270383230494e-01
1.681080627934807281e-01,6.092074355077005121e-01
1.683898216711022244e-01,6.090293258620421701e-01
1.686715689829986209e-01,6.088511979214148440e-01
1.689533046134532313e-01,6.086730515054454838e-01
1.692350284464919363e-01,6.084948864334306373e-01
1.695167403659559868e-01,6.083167025244553550e-01
1.697984402555773042e-01,6.081384995975136487e-01
1.700801279990553638e-01,6.079602774716283964e-01
1.703618034801355763e-01,6.077820359659774629e-01
1.706434665826891406e-01,6.076037749000213761e-01
1.709251171907942290e-01,6.074254940936304470e-01
1.712067551888195871e-01,6.072471933672176636e-01
1.714883804615078278e-01,6.070688725418733611e-01
1.717699928940611132e-01,6.068905314394957839e-01
1.720515923722276130e-01,6.067121698829327503e-01
1.723331787823887129e-01,6.065337876961163222e-01
1.726147520116468603e-01,6.063553847042038036e-01
1.728963119479152155e-01,6.061769607337175181e-01
1.731778584800067189e-01,6.059985156126845851e-01
1.734593914977237417e-01,6.058200491707812496e-01
1.737409108919492351e-01,6.056415612394723258e-01
1.740224165547362700e-01,6.054630516521548600e-01
1.743039083793991584e-01,6.052845202442993511e-01
1.745853862606035478e-01,6.051059668535917480e-01
1.748668500944564330e-01,6.049273913200752251e-01
1.751482997785960283e-01,6.047487934862886272e-01
1.754297352122807796e-01,6.045701731974080229e-01
1.757111562964774887e-01,6.043915303013829288e-01
1.759925629339487430e-01,6.042128646490732002e-01
1.762739550293394852e-01,6.040341760943818139e-01
1.765553324892617237e-01,6.038554644943907590e-01
1.768366952223782707e-01,6.036767297094872697e-01
1.771180431394847321e-01,6.034979716034921671e-01
1.773993761535901381e-01,6.033191900437848698e-01
1.776806941799947970e-01,6.031403849014240759e-01
1.779619971363674003e-01,6.029615560512660011e-01
1.782432849428182142e-01,6.027827033720778438e-01
1.785245575219717995e-01,6.026038267466482523e-01
1.788058147990354840e-01,6.024249260618935731e-01
1.790870567018663095e-01,6.022460012089607684e-01
1.793682831610345918e-01,6.020670520833215633e-01
1.796494941098851772e-01,6.018880785848690351e-01
1.799306894845941751e-01,6.017090806180033224e-01
1.802118692242248854e-01,6.015300580917120055e-01
1.804930332707774809e-01,6.013510109196507081e-01
1.807741815692380516e-01,6.011719390202130420e-01
1.810553140676220418e-01,6.009928423165955547e-01
1.813364307170150513e-01,6.008137207368597910e-01
1.816175314716099998e-01,6.006345742139855837e-01
1.818986162887398783e-01,6.004554026859184601e-01
1.821796851289069485e-01,6.002762060956134960e-01
1.824607379558082498e-01,6.000969843910696211e-01
1.827417747363568323e-01,5.999177375253591515e-01
1.830227954406989654e-01,5.997384654566526585e-01
1.833038000422272384e-01,5.995591681482332902e-01
1.835847885175903027e-01,5.993798455685075410e-01
1.838657608466968407e-01,5.992004976910121350e-01
1.841467170127175368e-01,5.990211244944070312e-01
1.844276570020811634e-01,5.988417259624693179e-01
1.847085808044680588e-01,5.986623020840766696e-01
1.849894884127980532e-01,5.984828528531864755e-01
1.852703798232157306e-01,5.983033782688060853e-01
1.855512550350709167e-01,5.981238783349615007e-01
1.858321140508950586e-01,5.979443530606537438e-01
1.861129568763749964e-01,5.977648024598143373e-01
1.863937835203210991e-01,5.975852265512526795e-01
1.866745939946331256e-01,5.974056253585987575e-01
1.869553883142618111e-01,5.972259989102373101e-01
1.872361664971671780e-01,5.970463472392408821e-01
1.875169285642730166e-01,5.968666703832961051e-01
1.877976745394185909e-01,5.966869683846192096e-01
1.880784044493062079e-01,5.965072412898786425e-01
1.883591183234469002e-01,5.963274891500989217e-01
1.886398161941023610e-01,5.961477120205720404e-01
1.889204980962234659e-01,5.959679099607556596e-01
1.892011640673876283e-01,5.957880830341732992e-01
1.894818141477321582e-01,5.956082313083059798e-01
1.897624483798859563e-01,5.954283548544841986e-01
1.900430668088982644e-01,5.952484537477723547e-01
1.903236694821660302e-01,5.950685280668545074e-01
1.906042564493589386e-01,5.948885778939131397e-01
1.908848277623417800e-01,5.947086033145061457e-01
1.911653834750969283e-01,5.945286044174434847e-01
1.914459236436431011e-01,5.943485812946600610e-01
1.917264483259547569e-01,5.941685340410838290e-01
1.920069575818785790e-01,5.939884627545075624e-01
1.922874514730496809e-01,5.938083675354556279e-01
1.925679300628069801e-01,5.936282484870478715e-01
1.928483934161072666e-01,5.934481057148679461e-01
1.931288415994390495e-01,5.932679393268233126e-01
1.934092746807352936e-01,5.930877494330123456e-01
1.936896927292863502e-01,5.929075361455847792e-01
1.939700958156526933e-01,5.927272995786042609e-01
1.942504840115766851e-01,5.925470398479130152e-01
1.945308573898952842e-01,5.923667570709914010e-01
1.948112160244528102e-01,5.921864513668236851e-01
1.950915599900129582e-01,5.920061228557609301e-01
1.953718893621725627e-01,5.918257716593829931e-01
1.956522042172747500e-01,5.916453979003682973e-01
1.959325046323234232e-01,5.914650017023551642e-01
1.962127906848979697e-01,5.912845831898118076e-01
1.964930624530684955e-01,5.911041424879054373e-01
1.967733200153131967e-01,5.909236797223704762e-01
1.970535634504348987e-01,5.907431950193812176e-01
1.973337928374800931e-01,5.905626885054265918e-01
1.976140082556580302e-01,5.903821603071828239e-01
1.978942097842616432e-01,5.902016105513927524e-01
1.981743975025896942e-01,5.900210393647442597e-01
1.984545714898699742e-01,5.898404468737513673e-01
1.987347318251830863e-01,5.896598332046383284e-01
1.990148785873893378e-01,5.894791984832240539e-01
1.992950118550557703e-01,5.892985428348106458e-01
1.995751317063846619e-01,5.891178663840752616e-01
1.998552382191438603e-01,5.889371692549599802e-01
2.001353314705991149e-01,5.887564515705691059e-01
2.004154115374464640e-01,5.885757134530649193e-01
2.006954784957475646e-01,5.883949550235691994e-01
2.009755324208660765e-01,5.882141764020635266e-01
2.012555733874052677e-01,5.880333777072979107e-01
2.015356014691473407e-01,5.878525590566928694e-01
2.018156167389951461e-01,5.876717205662531640e-01
2.020956192689137842e-01,5.874908623504784266e-01
2.023756091298748727e-01,5.873099845222777837e-01
2.026555863918024225e-01,5.871290871928870336e-01
2.029355511235192977e-01,5.869481704717878223e-01
2.032155033926959231e-01,5.867672344666285955e-01
2.034954432658000745e-01,5.865862792831497696e-01
2.037753708080483894e-01,5.864053050251084587e-01
2.040552860833583504e-01,5.862243117942067538e-01
2.043351891543030985e-01,5.860432996900226676e-01
2.046150800820659421e-01,5.858622688099417442e-01
2.048949589263973081e-01,5.856812192490923330e-01
2.051748257455721092e-01,5.855001511002806414e-01
2.054546805963490264e-01,5.853190644539287835e-01
2.057345235339302081e-01,5.851379593980152727e-01
2.060143546119225233e-01,5.849568360180161797e-01
2.062941738822991755e-01,5.847756943968481780e-01
2.065739813953635651e-01,5.845945346148122557e-01
2.068537771997128183e-01,5.844133567495412018e-01
2.071335613422022326e-01,5.842321608759462048e-01
2.074133338679119976e-01,5.840509470661650049e-01
2.076930948201125837e-01,5.838697153895129333e-01
2.079728442402321853e-01,5.836884659124329522e-01
2.082525821678249955e-01,5.835071986984479153e-01
2.085323086405386495e-01,5.833259138081129391e-01
2.088120236940839980e-01,5.831446112989704389e-01
2.090917273622036332e-01,5.829632912255030552e-01
2.093714196766424118e-01,5.827819536390890232e-01
2.096511006671170352e-01,5.826005985879595395e-01
2.099307703612869336e-01,5.824192261171525775e-01
2.102104287847244291e-01,5.822378362684716979e-01
2.104900759608858696e-01,5.820564290804400853e-01
2.107697119110824857e-01,5.818750045882608024e-01
2.110493366544516358e-01,5.816935628237712708e-01
2.113289502079276350e-01,5.815121038154023037e-01
2.116085525862123062e-01,5.813306275881344742e-01
2.118881438017470031e-01,5.811491341634545948e-01
2.121677238646819952e-01,5.809676235593140836e-01
2.124472927828479352e-01,5.807860957900827792e-01
2.127268505617251892e-01,5.806045508665078625e-01
2.130063972044143050e-01,5.804229887956677825e-01
2.132859327116050918e-01,5.802414095809260708e-01
2.135654570815460618e-01,5.800598132218881542e-01
2.138449703100119004e-01,5.798781997143532818e-01
2.141244723902724079e-01,5.796965690502670077e-01
2.144039633130591649e-01,5.795149212176731179e-01
2.146834430665324478e-01,5.793332562006654474e-01
2.149629116362466175e-01,5.791515739793346995e-01
2.152423690051156746e-01,5.789698745297202631e-01
2.155218151533767890e-01,5.787881578237548119e-01
2.158012500585545501e-01,5.786064238292104589e-01
2.160806736954222484e-01,5.784246725096459096e-01
2.163600860359641276e-01,5.782429038243434016e-01
2.166394870493350278e-01,5.780611177282571900e-01
2.169188767018196407e-01,5.778793141719480442e-01
2.171982549567907372e-01,5.776974931015217418e-01
2.174776217746655638e-01,5.775156544585677842e-01
2.177569771128615994e-01,5.773337981800908958e-01
2.180363209257503432e-01,5.771519241984445214e-01
2.183156531646105736e-01,5.769700324412603276e-01
2.185949737775790547e-01,5.767881228313769260e-01
2.188742827096007426e-01,5.766061952867640450e-01
2.191535799023771602e-01,5.764242497204478122e-01
2.194328652943123847e-01,5.762422860404309288e-01
2.197121388204588410e-01,5.760603041496118459e-01
2.199914004124602918e-01,5.758783039457003872e-01
2.202706499984932176e-01,5.756962853211315956e-01
2.205498875032068096e-01,5.755142481629761386e-01
2.208291128476607967e-01,5.753321923528493809e-01
2.211083259492616082e-01,5.751501177668163489e-01
2.213875267216959264e-01,5.749680242752938097e-01
2.216667150748629356e-01,5.747859117429494624e-01
2.219458909148043502e-01,5.746037800285995756e-01
2.222250541436318061e-01,5.744216289851014068e-01
2.225042046594531697e-01,5.742394584592430684e-01
2.227833423562949888e-01,5.740572682916317282e-01
2.230624671240242773e-01,5.738750583165753705e-01
2.233415788482673581e-01,5.736928283619641133e-01
2.236206774103252637e-01,5.735105782491463078e-01
2.238997626870891933e-01,5.733283077928025273e-01
2.241788345509502789e-01,5.731460168008134515e-01
2.244578928697101294e-01,5.729637050741277493e-01
2.247369375064854902e-01,5.727813724066211920e-01
2.250159683196133464e-01,5.725990185849582081e-01
2.252949851625509481e-01,5.724166433884444460e-01
2.255739878837744183e-01,5.722342465888764496e-01
2.258529763266741985e-01,5.720518279503895576e-01
2.261319503294471345e-01,5.718693872292990310e-01
2.264109097249865643e-01,5.716869241739392926e-01
2.266898543407694644e-01,5.715044385244967273e-01
2.269687839987389322e-01,5.713219300128393741e-01
2.272476985151858087e-01,5.711393983623435089e-01
2.275265977006261653e-01,5.709568432877132338e-01
2.278054813596757655e-01,5.707742644947964017e-01
2.280843492909204739e-01,5.705916616803998753e-01
2.283632012867857219e-01,5.704090345320924627e-01
2.286420371334000612e-01,5.702263827280122932e-01
2.289208566104574960e-01,5.700437059366605386e-01
2.291996594910748197e-01,5.698610038167000180e-01
2.294784455416468694e-01,5.696782760167389270e-01
2.297572145216974226e-01,5.694955221751190066e-01
2.300359661837275138e-01,5.693127419196929440e-01
2.303147002730591975e-01,5.691299348675995518e-01
2.305934165276766756e-01,5.689471006250330642e-01
2.308721146780633171e-01,5.687642387870084359e-01
2.311507944470353737e-01,5.685813489371209783e-01
2.314294555495718941e-01,5.683984306473017778e-01
2.317080976926411684e-01,5.682154834775668961e-01
2.319867205750232864e-01,5.680325069757653500e-01
2.322653238871290327e-01,5.678495006773162102e-01
2.325439073108154509e-01,5.676664641049462556e-01
2.328224705191970223e-01,5.674833967684196345e-01
2.331010131764538751e-01,5.673002981642643050e-01
2.333795349376352191e-01,5.671171677754920371e-01
2.336580354484603939e-01,5.669340050713167489e-01
2.339365143451147822e-01,5.667508095068615193e-01
2.342149712540430029e-01,5.665675805228705952e-01
2.344934057917374692e-01,5.663843175454070789e-01
2.347718175645243655e-01,5.662010199855522785e-01
2.350502061683445443e-01,5.660176872390971781e-01
2.353285711885316212e-01,5.658343186862324625e-01
2.356069121995860438e-01,5.656509136912307723e-01
2.358852287649455259e-01,5.654674716021254044e-01
2.361635204367518726e-01,5.652839917503879041e-01
2.364417867556140862e-01,5.651004734505968852e-01
2.367200272503676983e-01,5.649169160001069612e-01
2.369982414378311864e-01,5.647333186787100168e-01
2.372764288225580609e-01,5.645496807482952573e-01
2.375545888965863162e-01,5.643660014525049284e-01
2.378327211391834672e-01,5.641822800163867058e-01
2.381108250165894502e-01,5.639985156460414206e-01
2.383888999817552201e-01,5.638147075282696763e-01
2.386669454740782959e-01,5.636308548302142452e-01
2.389449609191360846e-01,5.634469566989992462e-01
2.392229457284145711e-01,5.632630122613666579e-01
2.395008992990355079e-01,5.630790206233127204e-01
2.397788210134796372e-01,5.628949808697190083e-01
2.400567102393076080e-01,5.627108920639825040e-01
2.403345663288781464e-01,5.625267532476446730e-01
2.406123886190634498e-01,5.623425634400184281e-01
2.408901764309620275e-01,5.621583216378142067e-01
2.411679290696094324e-01,5.619740268147632722e-01
2.414456458236865499e-01,5.617896779212430136e-01
2.417233259652255550e-01,5.616052738838985814e-01
2.420009687493140382e-01,5.614208136052685205e-01
2.422785734137970215e-01,5.612362959634052961e-01
2.425561391789776144e-01,5.610517198115008153e-01
2.428336652473153390e-01,5.608670839775090622e-01
2.431111508031237878e-01,5.606823872637725081e-01
2.433885950122661734e-01,5.604976284466491876e-01
2.436659970218499338e-01,5.603128062761393302e-01
2.439433559599208379e-01,5.601279194755158786e-01
2.442206709351550376e-01,5.599429667409584477e-01
2.444979410365517025e-01,5.597579467411882836e-01
2.447751653331238231e-01,5.595728581171055538e-01
2.450523428735898457e-01,5.593876994814321879e-01
2.453294726860636987e-01,5.592024694183570510e-01
2.456065537777466778e-01,5.590171664831862230e-01
2.458835851346168055e-01,5.588317892019977196e-01
2.461605657211212439e-01,5.586463360712992099e-01
2.464374944798670142e-01,5.584608055576955055e-01
2.467143703313134928e-01,5.582751960975564920e-01
2.469911921734660454e-01,5.580895060966954979e-01
2.472679588815686058e-01,5.579037339300507714e-01
2.475446693078004190e-01,5.577178779413777265e-01
2.478213222809718952e-01,5.575319364429445201e-01
2.480979166062226016e-01,5.573459077152376206e-01
2.483744510647211412e-01,5.571597900066750375e-01
2.486509244133674190e-01,5.569735815333287654e-01
2.489273353844955738e-01,5.567872804786541119e-01
2.492036826855803244e-01,5.566008849932307934e-01
2.494799649989462020e-01,5.564143931945106925e-01
2.497561809814771161e-01,5.562278031665804923e-01
2.500323292643310547e-01,5.560411129599274194e-01
2.503084084526570052e-01,5.558543205912238605e-01
2.505844171253137631e-01,5.556674240431170864e-01
2.508603538345940409e-01,5.554804212640329641e-01
2.511362171059499659e-01,5.552933101679916605e-01
2.514120054377235736e-01,5.551060886344341139e-01
2.516877173008802981e-01,5.549187545080620509e-01
2.519633511387463498e-01,5.547313055986917707e-01
2.522389053667502545e-01,5.545437396811179198e-01
2.525143783721680579e-01,5.543560544949945879e-01
2.527897685138736916e-01,5.541682477447262833e-01
2.530650741220921152e-01,5.539803170993758963e-01
2.533402934981581756e-01,5.537922601925854282e-01
2.536154249142803518e-01,5.536040746225108222e-01
2.538904666133067201e-01,5.534157579517728909e-01
2.541654168084991339e-01,5.532273077074216783e-01
2.544402736833092371e-01,5.530387213809164759e-01
2.547150353911609155e-01,5.528499964281219370e-01
2.549897000552375226e-01,5.526611302693176242e-01
2.552642657682733796e-01,5.524721202892259875e-01
2.555387305923517705e-01,5.522829638370523320e-01
2.558130925587063231e-01,5.520936582265449921e-01
2.560873496675286631e-01,5.519042007360663860e-01
2.563614998877816187e-01,5.517145886086871620e-01
2.566355411570161449e-01,5.515248190522883398e-01
2.569094713811949093e-01,5.513348892396844336e-01
2.571832884345208736e-01,5.511447963087622304e-01
2.574569901592694832e-01,5.509545373626369980e-01
2.577305743656295167e-01,5.507641094698194628e-01
2.580040388315449351e-01,5.505735096644055471e-01
2.582773813025653897e-01,5.503827349462794283e-01
2.585505994917010053e-01,5.501917822813316983e-01
2.588236910792798273e-01,5.500006486016943974e-01
2.590966537128149838e-01,5.498093308059937012e-01
2.593694850068725688e-01,5.496178257596149308e-01
2.596421825429465202e-01,5.494261302949877690e-01
2.599147438693389933e-01,5.492342412118816908e-01
2.601871665010445644e-01,5.490421552777234870e-01
2.604594479196382095e-01,5.488498692279220048e-01
2.607315855731718868e-01,5.486573797662176455e-01
2.610035768760705088e-01,5.484646835650367480e-01
2.612754192090369632e-01,5.482717772658691757e-01
2.615471099189587978e-01,5.480786574796540078e-01
2.618186463188205138e-01,5.478853207871861031e-01
2.620900256876201873e-01,5.476917637395291028e-01
2.623612452702901443e-01,5.474979828584499719e-01
2.626323022776207439e-01,5.473039746368608682e-01
2.629031938861892681e-01,5.471097355392793293e-01
2.631739172382936420e-01,5.469152620022963429e-01
2.634444694418868749e-01,5.467205504350637346e-01
2.637148475705177186e-01,5.465255972197884393e-01
2.639850486632747684e-01,5.463303987122398730e-01
2.642550697247323388e-01,5.461349512422749575e-01
2.645249077249017811e-01,5.459392511143655868e-01
2.647945595991839651e-01,5.457432946081456349e-01
2.650640222483270914e-01,5.455470779789648450e-01
2.653332925383853347e-01,5.453505974584534899e-01
2.656023673006825958e-01,5.451538492550997983e-01
2.658712433317766410e-01,5.449568295548367081e-01
2.661399173934286821e-01,5.447595345216356133e-01
2.664083862125738444e-01,5.445619602981155438e-01
2.666766464812942994e-01,5.443641030061556751e-01
2.669446948567957278e-01,5.441659587475208282e-01
2.672125279613856152e-01,5.439675236044942963e-01
2.674801423824539337e-01,5.437687936405184441e-01
2.677475346724559335e-01,5.435697649008447430e-01
2.680147013488984875e-01,5.433704334131920222e-01
2.682816388943262131e-01,5.431707951884100494e-01
2.685483437563118692e-01,5.429708462211518816e-01
2.688148123474476403e-01,5.427705824905553200e-01
2.690810410453397528e-01,5.425699999609270296e-01
2.693470261926028120e-01,5.423690945824367615e-01
2.696127640968590811e-01,5.421678622918153501e-01
2.698782510307370375e-01,5.419662990130627023e-01
2.701434832318747037e-01,5.417644006581558980e-01
2.704084569029220342e-01,5.415621631277695025e-01
2.706731682115476323e-01,5.413595823119958794e-01
2.709376132904466883e-01,5.411566540910750511e-01
2.712017882373515820e-01,5.409533743361261138e-01
2.714656891150428741e-01,5.407497389098867568e-01
2.717293119513654043e-01,5.405457436674565574e-01
2.719926527392443338e-01,5.403413844570441604e-01
2.722557074367047969e-01,5.401366571207188993e-01
2.725184719668926059e-01,5.399315574951703001e-01
2.727809422180998977e-01,5.397260814124653638e-01
2.730431140437920012e-01,5.395202247008177299e-01
2.733049832626359144e-01,5.393139831853547284e-01
2.735665456585338884e-01,5.391073526888923162e-01
2.738277969806601764e-01,5.389003290327125661e-01
2.740887329434982256e-01,5.386929080373439316e-01
2.743493492268844758e-01,5.384850855233478395e-01
2.746096414760541560e-01,5.382768573121085032e-01
2.748696053016903562e-01,5.380682192266230679e-01
2.751292362799791502e-01,5.378591670923024148e-01
2.753885299526664943e-01,5.376496967377675240e-01
2.756474818271206217e-01,5.374398039956566064e-01
2.759060873763998223e-01,5.372294847034309040e-01
2.761643420393234960e-01,5.370187347041888160e-01
2.764222412205492585e-01,5.368075498474778051e-01
2.766797802906550974e-01,5.365959259901164069e-01
2.769369545862284676e-01,5.363838589970147952e-01
2.771937594099582736e-01,5.361713447420027867e-01
2.774501900307368984e-01,5.359583791086598437e-01
2.777062416837647318e-01,5.357449579911488513e-01
2.779619095706657439e-01,5.355310772950532261e-01
2.782171888596063902e-01,5.353167329382212403e-01
2.784720746854239537e-01,5.351019208516091252e-01
2.787265621497631574e-01,5.348866369801333898e-01
2.789806463212186616e-01,5.346708772835212509e-01
2.792343222354883858e-01,5.344546377371721668e-01
2.794875848955347131e-01,5.342379143330167057e-01
2.797404292717540208e-01,5.340207030803840738e-01
2.799928503021571480e-01,5.338030000068723080e-01
2.802448428925593538e-01,5.335848011592205786e-01
2.804964019167802691e-01,5.333661026041901509e-01
2.807475222168541729e-01,5.331469004294456804e-01
2.809981986032527024e-01,5.329271907444422807e-01
2.812484258551182781e-01,5.327069696813175881e-01
2.814981987205081304e-01,5.324862333957840477e-01
2.817475119166535924e-01,5.322649780680328568e-01
2.819963601302282186e-01,5.320431999036351334e-01
2.822447380176333898e-01,5.318208951344500779e-01
2.824926402052928553e-01,5.315980600195385763e-01
2.827400612899657606e-01,5.313746908460773577e-01
2.829869958390688334e-01,5.311507839302820333e-01
2.832334383910189990e-01,5.309263356183304694e-01
2.834793834555864867e-01,5.307013422872909336e-01
2.837248255142661990e-01,5.304758003460547933e-01
2.839697590206630151e-01,5.302497062362736546e-01
2.842141784008971883e-01,5.300230564332982786e-01
2.844580780540209020e-01,5.297958474471224921e-01
2.847014523524575846e-01,5.295680758233305419e-01
2.849442956424559359e-01,5.293397381440466676e-01
2.851866022445611604e-01,5.291108310288895611e-01
2.854283664541081844e-01,5.288813511359282682e-01
2.856695825417300272e-01,5.286512951626418655e-01
2.859102447538871550e-01,5.284206598468809135e-01
2.861503473134171527e-01,5.281894419678321295e-01
2.863898844201017146e-01,5.279576383469846146e-01
2.866288502512573944e-01,5.277252458490981901e-01
2.868672389623442287e-01,5.274922613831727336e-01
2.871050446875971218e-01,5.272586819034219552e-01
2.873422615406777680e-01,5.270245044102418452e-01
2.875788836153495009e-01,5.267897259511861163e-01
2.878149049861724595e-01,5.265543436219404239e-01
2.880503197092224577e-01,5.263183545672935892e-01
2.882851218228327239e-01,5.260817559821115985e-01
2.885193053483580128e-01,5.258445451123109349e-01
2.887528642909619192e-01,5.256067192558289136e-01
2.889857926404280075e-01,5.253682757635937950e-01
2.892180843719953653e-01,5.251292120404912334e-01
2.894497334472179162e-01,5.248895255463330578e-01
2.896807338148467137e-01,5.246492137968159497e-01
2.899110794117391587e-01,5.244082743644821187e-01
2.901407641637905321e-01,5.241667048796749828e-01
2.903697819868936159e-01,5.239245030314901852e-01
2.905981267879187424e-01,5.236816665687186179e-01
2.908257924657237092e-01,5.234381933007906662e-01
2.910527729121866747e-01,5.231940810987090185e-01
2.912790620132647001e-01,5.229493278959750358e-01
2.915046536500784380e-01,5.227039316895121246e-01
2.917295417000220770e-01,5.224578905405752316e-01
2.919537200378993225e-01,5.222112025756576736e-01
2.921771825370845788e-01,5.219638659873859776e-01
2.923999230707116093e-01,5.217158790354046172e-01
2.926219355128846789e-01,5.214672400472512015e-01
2.928432137399197277e-01,5.212179474192222273e-01
2.930637516316063618e-01,5.209679996172241756e-01
2.932835430725013182e-01,5.207173951776142840e-01
2.935025819532417479e-01,5.204661327080268851e-01
2.937208621718878643e-01,5.202142108881887550e-01
2.939383776352891831e-01,5.199616284707163638e-01
2.941551222604761873e-01,5.197083842819009147e-01
2.943710899760770827e-01,5.194544772224747309e-01
2.945862747237596446e-01,5.191999062683648747e-01
2.948006704596970451e-01,5.189446704714242298e-01
2.950142711560578834e-01,5.186887689601507034e-01
2.952270708025206969e-01,5.184322009403825593e-01
2.954390634078122302e-01,5.181749656959763195e-01
2.956502430012681870e-01,5.179170625894644608e-01
2.958606036344171852e-01,5.176584910626920166e-01
2.960701393825889149e-01,5.173992506374310851e-01
2.962788443465417809e-01,5.171393409159734667e-01
2.964867126541146369e-01,5.168787615817002079e-01
2.966937384618985596e-01,5.166175123996249452e-01
2.968999159569287727e-01,5.163555932169178186e-01
2.971052393583992757e-01,5.160930039633978561e-01
2.973097029193946805e-01,5.158297446520032636e-01
2.975133009286420327e-01,5.155658153792354037e-01
2.977160277122816723e-01,5.153012163255715761e-01
2.979178776356553593e-01,5.150359477558540400e-01
2.981188451051119959e-01,5.147700100196483941e-01
2.983189245698295022e-01,5.145034035515699822e-01
2.985181105236530685e-01,5.142361288715858736e-01
2.987163975069480615e-01,5.139681865852816500e-01
2.989137801084680301e-01,5.136995773840978829e-01
2.991102529672344801e-01,5.134303020455356359e-01
2.993058107744319685e-01,5.131603614333282160e-01
2.995004482753130803e-01,5.128897564975823942e-01
2.996941602711145625e-01,5.126184882748814342e-01
2.998869416209851702e-01,5.123465578883578120e-01
3.000787872439204529e-01,5.120739665477322955e-01
3.002696921207080316e-01,5.118007155493111693e-01
3.004596512958776500e-01,5.115268062759564804e-01
3.006486598796602183e-01,5.112522401970139851e-01
3.008367130499491893e-01,5.109770188682070113e-01
3.010238060542695382e-01,5.107011439314936840e-01
3.012099342117454670e-01,5.104246171148861810e-01
3.013950929150742697e-01,5.101474402322307977e-01
3.015792776324989766e-01,5.098696151829547052e-01
3.017624839097799438e-01,5.095911439517690766e-01
3.019447073721672758e-01,5.093120286083376858e-01
3.021259437263687508e-01,5.090322713069040939e-01
3.023061887625141386e-01,5.087518742858813114e-01
3.024854383561146887e-01,5.084708398674031571e-01
3.026636884700169561e-01,5.081891704568335388e-01
3.028409351563468022e-01,5.079068685422389873e-01
3.030171745584462339e-01,5.076239366938207764e-01
3.031924029128004738e-01,5.073403775633061885e-01
3.033666165509505408e-01,5.070561938833051396e-01
3.035398119013954510e-01,5.067713884666182889e-01
3.037119854914794304e-01,5.064859642055157263e-01
3.038831339492626404e-01,5.061999240709688097e-01
3.040532540053741961e-01,5.059132711118474734e-01
3.042223424948499177e-01,5.056260084540741273e-01
3.043903963589439376e-01,5.053381392997433608e-01
3.045574126469255405e-01,5.050496669262004579e-01
3.047233885178485258e-01,5.047605946850772796e-01
3.048883212422964228e-01,5.044709260013015006e-01
3.050522082041044469e-01,5.041806643720545544e-01
3.052150469020507573e-01,5.038898133657022660e-01
3.053768349515215696e-01,5.035983766206831858e-01
3.055375700861427957e-01,5.033063578443619512e-01
3.056972501593827607e-01,5.030137608118467885e-01
3.058558731461188396e-01,5.027205893647713753e-01
3.060134371441711743e-01,5.024268474100419546e-01
3.061699403757980886e-01,5.021325389185486987e-01
3.063253811891542555e-01,5.018376679238456539e-01
3.064797580597089510e-01,5.015422385207957134e-01
3.066330695916240634e-01,5.012462548641840598e-01
3.067853145190873598e-01,5.009497211673004102e-01
3.069364917076044530e-01,5.006526417004899532e-01
3.070866001552421398e-01,5.003550207896740876e-01
3.072356389938265542e-01,5.000568628148428507e-01
3.073836074900924142e-01,4.997581722085190914e-01
3.075305050467805335e-01,4.994589534541943321e-01
3.076763312036867593e-01,4.991592110847404840e-01
3.078210856386546235e-01,4.988589496807933621e-01
3.079647681685153682e-01,4.985581738691142739e-01
3.081073787499719052e-01,4.982568883209289590e-01
3.082489174804258214e-01,4.979550977502411602e-01
3.083893845987442650e-01,4.976528069121297637e-01
3.085287804859695449e-01,4.973500206010217917e-01
3.086671056659642809e-01,4.970467436489504065e-01
3.088043608059970468e-01,4.967429809237930982e-01
3.089405467172630093e-01,4.964387373274959381e-01
3.090756643553383975e-01,4.961340177942806795e-01
3.092097148205727453e-01,4.958288272888403125e-01
3.093426993584086349e-01,4.955231708045213512e-01
3.094746193596377704e-01,4.952170533614960179e-01
3.096054763605852189e-01,4.949104800049242137e-01
3.097352720432248741e-01,4.946034558031077166e-01
3.098640082352216440e-01,4.942959858456377753e-01
3.099916869099039740e-01,4.939880752415377052e-01
3.101183101861620939e-01,4.936797291174007674e-01
3.102438803282727142e-01,4.933709526155264924e-01
3.103683997456485599e-01,4.930617508920559500e-01
3.104918709925155174e-01,4.927521291151069627e-01
3.106142967675100675e-01,4.924420924629115404e-01
3.107356799132042768e-01,4.921316461219582550e-01
3.108560234155514634e-01,4.918207952851363363e-01
3.109753304032569776e-01,4.915095451498893708e-01
3.110936041470696578e-01,4.911979009163759957e-01
3.112108480589968473e-01,4.908858677856378638e-01
3.113270656914418621e-01,4.905734509577822644e-01
3.114422607362613560e-01,4.902606556301735141e-01
3.115564370237485781e-01,4.899474869956400580e-01
3.116695985215356401e-01,4.896339502406969468e-01
3.117817493334191781e-01,4.893200505437834691e-01
3.118928936981081312e-01,4.890057930735192127e-01
3.120030359878958048e-01,4.886911829869809432e-01
3.121121807072531062e-01,4.883762254279993553e-01
3.122203324913470635e-01,4.880609255254771406e-01
3.123274961044831821e-01,4.877452883917315352e-01
3.124336764384715304e-01,4.874293191208615705e-01
3.125388785109216583e-01,4.871130227871410812e-01
3.126431074634602458e-01,4.867964044434384130e-01
3.127463685598788623e-01,4.864794691196658860e-01
3.128486671842091171e-01,4.861622218212582891e-01
3.129500088387280887e-01,4.858446675276812954e-01
3.130503991418931431e-01,4.855268111909722961e-01
3.131498438262107498e-01,4.852086577343152074e-01
3.132483487360372965e-01,4.848902120506474178e-01
3.133459198253149003e-01,4.845714790013015416e-01
3.134425631552443248e-01,4.842524634146849194e-01
3.135382848918957244e-01,4.839331700849939799e-01
3.136330913037584933e-01,4.836136037709658497e-01
3.137269887592340489e-01,4.832937691946696535e-01
3.138199837240703283e-01,4.829736710403349509e-01
3.139120827587432716e-01,4.826533139532205308e-01
3.140032925157851817e-01,4.823327025385239497e-01
3.140936197370614025e-01,4.820118413603308727e-01
3.141830712510020884e-01,4.816907349406050476e-01
3.142716539697839040e-01,4.813693877582216896e-01
3.143593748864703663e-01,4.810478042480412775e-01
3.144462410721106105e-01,4.807259888000258718e-01
3.145322596727997411e-01,4.804039457583988981e-01
3.146174379067012694e-01,4.800816794208468408e-01
3.147017830610371325e-01,4.797591940377637365e-01
3.147853024890462370e-01,4.794364938115391883e-01
3.148680036069138599e-01,4.791135828958897891e-01
3.149498938906766243e-01,4.787904653952316791e-01
3.150309808731024952e-01,4.784671453640984007e-01
3.151112721405517347e-01,4.781436268065999418e-01
3.151907753298206494e-01,4.778199136759246346e-01
3.152694981249686834e-01,4.774960098738841863e-01
3.153474482541361867e-01,4.771719192504996210e-01
3.154246334863515244e-01,4.768476456036283562e-01
3.155010616283323022e-01,4.765231926786362426e-01
3.155767405212840937e-01,4.761985641681051873e-01
3.156516780376975584e-01,4.758737637115841856e-01
3.157258820781498887e-01,4.755487948953802113e-01
3.157993605681098659e-01,4.752236612523872972e-01
3.158721214547522416e-01,4.748983662619533641e-01
3.159441727037833325e-01,4.745729133497875729e-01
3.160155222962800492e-01,4.742473058879021486e-01
3.160861782255451891e-01,4.739215471945910640e-01
3.161561484939846012e-01,4.735956405344459719e-01
3.162254411100036133e-01,4.732695891184051651e-01
3.162940640849305485e-01,4.729433961038363443e-01
3.163620254299666090e-01,4.726170645946540239e-01
3.164293331531675135e-01,4.722905976414674134e-01
3.164959952564554979e-01,4.719639982417599411e-01
3.165620197326699525e-01,4.716372693400994742e-01
3.166274145626510883e-01,4.713104138283774613e-01
3.166921877123692886e-01,4.709834345460753857e-01
3.167563471300913758e-01,4.706563342805605843e-01
3.168199007435956172e-01,4.703291157674059919e-01
3.168828564574311946e-01,4.700017816907365864e-01
3.169452221502264688e-01,4.696743346835993149e-01
3.170070056720490359e-01,4.693467773283558908e-01
3.170682148418182411e-01,4.690191121570990163e-01
3.171288574447705955e-01,4.686913416520869236e-01
3.171889412299835898e-01,4.683634682462016197e-01
3.172484739079555194e-01,4.680354943234214526e-01
3.173074631482464270e-01,4.677074222193163822e-01
3.173659165771762769e-01,4.673792542215561285e-01
3.174238417755904651e-01,4.670509925704356968e-01
3.174812462766832821e-01,4.667226394594164995e-01
3.175381375638894887e-01,4.663941970356790812e-01
3.175945230688394516e-01,4.660656674006914413e-01
3.176504101693811699e-01,4.657370526107852404e-01
3.177058061876699702e-01,4.654083546777472158e-01
3.177607183883248143e-01,4.650795755694170919e-01
3.178151539766543854e-01,4.647507172102964823e-01
3.178691200969513408e-01,4.644217814821638424e-01
3.179226238308568986e-01,4.640927702246986919e-01
3.179756721957934795e-01,4.637636852361106121e-01
3.180282721434693483e-01,4.634345282737738492e-01
3.180804305584518099e-01,4.631053010548676352e-01
3.181321542568109617e-01,4.627760052570183968e-01
3.181834499848334996e-01,4.624466425189467933e-01
3.182343244178056918e-01,4.621172144411158644e-01
3.182847841588667404e-01,4.617877225863812329e-01
3.183348357379306437e-01,4.614581684806417505e-01
3.183844856106770038e-01,4.611285536134912544e-01
3.184337401576096682e-01,4.607988794388687137e-01
3.184826056831839836e-01,4.604691473757075992e-01
3.185310884149983313e-01,4.601393588085845310e-01
3.185791945030552186e-01,4.598095150883644289e-01
3.186269300190847642e-01,4.594796175328428878e-01
3.186743009559335205e-01,4.591496674273872203e-01
3.187213132270166893e-01,4.588196660255707826e-01
3.187679726658327883e-01,4.584896145498051911e-01
3.188142850255379357e-01,4.581595141919679315e-01
3.188602559785826962e-01,4.578293661140230841e-01
3.189058911164044385e-01,4.574991714486384420e-01
3.189511959491813098e-01,4.571689312997954668e-01
3.189961759056373358e-01,4.568386467433949716e-01
3.190408363329067520e-01,4.565083188278539206e-01
3.190851824964487937e-01,4.561779485746967899e-01
3.191292195800158882e-01,4.558475369791406551e-01
3.191729526856721399e-01,4.555170850106714520e-01
3.192163868338597776e-01,4.551865936136131330e-01
3.192595269635145061e-01,4.548560637076904944e-01
3.193023779322258227e-01,4.545254961885820677e-01
3.193449445164409095e-01,4.541948919284666264e-01
3.193872314117134903e-01,4.538642517765607010e-01
3.194292432329921549e-01,4.535335765596477109e-01
3.194709845149472649e-01,4.532028670825984373e-01
3.195124597123388810e-01,4.528721241288853339e-01
3.195536732004176095e-01,4.525413484610838477e-01
3.195946292753628071e-01,4.522105408213686339e-01
3.196353321547519277e-01,4.518797019320005548e-01
3.196757859780623434e-01,4.515488324958030208e-01
3.197159948072030300e-01,4.512179331966315043e-01
3.197559626270741751e-01,4.508870046998335046e-01
3.197956933461532647e-01,4.505560476526997427e-01
3.198351907971070940e-01,4.502250626849055859e-01
3.198744587374272585e-01,4.498940504089465886e-01
3.199135008500867960e-01,4.495630114205612093e-01
3.199523207442180883e-01,4.492319462991484214e-01
3.199909219558106366e-01,4.489008556081740542e-01
3.200293079484245462e-01,4.485697398955708071e-01
3.200674821139226633e-01,4.482385996941268824e-01
3.201054477732145909e-01,4.479074355218694015e-01
3.201432081770178018e-01,4.475762478824369395e-01
3.201807665066268016e-01,4.472450372654441786e-01
3.202181258746971682e-01,4.469138041468393996e-01
3.202552893260353639e-01,4.465825489892526479e-01
3.202922598383998176e-01,4.462512722423359612e-01
3.203290403233067241e-01,4.459199743430971030e-01
3.203656336268441152e-01,4.455886557162226369e-01
3.204020425304879294e-01,4.452573167743957283e-01
3.204382697519246870e-01,4.449259579186061186e-01
3.204743179458734437e-01,4.445945795384497745e-01
3.205101897049130732e-01,4.442631820124257058e-01
3.205458875603058866e-01,4.439317657082207935e-01
3.205814139828245812e-01,4.436003309829914532e-01
3.206167713835753053e-01,4.432688781836348069e-01
3.206519621148199439e-01,4.429374076470556365e-01
3.206869884707937435e-01,4.426059197004242884e-01
3.207218526885207699e-01,4.422744146614298044e-01
3.207565569486234835e-01,4.419428928385253363e-01
3.207911033761266517e-01,4.416113545311673994e-01
3.208254940412556544e-01,4.412798000300478529e-01
3.208597309602287950e-01,4.409482296173224403e-01
3.208938160960385644e-01,4.406166435668295578e-01
3.209277513592293518e-01,4.402850421443051387e-01
3.209615386086630551e-01,4.399534256075925964e-01
3.209951796522763079e-01,4.396217942068442741e-01
3.210286762478285483e-01,4.392901481847195644e-01
3.210620301036379298e-01,4.389584877765773663e-01
3.210952428793095170e-01,4.386268132106614370e-01
3.211283161864482150e-01,4.382951247082821911e-01
3.211612515893628728e-01,4.379634224839933365e-01
3.211940506057582856e-01,4.376317067457622390e-01
3.212267147074113760e-01,4.372999776951367323e-01
3.212592453208411580e-01,4.369682355274062124e-01
3.212916438279571074e-01,4.366364804317584003e-01
3.213239115667017032e-01,4.363047125914313318e-01
3.213560498316748726e-01,4.359729321838619609e-01
3.213880598747462791e-01,4.356411393808284904e-01
3.214199429056526780e-01,4.353093343485894828e-01
3.214517000925818380e-01,4.349775172480198071e-01
3.214833325627404759e-01,4.346456882347409789e-01
3.215148414029099788e-01,4.343138474592476705e-01
3.215462276599837521e-01,4.339819950670319448e-01
3.215774923414936870e-01,4.336501311987010499e-01
3.216086364161176436e-01,4.333182559900952135e-01
3.216396608141748881e-01,4.329863695723979999e-01
3.216705664281042099e-01,4.326544720722464432e-01
3.217013541129279397e-01,4.323225636118355197e-01
3.217320246867000355e-01,4.319906443090206216e-01
3.217625789309383477e-01,4.316587142774165331e-01
3.217930175910429513e-01,4.313267736264934094e-01
3.218233413766970474e-01,4.309948224616689805e-01
3.218535509622543200e-01,4.306628608843999229e-01
3.218836469871092509e-01,4.303308889922668468e-01
3.219136300560532238e-01,4.299989068790609492e-01
3.219435007396139747e-01,4.296669146348635615e-01
3.219732595743819425e-01,4.293349123461268624e-01
3.220029070633184110e-01,4.290029000957500394e-01
3.220324436760505504e-01,4.286708779631530630e-01
3.220618698491514165e-01,4.283388460243485185e-01
3.220911859864026283e-01,4.280068043520121046e-01
3.221203924590453349e-01,4.276747530155493027e-01
3.221494896060141389e-01,4.273426920811602137e-01
3.221784777341558659e-01,4.270106216119039511e-01
3.222073571184365104e-01,4.266785416677593701e-01
3.222361280021308061e-01,4.263464523056840205e-01
3.222647905969989179e-01,4.260143535796726555e-01
3.222933450834488123e-01,4.256822455408121875e-01
3.223217916106845271e-01,4.253501282373366998e-01
3.223501302968412308e-01,4.250180017146797384e-01
3.223783612291046263e-01,4.246858660155252152e-01
3.224064844638203642e-01,4.243537211798572018e-01
3.224345000265864125e-01,4.240215672450087792e-01
3.224624079123361575e-01,4.236894042457080012e-01
3.224902080854055164e-01,4.233572322141245792e-01
3.225179004795900584e-01,4.230250511799143465e-01
3.225454849981879146e-01,4.226928611702626126e-01
3.225729615140324746e-01,4.223606622099267405e-01
3.226003298695114818e-01,4.220284543212783346e-01
3.226275898765770256e-01,4.216962375243434868e-01
3.226547413167429323e-01,4.213640118368426335e-01
3.226817839410709987e-01,4.210317772742315778e-01
3.227087174701485095e-01,4.206995338497376280e-01
3.227355415940548755e-01,4.203672815743999536e-01
3.227622559723183349e-01,4.200350204571070556e-01
3.227888602338633839e-01,4.197027505046329598e-01
3.228153539769507696e-01,4.193704717216755196e-01
3.228417367691073236e-01,4.190381841108927752e-01
3.228680081470490792e-01,4.187058876729401469e-01
3.228941676165967833e-01,4.183735824065065168e-01
3.229202146525844697e-01,4.180412683083520320e-01
3.229461486987611485e-01,4.177089453733435209e-01
3.229719691676870008e-01,4.173766135944930733e-01
3.229976754406262418e-01,4.170442729629946221e-01
3.230232668674313246e-01,4.167119234682621354e-01
3.230487427664273103e-01,4.163795650979675300e-01
3.230741024242905768e-01,4.160471978380798630e-01
3.230993450959254720e-01,4.157148216729051882e-01
3.231244700043392482e-01,4.153824365851261358e-01
3.231494763405158288e-01,4.150500425558433792e-01
3.231743632632897989e-01,4.147176395646184344e-01
3.231991298992188955e-01,4.143852275895157922e-01
3.232237753424609394e-01,4.140528066071481605e-01
3.232482986546498238e-01,4.137203765927215948e-01
3.232726988647773858e-01,4.133879375200820716e-01
3.232969749690769445e-01,4.130554893617653933e-01
3.233211259309137775e-01,4.127230320890454274e-01
3.233451506806807041e-01,4.123905656719864532e-01
3.233690481157010521e-01,4.120580900794964530e-01
3.233928171001393959e-01,4.117256052793828447e-01
3.234164564649228968e-01,4.113931112384083266e-01
3.234399650076717481e-01,4.110606079223517173e-01
3.234633414926418316e-01,4.107280952960672971e-01
3.234865846506799203e-01,4.103955733235502001e-01
3.235096931791940911e-01,4.100630419680012517e-01
3.235326657421386809e-01,4.097305011918959128e-01
3.235555009700154527e-01,4.093979509570537245e-01
3.235781974598941901e-01,4.090653912247134705e-01
3.236007537754516106e-01,4.087328219556078390e-01
3.236231684470319836e-01,4.084002431100425823e-01
3.236454399717286212e-01,4.080676546479783950e-01
3.236675668134915695e-01,4.077350565291145146e-01
3.236895474032566167e-01,4.074024487129773719e-01
3.237113801391052759e-01,4.070698311590095209e-01
3.237330633864491380e-01,4.067372038266642842e-01
3.237545954782465318e-01,4.064045666755011776e-01
3.237759747152476608e-01,4.060719196652859964e-01
3.237971993662755454e-01,4.057392627560936216e-01
3.238182676685381067e-01,4.054065959084139914e-01
3.238391778279768318e-01,4.050739190832602366e-01
3.238599280196530206e-01,4.047412322422819786e-01
3.238805163881732785e-01,4.044085353478800160e-01
3.239009410481519247e-01,4.040758283633240078e-01
3.239212000847180861e-01,4.037431112528760968e-01
3.239412915540645366e-01,4.034103839819127013e-01
3.239612134840398339e-01,4.030776465170534673e-01
3.239809638747871423e-01,4.027448988262919971e-01
3.240005406994289627e-01,4.024121408791268562e-01
3.240199419048008234e-01,4.020793726466987961e-01
3.240391654122326548e-01,4.017465941019289222e-01
3.240582091183814573e-01,4.014138052196583595e-01
3.240770708961154822e-01,4.010810059767913605e-01
3.240957485954492623e-01,4.007481963524401336e-01
3.241142400445322647e-01,4.004153763280717815e-01
3.241325430506919458e-01,4.000825458876554053e-01
3.241506554015292085e-01,3.997497050178130951e-01
3.241685748660714239e-01,3.994168537079692549e-01
3.241862991959780782e-01,3.990839919505030919e-01
3.242038261268032073e-01,3.987511197409008834e-01
3.242211533793138978e-01,3.984182370779069116e-01
3.242382786608636880e-01,3.980853439636777291e-01
3.242551996668199266e-01,3.977524404039328165e-01
3.242719140820512491e-01,3.974195264081061829e-01
3.242884195824635163e-01,3.970866019894959131e-01
3.243047138365942605e-01,3.967536671654139369e-01
3.243207945072586473e-01,3.964207219573309127e-01
3.243366592532485604e-01,3.960877663910217228e-01
3.243523057310819246e-01,3.957548004967058608e-01
3.243677315968023223e-01,3.954218243091874307e-01
3.243829345078276249e-01,3.950888378679869306e-01
3.243979121248431463e-01,3.947558412174747566e-01
3.244126621137428113e-01,3.944228344069944381e-01
3.244271821476092388e-01,3.940898174909848173e-01
3.244414699087362353e-01,3.937567905290947357e-01
3.244555230906894794e-01,3.934237535862921686e-01
3.244693394004000697e-01,3.930907067329669213e-01
3.244829165602935994e-01,3.927576500450258856e-01
3.244962523104442109e-01,3.924245836039819690e-01
3.245093444107594038e-01,3.920915074970335312e-01
3.245221906431832726e-01,3.917584218171369370e-01
3.245347888139212822e-01,3.914253266630686734e-01
3.245471367556791442e-01,3.910922221394800835e-01
3.245592323299126836e-01,3.907591083569413315e-01
3.245710734290870869e-01,3.904259854319749867e-01
3.245826579789351518e-01,3.900928534870803932e-01
3.245939839407194216e-01,3.897597126507461596e-01
3.246050493134835513e-01,3.894265630574523795e-01
3.246158521362975113e-01,3.890934048476610285e-01
3.246263904904855835e-01,3.887602381677949248e-01
3.246366625018349827e-01,3.884270631702054222e-01
3.246466663427810539e-01,3.880938800131263910e-01
3.246564002345626587e-01,3.877606888606183744e-01
3.246658624493439227e-01,3.874274898824992541e-01
3.246750513122960147e-01,3.870942832542617063e-01
3.246839652036365154e-01,3.867610691569806636e-01
3.246926025606204358e-01,3.864278477772067344e-01
3.247009618794763908e-01,3.860946193068469090e-01
3.247090417172850407e-01,3.857613839430357183e-01
3.247168406937967489e-01,3.854281418879916266e-01
3.247243574931792942e-01,3.850948933488628212e-01
3.247315908656956407e-01,3.847616385375627890e-01
3.247385396293051008e-01,3.844283776705917921e-01
3.247452026711837303e-01,3.840951109688504617e-01
3.247515789491617344e-01,3.837618386574411233e-01
3.247576674930718332e-01,3.834285609654600746e-01
3.247634674060068116e-01,3.830952781257793149e-01
3.247689778654809789e-01,3.827619903748207264e-01
3.247741981244950948e-01,3.824286979523202068e-01
3.247791275124982113e-01,3.820954011010854190e-01
3.247837654362464854e-01,3.817621000667456022e-01
3.247881113805580755e-01,3.814287950974941666e-01
3.247921649089554608e-01,3.810954864438265144e-01
3.247959256642017900e-01,3.807621743582729756e-01
3.247993933687223778e-01,3.804288590951255267e-01
3.248025678249158443e-01,3.800955409101626770e-01
3.248054489153506807e-01,3.797622200603710807e-01
3.248080366028459620e-01,3.794288968036635401e-01
3.248103309304403719e-01,3.790955713985981745e-01
3.248123320212441545e-01,3.787622441040947030e-01
3.248140400781784343e-01,3.784289151791532801e-01
3.248154553836000158e-01,3.780955848825720000e-01
3.248165782988144956e-01,3.777622534726678971e-01
3.248174092634774635e-01,3.774289212070006116e-01
3.248179487948864574e-01,3.770955883420982202e-01
3.248181974871662270e-01,3.767622551331881176e-01
3.248181560103461374e-01,3.764289218339326726e-01
3.248178251093369884e-01,3.760955886961701022e-01
3.248172056028063581e-01,3.757622559696623954e-01
3.248162983819574134e-01,3.754289239018484547e-01
3.248151044092119077e-01,3.750955927376067867e-01
3.248136247168064150e-01,3.747622627190241307e-01
3.248118604052968594e-01,3.744289340851744141e-01
3.248098126419844411e-01,3.740956070719059223e-01
3.248074826592595166e-01,3.737622819116377393e-01
3.248048717528735363e-01,3.734289588331669574e-01
3.248019812801377082e-01,3.730956380614852685e-01
3.247988126580581558e-01,3.727623198176066022e-01
3.247953673614091263e-01,3.724290043184070864e-01
3.247916469207499102e-01,3.720956917764721705e-01
3.247876529203889140e-01,3.717623823999602894e-01
3.247833869963029918e-01,3.714290763924731342e-01
3.247788508340123115e-01,3.710957739529419652e-01
3.247740461664194167e-01,3.707624752755208086e-01
3.247689747716163700e-01,3.704291805494962508e-01
3.247636384706630297e-01,3.700958899592048934e-01
3.247580391253439558e-01,3.697626036839643526e-01
3.247521786359065521e-01,3.694293218980154170e-01
3.247460589387869412e-01,3.690960447704745295e-01
3.247396820043261800e-01,3.687627724652993710e-01
3.247330498344835337e-01,3.684295051412634914e-01
3.247261644605497488e-01,3.680962429519421542e-01
3.247190279408641023e-01,3.677629860457092281e-01
3.247116423585423850e-01,3.674297345657432934e-01
3.247040098192148783e-01,3.670964886500444058e-01
3.246961324487839251e-01,3.667632484314591323e-01
3.246880123911997651e-01,3.664300140377161896e-01
3.246796518062617376e-01,3.660967855914690761e-01
3.246710528674448537e-01,3.657635632103488077e-01
3.246622177597593972e-01,3.654303470070233706e-01
3.246531486776416120e-01,3.650971370892645007e-01
3.246438478228823588e-01,3.647639335600224020e-01
3.246343174025925205e-01,3.644307365175070146e-01
3.246245596272118172e-01,3.640975460552747789e-01
3.246145767085599210e-01,3.637643622623212281e-01
3.246043708579321452e-01,3.634311852231801865e-01
3.245939442842435962e-01,3.630980150180264099e-01
3.245832991922226740e-01,3.627648517227831104e-01
3.245724377806519789e-01,3.624316954092343668e-01
3.245613622406642307e-01,3.620985461451400877e-01
3.245500747540874253e-01,3.617654039943547506e-01
3.245385774918465582e-01,3.614322690169494146e-01
3.245268726124160286e-01,3.610991412693350666e-01
3.245149622603297201e-01,3.607660208043891314e-01
3.245028485647434291e-01,3.604329076715840907e-01
3.244905336380546901e-01,3.600998019171155473e-01
3.244780195745753937e-01,3.597667035840333982e-01
3.244653084492619688e-01,3.594336127123727298e-01
3.244524023164976900e-01,3.591005293392867115e-01
3.244393032089318840e-01,3.587674534991761588e-01
3.244260131363714827e-01,3.584343852238236483e-01
3.244125340847259786e-01,3.581013245425234692e-01
3.243988680150056148e-01,3.577682714822135179e-01
3.243850168623713115e-01,3.574352260676048609e-01
3.243709825352344422e-01,3.571021883213109094e-01
3.243567669144068466e-01,3.567691582639763159e-01
3.243423718523004151e-01,3.564361359144027075e-01
3.243277991721728037e-01,3.561031212896742515e-01
3.243130506674210545e-01,3.557701144052810571e-01
3.242981281009177374e-01,3.554371152752424656e-01
3.242830332043936670e-01,3.551041239122251225e-01
3.242677676778616958e-01,3.547711403276616049e-01
3.242523331890799776e-01,3.544381645318676055e-01
3.242367313730570300e-01,3.541051965341552310e-01
3.242209638315937115e-01,3.537722363429440797e-01
3.242050321328603935e-01,3.534392839658722085e-01
3.241889378110124897e-01,3.531063394099023256e-01
3.241726823658347967e-01,3.527734026814277613e-01
3.241562672624215269e-01,3.524404737863756076e-01
3.241396939308849312e-01,3.521075527303065833e-01
3.241229637660940632e-01,3.517746395185131214e-01
3.241060781274379687e-01,3.514417341561175689e-01
3.240890383386187956e-01,3.511088366481629475e-01
3.240718456874661646e-01,3.507759469997076551e-01
3.240545014257760759e-01,3.504430652159130632e-01
3.240370067691699107e-01,3.501101913021317236e-01
3.240193628969752493e-01,3.497773252639925223e-01
3.240015709521239518e-01,3.494444671074841136e-01
3.239836320410679482e-01,3.491116168390361874e-01
3.239655472337114039e-01,3.487787744655991840e-01
3.239473175633573732e-01,3.484459399947211766e-01
3.239289440266672204e-01,3.481131134346248102e-01
3.239104275836343638e-01,3.477802947942799094e-01
3.238917691575659008e-01,3.474474840834783085e-01
3.238729696350781118e-01,3.471146813129023512e-01
3.238540298660969596e-01,3.467818864941956680e-01
3.238349506638693587e-01,3.464490996400308997e-01
3.238157328049804939e-01,3.461163207641768658e-01
3.237963770293754706e-01,3.457835498815630126e-01
3.237768840403886239e-01,3.454507870083456389e-01
3.237572545047745498e-01,3.451180321619685687e-01
3.237374890527448534e-01,3.447852853612276558e-01
3.237175882780050085e-01,3.444525466263304581e-01
3.236975527377944917e-01,3.441198159789579103e-01
3.236773829529282498e-01,3.437870934423233327e-01
3.236570794078378333e-01,3.434543790412315500e-01
3.236366425506128630e-01,3.431216728021370121e-01
3.236160727930435521e-01,3.427889747532016362e-01
3.235953705106582312e-01,3.424562849243531493e-01
3.235745360427644268e-01,3.421236033473399885e-01
3.235535696924842775e-01,3.417909300557895880e-01
3.235324717267901162e-01,3.414582650852638346e-01
3.235112423765361678e-01,3.411256084733156335e-01
3.234898818364885242e-01,3.407929602595440310e-01
3.234683902653522902e-01,3.404603204856510024e-01
3.234467677857956747e-01,3.401276891954961856e-01
3.234250144844704744e-01,3.397950664351535033e-01
3.234031304120312811e-01,3.394624522529666732e-01
3.233811155831494144e-01,3.391298466996044980e-01
3.233589699765265224e-01,3.387972498281182632e-01
3.233366935349034077e-01,3.384646616939965269e-01
3.233142861650680766e-01,3.381320823552222965e-01
3.232917477378590698e-01,3.377995118723297052e-01
3.232690780881702919e-01,3.374669503084602451e-01
3.232462770149517328e-01,3.371343977294210537e-01
3.232233442812099677e-01,3.368018542037413687e-01
3.232002796140081013e-01,3.364693198027302046e-01
3.231770827044646577e-01,3.361367946005354157e-01
3.231537532077556341e-01,3.358042786742014840e-01
3.231302907431138904e-01,3.354717721037271394e-01
3.231066948938349226e-01,3.351392749721259223e-01
3.230829652072804148e-01,3.348067873654840265e-01
3.230591011948909519e-01,3.344743093730205286e-01
3.230351023321980097e-01,3.341418410871461186e-01
3.230109680588454379e-01,3.338093826035229972e-01
3.229866977786153281e-01,3.334769340211247712e-01
3.229622908594628194e-01,3.331444954422965177e-01
3.229377466335585645e-01,3.328120669728126813e-01
3.229130643973437409e-01,3.324796487219394137e-01
3.228882434115928346e-01,3.321472408024923606e-01
3.228632829014934091e-01,3.318148433308945044e-01
3.228381820567387539e-01,3.314824564272371155e-01
3.228129400316342990e-01,3.311500802153365952e-01
3.227875559452256793e-01,3.308177148227919862e-01
3.227620288814430083e-01,3.304853603810410934e-01
3.227363578892670226e-01,3.301530170254179386e-01
3.227105419829193189e-01,3.298206848952045522e-01
3.226845801420751836e-01,3.294883641336859847e-01
3.226584713121046222e-01,3.291560548882019877e-01
3.226322144043415885e-01,3.288237573101961964e-01
3.226058082963844109e-01,3.284914715552644804e-01
3.225792518324288594e-01,3.281591977832014617e-01
3.225525438236349074e-01,3.278269361580432584e-01
3.225256830485338511e-01,3.274946868481087292e-01
3.224986682534722315e-01,3.271624500260376656e-01
3.224714981530991675e-01,3.268302258688251527e-01
3.224441714308964313e-01,3.264980145578526560e-01
3.224166867397579850e-01,3.261658162789157211e-01
3.223890427026151473e-01,3.258336312222472886e-01
3.223612379131148287e-01,3.255014595825354018e-01
3.223332709363523341e-01,3.251693015589385838e-01
3.223051403096586776e-01,3.248371573550924984e-01
3.222768445434479601e-01,3.245050271791136143e-01
3.222483821221249767e-01,3.241729112435959292e-01
3.222197515050569949e-01,3.238408097656009232e-01
3.221909511276097593e-01,3.235087229666405717e-01
3.221619794022523298e-01,3.231766510726542529e-01
3.221328347197328634e-01,3.228445943139741647e-01
3.221035154503246734e-01,3.225125529252879653e-01
3.220740199451475605e-01,3.221805271455877584e-01
3.220443465375655290e-01,3.218485172181115295e-01
3.220144935446599410e-01,3.215165233902755881e-01
3.219844592687861606e-01,3.211845459135959091e-01
3.219542419992054705e-01,3.208525850435978710e-01
3.219238400138051959e-01,3.205206410397166694e-01
3.218932515808954342e-01,3.201887141651840185e-01
3.218624749610947688e-01,3.198568046869039727e-01
3.218315084092982503e-01,3.195249128753145929e-01
3.218003501767293661e-01,3.191930390042385102e-01
3.217689985130790520e-01,3.188611833507164484e-01
3.217374516687270258e-01,3.185293461948306981e-01
3.217057078970489425e-01,3.181975278195105505e-01
3.216737654568060378e-01,3.178657285103245189e-01
3.216416226146156521e-01,3.175339485552565177e-01
3.216092776475053538e-01,3.172021882444668872e-01
3.215767288455413930e-01,3.168704478700369309e-01
3.215439745145359796e-01,3.165387277256976883e-01
3.215110129788274484e-01,3.162070281065420541e-01
3.214778425841303133e-01,3.158753493087189668e-01
3.214444617004511562e-01,3.155436916291135541e-01
3.214108687250685770e-01,3.152120553650084589e-01
3.213770620855696536e-01,3.148804408137277910e-01
3.213430402429404698e-01,3.145488482722670343e-01
3.213088016947038827e-01,3.142172780369035801e-01
3.212743449780985916e-01,3.138857304027929951e-01
3.212396686732948425e-01,3.135542056635473585e-01
3.212047714066379456e-01,3.132227041107996102e-01
3.211696518539130518e-01,3.128912260337523010e-01
3.211343087436242527e-01,3.125597717187112989e-01
3.210987408602802851e-01,3.122283414486064501e-01
3.210629470476746294e-01,3.118969355024980850e-01
3.210269262121581146e-01,3.115655541550722551e-01
3.209906773258871526e-01,3.112341976761249795e-01
3.209541994300438295e-01,3.109028663300344997e-01
3.209174916380146403e-01,3.105715603752272624e-01
3.208805531385203191e-01,3.102402800636344105e-01
3.208433831986833296e-01,3.099090256401421661e-01
3.208059811670253558e-01,3.095777973420382190e-01
3.207683464763835257e-01,3.092465953984550042e-01
3.207304786467319868e-01,3.089154200298108166e-01
3.206923772879026191e-01,3.085842714472505910e-01
3.206540421021903953e-01,3.082531498520915125e-01
3.206154728868327863e-01,3.079220554352701811e-01
3.205766695363555518e-01,3.075909883767963815e-01
3.205376320447709260e-01,3.072599488452167904e-01
3.204983605076203723e-01,3.069289369970867876e-01
3.204588551238511385e-01,3.065979529764550349e-01
3.204191161975156188e-01,3.062669969143655413e-01
3.203791441392870865e-01,3.059360689283721069e-01
3.203389394677814694e-01,3.056051691220754707e-01
3.202985028106766774e-01,3.052742975846805540e-01
3.202578349056223739e-01,3.049434543905762407e-01
3.202169366009336993e-01,3.046126395989423585e-01
3.201758088560618942e-01,3.042818532533840270e-01
3.201344527418367170e-01,3.039510953815948158e-01
3.200928694404755470e-01,3.036203659950522660e-01
3.200510602453570108e-01,3.032896650887471068e-01
3.200090265605534667e-01,3.029589926409479439e-01
3.199667699001212395e-01,3.026283486130019185e-01
3.199242918871502139e-01,3.022977329491745024e-01
3.198815942525674028e-01,3.019671455765301493e-01
3.198386788337007625e-01,3.016365864048501377e-01
3.197955475726015351e-01,3.013060553265972663e-01
3.197522025141282809e-01,3.009755522169194064e-01
3.197086458038003176e-01,3.006450769336971862e-01
3.196648796854177355e-01,3.003146293176377490e-01
3.196209064984636972e-01,2.999842091924088683e-01
3.195767286752868586e-01,2.996538163648186925e-01
3.195323487380776206e-01,2.993234506250403992e-01
3.194877692956452631e-01,2.989931117468775934e-01
3.194429930400034534e-01,2.986627994880732273e-01
3.193980227427782870e-01,2.983325135906609304e-01
3.193528612514462961e-01,2.980022537813561412e-01
3.193075114854188046e-01,2.976720197719861516e-01
3.192619764319796771e-01,2.973418112599587881e-01
3.192162591420942275e-01,2.970116279287661198e-01
3.191703627261022191e-01,2.966814694485233606e-01
3.191242903493053396e-01,2.963513354765384689e-01
3.190780452274699086e-01,2.960212256579128898e-01
3.190316306222541476e-01,2.956911396261699965e-01
3.189850498365781606e-01,2.953610770039062916e-01
3.189383062099511168e-01,2.950310374034684768e-01
3.188914031137690119e-01,2.947010204276466205e-01
3.188443439466030482e-01,2.943710256703876427e-01
3.187971321294865157e-01,2.940410527175207345e-01
3.187497711012232671e-01,2.937111011474944355e-01
3.187022643137238931e-01,2.933811705321237584e-01
3.186546152273920240e-01,2.930512604373403107e-01
3.186068273065686962e-01,2.927213704239468584e-01
3.185589040150503815e-01,2.923915000483718329e-01
3.185108488116943359e-01,2.920616488634193431e-01
3.184626651461214264e-01,2.917318164190152996e-01
3.184143564545297567e-01,2.914020022629442153e-01
3.183659261556293085e-01,2.910722059415764562e-01
3.183173776467075333e-01,2.907424270005796174e-01
3.182687142998349428e-01,2.904126649856181852e-01
3.182199394582203578e-01,2.900829194430329383e-01
3.181710564327223101e-01,2.897531899205007533e-01
3.181220684985233693e-01,2.894234759676741486e-01
3.180729788919739454e-01,2.890937771367977360e-01
3.180237908076109510e-01,2.887640929832984149e-01
3.179745073953539336e-01,2.884344230663506425e-01
3.179251317578823954e-01,2.881047669494146146e-01
3.178756669481997421e-01,2.877751242007458021e-01
3.178261159673785863e-01,2.874454943938754004e-01
3.177764817624958438e-01,2.871158771080611904e-01
3.177267672247525154e-01,2.867862719287083140e-01
3.176769751877790426e-01,2.864566784477586836e-01
3.176271084261240718e-01,2.861270962640515836e-01
3.175771696539245736e-01,2.857975249836506859e-01
3.175271615237554301e-01,2.854679642201428114e-01
3.174770866256521051e-01,2.851384135949056597e-01
3.174269474863062324e-01,2.848088727373451756e-01
3.173767465684241285e-01,2.844793412851033265e-01
3.173264862702500633e-01,2.841498188842378481e-01
3.172761689252409645e-01,2.838203051893737339e-01
3.172257968018937779e-01,2.834907998638264148e-01
3.171753721037133822e-01,2.831613025797008465e-01
3.171248969693178377e-01,2.828318130179620082e-01
3.170743734726740870e-01,2.825023308684841972e-01
3.170238036234546697e-01,2.821728558300753420e-01
3.169731893675121759e-01,2.818433876104798896e-01
3.169225325874593935e-01,2.815139259263602645e-01
3.168718351033523728e-01,2.811844705032591762e-01
3.168210986734670831e-01,2.808550210755430543e-01
3.167703249951616118e-01,2.805255773863288837e-01
3.167195157058183552e-01,2.801961391873939444e-01
3.166686723838590400e-01,2.798667062390719495e-01
3.166177965498221392e-01,2.795372783101346403e-01
3.165668896675031818e-01,2.792078551776618345e-01
3.165159531451416930e-01,2.788784366268997061e-01
3.164649883366582594e-01,2.785490224511086854e-01
3.164139965429261792e-01,2.782196124514041968e-01
3.163629790130791930e-01,2.778902064365866842e-01
3.163119369458450847e-01,2.775608042229683048e-01
3.162608714909015406e-01,2.772314056341901312e-01
3.162097837502478859e-01,2.769020105010370214e-01
3.161586747795888663e-01,2.765726186612480486e-01
3.161075455897265352e-01,2.762432299593235996e-01
3.160563971479506407e-01,2.759138442463293650e-01
3.160052303794338435e-01,2.755844613797001630e-01
3.159540461686152213e-01,2.752550812230424304e-01
3.159028453605787767e-01,2.749257036459363257e-01
3.158516287624193453e-01,2.745963285237374985e-01
3.158003971445919045e-01,2.742669557373827449e-01
3.157491512422453961e-01,2.739375851731937761e-01
3.156978917565330112e-01,2.736082167226849271e-01
3.156466193559050448e-01,2.732788502823718657e-01
3.155953346773726631e-01,2.729494857535862407e-01
3.155440383277481331e-01,2.726201230422887756e-01
3.154927308848577416e-01,2.722907620588901900e-01
3.154414128987246269e-01,2.719614027180733418e-01
3.153900848927226330e-01,2.716320449386198099e-01
3.153387473646999117e-01,2.713026886432410301e-01
3.152874007880694940e-01,2.709733337584140367e-01
3.152360456128704413e-01,2.706439802142194817e-01
3.151846822667936920e-01,2.703146279441885902e-01
3.151333111561782641e-01,2.699852768851488394e-01
3.150819326669723197e-01,2.696559269770800182e-01
3.150305471656634770e-01,2.693265781629721745e-01
3.149791550001754259e-01,2.689972303886867255e-01
3.149277565007324586e-01,2.686678836028265627e-01
3.148763519806928590e-01,2.683385377566075425e-01
3.148249417373499837e-01,2.680091928037350302e-01
3.147735260527011469e-01,2.676798487002868265e-01
3.147221051941889725e-01,2.673505054045993701e-01
3.146706794154098263e-01,2.670211628771566592e-01
3.146192489567941064e-01,2.666918210804889444e-01
3.145678140462588313e-01,2.663624799790690334e-01
3.145163748998296427e-01,2.660331395392178111e-01
3.144649317222397156e-01,2.657037997290115916e-01
3.144134847074972483e-01,2.653744605181946881e-01
3.143620340394329138e-01,2.650451218780937035e-01
3.143105798922173344e-01,2.647157837815384829e-01
3.142591224308580178e-01,2.643864462027855078e-01
3.142076618116719233e-01,2.640571091174435114e-01
3.141561981827358796e-01,2.637277725024038677e-01
3.141047316843149639e-01,2.633984363357755876e-01
3.140532624492708424e-01,2.630691005968203156e-01
3.140017906034499595e-01,2.627397652658926552e-01
3.139503162660526314e-01,2.624104303243831593e-01
3.138988395499833217e-01,2.620810957546634290e-01
3.138473605621839857e-01,2.617517615400349329e-01
3.137958794039499844e-01,2.614224276646792133e-01
3.137443961712306217e-01,2.610930941136114791e-01
3.136929109549134731e-01,2.607637608726366407e-01
3.136414238410937250e-01,2.604344279283073993e-01
3.135899349113312473e-01,2.601050952678828354e-01
3.135384442428916230e-01,2.597757628792934925e-01
3.134869519089771295e-01,2.594464307511030743e-01
3.134354579789430661e-01,2.591170988724758595e-01
3.133839625185040889e-01,2.587877672331442280e-01
3.133324655899287770e-01,2.584584358233793511e-01
3.132809672522243738e-01,2.581291046339599937e-01
3.132294675613105928e-01,2.577997736561482567e-01
3.131779665701845405e-01,2.574704428816619872e-01
3.131264643290765926e-01,2.571411123026512424e-01
3.130749608855985522e-01,2.568117819116747524e-01
3.130234562848807633e-01,2.564824517016793815e-01
3.129719505697055593e-01,2.561531216659778121e-01
3.129204437806309413e-01,2.558237917982310039e-01
3.128689359561069305e-01,2.554944620924288756e-01
3.128174271325878664e-01,2.551651325428734296e-01
3.127659173446357133e-01,2.548358031441615434e-01
3.127144066250190924e-01,2.545064738911704261e-01
3.126628950048065403e-01,2.541771447790442950e-01
3.126113825134547164e-01,2.538478158031770571e-01
3.125598691788902261e-01,2.535184869592035373e-01
3.125083550275888911e-01,2.531891582429843246e-01
3.124568400846486349e-01,2.528598296505954468e-01
3.124053243738593721e-01,2.525305011783174347e-01
3.123538079177688442e-01,2.522011728226255523e-01
3.123022907377434043e-01,2.518718445801785277e-01
3.122507728540273031e-01,2.515425164478112263e-01
3.121992542857967012e-01,2.512131884225258238e-01
3.121477350512109061e-01,2.508838605014824807e-01
3.120962151674624430e-01,2.505545326819933472e-01
3.120446946508212971e-01,2.502252049615138474e-01
3.119931735166782127e-01,2.498958773376383780e-01
3.119416517795858823e-01,2.495665498080906486e-01
3.118901294532959723e-01,2.492372223707207124e-01
3.118386065507953719e-01,2.489078950234976939e-01
3.117870830843398333e-01,2.485785677645052094e-01
3.117355590654848907e-01,2.482492405919365375e-01
3.116840345051157812e-01,2.479199135040894564e-01
3.116325094134750895e-01,2.475905864993626082e-01
3.115809838001885046e-01,2.472612595762504750e-01
3.115294576742884680e-01,2.469319327333407976e-01
3.114779310442381544e-01,2.466026059693103845e-01
3.114264039179511223e-01,2.462732792829220030e-01
3.113748763028114097e-01,2.459439526730207437e-01
3.113233482056921297e-01,2.456146261385319940e-01
3.112718196329717912e-01,2.452852996784586348e-01
3.112202905905507300e-01,2.449559732918780708e-01
3.111687610838638762e-01,2.446266469779405650e-01
3.111172311178965200e-01,2.442973207358668519e-01
3.110657006971939142e-01,2.439679945649461112e-01
3.110141698258742093e-01,2.436386684645347467e-01
3.109626385076372235e-01,2.433093424340546096e-01
3.109111067457743238e-01,2.429800164729911949e-01
3.108595745431756430e-01,2.426506905808927805e-01
3.108080419023381280e-01,2.423213647573692897e-01
3.107565088253707031e-01,2.419920390020915413e-01
3.107049753140001536e-01,2.416627133147895012e-01
3.106534413695750119e-01,2.413333876952531432e-01
3.106019069930699428e-01,2.410040621433302832e-01
3.105503721850871868e-01,2.406747366589273018e-01
3.104988369458593356e-01,2.403454112420084499e-01
3.104473012752495542e-01,2.400160858925956819e-01
3.103957651727521916e-01,2.396867606107685733e-01
3.103442286374921144e-01,2.393574353966649026e-01
3.102926916682227643e-01,2.390281102504802080e-01
3.102411542633239927e-01,2.386987851724685361e-01
3.101896164207987860e-01,2.383694601629432197e-01
3.101380781382693796e-01,2.380401352222766553e-01
3.100865394129720398e-01,2.377108103509021630e-01
3.100350002417516793e-01,2.373814855493142362e-01
3.099834606210546406e-01,2.370521608180694018e-01
3.099319205469215355e-01,2.367228361577881357e-01
3.098803800149780852e-01,2.363935115691554456e-01
3.098288390204267939e-01,2.360641870529230635e-01
3.097772975580354027e-01,2.357348626099102784e-01
3.097257556221255093e-01,2.354055382410067399e-01
3.096742132065609110e-01,2.350762139471735124e-01
3.096226703047325057e-01,2.347468897294453793e-01
3.095711269095450247e-01,2.344175655889340903e-01
3.095195830134002124e-01,2.340882415268291938e-01
3.094680386081802292e-01,2.337589175444021172e-01
3.094164936852288883e-01,2.334295936430087481e-01
3.093649482353313940e-01,2.331002698240921822e-01
3.093134022486946910e-01,2.327709460891856930e-01
3.092618557149238723e-01,2.324416224399176167e-01
3.092103086229980313e-01,2.321122988780138785e-01
3.091587609612448939e-01,2.317829754053021829e-01
3.091072127173137840e-01,2.314536520237171491e-01
3.090556638781457033e-01,2.311243287353036413e-01
3.090041144299438547e-01,2.307950055422225422e-01
3.089525643581393366e-01,2.304656824467556653e-01
3.089010136473570034e-01,2.301363594513107236e-01
3.088494622813786061e-01,2.298070365584277408e-01
3.087979102431032685e-01,2.294777137707851855e-01
3.087463575145060757e-01,2.291483910912061883e-01
3.086948040765944978e-01,2.288190685226649534e-01
3.086432499093606507e-01,2.284897460682957238e-01
3.085916949917333896e-01,2.281604237313985817e-01
3.085401393015245741e-01,2.278311015154487196e-01
3.084885828153746123e-01,2.275017794241053493e-01
3.084370255086941182e-01,2.271724574612197789e-01
3.083854673556015169e-01,2.268431356308461544e-01
3.083339083288578197e-01,2.265138139372514514e-01
3.082823483997973457e-01,2.261844923849258560e-01
3.082307875382547246e-01,2.258551709785946715e-01
3.081792257124877366e-01,2.255258497232309201e-01
3.081276628890956548e-01,2.251965286240667496e-01
3.080760990329327043e-01,2.248672076866083391e-01
3.080245341070169118e-01,2.245378869166499147e-01
3.079729680724347385e-01,2.242085663202878221e-01
3.079214008882387721e-01,2.238792459039378180e-01
3.078698325113407019e-01,2.235499256743514740e-01
3.078182628963984091e-01,2.232206056386333848e-01
3.077666919956964509e-01,2.228912858042602918e-01
3.077151197590202170e-01,2.225619661791013726e-01
3.076635461335228694e-01,2.222326467714381415e-01
3.076119710635859539e-01,2.219033275899871260e-01
3.075603944906712406e-01,2.215740086439228762e-01
3.075088163531650709e-01,2.212446899429023339e-01
3.074572365862144330e-01,2.209153714970907567e-01
3.074056551215545996e-01,2.205860533171889182e-01
3.073540718873265520e-01,2.202567354144614742e-01
3.073024868078855221e-01,2.199274178007671332e-01
3.072508998035997640e-01,2.195981004885910193e-01
3.071993107906373366e-01,2.192687834910770350e-01
3.071477196807433363e-01,2.189394668220641105e-01
3.070961263810041975e-01,2.186101504961222297e-01
3.070445307936018331e-01,2.182808345285921214e-01
3.069929328155527881e-01,2.179515189356257820e-01
3.069413323384352354e-01,2.176222037342293303e-01
3.068897292481032046e-01,2.172928889423090815e-01
3.068381234243841016e-01,2.169635745787181491e-01
3.067865147407636273e-01,2.166342606633062107e-01
3.067349030640535990e-01,2.163049472169729370e-01
3.066832882540437843e-01,2.159756342617220326e-01
3.066316701631378039e-01,2.156463218207188282e-01
3.065800486359698818e-01,2.153170099183515374e-01
3.065284235090042775e-01,2.149876985802937623e-01
3.064767946101163987e-01,2.146583878335711626e-01
3.064251617581531528e-01,2.143290777066315378e-01
3.063735247624735369e-01,2.139997682294164649e-01
3.063218834224687992e-01,2.136704594334382923e-01
3.062702375270595079e-01,2.133411513518598812e-01
3.062185868541715261e-01,2.130118440195771234e-01
3.061669311701887275e-01,2.126825374733065932e-01
3.061152702293810091e-01,2.123532317516761136e-01
3.060636037733087678e-01,2.120239268953198475e-01
3.060119315302020637e-01,2.116946229469766072e-01
3.059602532143126385e-01,2.113653199515937997e-01
3.059085685252420639e-01,2.110360179564345906e-01
3.058568771472398029e-01,2.107067170111894538e-01
3.058051787484756256e-01,2.103774171680934113e-01
3.057534729802827145e-01,2.100481184820467140e-01
3.057017594763719592e-01,2.097188210107410189e-01
3.056500378520173866e-01,2.093895248147904786e-01
3.055983077032108919e-01,2.090602299578674383e-01
3.055465686057866059e-01,2.087309365068432954e-01
3.054948201145165076e-01,2.084016445319355759e-01
3.054430617621717858e-01,2.080723541068583704e-01
3.053912930585561680e-01,2.077430653089797630e-01
3.053395134895049434e-01,2.074137782194845070e-01
3.052877225158555086e-01,2.070844929235410581e-01
3.052359195723826080e-01,2.067552095104753518e-01
3.051841040667058191e-01,2.064259280739500768e-01
3.051322753781631203e-01,2.060966487121486668e-01
3.050804328566544266e-01,2.057673715279658977e-01
3.050285758214529297e-01,2.054380966292040644e-01
3.049767035599898479e-01,2.051088241287739589e-01
3.049248153266041483e-01,2.047795541449023704e-01
3.048729103412678443e-01,2.044502868013456376e-01
3.048209877882810392e-01,2.041210222276065578e-01
3.047690468149398813e-01,2.037917605591597903e-01
3.047170865301793707e-01,2.034625019376802013e-01
3.046651060031904112e-01,2.031332465112783148e-01
3.046131042620155993e-01,2.028039944347395374e-01
3.045610802921209226e-01,2.024747458697692681e-01
3.045090330349484176e-01,2.021455009852435314e-01
3.044569613864523405e-01,2.018162599574621907e-01
3.044048641956189627e-01,2.014870229704097404e-01
3.043527402629701006e-01,2.011577902160177067e-01
3.043005883390610955e-01,2.008285618944326834e-01
3.042484071229654141e-01,2.004993382142882530e-01
3.041961952607573072e-01,2.001701193929790179e-01
3.041439513439897491e-01,1.998409056569401543e-01
3.040916739081745979e-01,1.995116972419281598e-01
3.040393614312673076e-01,1.991824943933042380e-01
3.039870123321584128e-01,1.988532973663210135e-01
3.039346249691770030e-01,1.985241064264106903e-01
3.038821976386107959e-01,1.981949218494734877e-01
3.038297285732450836e-01,1.978657439221685188e-01
3.037772159409256045e-01,1.975365729422046690e-01
3.037246578431511690e-01,1.972074092186312244e-01
3.036720523136976491e-01,1.968782530721282509e-01
3.036193973172822136e-01,1.965491048352961401e-01
3.035666907482674759e-01,1.962199648529433516e-01
3.035139304294164897e-01,1.958908334823718234e-01
3.034611141106983156e-01,1.955617110936608560e-01
3.034082394681527073e-01,1.952325980699460839e-01
3.033553041028187458e-01,1.949034948076952822e-01
3.033023055397306433e-01,1.945744017169805662e-01
3.032492412269892079e-01,1.942453192217437341e-01
3.031961085349109686e-01,1.939162477600563372e-01
3.031429047552652856e-01,1.935871877843748090e-01
3.030896271005987797e-01,1.932581397617853247e-01
3.030362727036552961e-01,1.929291041742432211e-01
3.029828386169010623e-01,1.926000815188033954e-01
3.029293218121502096e-01,1.922710723078400186e-01
3.028757191803047033e-01,1.919420770692575606e-01
3.028220275312120680e-01,1.916130963466907422e-01
3.027682435936397409e-01,1.912841306996926061e-01
3.027143640153792115e-01,1.909551807039098770e-01
3.026603853634781682e-01,1.906262469512468305e-01
3.026063041246075391e-01,1.902973300500138965e-01
3.025521167055669758e-01,1.899684306250615795e-01
3.024978194339317805e-01,1.896395493179015290e-01
3.024434085588469934e-01,1.893106867868079579e-01
3.023888802519671959e-01,1.889818437069049895e-01
3.023342306085499143e-01,1.886530207702366568e-01
3.022794556487014561e-01,1.883242186858160583e-01
3.022245513187784560e-01,1.879954381796588858e-01
3.021695134929462401e-01,1.876666799947953879e-01
3.021143379748975066e-01,1.873379448912623202e-01
3.020590204997256611e-01,1.870092336460743021e-01
3.020035567359625750e-01,1.866805470531739120e-01
3.019479422877713315e-01,1.863518859233581626e-01
3.018921726972996211e-01,1.860232510841844378e-01
3.018362434471887901e-01,1.856946433798504215e-01
3.017801499632402629e-01,1.853660636710520171e-01
3.017238876172337325e-01,1.850375128348154818e-01
3.016674517298958969e-01,1.847089917643061074e-01
3.016108375740190750e-01,1.843805013686092287e-01
3.015540403777204337e-01,1.840520425724871401e-01
3.014970553278426557e-01,1.837236163161092284e-01
3.014398775734907221e-01,1.833952235547549325e-01
3.013825022296960920e-01,1.830668652584896694e-01
3.013249243812070599e-01,1.827385424118153079e-01
3.012671390863965737e-01,1.824102560132904727e-01
3.012091413812814089e-01,1.820820070751248410e-01
3.011509262836479239e-01,1.817537966227460722e-01
3.010924887972719066e-01,1.814256256943377610e-01
3.010338239162320684e-01,1.810974953403502452e-01
3.009749266293016423e-01,1.807694066229845187e-01
3.009157919244159762e-01,1.804413606156460015e-01
3.008564147932020205e-01,1.801133584023746348e-01
3.007967902355649925e-01,1.797854010772452493e-01
3.007369132643212262e-01,1.794574897437415106e-01
3.006767789098660493e-01,1.791296255141046623e-01
3.006163822248711925e-01,1.788018095086562342e-01
3.005557182889962986e-01,1.784740428550942726e-01
3.004947822136108115e-01,1.781463266877660878e-01
3.004335691465111480e-01,1.778186621469184381e-01
3.003720742766259333e-01,1.774910503779212612e-01
3.003102928386979786e-01,1.771634925304733654e-01
3.002482201179331178e-01,1.768359897577835016e-01
3.001858514546079659e-01,1.765085432157345868e-01
3.001231822486221112e-01,1.761811540620258909e-01
3.000602079639899666e-01,1.758538234553004009e-01
2.999969241332604564e-01,1.755265525542538674e-01
2.999333263618534362e-01,1.751993425167296947e-01
2.998694103323085725e-01,1.748721944988001764e-01
2.998051718084315809e-01,1.745451096538359337e-01
2.997406066393347723e-01,1.742180891315641134e-01
2.996757107633605810e-01,1.738911340771183978e-01
2.996104802118799149e-01,1.735642456300825198e-01
2.995449111129605546e-01,1.732374249235269226e-01
2.994789996948952759e-01,1.729106730830426431e-01
2.994127422895846991e-01,1.725839912257741693e-01
2.993461353357687593e-01,1.722573804594513536e-01
2.992791753820995271e-01,1.719308418814233241e-01
2.992118590900517128e-01,1.716043765776976704e-01
2.991441832366645848e-01,1.712779856219844021e-01
2.990761447171121357e-01,1.709516700747478746e-01
2.990077405470962235e-01,1.706254309822689275e-01
2.989389678650609117e-01,1.702992693757190978e-01
2.988698239342237328e-01,1.699731862702474894e-01
2.988003061444216568e-01,1.696471826640844893e-01
2.987304120137722618e-01,1.693212595376618335e-01
2.986601391901437808e-01,1.689954178527535156e-01
2.985894854524395181e-01,1.686696585516368474e-01
2.985184487116914198e-01,1.683439825562760284e-01
2.984470270119641278e-01,1.680183907675323052e-01
2.983752185310723504e-01,1.676928840643987506e-01
2.983030215811096619e-01,1.673674633032634085e-01
2.982304346087926716e-01,1.670421293172025534e-01
2.981574561956202851e-01,1.667168829153042042e-01
2.980840850578537760e-01,1.663917248820234174e-01
2.980103200463171120e-01,1.660666559765730244e-01
2.979361601460225883e-01,1.657416769323462324e-01
2.978616044756245973e-01,1.654167884563780000e-01
2.977866522867080867e-01,1.650919912288396907e-01
2.977113029629112617e-01,1.647672859025750003e-01
2.976355560188912452e-01,1.644426731026716604e-01
2.975594110991365282e-01,1.641181534260725827e-01
2.974828679766292061e-01,1.637937274412273603e-01
2.974059265513665506e-01,1.634693956877828203e-01
2.973285868487434147e-01,1.631451586763142947e-01
2.972508490178036866e-01,1.628210168880976083e-01
2.971727133293661782e-01,1.624969707749209513e-01
2.970941801740303867e-01,1.621730207589379413e-01
2.970152500600700685e-01,1.618491672325607089e-01
2.969359236112191769e-01,1.615254105583943112e-01
2.968562015643564367e-01,1.612017510692082545e-01
2.967760847670975477e-01,1.608781890679518156e-01
2.966955741752989595e-01,1.605547248278038630e-01
2.966146708504798224e-01,1.602313585922644501e-01
2.965333759571708860e-01,1.599080905752817694e-01
2.964516907601942863e-01,1.595849209614181308e-01
2.963696166218821593e-01,1.592618499060484138e-01
2.962871549992390774e-01,1.589388775355980443e-01
2.962043074410565247e-01,1.586160039478120565e-01
2.961210755849851273e-01,1.582932292120569628e-01
2.960374611545678047e-01,1.579705533696555975e-01
2.959534659562442771e-01,1.576479764342531564e-01
2.958690918763309252e-01,1.573254983922099948e-01
2.957843408779794458e-01,1.570031192030253986e-01
2.956992149981237383e-01,1.566808387997862817e-01
2.956137163444174654e-01,1.563586570896403627e-01
2.955278470921703371e-01,1.560365739542982078e-01
2.954416094812819527e-01,1.557145892505497620e-01
2.953550058131892975e-01,1.553927028108105790e-01
2.952680384478179598e-01,1.550709144436812625e-01
2.951807098005566066e-01,1.547492239345281129e-01
2.950930223392446150e-01,1.544276310460808155e-01
2.950049785811902359e-01,1.541061355190441184e-01
2.949165810902109608e-01,1.537847370727238316e-01
2.948278324737105827e-01,1.534634354056658156e-01
2.947387353797876752e-01,1.531422301963052401e-01
2.946492924943827640e-01,1.528211211036266670e-01
2.945595065384690736e-01,1.525001077678314609e-01
2.944693802652846859e-01,1.521791898110123609e-01
2.943789164576116058e-01,1.518583668378330476e-01
2.942881179251049528e-01,1.515376384362136508e-01
2.941969875016727243e-01,1.512170041780186436e-01
2.941055280429077934e-01,1.508964636197451248e-01
2.940137424235761410e-01,1.505760163032142107e-01
2.939216335351611531e-01,1.502556617562608166e-01
2.938292042834648177e-01,1.499353994934219947e-01
2.937364575862698168e-01,1.496152290166218313e-01
2.936433963710604611e-01,1.492951498158550105e-01
2.935500235728056850e-01,1.489751613698648280e-01
2.934563421318034937e-01,1.486552631468134877e-01
2.933623549915884698e-01,1.483354546049506784e-01
2.932680650969009539e-01,1.480157351932716581e-01
2.931734753917210612e-01,1.476961043521675121e-01
2.930785888173645382e-01,1.473765615140703589e-01
2.929834083106448994e-01,1.470571061040844008e-01
2.928879368020940732e-01,1.467377375406105910e-01
2.927921772142524914e-01,1.464184552359612534e-01
2.926961324600156900e-01,1.460992585969602686e-01
2.925998054410476890e-01,1.457801470255357112e-01
2.925031990462562681e-01,1.454611199192988868e-01
2.924063161503259178e-01,1.451421766721118223e-01
2.923091596123154057e-01,1.448233166746401013e-01
2.922117322743132961e-01,1.445045393148976509e-01
2.921140369601524789e-01,1.441858439787724322e-01
2.920160764741838721e-01,1.438672300505436930e-01
2.919178536001055813e-01,1.435486969133834556e-01
2.918193710998505108e-01,1.432302439498445712e-01
2.917206317125263793e-01,1.429118705423355618e-01
2.916216381534111335e-01,1.425935760735813629e-01
2.915223931130018209e-01,1.422753599270694669e-01
2.914228992561123111e-01,1.419572214874839089e-01
2.913231592210243082e-01,1.416391601411248202e-01
2.912231756186854925e-01,1.413211752763115503e-01
2.911229510319559011e-01,1.410032662837768513e-01
2.910224880149003823e-01,1.406854325570438546e-01
2.909217890921271810e-01,1.403676734927895020e-01
2.908208567581687110e-01,1.400499884911973192e-01
2.907196934769057939e-01,1.397323769562940909e-01
2.906183016810319764e-01,1.394148382962751009e-01
2.905166837715591477e-01,1.390973719238162709e-01
2.904148421173594063e-01,1.387799772563722556e-01
2.903127790547453957e-01,1.384626537164654891e-01
2.902104968870850565e-01,1.381454007319587451e-01
2.901079978844516294e-01,1.378282177363188143e-01
2.900052842833062972e-01,1.375111041688685809e-01
2.899023582862118031e-01,1.371940594750248876e-01
2.897992220615762671e-01,1.368770831065284077e-01
2.896958777434280874e-01,1.365601745216619145e-01
2.895923274312147688e-01,1.362433331854562280e-01
2.894885731896327807e-01,1.359265585698886114e-01
2.893846170484776770e-01,1.356098501540695667e-01
2.892804610025222489e-01,1.352932074244201921e-01
2.891761070114155507e-01,1.349766298748410476e-01
2.890715569996034628e-01,1.346601170068711939e-01
2.889668128562710714e-01,1.343436683298394052e-01
2.888618764353022561e-01,1.340272833610058889e-01
2.887567495552593178e-01,1.337109616256977884e-01
2.886514339993794809e-01,1.333947026574351935e-01
2.885459315155862736e-01,1.330785059980502671e-01
2.884402438165176719e-01,1.327623711978003218e-01
2.883343725795673995e-01,1.324462978154730686e-01
2.882283194469387189e-01,1.321302854184857045e-01
2.881220860257127647e-01,1.318143335829780605e-01
2.880156738879245948e-01,1.314984418938999200e-01
2.879090845706533397e-01,1.311826099450923988e-01
2.878023195761186814e-01,1.308668373393648832e-01
2.876953803717881009e-01,1.305511236885659176e-01
2.875882683904914527e-01,1.302354686136509287e-01
2.874809850305418135e-01,1.299198717447441198e-01
2.873735316558637676e-01,1.296043327211974239e-01
2.872659095961259124e-01,1.292888511916444605e-01
2.871581201468801359e-01,1.289734268140525497e-01
2.870501645697033366e-01,1.286580592557700076e-01
2.869420440923437510e-01,1.283427481935712766e-01
2.868337599088688350e-01,1.280274933136982818e-01
2.867253131798177535e-01,1.277122943119012310e-01
2.866167050323523147e-01,1.273971508934743646e-01
2.865079365604126238e-01,1.270820627732928143e-01
2.863990088248704047e-01,1.267670296758445780e-01
2.862899228536837093e-01,1.264520513352628273e-01
2.861806796420506838e-01,1.261371274953564381e-01
2.860712801525635562e-01,1.258222579096393567e-01
2.859617253153589611e-01,1.255074423413584106e-01
2.858520160282690403e-01,1.251926805635211193e-01
2.857421531569680484e-01,1.248779723589227841e-01
2.856321375351181802e-01,1.245633175201726894e-01
2.855219699645102915e-01,1.242487158497210253e-01
2.854116512152035656e-01,1.239341671598843675e-01
2.853011820256593500e-01,1.236196712728731550e-01
2.851905631028721633e-01,1.233052280208182805e-01
2.850797951224958160e-01,1.229908372457976795e-01
2.849688787289649805e-01,1.226764987998653078e-01
2.848578145356117641e-01,1.223622125450792852e-01
2.847466031247759544e-01,1.220479783535315943e-01
2.846352450479125995e-01,1.217337961073792774e-01
2.845237408256902634e-01,1.214196656988767442e-01
2.844120909480863935e-01,1.211055870304074134e-01
2.843002958744734743e-01,1.207915600145206270e-01
2.841883560337030157e-01,1.204775845739669560e-01
2.840762718241777174e-01,1.201636606417367248e-01
2.839640436139214685e-01,1.198497881610995908e-01
2.838516717406397993e-01,1.195359670856472323e-01
2.837391565117751147e-01,1.192221973793369805e-01
2.836264982045524352e-01,1.189084790165374494e-01
2.835136970660206979e-01,1.185948119820779412e-01
2.834007533130841749e-01,1.182811962712985721e-01
2.832876671325280649e-01,1.179676318901033971e-01
2.831744386810364777e-01,1.176541188550168093e-01
2.830610680852012617e-01,1.173406571932404385e-01
2.829475554415252780e-01,1.170272469427156570e-01
2.828339008164167390e-01,1.167138881521865290e-01
2.827201042461752190e-01,1.164005808812662024e-01
2.826061657369729474e-01,1.160873252005059086e-01
2.824920852648233893e-01,1.157741211914687929e-01
2.823778627755475501e-01,1.154609689468037437e-01
2.822634981847285118e-01,1.151478685703229976e-01
2.821489913776603631e-01,1.148348201770865717e-01
2.820343422092885799e-01,1.145218238934826993e-01
2.819195505041437455e-01,1.142088798573184238e-01
2.818046160562662772e-01,1.138959882179095828e-01
2.816895386291267678e-01,1.135831491361733447e-01
2.815743179555355025e-01,1.132703627847274630e-01
2.814589537375464245e-01,1.129576293479896409e-01
2.813434456463556610e-01,1.126449490222807270e-01
2.812277933221897785e-01,1.123323220159326286e-01
2.811119963741912642e-01,1.120197485493970579e-01
2.809960543802944022e-01,1.117072288553603299e-01
2.808799668870964883e-01,1.113947631788584913e-01
2.807637334097224935e-01,1.110823517773981695e-01
2.806473534316845098e-01,1.107699949210779744e-01
2.805308264047348676e-01,1.104576928927154533e-01
2.804141517487143132e-01,1.101454459879761538e-01
2.802973288513965766e-01,1.098332545155053519e-01
2.801803570683249478e-01,1.095211187970619449e-01
2.800632357226486846e-01,1.092090391676583394e-01
2.799459641049533154e-01,1.088970159756996181e-01
2.798285414730865561e-01,1.085850495831267581e-01
2.797109670519843938e-01,1.082731403655638469e-01
2.795932400334908974e-01,1.079612887124648535e-01
2.794753595761778620e-01,1.076494950272658957e-01
2.793573248051636204e-01,1.073377597275377293e-01
2.792391348119277472e-01,1.070260832451409572e-01
2.791207886541284822e-01,1.067144660263834033e-01
2.790022853554176008e-01,1.064029085321794854e-01
2.788836239052578936e-01,1.060914112382104202e-01
2.787648032587397573e-01,1.057799746350860937e-01
2.786458223364021158e-01,1.054685992285098184e-01
2.785266800240536744e-01,1.051572855394414807e-01
2.784073751725982815e-01,1.048460341042627975e-01
2.782879065978663968e-01,1.045348454749441269e-01
2.781682730804470038e-01,1.042237202192111134e-01
2.780484733655297358e-01,1.039126589207080564e-01
2.779285061627504994e-01,1.036016621791677195e-01
2.778083701460469790e-01,1.032907306105737555e-01
2.776880639535199702e-01,1.029798648473270739e-01
2.775675861873057038e-01,1.026690655384089879e-01
2.774469354134585508e-01,1.023583333495427516e-01
2.773261101618443858e-01,1.020476689633528777e-01
2.772051089260458845e-01,1.017370730795241762e-01
2.770839301632838092e-01,1.014265464149561868e-01
2.769625722943500068e-01,1.011160897039141138e-01
2.768410337035575597e-01,1.008057036981778731e-01
2.767193127387085338e-01,1.004953891671857003e-01
2.765974077110784912e-01,1.001851468981744264e-01
2.764753168954221518e-01,9.987497769631287214e-02
2.763530385299984293e-01,9.956488238483168773e-02
2.762305708166188367e-01,9.925486180514508927e-02
2.761079119207179300e-01,9.894491681696798713e-02
2.759850599714506747e-01,9.863504829842423272e-02
2.758620130618133492e-01,9.832525714614664958e-02
2.757387692487941466e-01,9.801554427537112479e-02
2.756153265535537522e-01,9.770591062001798832e-02
2.754916829616321783e-01,9.739635713276650897e-02
2.753678364231930131e-01,9.708688478511667830e-02
2.752437848532979237e-01,9.677749456744128009e-02
2.751195261322166852e-01,9.646818748902558083e-02
2.749950581057744037e-01,9.615896457809275377e-02
2.748703785857367632e-01,9.584982688181953314e-02
2.747454853502339644e-01,9.554077546633366058e-02
2.746203761442270741e-01,9.523181141669745386e-02
2.744950486800156186e-01,9.492293583687816394e-02
2.743695006377898093e-01,9.461414984969701569e-02
2.742437296662293966e-01,9.430545459676475950e-02
2.741177333831469332e-01,9.399685123839740530e-02
2.739915093761819964e-01,9.368834095351158409e-02
2.738650552035434282e-01,9.337992493950225681e-02
2.737383683948042545e-01,9.307160441209760826e-02
2.736114464517468425e-01,9.276338060519312423e-02
2.734842868492647350e-01,9.245525477066235398e-02
2.733568870363156100e-01,9.214722817814485767e-02
2.732292444369338047e-01,9.183930211480950678e-02
2.731013564512977387e-01,9.153147788509247151e-02
2.729732204568557918e-01,9.122375681040978401e-02
2.728448338095110226e-01,9.091614022884064727e-02
2.727161938448663392e-01,9.060862949478742934e-02
2.725872978795292889e-01,9.030122597860207323e-02
2.724581432124778546e-01,8.999393106618741589e-02
2.723287271264880349e-01,8.968674615856564447e-02
2.721990468896239856e-01,8.937967267141744276e-02
2.720690997567881686e-01,8.907271203458927422e-02
2.719388829713366151e-01,8.876586569156785789e-02
2.718083937667535865e-01,8.845913509892316950e-02
2.716776293683902388e-01,8.815252172571730327e-02
2.715465869952636280e-01,8.784602705287852809e-02
2.714152638619186098e-01,8.753965257254442411e-02
2.712836571803470820e-01,8.723339978736460720e-02
2.711517641619707319e-01,8.692727020977442098e-02
2.710195820196790728e-01,8.662126536122927156e-02
2.708871079699276541e-01,8.631538677140337956e-02
2.707543392348897848e-01,8.600963597735628019e-02
2.706212730446646564e-01,8.570401452265818953e-02
2.704879066395370346e-01,8.539852395648434014e-02
2.703542372722880227e-01,8.509316583267073630e-02
2.702202622105543961e-01,8.478794170873532599e-02
2.700859787392338451e-01,8.448285314486275732e-02
2.699513841629336275e-01,8.417790170285682771e-02
2.698164758084603543e-01,8.387308894505546286e-02
2.696812510273475794e-01,8.356841643321449853e-02
2.695457071984163067e-01,8.326388572735538007e-02
2.694098417303706916e-01,8.295949838458449577e-02
2.692736520644150588e-01,8.265525595787664992e-02
2.691371356769005074e-01,8.235115999483239024e-02
2.690002900819889464e-01,8.204721203640347182e-02
2.688631128343311749e-01,8.174341361559006591e-02
2.687256015317592284e-01,8.143976625611443199e-02
2.685877538179837209e-01,8.113627147106744486e-02
2.684495673852927422e-01,8.083293076153008627e-02
2.683110399772508092e-01,8.052974561517872720e-02
2.681721693913869387e-01,8.022671750486448650e-02
2.680329534818716164e-01,7.992384788718026600e-02
2.678933901621769476e-01,7.962113820100746864e-02
2.677534774077109381e-01,7.931858986605455630e-02
2.676132132584262413e-01,7.901620428138000918e-02
2.674725958213930999e-01,7.871398282390995593e-02
2.673316232733332631e-01,7.841192684694830994e-02
2.671902938631094404e-01,7.811003767868501813e-02
2.670486059141640167e-01,7.780831662070125665e-02
2.669065578269023686e-01,7.750676494648162107e-02
2.667641480810138965e-01,7.720538389992609440e-02
2.666213752377255553e-01,7.690417469387511584e-02
2.664782379419862735e-01,7.660313850864336471e-02
2.663347349245687723e-01,7.630227649056825490e-02
2.661908650040931690e-01,7.600158975057813571e-02
2.660466270889588203e-01,7.570107936277764571e-02
2.659020201791864046e-01,7.540074636306198785e-02
2.657570433681590294e-01,7.510059174775468582e-02
2.656116958442630849e-01,7.480061647227698174e-02
2.654659768924210739e-01,7.450082144985237242e-02
2.653198858955138628e-01,7.420120755024689485e-02
2.651734223356864151e-01,7.390177559855071188e-02
2.650265857955360627e-01,7.360252637400199749e-02
2.648793759591772101e-01,7.330346060885772896e-02
2.647317926131804167e-01,7.300457898731615991e-02
2.645838356473834696e-01,7.270588214448747699e-02
2.644355050555695086e-01,7.240737066542407563e-02
2.642868009360136439e-01,7.210904508420723502e-02
2.641377234918920736e-01,7.181090588309352318e-02
2.639882730315543657e-01,7.151295349172698268e-02
2.638384499686587947e-01,7.121518828641421051e-02
2.636882548221657352e-01,7.091761058946971508e-02
2.635376882161913348e-01,7.062022066862899683e-02
2.633867508797239076e-01,7.032301873653640234e-02
2.632354436461954994e-01,7.002600495030225636e-02
2.630837674529177828e-01,6.972917941113876417e-02
2.629317233403775655e-01,6.943254216407113155e-02
2.627793124513937983e-01,6.913609319772467954e-02
2.626265360301416885e-01,6.883983244419183967e-02
2.624733954210403675e-01,6.854375977897853023e-02
2.623198920675096080e-01,6.824787502102730441e-02
2.621660275105990867e-01,6.795217793282437579e-02
2.620118033874901942e-01,6.765666822058225005e-02
2.618572214298758860e-01,6.736134553450551232e-02
2.617022834622224070e-01,6.706620946913138814e-02
2.615469913999149409e-01,6.677125956375462579e-02
2.613913472472933486e-01,6.647649530292398801e-02
2.612353530955813796e-01,6.618191611701845778e-02
2.610790111207146325e-01,6.588752138289832860e-02
2.609223235810717578e-01,6.559331042463029116e-02
2.607652928151137917e-01,6.529928251428124275e-02
2.606079212389388333e-01,6.500543687278659277e-02
2.604502113437545119e-01,6.471177267088401575e-02
2.602921656932770667e-01,6.441828903011115326e-02
2.601337869210600395e-01,6.412498502387042887e-02
2.599750777277613500e-01,6.383185967855059539e-02
2.598160408783512509e-01,6.353891197470767915e-02
2.596566791992717116e-01,6.324614084830004757e-02
2.594969955755482838e-01,6.295354519197648990e-02
2.593369929478642755e-01,6.266112385640981719e-02
2.591766743096028391e-01,6.236887565167953396e-02
2.590160427038607494e-01,6.207679934869347882e-02
2.588551012204431401e-01,6.178489368064882248e-02
2.586938529928423658e-01,6.149315734452909243e-02
2.585323011952094241e-01,6.120158900263134027e-02
2.583704490393211595e-01,6.091018728412184169e-02
2.582082997715516859e-01,6.061895078661544423e-02
2.580458566698511924e-01,6.032787807777795219e-02
2.578831230407394592e-01,6.003696769694183422e-02
2.577201022163174704e-01,5.974621815673969438e-02
2.575567975513040619e-01,5.945562794474534840e-02
2.573932124201025462e-01,5.916519552512161662e-02
2.572293502138983667e-01,5.887491934027394569e-02
2.570652143377988863e-01,5.858479781249870122e-02
2.569008082080129207e-01,5.829482934563501306e-02
2.567361352490777349e-01,5.800501232670357554e-02
2.565711988911384411e-01,5.771534512754067370e-02
2.564060025672784682e-01,5.742582610641627783e-02
2.562405497109095931e-01,5.713645360963914843e-02
2.560748437532230914e-01,5.684722597314206816e-02
2.559088881207023936e-01,5.655814152404747830e-02
2.557426862327028538e-01,5.626919858220763571e-02
2.555762414991016862e-01,5.598039546172361991e-02
2.554095573180144019e-01,5.569173047243131114e-02
2.552426370735880190e-01,5.540320192136122257e-02
2.550754841338661039e-01,5.511480811416452630e-02
2.549081018487293071e-01,5.482654735650760447e-02
2.547404935479125609e-01,5.453841795542829773e-02
2.545726625391012132e-01,5.425041822065951314e-02
2.544046121061034893e-01,5.396254646591219784e-02
2.542363455071022238e-01,5.367480101011923299e-02
2.540678659729866951e-01,5.338718017864207965e-02
2.538991767057612314e-01,5.309968230443279369e-02
2.537302808770349749e-01,5.281230572915740495e-02
2.535611816265884721e-01,5.252504880427544265e-02
2.533918820610193134e-01,5.223790989207793833e-02
2.532223852524650431e-01,5.195088736668085350e-02
2.530526942374010657e-01,5.166397961497753988e-02
2.528828120155169890e-01,5.137718503754734600e-02
2.527127415486634665e-01,5.109050204951842700e-02
2.525424857598765893e-01,5.080392908139291785e-02
2.523720475324693902e-01,5.051746457982403404e-02
2.522014297091976220e-01,5.023110700835475839e-02
2.520306350914907068e-01,4.994485484811223008e-02
2.518596664387522943e-01,4.965870659846211010e-02
2.516885264677241052e-01,4.937266077762270111e-02
2.515172178519137769e-01,4.908671592323760047e-02
2.513457432210836062e-01,4.880087059291099427e-02
2.511741051607984110e-01,4.851512336470353848e-02
2.510023062120321780e-01,4.822947283759160264e-02
2.508303488708272244e-01,4.794391763189009836e-02
2.506582355880080382e-01,4.765845638963928099e-02
2.504859687689464653e-01,4.737308777495835566e-02
2.503135507733740273e-01,4.708781047436599865e-02
2.501409839152419767e-01,4.680262319706701701e-02
2.499682704626247642e-01,4.651752467521197421e-02
2.497954126376668027e-01,4.623251366412201024e-02
2.496224126165679236e-01,4.594758894249034720e-02
2.494492725296073854e-01,4.566274931255426273e-02
2.492759944612031320e-01,4.537799360023914153e-02
2.491025804500049401e-01,4.509332065528226519e-02
2.489290324890186257e-01,4.480872935133062285e-02
2.487553525257590881e-01,4.452421858601451898e-02
2.485815424624317760e-01,4.423978728100530500e-02
2.484076041561381620e-01,4.395543438204818631e-02
2.482335394191049760e-01,4.367115885897987493e-02
2.480593500189348377e-01,4.338695970572764571e-02
2.478850376788762633e-01,4.310283594029196141e-02
2.477106040781103802e-01,4.281878660471527542e-02
2.475360508520546565e-01,4.253481076503556890e-02
2.473613795926801751e-01,4.225090751122911881e-02
2.471865918488402591e-01,4.196707595713938810e-02
2.470116891266111447e-01,4.168331524039708968e-02
2.468366728896403406e-01,4.139962452233164614e-02
2.466615445595035649e-01,4.111600298787093655e-02
2.464863055160665117e-01,4.083244984543815681e-02
2.463109570978521679e-01,4.054896432683896546e-02
2.461355006024099623e-01,4.026554568714402205e-02
2.459599372866873579e-01,3.998219320456902759e-02
2.457842683674022477e-01,3.969890618034849217e-02
2.456084950214130203e-01,3.941568393860833686e-02
2.454326183860878197e-01,3.913252582623721887e-02
2.452566395596694482e-01,3.884943121275602484e-02
2.450805596016372989e-01,3.856639949018703106e-02
2.449043795330615170e-01,3.828343007292495104e-02
2.447281003369532193e-01,3.800052239760787209e-02
2.445517229586043340e-01,3.771767592299257732e-02
2.443752483059214720e-01,3.743489012982964548e-02
2.441986772497484193e-01,3.715216452074582287e-02
2.440220106241789422e-01,3.686949862012689483e-02
2.438452492268584904e-01,3.658689197400855075e-02
2.436683938192732157e-01,3.630434414997141257e-02
2.434914451270270286e-01,3.602185473704183627e-02
2.433144038401032772e-01,3.573942334560031853e-02
2.431372706131143813e-01,3.545704960729750832e-02
2.429600460655335636e-01,3.517473317497638030e-02
2.427827307819129532e-01,3.489247372260489977e-02
2.426053253120840081e-01,3.461027094521657022e-02
2.424278301713405082e-01,3.432812455886152803e-02
2.422502458406044501e-01,3.404603430056490909e-02
2.420725727665731242e-01,3.376399992830086960e-02
2.418948113618460682e-01,3.348202122097160283e-02
2.417169620050340362e-01,3.320009797840339782e-02
2.415390250408461226e-01,3.291823002135002563e-02
2.413610007801564039e-01,3.263641719151355591e-02
2.411828895000491524e-01,3.235465935157288975e-02
2.410046914438418453e-01,3.207295638523049996e-02
2.408264068210852482e-01,3.179130819727005175e-02
2.406480358075403503e-01,3.150971471363034349e-02
2.404695785451317069e-01,3.122817588149251478e-02
2.402910351418754420e-01,3.094669166938435190e-02
2.401124056717833799e-01,3.066526206729991433e-02
2.399336901747404216e-01,3.038388708683453787e-02
2.397548886563564130e-01,3.010256676133860054e-02
2.395760010877914792e-01,2.982130114608710914e-02
2.393970274055519376e-01,2.954009031846938083e-02
2.392179675112616755e-01,2.925893437819310217e-02
2.390388212714007476e-01,2.897783344751314605e-02
2.388595885170181066e-01,2.869678767147343379e-02
2.386802690434121077e-01,2.841579721817616422e-02
2.385008626097814832e-01,2.813486227906464299e-02
2.383213689388444245e-01,2.785398306923225764e-02
2.381417877164264119e-01,2.757315982775165875e-02
2.379621185910138215e-01,2.729239281802592343e-02
2.377823611732757803e-01,2.701168232816403281e-02
2.376025150355509097e-01,2.673102867137927552e-02
2.374225797112987646e-01,2.645043218641235372e-02
2.372425546945164943e-01,2.616989323797996869e-02
2.370624394391180056e-01,2.588941221724849751e-02
2.368822333582764061e-01,2.560898954233553626e-02
2.367019358237278936e-01,2.532862565883736705e-02
2.365215461650371220e-01,2.504832104038534624e-02
2.363410636688211552e-01,2.476807618923138055e-02
2.361604875779352297e-01,2.448789163686287962e-02
2.359798170906143300e-01,2.420776794464762904e-02
2.357990513595730753e-01,2.392770570451135947e-02
2.356181894910623909e-01,2.364770553964717914e-02
2.354372305438815205e-01,2.336776810525797998e-02
2.352561735283440203e-01,2.308789408933337173e-02
2.350750174051977892e-01,2.280808421346153247e-02
2.348937610844980817e-01,2.252833923367786317e-02
2.347124034244307267e-01,2.224865994135039049e-02
2.345309432300877461e-01,2.196904716410236214e-02
2.343493792521911812e-01,2.168950176677764130e-02
2.341677101857660703e-01,2.141002465244123965e-02
2.339859346687604980e-01,2.113061676342625761e-02
2.338040512806136562e-01,2.085127908242162542e-02
2.336220585407670636e-01,2.057201263360253218e-02
2.334399549071226598e-01,2.029281848380698472e-02
2.332577387744432518e-01,2.001369774376043909e-02
2.330754084726959496e-01,1.973465156934423037e-02
2.328929622653372056e-01,1.945568116291529481e-02
2.327103983475392879e-01,1.917678777467635154e-02
2.325277148443552766e-01,1.889797270409454555e-02
2.323449098088247455e-01,1.861923730137632349e-02
2.321619812200168276e-01,1.834058296899376828e-02
2.319789269810113297e-01,1.806201116326794365e-02
2.317957449168158435e-01,1.778352339600663967e-02
2.316124327722204335e-01,1.750512123620318050e-02
2.314289882095869888e-01,1.722680631179251964e-02
2.312454088065739599e-01,1.694858031146845301e-02
2.310616920537963137e-01,1.667044498656433671e-02
2.308778353524201243e-01,1.639240215299520020e-02
2.306938360116898012e-01,1.611445369326702792e-02
2.305096912463929781e-01,1.583660155855037832e-02
2.303253981742562906e-01,1.555884777082350290e-02
2.301409538132773713e-01,1.528119442508302228e-02
2.299563550789918698e-01,1.500364369162587863e-02
2.297715987816751626e-01,1.472619781840206477e-02
2.295866816234800045e-01,1.444885913344212680e-02
2.294016001955124506e-01,1.417163004735466636e-02
2.292163509748433581e-01,1.389451305590483354e-02
2.290309303214614345e-01,1.361751074266492889e-02
2.288453344751656127e-01,1.334062578174383118e-02
2.286595595523998603e-01,1.306386094059608372e-02
2.284736015430333111e-01,1.278721908290897380e-02
2.282874563070862728e-01,1.251070317157149114e-02
2.281011195714051920e-01,1.223431627172338887e-02
2.279145869262906854e-01,1.195806155388701164e-02
2.277278538220800785e-01,1.168194229718255706e-02
2.275409155656879789e-01,1.140596189262432780e-02
2.273537673171108220e-01,1.113012384650335918e-02
2.271664040858969724e-01,1.085443178385253615e-02
2.269788207275882375e-01,1.057888945199542130e-02
2.267910119401382318e-01,1.030350072418062535e-02
2.266029722603116192e-01,1.002826960330116535e-02
2.264146960600713354e-01,9.753200225693203773e-03
2.262261775429584565e-01,9.478296865024271600e-03
2.260374107404741206e-01,9.203563936260317213e-03
2.258483895084673621e-01,8.929005999715688979e-03
2.256591075235386823e-01,8.654627765185052279e-03
2.254695582794676578e-01,8.380434096153188683e-03
2.252797350836710788e-01,8.106430014086229985e-03
2.250896310537026657e-01,7.832620702796500023e-03
2.248992391138050218e-01,7.559011512883961892e-03
2.247085519915195950e-01,7.285607966249052492e-03
2.245175622143708860e-01,7.012415760677459531e-03
2.243262621066327012e-01,6.739440774489235952e-03
2.241346437861881091e-01,6.466689071255360410e-03
2.239426991614980877e-01,6.194166904572251386e-03
2.237504199286890483e-01,5.921880722896399885e-03
2.235577975687735308e-01,5.649837174428573583e-03
2.233648233450181708e-01,5.378043112049812891e-03
2.231714883004735084e-01,5.106505598299393434e-03
2.229777832556795736e-01,4.835231910391979415e-03
2.227836988065626522e-01,4.564229545267139976e-03
2.225892253225414397e-01,4.293506224668175442e-03
2.223943529448542955e-01,4.023069900238041008e-03
2.221990715851285825e-01,3.752928758632478878e-03
2.220033709242058007e-01,3.483091226636980675e-03
2.218072404112417795e-01,3.213565976284693537e-03
2.216106692630989139e-01,2.944361929962446833e-03
2.214136464640475699e-01,2.675488265500736151e-03
2.212161607657944229e-01,2.406954421234674957e-03
2.210182006878578242e-01,2.138770101028919512e-03
2.208197545183063215e-01,1.870945279253077853e-03
2.206208103148779576e-01,1.603490205702273741e-03
2.204213559065013039e-01,1.336415410444269369e-03
2.202213788952331885e-01,1.069731708589150010e-03
2.200208666586319639e-01,8.034502049626413012e-04
2.198198063525844959e-01,5.375822986730116604e-04
2.196181849146027765e-01,2.721396875609571886e-04
2.194159890676070646e-01,7.134372511707898212e-06
2.192132053242117629e-01,-2.574213383785828313e-04
2.190098199915308241e-01,-5.215148257994295378e-04
2.188058191765130389e-01,-7.851331554043494698e-04
2.186011887918273555e-01,-1.048263074180155741e-03
2.183959145623053377e-01,-1.310891007029080235e-03
2.181899820319555816e-01,-1.573003053579824506e-03
2.179833765715604998e-01,-1.834584985242859734e-03
2.177760833868651047e-01,-2.095622242528516477e-03
2.175680875273640347e-01,-2.356099932647903739e-03
2.173593738956955401e-01,-2.616002827412033938e-03
2.171499272576472017e-01,-2.875315361450081486e-03
2.169397322527752969e-01,-3.134021630765759792e-03
2.167287734056412563e-01,-3.392105391649746782e-03
2.165170351376633218e-01,-3.649550059969142168e-03
2.163045017795829084e-01,-3.906338710851497975e-03
2.160911575845402555e-01,-4.162454078786403944e-03
2.158769867417525412e-01,-4.417878558160226454e-03
2.156619733907881309e-01,-4.672594204245539284e-03
2.154461016364226378e-01,-4.926582734665119201e-03
2.152293555640683587e-01,-5.179825531349491197e-03
2.150117192557559620e-01,-5.432303643002678317e-03
2.147931768066556057e-01,-5.683997788102357340e-03
2.145737123421135595e-01,-5.934888358444356804e-03
2.143533100351835141e-01,-6.184955423253701845e-03
2.141319541246260172e-01,-6.434178733876028122e-03
2.139096289333486389e-01,-6.682537729066628795e-03
2.136863188872575869e-01,-6.930011540890845811e-03
2.134620085344850482e-01,-7.176579001249461243e-03
2.132366825649611719e-01,-7.422218649041967264e-03
2.130103258302904479e-01,-7.666908737979538646e-03
2.127829233638928175e-01,-7.910627245055257273e-03
2.125544604013698546e-01,-8.153351879683856662e-03
2.123249224010497205e-01,-8.395060093511985677e-03
2.120942950646653724e-01,-8.635729090910593264e-03
2.118625643581193985e-01,-8.875335840147213773e-03
2.116297165322859053e-01,-9.113857085243148859e-03
2.113957381437965022e-01,-9.351269358510327923e-03
2.111606160757606987e-01,-9.587548993772010419e-03
2.109243375583662594e-01,-9.822672140253063677e-03
2.106868901893030610e-01,-1.005661477714098195e-02
2.104482619539594090e-01,-1.028935272880165952e-02
2.102084412453315565e-01,-1.052086168064142457e-02
2.099674168835903576e-01,-1.075111719559868062e-02
2.097251781352516831e-01,-1.098009473124850199e-02
2.094817147318926431e-01,-1.120776965750064358e-02
2.092370168883561921e-01,-1.143411727486848273e-02
2.089910753203933491e-01,-1.165911283328430192e-02
2.087438812616855821e-01,-1.188273155143215742e-02
2.084954264801959500e-01,-1.210494863657052278e-02
2.082457032937962416e-01,-1.232573930481173363e-02
2.079947045851228138e-01,-1.254507880182198498e-02
2.077424238156097280e-01,-1.276294242390541012e-02
2.074888550386562447e-01,-1.297930553943582588e-02
2.072339929118847679e-01,-1.319414361058918184e-02
2.069778327084464686e-01,-1.340743221533868823e-02
2.067203703273397253e-01,-1.361914706966388389e-02
