x,y
1.383178184293726298e-01,5.663556088016631351e-01
1.385178183255435236e-01,5.663556424905253905e-01
1.387178178802341844e-01,5.663552723715510329e-01
1.389178162639486680e-01,5.663544947906571370e-01
1.391178126249044689e-01,5.663533061039225380e-01
1.393178060889146141e-01,5.663517026789381958e-01
1.395177957592865226e-01,5.663496808961738793e-01
1.397177807167361840e-01,5.663472371503616154e-01
1.399177600193184379e-01,5.663443678518889079e-01
1.401177327023737651e-01,5.663410694282091651e-01
1.403176977784929558e-01,5.663373383252581217e-01
1.405176542374979576e-01,5.663331710088865822e-01
1.407176010464427363e-01,5.663285639662976045e-01
1.409175371496310669e-01,5.663235137074947856e-01
1.411174614686539486e-01,5.663180167667358766e-01
1.413173729024458924e-01,5.663120697039938367e-01
1.415172703273618326e-01,5.663056691064205506e-01
1.417171525972727997e-01,5.662988115898148767e-01
1.419170185436828269e-01,5.662914938000934706e-01
1.421168669758660630e-01,5.662837124147592771e-01
1.423166966810254508e-01,5.662754641443730197e-01
1.425165064244714730e-01,5.662667457340203603e-01
1.427162949498232414e-01,5.662575539647762835e-01
1.429160609792309300e-01,5.662478856551637074e-01
1.431158032136196634e-01,5.662377376626075431e-01
1.433155203329554150e-01,5.662271068848787614e-01
1.435152109965333322e-01,5.662159902615329088e-01
1.437148738432865447e-01,5.662043847753328585e-01
1.439145074921191481e-01,5.661922874536634565e-01
1.441141105422594770e-01,5.661796953699327339e-01
1.443136815736360545e-01,5.661666056449539131e-01
1.445132191472750516e-01,5.661530154483168653e-01
1.447127218057202569e-01,5.661389219997357003e-01
1.449121880734733914e-01,5.661243225703828097e-01
1.451116164574569600e-01,5.661092144841954887e-01
1.453110054474978097e-01,5.660935951191673476e-01
1.455103535168307816e-01,5.660774619086103021e-01
1.457096591226246796e-01,5.660608123423931382e-01
1.459089207065265847e-01,5.660436439681557630e-01
1.461081366952269589e-01,5.660259543924922587e-01
1.463073055010441770e-01,5.660077412821070686e-01
1.465064255225274892e-01,5.659890023649394308e-01
1.467054951450785794e-01,5.659697354312551720e-01
1.469045127415908314e-01,5.659499383347091905e-01
1.471034766731067756e-01,5.659296089933665286e-01
1.473023852894904673e-01,5.659087453906972431e-01
1.475012369301174908e-01,5.658873455765248695e-01
1.477000299245796733e-01,5.658654076679455747e-01
1.478987625934041206e-01,5.658429298502017923e-01
1.480974332487870471e-01,5.658199103775207739e-01
1.482960401953392904e-01,5.657963475739083981e-01
1.484945817308457594e-01,5.657722398339055658e-01
1.486930561470352630e-01,5.657475856232971889e-01
1.488914617303611077e-01,5.657223834797815432e-01
1.490897967627922149e-01,5.656966320135927706e-01
1.492880595226116769e-01,5.656703299080798608e-01
1.494862482852247210e-01,5.656434759202408902e-01
1.496843613239728921e-01,5.656160688812070791e-01
1.498823969109541743e-01,5.655881076966859933e-01
1.500803533178486360e-01,5.655595913473512315e-01
1.502782288167479052e-01,5.655305188891921464e-01
1.504760216809875595e-01,5.655008894538060549e-01
1.506737301859823186e-01,5.654707022486508139e-01
1.508713526100612379e-01,5.654399565572452158e-01
1.510688872353040668e-01,5.654086517393199784e-01
1.512663323483759148e-01,5.653767872309205522e-01
1.514636862413604179e-01,5.653443625444654064e-01
1.516609472125892699e-01,5.653113772687472505e-01
1.518581135674692828e-01,5.652778310688943986e-01
1.520551836193019257e-01,5.652437236862779546e-01
1.522521556901000883e-01,5.652090549383739226e-01
1.524490281113948242e-01,5.651738247185750241e-01
1.526457992250365159e-01,5.651380329959569959e-01
1.528424673839858527e-01,5.651016798149981479e-01
1.530390309530950121e-01,5.650647652952499600e-01
1.532354883098792087e-01,5.650272896309631587e-01
1.534318378452750875e-01,5.649892530906700516e-01
1.536280779643877381e-01,5.649506560167176783e-01
1.538242070872241352e-01,5.649114988247614377e-01
1.540202236494113419e-01,5.648717820032127523e-01
1.542161261029015573e-01,5.648315061126443215e-01
1.544119129166595106e-01,5.647906717851558511e-01
1.546075825773348678e-01,5.647492797236964845e-01
1.548031335899162642e-01,5.647073307013479315e-01
1.549985644783678507e-01,5.646648255605726252e-01
1.551938737862474660e-01,5.646217652124165820e-01
1.553890600773054631e-01,5.645781506356829516e-01
1.555841219360634964e-01,5.645339828760669310e-01
1.557790579683734633e-01,5.644892630452559290e-01
1.559738668019552965e-01,5.644439923199974229e-01
1.561685470869139392e-01,5.643981719411346187e-01
1.563630974962337272e-01,5.643518032126113582e-01
1.565575167262519551e-01,5.643048875004487153e-01
1.567518034971088770e-01,5.642574262316901734e-01
1.569459565531756140e-01,5.642094208933241539e-01
1.571399746634585537e-01,5.641608730311786779e-01
1.573338566219812107e-01,5.641117842487917144e-01
1.575276012481420240e-01,5.640621562062593242e-01
1.577212073870487563e-01,5.640119906190625976e-01
1.579146739098292729e-01,5.639612892568746094e-01
1.581079997139183402e-01,5.639100539423462788e-01
1.583011837233207764e-01,5.638582865498797947e-01
1.584942248888511762e-01,5.638059890043811695e-01
1.586871221883485450e-01,5.637531632800005799e-01
1.588798746268690332e-01,5.636998113988596071e-01
1.590724812368533025e-01,5.636459354297660429e-01
1.592649410782721042e-01,5.635915374869180372e-01
1.594572532387472930e-01,5.635366197285995860e-01
1.596494168336500263e-01,5.634811843558686917e-01
1.598414310061768706e-01,5.634252336112379744e-01
1.600332949274024807e-01,5.633687697773508418e-01
1.602250077963104369e-01,5.633117951756521080e-01
1.604165688398020984e-01,5.632543121650603890e-01
1.606079773126839194e-01,5.631963231406329484e-01
1.607992324976334764e-01,5.631378305322358724e-01
1.609903337051445948e-01,5.630788368032109137e-01
1.611812802734528538e-01,5.630193444490478871e-01
1.613720715684397455e-01,5.629593559960595073e-01
1.615627069835191554e-01,5.628988740000584468e-01
1.617531859395033855e-01,5.628379010450426101e-01
1.619435078844518316e-01,5.627764397418856257e-01
1.621336722935008134e-01,5.627144927270363306e-01
1.623236786686770849e-01,5.626520626612242504e-01
1.625135265386934424e-01,5.625891522281774026e-01
1.627032154587287893e-01,5.625257641333485381e-01
1.628927450101923802e-01,5.624619011026530391e-01
1.630821148004727439e-01,5.623975658812205847e-01
1.632713244626723958e-01,5.623327612321583624e-01
1.634603736553280895e-01,5.622674899353261591e-01
1.636492620621187721e-01,5.622017547861316578e-01
1.638379893915596075e-01,5.621355585943343947e-01
1.640265553766849793e-01,5.620689041828699217e-01
1.642149597747193379e-01,5.620017943866885135e-01
1.644032023667372222e-01,5.619342320516130806e-01
1.645912829573136782e-01,5.618662200332107393e-01
1.647792013741640194e-01,5.617977611956882500e-01
1.649669574677751771e-01,5.617288584108004468e-01
1.651545511110292241e-01,5.616595145567819802e-01
1.653419821988172389e-01,5.615897325172967136e-01
1.655292506476479519e-01,5.615195151804078799e-01
1.657163563952481211e-01,5.614488654375677790e-01
1.659032994001584660e-01,5.613777861826285687e-01
1.660900796413221636e-01,5.613062803108750387e-01
1.662766971176699304e-01,5.612343507180763691e-01
1.664631518477003302e-01,5.611620002995612033e-01
1.666494438690557245e-01,5.610892319493137048e-01
1.668355732380956691e-01,5.610160485590918178e-01
1.670215400294667030e-01,5.609424530175660673e-01
1.672073443356707489e-01,5.608684482094827839e-01
1.673929862666308777e-01,5.607940370148475351e-01
1.675784659492564055e-01,5.607192223081305382e-01
1.677637835270068267e-01,5.606440069574969431e-01
1.679489391594553849e-01,5.605683938240573205e-01
1.681339330218525885e-01,5.604923857611372462e-01
1.683187653046911147e-01,5.604159856135779716e-01
1.685034362132699637e-01,5.603391962170500840e-01
1.686879459672614157e-01,5.602620203973931456e-01
1.688722948002793212e-01,5.601844609699777600e-01
1.690564829594486396e-01,5.601065207390882872e-01
1.692405107049786417e-01,5.600282024973275430e-01
1.694243783097378886e-01,5.599495090250427021e-01
1.696080860588330963e-01,5.598704430897730733e-01
1.697916342491906372e-01,5.597910074457201901e-01
1.699750231891422603e-01,5.597112048332345546e-01
1.701582531980149193e-01,5.596310379783280275e-01
1.703413246057242092e-01,5.595505095922038707e-01
1.705242377523731312e-01,5.594696223708088834e-01
1.707069929878546888e-01,5.593883789944018581e-01
1.708895906714606450e-01,5.593067821271473505e-01
1.710720311714944430e-01,5.592248344167234375e-01
1.712543148648899560e-01,5.591425384939520127e-01
1.714364421368360092e-01,5.590598969724460687e-01
1.716184133804060374e-01,5.589769124482770746e-01
1.718002289961944595e-01,5.588935874996591169e-01
1.719818893919585201e-01,5.588099246866504721e-01
1.721633949822666820e-01,5.587259265508772721e-01
1.723447461881533471e-01,5.586415956152663842e-01
1.725259434367792388e-01,5.585569343838024947e-01
1.727069871611001117e-01,5.584719453412982926e-01
1.728878777995399296e-01,5.583866309531811956e-01
1.730686157956723981e-01,5.583009936652962857e-01
1.732492015979087419e-01,5.582150359037241216e-01
1.734296356591917554e-01,5.581287600746165367e-01
1.736099184366981518e-01,5.580421685640410967e-01
1.737900503915461581e-01,5.579552637378475399e-01
1.739700319885113533e-01,5.578680479415428772e-01
1.741498636957493074e-01,5.577805235001815909e-01
1.743295459845243534e-01,5.576926927182712657e-01
1.745090793289465758e-01,5.576045578796884339e-01
1.746884642057150716e-01,5.575161212476081873e-01
1.748677010938682885e-01,5.574273850644480000e-01
1.750467904745419689e-01,5.573383515518199882e-01
1.752257328307330886e-01,5.572490229104971604e-01
1.754045286470716225e-01,5.571594013203917672e-01
1.755831784095984172e-01,5.570694889405425343e-01
1.757616826055510562e-01,5.569792879091128857e-01
1.759400417231553881e-01,5.568888003434017131e-01
1.761182562514245764e-01,5.567980283398610286e-01
1.762963266799644491e-01,5.567069739741254963e-01
1.764742534987862876e-01,5.566156393010510683e-01
1.766520371981247506e-01,5.565240263547621691e-01
1.768296782682643453e-01,5.564321371487062073e-01
1.770071771993704801e-01,5.563399736757204117e-01
1.771845344813280376e-01,5.562475379081026627e-01
1.773617506035861102e-01,5.561548317976933165e-01
1.775388260550087305e-01,5.560618572759623568e-01
1.777157613237318190e-01,5.559686162541048748e-01
1.778925568970263216e-01,5.558751106231436534e-01
1.780692132611674250e-01,5.557813422540383019e-01
1.782457309013094626e-01,5.556873129977997205e-01
1.784221103013665932e-01,5.555930246856138899e-01
1.785983519438994471e-01,5.554984791289674373e-01
1.787744563100076012e-01,5.554036781197821959e-01
1.789504238792264945e-01,5.553086234305530944e-01
1.791262551294309779e-01,5.552133168144927078e-01
1.793019505367441646e-01,5.551177600056804717e-01
1.794775105754502775e-01,5.550219547192143388e-01
1.796529357179140751e-01,5.549259026513717608e-01
1.798282264345044401e-01,5.548296054797697829e-01
1.800033831935231587e-01,5.547330648635326877e-01
1.801784064611385572e-01,5.546362824434609706e-01
1.803532967013239952e-01,5.545392598422068664e-01
1.805280543758008283e-01,5.544419986644499865e-01
1.807026799439853393e-01,5.543445004970792844e-01
1.808771738629416370e-01,5.542467669093755767e-01
1.810515365873369420e-01,5.541487994531988370e-01
1.812257685694027565e-01,5.540505996631761576e-01
1.813998702588989764e-01,5.539521690568942613e-01
1.815738421030830274e-01,5.538535091350933470e-01
1.817476845466817759e-01,5.537546213818631546e-01
1.819213980318682145e-01,5.536555072648399189e-01
1.820949829982417001e-01,5.535561682354073199e-01
1.822684398828111618e-01,5.534566057288988761e-01
1.824417691199825831e-01,5.533568211647980073e-01
1.826149711415498977e-01,5.532568159469465341e-01
1.827880463766883290e-01,5.531565914637455172e-01
1.829609952519520577e-01,5.530561490883665332e-01
1.831338181912742780e-01,5.529554901789566212e-01
1.833065156159708053e-01,5.528546160788473385e-01
1.834790879447460998e-01,5.527535281167639258e-01
1.836515355937025640e-01,5.526522276070352513e-01
1.838238589763524777e-01,5.525507158498039750e-01
1.839960585036323204e-01,5.524489941312364927e-01
1.841681345839203399e-01,5.523470637237340997e-01
1.843400876230557039e-01,5.522449258861429344e-01
1.845119180243608992e-01,5.521425818639660310e-01
1.846836261886658503e-01,5.520400328895723741e-01
1.848552125143342606e-01,5.519372801824089514e-01
1.850266773972928935e-01,5.518343249492084768e-01
1.851980212310615770e-01,5.517311683842009984e-01
1.853692444067863432e-01,5.516278116693211775e-01
1.855403473132736514e-01,5.515242559744197859e-01
1.857113303370269142e-01,5.514205024574656555e-01
1.858821938622844117e-01,5.513165522647593964e-01
1.860529382710591484e-01,5.512124065311340138e-01
1.862235639431796541e-01,5.511080663801619650e-01
1.863940712563327828e-01,5.510035329243601065e-01
1.865644605861081495e-01,5.508988072653895340e-01
1.867347323060426778e-01,5.507938904942597524e-01
1.869048867876677289e-01,5.506887836915277390e-01
1.870749244005567857e-01,5.505834879274966731e-01
1.872448455123736921e-01,5.504780042624144443e-01
1.874146504889231679e-01,5.503723337466673859e-01
1.875843396942007135e-01,5.502664774209764520e-01
1.877539134904446239e-01,5.501604363165892853e-01
1.879233722381880856e-01,5.500542114554713979e-01
1.880927162963121346e-01,5.499478038504936883e-01
1.882619460220991414e-01,5.498412145056215117e-01
1.884310617712872671e-01,5.497344444160997545e-01
1.886000638981246702e-01,5.496274945686344671e-01
1.887689527554247404e-01,5.495203659415766051e-01
1.889377286946214984e-01,5.494130595050997767e-01
1.891063920658252184e-01,5.493055762213776561e-01
1.892749432178781055e-01,5.491979170447585101e-01
1.894433824984102788e-01,5.490900829219385049e-01
1.896117102538958932e-01,5.489820747921319022e-01
1.897799268297093445e-01,5.488738935872379265e-01
1.899480325701807804e-01,5.487655402320079645e-01
1.901160278186524999e-01,5.486570156442074353e-01
1.902839129175339927e-01,5.485483207347778833e-01
1.904516882083578944e-01,5.484394564079926315e-01
1.906193540318349144e-01,5.483304235616148770e-01
1.907869107279080989e-01,5.482212230870487923e-01
1.909543586358079803e-01,5.481118558694906273e-01
1.911216980941055077e-01,5.480023227880763681e-01
1.912889294407656704e-01,5.478926247160256224e-01
1.914560530132001781e-01,5.477827625207839501e-01
1.916230691483193083e-01,5.476727370641629733e-01
1.917899781825830874e-01,5.475625492024753793e-01
1.919567804520517229e-01,5.474521997866697021e-01
1.921234762924355077e-01,5.473416896624596628e-01
1.922900660391431704e-01,5.472310196704527341e-01
1.924565500273299201e-01,5.471201906462743736e-01
1.926229285919442702e-01,5.470092034206900378e-01
1.927892020677736684e-01,5.468980588197228654e-01
1.929553707894894332e-01,5.467867576647715833e-01
1.931214350916900802e-01,5.466753007727209734e-01
1.932873953089442320e-01,5.465636889560516742e-01
1.934532517758310033e-01,5.464519230229480939e-01
1.936190048269806341e-01,5.463400037774002183e-01
1.937846547971129596e-01,5.462279320193040855e-01
1.939502020210744915e-01,5.461157085445600412e-01
1.941156468338745555e-01,5.460033341451654421e-01
1.942809895707196255e-01,5.458908096093053608e-01
1.944462305670464075e-01,5.457781357214416262e-01
1.946113701585534816e-01,5.456653132623956459e-01
1.947764086812313056e-01,5.455523430094306736e-01
1.949413464713903588e-01,5.454392257363299690e-01
1.951061838656886205e-01,5.453259622134710716e-01
1.952709212011561890e-01,5.452125532078984094e-01
1.954355588152194845e-01,5.450989994833908003e-01
1.956000970457226484e-01,5.449853018005283989e-01
1.957645362309483050e-01,5.448714609167537581e-01
1.959288767096356854e-01,5.447574775864310048e-01
1.960931188209978915e-01,5.446433525609031268e-01
1.962572629047365513e-01,5.445290865885432652e-01
1.964213093010550859e-01,5.444146804148051189e-01
1.965852583506707829e-01,5.443001347822695735e-01
1.967491103948236786e-01,5.441854504306888884e-01
1.969128657752849398e-01,5.440706280970258879e-01
1.970765248343631371e-01,5.439556685154924853e-01
1.972400879149076025e-01,5.438405724175838785e-01
1.974035553603118442e-01,5.437253405321100796e-01
1.975669275145132686e-01,5.436099735852246706e-01
1.977302047219923475e-01,5.434944723004488942e-01
1.978933873277692601e-01,5.433788373986967457e-01
1.980564756773990354e-01,5.432630695982927360e-01
1.982194701169642803e-01,5.431471696149894335e-01
1.983823709930670476e-01,5.430311381619826738e-01
1.985451786528178442e-01,5.429149759499216632e-01
1.987078934438234745e-01,5.427986836869178600e-01
1.988705157141726909e-01,5.426822620785511919e-01
1.990330458124202617e-01,5.425657118278736091e-01
1.991954840875691524e-01,5.424490336354087505e-01
1.993578308890507911e-01,5.423322281991518334e-01
1.995200865667040024e-01,5.422152962145635469e-01
1.996822514707511931e-01,5.420982383745648336e-01
1.998443259517743986e-01,5.419810553695263433e-01
2.000063103606879167e-01,5.418637478872575519e-01
2.001682050487104403e-01,5.417463166129923291e-01
2.003300103673348043e-01,5.416287622293737281e-01
2.004917266682966215e-01,5.415110854164344456e-01
2.006533543035409206e-01,5.413932868515773933e-01
2.008148936251873407e-01,5.412753672095518276e-01
2.009763449854936879e-01,5.411573271624302572e-01
2.011377087368182437e-01,5.410391673795801326e-01
2.012989852315798245e-01,5.409208885276366452e-01
2.014601748222173971e-01,5.408024912704714193e-01
2.016212778611475576e-01,5.406839762691603157e-01
2.017822947007205381e-01,5.405653441819500138e-01
2.019432256931754377e-01,5.404465956642221514e-01
2.021040711905935927e-01,5.403277313684553551e-01
2.022648315448507539e-01,5.402087519441868269e-01
2.024255071075682921e-01,5.400896580379724865e-01
2.025860982300627111e-01,5.399704502933446726e-01
2.027466052632944382e-01,5.398511293507681774e-01
2.029070285578154498e-01,5.397316958475970594e-01
2.030673684637148702e-01,5.396121504180282358e-01
2.032276253305653202e-01,5.394924936930540760e-01
2.033877995073664346e-01,5.393727263004159944e-01
2.035478913424885183e-01,5.392528488645531581e-01
2.037079011836147313e-01,5.391328620065527488e-01
2.038678293776829131e-01,5.390127663441008909e-01
2.040276762708257141e-01,5.388925624914280288e-01
2.041874422083111706e-01,5.387722510592578562e-01
2.043471275344811988e-01,5.386518326547516944e-01
2.045067325926900603e-01,5.385313078814573107e-01
2.046662577252424120e-01,5.384106773392510759e-01
2.048257032733301897e-01,5.382899416242840074e-01
2.049850695769690201e-01,5.381691013289249259e-01
2.051443569749341889e-01,5.380481570417046111e-01
2.053035658046967193e-01,5.379271093472579590e-01
2.054626964023569535e-01,5.378059588262673607e-01
2.056217491025809918e-01,5.376847060554050817e-01
2.057807242385332192e-01,5.375633516072735318e-01
2.059396221418115513e-01,5.374418960503506426e-01
2.060984431423800722e-01,5.373203399489280274e-01
2.062571875685027256e-01,5.371986838630546934e-01
2.064158557466764521e-01,5.370769283484773116e-01
2.065744480015641593e-01,5.369550739565821518e-01
2.067329646559274980e-01,5.368331212343377956e-01
2.068914060305595271e-01,5.367110707242340739e-01
2.070497724442170451e-01,5.365889229642262226e-01
2.072080642135539497e-01,5.364666784876741534e-01
2.073662816530530695e-01,5.363443378232876091e-01
2.075244250749591068e-01,5.362219014950656559e-01
2.076824947892116358e-01,5.360993700222399516e-01
2.078404911033769620e-01,5.359767439192182348e-01
2.079984143225820370e-01,5.358540236955268155e-01
2.081562647494470397e-01,5.357312098557525104e-01
2.083140426840185411e-01,5.356083028994893525e-01
2.084717484237032514e-01,5.354853033212807478e-01
2.086293822632012684e-01,5.353622116105645201e-01
2.087869444944402963e-01,5.352390282516177322e-01
2.089444354065098652e-01,5.351157537235031736e-01
2.091018552855955781e-01,5.349923885000138490e-01
2.092592044149140795e-01,5.348689330496219085e-01
2.094164830746482464e-01,5.347453878354222478e-01
2.095736915418824065e-01,5.346217533150842138e-01
2.097308300905385559e-01,5.344980299407966484e-01
2.098878989913120496e-01,5.343742181592181506e-01
2.100448985116090406e-01,5.342503184114266723e-01
2.102018289154826136e-01,5.341263311328682262e-01
2.103586904635707799e-01,5.340022567533082576e-01
2.105154834130343044e-01,5.338780956967834612e-01
2.106722080174947553e-01,5.337538483815523760e-01
2.108288645269734141e-01,5.336295152200494218e-01
2.109854531878306294e-01,5.335050966188363830e-01
2.111419742427050050e-01,5.333805929785562228e-01
2.112984279304538360e-01,5.332560046938894516e-01
2.114548144860937673e-01,5.331313321535056104e-01
2.116111341407412860e-01,5.330065757400229698e-01
2.117673871215546288e-01,5.328817358299611229e-01
2.119235736516754676e-01,5.327568127937003517e-01
2.120796939501712886e-01,5.326318069954366630e-01
2.122357482319784383e-01,5.325067187931415980e-01
2.123917367078448915e-01,5.323815485385214874e-01
2.125476595842743233e-01,5.322562965769741528e-01
2.127035170634698769e-01,5.321309632475500484e-01
2.128593093432789574e-01,5.320055488829129597e-01
2.130150366171381093e-01,5.318800538093003683e-01
2.131706990740182550e-01,5.317544783464839275e-01
2.133262968983700991e-01,5.316288228077333811e-01
2.134818302700710047e-01,5.315030874997765942e-01
2.136372993643705642e-01,5.313772727227643600e-01
2.137927043518379477e-01,5.312513787702328738e-01
2.139480453983087782e-01,5.311254059290662077e-01
2.141033226648325904e-01,5.309993544794628928e-01
2.142585363076207616e-01,5.308732246948992817e-01
2.144136864779941642e-01,5.307470168420940215e-01
2.145687733223318183e-01,5.306207311809736371e-01
2.147237969820191550e-01,5.304943679646392241e-01
2.148787575933969185e-01,5.303679274393309218e-01
2.150336552877102902e-01,5.302414098443946067e-01
2.151884901910575132e-01,5.301148154122495848e-01
2.153432624243399318e-01,5.299881443683538418e-01
2.154979721032108941e-01,5.298613969311717353e-01
2.156526193380258194e-01,5.297345733121412437e-01
2.158072042337915719e-01,5.296076737156414360e-01
2.159617268901163345e-01,5.294806983389597210e-01
2.161161874011595929e-01,5.293536473722603164e-01
2.162705858555820371e-01,5.292265209985517194e-01
2.164249223364954344e-01,5.290993193936536221e-01
2.165791969214125035e-01,5.289720427261668245e-01
2.167334096821968981e-01,5.288446911574400389e-01
2.168875606850130533e-01,5.287172648415385812e-01
2.170416499902759200e-01,5.285897639252115088e-01
2.171956776526006438e-01,5.284621885478610892e-01
2.173496437207522447e-01,5.283345388415107147e-01
2.175035482375949625e-01,5.282068149307714844e-01
2.176573912400414368e-01,5.280790169328111183e-01
2.178111727590020807e-01,5.279511449573228710e-01
2.179648928193337332e-01,5.278231991064910034e-01
2.181185514397882830e-01,5.276951794749598079e-01
2.182721486329612659e-01,5.275670861498018560e-01
2.184256844052400170e-01,5.274389192104833590e-01
2.185791587567513794e-01,5.273106787288319719e-01
2.187325716813093290e-01,5.271823647690051518e-01
2.188859231663623228e-01,5.270539773874547418e-01
2.190392131929400077e-01,5.269255166328948858e-01
2.191924417355999022e-01,5.267969825462676114e-01
2.193456087623734951e-01,5.266683751607095232e-01
2.194987142347120113e-01,5.265396945015169416e-01
2.196517581074317882e-01,5.264109405861114865e-01
2.198047403286592094e-01,5.262821134240064369e-01
2.199576608397749711e-01,5.261532130167694277e-01
2.201105195753585153e-01,5.260242393579896980e-01
2.202633164631315199e-01,5.258951924332408989e-01
2.204160514239006108e-01,5.257660722200457881e-01
2.205687243715005186e-01,5.256368786878398147e-01
2.207213352127358474e-01,5.255076117979358141e-01
2.208738838473230104e-01,5.253782715034851503e-01
2.210263701678309711e-01,5.252488577494429656e-01
2.211787940596222635e-01,5.251193704725298783e-01
2.213311554007929838e-01,5.249898096011945681e-01
2.214834540621121173e-01,5.248601750555765832e-01
2.216356899069610309e-01,5.247304667474677053e-01
2.217878627912720502e-01,5.246006845802738683e-01
2.219399725634661480e-01,5.244708284489780770e-01
2.220920190643907999e-01,5.243408982400996621e-01
2.222440021272569510e-01,5.242108938316580868e-01
2.223959215775759002e-01,5.240808150931319798e-01
2.225477772330950177e-01,5.239506618854211650e-01
2.226995689037335469e-01,5.238204340608084708e-01
2.228512963915178779e-01,5.236901314629187620e-01
2.230029594905162393e-01,5.235597539266817479e-01
2.231545579867731943e-01,5.234293012782922361e-01
2.233060916582434996e-01,5.232987733351699422e-01
2.234575602747255196e-01,5.231681699059234081e-01
2.236089635977949741e-01,5.230374907903089232e-01
2.237603013807373808e-01,5.229067357791931103e-01
2.239115733684812481e-01,5.227759046545130683e-01
2.240627792975297683e-01,5.226449971892418445e-01
2.242139188958940932e-01,5.225140131473469118e-01
2.243649918830244172e-01,5.223829522837555306e-01
2.245159979697422536e-01,5.222518143443168892e-01
2.246669368581724335e-01,5.221205990657669105e-01
2.248178082416747992e-01,5.219893061756912811e-01
2.249686118047760364e-01,5.218579353924929221e-01
2.251193472231015624e-01,5.217264864253545742e-01
2.252700141633076081e-01,5.215949589742088222e-01
2.254206122830136050e-01,5.214633527297036775e-01
2.255711412307345731e-01,5.213316673731732687e-01
2.257216006458137858e-01,5.211999025766049787e-01
2.258719901583566003e-01,5.210680580026132436e-01
2.260223093891634560e-01,5.209361333044104647e-01
2.261725579496648431e-01,5.208041281257801414e-01
2.263227354418559656e-01,5.206720421010544442e-01
2.264728414582323213e-01,5.205398748550891241e-01
2.266228755817264739e-01,5.204076260032423074e-01
2.267728373856455759e-01,5.202752951513563984e-01
2.269227264336094729e-01,5.201428818957396505e-01
2.270725422794907244e-01,5.200103858231500675e-01
2.272222844673552899e-01,5.198778065107836355e-01
2.273719525314047696e-01,5.197451435262628872e-01
2.275215459959202824e-01,5.196123964276289087e-01
2.276710643752074825e-01,5.194795647633347890e-01
2.278205071735439069e-01,5.193466480722440659e-01
2.279698738851278494e-01,5.192136458836307256e-01
2.281191639940289284e-01,5.190805577171815344e-01
2.282683769741415125e-01,5.189473830830031442e-01
2.284175122891400345e-01,5.188141214816319735e-01
2.285665693924366082e-01,5.186807724040479739e-01
2.287155477271414217e-01,5.185473353316916167e-01
2.288644467260259885e-01,5.184138097364845432e-01
2.290132658114891751e-01,5.182801950808564317e-01
2.291620043955261976e-01,5.181464908177723094e-01
2.293106618797010887e-01,5.180126963907689674e-01
2.294592376551227442e-01,5.178788112339913763e-01
2.296077311024242451e-01,5.177448347722388711e-01
2.297561415917458438e-01,5.176107664210105597e-01
2.299044684827230844e-01,5.174766055865609449e-01
2.300527111244774214e-01,5.173423516659589882e-01
2.302008688556126670e-01,5.172080040471529472e-01
2.303489410042153795e-01,5.170735621090392087e-01
2.304969268878603039e-01,5.169390252215411152e-01
2.306448258136203910e-01,5.168043927456904552e-01
2.307926370780829239e-01,5.166696640337161694e-01
2.309403599673703622e-01,5.165348384291411632e-01
2.310879937571673204e-01,5.163999152668840020e-01
2.312355377127528477e-01,5.162648938733680470e-01
2.313829910890398689e-01,5.161297735666393605e-01
2.315303531306198981e-01,5.159945536564897184e-01
2.316776230718154417e-01,5.158592334445881722e-01
2.318248001367383959e-01,5.157238122246208256e-01
2.319718835393557999e-01,5.155882892824388275e-01
2.321188724835630546e-01,5.154526638962131369e-01
2.322657661632648030e-01,5.153169353365975036e-01
2.324125637624632201e-01,5.151811028669026626e-01
2.325592644553546584e-01,5.150451657432769670e-01
2.327058674064345356e-01,5.149091232148961250e-01
2.328523717706106055e-01,5.147729745241615973e-01
2.329987766933254156e-01,5.146367189069107617e-01
2.331450813106870634e-01,5.145003555926320749e-01
2.332912847496101394e-01,5.143638838046951101e-01
2.334373861279650797e-01,5.142273027605847036e-01
2.335833845547382881e-01,5.140906116721493113e-01
2.337292791302013339e-01,5.139538097458571375e-01
2.338750689460909193e-01,5.138168961830620329e-01
2.340207530857986995e-01,5.136798701802817169e-01
2.341663306245723164e-01,5.135427309294828824e-01
2.343118006297266465e-01,5.134054776183805124e-01
2.344571621608663170e-01,5.132681094307434133e-01
2.346024142701194914e-01,5.131306255467136257e-01
2.347475560023827845e-01,5.129930251431347177e-01
2.348925863955778348e-01,5.128553073938907358e-01
2.350375044809198122e-01,5.127174714702554814e-01
2.351823092831973327e-01,5.125795165412534438e-01
2.353269998210649749e-01,5.124414417740292826e-01
2.354715751073471197e-01,5.123032463342297449e-01
2.356160341493550858e-01,5.121649293863942409e-01
2.357603759492156170e-01,5.120264900943577446e-01
2.359045995042124977e-01,5.118879276216616869e-01
2.360487038071407695e-01,5.117492411319770618e-01
2.361926878466727164e-01,5.116104297895349706e-01
2.363365506077375333e-01,5.114714927595711558e-01
2.364802910719129014e-01,5.113324292087748635e-01
2.366239082178297481e-01,5.111932383057529172e-01
2.367674010215891078e-01,5.110539192214968995e-01
2.369107684571924999e-01,5.109144711298656549e-01
2.370540094969836586e-01,5.107748932080715676e-01
2.371971231121038914e-01,5.106351846371779413e-01
2.373401082729594824e-01,5.104953446026050390e-01
2.374829639497010869e-01,5.103553722946401194e-01
2.376256891127153936e-01,5.102152669089607961e-01
2.377682827331294990e-01,5.100750276471615052e-01
2.379107437833258565e-01,5.099346537172861904e-01
2.380530712374700486e-01,5.097941443343709800e-01
2.381952640720486902e-01,5.096534987209895284e-01
2.383373212664195995e-01,5.095127161078063516e-01
2.384792418033722106e-01,5.093717957341303837e-01
2.386210246696980619e-01,5.092307368484797481e-01
2.387626688567721644e-01,5.090895387091447510e-01
2.389041733611437512e-01,5.089482005847574264e-01
2.390455371851362698e-01,5.088067217548615240e-01
2.391867593374568390e-01,5.086651015104869389e-01
2.393278388338134777e-01,5.085233391547236970e-01
2.394687746975405762e-01,5.083814340032981605e-01
2.396095659602322514e-01,5.082393853851495669e-01
2.397502116623818347e-01,5.080971926430049024e-01
2.398907108540287436e-01,5.079548551339526652e-01
2.400310625954100163e-01,5.078123722300176279e-01
2.401712659576179520e-01,5.076697433187280506e-01
2.403113200232615543e-01,5.075269678036860022e-01
2.404512238871320262e-01,5.073840451051272460e-01
2.405909766568719299e-01,5.072409746604804592e-01
2.407305774536457887e-01,5.070977559249196798e-01
2.408700254128128548e-01,5.069543883719114241e-01
2.410093196846011809e-01,5.068108714937524795e-01
2.411484594347807209e-01,5.066672048021017005e-01
2.412874438453367354e-01,5.065233878285035907e-01
2.414262721151412272e-01,5.063794201249007809e-01
2.415649434606220725e-01,5.062353012641365169e-01
2.417034571164285994e-01,5.060910308404493740e-01
2.418418123360934757e-01,5.059466084699499877e-01
2.419800083926893219e-01,5.058020337910922315e-01
2.421180445794793024e-01,5.056573064651264104e-01
2.422559202105613874e-01,5.055124261765393534e-01
2.423936346215039561e-01,5.053673926334814048e-01
2.425311871699734889e-01,5.052222055681760970e-01
2.426685772363522120e-01,5.050768647373138354e-01
2.428058042243454451e-01,5.049313699224298180e-01
2.429428675615770139e-01,5.047857209302635262e-01
2.430797667001725892e-01,5.046399175931006731e-01
2.432165011173296754e-01,5.044939597690933919e-01
2.433530703158728881e-01,5.043478473425668795e-01
2.434894738247943002e-01,5.042015802242989508e-01
2.436257111997777447e-01,5.040551583517851597e-01
2.437617820237056865e-01,5.039085816894777192e-01
2.438976859071486647e-01,5.037618502290075462e-01
2.440334224888356940e-01,5.036149639893798824e-01
2.441689914361049873e-01,5.034679230171492659e-01
2.443043924453341675e-01,5.033207273865740738e-01
2.444396252423498839e-01,5.031733771997433102e-01
2.445746895828144751e-01,5.030258725866816327e-01
2.447095852525904280e-01,5.028782137054321755e-01
2.448443120680814100e-01,5.027304007421136145e-01
2.449788698765488215e-01,5.025824339109528083e-01
2.451132585564037847e-01,5.024343134542939016e-01
2.452474780174738744e-01,5.022860396425818941e-01
2.453815282012434262e-01,5.021376127743226725e-01
2.455154090810676148e-01,5.019890331760178404e-01
2.456491206623596657e-01,5.018403012020737908e-01
2.457826629827503662e-01,5.016914172346893519e-01
2.459160361122197935e-01,5.015423816837143445e-01
2.460492401532011764e-01,5.013931949864882665e-01
2.461822752406557513e-01,5.012438576076512220e-01
2.463151415421191981e-01,5.010943700389351996e-01
2.464478392577189592e-01,5.009447327989248189e-01
2.465803686201626932e-01,5.007949464328023126e-01
2.467127298946972525e-01,5.006450115120647526e-01
2.468449233790385167e-01,5.004949286342197379e-01
2.469769494032718060e-01,5.003446984224596550e-01
2.471088083297233728e-01,5.001943215253128461e-01
2.472405005528025279e-01,5.000437986162751258e-01
2.473720264988149009e-01,4.998931303934187609e-01
2.475033866257471959e-01,4.997423175789839078e-01
2.476345814230227482e-01,4.995913609189468474e-01
2.477656114112298247e-01,4.994402611825731197e-01
2.478964771418218360e-01,4.992890191619505091e-01
2.480271791967894879e-01,4.991376356715032103e-01
2.481577181883072303e-01,4.989861115474937270e-01
2.482880947583522291e-01,4.988344476475017331e-01
2.484183095782981909e-01,4.986826448498956066e-01
2.485483633484837085e-01,4.985307040532825362e-01
2.486782567977559033e-01,4.983786261759495240e-01
2.488079906829903098e-01,4.982264121552877900e-01
2.489375657885878890e-01,4.980740629472099057e-01
2.490669829259487544e-01,4.979215795255508836e-01
2.491962429329257767e-01,4.977689628814605527e-01
2.493253466732560097e-01,4.976162140227889941e-01
2.494542950359731615e-01,4.974633339734594317e-01
2.495830889348004678e-01,4.973103237728355164e-01
2.497117293075264421e-01,4.971571844750818925e-01
2.498402171153627505e-01,4.970039171485185481e-01
2.499685533422862371e-01,4.968505228749680591e-01
2.500967389943659636e-01,4.966970027491023343e-01
2.502247750990763131e-01,4.965433578777838641e-01
2.503526627045965514e-01,4.963895893794031400e-01
2.504804028790993398e-01,4.962356983832178492e-01
2.506079967100273698e-01,4.960816860286883512e-01
2.507354453033604491e-01,4.959275534648141526e-01
2.508627497828741504e-01,4.957733018494728250e-01
2.509899112893907991e-01,4.956189323487569243e-01
2.511169309800229121e-01,4.954644461363174046e-01
2.512438100274119179e-01,4.953098443927078098e-01
2.513705496189624911e-01,4.951551283047324059e-01
2.514971509560727236e-01,4.950002990648005863e-01
2.516236152533625203e-01,4.948453578702855515e-01
2.517499437379003280e-01,4.946903059228883737e-01
2.518761376484294767e-01,4.945351444280117748e-01
2.520021982345956313e-01,4.943798745941365147e-01
2.521281267561754635e-01,4.942244976322103800e-01
2.522539244823079341e-01,4.940690147550433897e-01
2.523795926907294040e-01,4.939134271767122164e-01
2.525051326670131324e-01,4.937577361119749320e-01
2.526305457038139357e-01,4.936019427756955236e-01
2.527558331001198422e-01,4.934460483822787902e-01
2.528809961605091305e-01,4.932900541451171184e-01
2.530060361944180825e-01,4.931339612760483049e-01
2.531309545154140084e-01,4.929777709848247591e-01
2.532557524404808746e-01,4.928214844785952509e-01
2.533804312893123689e-01,4.926651029614005362e-01
2.535049923836180108e-01,4.925086276336786972e-01
2.536294370464390879e-01,4.923520596917881353e-01
2.537537666014779147e-01,4.921954003275388345e-01
2.538779823724384710e-01,4.920386507277418331e-01
2.540020856823811402e-01,4.918818120737691868e-01
2.541260778530912701e-01,4.917248855411299191e-01
2.542499602044606122e-01,4.915678722990584615e-01
2.543737340538850811e-01,4.914107735101189700e-01
2.544974007156762807e-01,4.912535903298230755e-01
2.546209615004881854e-01,4.910963239062608454e-01
2.547444177147613065e-01,4.909389753797485656e-01
2.548677706601798487e-01,4.907815458824881794e-01
2.549910216331479629e-01,4.906240365382446011e-01
2.551141719242802086e-01,4.904664484620326892e-01
2.552372228179106695e-01,4.903087827598227033e-01
2.553601755916162785e-01,4.901510405282578642e-01
2.554830315157594622e-01,4.899932228543871227e-01
2.556057918530459938e-01,4.898353308154099195e-01
2.557284578581009438e-01,4.896773654784371543e-01
2.558510307770606174e-01,4.895193279002651443e-01
2.559735118471828663e-01,4.893612191271621281e-01
2.560959022964730547e-01,4.892030401946694806e-01
2.562182033433273998e-01,4.890447921274146958e-01
2.563404161961935213e-01,4.888864759389399128e-01
2.564625420532472555e-01,4.887280926315397123e-01
2.565845821020867890e-01,4.885696431961139008e-01
2.567065375194412802e-01,4.884111286120318418e-01
2.568284094708983556e-01,4.882525498470093317e-01
2.569501991106463712e-01,4.880939078569959677e-01
2.570719075812318843e-01,4.879352035860754500e-01
2.571935360133336124e-01,4.877764379663756533e-01
2.573150855255521563e-01,4.876176119179922441e-01
2.574365572242132694e-01,4.874587263489192357e-01
2.575579522031873902e-01,4.872997821549925890e-01
2.576792715437228876e-01,4.871407802198438608e-01
2.578005163142944034e-01,4.869817214148617346e-01
2.579216875704631873e-01,4.868226065991650420e-01
2.580427863547536949e-01,4.866634366195840555e-01
2.581638136965407337e-01,4.865042123106502192e-01
2.582847706119513198e-01,4.863449344945954822e-01
2.584056581037784128e-01,4.861856039813585162e-01
2.585264771614069756e-01,4.860262215686003695e-01
2.586472287607510245e-01,4.858667880417269491e-01
2.587679138642036136e-01,4.857073041739188857e-01
2.588885334205970334e-01,4.855477707261674492e-01
2.590090883651735565e-01,4.853881884473191799e-01
2.591295796195663415e-01,4.852285580741262927e-01
2.592500080917918837e-01,4.850688803313015218e-01
2.593703746762498485e-01,4.849091559315810152e-01
2.594906802537337853e-01,4.847493855757917247e-01
2.596109256914499452e-01,4.845895699529240153e-01
2.597311118430448151e-01,4.844297097402098240e-01
2.598512395486402560e-01,4.842698056032044840e-01
2.599713096348780783e-01,4.841098581958748759e-01
2.600913229149698913e-01,4.839498681606889674e-01
2.602112801887549454e-01,4.837898361287122362e-01
2.603311822427654132e-01,4.836297627197065352e-01
2.604510298502971111e-01,4.834696485422304013e-01
2.605708237714862152e-01,4.833094941937469136e-01
2.606905647533926396e-01,4.831493002607307186e-01
2.608102535300878544e-01,4.829890673187792194e-01
2.609298908227479230e-01,4.828287959327261514e-01
2.610494773397525892e-01,4.826684866567583776e-01
2.611690137767865294e-01,4.825081400345329063e-01
2.612885008169470447e-01,4.823477565992970173e-01
2.614079391308539169e-01,4.821873368740103305e-01
2.615273293767648721e-01,4.820268813714683187e-01
2.616466722006917656e-01,4.818663905944255976e-01
2.617659682365221507e-01,4.817058650357223248e-01
2.618852181061429030e-01,4.815453051784115424e-01
2.620044224195661187e-01,4.813847114958856310e-01
2.621235817750576236e-01,4.812240844520052074e-01
2.622426967592677571e-01,4.810634245012277432e-01
2.623617679473639330e-01,4.809027320887369061e-01
2.624807959031649762e-01,4.807420076505713458e-01
2.625997811792765702e-01,4.805812516137552559e-01
2.627187243172290354e-01,4.804204643964278820e-01
2.628376258476146088e-01,4.802596464079721961e-01
2.629564862902273870e-01,4.800987980491444040e-01
2.630753061542027149e-01,4.799379197122045637e-01
2.631940859381577957e-01,4.797770117810429280e-01
2.633128261303326334e-01,4.796160746313088974e-01
2.634315272087310866e-01,4.794551086305395282e-01
2.635501896412624778e-01,4.792941141382847658e-01
2.636688138858827024e-01,4.791330915062340656e-01
2.637874003907356157e-01,4.789720410783424032e-01
2.639059495942938649e-01,4.788109631909537867e-01
2.640244619254998870e-01,4.786498581729240476e-01
2.641429378039056863e-01,4.784887263457452411e-01
2.642613776398123893e-01,4.783275680236647176e-01
2.643797818344096884e-01,4.781663835138064145e-01
2.644981507799137876e-01,4.780051731162900941e-01
2.646164848597046260e-01,4.778439371243483058e-01
2.647347844484628232e-01,4.776826758244428484e-01
2.648530499123041282e-01,4.775213894963816763e-01
2.649712816089153100e-01,4.773600784134306996e-01
2.650894798876865521e-01,4.771987428424273592e-01
2.652076450898434579e-01,4.770373830438925933e-01
2.653257775485787229e-01,4.768759992721381957e-01
2.654438775891817537e-01,4.767145917753785600e-01
2.655619455291658992e-01,4.765531607958353733e-01
2.656799816783972923e-01,4.763917065698434206e-01
2.657979863392190834e-01,4.762302293279556675e-01
2.659159598065764518e-01,4.760687292950451788e-01
2.660339023681391191e-01,4.759072066904063703e-01
2.661518143044229179e-01,4.757456617278551514e-01
2.662696958889095300e-01,4.755840946158270133e-01
2.663875473881650580e-01,4.754225055574735626e-01
2.665053690619575422e-01,4.752608947507585002e-01
2.666231611633709253e-01,4.750992623885511579e-01
2.667409239389204600e-01,4.749376086587194790e-01
2.668586576286642864e-01,4.747759337442204464e-01
2.669763624663150092e-01,4.746142378231903436e-01
2.670940386793486665e-01,4.744525210690330730e-01
2.672116864891127541e-01,4.742907836505062535e-01
2.673293061109325297e-01,4.741290257318081514e-01
2.674468977542166503e-01,4.739672474726603912e-01
2.675644616225597572e-01,4.738054490283920561e-01
2.676819979138452821e-01,4.736436305500205113e-01
2.677995068203457563e-01,4.734817921843320621e-01
2.679169885288219533e-01,4.733199340739604466e-01
2.680344432206213101e-01,4.731580563574655507e-01
2.681518710717734622e-01,4.729961591694087919e-01
2.682692722530864993e-01,4.728342426404293364e-01
2.683866469302400026e-01,4.726723068973183173e-01
2.685039952638777483e-01,4.725103520630915543e-01
2.686213174096990230e-01,4.723483782570612188e-01
2.687386135185494962e-01,4.721863855949073874e-01
2.688558837365087051e-01,4.720243741887475974e-01
2.689731282049786509e-01,4.718623441472059588e-01
2.690903470607702852e-01,4.717002955754800997e-01
2.692075404361891633e-01,4.715382285754090574e-01
2.693247084591194329e-01,4.713761432455388367e-01
2.694418512531076559e-01,4.712140396811871357e-01
2.695589689374455755e-01,4.710519179745077389e-01
2.696760616272504407e-01,4.708897782145546884e-01
2.697931294335471075e-01,4.707276204873429570e-01
2.699101724633471422e-01,4.705654448759125641e-01
2.700271908197272031e-01,4.704032514603876391e-01
2.701441846019081994e-01,4.702410403180378173e-01
2.702611539053317302e-01,4.700788115233380804e-01
2.703780988217381887e-01,4.699165651480268768e-01
2.704950194392409801e-01,4.697543012611656854e-01
2.706119158424035165e-01,4.695920199291960806e-01
2.707287881123129347e-01,4.694297212159978527e-01
2.708456363266556477e-01,4.692674051829451853e-01
2.709624605597899527e-01,4.691050718889632209e-01
2.710792608828198613e-01,4.689427213905845160e-01
2.711960373636689847e-01,4.687803537420041078e-01
2.713127900671515880e-01,4.686179689951353033e-01
2.714295190550459758e-01,4.684555671996635251e-01
2.715462243861661573e-01,4.682931484031020442e-01
2.716629061164340109e-01,4.681307126508457150e-01
2.717795642989501159e-01,4.679682599862248216e-01
2.718961989840656956e-01,4.678057904505597553e-01
2.720128102194543374e-01,4.676433040832137511e-01
2.721293980501822141e-01,4.674808009216473437e-01
2.722459625187801935e-01,4.673182810014706035e-01
2.723625036653142817e-01,4.671557443564981482e-01
2.724790215274581207e-01,4.669931910188006019e-01
2.725955161405623217e-01,4.668306210187591621e-01
2.727119875377276847e-01,4.666680343851182244e-01
2.728284357498761414e-01,4.665054311450385072e-01
2.729448608058221981e-01,4.663428113241510631e-01
2.730612627323450448e-01,4.661801749466099043e-01
2.731776415542611081e-01,4.660175220351453484e-01
2.732939972944958273e-01,4.658548526111183086e-01
2.734103299741576509e-01,4.656921666945738059e-01
2.735266396126090349e-01,4.655294643042935387e-01
2.736429262275422158e-01,4.653667454578517826e-01
2.737591898350515418e-01,4.652040101716685694e-01
2.738754304497081904e-01,4.650412584610635891e-01
2.739916480846341651e-01,4.648784903403122004e-01
2.741078427515786786e-01,4.647157058226987214e-01
2.742240144609923713e-01,4.645529049205722738e-01
2.743401632221037501e-01,4.643900876454024607e-01
2.744562890429959601e-01,4.642272540078343224e-01
2.745723919306831684e-01,4.640644040177440144e-01
2.746884718911882239e-01,4.639015376842954286e-01
2.748045289296211502e-01,4.637386550159963150e-01
2.749205630502562503e-01,4.635757560207555139e-01
2.750365742566128757e-01,4.634128407059385779e-01
2.751525625515330864e-01,4.632499090784262252e-01
2.752685279372624749e-01,4.630869611446714607e-01
2.753844704155309908e-01,4.629239969107566965e-01
2.755003899876328211e-01,4.627610163824527612e-01
2.756162866545087131e-01,4.625980195652766302e-01
2.757321604168271323e-01,4.624350064645491587e-01
2.758480112750669178e-01,4.622719770854554211e-01
2.759638392295995502e-01,4.621089314331017217e-01
2.760796442807729179e-01,4.619458695125761016e-01
2.761954264289935290e-01,4.617827913290069586e-01
2.763111856748113326e-01,4.616196968876226103e-01
2.764269220190027632e-01,4.614565861938100255e-01
2.765426354626561167e-01,4.612934592531751643e-01
2.766583260072545958e-01,4.611303160716030414e-01
2.767739936547617963e-01,4.609671566553156241e-01
2.768896384077061401e-01,4.608039810109332279e-01
2.770052602692655852e-01,4.606407891455330805e-01
2.771208592433523910e-01,4.604775810667088853e-01
2.772364353346976062e-01,4.603143567826307736e-01
2.773519885489361125e-01,4.601511163021033690e-01
2.774675188926902236e-01,4.599878596346257398e-01
2.775830263736546177e-01,4.598245867904499073e-01
2.776985110006793822e-01,4.596612977806387446e-01
2.778139727838538908e-01,4.594979926171239848e-01
2.779294117345894599e-01,4.593346713127643421e-01
2.780448278657016714e-01,4.591713338814020773e-01
2.781602211914924183e-01,4.590079803379198964e-01
2.782755917278303959e-01,4.588446106982967398e-01
2.783909394922315372e-01,4.586812249796626273e-01
2.785062645039381723e-01,4.585178232003542798e-01
2.786215667839974097e-01,4.583544053799679108e-01
2.787368463553382414e-01,4.581909715394128502e-01
2.788521032428475932e-01,4.580275217009628363e-01
2.789673374734447098e-01,4.578640558883083633e-01
2.790825490761548178e-01,4.577005741266051420e-01
2.791977380821814014e-01,4.575370764425240599e-01
2.793129045249753695e-01,4.573735628642985329e-01
2.794280484403041664e-01,4.572100334217711337e-01
2.795431698663188302e-01,4.570464881464386675e-01
2.796582688436187736e-01,4.568829270714958035e-01
2.797733454153146782e-01,4.567193502318777076e-01
2.798883996270885577e-01,4.565557576642997883e-01
2.800034315272535990e-01,4.563921494072991081e-01
2.801184411668098950e-01,4.562285255012691332e-01
2.802334285994980134e-01,4.560648859884977036e-01
2.803483938818514543e-01,4.559012309131999507e-01
2.804633370732438347e-01,4.557375603215505500e-01
2.805782582359366839e-01,4.555738742617142512e-01
2.806931574351220204e-01,4.554101727838740232e-01
2.808080347389630416e-01,4.552464559402568667e-01
2.809228902186309829e-01,4.550827237851584606e-01
2.810377239483408673e-01,4.549189763749648674e-01
2.811525360053817035e-01,4.547552137681721840e-01
2.812673264701454623e-01,4.545914360254043052e-01
2.813820954261515572e-01,4.544276432094277451e-01
2.814968429600682720e-01,4.542638353851651267e-01
2.816115691617312455e-01,4.541000126197043962e-01
2.817262741241581270e-01,4.539361749823088155e-01
2.818409579435594559e-01,4.537723225444211805e-01
2.819556207193469333e-01,4.536084553796667640e-01
2.820702625541359754e-01,4.534445735638551467e-01
2.821848835537480449e-01,4.532806771749774422e-01
2.822994838272060436e-01,4.531167662932021889e-01
2.824140634867272071e-01,4.529528410008684114e-01
2.825286226477130014e-01,4.527889013824756281e-01
2.826431614287345240e-01,4.526249475246725273e-01
2.827576799515140182e-01,4.524609795162419235e-01
2.828721783409026691e-01,4.522969974480832711e-01
2.829866567248560116e-01,4.521330014131934583e-01
2.831011152344035664e-01,4.519689915066443242e-01
2.832155540036161989e-01,4.518049678255575685e-01
2.833299731695694823e-01,4.516409304690780502e-01
2.834443728723029521e-01,4.514768795383437006e-01
2.835587532547764744e-01,4.513128151364536045e-01
2.836731144628233392e-01,4.511487373684334168e-01
2.837874566450985792e-01,4.509846463411980588e-01
2.839017799530251240e-01,4.508205421635135268e-01
2.840160845407360135e-01,4.506564249459547589e-01
2.841303705650138345e-01,4.504922948008627803e-01
2.842446381852269388e-01,4.503281518422985186e-01
2.843588875632612201e-01,4.501639961859951189e-01
2.844731188634515573e-01,4.499998279493088171e-01
2.845873322525080407e-01,4.498356472511670923e-01
2.847015278994407539e-01,4.496714542120150426e-01
2.848157059754812259e-01,4.495072489537608740e-01
2.849298666540020508e-01,4.493430315997190005e-01
2.850440101104328994e-01,4.491788022745508702e-01
2.851581365221759756e-01,4.490145611042065665e-01
2.852722460685183092e-01,4.488503082158626922e-01
2.853863389305414389e-01,4.486860437378605848e-01
2.855004152910314286e-01,4.485217677996420349e-01
2.856144753343842213e-01,4.483574805316847822e-01
2.857285192465124357e-01,4.481931820654376231e-01
2.858425472147485547e-01,4.480288725332524646e-01
2.859565594277475031e-01,4.478645520683181003e-01
2.860705560753893373e-01,4.477002208045920417e-01
2.861845373486788802e-01,4.475358788767316853e-01
2.862985034396460793e-01,4.473715264200254227e-01
2.864124545412456424e-01,4.472071635703235293e-01
2.865263908472557852e-01,4.470427904639684424e-01
2.866403125521764794e-01,4.468784072377253169e-01
2.867542198511283114e-01,4.467140140287118033e-01
2.868681129397508411e-01,4.465496109743290476e-01
2.869819920141011282e-01,4.463851982121922468e-01
2.870958572705532563e-01,4.462207758800611490e-01
2.872097089056964148e-01,4.460563441157707754e-01
2.873235471162365329e-01,4.458919030571653064e-01
2.874373720988965264e-01,4.457274528420278603e-01
2.875511840503172656e-01,4.455629936080154341e-01
2.876649831669614854e-01,4.453985254925917348e-01
2.877787696450168631e-01,4.452340486329621760e-01
2.878925436803017601e-01,4.450695631660094298e-01
2.880063054681717416e-01,4.449050692282303654e-01
2.881200552034274276e-01,4.447405669556733776e-01
2.882337930802252313e-01,4.445760564838775464e-01
2.883475192919880969e-01,4.444115379478136285e-01
2.884612340313192358e-01,4.442470114818239946e-01
2.885749374899182484e-01,4.440824772195671732e-01
2.886886298584976918e-01,4.439179352939611189e-01
2.888023113267037534e-01,4.437533858371300877e-01
2.889159820830377035e-01,4.435888289803515683e-01
2.890296423147801219e-01,4.434242648540053788e-01
2.891432922079173462e-01,4.432596935875244837e-01
2.892569319470716382e-01,4.430951153093478645e-01
2.893705617154311849e-01,4.429305301468741130e-01
2.894841816946854829e-01,4.427659382264177435e-01
2.895977920649614457e-01,4.426013396731666716e-01
2.897113930047631181e-01,4.424367346111427457e-01
2.898249846909133898e-01,4.422721231631610572e-01
2.899385672984985396e-01,4.421075054507960234e-01
2.900521410008161660e-01,4.419428815943438615e-01
2.901657059693251162e-01,4.417782517127913922e-01
2.902792623735979127e-01,4.416136159237841197e-01
2.903928103812771222e-01,4.414489743435967561e-01
2.905063501580331109e-01,4.412843270871065204e-01
2.906198818675247986e-01,4.411196742677672145e-01
2.907334056713642978e-01,4.409550159975855754e-01
2.908469217290824416e-01,4.407903523870991269e-01
2.909604301980986962e-01,4.406256835453568055e-01
2.910739312336922957e-01,4.404610095798998648e-01
2.911874249889760957e-01,4.402963305967467211e-01
2.913009116148751465e-01,4.401316467003764110e-01
2.914143912601042663e-01,4.399669579937172115e-01
2.915278640711509994e-01,4.398022645781344275e-01
2.916413301922596846e-01,4.396375665534212884e-01
2.917547897654181877e-01,4.394728640177906209e-01
2.918682429303470216e-01,4.393081570678678549e-01
2.919816898244906866e-01,4.391434457986874706e-01
2.920951305830108979e-01,4.389787303036885580e-01
2.922085653387831439e-01,4.388140106747125957e-01
2.923219942223934664e-01,4.386492870020046730e-01
2.924354173621394049e-01,4.384845593742115466e-01
2.925488348840303843e-01,4.383198278783865809e-01
2.926622469117931558e-01,4.381550925999917467e-01
2.927756535668758486e-01,4.379903536229021732e-01
2.928890549684565747e-01,4.378256110294126424e-01
2.930024512334510334e-01,4.376608649002446949e-01
2.931158424765242243e-01,4.374961153145540127e-01
2.932292288101021605e-01,4.373313623499402447e-01
2.933426103443860233e-01,4.371666060824566657e-01
2.934559871873663739e-01,4.370018465866213342e-01
2.935693594448396393e-01,4.368370839354293045e-01
2.936827272204273753e-01,4.366723182003655057e-01
2.937960906155924201e-01,4.365075494514182308e-01
2.939094497296613762e-01,4.363427777570926258e-01
2.940228046598439837e-01,4.361780031844271210e-01
2.941361555012562690e-01,4.360132257990095850e-01
2.942495023469424709e-01,4.358484456649908134e-01
2.943628452878997992e-01,4.356836628451045135e-01
2.944761844131023043e-01,4.355188774006833463e-01
2.945895198095267453e-01,4.353540893916769683e-01
2.947028515621785694e-01,4.351892988766704606e-01
2.948161797541176687e-01,4.350245059129030922e-01
2.949295044664868581e-01,4.348597105562874710e-01
2.950428257785387420e-01,4.346949128614288060e-01
2.951561437676638033e-01,4.345301128816452252e-01
2.952694585094189361e-01,4.343653106689865928e-01
2.953827700775570886e-01,4.342005062742561039e-01
2.954960785440547411e-01,4.340356997470297129e-01
2.956093839791427147e-01,4.338708911356763398e-01
2.957226864513351483e-01,4.337060804873797970e-01
2.958359860274589193e-01,4.335412678481580517e-01
2.959492827726837305e-01,4.333764532628856525e-01
2.960625767505519756e-01,4.332116367753122699e-01
2.961758680230085483e-01,4.330468184280856225e-01
2.962891566504306518e-01,4.328819982627709617e-01
2.964024426916571642e-01,4.327171763198727206e-01
2.965157262040194475e-01,4.325523526388539430e-01
2.966290072433697134e-01,4.323875272581582108e-01
2.967422858641113326e-01,4.322227002152290165e-01
2.968555621192278116e-01,4.320578715465308584e-01
2.969688360603112143e-01,4.318930412875690017e-01
2.970821077375928043e-01,4.317282094729093522e-01
2.971953771999695793e-01,4.315633761361986620e-01
2.973086444950334695e-01,4.313985413101843469e-01
2.974219096690999264e-01,4.312337050267328609e-01
2.975351727672346791e-01,4.310688673168502349e-01
2.976484338332818780e-01,4.309040282107000630e-01
2.977616929098904630e-01,4.307391877376227640e-01
2.978749500385415860e-01,4.305743459261540673e-01
2.979882052595741460e-01,4.304095028040423321e-01
2.981014586122116006e-01,4.302446583982676431e-01
2.982147101345862805e-01,4.300798127350594080e-01
2.983279598637662011e-01,4.299149658399126217e-01
2.984412078357779885e-01,4.297501177376060744e-01
2.985544540856323592e-01,4.295852684522181164e-01
2.986676986473474904e-01,4.294204180071448107e-01
2.987809415539729452e-01,4.292555664251140879e-01
2.988941828376115439e-01,4.290907137282027883e-01
2.990074225294434007e-01,4.289258599378522052e-01
2.991206606597466289e-01,4.287610050748832391e-01
2.992338972579197121e-01,4.285961491595106088e-01
2.993471323525028205e-01,4.284312922113587829e-01
2.994603659711979615e-01,4.282664342494751919e-01
2.995735981408900184e-01,4.281015752923448825e-01
2.996868288876653463e-01,4.279367153579037297e-01
2.998000582368325340e-01,4.277718544635519815e-01
2.999132862129406663e-01,4.276069926261674148e-01
3.000265128397974213e-01,4.274421298621182141e-01
3.001397381404880549e-01,4.272772661872745736e-01
3.002529621373918323e-01,4.271124016170222415e-01
3.003661848522001243e-01,4.269475361662727897e-01
3.004794063059327835e-01,4.267826698494759929e-01
3.005926265189539648e-01,4.266178026806314305e-01
3.007058455109886119e-01,4.264529346732978121e-01
3.008190633011376125e-01,4.262880658406056344e-01
3.009322799078925637e-01,4.261231961952661740e-01
3.010454953491505381e-01,4.259583257495815900e-01
3.011587096422285170e-01,4.257934545154551942e-01
3.012719228038763242e-01,4.256285825044003879e-01
3.013851348502911143e-01,4.254637097275505431e-01
3.014983457971286973e-01,4.252988361956674401e-01
3.016115556595180824e-01,4.251339619191492614e-01
3.017247644520721916e-01,4.249690869080406941e-01
3.018379721888997946e-01,4.248042111720394809e-01
3.019511788836177768e-01,4.246393347205048574e-01
3.020643845493610757e-01,4.244744575624651572e-01
3.021775891987942275e-01,4.243095797066254726e-01
3.022907928441215253e-01,4.241447011613738161e-01
3.024039954970958455e-01,4.239798219347890029e-01
3.025171971690303607e-01,4.238149420346469798e-01
3.026303978708061448e-01,4.236500614684265975e-01
3.027435976128815542e-01,4.234851802433167167e-01
3.028567964053013317e-01,4.233202983662217589e-01
3.029699942577038785e-01,4.231554158437668134e-01
3.030831911793303579e-01,4.229905326823037437e-01
3.031963871790315790e-01,4.228256488879172936e-01
3.033095822652755458e-01,4.226607644664278074e-01
3.034227764461548960e-01,4.224958794233985016e-01
3.035359697293925629e-01,4.223309937641386291e-01
3.036491621223492698e-01,4.221661074937081981e-01
3.037623536320294138e-01,4.220012206169229119e-01
3.038755442650866723e-01,4.218363331383567782e-01
3.039887340278295547e-01,4.216714450623479937e-01
3.041019229262272860e-01,4.215065563930003312e-01
3.042151109659138597e-01,4.213416671341881359e-01
3.043282981521938657e-01,4.211767772895591566e-01
3.044414844900461548e-01,4.210118868625377653e-01
3.045546699841282789e-01,4.208469958563272328e-01
3.046678546387805442e-01,4.206821042739132821e-01
3.047810384580299514e-01,4.205172121180663081e-01
3.048942214455933053e-01,4.203523193913436540e-01
3.050074036048800452e-01,4.201874260960922758e-01
3.051205849389962976e-01,4.200225322344495194e-01
3.052337654507466524e-01,4.198576378083470617e-01
3.053469451426370496e-01,4.196927428195105225e-01
3.054601240168762777e-01,4.195278472694623506e-01
3.055733020753794715e-01,4.193629511595228232e-01
3.056864793197682229e-01,4.191980544908107120e-01
3.057996557513729119e-01,4.190331572642453928e-01
3.059128313712344838e-01,4.188682594805467341e-01
3.060260061801040599e-01,4.187033611402363742e-01
3.061391801784448807e-01,4.185384622436382207e-01
3.062523533664330833e-01,4.183735627908787835e-01
3.063655257439569235e-01,4.182086627818874525e-01
3.064786973106179424e-01,4.180437622163965528e-01
3.065918680657305218e-01,4.178788610939410675e-01
3.067050380083211070e-01,4.177139594138594147e-01
3.068182071371287067e-01,4.175490571752914493e-01
3.069313754506032277e-01,4.173841543771797946e-01
3.070445429469046972e-01,4.172192510182672343e-01
3.071577096239022087e-01,4.170543470970977107e-01
3.072708754791724228e-01,4.168894426120141050e-01
3.073840405099976802e-01,4.167245375611572378e-01
3.074972047133646691e-01,4.165596319424655913e-01
3.076103680859612055e-01,4.163947257536724234e-01
3.077235306241753454e-01,4.162298189923049341e-01
3.078366923240914987e-01,4.160649116556827676e-01
3.079498531814881535e-01,4.159000037409152362e-01
3.080630131918354886e-01,4.157350952449003212e-01
3.081761723502905448e-01,4.155701861643210648e-01
3.082893306516951704e-01,4.154052764956446264e-01
3.084024880905715804e-01,4.152403662351188407e-01
3.085156446611182490e-01,4.150754553787697199e-01
3.086288003572064675e-01,4.149105439223984559e-01
3.087419551723751265e-01,4.147456318615786452e-01
3.088551090998261639e-01,4.145807191916526802e-01
3.089682621324201239e-01,4.144158059077287515e-01
3.090814142626698291e-01,4.142508920046775733e-01
3.091945654827367163e-01,4.140859774771272761e-01
3.093077157844233427e-01,4.139210623194615746e-01
3.094208651591688342e-01,4.137561465258141613e-01
3.095340135980417795e-01,4.135912300900647653e-01
3.096471610917342909e-01,4.134263130058352109e-01
3.097603076305555647e-01,4.132613952664848656e-01
3.098734532044238321e-01,4.130964768651050889e-01
3.099865978028608637e-01,4.129315577945154025e-01
3.100997414149828657e-01,4.127666380472574392e-01
3.102128840294933187e-01,4.126017176155900579e-01
3.103260256346757062e-01,4.124367964914841256e-01
3.104391662183843548e-01,4.122718746666165224e-01
3.105523057680363297e-01,4.121069521323643126e-01
3.106654442706022201e-01,4.119420288797988050e-01
3.107785817125979233e-01,4.117771048996798910e-01
3.108917180800742641e-01,4.116121801824484949e-01
3.110048533586085018e-01,4.114472547182214113e-01
3.111179875332932832e-01,4.112823284967830895e-01
3.112311205887275389e-01,4.111174015075798049e-01
3.113442525090051038e-01,4.109524737397121652e-01
3.114573832777052242e-01,4.107875451819278378e-01
3.115705128778803457e-01,4.106226158226139455e-01
3.116836412920456212e-01,4.104576856497892945e-01
3.117967685021670321e-01,4.102927546510972134e-01
3.119098944896499526e-01,4.101278228137963389e-01
3.120230192353269927e-01,4.099628901247532875e-01
3.121361427194453975e-01,4.097979565704342741e-01
3.122492649216546123e-01,4.096330221368955637e-01
3.123623858209937376e-01,4.094680868097759774e-01
3.124755053958780948e-01,4.093031505742869003e-01
3.125886236240859040e-01,4.091382134152035110e-01
3.127017404827448499e-01,4.089732753168562329e-01
3.128148559483180380e-01,4.088083362631199646e-01
3.129279699965900052e-01,4.086433962374053097e-01
3.130410826026523430e-01,4.084784552226484178e-01
3.131541937408891529e-01,4.083135132013017143e-01
3.132673033849627253e-01,4.081485701553229095e-01
3.133804115077974961e-01,4.079836260661655611e-01
3.134935180815660027e-01,4.078186809147684722e-01
3.136066230776726749e-01,4.076537346815444218e-01
3.137197264667391794e-01,4.074887873463713395e-01
3.138328282185875451e-01,4.073238388885797590e-01
3.139459283022255076e-01,4.071588892869432708e-01
3.140590266858294122e-01,4.069939385196668091e-01
3.141721233367288368e-01,4.068289865643761605e-01
3.142852182213901058e-01,4.066640333981067501e-01
3.143983113053994138e-01,4.064990789972925400e-01
3.145114025534475610e-01,4.063341233377542605e-01
3.146244919293121889e-01,4.061691663946895847e-01
3.147375793958417933e-01,4.060042081426603056e-01
3.148506649149395153e-01,4.058392485555821771e-01
3.149637484475461546e-01,4.056742876067134240e-01
3.150768299536232941e-01,4.055093252686425842e-01
3.151899093921374240e-01,4.053443615132787947e-01
3.153029867210437320e-01,4.051793963118399122e-01
3.154160618972684516e-01,4.050144296348410777e-01
3.155291348766942616e-01,4.048494614520846691e-01
3.156422056141431343e-01,4.046844917326484214e-01
3.157552740633610133e-01,4.045195204448754356e-01
3.158683401770018273e-01,4.043545475563630753e-01
3.159814039066127789e-01,4.041895730339531978e-01
3.160944652026176360e-01,4.040245968437213842e-01
3.162075240143040755e-01,4.038596189509665590e-01
3.163205802898075292e-01,4.036946393202031080e-01
3.164336339760978056e-01,4.035296579151489427e-01
3.165466850189654346e-01,4.033646746987178400e-01
3.166597333630081224e-01,4.031996896330103941e-01
3.167727789516187609e-01,4.030347026793055232e-01
3.168858217269722721e-01,4.028697137980516985e-01
3.169988616300153939e-01,4.027047229488602276e-01
3.171118986004543006e-01,4.025397300904973719e-01
3.172249325767457218e-01,4.023747351808777406e-01
3.173379634960862283e-01,4.022097381770578517e-01
3.174509912944045720e-01,4.020447390352308026e-01
3.175640159063528589e-01,4.018797377107204971e-01
3.176770372652997221e-01,4.017147341579774822e-01
3.177900553033243813e-01,4.015497283305746734e-01
3.179030699512113700e-01,4.013847201812039689e-01
3.180160811384458719e-01,4.012197096616748615e-01
3.181290887932113343e-01,4.010546967229101645e-01
3.182420928423861373e-01,4.008896813149471772e-01
3.183550932115440379e-01,4.007246633869359087e-01
3.184680898249533376e-01,4.005596428871404102e-01
3.185810826055790468e-01,4.003946197629397741e-01
3.186940714750851611e-01,4.002295939608299102e-01
3.188070563538391577e-01,4.000645654264274320e-01
3.189200371609169915e-01,3.998995341044736529e-01
3.190330138141105332e-01,3.997344999388389164e-01
3.191459862299353967e-01,3.995694628725298125e-01
3.192589543236412641e-01,3.994044228476950065e-01
3.193719180092230436e-01,3.992393798056346199e-01
3.194848771994331371e-01,3.990743336868088353e-01
3.195978318057981493e-01,3.989092844308483876e-01
3.197107817386324324e-01,3.987442319765664434e-01
3.198237269070582922e-01,3.985791762619705358e-01
3.199366672190243066e-01,3.984141172242772200e-01
3.200496025813273082e-01,3.982490547999271158e-01
3.201625328996353104e-01,3.980839889246004515e-01
3.202754580785133198e-01,3.979189195332358264e-01
3.203883780214489829e-01,3.977538465600478634e-01
3.205012926308821175e-01,3.975887699385474705e-01
3.206142018082348555e-01,3.974236896015644338e-01
3.207271054539446165e-01,3.972586054812679013e-01
3.208400034674968593e-01,3.970935175091920843e-01
3.209528957474634403e-01,3.969284256162607383e-01
3.210657821915391952e-01,3.967633297328135300e-01
3.211786626965816849e-01,3.965982297886339047e-01
3.212915371586543278e-01,3.964331257129778407e-01
3.214044054730680333e-01,3.962680174346047135e-01
3.215172675344284414e-01,3.961029048818085485e-01
3.216301232366823859e-01,3.959377879824501623e-01
3.217429724731671326e-01,3.957726666639925228e-01
3.218558151366608944e-01,3.956075408535343341e-01
3.219686511194361223e-01,3.954424104778472282e-01
3.220814803133121851e-01,3.952772754634134578e-01
3.221943026097137119e-01,3.951121357364638653e-01
3.223071178997257147e-01,3.949469912230179625e-01
3.224199260741538176e-01,3.947818418489250081e-01
3.225327270235843757e-01,3.946166875399041429e-01
3.226455206384468144e-01,3.944515282215892427e-01
3.227583068090763563e-01,3.942863638195706066e-01
3.228710854257786922e-01,3.941211942594409212e-01
3.229838563788965389e-01,3.939560194668391135e-01
3.230966195588752532e-01,3.937908393674971474e-01
3.232093748563318325e-01,3.936256538872865418e-01
3.233221221621234154e-01,3.934604629522657770e-01
3.234348613674169481e-01,3.932952664887280902e-01
3.235475923637601836e-01,3.931300644232492703e-01
3.236603150431524578e-01,3.929648566827377287e-01
3.237730292981167990e-01,3.927996431944823508e-01
3.238857350217719810e-01,3.926344238862027325e-01
3.239984321079054652e-01,3.924691986860988635e-01
3.241111204510460087e-01,3.923039675229005319e-01
3.242237999465368281e-01,3.921387303259171175e-01
3.243364704906087082e-01,3.919734870250879410e-01
3.244491319804525542e-01,3.918082375510321125e-01
3.245617843142932779e-01,3.916429818350970482e-01
3.246744273914609069e-01,3.914777198094091526e-01
3.247870611124633600e-01,3.913124514069216131e-01
3.248996853790574457e-01,3.911471765614640272e-01
3.250123000943205276e-01,3.909818952077892540e-01
3.251249051627189690e-01,3.908166072816224856e-01
3.252375004901787436e-01,3.906513127197058233e-01
3.253500859841520487e-01,3.904860114598465159e-01
3.254626615536856393e-01,3.903207034409612031e-01
3.255752271094844441e-01,3.901553886031192686e-01
3.256877825639781232e-01,3.899900668875884158e-01
3.258003278313815754e-01,3.898247382368747460e-01
3.259128628277573880e-01,3.896594025947651696e-01
3.260253874710746236e-01,3.894940599063667630e-01
3.261379016812667175e-01,3.893287101181456267e-01
3.262504053802866566e-01,3.891633531779643551e-01
3.263628984921611575e-01,3.889979890351174530e-01
3.264753809430423481e-01,3.888326176403663625e-01
3.265878526612561727e-01,3.886672389459717714e-01
3.267003135773502986e-01,3.885018529057254200e-01
3.268127636241388023e-01,3.883364594749797449e-01
3.269252027367443025e-01,3.881710586106758010e-01
3.270376308526380393e-01,3.880056502713692401e-01
3.271500479116765114e-01,3.878402344172554028e-01
3.272624538561373364e-01,3.876748110101918554e-01
3.273748486307501149e-01,3.875093800137191513e-01
3.274872321827260180e-01,3.873439413930799824e-01
3.275996044617854319e-01,3.871784951152361653e-01
3.277119654201801069e-01,3.870130411488841293e-01
3.278243150127153616e-01,3.868475794644679056e-01
3.279366531967673470e-01,3.866821100341910622e-01
3.280489799322995892e-01,3.865166328320251976e-01
3.281612951818743129e-01,3.863511478337181559e-01
3.282735989106618235e-01,3.861856550167992452e-01
3.283858910864491665e-01,3.860201543605827346e-01
3.284981716796416262e-01,3.858546458461695194e-01
3.286104406632655017e-01,3.856891294564471218e-01
3.287226980129653864e-01,3.855236051760866367e-01
3.288349437070002268e-01,3.853580729915392911e-01
3.289471777262356067e-01,3.851925328910306146e-01
3.290594000541340325e-01,3.850269848645515025e-01
3.291716106767419991e-01,3.848614289038498892e-01
3.292838095826748357e-01,3.846958650024177029e-01
3.293959967630984975e-01,3.845302931554799297e-01
3.295081722117094158e-01,3.843647133599773502e-01
3.296203359247117937e-01,3.841991256145509959e-01
3.297324879007911269e-01,3.840335299195248853e-01
3.298446281410883918e-01,3.838679262768840417e-01
3.299567566491682369e-01,3.837023146902555637e-01
3.300688734309881744e-01,3.835366951648843115e-01
3.301809784948639970e-01,3.833710677076090922e-01
3.302930718514328623e-01,3.832054323268381246e-01
3.304051535136165452e-01,3.830397890325204502e-01
3.305172234965798594e-01,3.828741378361199543e-01
3.306292818176898018e-01,3.827084787505841135e-01
3.307413284964714206e-01,3.825428117903152958e-01
3.308533635545635176e-01,3.823771369711388424e-01
3.309653870156713529e-01,3.822114543102700379e-01
3.310773989055187938e-01,3.820457638262820810e-01
3.311893992517993546e-01,3.818800655390712229e-01
3.313013880841251813e-01,3.817143594698216291e-01
3.314133654339759816e-01,3.815486456409704075e-01
3.315253313346459563e-01,3.813829240761710260e-01
3.316372858211905639e-01,3.812171948002562871e-01
3.317492289303715647e-01,3.810514578392006912e-01
3.318611607006025643e-01,3.808857132200835771e-01
3.319730811718933916e-01,3.807199609710497090e-01
3.320849903857921448e-01,3.805542011212711406e-01
3.321968883853304577e-01,3.803884337009083572e-01
3.323087752149651575e-01,3.802226587410709735e-01
3.324206509205209215e-01,3.800568762737785988e-01
3.325325155491333229e-01,3.798910863319214792e-01
3.326443691491893784e-01,3.797252889492205852e-01
3.327562117702719258e-01,3.795594841601893088e-01
3.328680434631001162e-01,3.793936720000926632e-01
3.329798642794725150e-01,3.792278525049088134e-01
3.330916742722095369e-01,3.790620257112905511e-01
3.332034734950960475e-01,3.788961916565247723e-01
3.333152620028245749e-01,3.787303503784958947e-01
3.334270398509385225e-01,3.785645019156452795e-01
3.335388070957769902e-01,3.783986463069350936e-01
3.336505637944182090e-01,3.782327835918102288e-01
3.337623100046250291e-01,3.780669138101600546e-01
3.338740457847906851e-01,3.779010370022830578e-01
3.339857711938848395e-01,3.777351532088497055e-01
3.340974862914011245e-01,3.775692624708666401e-01
3.342091911373038515e-01,3.774033648296422072e-01
3.343208857919787169e-01,3.772374603267509841e-01
3.344325703161795671e-01,3.770715490039999729e-01
3.345442447709812694e-01,3.769056309033957941e-01
3.346559092177293637e-01,3.767397060671106024e-01
3.347675637179928221e-01,3.765737745374508894e-01
3.348792083335180303e-01,3.764078363568261754e-01
3.349908431261804376e-01,3.762418915677174791e-01
3.351024681579435338e-01,3.760759402126476747e-01
3.352140834908116096e-01,3.759099823341519042e-01
3.353256891867893996e-01,3.757440179747495446e-01
3.354372853078391170e-01,3.755780471769158968e-01
3.355488719158403188e-01,3.754120699830543195e-01
3.356604490725508816e-01,3.752460864354715264e-01
3.357720168395676441e-01,3.750800965763501083e-01
3.358835752782900475e-01,3.749141004477253292e-01
3.359951244498833312e-01,3.747480980914593141e-01
3.361066644152441718e-01,3.745820895492188995e-01
3.362181952349656000e-01,3.744160748624525414e-01
3.363297169693050259e-01,3.742500540723683877e-01
3.364412296781521539e-01,3.740840272199131844e-01
3.365527334209982291e-01,3.739179943457516253e-01
3.366642282569066169e-01,3.737519554902472008e-01
3.367757142444835483e-01,3.735859106934430462e-01
3.368871914418515301e-01,3.734198599950429021e-01
3.369986599066221999e-01,3.732538034343950706e-01
3.371101196958711244e-01,3.730877410504741531e-01
3.372215708661132627e-01,3.729216728818659510e-01
3.373330134732794305e-01,3.727555989667510339e-01
3.374444475726942616e-01,3.725895193428908625e-01
3.375558732190538369e-01,3.724234340476126892e-01
3.376672904664060892e-01,3.722573431177971237e-01
3.377786993681306527e-01,3.720912465898639221e-01
3.378900999769199887e-01,3.719251444997608846e-01
3.380014923447618447e-01,3.717590368829513103e-01
3.381128765229217681e-01,3.715929237744032276e-01
3.382242525619280071e-01,3.714268052085795135e-01
3.383356205115547466e-01,3.712606812194255701e-01
3.384469804208085630e-01,3.710945518403631072e-01
3.385583323379145471e-01,3.709284171042787626e-01
3.386696763103026475e-01,3.707622770435164972e-01
3.387810123845962362e-01,3.705961316898696012e-01
3.388923406065997845e-01,3.704299810745733668e-01
3.390036610212884827e-01,3.702638252282978160e-01
3.391149736727981368e-01,3.700976641811409840e-01
3.392262786044146217e-01,3.699314979626235900e-01
3.393375758585660540e-01,3.697653266016822649e-01
3.394488654768137437e-01,3.695991501266646662e-01
3.395601474998448666e-01,3.694329685653248152e-01
3.396714219674643598e-01,3.692667819448181010e-01
3.397826889185891486e-01,3.691005902916973946e-01
3.398939483912416515e-01,3.689343936319085526e-01
3.400052004225436741e-01,3.687681919907876971e-01
3.401164450487115243e-01,3.686019853930578294e-01
3.402276823050516263e-01,3.684357738628246670e-01
3.403389122259546373e-01,3.682695574235761438e-01
3.404501348448937259e-01,3.681033360981779134e-01
3.405613501944189658e-01,3.679371099088726838e-01
3.406725583061555040e-01,3.677708788772778847e-01
3.407837592108001745e-01,3.676046430243833929e-01
3.408949529381186117e-01,3.674384023705514757e-01
3.410061395169441401e-01,3.672721569355145710e-01
3.411173189751750545e-01,3.671059067383742325e-01
3.412284913397735098e-01,3.669396517976011296e-01
3.413396566367637441e-01,3.667733921310337708e-01
3.414508148912316909e-01,3.666071277558785035e-01
3.415619661273235352e-01,3.664408586887088481e-01
3.416731103682459914e-01,3.662745849454657199e-01
3.417842476362653592e-01,3.661083065414569848e-01
3.418953779527071912e-01,3.659420234913582926e-01
3.420065013379574026e-01,3.657757358092130762e-01
3.421176178114613275e-01,3.656094435084328298e-01
3.422287273917253292e-01,3.654431466017974972e-01
3.423398300963166330e-01,3.652768451014573592e-01
3.424509259418643259e-01,3.651105390189315347e-01
3.425620149440603002e-01,3.649442283651110897e-01
3.426730971176606966e-01,3.647779131502586480e-01
3.427841724764862930e-01,3.646115933840099466e-01
3.428952410334247247e-01,3.644452690753747781e-01
3.430063028004311509e-01,3.642789402327383796e-01
3.431173577885306414e-01,3.641126068638625424e-01
3.432284060078191756e-01,3.639462689758865555e-01
3.433394474674658081e-01,3.637799265753294264e-01
3.434504821757141113e-01,3.636135796680912691e-01
3.435615101398849514e-01,3.634472282594536918e-01
3.436725313663775427e-01,3.632808723540831286e-01
3.437835458606725569e-01,3.631145119560310053e-01
3.438945536273336767e-01,3.629481470687362377e-01
3.440055546700099831e-01,3.627817776950269524e-01
3.441165489914390085e-01,3.626154038371219857e-01
3.442275365934484022e-01,3.624490254966329372e-01
3.443385174769589274e-01,3.622826426745661133e-01
3.444494916419871267e-01,3.621162553713245247e-01
3.445604590876478746e-01,3.619498635867099967e-01
3.446714198121572648e-01,3.617834673199248341e-01
3.447823738128354965e-01,3.616170665695747077e-01
3.448933210861102050e-01,3.614506613336696539e-01
3.450042616275187934e-01,3.612842516096281820e-01
3.451151954317123183e-01,3.611178373942776076e-01
3.452261224924581540e-01,3.609514186838576055e-01
3.453370428026443228e-01,3.607849954740225962e-01
3.454479563542814935e-01,3.606185677598440775e-01
3.455588631385076992e-01,3.604521355358124568e-01
3.456697631455916131e-01,3.602856987958417134e-01
3.457806563649367115e-01,3.601192575332695656e-01
3.458915427850847157e-01,3.599528117408622996e-01
3.460024223937192556e-01,3.597863614108167685e-01
3.461132951776714761e-01,3.596199065347636115e-01
3.462241611229227578e-01,3.594534471037703072e-01
3.463350202146103785e-01,3.592869831083442822e-01
3.464458724370315656e-01,3.591205145384361863e-01
3.465567177736479376e-01,3.589540413834435006e-01
3.466675562070917205e-01,3.587875636322137574e-01
3.467783877191693009e-01,3.586210812730484254e-01
3.468892122908678877e-01,3.584545942937066298e-01
3.470000299023601187e-01,3.582881026814084269e-01
3.471108405330101121e-01,3.581216064228398555e-01
3.472216441613795723e-01,3.579551055041564345e-01
3.473324407652337853e-01,3.577885999109876036e-01
3.474432303215477802e-01,3.576220896284409423e-01
3.475540128065135459e-01,3.574555746411073320e-01
3.476647881955461372e-01,3.572890549330651755e-01
3.477755564632915020e-01,3.571225304878856144e-01
3.478863175836335309e-01,3.569560012886379141e-01
3.479970715297018291e-01,3.567894673178941822e-01
3.481078182738797100e-01,3.566229285577355301e-01
3.482185577878126326e-01,3.564563849897570691e-01
3.483292900424163618e-01,3.562898365950745716e-01
3.484400150078862946e-01,3.561232833543301890e-01
3.485507326537068407e-01,3.559567252476990573e-01
3.486614429486602496e-01,3.557901622548953480e-01
3.487721458608376013e-01,3.556235943551796508e-01
3.488828413576481324e-01,3.554570215273653577e-01
3.489935294058305049e-01,3.552904437498276002e-01
3.491042099714640190e-01,3.551238610005081897e-01
3.492148830199792719e-01,3.549572732569257760e-01
3.493255485161708140e-01,3.547906804961826199e-01
3.494362064242090282e-01,3.546240826949733638e-01
3.495468567076528421e-01,3.544574798295935247e-01
3.496574993294628286e-01,3.542908718759485431e-01
3.497681342520146952e-01,3.541242588095626642e-01
3.498787614371136612e-01,3.539576406055892077e-01
3.499893808460082245e-01,3.537910172388185615e-01
3.500999924394055385e-01,3.536243886836906714e-01
3.502105961774862886e-01,3.534577549143034236e-01
3.503211920199217899e-01,3.532911159044245797e-01
3.504317799258878097e-01,3.531244716275014350e-01
3.505423598540842178e-01,3.529578220566739200e-01
3.506529317627499753e-01,3.527911671647842029e-01
3.507634956096822298e-01,3.526245069243907349e-01
3.508740513522537463e-01,3.524578413077784633e-01
3.509845989474322248e-01,3.522911702869733208e-01
3.510951383517987301e-01,3.521244938337534380e-01
3.512056695215687863e-01,3.519578119196631327e-01
3.513161924126106950e-01,3.517911245160272316e-01
3.514267069804677956e-01,3.516244315939630605e-01
3.515372131803787825e-01,3.514577331243963210e-01
3.516477109673001311e-01,3.512910290780748568e-01
3.517582002959268039e-01,3.511243194255837530e-01
3.518686811207170639e-01,3.509576041373600463e-01
3.519791533959133467e-01,3.507908831837084351e-01
3.520896170755675181e-01,3.506241565348171552e-01
3.522000721135639667e-01,3.504574241607736340e-01
3.523105184636443621e-01,3.502906860315810889e-01
3.524209560794325236e-01,3.501239421171750688e-01
3.525313849144605660e-01,3.499571923874407187e-01
3.526418049221926587e-01,3.497904368122287666e-01
3.527522160560537801e-01,3.496236753613745085e-01
3.528626182694543645e-01,3.494569080047141285e-01
3.529730115158182802e-01,3.492901347121035727e-01
3.530833957486094743e-01,3.491233554534358130e-01
3.531937709213600618e-01,3.489565701986601098e-01
3.533041369876986360e-01,3.487897789177999419e-01
3.534144939013777464e-01,3.486229815809716026e-01
3.535248416163029317e-01,3.484561781584041285e-01
3.536351800865618067e-01,3.482893686204572292e-01
3.537455092664523182e-01,3.481225529376408279e-01
3.538558291105130538e-01,3.479557310806347670e-01
3.539661395735524407e-01,3.477889030203084042e-01
3.540764406106778339e-01,3.476220687277393750e-01
3.541867321773258803e-01,3.474552281742341320e-01
3.542970142292924951e-01,3.472883813313470958e-01
3.544072867227622270e-01,3.471215281709006950e-01
3.545175496143391225e-01,3.469546686650047396e-01
3.546278028610763133e-01,3.467878027860768486e-01
3.547380464205058814e-01,3.466209305068617130e-01
3.548482802506696121e-01,3.464540518004509684e-01
3.549585043101480819e-01,3.462871666403028459e-01
3.550687185580909677e-01,3.461202750002616568e-01
3.551789229542468007e-01,3.459533768545770549e-01
3.552891174589921652e-01,3.457864721779240202e-01
3.553993020333611752e-01,3.456195609454212336e-01
3.555094766390745065e-01,3.454526431326507274e-01
3.556196412385681516e-01,3.452857187156760377e-01
3.557297957950219525e-01,3.451187876710613556e-01
3.558399402723874116e-01,3.449518499758894574e-01
3.559500746354156142e-01,3.447849056077796348e-01
3.560601988496840953e-01,3.446179545449061243e-01
3.561703128816249286e-01,3.444509967660143168e-01
3.562804166985485410e-01,3.442840322504391315e-01
3.563905102686721893e-01,3.441170609781206147e-01
3.565005935611432752e-01,3.439500829296211482e-01
3.566106665460646585e-01,3.437830980861403263e-01
3.567207291945180270e-01,3.436161064295312761e-01
3.568307814785875998e-01,3.434491079423154236e-01
3.569408233713828871e-01,3.432821026076962045e-01
3.570508548470592292e-01,3.431150904095743304e-01
3.571608758808398898e-01,3.429480713325602226e-01
3.572708864490360403e-01,3.427810453619871689e-01
3.573808865290649117e-01,3.426140124839240908e-01
3.574908760994705004e-01,3.424469726851862017e-01
3.576008551399382229e-01,3.422799259533475524e-01
3.577108236313137346e-01,3.421128722767503572e-01
3.578207815556173066e-01,3.419458116445152629e-01
3.579307288960590361e-01,3.417787440465508420e-01
3.580406656370516694e-01,3.416116694735615300e-01
3.581505917642245351e-01,3.414445879170556197e-01
3.582605072644333699e-01,3.412774993693532544e-01
3.583704121257718089e-01,3.411104038235908131e-01
3.584803063375804344e-01,3.409433012737291269e-01
3.585901898904549912e-01,3.407761917145563091e-01
3.587000627762535476e-01,3.406090751416930851e-01
3.588099249881020469e-01,3.404419515515959560e-01
3.589197765203994694e-01,3.402748209415599190e-01
3.590296173688216075e-01,3.401076833097200769e-01
3.591394475303230083e-01,3.399405386550531372e-01
3.592492670031385282e-01,3.397733869773780224e-01
3.593590757867836105e-01,3.396062282773548158e-01
3.594688738820529528e-01,3.394390625564834840e-01
3.595786612910182312e-01,3.392718898171035447e-01
3.596884380170247697e-01,3.391047100623889587e-01
3.597982040646872104e-01,3.389375232963461881e-01
3.599079594398830184e-01,3.387703295238100321e-01
3.600177041497463759e-01,3.386031287504374099e-01
3.601274382026591336e-01,3.384359209827030313e-01
3.602371616082421513e-01,3.382687062278913470e-01
3.603468743773457494e-01,3.381014844940908315e-01
3.604565765220358875e-01,3.379342557901849897e-01
3.605662680555838939e-01,3.377670201258436422e-01
3.606759489924518114e-01,3.375997775115143762e-01
3.607856193482775198e-01,3.374325279584114989e-01
3.608952791398589710e-01,3.372652714785056571e-01
3.610049283851380908e-01,3.370980080845127347e-01
3.611145671031819049e-01,3.369307377898809741e-01
3.612241953141643869e-01,3.367634606087791527e-01
3.613338130393466407e-01,3.365961765560824270e-01
3.614434203010568059e-01,3.364288856473592881e-01
3.615530171226664091e-01,3.362615878988564067e-01
3.616626035285717133e-01,3.360942833274838115e-01
3.617721795441661836e-01,3.359269719507996244e-01
3.618817451958199483e-01,3.357596537869935727e-01
3.619913005108527093e-01,3.355923288548705030e-01
3.621008455175099838e-01,3.354249971738337277e-01
3.622103802449350152e-01,3.352576587638665950e-01
3.623199047231437930e-01,3.350903136455162246e-01
3.624294189829961876e-01,3.349229618398737451e-01
3.625389230561685272e-01,3.347556033685561427e-01
3.626484169751240660e-01,3.345882382536874977e-01
3.627579007730853400e-01,3.344208665178788342e-01
3.628673744840027471e-01,3.342534881842099681e-01
3.629768381425257928e-01,3.340861032762080796e-01
3.630862917839716708e-01,3.339187118178281177e-01
3.631957354442948982e-01,3.337513138334327056e-01
3.633051691600557298e-01,3.335839093477711570e-01
3.634145929683882947e-01,3.334164983859582709e-01
3.635240069069696212e-01,3.332490809734545145e-01
3.636334110139873288e-01,3.330816571360437628e-01
3.637428053281063223e-01,3.329142268998128151e-01
3.638521898884377048e-01,3.327467902911298014e-01
3.639615647345055827e-01,3.325793473366223663e-01
3.640709299062138138e-01,3.324118980631572962e-01
3.641802854438146442e-01,3.322444424978180377e-01
3.642896313878746239e-01,3.320769806678836589e-01
3.643989677792422999e-01,3.319095126008074215e-01
3.645082946590154638e-01,3.317420383241946880e-01
3.646176120685085675e-01,3.315745578657828263e-01
3.647269200492195274e-01,3.314070712534182839e-01
3.648362186427972498e-01,3.312395785150363814e-01
3.649455078910099348e-01,3.310720796786400522e-01
3.650547878357117138e-01,3.309045747722782482e-01
3.651640585188111188e-01,3.307370638240255123e-01
3.652733199822390531e-01,3.305695468619606059e-01
3.653825722679170385e-01,3.304020239141467474e-01
3.654918154177256295e-01,3.302344950086102404e-01
3.656010494734733829e-01,3.300669601733203784e-01
3.657102744768656599e-01,3.298994194361699606e-01
3.658194904694738181e-01,3.297318728249543085e-01
3.659286974927047353e-01,3.295643203673522814e-01
3.660378955877718887e-01,3.293967620909067362e-01
3.661470847956638242e-01,3.292291980230043769e-01
3.662562651571154015e-01,3.290616281908580465e-01
3.663654367125791511e-01,3.288940526214866877e-01
3.664745995021959635e-01,3.287264713416972461e-01
3.665837535657665569e-01,3.285588843780665180e-01
3.666928989427242769e-01,3.283912917569220546e-01
3.668020356721061193e-01,3.282236935043257309e-01
3.669111637925264735e-01,3.280560896460549269e-01
3.670202833421492006e-01,3.278884802075854310e-01
3.671293943586623199e-01,3.277208652140744527e-01
3.672384968792502535e-01,3.275532446903436368e-01
3.673475909405687911e-01,3.273856186608624097e-01
3.674566765787196099e-01,3.272179871497313819e-01
3.675657538292249615e-01,3.270503501806664159e-01
3.676748227270022484e-01,3.268827077769826950e-01
3.677838833063408197e-01,3.267150599615782358e-01
3.678929356008762142e-01,3.265474067569197891e-01
3.680019796435675117e-01,3.263797481850261861e-01
3.681110154666739076e-01,3.262120842674542942e-01
3.682200431017305098e-01,3.260444150252830853e-01
3.683290625795256901e-01,3.258767404791002020e-01
3.684380739300798235e-01,3.257090606489865259e-01
3.685470771826206415e-01,3.255413755545019661e-01
3.686560723655629701e-01,3.253736852146720815e-01
3.687650595064861925e-01,3.252059896479730927e-01
3.688740386321118780e-01,3.250382888723187258e-01
3.689830097682840204e-01,3.248705829050464455e-01
3.690919729399457783e-01,3.247028717629033556e-01
3.692009281711201574e-01,3.245351554620337642e-01
3.693098754848879173e-01,3.243674340179649174e-01
3.694188149033672541e-01,3.241997074455937877e-01
3.695277464476927620e-01,3.240319757591751948e-01
3.696366701379952824e-01,3.238642389723065951e-01
3.697455859933815314e-01,3.236964970979169798e-01
3.698544940319119512e-01,3.235287501482524974e-01
3.699633942705830014e-01,3.233609981348641860e-01
3.700722867253041781e-01,3.231932410685948165e-01
3.701811714108790285e-01,3.230254789595656262e-01
3.702900483409833354e-01,3.228577118171638283e-01
3.703989175281468538e-01,3.226899396500291228e-01
3.705077789837296076e-01,3.225221624660403741e-01
3.706166327179029607e-01,3.223543802723028429e-01
3.707254787396281337e-01,3.221865930751348639e-01
3.708343170566354985e-01,3.220188008800543011e-01
3.709431476754020407e-01,3.218510036917647255e-01
3.710519706011308205e-01,3.216832015141425360e-01
3.711607858377292679e-01,3.215153943502218614e-01
3.712695933877854793e-01,3.213475822021819583e-01
3.713783932525477338e-01,3.211797650713318353e-01
3.714871854319001798e-01,3.210119429580965411e-01
3.715959699243404080e-01,3.208441158620020661e-01
3.717047467269551930e-01,3.206762837816600209e-01
3.718135158353968461e-01,3.205084467147535365e-01
3.719222772438586233e-01,3.203406046580206668e-01
3.720310309450496344e-01,3.201727576072387893e-01
3.721397769301688085e-01,3.200049055572086742e-01
3.722485151888791921e-01,3.198370485017376641e-01
3.723572457092806376e-01,3.196691864336224098e-01
3.724659684778828250e-01,3.195013193446318844e-01
3.725746834795764517e-01,3.193334472254897860e-01
3.726833906976051436e-01,3.191655700658552752e-01
3.727920901135347576e-01,3.189976878543052674e-01
3.729007817072234610e-01,3.188298005783144484e-01
3.730094654567907009e-01,3.186619082242357903e-01
3.731181413385844525e-01,3.184940107772796791e-01
3.732268093271478016e-01,3.183261082214937643e-01
3.733354693951855818e-01,3.181582005397407542e-01
3.734441215135286818e-01,3.179902877136759898e-01
3.735527656510986838e-01,3.178223697237255174e-01
3.736614017748691730e-01,3.176544465490613867e-01
3.737700298498283225e-01,3.174865181675782244e-01
3.738786498389388147e-01,3.173185845558670892e-01
3.739872617030978175e-01,3.171506456891911019e-01
3.740958654010932971e-01,3.169827015414575788e-01
3.742044608895616076e-01,3.168147520851908316e-01
3.743130481229428597e-01,3.166467972915043561e-01
3.744216270534334035e-01,3.164788371300701342e-01
3.745301976309388658e-01,3.163108715690905459e-01
3.746387598030248012e-01,3.161429005752648402e-01
3.747473135148648993e-01,3.159749241137583819e-01
3.748558587091893601e-01,3.158069421481692896e-01
3.749643953262297713e-01,3.156389546404935187e-01
3.750729233036633747e-01,3.154709615510893905e-01
3.751814425765545580e-01,3.153029628386415650e-01
3.752899530772955128e-01,3.151349584601228493e-01
3.753984547355441181e-01,3.149669483707548956e-01
3.755069474781594363e-01,3.147989325239685665e-01
3.756154312291369868e-01,3.146309108713611358e-01
3.757239059095394129e-01,3.144628833626542663e-01
3.758323714374262603e-01,3.142948499456495459e-01
3.759408277277815902e-01,3.141268105661818577e-01
3.760492746924382623e-01,3.139587651680726399e-01
3.761577122400010520e-01,3.137907136930811469e-01
3.762661402757656592e-01,3.136226560808527686e-01
3.763745587016366079e-01,3.134545922688687369e-01
3.764829674160413697e-01,3.132865221923905596e-01
3.765913663138420464e-01,3.131184457844056190e-01
3.766997552862443310e-01,3.129503629755693295e-01
3.768081342207038054e-01,3.127822736941462400e-01
3.769165030008281292e-01,3.126141778659485282e-01
3.770248615062768427e-01,3.124460754142735497e-01
3.771332096126580602e-01,3.122779662598385020e-01
3.772415471914219998e-01,3.121098503207134778e-01
3.773498741097495168e-01,3.119417275122521316e-01
3.774581902304396941e-01,3.117735977470203479e-01
3.775664954117915473e-01,3.116054609347233550e-01
3.776747895074833994e-01,3.114373169821284537e-01
3.777830723664476475e-01,3.112691657929883005e-01
3.778913438327415886e-01,3.111010072679590288e-01
3.779996037454153579e-01,3.109328413045181483e-01
3.781078519383741510e-01,3.107646677968783355e-01
3.782160882402376689e-01,3.105964866358994492e-01
3.783243124741927366e-01,3.104282977089971585e-01
3.784325244578459757e-01,3.102601009000498511e-01
3.785407240030661535e-01,3.100918960893024878e-01
3.786489109158268085e-01,3.099236831532659053e-01
3.787570849960404384e-01,3.097554619646160079e-01
3.788652460373907460e-01,3.095872323920878522e-01
3.789733938271570013e-01,3.094189943003678445e-01
3.790815281460354624e-01,3.092507475499815528e-01
3.791896487679539129e-01,3.090824919971799090e-01
3.792977554598816470e-01,3.089142274938207477e-01
3.794058479816342366e-01,3.087459538872479037e-01
3.795139260856709162e-01,3.085776710201663664e-01
3.796219895168879699e-01,3.084093787305145495e-01
3.797300380124053465e-01,3.082410768513325627e-01
3.798380713013478349e-01,3.080727652106263204e-01
3.799460891046180233e-01,3.079044436312300403e-01
3.800540911346668160e-01,3.077361119306626924e-01
3.801620770952533479e-01,3.075677699209818927e-01
3.802700466812011237e-01,3.073994174086338571e-01
3.803779995781461087e-01,3.072310541942993023e-01
3.804859354622788792e-01,3.070626800727354055e-01
3.805938540000793902e-01,3.068942948326138787e-01
3.807017548480449154e-01,3.067258982563548786e-01
3.808096376524106041e-01,3.065574901199567548e-01
3.809175020488635433e-01,3.063890701928221882e-01
3.810253476622480484e-01,3.062206382375797231e-01
3.811331741062653489e-01,3.060521940099005800e-01
3.812409809831642793e-01,3.058837372583125269e-01
3.813487678834253103e-01,3.057152677240086436e-01
3.814565343854363633e-01,3.055467851406516444e-01
3.815642800551605207e-01,3.053782892341744271e-01
3.816720044457974081e-01,3.052097797225762355e-01
3.817797070974346951e-01,3.050412563157144374e-01
3.818873875366931570e-01,3.048727187150918616e-01
3.819950452763631876e-01,3.047041666136400817e-01
3.821026798150327641e-01,3.045355996954985933e-01
3.822102906367088604e-01,3.043670176357889945e-01
3.823178772104284251e-01,3.041984201003865018e-01
3.824254389898639195e-01,3.040298067456853603e-01
3.825329754129191406e-01,3.038611772183620330e-01
3.826404859013169402e-01,3.036925311551332274e-01
3.827479698601802260e-01,3.035238681825102036e-01
3.828554266776034165e-01,3.033551879165500842e-01
3.829628557242174547e-01,3.031864899626018350e-01
3.830702563527453863e-01,3.030177739150498040e-01
3.831776278975519423e-01,3.028490393570547612e-01
3.832849696741850165e-01,3.026802858602886115e-01
3.833922809789087616e-01,3.025115129846693285e-01
3.834995610882299677e-01,3.023427202780900602e-01
3.836068092584182798e-01,3.021739072761476796e-01
3.837140247250174774e-01,3.020050735018672827e-01
3.838212067023526464e-01,3.018362184654254099e-01
3.839283543830278034e-01,3.016673416638698813e-01
3.840354669374204111e-01,3.014984425808393542e-01
3.841425435131674559e-01,3.013295206862796616e-01
3.842495832346486395e-01,3.011605754361604825e-01
3.843565852024609097e-01,3.009916062721895713e-01
3.844635484928912161e-01,3.008226126215284291e-01
3.845704721573830476e-01,3.006535938965051447e-01
3.846773552220009718e-01,3.004845494943292339e-01
3.847841966868879027e-01,3.003154787968073114e-01
3.848909955257234783e-01,3.001463811700577633e-01
3.849977506851773867e-01,2.999772559642292502e-01
3.851044610843619154e-01,2.998081025132196542e-01
3.852111256142816131e-01,2.996389201343977460e-01
3.853177431372848405e-01,2.994697081283286821e-01
3.854243124865118775e-01,2.993004657785012235e-01
3.855308324653470287e-01,2.991311923510612258e-01
3.856373018468698954e-01,2.989618870945482398e-01
3.857437193733086467e-01,2.987925492396374949e-01
3.858500837554983409e-01,2.986231779988893775e-01
3.859563936723404698e-01,2.984537725665034613e-01
3.860626477702684411e-01,2.982843321180814744e-01
3.861688446627189464e-01,2.981148558103969837e-01
3.862749829296089898e-01,2.979453427811750155e-01
3.863810611168200237e-01,2.977757921488805026e-01
3.864870777356920750e-01,2.976062030125172231e-01
3.865930312625258103e-01,2.974365744514372301e-01
3.866989201380967023e-01,2.972669055251638826e-01
3.868047427671787997e-01,2.970971952732250898e-01
3.869104975180833739e-01,2.969274427150025986e-01
3.870161827222107220e-01,2.967576468495936592e-01
3.871217966736172356e-01,2.965878066556896231e-01
3.872273376285989555e-01,2.964179210914692497e-01
3.873328038052925026e-01,2.962479890945108885e-01
3.874381933832954927e-01,2.960780095817200364e-01
3.875435045033068793e-01,2.959079814492789895e-01
3.876487352667892239e-01,2.957379035726135363e-01
3.877538837356538926e-01,2.955677748063817445e-01
3.878589479319695110e-01,2.953975939844836196e-01
3.879639258376976763e-01,2.952273599200944121e-01
3.880688153944548135e-01,2.950570714057200172e-01
3.881736145033023999e-01,2.948867272132772444e-01
3.882783210245674965e-01,2.947163260941993435e-01
3.883829327776936458e-01,2.945458667795675667e-01
3.884874475411254080e-01,2.943753479802685424e-01
3.885918630522259276e-01,2.942047683871814034e-01
3.886961770072306921e-01,2.940341266713912827e-01
3.888003870612373181e-01,2.938634214844330073e-01
3.889044908282334734e-01,2.936926514585642689e-01
3.890084858811647117e-01,2.935218152070702136e-01
3.891123697520427749e-01,2.933509113245983402e-01
3.892161399320943627e-01,2.931799383875253184e-01
3.893197938719565876e-01,2.930088949543572241e-01
3.894233289819122312e-01,2.928377795661611382e-01
3.895267426321742943e-01,2.926665907470316075e-01
3.896300321532159550e-01,2.924953270045888565e-01
3.897331948361464349e-01,2.923239868305138600e-01
3.898362279331393232e-01,2.921525687011151673e-01
3.899391286579058091e-01,2.919810710779307539e-01
3.900418941862232036e-01,2.918094924083659558e-01
3.901445216565103680e-01,2.916378311263634893e-01
3.902470081704587646e-01,2.914660856531112731e-01
3.903493507937135787e-01,2.912942543977808940e-01
3.904515465566092969e-01,2.911223357583038185e-01
3.905535924549589089e-01,2.909503281221791915e-01
3.906554854508964003e-01,2.907782298673166066e-01
3.907572224737753119e-01,2.906060393629106287e-01
3.908588004211186462e-01,2.904337549703494004e-01
3.909602161596273939e-01,2.902613750441536133e-01
3.910614665262402978e-01,2.900888979329470097e-01
3.911625483292501260e-01,2.899163219804577474e-01
3.912634583494730145e-01,2.897436455265482436e-01
3.913641933414718221e-01,2.895708669082733833e-01
3.914647500348333864e-01,2.893979844609657626e-01
3.915651251354975715e-01,2.892249965193467998e-01
3.916653153271397736e-01,2.890519014186627711e-01
3.917653172726021649e-01,2.888786974958421072e-01
3.918651276153773955e-01,2.887053830906771146e-01
3.919647429811404238e-01,2.885319565470224612e-01
3.920641599793277532e-01,2.883584162140140350e-01
3.921633752047637422e-01,2.881847604473030677e-01
3.922623852393318789e-01,2.880109876103049138e-01
3.923611866536881321e-01,2.878370960754617625e-01
3.924597760090177134e-01,2.876630842255130105e-01
3.925581498588299745e-01,2.874889504547770147e-01
3.926563047507926618e-01,2.873146931704378959e-01
3.927542372285998118e-01,2.871403107938361177e-01
3.928519438338742287e-01,2.869658017617625068e-01
3.929494211081013821e-01,2.867911645277496091e-01
3.930466655945912269e-01,2.866163975633625460e-01
3.931436738404651687e-01,2.864414993594832648e-01
3.932404423986696207e-01,2.862664684275881832e-01
3.933369678300057126e-01,2.860913033010156759e-01
3.934332467051812054e-01,2.859160025362209590e-01
3.935292756068740627e-01,2.857405647140171534e-01
3.936250511318099554e-01,2.855649884407983619e-01
3.937205698928477049e-01,2.853892723497433725e-01
3.938158285210709986e-01,2.852134151019985464e-01
3.939108236678819930e-01,2.850374153878346140e-01
3.940055520070951944e-01,2.848612719277791583e-01
3.941000102370263991e-01,2.846849834737182339e-01
3.941941950825751384e-01,2.845085488099687865e-01
3.942881032972962441e-01,2.843319667543160456e-01
3.943817316654576466e-01,2.841552361590181097e-01
3.944750770040810206e-01,2.839783559117708966e-01
3.945681361649613916e-01,2.838013249366350133e-01
3.946609060366639832e-01,2.836241421949218799e-01
3.947533835464914209e-01,2.834468066860367230e-01
3.948455656624234034e-01,2.832693174482770471e-01
3.949374493950209564e-01,2.830916735595847555e-01
3.950290317992933842e-01,2.829138741382523081e-01
3.951203099765262516e-01,2.827359183435781409e-01
3.952112810760656236e-01,2.825578053764741249e-01
3.953019422970553975e-01,2.823795344800202889e-01
3.953922908901273958e-01,2.822011049399685834e-01
3.954823241590381122e-01,2.820225160851935198e-01
3.955720394622502800e-01,2.818437672880893530e-01
3.956614342144589291e-01,2.816648579649134176e-01
3.957505058880562143e-01,2.814857875760741757e-01
3.958392520145345705e-01,2.813065556263653066e-01
3.959276701858250314e-01,2.811271616651447314e-01
3.960157580555703216e-01,2.809476052864581797e-01
3.961035133403263409e-01,2.807678861291080796e-01
3.961909338206970332e-01,2.805880038766681017e-01
3.962780173423940955e-01,2.804079582574428575e-01
3.963647618172243536e-01,2.802277490443746411e-01
3.964511652240013673e-01,2.800473760548958801e-01
3.965372256093820935e-01,2.798668391507303510e-01
3.966229410886230600e-01,2.796861382376421012e-01
3.967083098462628188e-01,2.795052732651336358e-01
3.967933301367201349e-01,2.793242442260953640e-01
3.968780002848172894e-01,2.791430511564061412e-01
3.969623186862195618e-01,2.789616941344868484e-01
3.970462838077961631e-01,2.787801732808083965e-01
3.971298941879010114e-01,2.785984887573555446e-01
3.972131484365725163e-01,2.784166407670480292e-01
3.972960452356530947e-01,2.782346295531210600e-01
3.973785833388296940e-01,2.780524553984651259e-01
3.974607615715942677e-01,2.778701186249303290e-01
3.975425788311273689e-01,2.776876195925929158e-01
3.976240340861022515e-01,2.775049586989892791e-01
3.977051263764137534e-01,2.773221363783175408e-01
3.977858548128314631e-01,2.771391531006082154e-01
3.978662185765787784e-01,2.769560093708682835e-01
3.979462169188390241e-01,2.767727057281976211e-01
3.980258491601909587e-01,2.765892427448828350e-01
3.981051146899743376e-01,2.764056210254667301e-01
3.981840129655874749e-01,2.762218412058007888e-01
3.982625435117196910e-01,2.760379039520763911e-01
3.983407059195198108e-01,2.758538099598417670e-01
3.984184998457015459e-01,2.756695599530044616e-01
3.984959250115911455e-01,2.754851546828217534e-01
3.985729812021162610e-01,2.753005949268803043e-01
3.986496682647393541e-01,2.751158814880681480e-01
3.987259861083397583e-01,2.749310151935395186e-01
3.988019347020443361e-01,2.747459968936767361e-01
3.988775140740091207e-01,2.745608274610467081e-01
3.989527243101583798e-01,2.743755077893586525e-01
3.990275655528772170e-01,2.741900387924214311e-01
3.991020379996660372e-01,2.740044214031033820e-01
3.991761419017568757e-01,2.738186565722963151e-01
3.992498775626933671e-01,2.736327452678842809e-01
3.993232453368791290e-01,2.734466884737192238e-01
3.993962456280943929e-01,2.732604871886061826e-01
3.994688788879878771e-01,2.730741424252967620e-01
3.995411456145394613e-01,2.728876552094934849e-01
3.996130463505043195e-01,2.727010265788675225e-01
3.996845816818340169e-01,2.725142575820876933e-01
3.997557522360809523e-01,2.723273492778660598e-01
3.998265586807888683e-01,2.721403027340171255e-01
3.998970017218670403e-01,2.719531190265332965e-01
3.999670821019583045e-01,2.717657992386788290e-01
4.000368005987948172e-01,2.715783444600999297e-01
4.001061580235499293e-01,2.713907557859551178e-01
4.001751552191852301e-01,2.712030343160634627e-01
4.002437930587958714e-01,2.710151811540731925e-01
4.003120724439563349e-01,2.708271974066517318e-01
4.003799943030678099e-01,2.706390841826946114e-01
4.004475595897081797e-01,2.704508425925576387e-01
4.005147692809910565e-01,2.702624737473090510e-01
4.005816243759288131e-01,2.700739787580054285e-01
4.006481258938057732e-01,2.698853587349882011e-01
4.007142748725627257e-01,2.696966147872029707e-01
4.007800723671927079e-01,2.695077480215418708e-01
4.008455194481501116e-01,2.693187595422079084e-01
4.009106171997744439e-01,2.691296504501018982e-01
4.009753667187308523e-01,2.689404218422332127e-01
4.010397691124674147e-01,2.687510748111509029e-01
4.011038254976890816e-01,2.685616104443993568e-01
4.011675369988541018e-01,2.683720298239952173e-01
4.012309047466864342e-01,2.681823340259270605e-01
4.012939298767124741e-01,2.679925241196761121e-01
4.013566135278174851e-01,2.678026011677601126e-01
4.014189568408247366e-01,2.676125662252976101e-01
4.014809609570978433e-01,2.674224203395939581e-01
4.015426270171666978e-01,2.672321645497477416e-01
4.016039561593759410e-01,2.670417998862788522e-01
4.016649495185598551e-01,2.668513273707753819e-01
4.017256082247400162e-01,2.666607480155612775e-01
4.017859334018484274e-01,2.664700628233837576e-01
4.018459261664758531e-01,2.662792727871188814e-01
4.019055876266452443e-01,2.660883788894960467e-01
4.019649188806101447e-01,2.658973821028415840e-01
4.020239210156786314e-01,2.657062833888388931e-01
4.020825951070617910e-01,2.655150836983068974e-01
4.021409422167486758e-01,2.653237839709949863e-01
4.021989633924049068e-01,2.651323851353948324e-01
4.022566596662967564e-01,2.649408881085673073e-01
4.023140320542392123e-01,2.647492937959861070e-01
4.023710815545695207e-01,2.645576030913959764e-01
4.024278091471432672e-01,2.643658168766854777e-01
4.024842157923544939e-01,2.641739360217738031e-01
4.025403024301811294e-01,2.639819613845125201e-01
4.025960699792484609e-01,2.637898938105988633e-01
4.026515193359212486e-01,2.635977341335028479e-01
4.027066513734128828e-01,2.634054831744080949e-01
4.027614669409177450e-01,2.632131417421612052e-01
4.028159668627646628e-01,2.630207106332368983e-01
4.028701519375917917e-01,2.628281906317113115e-01
4.029240229375378179e-01,2.626355825092474561e-01
4.029775806074574196e-01,2.624428870250903878e-01
4.030308256641503828e-01,2.622501049260736461e-01
4.030837587956135892e-01,2.620572369466331319e-01
4.031363806603060485e-01,2.618642838088334202e-01
4.031886918864346914e-01,2.616712462223993452e-01
4.032406930712541526e-01,2.614781248847591333e-01
4.032923847803823181e-01,2.612849204810949733e-01
4.033437675471315265e-01,2.610916336844008034e-01
4.033948418718542595e-01,2.608982651555481480e-01
4.034456082213023764e-01,2.607048155433606129e-01
4.034960670279986727e-01,2.605112854846931558e-01
4.035462186896222048e-01,2.603176756045204043e-01
4.035960635684047171e-01,2.601239865160303033e-01
4.036456019905385051e-01,2.599302188207245345e-01
4.036948342455947136e-01,2.597363731085255423e-01
4.037437605859521272e-01,2.595424499578882771e-01
4.037923812262344536e-01,2.593484499359197670e-01
4.038406963427579877e-01,2.591543735985016861e-01
4.038887060729851042e-01,2.589602214904209720e-01
4.039364105149889084e-01,2.587659941455037749e-01
4.039838097269209394e-01,2.585716920867552338e-01
4.040309037264883107e-01,2.583773158265051384e-01
4.040776924904369016e-01,2.581828658665569209e-01
4.041241759540377121e-01,2.579883426983427541e-01
4.041703540105812120e-01,2.577937468030827572e-01
4.042162265108735220e-01,2.575990786519485876e-01
4.042617932627392552e-01,2.574043387062336374e-01
4.043070540305258032e-01,2.572095274175241753e-01
4.043520085346124504e-01,2.570146452278792015e-01
4.043966564509209327e-01,2.568196925700111932e-01
4.044409974104299366e-01,2.566246698674740090e-01
4.044850309986902648e-01,2.564295775348541251e-01
4.045287567553427222e-01,2.562344159779663122e-01
4.045721741736364452e-01,2.560391855940550299e-01
4.046152826999495078e-01,2.558438867719988186e-01
4.046580817333096380e-01,2.556485198925205204e-01
4.047005706249152124e-01,2.554530853284028846e-01
4.047427486776566385e-01,2.552575834447066705e-01
4.047846151456397923e-01,2.550620145989970222e-01
4.048261692337061790e-01,2.548663791415715640e-01
4.048674100969554268e-01,2.546706774156961561e-01
4.049083368402665584e-01,2.544749097578450359e-01
4.049489485178188186e-01,2.542790764979459550e-01
4.049892441326121695e-01,2.540831779596321449e-01
4.050292226359882286e-01,2.538872144604983339e-01
4.050688829271482660e-01,2.536911863123646471e-01
4.051082238526735879e-01,2.534950938215451144e-01
4.051472442060436441e-01,2.532989372891231716e-01
4.051859427271542469e-01,2.531027170112339908e-01
4.052243181018374552e-01,2.529064332793519165e-01
4.052623689613764624e-01,2.527100863805875064e-01
4.053000938820273680e-01,2.525136765979891229e-01
4.053374913845351202e-01,2.523172042108541846e-01
4.053745599336551764e-01,2.521206694950458016e-01
4.054112979376717774e-01,2.519240727233192367e-01
4.054477037479210511e-01,2.517274141656560271e-01
4.054837756583130615e-01,2.515306940896053778e-01
4.055195119048577990e-01,2.513339127606364909e-01
4.055549106651927804e-01,2.511370704424979450e-01
4.055899700581132583e-01,2.509401673975871772e-01
4.056246881431071483e-01,2.507432038873290692e-01
4.056590629198933984e-01,2.505461801725660798e-01
4.056930923279647994e-01,2.503490965139558155e-01
4.057267742461363458e-01,2.501519531723814804e-01
4.057601064921002587e-01,2.499547504093714845e-01
4.057930868219865594e-01,2.497574884875318479e-01
4.058257129299329136e-01,2.495601676709882921e-01
4.058579824476614695e-01,2.493627882258407369e-01
4.058898929440654113e-01,2.491653504206305936e-01
4.059214419248067252e-01,2.489678545268189658e-01
4.059526268319234577e-01,2.487703008192784782e-01
4.059834450434508524e-01,2.485726895767984002e-01
4.060138938730544211e-01,2.483750210826013161e-01
4.060439705696786694e-01,2.481772956248753659e-01
4.060736723172109208e-01,2.479795134973193926e-01
4.061029962341613508e-01,2.477816749997011625e-01
4.061319393733621164e-01,2.475837804384328489e-01
4.061604987216849150e-01,2.473858301271573967e-01
4.061886711997805266e-01,2.471878243873527892e-01
4.062164536618393385e-01,2.469897635489497756e-01
4.062438428953752956e-01,2.467916479509661976e-01
4.062708356210366079e-01,2.465934779421547207e-01
4.062974284924414370e-01,2.463952538816687743e-01
4.063236180960424493e-01,2.461969761397426459e-01
4.063494009510216221e-01,2.459986450983880080e-01
4.063747735092159696e-01,2.458002611521065972e-01
4.063997321550767428e-01,2.456018247086192430e-01
4.064242732056646545e-01,2.454033361896104104e-01
4.064483929106800231e-01,2.452047960314898134e-01
4.064720874525341587e-01,2.450062046861699039e-01
4.064953529464586102e-01,2.448075626218592371e-01
4.065181854406600404e-01,2.446088703238724071e-01
4.065405809165161255e-01,2.444101282954555809e-01
4.065625352888215249e-01,2.442113370586277699e-01
4.065840444060798142e-01,2.440124971550383381e-01
4.066051040508465997e-01,2.438136091468388611e-01
4.066257099401252573e-01,2.436146736175705541e-01
4.066458577258187379e-01,2.434156911730660511e-01
4.066655429952350520e-01,2.432166624423654500e-01
4.066847612716545379e-01,2.430175880786464016e-01
4.067035080149572490e-01,2.428184687601663005e-01
4.067217786223115139e-01,2.426193051912185761e-01
4.067395684289313307e-01,2.424200981030995850e-01
4.067568727088979319e-01,2.422208482550864961e-01
4.067736866760514047e-01,2.420215564354272764e-01
4.067900054849545310e-01,2.418222234623375877e-01
4.068058242319297912e-01,2.416228501850082311e-01
4.068211379561715857e-01,2.414234374846187525e-01
4.068359416409353391e-01,2.412239862753576269e-01
4.068502302148069294e-01,2.410244975054481043e-01
4.068639985530537739e-01,2.408249721581768865e-01
4.068772414790565728e-01,2.406254112529263578e-01
4.068899537658284826e-01,2.404258158462063977e-01
4.069021301376198885e-01,2.402261870326869164e-01
4.069137652716105502e-01,2.400265259462275036e-01
4.069248537996916770e-01,2.398268337609034129e-01
4.069353903103398173e-01,2.396271116920255795e-01
4.069453693505825642e-01,2.394273609971530603e-01
4.069547854280568533e-01,2.392275829770960649e-01
4.069636330131630730e-01,2.390277789769070238e-01
4.069719065413150982e-01,2.388279503868579734e-01
4.069796004152842483e-01,2.386280986434017037e-01
4.069867090076434990e-01,2.384282252301143101e-01
4.069932266633063955e-01,2.382283316786175109e-01
4.069991477021656090e-01,2.380284195694767069e-01
4.070044664218283592e-01,2.378284905330738386e-01
4.070091771004514802e-01,2.376285462504512946e-01
4.070132739996716875e-01,2.374285884541245395e-01
4.070167513676352100e-01,2.372286189288609903e-01
4.070196034421239006e-01,2.370286395124213130e-01
4.070218244537768815e-01,2.368286520962620822e-01
4.070234086294064468e-01,2.366286586261943381e-01
4.070243501954096121e-01,2.364286611029975949e-01
4.070246433812692022e-01,2.362286615829842784e-01
4.070242824231465883e-01,2.360286621785130934e-01
4.070232615675630772e-01,2.358286650584472399e-01
4.070215750751665085e-01,2.356286724485548989e-01
4.070192172245817308e-01,2.354286866318485716e-01
4.070161823163415127e-01,2.352287099488605537e-01
4.070124646768962240e-01,2.350287447978520461e-01
4.070080586626955155e-01,2.348287936349510441e-01
4.070029586643451047e-01,2.346288589742182018e-01
4.069971591108244025e-01,2.344289433876369233e-01
4.069906544737722509e-01,2.342290495050239896e-01
4.069834392718300053e-01,2.340291800138595557e-01
4.069755080750356857e-01,2.338293376590324102e-01
4.069668555092695872e-01,2.336295252424989699e-01
4.069574762607431895e-01,2.334297456228537904e-01
4.069473650805259801e-01,2.332300017148066784e-01
4.069365167891038082e-01,2.330302964885684613e-01
4.069249262809665479e-01,2.328306329691400278e-01
4.069125885292127487e-01,2.326310142355038080e-01
4.068994985901711603e-01,2.324314434197168322e-01
4.068856516080285313e-01,2.322319237059025376e-01
4.068710428194581841e-01,2.320324583291410447e-01
4.068556675582416515e-01,2.318330505742565162e-01
4.068395212598787669e-01,2.316337037745009597e-01
4.068225994661738287e-01,2.314344213101336145e-01
4.068048978297968965e-01,2.312352066068956435e-01
4.067864121188061732e-01,2.310360631343804372e-01
4.067671382211288655e-01,2.308369944042993338e-01
4.067470721489888641e-01,2.306380039686438121e-01
4.067262100432773586e-01,2.304390954177440443e-01
4.067045481778535088e-01,2.302402723782255856e-01
4.066820829637721735e-01,2.300415385108660615e-01
4.066588109534272633e-01,2.298428975083516290e-01
4.066347288446039987e-01,2.296443530929382082e-01
4.066098334844335249e-01,2.294459090140162361e-01
4.065841218732384466e-01,2.292475690455849646e-01
4.065575911682659527e-01,2.290493369836370252e-01
4.065302386872971518e-01,2.288512166434572837e-01
4.065020619121275658e-01,2.286532118568393446e-01
4.064730584919100664e-01,2.284553264692242847e-01
4.064432262463539836e-01,2.282575643367641405e-01
4.064125631687728335e-01,2.280599293233170066e-01
4.063810674289735081e-01,2.278624252973753261e-01
4.063487373759832599e-01,2.276650561289363106e-01
4.063155715406030488e-01,2.274678256863159331e-01
4.062815686377870827e-01,2.272707378329140715e-01
4.062467275688391166e-01,2.270737964239369078e-01
4.062110474234225110e-01,2.268770053030806921e-01
4.061745274813767237e-01,2.266803682991849478e-01
4.061371672143398448e-01,2.264838892228602796e-01
4.060989662871682393e-01,2.262875718630978084e-01
4.060599245591529627e-01,2.260914199838663652e-01
4.060200420850301750e-01,2.258954373207054667e-01
4.059793191157784475e-01,2.256996275773188176e-01
4.059377560992071254e-01,2.255039944221775561e-01
4.058953536803277529e-01,2.253085414851388746e-01
4.058521127015112251e-01,2.251132723540871239e-01
4.058080342024281140e-01,2.249181905716051977e-01
4.057631194197718894e-01,2.247232996316826381e-01
4.057173697867653139e-01,2.245286029764669566e-01
4.056707869324514548e-01,2.243341039930664693e-01
4.056233726807674245e-01,2.241398060104105860e-01
4.055751290494072903e-01,2.239457122961737157e-01
4.055260582484703780e-01,2.237518260537701142e-01
4.054761626789022411e-01,2.235581504194275038e-01
4.054254449307295172e-01,2.233646884593409876e-01
4.053739077810905034e-01,2.231714431669199195e-01
4.053215541920680565e-01,2.229784174601271429e-01
4.052683873083275934e-01,2.227856141789207600e-01
4.052144104545653547e-01,2.225930360828011212e-01
4.051596271327704279e-01,2.224006858484689486e-01
4.051040410193094132e-01,2.222085660675988672e-01
4.050476559618362282e-01,2.220166792447337001e-01
4.049904759760347694e-01,2.218250277953013050e-01
4.049325052422020343e-01,2.216336140437608071e-01
4.048737481016745354e-01,2.214424402218781729e-01
4.048142090531109405e-01,2.212515084671370924e-01
4.047538927486330484e-01,2.210608208212852532e-01
4.046928039898353702e-01,2.208703792290195311e-01
4.046309477236709196e-01,2.206801855368121235e-01
4.045683290382199315e-01,2.204902414918779863e-01
4.045049531583514990e-01,2.203005487412852126e-01
4.044408254412843462e-01,2.201111088312094621e-01
4.043759513720561749e-01,2.199219232063309437e-01
4.043103365589102438e-01,2.197329932093768090e-01
4.042439867286068411e-01,2.195443200808045170e-01
4.041769077216693651e-01,2.193559049586292220e-01
4.041091054875711741e-01,2.191677488783913275e-01
4.040405860798738646e-01,2.189798527732631228e-01
4.039713556513256920e-01,2.187922174742936154e-01
4.039014204489253523e-01,2.186048437107877829e-01
4.038307868089631159e-01,2.184177321108185243e-01
4.037594611520454180e-01,2.182308832018690081e-01
4.036874499781104575e-01,2.180442974116000576e-01
4.036147598614449050e-01,2.178579750687422711e-01
4.035413974457059405e-01,2.176719164041057142e-01
4.034673694389602217e-01,2.174861215517065738e-01
4.033926826087437245e-01,2.173005905500037249e-01
4.033173437771502279e-01,2.171153233432430996e-01
4.032413598159576562e-01,2.169303197829044183e-01
4.031647376417940021e-01,2.167455796292441506e-01
4.030874842113556511e-01,2.165611025529329547e-01
4.030096065166770547e-01,2.163768881367803265e-01
4.029311115804642407e-01,2.161929358775412924e-01
4.028520064514913290e-01,2.160092451878021791e-01
4.027722982000720986e-01,2.158258153979370209e-01
4.026919939136032189e-01,2.156426457581324951e-01
4.026111006921933577e-01,2.154597354404738929e-01
4.025296256443737786e-01,2.152770835410878769e-01
4.024475758828991445e-01,2.150946890823363933e-01
4.023649585206430235e-01,2.149125510150563800e-01
4.022817806665864859e-01,2.147306682208406370e-01
4.021980494219093982e-01,2.145490395143532791e-01
4.021137718761810254e-01,2.143676636456766649e-01
4.020289551036588804e-01,2.141865393026829156e-01
4.019436061596908250e-01,2.140056651134259469e-01
4.018577320772285244e-01,2.138250396485494587e-01
4.017713398634509825e-01,2.136446614237056951e-01
4.016844364965006520e-01,2.134645289019796166e-01
4.015970289223314005e-01,2.132846404963165687e-01
4.015091240516710513e-01,2.131049945719453442e-01
4.014207287570993876e-01,2.129255894487968870e-01
4.013318498702400650e-01,2.127464234039105340e-01
4.012424941790689870e-01,2.125674946738267956e-01
4.011526684253362562e-01,2.123888014569617344e-01
4.010623793021033112e-01,2.122103419159594995e-01
4.009716334513959146e-01,2.120321141800207698e-01
4.008804374619689970e-01,2.118541163472024980e-01
4.007887978671842433e-01,2.116763464866866506e-01
4.006967211430013109e-01,2.114988026410159760e-01
4.006042137060770170e-01,2.113214828282927449e-01
4.005112819119753809e-01,2.111443850443394665e-01
4.004179320534848596e-01,2.109675072648182215e-01
4.003241703590405542e-01,2.107908474473075833e-01
4.002300029912521095e-01,2.106144035333349096e-01
4.001354360455331438e-01,2.104381734503612544e-01
4.000404755488302655e-01,2.102621551137198452e-01
3.999451274584526761e-01,2.100863464285047111e-01
3.998493976609933664e-01,2.099107452914084071e-01
3.997532919713490118e-01,2.097353495925093070e-01
3.996568161318287959e-01,2.095601572170065485e-01
3.995599758113511646e-01,2.093851660469013554e-01
3.994627766047297301e-01,2.092103739626255676e-01
3.993652240320416102e-01,2.090357788446163267e-01
3.992673235380779229e-01,2.088613785748365537e-01
3.991690804918736069e-01,2.086871710382409706e-01
3.990705001863117385e-01,2.085131541241875552e-01
3.989715878378053970e-01,2.083393257277960653e-01
3.988723485860472540e-01,2.081656837512508573e-01
3.987727874938289396e-01,2.079922261050511922e-01
3.986729095469288553e-01,2.078189507092081112e-01
3.985727196540584938e-01,2.076458554943874935e-01
3.984722226468748740e-01,2.074729384030026269e-01
3.983714232800480426e-01,2.073001973902535711e-01
3.982703262313850301e-01,2.071276304251165046e-01
3.981689361020083195e-01,2.069552354912832237e-01
3.980672574165836641e-01,2.067830105880508196e-01
3.979652946235966438e-01,2.066109537311635602e-01
3.978630520956758509e-01,2.064390629536073940e-01
3.977605341299583763e-01,2.062673363063579346e-01
3.976577449484988147e-01,2.060957718590839260e-01
3.975546886987140205e-01,2.059243677008055495e-01
3.974513694538676090e-01,2.057531219405108747e-01
3.973477912135872092e-01,2.055820327077294563e-01
3.972439579044154678e-01,2.054110981530657132e-01
3.971398733803898073e-01,2.052403164486931442e-01
3.970355414236513836e-01,2.050696857888096858e-01
3.969309657450819095e-01,2.048992043900562110e-01
3.968261499849611296e-01,2.047288704918994451e-01
3.967210977136511607e-01,2.045586823569795210e-01
3.966158124322990419e-01,2.043886382714255046e-01
3.965102975735586011e-01,2.042187365451366698e-01
3.964045565023305295e-01,2.040489755120356019e-01
3.962985925165176671e-01,2.038793535302884097e-01
3.961924088477948858e-01,2.037098689824988484e-01
3.960860086623904097e-01,2.035405202758743537e-01
3.959793950618807901e-01,2.033713058423652076e-01
3.958725710839929857e-01,2.032022241387795580e-01
3.957655397034164357e-01,2.030332736468740684e-01
3.956583038326231261e-01,2.028644528734216690e-01
3.955508663226908750e-01,2.026957603502585470e-01
3.954432299641346127e-01,2.025271946343091267e-01
3.953353974877399923e-01,2.023587543075927309e-01
3.952273715653982222e-01,2.021904379772110627e-01
3.951191548109457830e-01,2.020222442753180636e-01
3.950107497810011470e-01,2.018541718590740053e-01
3.949021589758046069e-01,2.016862194105831507e-01
3.947933848400539958e-01,2.015183856368171211e-01
3.946844297637405741e-01,2.013506692695242462e-01
3.945752960829817524e-01,2.011830690651266185e-01
3.944659860808494845e-01,2.010155838046042975e-01
3.943565019881947187e-01,2.008482122933689107e-01
3.942468459844695183e-01,2.006809533611264851e-01
3.941370201985386901e-01,2.005138058617301766e-01
3.940270267094915235e-01,2.003467686730252550e-01
3.939168675474420400e-01,2.001798406966844301e-01
3.938065446943250780e-01,2.000130208580363500e-01
3.936960600846840519e-01,1.998463081058872992e-01
3.935854156064513276e-01,1.996797014123358471e-01
3.934746131017189397e-01,1.995131997725824446e-01
3.933636543675033126e-01,1.993468022047338306e-01
3.932525411564992135e-01,1.991805077496021648e-01
3.931412751778237125e-01,1.990143154705011630e-01
3.930298580977534817e-01,1.988482244530377363e-01
3.929182915404499377e-01,1.986822338049007708e-01
3.928065770886758346e-01,1.985163426556476596e-01
3.926947162845006445e-01,1.983505501564876150e-01
3.925827106299969449e-01,1.981848554800645923e-01
3.924705615879251486e-01,1.980192578202376041e-01
3.923582705824095740e-01,1.978537563918598419e-01
3.922458389996008599e-01,1.976883504305584349e-01
3.921332681883314408e-01,1.975230391925120454e-01
3.920205594607573119e-01,1.973578219542296008e-01
3.919077140929902447e-01,1.971926980123289153e-01
3.917947333257192355e-01,1.970276666833145895e-01
3.916816183648211824e-01,1.968627273033589364e-01
3.915683703819597961e-01,1.966978792280812682e-01
3.914549905151755160e-01,1.965331218323298768e-01
3.913414798694628827e-01,1.963684545099652068e-01
3.912278395173386381e-01,1.962038766736434181e-01
3.911140704993986694e-01,1.960393877546034169e-01
3.910001738248636283e-01,1.958749872024534988e-01
3.908861504721153901e-01,1.957106744849620994e-01
3.907720013892229671e-01,1.955464490878492112e-01
3.906577274944575962e-01,1.953823105145803263e-01
3.905433296767976126e-01,1.952182582861628490e-01
3.904288087964242759e-01,1.950542919409450626e-01
3.903141656852064934e-01,1.948904110344166218e-01
3.901994011471781043e-01,1.947266151390129041e-01
3.900845159590015099e-01,1.945629038439208869e-01
3.899695108704269719e-01,1.943992767548878842e-01
3.898543866047383122e-01,1.942357334940333080e-01
3.897391438591923940e-01,1.940722736996627618e-01
3.896237833054486122e-01,1.939088970260849920e-01
3.895083055899891677e-01,1.937456031434311998e-01
3.893927113345320157e-01,1.935823917374775438e-01
3.892770011364351523e-01,1.934192625094701135e-01
3.891611755690915220e-01,1.932562151759525115e-01
3.890452351823185384e-01,1.930932494685964063e-01
3.889291805027372262e-01,1.929303651340338599e-01
3.888130120341455331e-01,1.927675619336934321e-01
3.886967302578839822e-01,1.926048396436380872e-01
3.885803356331933855e-01,1.924421980544056832e-01
3.884638285975681171e-01,1.922796369708519582e-01
3.883472095670989499e-01,1.921171562119954879e-01
3.882304789368132836e-01,1.919547556108663899e-01
3.881136370810070457e-01,1.917924350143548895e-01
3.879966843535709309e-01,1.916301942830644367e-01
3.878796210883111995e-01,1.914680332911650185e-01
3.877624475992651476e-01,1.913059519262495511e-01
3.876451641810111370e-01,1.911439500891920218e-01
3.875277711089730182e-01,1.909820276940066286e-01
3.874102686397208894e-01,1.908201846677097802e-01
3.872926570112666389e-01,1.906584209501823723e-01
3.871749364433550999e-01,1.904967364940353125e-01
3.870571071377515437e-01,1.903351312644739612e-01
3.869391692785245640e-01,1.901736052391660992e-01
3.868211230323272964e-01,1.900121584081095605e-01
3.867029685486721435e-01,1.898507907735015598e-01
3.865847059602054991e-01,1.896895023496084076e-01
3.864663353829785875e-01,1.895282931626363909e-01
3.863478569167134169e-01,1.893671632506028768e-01
3.862292706450710100e-01,1.892061126632077761e-01
3.861105766359130831e-01,1.890451414617060066e-01
3.859917749415640587e-01,1.888842497187793457e-01
3.858728655990709688e-01,1.887234375184086432e-01
3.857538486304620262e-01,1.885627049557457302e-01
3.856347240430046952e-01,1.884020521369854095e-01
3.855154918294599886e-01,1.882414791792369757e-01
3.853961519683402615e-01,1.880809862103942631e-01
3.852767044241636185e-01,1.879205733690063607e-01
3.851571491477088771e-01,1.877602408041464388e-01
3.850374860762698637e-01,1.875999886752801882e-01
3.849177151339119862e-01,1.874398171521319545e-01
3.847978362317269196e-01,1.872797264145511231e-01
3.846778492680886785e-01,1.871197166523756172e-01
3.845577541289116330e-01,1.869597880652944244e-01
3.844375506879076365e-01,1.867999408627079583e-01
3.843172388068470946e-01,1.866401752635867273e-01
3.841968183358179800e-01,1.864804914963276161e-01
3.840762891134906765e-01,1.863208897986077250e-01
3.839556509673810458e-01,1.861613704172362938e-01
3.838349037141182141e-01,1.860019336080034058e-01
3.837140471597136893e-01,1.858425796355261395e-01
3.835930810998320339e-01,1.856833087730921095e-01
3.834720053200655343e-01,1.855241213024989566e-01
3.833508195962120890e-01,1.853650175138921163e-01
3.832295236945538752e-01,1.852059977055975915e-01
3.831081173721411215e-01,1.850470621839526153e-01
3.829866003770787675e-01,1.848882112631313746e-01
3.828649724488164541e-01,1.847294452649679841e-01
3.827432333184409563e-01,1.845707645187751322e-01
3.826213827089750552e-01,1.844121693611585899e-01
3.824994203356768541e-01,1.842536601358275294e-01
3.823773459063459779e-01,1.840952371934005405e-01
3.822551591216313271e-01,1.839369008912072889e-01
3.821328596753449935e-01,1.837786515930863451e-01
3.820104472547793950e-01,1.836204896691766841e-01
3.818879215410279637e-01,1.834624154957062714e-01
3.817652822093116072e-01,1.833044294547744868e-01
3.816425289293089440e-01,1.831465319341309406e-01
3.815196613654897595e-01,1.829887233269477664e-01
3.813966791774547338e-01,1.828310040315886953e-01
3.812735820202791670e-01,1.826733744513713842e-01
3.811503695448592022e-01,1.825158349943254155e-01
3.810270413982648208e-01,1.823583860729452166e-01
3.809035972240960577e-01,1.822010281039374291e-01
3.807800366628443234e-01,1.820437615079635307e-01
3.806563593522559463e-01,1.818865867093764355e-01
3.805325649277020439e-01,1.817295041359525687e-01
3.804086530225523344e-01,1.815725142186181973e-01
3.802846232685512806e-01,1.814156173911712633e-01
3.801604752961993960e-01,1.812588140899973332e-01
3.800362087351382145e-01,1.811021047537806905e-01
3.799118232145377583e-01,1.809454898232103759e-01
3.797873183634894456e-01,1.807889697406814267e-01
3.796626938114000538e-01,1.806325449499906477e-01
3.795379491883900114e-01,1.804762158960285801e-01
3.794130841256938558e-01,1.803199830244654467e-01
3.792880982560641878e-01,1.801638467814335454e-01
3.791629912141759595e-01,1.800078076132045901e-01
3.790377626370362574e-01,1.798518659658636665e-01
3.789124121643923093e-01,1.796960222849777744e-01
3.787869394391427669e-01,1.795402770152614569e-01
3.786613441077507636e-01,1.793846306002379321e-01
3.785356258206564739e-01,1.792290834818977274e-01
3.784097842326916150e-01,1.790736361003522070e-01
3.782838190034927828e-01,1.789182888934865989e-01
3.781577297979160646e-01,1.787630422966071109e-01
3.780315162864499312e-01,1.786078967420882957e-01
3.779051781456285175e-01,1.784528526590161146e-01
3.777787150584425158e-01,1.782979104728298347e-01
3.776521267147494032e-01,1.781430706049626222e-01
3.775254128116809493e-01,1.779883334724793875e-01
3.773985730540477812e-01,1.778336994877150468e-01
3.772716071547429495e-01,1.776791690579108407e-01
3.771445148351397769e-01,1.775247425848514027e-01
3.770172958254877082e-01,1.773704204645006610e-01
3.768899498653029423e-01,1.772162030866392679e-01
3.767624767037543454e-01,1.770620908345009736e-01
3.766348761000456458e-01,1.769080840844127755e-01
3.765071478237894120e-01,1.767541832054336792e-01
3.763792916553775902e-01,1.766003885589980671e-01
3.762513073863440471e-01,1.764467004985590393e-01
3.761231948197195640e-01,1.762931193692363896e-01
3.759949537703817235e-01,1.761396455074666634e-01
3.758665840653936385e-01,1.759862792406572396e-01
3.757380855443376300e-01,1.758330208868447431e-01
3.756094580596370247e-01,1.756798707543572868e-01
3.754807014768702933e-01,1.755268291414822102e-01
3.753518156750751955e-01,1.753738963361392011e-01
3.752228005470431560e-01,1.752210726155586928e-01
3.750936559996019826e-01,1.750683582459678089e-01
3.749643819538881484e-01,1.749157534822813331e-01
3.748349783456075279e-01,1.747632585678013106e-01
3.747054451252849749e-01,1.746108737339234496e-01
3.745757822584999119e-01,1.744585991998514607e-01
3.744459897261120940e-01,1.743064351723212502e-01
3.743160675244713298e-01,1.741543818453317738e-01
3.741860156656164338e-01,1.740024393998869656e-01
3.740558341774592455e-01,1.738506080037466595e-01
3.739255231039551597e-01,1.736988878111874468e-01
3.737950825052600567e-01,1.735472789627749701e-01
3.736645124578714672e-01,1.733957815851453199e-01
3.735338130547565250e-01,1.732443957907991994e-01
3.734029844054642666e-01,1.730931216779071080e-01
3.732720266362228867e-01,1.729419593301260716e-01
3.731409398900221719e-01,1.727909088164287787e-01
3.730097243266801144e-01,1.726399701909455964e-01
3.728783801228947592e-01,1.724891434928182421e-01
3.727469074722789544e-01,1.723384287460674735e-01
3.726153065853814450e-01,1.721878259594735727e-01
3.724835776896903150e-01,1.720373351264702089e-01
3.723517210296231061e-01,1.718869562250522065e-01
3.722197368664977302e-01,1.717366892176966087e-01
3.720876254784910575e-01,1.715865340512982562e-01
3.719553871605802975e-01,1.714364906571192171e-01
3.718230222244683914e-01,1.712865589507517883e-01
3.716905309984955275e-01,1.711367388320973737e-01
3.715579138275336146e-01,1.709870301853579633e-01
3.714251710728662115e-01,1.708374328790425167e-01
3.712923031120550221e-01,1.706879467659882521e-01
3.711593103387878512e-01,1.705385716833957011e-01
3.710261931627167331e-01,1.703893074528783358e-01
3.708929520092782983e-01,1.702401538805262127e-01
3.707595873195005387e-01,1.700911107569837155e-01
3.706260995497983046e-01,1.699421778575421760e-01
3.704924891717521485e-01,1.697933549422449562e-01
3.703587566718766766e-01,1.696446417560079079e-01
3.702249025513747460e-01,1.694960380287516277e-01
3.700909273258793375e-01,1.693475434755488673e-01
3.699568315251847705e-01,1.691991577967837113e-01
3.698226156929654840e-01,1.690508806783241336e-01
3.696882803864832701e-01,1.689027117917075715e-01
3.695538261762852938e-01,1.687546507943382124e-01
3.694192536458905662e-01,1.686066973296960758e-01
3.692845633914674797e-01,1.684588510275592810e-01
3.691497560215019069e-01,1.683111115042352779e-01
3.690148321564576950e-01,1.681634783628056795e-01
3.688797924284257790e-01,1.680159511933792815e-01
3.687446374807695770e-01,1.678685295733571836e-01
3.686093679677606705e-01,1.677212130677063207e-01
3.684739845542080450e-01,1.675740012292434300e-01
3.683384879150825575e-01,1.674268935989274565e-01
3.682028787351342425e-01,1.672798897061602286e-01
3.680671577085055102e-01,1.671329890690954612e-01
3.679313255383387937e-01,1.669861911949557798e-01
3.677953829363819205e-01,1.668394955803557678e-01
3.676593306225878210e-01,1.666929017116332290e-01
3.675231693247131837e-01,1.665464090651846973e-01
3.673868997779137779e-01,1.664000171078082457e-01
3.672505227243374470e-01,1.662537252970506807e-01
3.671140389127162118e-01,1.661075330815596773e-01
3.669774490979591519e-01,1.659614399014401886e-01
3.668407540407404577e-01,1.658154451886141301e-01
3.667039545070926998e-01,1.656695483671841163e-01
3.665670512679966020e-01,1.655237488537988633e-01
3.664300450989749214e-01,1.653780460580222267e-01
3.662929367796857738e-01,1.652324393827026838e-01
3.661557270935185127e-01,1.650869282243453140e-01
3.660184168271922722e-01,1.649415119734833346e-01
3.658810067703570645e-01,1.647961900150516079e-01
3.657434977151975408e-01,1.646509617287588434e-01
3.656058904560423040e-01,1.645058264894599387e-01
3.654681857889738872e-01,1.643607836675271550e-01
3.653303845114466153e-01,1.642158326292204873e-01
3.651924874219065753e-01,1.640709727370553150e-01
3.650544953194174713e-01,1.639262033501689420e-01
3.649164090032924745e-01,1.637815238246842497e-01
3.647782292727302367e-01,1.636369335140704095e-01
3.646399569264581197e-01,1.634924317695004292e-01
3.645015927623806995e-01,1.633480179402048427e-01
3.643631375772350411e-01,1.632036913738225681e-01
3.642245921662531360e-01,1.630594514167461040e-01
3.640859573228298895e-01,1.629152974144635890e-01
3.639472338381987138e-01,1.627712287118947554e-01
3.638084225011155581e-01,1.626272446537231076e-01
3.636695240975476584e-01,1.624833445847222169e-01
3.635305394103734433e-01,1.623395278500766037e-01
3.633914692190860496e-01,1.621957937956962637e-01
3.632523142995073284e-01,1.620521417685267529e-01
3.631130754235092906e-01,1.619085711168515018e-01
3.629737533587423792e-01,1.617650811905889108e-01
3.628343488683734019e-01,1.616216713415829231e-01
3.626948627108296241e-01,1.614783409238860212e-01
3.625552956395529658e-01,1.613350892940372538e-01
3.624156484027599712e-01,1.611919158113314376e-01
3.622759217432126588e-01,1.610488198380833347e-01
3.621361163979949227e-01,1.609058007398839751e-01
3.619962330982988696e-01,1.607628578858487645e-01
3.618562725692174298e-01,1.606199906488613993e-01
3.617162355295474585e-01,1.604771984058080136e-01
3.615761226915981119e-01,1.603344805378047466e-01
3.614359347610092144e-01,1.601918364304193432e-01
3.612956724365765648e-01,1.600492654738842613e-01
3.611553364100844599e-01,1.599067670633029792e-01
3.610149273661469871e-01,1.597643405988493914e-01
3.608744459820566464e-01,1.596219854859600162e-01
3.607338929276395767e-01,1.594797011355194860e-01
3.605932688651189433e-01,1.593374869640377112e-01
3.604525744489854300e-01,1.591953423938223255e-01
3.603118103258742821e-01,1.590532668531418614e-01
3.601709771344495103e-01,1.589112597763840395e-01
3.600300755052961987e-01,1.587693206042068150e-01
3.598891060608167547e-01,1.586274487836819569e-01
3.597480694151358183e-01,1.584856437684334651e-01
3.596069661740112222e-01,1.583439050187689934e-01
3.594657969347501147e-01,1.582022320018045269e-01
3.593245622861322430e-01,1.580606241915847865e-01
3.591832628083382328e-01,1.579190810691948610e-01
3.590418990728836413e-01,1.577776021228682879e-01
3.589004716425596708e-01,1.576361868480887218e-01
3.587589810713769922e-01,1.574948347476853305e-01
3.586174279045173940e-01,1.573535453319241384e-01
3.584758126782874865e-01,1.572123181185925977e-01
3.583341359200800103e-01,1.570711526330802188e-01
3.581923981483375874e-01,1.569300484084534542e-01
3.580505998725221906e-01,1.567890049855265033e-01
3.579087415930887195e-01,1.566480219129267049e-01
3.577668238014616864e-01,1.565070987471559594e-01
3.576248469800169527e-01,1.563662350526476008e-01
3.574828116020672963e-01,1.562254304018189655e-01
3.573407181318495329e-01,1.560846843751204638e-01
3.571985670245185207e-01,1.559439965610807111e-01
3.570563587261412763e-01,1.558033665563466064e-01
3.569140936736949765e-01,1.556627939657223292e-01
3.567717722950689008e-01,1.555222784022027294e-01
3.566293950090683174e-01,1.553818194870049685e-01
3.564869622254204229e-01,1.552414168495965530e-01
3.563444743447836682e-01,1.551010701277197867e-01
3.562019317587591383e-01,1.549607789674153913e-01
3.560593348499029309e-01,1.548205430230409352e-01
3.559166839917430880e-01,1.546803619572893473e-01
3.557739795487948609e-01,1.545402354412036550e-01
3.556312218765803612e-01,1.544001631541896957e-01
3.554884113216489894e-01,1.542601447840272200e-01
3.553455482215989170e-01,1.541201800268787170e-01
3.552026329050995690e-01,1.539802685872975196e-01
3.550596656919166039e-01,1.538404101782325784e-01
3.549166468929367824e-01,1.537006045210332905e-01
3.547735768101932807e-01,1.535608513454523316e-01
3.546304557368933907e-01,1.534211503896474316e-01
3.544872839574460532e-01,1.532815014001819853e-01
3.543440617474888921e-01,1.531419041320245811e-01
3.542007893739185787e-01,1.530023583485484728e-01
3.540574670949172553e-01,1.528628638215287217e-01
3.539140951599841767e-01,1.527234203311402527e-01
3.537706738099635762e-01,1.525840276659546912e-01
3.536272032770740870e-01,1.524446856229368930e-01
3.534836837849389957e-01,1.523053940074412804e-01
3.533401155486150524e-01,1.521661526332070968e-01
3.531964987746215590e-01,1.520269613223550476e-01
3.530528336609689566e-01,1.518878199053826372e-01
3.529091203971890800e-01,1.517487282211597011e-01
3.527653591643611919e-01,1.516096861169252130e-01
3.526215501351414594e-01,1.514706934482821232e-01
3.524776934737895995e-01,1.513317500791945269e-01
3.523337893361956352e-01,1.511928558819842228e-01
3.521898378699063747e-01,1.510540107373272989e-01
3.520458392141512238e-01,1.509152145342523288e-01
3.519017934998658337e-01,1.507764671701377068e-01
3.517577008497175806e-01,1.506377685507106490e-01
3.516135613781283253e-01,1.504991185900460826e-01
3.514693751912967290e-01,1.503605172105670906e-01
3.513251423872210122e-01,1.502219643430447449e-01
3.511808630557182176e-01,1.500834599266001046e-01
3.510365372784456373e-01,1.499450039087054376e-01
3.508921651289191312e-01,1.498065962451883282e-01
3.507477466725318349e-01,1.496682369002343693e-01
3.506032819665712008e-01,1.495299258463925751e-01
3.504587710602350414e-01,1.493916630645804877e-01
3.503142139946475719e-01,1.492534485440906167e-01
3.501696108028730658e-01,1.491152822825981272e-01
3.500249615099305656e-01,1.489771642861687784e-01
3.498802661328054286e-01,1.488390945692686373e-01
3.497355246804617623e-01,1.487010731547739051e-01
3.495907371538525266e-01,1.485631000739822127e-01
3.494459035459305252e-01,1.484251753666242235e-01
3.493010238416561775e-01,1.482872990808779823e-01
3.491560980180071772e-01,1.481494712733814056e-01
3.490111260439847096e-01,1.480116920092477417e-01
3.488661078806210014e-01,1.478739613620813076e-01
3.487210434809845938e-01,1.477362794139940316e-01
3.485759327901856719e-01,1.475986462556227174e-01
3.484307757453815602e-01,1.474610619861476957e-01
3.482855722757790540e-01,1.473235267133112814e-01
3.481403223026394711e-01,1.471860405534376193e-01
3.479950257392802615e-01,1.470486036314530287e-01
3.478496824910782270e-01,1.469112160809070700e-01
3.477042924554716308e-01,1.467738780439942770e-01
3.475588555219613074e-01,1.466365896715757233e-01
3.474133715721128834e-01,1.464993511232017265e-01
3.472678404795580542e-01,1.463621625671352178e-01
3.471222621099948613e-01,1.462250241803739192e-01
3.469766363211912452e-01,1.460879361486750183e-01
3.468309629629834356e-01,1.459508986665775665e-01
3.466852418772802813e-01,1.458139119374268211e-01
3.465394728980624728e-01,1.456769761733978097e-01
3.463936558513872055e-01,1.455400915955182006e-01
3.462477905553890123e-01,1.454032584336926170e-01
3.461018768202837048e-01,1.452664769267245082e-01
3.459559144483721482e-01,1.451297473223392420e-01
3.458099032340450352e-01,1.449930698772057269e-01
3.456638429637887144e-01,1.448564448569576446e-01
3.455177334161920744e-01,1.447198725362143223e-01
3.453715743619534262e-01,1.445833531985995513e-01
3.452253655638907737e-01,1.444468871367603491e-01
3.450791067769523601e-01,1.443104746523839188e-01
3.449327977482289365e-01,1.441741160562137192e-01
3.447864382169675834e-01,1.440378116680636755e-01
3.446400279145879764e-01,1.439015618168305033e-01
3.444935665646998157e-01,1.437653668405046714e-01
3.443470538831240324e-01,1.436292270861792286e-01
3.442004895779145479e-01,1.434931429100559930e-01
3.440538733493840873e-01,1.433571146774498817e-01
3.439072048901311573e-01,1.432211427627907707e-01
3.437604838850721878e-01,1.430852275496219961e-01
3.436137100114737830e-01,1.429493694305963292e-01
3.434668829389909139e-01,1.428135688074686493e-01
3.433200023297071080e-01,1.426778260910859519e-01
3.431730678381785804e-01,1.425421417013720826e-01
3.430260791114818630e-01,1.424065160673112507e-01
3.428790357892661511e-01,1.422709496269245477e-01
3.427319375038091476e-01,1.421354428272453008e-01
3.425847838800780698e-01,1.419999961242875419e-01
3.424375745357937650e-01,1.418646099830111473e-01
3.422903090815011540e-01,1.417292848772816194e-01
3.421429871206441153e-01,1.415940212898248451e-01
3.419956082496454219e-01,1.414588197121759983e-01
3.418481720579923389e-01,1.413236806446244720e-01
3.417006781283271066e-01,1.411886045961502911e-01
3.415531260365438082e-01,1.410535920843564162e-01
3.414055153518913421e-01,1.409186436353943028e-01
3.412578456370822799e-01,1.407837597838825228e-01
3.411101164484082182e-01,1.406489410728183898e-01
3.409623273358609041e-01,1.405141880534830912e-01
3.408144778432621314e-01,1.403795012853385482e-01
3.406665675083975775e-01,1.402448813359181146e-01
3.405185958631611332e-01,1.401103287807071163e-01
3.403705624337038937e-01,1.399758442030182015e-01
3.402224667405914227e-01,1.398414281938555881e-01
3.400743082989693966e-01,1.397070813517726495e-01
3.399260866187360230e-01,1.395728042827197313e-01
3.397778012047228402e-01,1.394385975998826688e-01
3.396294515568842876e-01,1.393044619235137560e-01
3.394810371704932161e-01,1.391703978807503628e-01
3.393325575363482782e-01,1.390364061054270572e-01
3.391840121409863129e-01,1.389024872378747111e-01
3.390354004669059451e-01,1.387686419247118885e-01
3.388867219927979013e-01,1.386348708186249390e-01
3.387379761937855394e-01,1.385011745781374870e-01
3.385891625416731499e-01,1.383675538673694305e-01
3.384402805052040830e-01,1.382340093557856697e-01
3.382913295503264806e-01,1.381005417179329287e-01
3.381423091404700543e-01,1.379671516331664183e-01
3.379932187368290819e-01,1.378338397853650921e-01
3.378440577986567828e-01,1.377006068626348001e-01
3.376948257835670764e-01,1.375674535570016177e-01
3.375455221478458889e-01,1.374343805640926008e-01
3.373961463467715638e-01,1.373013885828056058e-01
3.372466978349427102e-01,1.371684783149674236e-01
3.370971760666162664e-01,1.370356504649806184e-01
3.369475804960532228e-01,1.369029057394582360e-01
3.367979105778724502e-01,1.367702448468489651e-01
3.366481657674140759e-01,1.366376684970485589e-01
3.364983455211084662e-01,1.365051774010013486e-01
3.363484492968559780e-01,1.363727722702905432e-01
3.361984765544118181e-01,1.362404538167175105e-01
3.360484267557792837e-01,1.361082227518694010e-01
3.358982993656109972e-01,1.359760797866776949e-01
3.357480938516140823e-01,1.358440256309642602e-01
3.355978096849652204e-01,1.357120609929793331e-01
3.354474463407289830e-01,1.355801865789278415e-01
3.352970032982833803e-01,1.354484030924873461e-01
3.351464800417499612e-01,1.353167112343154344e-01
3.349958760604299091e-01,1.351851117015501202e-01
3.348451908492426909e-01,1.350536051872990584e-01
3.346944239091703688e-01,1.349221923801233181e-01
3.345435747477047417e-01,1.347908739635113595e-01
3.343926428792972638e-01,1.346596506153473483e-01
3.342416278258117934e-01,1.345285230073717253e-01
3.340905291169790070e-01,1.343974918046363654e-01
3.339393462908518684e-01,1.342665576649537673e-01
3.337880788942625410e-01,1.341357212383411102e-01
3.336367264832784674e-01,1.340049831664607005e-01
3.334852886236589486e-01,1.338743440820560071e-01
3.333337648913093920e-01,1.337438046083849197e-01
3.331821548727347815e-01,1.336133653586507597e-01
3.330304581654901508e-01,1.334830269354317922e-01
3.328786743786275037e-01,1.333527899301095165e-01
3.327268031331404030e-01,1.332226549222975953e-01
3.325748440624008428e-01,1.330926224792709223e-01
3.324227968125954003e-01,1.329626931553965219e-01
3.322706610431502283e-01,1.328328674915668917e-01
3.321184364271537182e-01,1.327031460146367858e-01
3.319661226517693908e-01,1.325735292368637186e-01
3.318137194186405736e-01,1.324440176553536297e-01
3.316612264442870273e-01,1.323146117515132947e-01
3.315086434604913590e-01,1.321853119905079255e-01
3.313559702146760544e-01,1.320561188207280134e-01
3.312032064702677414e-01,1.319270326732648047e-01
3.310503520070510186e-01,1.317980539613936020e-01
3.308974066215095711e-01,1.316691830800698071e-01
3.307443701271542968e-01,1.315404204054352599e-01
3.305912423548364454e-01,1.314117662943368181e-01
3.304380231530491541e-01,1.312832210838589808e-01
3.302847123882102776e-01,1.311547850908693635e-01
3.301313099449325050e-01,1.310264586115810204e-01
3.299778157262756029e-01,1.308982419211285886e-01
3.298242296539831697e-01,1.307701352731631961e-01
3.296705516687010729e-01,1.306421388994634114e-01
3.295167817301778990e-01,1.305142530095659281e-01
3.293629198174486405e-01,1.303864777904139016e-01
3.292089659289979542e-01,1.302588134060269076e-01
3.290549200829052667e-01,1.301312599971905515e-01
3.289007823169712297e-01,1.300038176811677548e-01
3.287465526888211365e-01,1.298764865514322464e-01
3.285922312759932962e-01,1.297492666774242298e-01
3.284378181760020388e-01,1.296221581043301707e-01
3.282833135063836227e-01,1.294951608528856213e-01
3.281287174047204935e-01,1.293682749192029968e-01
3.279740300286432264e-01,1.292415002746236663e-01
3.278192515558139841e-01,1.291148368655950507e-01
3.276643821838867154e-01,1.289882846135745886e-01
3.275094221304479802e-01,1.288618434149574887e-01
3.273543716329367914e-01,1.287355131410328202e-01
3.271992309485411976e-01,1.286092936379640284e-01
3.270440003540776575e-01,1.284831847267974281e-01
3.268886801458472657e-01,1.283571862034962874e-01
3.267332706394725506e-01,1.282312978390021674e-01
3.265777721697139535e-01,1.281055193793227964e-01
3.264221850902667144e-01,1.279798505456460900e-01
3.262665097735374942e-01,1.278542910344810102e-01
3.261107466104032904e-01,1.277288405178251818e-01
3.259548960099494241e-01,1.276034986433571272e-01
3.257989583991923732e-01,1.274782650346561741e-01
3.256429342227811219e-01,1.273531392914459826e-01
3.254868239426839116e-01,1.272281209898641352e-01
3.253306280378576720e-01,1.271032096827563462e-01
3.251743470039007988e-01,1.269784048999944015e-01
3.250179813526898887e-01,1.268537061488175799e-01
3.248615316120038177e-01,1.267291129141973338e-01
3.247049983251304450e-01,1.266046246592240354e-01
3.245483820504624917e-01,1.264802408255157606e-01
3.243916833610787087e-01,1.263559608336473072e-01
3.242349028443143322e-01,1.262317840836001681e-01
3.240780411013186035e-01,1.261077099552307956e-01
3.239210987466037417e-01,1.259837378087586002e-01
3.237640764075816469e-01,1.258598669852706298e-01
3.236069747240936101e-01,1.257360968072428198e-01
3.234497943479308635e-01,1.256124265790785899e-01
3.232925359423478584e-01,1.254888555876598755e-01
3.231352001815681607e-01,1.253653831029140076e-01
3.229777877502866823e-01,1.252420083783924165e-01
3.228202993431639189e-01,1.251187306518616038e-01
3.226627356643186895e-01,1.249955491459044388e-01
3.225050974268157677e-01,1.248724630685320441e-01
3.223473853521516275e-01,1.247494716138031756e-01
3.221896001697381884e-01,1.246265739624524277e-01
3.220317426163860075e-01,1.245037692825245873e-01
3.218738134357865821e-01,1.243810567300144831e-01
3.217158133779953744e-01,1.242584354495109289e-01
3.215577431989165014e-01,1.241359045748453155e-01
3.213996036597891459e-01,1.240134632297413969e-01
3.212413955266764098e-01,1.238911105284671299e-01
3.210831195699582752e-01,1.237688455764869577e-01
3.209247765638280070e-01,1.236466674711131225e-01
3.207663672857934412e-01,1.235245753021555759e-01
3.206078925161839344e-01,1.234025681525696971e-01
3.204493530376625321e-01,1.232806450990998060e-01
3.202907496347461302e-01,1.231588052129197475e-01
3.201320830933306882e-01,1.230370475602664132e-01
3.199733542002259901e-01,1.229153712030687934e-01
3.198145637426973997e-01,1.227937751995691051e-01
3.196557125080160544e-01,1.226722586049371483e-01
3.194968012830187720e-01,1.225508204718756822e-01
3.193378308536777843e-01,1.224294598512167542e-01
3.191788020046781860e-01,1.223081757925084528e-01
3.190197155190080402e-01,1.221869673445910159e-01
3.188605721775576995e-01,1.220658335561621982e-01
3.187013727587296175e-01,1.219447734763310642e-01
3.185421180380605399e-01,1.218237861551587503e-01
3.183828087878531887e-01,1.217028706441883185e-01
3.182234457768211566e-01,1.215820259969596778e-01
3.180640297697446828e-01,1.214612512695125296e-01
3.179045615271376413e-01,1.213405455208748929e-01
3.177450418049281300e-01,1.212199078135368369e-01
3.175854713541496066e-01,1.210993372139108903e-01
3.174258509206447920e-01,1.209788327927770191e-01
3.172661812447819529e-01,1.208583936257125457e-01
3.171064630611830637e-01,1.207380187935075261e-01
3.169466970984640697e-01,1.206177073825640267e-01
3.167868840789878626e-01,1.204974584852808728e-01
3.166270247186290243e-01,1.203772712004219786e-01
3.164671197265503944e-01,1.202571446334699118e-01
3.163071698049932934e-01,1.201370778969639147e-01
3.161471756490762397e-01,1.200170701108211752e-01
3.159871379466090424e-01,1.198971204026443027e-01
3.158270573779173862e-01,1.197772279080123597e-01
3.156669346156767975e-01,1.196573917707565993e-01
3.155067703247618205e-01,1.195376111432214922e-01
3.153465651621022436e-01,1.194178851865104335e-01
3.151863197765535363e-01,1.192982130707161692e-01
3.150260348087758899e-01,1.191785939751375117e-01
3.148657108911245839e-01,1.190590270884806234e-01
3.147053486475510642e-01,1.189395116090467552e-01
3.145449486935129602e-01,1.188200467449058578e-01
3.143845116358941483e-01,1.187006317140561762e-01
3.142240380729353078e-01,1.185812657445709101e-01
3.140635285941724142e-01,1.184619480747315795e-01
3.139029837803847256e-01,1.183426779531484702e-01
3.137424042035519278e-01,1.182234546388690327e-01
3.135817904268181078e-01,1.181042774014735425e-01
3.134211430044664959e-01,1.179851455211595318e-01
3.132604624818994821e-01,1.178660582888146346e-01
3.130997493956269029e-01,1.177470150060780651e-01
3.129390042732629329e-01,1.176280149853921875e-01
3.127782276335280276e-01,1.175090575500425671e-01
3.126174199862581937e-01,1.173901420341891683e-01
3.124565818324218092e-01,1.172712677828872813e-01
3.122957136641404952e-01,1.171524341520994716e-01
3.121348159647174825e-01,1.170336405086991188e-01
3.119738892086701409e-01,1.169148862304643377e-01
3.118129338617695034e-01,1.167961707060650861e-01
3.116519503810825653e-01,1.166774933350419458e-01
3.114909392150213563e-01,1.165588535277773258e-01
3.113299008033948989e-01,1.164402507054605324e-01
3.111688355774659964e-01,1.163216843000451362e-01
3.110077439600120175e-01,1.162031537542010384e-01
3.108466263653887340e-01,1.160846585212599175e-01
3.106854831995983224e-01,1.159661980651557345e-01
3.105243148603601400e-01,1.158477718603597995e-01
3.103631217371839446e-01,1.157293793918102304e-01
3.102019042114465552e-01,1.156110201548382205e-01
3.100406626564707890e-01,1.154926936550890321e-01
3.098793974376057303e-01,1.153743994084395624e-01
3.097181089123111075e-01,1.152561369409118019e-01
3.095567974302404490e-01,1.151379057885836971e-01
3.093954633333290127e-01,1.150197054974963357e-01
3.092341069558804389e-01,1.149015356235587176e-01
3.090727286246568450e-01,1.147833957324497361e-01
3.089113286589682539e-01,1.146652853995186738e-01
3.087499073707639097e-01,1.145472042096826737e-01
3.085884650647240934e-01,1.144291517573233080e-01
3.084270020383518274e-01,1.143111276461814541e-01
3.082655185820656896e-01,1.141931314892508653e-01
3.081040149792939054e-01,1.140751629086708963e-01
3.079424915065649970e-01,1.139572215356177143e-01
3.077809484336029300e-01,1.138393070101960530e-01
3.076193860234186506e-01,1.137214189813298137e-01
3.074578045324027897e-01,1.136035571066522643e-01
3.072962042104183111e-01,1.134857210523971122e-01
3.071345853008910498e-01,1.133679104932884402e-01
3.069729480409015832e-01,1.132501251124321817e-01
3.068112926612750480e-01,1.131323646012070278e-01
3.066496193866704023e-01,1.130146286591566518e-01
3.064879284356692990e-01,1.128969169938825873e-01
3.063262200208630714e-01,1.127792293209372854e-01
3.061644943489392756e-01,1.126615653637190601e-01
3.060027516207675102e-01,1.125439248533676578e-01
3.058409920314821284e-01,1.124263075286613262e-01
3.056792157705662261e-01,1.123087131359151170e-01
3.055174230219325215e-01,1.121911414288806197e-01
3.053556139640025702e-01,1.120735921686472070e-01
3.051937887697867557e-01,1.119560651235451398e-01
3.050319476069590641e-01,1.118385600690501441e-01
3.048700906379347986e-01,1.117210767876903182e-01
3.047082180199421897e-01,1.116036150689540957e-01
3.045463299050956696e-01,1.114861747092008859e-01
3.043844264404655386e-01,1.113687555115733530e-01
3.042225077681470768e-01,1.112513572859122890e-01
3.040605740253268796e-01,1.111339798486730424e-01
3.038986253443478613e-01,1.110166230228445405e-01
3.037366618527725937e-01,1.108992866378705339e-01
3.035746836734445342e-01,1.107819705295730039e-01
3.034126909245471460e-01,1.106646745400780146e-01
3.032506837196613514e-01,1.105473985177446022e-01
3.030886621678218207e-01,1.104301423170945956e-01
3.029266263735689302e-01,1.103129057987466688e-01
3.027645764370023307e-01,1.101956888293517123e-01
3.026025124538281874e-01,1.100784912815313682e-01
3.024404345154091955e-01,1.099613130338191191e-01
3.022783427088081565e-01,1.098441539706034448e-01
3.021162371168326644e-01,1.097270139820744478e-01
3.019541178180757957e-01,1.096098929641726727e-01
3.017919848869556887e-01,1.094927908185405613e-01
3.016298383937534577e-01,1.093757074524770861e-01
3.014676784046479985e-01,1.092586427788945769e-01
3.013055049817482955e-01,1.091415967162788075e-01
3.011433181831258965e-01,1.090245691886515961e-01
3.009811180628431115e-01,1.089075601255361236e-01
3.008189046709799364e-01,1.087905694619257652e-01
3.006566780536584216e-01,1.086735971382545990e-01
3.004944382530660985e-01,1.085566431003719273e-01
3.003321853074755188e-01,1.084397072995188505e-01
3.001699192512629621e-01,1.083227896923084771e-01
3.000076401149245897e-01,1.082058902407085493e-01
2.998453479250905440e-01,1.080890089120269681e-01
2.996830427045364953e-01,1.079721456789006634e-01
2.995207244721932449e-01,1.078553005192870728e-01
2.993583932431547745e-01,1.077384734164587299e-01
2.991960490286832419e-01,1.076216643590012789e-01
2.990336918362116458e-01,1.075048733408135171e-01
2.988713216693456021e-01,1.073881003611115298e-01
2.987089385278617337e-01,1.072713454244353937e-01
2.985465424077034524e-01,1.071546085406585719e-01
2.983841333009767394e-01,1.070378897250016392e-01
2.982217111959412081e-01,1.069211889980474506e-01
2.980592760770000571e-01,1.068045063857610000e-01
2.978968279246880235e-01,1.066878419195111810e-01
2.977343667156561180e-01,1.065711956360966828e-01
2.975718924226560258e-01,1.064545675777744949e-01
2.974094050145199009e-01,1.063379577922917568e-01
2.972469044561385498e-01,1.062213663329210217e-01
2.970843907084394497e-01,1.061047932584983366e-01
2.969218637283588813e-01,1.059882386334651538e-01
2.967593234688156167e-01,1.058717025279132667e-01
2.965967698786778906e-01,1.057551850176327024e-01
2.964342029027335346e-01,1.056386861841636243e-01
2.962716224816518418e-01,1.055222061148511359e-01
2.961090285519479282e-01,1.054057449029033589e-01
2.959464210459430422e-01,1.052893026474538141e-01
2.957837998917205447e-01,1.051728794536253980e-01
2.956211650130834978e-01,1.050564754326000216e-01
2.954585163295062600e-01,1.049400907016898449e-01
2.952958537560859131e-01,1.048237253844129940e-01
2.951331772034908596e-01,1.047073796105727900e-01
2.949704865779064766e-01,1.045910535163395577e-01
2.948077817809783285e-01,1.044747472443372655e-01
2.946450627097549346e-01,1.043584609437324950e-01
2.944823292566245976e-01,1.042421947703278534e-01
2.943195813092542301e-01,1.041259488866587007e-01
2.941568187505216869e-01,1.040097234620929734e-01
2.939940414584484296e-01,1.038935186729352672e-01
2.938312493061288055e-01,1.037773347025341686e-01
2.936684421616575502e-01,1.036611717413933736e-01
2.935056198880534595e-01,1.035450299872859165e-01
2.933427823431831172e-01,1.034289096453729351e-01
2.931799293796800709e-01,1.033128109283250329e-01
2.930170608448630643e-01,1.031967340564478031e-01
2.928541765806514374e-01,1.030806792578109893e-01
2.926912764234783082e-01,1.029646467683805744e-01
2.925283602042018094e-01,1.028486368321557126e-01
2.923654277480135510e-01,1.027326497013074241e-01
2.922024788743461943e-01,1.026166856363226743e-01
2.920395133967760293e-01,1.025007449061501458e-01
2.918765311229278847e-01,1.023848277883509239e-01
2.917135318543733757e-01,1.022689345692519708e-01
2.915505153865306509e-01,1.021530655441025559e-01
2.913874815085601977e-01,1.020372210172348221e-01
2.912244300032591493e-01,1.019214013022268356e-01
2.910613606469548142e-01,1.018056067220694250e-01
2.908982732093950974e-01,1.016898376093357953e-01
2.907351674536381436e-01,1.015740943063539736e-01
2.905720431359393729e-01,1.014583771653827238e-01
2.904089000056386261e-01,1.013426865487896955e-01
2.902457378050445347e-01,1.012270228292328211e-01
2.900825562693182813e-01,1.011113863898440157e-01
2.899193551263555824e-01,1.009957776244150840e-01
2.897561340966690047e-01,1.008801969375867080e-01
2.895928928932667290e-01,1.007646447450390725e-01
2.894296312215338118e-01,1.006491214736842943e-01
2.892663487791107824e-01,1.005336275618614883e-01
2.891030452557714070e-01,1.004181634595326111e-01
2.889397203333013975e-01,1.003027296284806635e-01
2.887763736853768970e-01,1.001873265425081705e-01
2.886130049774415229e-01,1.000719546876374100e-01
2.884496138665858522e-01,9.995661456231150210e-02
2.882862000014253523e-01,9.984130667759516520e-02
2.881227630219802549e-01,9.972603155737649883e-02
2.879593025595554301e-01,9.961078973856898888e-02
2.877958182366228135e-01,9.949558177131218040e-02
2.876323096667031676e-01,9.938040821917246137e-02
2.874687764542513957e-01,9.926526965934298619e-02
2.873052181945420225e-01,9.915016668284137857e-02
2.871416344735587822e-01,9.903509989470693498e-02
2.869780248678852619e-01,9.892006991419480255e-02
2.868143889445993189e-01,9.880507737496824205e-02
2.866507262611689422e-01,9.869012292528747676e-02
2.864870363653545526e-01,9.857520722819598791e-02
2.863233187951118031e-01,9.846033096170189736e-02
2.861595730785010394e-01,9.834549481895615841e-02
2.859957987336004814e-01,9.823069950842555631e-02
2.858319952684237331e-01,9.811594575405974128e-02
2.856681621808432880e-01,9.800123429545354314e-02
2.855042989585201418e-01,9.788656588800262459e-02
2.853404050788385660e-01,9.777194130305133513e-02
2.851764800088483764e-01,9.765736132803434777e-02
2.850125232052136415e-01,9.754282676660910867e-02
2.848485341141689386e-01,9.742833843877965472e-02
2.846845121714837723e-01,9.731389718101221553e-02
2.845204568024355396e-01,9.719950384633871399e-02
2.843563674217906012e-01,9.708515930445146824e-02
2.841922434337957881e-01,9.697086444178534825e-02
2.840280842321788457e-01,9.685662016158799736e-02
2.838638892001592029e-01,9.674242738397753616e-02
2.836996577104706763e-01,9.662828704598666607e-02
2.835353891253939995e-01,9.651420010159206253e-02
2.833710827968024537e-01,9.640016752172916870e-02
2.832067380662189326e-01,9.628619029429094645e-02
2.830423542648859425e-01,9.617226942411036261e-02
2.828779307138499233e-01,9.605840593292483409e-02
2.827134667240578381e-01,9.594460085932399185e-02
2.825489615964695278e-01,9.583085525867651722e-02
2.823844146221834994e-01,9.571717020303985302e-02
2.822198250825790899e-01,9.560354678104643344e-02
2.820551922494740071e-01,9.548998609777212265e-02
2.818905153852983569e-01,9.537648927457981207e-02
2.817257937432839920e-01,9.526305744894209004e-02
2.815610265676725676e-01,9.514969177423959756e-02
2.813962130939405282e-01,9.503639341953551423e-02
2.812313525490410249e-01,9.492316356932525845e-02
2.810664441516655399e-01,9.481000342326062480e-02
2.809014871125231627e-01,9.469691419584691516e-02
2.807364806346383523e-01,9.458389711611414619e-02
2.805714239136687382e-01,9.447095342726047340e-02
2.804063161382418512e-01,9.435808438626677730e-02
2.802411564903122265e-01,9.424529126348393793e-02
2.800759441455359378e-01,9.413257534218924527e-02
2.799106782736681120e-01,9.401993791811469325e-02
2.797453580389784866e-01,9.390738029894379890e-02
2.795799826006884481e-01,9.379490380377888958e-02
2.794145511134262239e-01,9.368250976257733176e-02
2.792490627277044446e-01,9.357019951555603510e-02
2.790835165904159143e-01,9.345797441256506466e-02
2.789179118453505857e-01,9.334583581243002803e-02
2.787522476337316313e-01,9.323378508226154437e-02
2.785865230947708882e-01,9.312182359673495946e-02
2.784207373662437313e-01,9.300995273733592139e-02
2.782548895850831538e-01,9.289817389157650762e-02
2.780889788879916669e-01,9.278648845217865593e-02
2.779230044120714616e-01,9.267489781622681444e-02
2.777569652954728907e-01,9.256340338428978298e-02
2.775908606780583820e-01,9.245200655951163471e-02
2.774246897020836156e-01,9.234070874667293927e-02
2.772584515128940219e-01,9.222951135122275934e-02
2.770921452596371570e-01,9.211841577828153160e-02
2.769257700959868451e-01,9.200742343161605330e-02
2.767593251808822541e-01,9.189653571258735165e-02
2.765928096792794055e-01,9.178575401907185238e-02
2.764262227629125102e-01,9.167507974435806783e-02
2.762595636110661834e-01,9.156451427601869364e-02
2.760928314113569870e-01,9.145405899475964051e-02
2.759260253605229085e-01,9.134371527324774975e-02
2.757591446652176148e-01,9.123348447491830271e-02
2.755921885428137541e-01,9.112336795276324009e-02
2.754251562222072014e-01,9.101336704810283895e-02
2.752580469446250233e-01,9.090348308934181887e-02
2.750908599644348307e-01,9.079371739071073755e-02
2.749235945499544087e-01,9.068407125099658961e-02
2.747562499842591821e-01,9.057454595226271943e-02
2.745888255659861832e-01,9.046514275856062937e-02
2.744213206101353553e-01,9.035586291463609809e-02
2.742537344488615303e-01,9.024670764463055272e-02
2.740860664322618545e-01,9.013767815078219114e-02
2.739183159291511127e-01,9.002877561212621615e-02
2.737504823278286148e-01,8.992000118319812274e-02
2.735825650368304829e-01,8.981135599274372994e-02
2.734145634856683937e-01,8.970284114243390339e-02
2.732464771255536662e-01,8.959445770559257283e-02
2.730783054301016421e-01,8.948620672593446401e-02
2.729100478960201359e-01,8.937808921631973380e-02
2.727417040437746243e-01,8.927010615752531408e-02
2.725732734182331751e-01,8.916225849703623973e-02
2.724047555892875616e-01,8.905454714785954184e-02
2.722361501524487859e-01,8.894697298736414792e-02
2.720674567294167900e-01,8.883953685614665030e-02
2.718986749686234661e-01,8.873223955692954856e-02
2.717298045457439692e-01,8.862508185348910716e-02
2.715608451641808307e-01,8.851806446962109942e-02
2.713917965555142087e-01,8.841118808814216190e-02
2.712226584799214413e-01,8.830445334993125561e-02
2.710534307265611842e-01,8.819786085301364875e-02
2.708841131139251845e-01,8.809141115168872549e-02
2.707147054901519190e-01,8.798510475570359146e-02
2.705452077333061478e-01,8.787894212947613970e-02
2.703756197516200555e-01,8.777292369136777128e-02
2.702059414836973095e-01,8.766704981300835198e-02
2.700361728986794829e-01,8.756132081867551431e-02
2.698663139963718982e-01,8.745573698472899893e-02
2.696963648073323339e-01,8.735029853910258879e-02
2.695263253929203184e-01,8.724500566085405251e-02
2.693561958453046801e-01,8.713985847977545607e-02
2.691859762874345141e-01,8.703485707606395394e-02
2.690156668729692391e-01,8.693000148005419758e-02
2.688452677861682405e-01,8.682529167201466502e-02
2.686747792417435998e-01,8.672072758200555231e-02
2.685042014846715785e-01,8.661630908980230692e-02
2.683335347899678536e-01,8.651203602488286015e-02
2.681627794624227845e-01,8.640790816647900274e-02
2.679919358363005433e-01,8.630392524369323581e-02
2.678210042750013287e-01,8.620008693567982050e-02
2.676499851706873878e-01,8.609639287188972090e-02
2.674788789438747316e-01,8.599284263238060610e-02
2.673076860429890456e-01,8.588943574818902471e-02
2.671364069438906252e-01,8.578617170176577877e-02
2.669650421493657833e-01,8.568304992747338700e-02
2.667935921885883355e-01,8.558006981214361097e-02
2.666220576165503342e-01,8.547723069569537757e-02
2.664504390134654344e-01,8.537453187181040515e-02
2.662787369841449481e-01,8.527197258866581198e-02
2.661069521573476981e-01,8.516955204972234683e-02
2.659350851851066122e-01,8.506726941456527191e-02
2.657631367420319468e-01,8.496512379979875851e-02
2.655911075245926400e-01,8.486311427998780021e-02
2.654189982503799006e-01,8.476123988864953107e-02
2.652468096573501466e-01,8.465949961928923018e-02
2.650745425030532343e-01,8.455789242648004134e-02
2.649021975638453652e-01,8.445641722698399301e-02
2.647297756340876163e-01,8.435507290091023846e-02
2.645572775253342002e-01,8.425385829291090478e-02
2.643847040655089020e-01,8.415277221340924929e-02
2.642120560980753541e-01,8.405181343985965170e-02
2.640393344811973741e-01,8.395098071803505646e-02
2.638665400868968614e-01,8.385027276334039437e-02
2.636936738002052527e-01,8.374968826214870821e-02
2.635207365183154238e-01,8.364922587315726243e-02
2.633477291497305917e-01,8.354888422876169396e-02
2.631746526134151609e-01,8.344866193644348562e-02
2.630015078379479565e-01,8.334855758017051253e-02
2.628282957606776771e-01,8.324856972180616488e-02
2.626550173268858979e-01,8.314869690252527090e-02
2.624816734889531267e-01,8.304893764423318392e-02
2.623082652055358510e-01,8.294929045098722864e-02
2.621347934407504132e-01,8.284975381041512210e-02
2.619612591633667664e-01,8.275032619513078558e-02
2.617876633460150537e-01,8.265100606414346740e-02
2.616140069644030119e-01,8.255179186425770643e-02
2.614402909965479749e-01,8.245268203146238761e-02
2.612665164220211445e-01,8.235367499230650257e-02
2.610926842212097920e-01,8.225476916525928384e-02
2.609187953745927824e-01,8.215596296205279758e-02
2.607448508620350269e-01,8.205725478900474656e-02
2.605708516620990900e-01,8.195864304832015113e-02
2.603967987513732263e-01,8.186012613936929916e-02
2.602226931038212343e-01,8.176170245994093810e-02
2.600485356901494072e-01,8.166337040746890485e-02
2.598743274771945222e-01,8.156512838023069478e-02
2.597000694273321475e-01,8.146697477851611024e-02
2.595257624979047661e-01,8.136890800576640492e-02
2.593514076406724378e-01,8.127092646967962186e-02
2.591770058012833888e-01,8.117302858328503956e-02
2.590025579187668625e-01,8.107521276598209092e-02
2.588280649250482846e-01,8.097747744454558694e-02
2.586535277444842462e-01,8.087982105409477485e-02
2.584789472934219123e-01,8.078224203902661937e-02
2.583043244797778026e-01,8.068473885391244660e-02
2.581296602026409426e-01,8.058730996435703453e-02
2.579549553518956650e-01,8.048995384782145490e-02
2.577802108078670051e-01,8.039266899440628000e-02
2.576054274409879108e-01,8.029545390759934564e-02
2.574306061114861599e-01,8.019830710498365711e-02
2.572557476690954248e-01,8.010122711890871328e-02
2.570808529527834341e-01,8.000421249712394434e-02
2.569059227905028386e-01,7.990726180337384688e-02
2.567309579989622281e-01,7.981037361795673135e-02
2.565559593834154106e-01,7.971354653824705427e-02
2.563809277374721196e-01,7.961677917917953096e-02
2.562058638429259849e-01,7.952007017369927544e-02
2.560307684696020436e-01,7.942341817317516428e-02
2.558556423752212372e-01,7.932682184777883894e-02
2.556804863052843935e-01,7.923027988683001288e-02
2.555053009929714736e-01,7.913379099910664016e-02
2.553300871590584720e-01,7.903735391312535774e-02
2.551548455118497483e-01,7.894096737738628966e-02
2.549795767471264019e-01,7.884463016059004015e-02
2.548042815481101897e-01,7.874834105182201838e-02
2.546289605854401006e-01,7.865209886070903544e-02
2.544536145171655273e-01,7.855590241754667469e-02
2.542782439887504298e-01,7.845975057339887870e-02
2.541028496330914876e-01,7.836364220017147386e-02
2.539274320705490195e-01,7.826757619066027072e-02
2.537519919089878950e-01,7.817155145857393461e-02
2.535765297438326571e-01,7.807556693853309748e-02
2.534010461581290841e-01,7.797962158604790361e-02
2.532255417226201843e-01,7.788371437747229620e-02
2.530500169958284085e-01,7.778784430993909704e-02
2.528744725241491853e-01,7.769201040127457492e-02
2.526989088419516194e-01,7.759621168989433437e-02
2.525233264716877923e-01,7.750044723468177410e-02
2.523477259240091697e-01,7.740471611484950332e-02
2.521721076978902243e-01,7.730901742978510405e-02
2.519964722807588320e-01,7.721335029888223844e-02
2.518208201486323849e-01,7.711771386135715667e-02
2.516451517662591786e-01,7.702210727605249274e-02
2.514694675872659602e-01,7.692652972122937527e-02
2.512937680543084196e-01,7.683098039434752002e-02
2.511180535992279528e-01,7.673545851183516397e-02
2.509423246432112564e-01,7.663996330884959018e-02
2.507665815969527534e-01,7.654449403902857663e-02
2.505908248608212374e-01,7.644904997423365711e-02
2.504150548250289043e-01,7.635363040428680415e-02
2.502392718698018270e-01,7.625823463669959001e-02
2.500634763655542603e-01,7.616286199639732413e-02
2.498876686730624463e-01,7.606751182543772249e-02
2.497118491436410848e-01,7.597218348272485877e-02
2.495360181193213289e-01,7.587687634371947931e-02
2.493601759330272005e-01,7.578158980014607082e-02
2.491843229087561951e-01,7.568632325969720798e-02
2.490084593617561126e-01,7.559107614573545852e-02
2.488325855987044699e-01,7.549584789699409493e-02
2.486567019178873572e-01,7.540063796727616841e-02
2.484808086093766577e-01,7.530544582515355523e-02
2.483049059552079330e-01,7.521027095366514259e-02
2.481289942295563933e-01,7.511511285001590266e-02
2.479530736989126183e-01,7.501997102527577233e-02
2.477771446222561680e-01,7.492484500408039261e-02
2.476012072512285278e-01,7.482973432433262517e-02
2.474252618303044160e-01,7.473463853690551217e-02
2.472493085969614812e-01,7.463955720534862226e-02
2.470733477818470303e-01,7.454448990559447985e-02
2.468973796089446449e-01,7.444943622566982389e-02
2.467214042957374120e-01,7.435439576540761597e-02
2.465454220533697949e-01,7.425936813616362819e-02
2.463694330868069771e-01,7.416435296053602855e-02
2.461934375949914322e-01,7.406934987208710353e-02
2.460174357709981330e-01,7.397435851507036531e-02
2.458414278021862631e-01,7.387937854415999039e-02
2.456654138703494028e-01,7.378440962418544857e-02
2.454893941518627165e-01,7.368945142986918495e-02
2.453133688178266991e-01,7.359450364556871516e-02
2.451373380342102837e-01,7.349956596502321693e-02
2.449613019619889809e-01,7.340463809110409077e-02
2.447852607572826855e-01,7.330971973557040555e-02
2.446092145714887922e-01,7.321481061882875729e-02
2.444331635514133683e-01,7.311991046969698593e-02
2.442571078394001616e-01,7.302501902517327670e-02
2.440810475734559726e-01,7.293013603020953584e-02
2.439049828873736114e-01,7.283526123748940151e-02
2.437289139108528846e-01,7.274039440721097316e-02
2.435528407696174180e-01,7.264553530687389848e-02
2.433767635855300093e-01,7.255068371107181724e-02
2.432006824767048991e-01,7.245583940128833000e-02
2.430245975576171558e-01,7.236100216569904542e-02
2.428485089392101726e-01,7.226617179897643073e-02
2.426724167289994460e-01,7.217134810210096285e-02
2.424963210311743000e-01,7.207653088217574888e-02
2.423202219466980001e-01,7.198171995224561526e-02
2.421441195734033713e-01,7.188691513112160925e-02
2.419680140060880558e-01,7.179211624320883112e-02
2.417919053366052728e-01,7.169732311833887373e-02
2.416157936539540807e-01,7.160253559160700831e-02
2.414396790443657792e-01,7.150775350321322832e-02
2.412635615913886755e-01,7.141297669830740102e-02
2.410874413759710178e-01,7.131820502683874907e-02
2.409113184765399596e-01,7.122343834340932878e-02
2.407351929690805803e-01,7.112867650713119994e-02
2.405590649272108528e-01,7.103391938148795326e-02
2.403829344222555009e-01,7.093916683419959623e-02
2.402068015233176645e-01,7.084441873709185211e-02
2.400306662973479277e-01,7.074967496596831773e-02
2.398545288092120975e-01,7.065493540048659038e-02
2.396783891217564855e-01,7.056019992403866903e-02
2.395022472958717452e-01,7.046546842363321517e-02
2.393261033905544344e-01,7.037074078978292069e-02
2.391499574629666891e-01,7.027601691639387416e-02
2.389738095684947328e-01,7.018129670065886838e-02
2.387976597608049423e-01,7.008658004295365007e-02
2.386215080918983600e-01,6.999186684673622261e-02
2.384453546121644563e-01,6.989715701844972928e-02
2.382691993704314781e-01,6.980245046742686310e-02
2.380930424140171864e-01,6.970774710579885625e-02
2.379168837887763732e-01,6.961304684840607937e-02
2.377407235391482687e-01,6.951834961271186053e-02
2.375645617082017269e-01,6.942365531871891315e-02
2.373883983376786910e-01,6.932896388888806771e-02
2.372122334680376310e-01,6.923427524805988997e-02
2.370360671384938722e-01,6.913958932337851970e-02
2.368598993870600633e-01,6.904490604421806288e-02
2.366837302505848672e-01,6.895022534211109333e-02
2.365075597647898487e-01,6.885554715067940257e-02
2.363313879643064441e-01,6.876087140556724764e-02
2.361552148827105180e-01,6.866619804437631980e-02
2.359790405525563628e-01,6.857152700660296141e-02
2.358028650054100617e-01,6.847685823357765877e-02
2.356266882718808242e-01,6.838219166840589502e-02
2.354505103816517120e-01,6.828752725591122341e-02
2.352743313635097533e-01,6.819286494258031128e-02
2.350981512453746980e-01,6.809820467650948284e-02
2.349219700543267175e-01,6.800354640735320477e-02
2.347457878166336331e-01,6.790889008627393197e-02
2.345696045577767563e-01,6.781423566589414587e-02
2.343934203024765073e-01,6.771958310024911443e-02
2.342172350747162013e-01,6.762493234474201143e-02
2.340410488977666126e-01,6.753028335610036792e-02
2.338648617942078456e-01,6.743563609233296785e-02
2.336886737859522889e-01,6.734099051268971348e-02
2.335124848942650433e-01,6.724634657762162959e-02
2.333362951397854879e-01,6.715170424874258859e-02
2.331601045425469310e-01,6.705706348879239553e-02
2.329839131219956783e-01,6.696242426160098349e-02
2.328077208970101564e-01,6.686778653205349698e-02
2.326315278859184543e-01,6.677315026605690207e-02
2.324553341065163370e-01,6.667851543050787311e-02
2.322791395760840649e-01,6.658388199326129020e-02
2.321029443114022428e-01,6.648924992309956927e-02
2.319267483287679732e-01,6.639461918970401832e-02
2.317505516440102609e-01,6.629998976362599938e-02
2.315743542725045012e-01,6.620536161625978355e-02
2.313981562291869132e-01,6.611073471981612770e-02
2.312219575285683060e-01,6.601610904729640628e-02
2.310457581847472353e-01,6.592148457246782556e-02
2.308695582114232703e-01,6.582686126984005348e-02
2.306933576219090121e-01,6.573223911464134983e-02
2.305171564291427500e-01,6.563761808279669485e-02
2.303409546456995638e-01,6.554299815090564030e-02
2.301647522838027871e-01,6.544837929622213113e-02
2.299885493553349980e-01,6.535376149663346679e-02
2.298123458718483447e-01,6.525914473064103882e-02
2.296361418445750924e-01,6.516452897734187344e-02
2.294599372844372542e-01,6.506991421640928586e-02
2.292837322020559176e-01,6.497530042807653228e-02
2.291075266077608197e-01,6.488068759311843570e-02
2.289313205115989514e-01,6.478607569283548195e-02
2.287551139233435782e-01,6.469146470903797130e-02
2.285789068525021228e-01,6.459685462403003120e-02
2.284026993083243806e-01,6.450224542059501687e-02
2.282264912998104578e-01,6.440763708198096738e-02
2.280502828357179324e-01,6.431302959188658908e-02
2.278740739245698754e-01,6.421842293444754435e-02
2.276978645746609298e-01,6.412381709422376730e-02
2.275216547940648315e-01,6.402921205618644640e-02
2.273454445906407384e-01,6.393460780570567326e-02
2.271692339720394749e-01,6.384000432853903506e-02
2.269930229457103044e-01,6.374540161081995726e-02
2.268168115189061473e-01,6.365079963904635152e-02
2.266405996986896876e-01,6.355619840007023513e-02
2.264643874919389788e-01,6.346159788108718391e-02
2.262881749053526348e-01,6.336699806962631243e-02
2.261119619454556862e-01,6.327239895354058730e-02
2.259357486186037989e-01,6.317780052099752908e-02
2.257595349309884369e-01,6.308320276046980313e-02
2.255833208886420527e-01,6.298860566072661538e-02
2.254071064974422223e-01,6.289400921082546891e-02
2.252308917631158369e-01,6.279941340010317119e-02
2.250546766912442653e-01,6.270481821816895063e-02
2.248784612872665734e-01,6.261022365489549157e-02
2.247022455564842980e-01,6.251562970041268930e-02
2.245260295040645004e-01,6.242103634509929555e-02
2.243498131350441793e-01,6.232644357957653480e-02
2.241735964543341286e-01,6.223185139470166494e-02
2.239973794667216300e-01,6.213725978156042773e-02
2.238211621768744497e-01,6.204266873146152550e-02
2.236449445893440302e-01,6.194807823593029283e-02
2.234687267085685991e-01,6.185348828670225729e-02
2.232925085388764719e-01,6.175889887571850423e-02
2.231162900844887720e-01,6.166430999511871014e-02
2.229400713495226505e-01,6.156972163723647973e-02
2.227638523379936730e-01,6.147513379459440541e-02
2.225876330538189840e-01,6.138054645989848845e-02
2.224114135008197490e-01,6.128595962603308744e-02
2.222351936827236807e-01,6.119137328605692150e-02
2.220589736031674533e-01,6.109678743319754690e-02
2.218827532656994506e-01,6.100220206084772112e-02
2.217065326737812925e-01,6.090761716256049008e-02
2.215303118307914154e-01,6.081303273204557991e-02
2.213540907400257385e-01,6.071844876316448425e-02
2.211778694047007443e-01,6.062386524992771641e-02
2.210016478279553664e-01,6.052928218649000769e-02
2.208254260128524882e-01,6.043469956714678237e-02
2.206492039623817181e-01,6.034011738633138222e-02
2.204729816794603892e-01,6.024553563861048677e-02
2.202967591669358904e-01,6.015095431868169862e-02
2.201205364275870546e-01,6.005637342136974088e-02
2.199443134641262121e-01,5.996179294162329310e-02
2.197680902792006064e-01,5.986721287451288176e-02
2.195918668753939207e-01,5.977263321522649497e-02
2.194156432552279989e-01,5.967805395906772281e-02
2.192394194211641223e-01,5.958347510145273196e-02
2.190631953756045913e-01,5.948889663790726812e-02
2.188869711208941971e-01,5.939431856406512944e-02
2.187107466593214422e-01,5.929974087566386443e-02
2.185345219931195959e-01,5.920516356854410578e-02
2.183582971244686088e-01,5.911058663864643403e-02
2.181820720554955850e-01,5.901601008200876852e-02
2.180058467882768081e-01,5.892143389476478532e-02
2.178296213248380464e-01,5.882685807314128046e-02
2.176533956671561909e-01,5.873228261345664336e-02
2.174771698171603096e-01,5.863770751211816457e-02
2.173009437767322860e-01,5.854313276562078672e-02
2.171247175477086511e-01,5.844855837054452330e-02
2.169484911318804166e-01,5.835398432355334841e-02
2.167722645309951568e-01,5.825941062139275428e-02
2.165960377467570086e-01,5.816483726088861328e-02
2.164198107808283367e-01,5.807026423894492972e-02
2.162435836348302054e-01,5.797569155254286843e-02
2.160673563103429895e-01,5.788111919873886735e-02
2.158911288089075398e-01,5.778654717466305546e-02
2.157149011320261822e-01,5.769197547751789279e-02
2.155386732811624406e-01,5.759740410457694915e-02
2.153624452577430903e-01,5.750283305318326654e-02
2.151862170631581861e-01,5.740826232074819346e-02
2.150099886987616449e-01,5.731369190475005260e-02
2.148337601658719676e-01,5.721912180273294735e-02
2.146575314657731270e-01,5.712455201230562385e-02
2.144813025997151790e-01,5.702998253114033300e-02
2.143050735689144004e-01,5.693541335697147043e-02
2.141288443745544001e-01,5.684084448759468833e-02
2.139526150177863961e-01,5.674627592086606276e-02
2.137763854997296875e-01,5.665170765470076142e-02
2.136001558214724316e-01,5.655713968707271055e-02
2.134239259840720881e-01,5.646257201601215248e-02
2.132476959885554746e-01,5.636800463960695007e-02
2.130714658359198210e-01,5.627343755599970021e-02
2.128952355271327423e-01,5.617887076338817787e-02
2.127190050631330709e-01,5.608430426002444791e-02
2.125427744448311618e-01,5.598973804421306100e-02
2.123665436731087264e-01,5.589517211431171972e-02
2.121903127488202756e-01,5.580060646872955776e-02
2.120140816727921762e-01,5.570604110592686231e-02
2.118378504458243994e-01,5.561147602441460225e-02
2.116616190686899102e-01,5.551691122275362322e-02
2.114853875421349449e-01,5.542234669955339865e-02
2.113091558668798720e-01,5.532778245347297341e-02
2.111329240436191912e-01,5.523321848321890992e-02
2.109566920730219231e-01,5.513865478754584326e-02
2.107804599557314140e-01,5.504409136525531543e-02
2.106042276923663081e-01,5.494952821519563657e-02
2.104279952835203249e-01,5.485496533626160742e-02
2.102517627297623704e-01,5.476040272739340908e-02
2.100755300316372864e-01,5.466584038757724140e-02
2.098992971896653792e-01,5.457127831584385191e-02
2.097230642043431958e-01,5.447671651126950731e-02
2.095468310761431086e-01,5.438215497297416157e-02
2.093705978055140360e-01,5.428759370012201102e-02
2.091943643928814989e-01,5.419303269192179973e-02
2.090181308386471759e-01,5.409847194762515410e-02
2.088418971431898474e-01,5.400391146652760987e-02
2.086656633068648403e-01,5.390935124796747413e-02
2.084894293300043888e-01,5.381479129132638040e-02
2.083131952129181064e-01,5.372023159602878906e-02
2.081369609558922362e-01,5.362567216154168204e-02
2.079607265591904286e-01,5.353111298737472934e-02
2.077844920230534631e-01,5.343655407308037231e-02
2.076082573476991100e-01,5.334199541825296320e-02
2.074320225333230738e-01,5.324743702252943134e-02
2.072557875800976057e-01,5.315287888558928309e-02
2.070795524881726690e-01,5.305832100715393573e-02
2.069033172576753565e-01,5.296376338698755015e-02
2.067270818887100847e-01,5.286920602489608711e-02
2.065508463813586215e-01,5.277464892072855629e-02
2.063746107356798087e-01,5.268009207437598929e-02
2.061983749517096176e-01,5.258553548577213355e-02
2.060221390294613153e-01,5.249097915489356336e-02
2.058459029689248543e-01,5.239642308175912477e-02
2.056696667700673997e-01,5.230186726643135109e-02
2.054934304328331074e-01,5.220731170901574125e-02
2.053171939571424853e-01,5.211275640966056555e-02
2.051409573428928379e-01,5.201820136855880850e-02
2.049647205899578495e-01,5.192364658594605942e-02
2.047884836981878343e-01,5.182909206210295494e-02
2.046122466674089035e-01,5.173453779735395774e-02
2.044360094974234654e-01,5.163998379206863332e-02
2.042597721880096140e-01,5.154543004666137240e-02
2.040835347389211019e-01,5.145087656159189060e-02
2.039072971498872566e-01,5.135632333736600552e-02
2.037310594206124259e-01,5.126177037453563679e-02
2.035548215507758940e-01,5.116721767369913909e-02
2.033785835400318542e-01,5.107266523550227366e-02
2.032023453880088260e-01,5.097811306063840253e-02
2.030261070943096269e-01,5.088356114984871059e-02
2.028498686585109290e-01,5.078900950392337132e-02
2.026736300801629809e-01,5.069445812370146354e-02
2.024973913587893026e-01,5.059990701007216485e-02
2.023211524938863803e-01,5.050535616397486272e-02
2.021449134849231388e-01,5.041080558640037568e-02
2.019686743313411637e-01,5.031625527839095335e-02
2.017924350325535077e-01,5.022170524104149769e-02
2.016161955879447465e-01,5.012715547549992379e-02
2.014399559968705344e-01,5.003260598296843664e-02
2.012637162586570216e-01,4.993805676470394750e-02
2.010874763726007985e-01,4.984350782201876773e-02
2.009112363379678690e-01,4.974895915628216314e-02
2.007349961539937055e-01,4.965441076892049277e-02
2.005587558198822229e-01,4.955986266141837460e-02
2.003825153348054999e-01,4.946531483531985129e-02
2.002062746979037244e-01,4.937076729222958371e-02
2.000300339082836665e-01,4.927622003381315618e-02
1.998537929650188449e-01,4.918167306179882514e-02
1.996775518671485838e-01,4.908712637797832401e-02
1.995013106136774295e-01,4.899257998420827875e-02
1.993250692035748728e-01,4.889803388241120707e-02
1.991488276357740450e-01,4.880348807457690619e-02
1.989725859091713567e-01,4.870894256276325773e-02
1.987963440226259981e-01,4.861439734909855925e-02
1.986201019749587182e-01,4.851985243578202378e-02
1.984438597649516300e-01,4.842530782508544518e-02
1.982676173913467121e-01,4.833076351935483572e-02
1.980913748528458085e-01,4.823621952101178612e-02
1.979151321481089909e-01,4.814167583255507532e-02
1.977388892757540872e-01,4.804713245656233589e-02
1.975626462343561263e-01,4.795258939569191359e-02
1.973864030224455335e-01,4.785804665268414415e-02
1.972101596385080757e-01,4.776350423036376802e-02
1.970339160809831403e-01,4.766896213164095730e-02
1.968576723482630408e-01,4.757442035951395254e-02
1.966814284386921852e-01,4.747987891707125541e-02
1.965051843505657980e-01,4.738533780749240587e-02
1.963289400821281450e-01,4.729079703405122959e-02
1.961526956315726156e-01,4.719625660011780854e-02
1.959764509970393365e-01,4.710171650916042396e-02
1.958002061766149215e-01,4.700717676474810980e-02
1.956239611683305291e-01,4.691263737055290095e-02
1.954477159701607791e-01,4.681809833035244228e-02
1.952714705800221995e-01,4.672355964803212580e-02
1.950952249957721707e-01,4.662902132758825480e-02
1.949189792152074552e-01,4.653448337313043082e-02
1.947427332360620600e-01,4.643994578888457903e-02
1.945664870560065984e-01,4.634540857919530743e-02
1.943902406726463195e-01,4.625087174852932081e-02
1.942139940835190259e-01,4.615633530147869590e-02
1.940377472860942976e-01,4.606179924276307402e-02
1.938615002777709928e-01,4.596726357723415757e-02
1.936852530558758057e-01,4.587272830987759731e-02
1.935090056176612117e-01,4.577819344581804395e-02
1.933327579603038582e-01,4.568365899032150734e-02
1.931565100809025382e-01,4.558912494879965860e-02
1.929802619764757199e-01,4.549459132681302198e-02
1.928040136439600483e-01,4.540005813007566560e-02
1.926277650802080688e-01,4.530552536445831002e-02
1.924515162819853131e-01,4.521099303599324104e-02
1.922752672459694667e-01,4.511646115087825093e-02
1.920990179687464827e-01,4.502192971548069078e-02
1.919227684468091111e-01,4.492739873634282732e-02
1.917465186765539564e-01,4.483286822018558992e-02
1.915702686542791466e-01,4.473833817391420498e-02
1.913940183761815850e-01,4.464380860462249800e-02
1.912177678383543689e-01,4.454927951959833377e-02
1.910415170367834869e-01,4.445475092632872327e-02
1.908652659673454322e-01,4.436022283250545817e-02
1.906890146258040097e-01,4.426569524603046757e-02
1.905127630078074785e-01,4.417116817502178550e-02
1.903365111088847761e-01,4.407664162781901873e-02
1.901602589244429931e-01,4.398211561299028571e-02
1.899840064497633763e-01,4.388759013933782316e-02
1.898077536799983311e-01,4.379306521590442536e-02
1.896315006101676748e-01,4.369854085198088267e-02
1.894552472351548056e-01,4.360401705711181020e-02
1.892789935497030396e-01,4.350949384110333606e-02
1.891027395484118079e-01,4.341497121403073423e-02
1.889264852257323268e-01,4.332044918624528007e-02
1.887502305759638788e-01,4.322592776838196649e-02
1.885739755932491768e-01,4.313140697136821911e-02
1.883977202715701738e-01,4.303688680643141806e-02
1.882214646047434270e-01,4.294236728510739121e-02
1.880452085864152689e-01,4.284784841924976773e-02
1.878689522100578380e-01,4.275333022103794400e-02
1.876926954689630000e-01,4.265881270298729766e-02
1.875164383562378523e-01,4.256429587795798608e-02
1.873401808647994771e-01,4.246977975916504944e-02
1.871639229873696131e-01,4.237526436018820841e-02
1.869876647164687988e-01,4.228074969498268887e-02
1.868114060444111268e-01,4.218623577788965795e-02
1.866351469632977766e-01,4.209172262364702100e-02
1.864588874650116856e-01,4.199721024740077358e-02
1.862826275412104438e-01,4.190269866471696414e-02
1.861063671833207978e-01,4.180818789159340687e-02
1.859301063825314626e-01,4.171367794447206068e-02
1.857538451297865989e-01,4.161916884025160246e-02
1.855775834157787352e-01,4.152466059630033346e-02
1.854013212309414405e-01,4.143015323047005705e-02
1.852250585654426351e-01,4.133564676110962344e-02
1.850487954091760423e-01,4.124114120707900177e-02
1.848725317517538325e-01,4.114663658776401833e-02
1.846962675824989908e-01,4.105213292309115025e-02
1.845200028904362965e-01,4.095763023354334620e-02
1.843437376642845238e-01,4.086312854017579155e-02
1.841674718924473098e-01,4.076862786463178456e-02
1.839912055630041898e-01,4.067412822916013915e-02
1.838149386637014937e-01,4.057962965663200472e-02
1.836386711819431306e-01,4.048513217055843549e-02
1.834624031047805137e-01,4.039063579510962509e-02
1.832861344189025132e-01,4.029614055513214277e-02
1.831098651106254083e-01,4.020164647616925047e-02
1.829335951658821735e-01,4.010715358448013745e-02
1.827573245702118487e-01,4.001266190706062598e-02
1.825810533087482701e-01,3.991817147166351609e-02
1.824047813662085515e-01,3.982368230682051258e-02
1.822285087268814274e-01,3.972919444186376325e-02
1.820522353746152067e-01,3.963470790694872958e-02
1.818759612928054770e-01,3.954022273307716828e-02
1.816996864643823650e-01,3.944573895212100112e-02
1.815234108717974360e-01,3.935125659684673982e-02
1.813471344970103427e-01,3.925677570094068813e-02
1.811708573214751428e-01,3.916229629903447695e-02
1.809945793261261149e-01,3.906781842673101579e-02
1.808183004913637981e-01,3.897334212063247039e-02
1.806420207970394487e-01,3.887886741836732440e-02
1.804657402224405516e-01,3.878439435861921747e-02
1.802894587462747500e-01,3.868992298115561668e-02
1.801131763466542746e-01,3.859545332685809793e-02
1.799368930010794565e-01,3.850098543775315463e-02
1.797606086864221020e-01,3.840651935704328390e-02
1.795843233789080340e-01,3.831205512913907207e-02
1.794080370540999669e-01,3.821759279969261236e-02
1.792317496868791882e-01,3.812313241563067279e-02
1.790554612514272670e-01,3.802867402519005680e-02
1.788791717212074306e-01,3.793421767795246424e-02
1.787028810689448299e-01,3.783976342488037936e-02
1.785265892666073051e-01,3.774531131835523468e-02
1.783502962853845686e-01,3.765086141221446470e-02
1.781740020956681381e-01,3.755641376179058577e-02
1.779977066670302144e-01,3.746196842395116411e-02
1.778214099682015881e-01,3.736752545713917240e-02
1.776451119670499623e-01,3.727308492141448437e-02
1.774688126305571934e-01,3.717864687849645189e-02
1.772925119247966697e-01,3.708421139180748116e-02
1.771162098149093034e-01,3.698977852651691434e-02
1.769399062650796883e-01,3.689534834958657639e-02
1.767636012385115363e-01,3.680092092981729346e-02
1.765872946974027247e-01,3.670649633789560551e-02
1.764109866029194007e-01,3.661207464644219978e-02
1.762346769151707515e-01,3.651765593006103816e-02
1.760583655931813318e-01,3.642324026539020543e-02
1.758820525948647240e-01,3.632882773115159170e-02
1.757057378769953937e-01,3.623441840820487703e-02
1.755294213951810178e-01,3.614001237959937884e-02
1.753531031038336740e-01,3.604560973062928553e-02
1.751767829561401979e-01,3.595121054888839041e-02
1.750004609040327619e-01,3.585681492432635231e-02
1.748241368981586774e-01,3.576242294930637167e-02
1.746478108878495583e-01,3.566803471866372699e-02
1.744714828210896795e-01,3.557365032976469998e-02
1.742951526444843913e-01,3.547926988256705494e-02
1.741188203032276172e-01,3.538489347968218346e-02
1.739424857410687975e-01,3.529052122643713818e-02
1.737661489002794990e-01,3.519615323093802650e-02
1.735898097216198865e-01,3.510178960413543048e-02
1.734134681443034176e-01,3.500743045988902180e-02
1.732371241059623701e-01,3.491307591503525765e-02
1.730607775426120376e-01,3.481872608945413283e-02
1.728844283886151190e-01,3.472438110613837448e-02
1.727080765766446646e-01,3.463004109126341379e-02
1.725317220376476057e-01,3.453570617425730238e-02
1.723553647008068679e-01,3.444137648787290451e-02
1.721790044935034847e-01,3.434705216826017260e-02
1.720026413412784061e-01,3.425273335504011585e-02
1.718262751677934741e-01,3.415842019137879659e-02
1.716499058947923151e-01,3.406411282406349161e-02
1.714735334420602886e-01,3.396981140357790974e-02
1.712971577273843804e-01,3.387551608418012949e-02
1.711207786665132069e-01,3.378122702398075883e-02
1.709443961731155204e-01,3.368694438502106703e-02
1.707680101587390475e-01,3.359266833335311508e-02
1.705916205327690782e-01,3.349839903912049666e-02
1.704152272023864989e-01,3.340413667663849617e-02
1.702388300725250214e-01,3.330988142447699474e-02
1.700624290458295773e-01,3.321563346554276541e-02
1.698860240226124363e-01,3.312139298716257341e-02
1.697096149008109900e-01,3.302716018116702568e-02
1.695332015759435929e-01,3.293293524397486460e-02
1.693567839410670961e-01,3.283871837667859395e-02
1.691803618867324666e-01,3.274450978512902233e-02
1.690039353009409329e-01,3.265030968002163858e-02
1.688275040691004647e-01,3.255611827698351446e-02
1.686510680739813084e-01,3.246193579665887508e-02
1.684746271956722163e-01,3.236776246479694530e-02
1.682981813115362879e-01,3.227359851233910226e-02
1.681217302961663940e-01,3.217944417550586134e-02
1.679452740213417394e-01,3.208529969588544417e-02
1.677688123559832878e-01,3.199116532052082018e-02
1.675923451661099350e-01,3.189704130199758070e-02
1.674158723147952943e-01,3.180292789853259028e-02
1.672393936621230093e-01,3.170882537406038981e-02
1.670629090651442605e-01,3.161473399832206987e-02
1.668864183778339949e-01,3.152065404695189588e-02
1.667099214510483485e-01,3.142658580156484915e-02
1.665334181324822360e-01,3.133252954984352967e-02
1.663569082666270238e-01,3.123848558562417055e-02
1.661803916947281468e-01,3.114445420898309669e-02
1.660038682547450573e-01,3.105043572632215643e-02
1.658273377813092031e-01,3.095643045045304298e-02
1.656508001056848367e-01,3.086243870068205997e-02
1.654742550557282144e-01,3.076846080289336038e-02
1.652977024558496821e-01,3.067449708963099209e-02
1.651211421269744573e-01,3.058054790018172042e-02
1.649445738865054356e-01,3.048661358065404836e-02
1.647679975482865544e-01,3.039269448405967911e-02
1.645914129225662104e-01,3.029879097038998270e-02
1.644148198159625651e-01,3.020490340669501617e-02
1.642382180314292395e-01,3.011103216715793618e-02
1.640616073682220344e-01,3.001717763317043874e-02
1.638849876218670953e-01,2.992334019340542328e-02
1.637083585841291600e-01,2.982952024388790813e-02
1.635317200429820539e-01,2.973571818806589051e-02
1.633550717825799359e-01,2.964193443687701546e-02
1.631784135832292093e-01,2.954816940881574427e-02
1.630017452213632367e-01,2.945442352999727564e-02
1.628250664695162220e-01,2.936069723421985689e-02
1.626483770963005893e-01,2.926699096302454173e-02
1.624716768663841959e-01,2.917330516575383781e-02
1.622949655404702929e-01,2.907964029960660723e-02
1.621182428752780957e-01,2.898599682969243974e-02
1.619415086235252987e-01,2.889237522908183475e-02
1.617647625339124762e-01,2.879877597885441287e-02
1.615880043511082886e-01,2.870519956814543416e-02
1.614112338157377424e-01,2.861164649418834749e-02
1.612344506643714204e-01,2.851811726235564670e-02
1.610576546295165445e-01,2.842461238619573005e-02
1.608808454396094545e-01,2.833113238746756690e-02
1.607040228190116937e-01,2.823767779617250562e-02
1.605271864880063459e-01,2.814424915058250098e-02
1.603503361627970081e-01,2.805084699726553832e-02
1.601734715555088451e-01,2.795747189110717179e-02
1.599965923741918650e-01,2.786412439532967578e-02
1.598196983228258872e-01,2.777080508150719940e-02
1.596427891013281475e-01,2.767751452957725733e-02
1.594658644055633179e-01,2.758425332784961159e-02
1.592889239273543311e-01,2.749102207301001854e-02
1.591119673544977853e-01,2.739782137012225505e-02
1.589349943707795698e-01,2.730465183262439921e-02
1.587580046559938785e-01,2.721151408232308500e-02
1.585809978859649694e-01,2.711840874938281631e-02
1.584039737325699249e-01,2.702533647231139535e-02
1.582269318637651301e-01,2.693229789794199247e-02
1.580498719436150001e-01,2.683929368141080296e-02
1.578727936323220948e-01,2.674632448613054048e-02
1.576956965862618687e-01,2.665339098376029447e-02
1.575185804580173654e-01,2.656049385417075248e-02
1.573414448964186030e-01,2.646763378540523126e-02
1.571642895465832357e-01,2.637481147363701650e-02
1.569871140499600193e-01,2.628202762312198404e-02
1.568099180443756346e-01,2.618928294614694674e-02
1.566327011640826494e-01,2.609657816297367150e-02
1.564554630398112545e-01,2.600391400177873291e-02
1.562782032988231928e-01,2.591129119858925911e-02
1.561009215649679649e-01,2.581871049721354283e-02
1.559236174587422807e-01,2.572617264916735036e-02
1.557462905973512890e-01,2.563367841359728838e-02
1.555689405947730530e-01,2.554122855719725971e-02
1.553915670618252476e-01,2.544882385412236547e-02
1.552141696062344922e-01,2.535646508589797787e-02
1.550367478327079052e-01,2.526415304132414996e-02
1.548593013430082654e-01,2.517188851637544578e-02
1.546818297360298133e-01,2.507967231409694020e-02
1.545043326078784363e-01,2.498750524449491750e-02
1.543268095519527705e-01,2.489538812442432247e-02
1.541492601590292999e-01,2.480332177747063271e-02
1.539716840173483425e-01,2.471130703382873328e-02
1.537940807127029241e-01,2.461934473017540759e-02
1.536164498285307878e-01,2.452743570954046826e-02
1.534387909460074029e-01,2.443558082117053276e-02
1.532611036441423602e-01,2.434378092039024555e-02
1.530833874998771549e-01,2.425203686846000295e-02
1.529056420881858558e-01,2.416034953242687799e-02
1.527278669821771628e-01,2.406871978497432396e-02
1.525500617531994063e-01,2.397714850426607702e-02
1.523722259709467397e-01,2.388563657378614535e-02
1.521943592035686355e-01,2.379418488217571737e-02
1.520164610177792142e-01,2.370279432306499068e-02
1.518385309789705984e-01,2.361146579490186470e-02
1.516605686513270157e-01,2.352020020077671969e-02
1.514825735979407617e-01,2.342899844824294919e-02
1.513045453809305219e-01,2.333786144913493898e-02
1.511264835615598878e-01,2.324679011938055040e-02
1.509483877003596208e-01,2.315578537881204935e-02
1.507702573572493876e-01,2.306484815097231689e-02
1.505920920916621331e-01,2.297397936291745157e-02
1.504138914626700352e-01,2.288317994501740116e-02
1.502356550291107096e-01,2.279245083075162603e-02
1.500573823497155512e-01,2.270179295650298634e-02
1.498790729832393809e-01,2.261120726134738246e-02
1.497007264885903410e-01,2.252069468684106401e-02
1.495223424249621513e-01,2.243025617680508010e-02
1.493439203519657810e-01,2.233989267710601023e-02
1.491654598297634804e-01,2.224960513543514096e-02
1.489869604192026742e-01,2.215939450108386777e-02
1.488084216819510475e-01,2.206926172471682102e-02
1.486298431806325482e-01,2.197920775814315997e-02
1.484512244789632507e-01,2.188923355408467497e-02
1.482725651418881352e-01,2.179934006594114182e-02
1.480938647357190052e-01,2.170952824755514876e-02
1.479151228282710728e-01,2.161979905297276017e-02
1.477363389890020418e-01,2.153015343620401367e-02
1.475575127891494698e-01,2.144059235097983684e-02
1.473786438018692690e-01,2.135111675050832547e-02
1.471997316023739566e-01,2.126172758722846834e-02
1.470207757680711547e-01,2.117242581256315037e-02
1.468417758787018690e-01,2.108321237666935244e-02
1.466627315164779899e-01,2.099408822818829568e-02
1.464836422662205706e-01,2.090505431399322656e-02
1.463045077154970786e-01,2.081611157893642483e-02
1.461253274547581471e-01,2.072726096559479592e-02
1.459461010774746326e-01,2.063850341401504696e-02
1.457668281802729782e-01,2.054983986145703101e-02
1.455875083630706612e-01,2.046127124213717452e-02
1.454081412292109743e-01,2.037279848697062801e-02
1.452287263855962796e-01,2.028442252331316698e-02
1.450492634428213190e-01,2.019614427470189932e-02
1.448697520153047757e-01,2.010796466059669441e-02
1.446901917214203359e-01,2.001988459612016880e-02
1.445105821836262239e-01,1.993190499179844921e-02
1.443309230285939049e-01,1.984402675330154686e-02
1.441512138873356497e-01,1.975625078118314892e-02
1.439714543953300174e-01,1.966857797062102065e-02
1.437916441926466449e-01,1.958100921115873971e-02
1.436117829240698418e-01,1.949354538644515467e-02
1.434318702392193279e-01,1.940618737397736826e-02
1.432519057926714412e-01,1.931893604484194449e-02
1.430718892440762668e-01,1.923179226345761439e-02
1.428918202582748487e-01,1.914475688731917535e-02
1.427116985054143194e-01,1.905783076674164023e-02
1.425315236610603109e-01,1.897101474460563542e-02
1.423512954063086422e-01,1.888430965610382595e-02
1.421710134278937054e-01,1.879771632848906138e-02
1.419906774182962961e-01,1.871123558082238292e-02
1.418102870758480849e-01,1.862486822372458328e-02
1.416298421048344802e-01,1.853861505912721142e-02
1.414493422155956859e-01,1.845247688002679687e-02
1.412687871246248172e-01,1.836645447023979583e-02
1.410881765546637689e-01,1.828054860415961880e-02
1.409075102347973618e-01,1.819476004651615630e-02
1.407267879005443256e-01,1.810908955213683114e-02
1.405460092939466721e-01,1.802353786570962124e-02
1.403651741636554873e-01,1.793810572154883043e-02
1.401842822650151144e-01,1.785279384336310726e-02
1.400033333601443108e-01,1.776760294402587870e-02
1.398223272180148802e-01,1.768253372534833723e-02
1.396412636145278607e-01,1.759758687785525910e-02
1.394601423325863565e-01,1.751276308056337605e-02
1.392789631621664248e-01,1.742806300076296666e-02
1.390977259003847721e-01,1.734348729380219556e-02
1.389164303515630361e-01,1.725903660287450569e-02
1.387350763272913734e-01,1.717471155880997968e-02
1.385536636464859972e-01,1.709051277986872730e-02
1.383721921354465201e-01,1.700644087153893591e-02
1.381906616279089672e-01,1.692249642633747442e-02
1.380090719650961251e-01,1.683868002361485483e-02
1.378274229957655583e-01,1.675499222936382981e-02
1.376457145762533529e-01,1.667143359603107111e-02
1.374639465705158048e-01,1.658800466233392723e-02
1.372821188501679446e-01,1.650470595308048405e-02
1.371002312945185653e-01,1.642153797899348344e-02
1.369182837906030570e-01,1.633850123653993180e-02
1.367362762332116621e-01,1.625559620776284575e-02
1.365542085249162318e-01,1.617282336011988120e-02
1.363720805760929577e-01,1.609018314632432167e-02
1.361898923049422450e-01,1.600767600419167325e-02
1.360076436375053099e-01,1.592530235649156078e-02
1.358253345076776974e-01,1.584306261080367650e-02
1.356429648572201052e-01,1.576095715937814168e-02
1.354605346357650730e-01,1.567898637900227987e-02
1.352780438008213126e-01,1.559715063087147024e-02
1.350954923177753175e-01,1.551545026046555198e-02
1.349128801598883654e-01,1.543388559742991939e-02
1.347302073082917717e-01,1.535245695546297306e-02
1.345474737519782860e-01,1.527116463220881681e-02
1.343646794877907946e-01,1.519000890915400692e-02
1.341818245204075277e-01,1.510899005153212848e-02
1.339989088623245728e-01,1.502810830823272936e-02
1.338159325338349193e-01,1.494736391171616607e-02
1.336328955630046444e-01,1.486675707793419510e-02
1.334497979856460459e-01,1.478628800625703121e-02
1.332666398452880263e-01,1.470595687940615126e-02
1.330834211931427313e-01,1.462576386339253798e-02
1.329001420880697171e-01,1.454570910746197376e-02
1.327168025965373421e-01,1.446579274404563575e-02
1.325334027925809122e-01,1.438601488871776857e-02
1.323499427577579657e-01,1.430637564015904695e-02
1.321664225811003957e-01,1.422687508012612789e-02
1.319828423590643784e-01,1.414751327342878007e-02
1.317992021954771942e-01,1.406829026791153736e-02
1.316155022014806053e-01,1.398920609444340157e-02
1.314317424954731806e-01,1.391026076691367908e-02
1.312479232030477061e-01,1.383145428223409024e-02
1.310640444569278196e-01,1.375278662034723487e-02
1.308801063969007028e-01,1.367425774424271823e-02
1.306961091697481925e-01,1.359586759997855054e-02
1.305120529291746434e-01,1.351761611671054020e-02
1.303279378357327101e-01,1.343950320672721022e-02
1.301437640567464360e-01,1.336152876549207003e-02
1.299595317662320393e-01,1.328369267169252077e-02
1.297752411448163112e-01,1.320599478729514442e-02
1.295908923796526002e-01,1.312843495760784851e-02
1.294064856643356021e-01,1.305101301134911629e-02
1.292220211988115985e-01,1.297372876072314107e-02
1.290374991892891399e-01,1.289658200150209377e-02
1.288529198481463689e-01,1.281957251311496848e-02
1.286682833938359027e-01,1.274270005874297840e-02
1.284835900507890760e-01,1.266596438542222369e-02
1.282988400493172143e-01,1.258936522415093906e-02
1.281140336255113810e-01,1.251290229000573406e-02
1.279291710211404032e-01,1.243657528226252418e-02
1.277442524835471493e-01,1.236038388452478931e-02
1.275592782655435575e-01,1.228432776485754996e-02
1.273742486253027217e-01,1.220840657592792144e-02
1.271891638262516167e-01,1.213261995515263481e-02
1.270040241369603806e-01,1.205696752484974876e-02
1.268188298310309881e-01,1.198144889239860511e-02
1.266335811869855887e-01,1.190606365040422499e-02
1.264482784881512667e-01,1.183081137686908813e-02
1.262629220225461868e-01,1.175569163536874240e-02
1.260775120827629658e-01,1.168070397523490733e-02
1.258920489658512665e-01,1.160584793174340712e-02
1.257065329732002801e-01,1.153112302630748820e-02
1.255209644104194888e-01,1.145652876667718756e-02
1.253353435872184840e-01,1.138206464714300314e-02
1.251496708172868955e-01,1.130773014874558724e-02
1.249639464181726972e-01,1.123352473949004726e-02
1.247781707111610960e-01,1.115944787456513154e-02
1.245923440211511440e-01,1.108549899656721682e-02
1.244064666765337251e-01,1.101167753572965258e-02
1.242205390090679318e-01,1.093798291015454782e-02
1.240345613537577329e-01,1.086441452605149682e-02
1.238485340487283648e-01,1.079097177797858076e-02
1.236624574351019162e-01,1.071765404908800456e-02
1.234763318568736917e-01,1.064446071137595262e-02
1.232901576607882133e-01,1.057139112593544206e-02
1.231039351962147643e-01,1.049844464321303406e-02
1.229176648150244883e-01,1.042562060326940321e-02
1.227313468714653910e-01,1.035291833604232159e-02
1.225449817220399806e-01,1.028033716161275146e-02
1.223585697253815885e-01,1.020787639047443518e-02
1.221721112421316618e-01,1.013553532380517819e-02
1.219856066348180834e-01,1.006331325374176799e-02
1.217990562677326166e-01,9.991209463656253176e-03
1.216124605068103492e-01,9.919223228434165263e-03
1.214258197195087485e-01,9.847353814756182322e-03
1.212391342746882844e-01,9.775600481379376205e-03
1.210524045424932749e-01,9.703962479421929244e-03
1.208656308942335361e-01,9.632439052647795430e-03
1.206788137022672264e-01,9.561029437753609805e-03
1.204919533398846054e-01,9.489732864655459066e-03
1.203050501811925160e-01,9.418548556777678327e-03
1.201181046010004749e-01,9.347475731341259308e-03
1.199311169747070693e-01,9.276513599653340991e-03
1.197440876781882685e-01,9.205661367395701067e-03
1.195570170876868593e-01,9.134918234915134772e-03
1.193699055797022568e-01,9.064283397512362672e-03
1.191827535308835062e-01,8.993756045730855186e-03
1.189955613179213417e-01,8.923335365644630146e-03
1.188083293174434646e-01,8.853020539146633228e-03
1.186210579059104320e-01,8.782810744235258760e-03
1.184337474595131140e-01,8.712705155299677040e-03
1.182463983540724267e-01,8.642702943404245719e-03
1.180590109649388847e-01,8.572803276571477893e-03
1.178715856668958728e-01,8.503005320063344863e-03
1.176841228340630707e-01,8.433308236660636004e-03
1.174966228398022228e-01,8.363711186940597786e-03
1.173090860566247395e-01,8.294213329552657665e-03
1.171215128560998686e-01,8.224813821490650767e-03
1.169339036087665012e-01,8.155511818364963306e-03
1.167462586840451871e-01,8.086306474669402444e-03
1.165585784501526057e-01,8.017196944047261242e-03
1.163708632740182991e-01,7.948182379553830890e-03
1.161831135212019334e-01,7.879261933915804317e-03
1.159953295558140141e-01,7.810434759787626691e-03
1.158075117404374355e-01,7.741700010004820554e-03
1.156196604360511110e-01,7.673056837833369670e-03
1.154317760019563516e-01,7.604504397216493849e-03
1.152438587957036187e-01,7.536041843016344499e-03
1.150559091730225386e-01,7.467668331253396463e-03
1.148679274877535267e-01,7.399383019341149170e-03
1.146799140917808130e-01,7.331185066317358334e-03
1.144918693349686878e-01,7.263073633070327162e-03
1.143037935650978720e-01,7.195047882562033426e-03
1.141156871278056900e-01,7.127106980046787887e-03
1.139275503665269085e-01,7.059250093285174277e-03
1.137393836224372401e-01,6.991476392753853686e-03
1.135511872343987622e-01,6.923785051850844807e-03
1.133629615389066952e-01,6.856175247096585323e-03
1.131747068700387493e-01,6.788646158329803004e-03
1.129864235594063016e-01,6.721196968899473267e-03
1.127981119361072121e-01,6.653826865851197869e-03
1.126097723266810402e-01,6.586535040110058636e-03
1.124214050550655514e-01,6.519320686657420483e-03
1.122330104425556391e-01,6.452183004703321290e-03
1.120445888077638563e-01,6.385121197855059272e-03
1.118561404665829040e-01,6.318134474279674118e-03
1.116676657321501870e-01,6.251222046861654169e-03
1.114791649148134667e-01,6.184383133356619044e-03
1.112906383220991918e-01,6.117616956539423390e-03
1.111020862586820646e-01,6.050922744347153603e-03
1.109135090263565077e-01,5.984299730018183272e-03
1.107249069240103523e-01,5.917747152226010554e-03
1.105362802475989281e-01,5.851264255206767295e-03
1.103476292901227201e-01,5.784850288884674230e-03
1.101589543416047756e-01,5.718504508989974422e-03
1.099702556890712335e-01,5.652226177173952371e-03
1.097815336165329780e-01,5.586014561117791377e-03
1.095927884049682222e-01,5.519868934638322289e-03
1.094040203323078803e-01,5.453788577786666814e-03
1.092152296734213435e-01,5.387772776945104480e-03
1.090264167001044893e-01,5.321820824917028459e-03
1.088375816810689817e-01,5.255932021013043354e-03
1.086487248819327511e-01,5.190105671133510290e-03
1.084598465652119870e-01,5.124341087844930254e-03
1.082709469903148647e-01,5.058637590453191057e-03
1.080820264135360226e-01,4.992994505072206879e-03
1.078930850880532033e-01,4.927411164687783840e-03
1.077041232639239510e-01,4.861886909217932873e-03
1.075151411880846536e-01,4.796421085568797205e-03
1.073261391043504320e-01,4.731013047685889150e-03
1.071371172534158478e-01,4.665662156602717880e-03
1.069480758728573039e-01,4.600367780484115876e-03
1.067590151971365559e-01,4.535129294666567779e-03
1.065699354576044866e-01,4.469946081694264883e-03
1.063808368825069767e-01,4.404817531351828963e-03
1.061917196969910521e-01,4.339743040693400111e-03
1.060025841231125171e-01,4.274722014067922071e-03
1.058134303798442810e-01,4.209753863141374453e-03
1.056242586830852953e-01,4.144838006915507744e-03
1.054350692456709759e-01,4.079973871742970104e-03
1.052458622773840835e-01,4.015160891339797367e-03
1.050566379849664223e-01,3.950398506794933207e-03
1.048673965721316492e-01,3.885686166576030054e-03
1.046781382395783333e-01,3.821023326532529962e-03
1.044888631850038885e-01,3.756409449896691566e-03
1.042995716031194786e-01,3.691844007281647189e-03
1.041102636856652552e-01,3.627326476675185596e-03
1.039209396214265946e-01,3.562856343434006590e-03
1.037315995962501125e-01,3.498433100272757557e-03
1.035422437930610673e-01,3.434056247252181837e-03
1.033528723918809566e-01,3.369725291764880115e-03
1.031634855698456699e-01,3.305439748518351761e-03
1.029740835012240840e-01,3.241199139516426353e-03
1.027846663574367159e-01,3.177002994038724548e-03
1.025952343070758166e-01,3.112850848617509936e-03
1.024057875159244124e-01,3.048742247013513929e-03
1.022163261469768714e-01,2.984676740190067568e-03
1.020268503604598587e-01,2.920653886284790834e-03
1.018373603138518213e-01,2.856673250580366030e-03
1.016478561619051646e-01,2.792734405473618065e-03
1.014583380566671245e-01,2.728836930443345743e-03
1.012688061475010837e-01,2.664980412016432210e-03
1.010792605811086931e-01,2.601164443733677833e-03
1.008897015015515486e-01,2.537388626112913048e-03
1.007001290502728130e-01,2.473652566612638548e-03
1.005105433661200864e-01,2.409955879593722594e-03
1.003209445853667225e-01,2.346298186280237896e-03
1.001313328417355042e-01,2.282679114720187474e-03
9.994170826641946004e-02,2.219098299744259872e-03
9.975207098810515149e-02,2.155555382925028463e-03
9.956242113299501595e-02,2.092050012534901748e-03
9.937275882482973777e-02,2.028581843503407534e-03
9.918308418491036949e-02,1.965150537374726891e-03
9.899339733212134118e-02,1.901755762263562799e-03
9.880369838295177676e-02,1.838397192812091241e-03
9.861398745151866985e-02,1.775074510145691065e-03
9.842426464958820009e-02,1.711787401828507305e-03
9.823453008659863150e-02,1.648535561819153283e-03
9.804478386968104586e-02,1.585318690426218424e-03
9.785502610368221332e-02,1.522136494263165440e-03
9.766525689118518705e-02,1.458988686204559793e-03
9.747547633253145216e-02,1.395874985340689323e-03
9.728568452584179793e-02,1.332795116933516155e-03
9.709588156703724549e-02,1.269748812372628599e-03
9.690606754985989224e-02,1.206735809130443648e-03
9.671624256589356206e-02,1.143755850719463396e-03
9.652640670458398353e-02,1.080808686647477534e-03
9.633656005325916261e-02,1.017894072376041015e-03
9.614670269714858941e-02,9.550117692758985921e-04
9.595683471940338882e-02,8.921615445861286187e-04
9.576695620111527751e-02,8.293431713720378351e-04
9.557706722133504917e-02,7.665564284835557629e-04
9.538716785709247525e-02,7.038011005151834087e-04
9.519725818341306933e-02,6.410769777649427681e-04
9.500733827333721071e-02,5.783838561961573976e-04
9.481740819793726960e-02,5.157215373980394979e-04
9.462746802633464904e-02,4.530898285476647747e-04
9.443751782571799258e-02,3.904885423728909899e-04
9.424755766135828328e-02,3.279174971164977581e-04
9.405758759662580237e-02,2.653765164996602088e-04
9.386760769300606100e-02,2.028654296877541174e-04
9.367761801011501022e-02,1.403840712560222581e-04
9.348761860571438986e-02,7.793228115746120288e-05
9.329760953572618920e-02,1.550990469020852025e-05
9.310759085424707981e-02,-4.688320753354346948e-05
9.291756261356245994e-02,-1.092471996170518711e-04
9.272752486415944406e-02,-1.715822104085551469e-04
9.253747765474071296e-02,-2.338883735289731813e-04
9.234742103223636533e-02,-2.961658173983860998e-04
9.215735504181693516e-02,-3.584146652627628882e-04
9.196727972690424413e-02,-4.206350352173593432e-04
9.177719512918375289e-02,-4.828270402313095122e-04
9.158710128861508037e-02,-5.449907881692472866e-04
9.139699824344224566e-02,-6.071263818127337064e-04
9.120688603020402074e-02,-6.692339188804907746e-04
9.101676468374358953e-02,-7.313134920461372701e-04
9.082663423721748508e-02,-7.933651889568404947e-04
9.063649472210458247e-02,-8.553890922486928616e-04
9.044634616821395356e-02,-9.173852795621439959e-04
9.025618860369288843e-02,-9.793538235553234106e-04
9.006602205503422276e-02,-1.041294791916141937e-03
8.987584654708333232e-02,-1.103208247374282136e-03
8.968566210304401709e-02,-1.165094247709663744e-03
8.949546874448530143e-02,-1.226952845761464239e-03
8.930526649134579165e-02,-1.288784089434752422e-03
8.911505536193983779e-02,-1.350588021706317088e-03
8.892483537296094753e-02,-1.412364680628414026e-03
8.873460653948672672e-02,-1.474114099331957917e-03
8.854436887498198794e-02,-1.535836306027327236e-03
8.835412239130185919e-02,-1.597531324004919373e-03
8.816386709869447613e-02,-1.659199171633041203e-03
8.797360300580328585e-02,-1.720839862354855976e-03
8.778333011966851784e-02,-1.782453404684469778e-03
8.759304844572829429e-02,-1.844039802200408973e-03
8.740275798781949046e-02,-1.905599053538681309e-03
8.721245874817806776e-02,-1.967131152383144732e-03
8.702215072743832436e-02,-2.028636087456209269e-03
8.683183392463308947e-02,-2.090113842505292308e-03
8.664150833719158618e-02,-2.151564396291244519e-03
8.645117396093818241e-02,-2.212987722571752025e-03
8.626083079009011501e-02,-2.274383790085654500e-03
8.607047881725501948e-02,-2.335752562534904042e-03
8.588011803342801564e-02,-2.397093998564608919e-03
8.568974842798721125e-02,-2.458408051742105860e-03
8.549936998869084315e-02,-2.519694670534450287e-03
8.530898270167192043e-02,-2.580953798283824874e-03
8.511858655143353380e-02,-2.642185373182198704e-03
8.492818152084366523e-02,-2.703389328243266387e-03
8.473776759112880419e-02,-2.764565591274359413e-03
8.454734474186778592e-02,-2.825714084845443175e-03
8.435691295098493581e-02,-2.886834726257253569e-03
8.416647219474290842e-02,-2.947927427507379683e-03
8.397602244773502700e-02,-3.008992095255735855e-03
8.378556368287679024e-02,-3.070028630787341450e-03
8.359509587139743458e-02,-3.131036929974295724e-03
8.340461898283105246e-02,-3.192016883235254676e-03
8.321413298500668354e-02,-3.252968375495490783e-03
8.302363784403932190e-02,-3.313891286142428561e-03
8.283313352431823096e-02,-3.374785488982179338e-03
8.264261998849739554e-02,-3.435650852193217197e-03
8.245209719748380905e-02,-3.496487238278833676e-03
8.226156511042623243e-02,-3.557294504018371217e-03
8.207102368470289844e-02,-3.618072500416125159e-03
8.188047287590966006e-02,-3.678821072650689805e-03
8.168991263784694534e-02,-3.739540060019502787e-03
8.149934292250687884e-02,-3.800229295886026204e-03
8.130876368005979238e-02,-3.860888607622264823e-03
8.111817485884062484e-02,-3.921517816551034485e-03
8.092757640533479457e-02,-3.982116737886981506e-03
8.073696826416365546e-02,-4.042685180676547363e-03
8.054635037807000852e-02,-4.103222947735657433e-03
8.035572268790278083e-02,-4.163729835586299499e-03
8.016508513260223179e-02,-4.224205634392824704e-03
7.997443764918416020e-02,-4.284650127895528460e-03
7.978378017272369505e-02,-4.345063093344536664e-03
7.959311263634016864e-02,-4.405444301430888610e-03
7.940243497117985272e-02,-4.465793516217619885e-03
7.921174710640019323e-02,-4.526110495069429751e-03
7.902104896915301824e-02,-4.586394988581321552e-03
7.883034048456749598e-02,-4.646646740505994133e-03
7.863962157573342604e-02,-4.706865487680372828e-03
7.844889216368428064e-02,-4.767050959951585343e-03
7.825815216737957991e-02,-4.827202880101327809e-03
7.806740150368846054e-02,-4.887320963770036553e-03
7.787664008737110732e-02,-4.947404919380365973e-03
7.768586783106298799e-02,-5.007454448059334151e-03
7.749508464525636797e-02,-5.067469243560523973e-03
7.730429043828337954e-02,-5.127448992185340559e-03
7.711348511629920188e-02,-5.187393372704018901e-03
7.692266858326429757e-02,-5.247302056275743309e-03
7.673184074092792573e-02,-5.307174706369877093e-03
7.654100148881087806e-02,-5.367010978684860767e-03
7.635015072418901982e-02,-5.426810521068553550e-03
7.615928834207713605e-02,-5.486572973438019751e-03
7.596841423521197290e-02,-5.546297967699120868e-03
7.577752829403733292e-02,-5.605985127667023615e-03
7.558663040668761601e-02,-5.665634068986208360e-03
7.539572045897310892e-02,-5.725244399050921640e-03
7.520479833436546913e-02,-5.784815716926405837e-03
7.501386391398282005e-02,-5.844347613270989283e-03
7.482291707657651170e-02,-5.903839670258231864e-03
7.463195769851735384e-02,-5.963291461500153101e-03
7.444098565378345911e-02,-6.022702551971736984e-03
7.425000081394816931e-02,-6.082072497936796829e-03
7.405900304816837032e-02,-6.141400846873729114e-03
7.386799222317436131e-02,-6.200687137404320426e-03
7.367696820325977947e-02,-6.259930899223414835e-03
7.348593085027321781e-02,-6.319131653030551909e-03
7.329488002360939891e-02,-6.378288910462770467e-03
7.310381558020317971e-02,-6.437402174030298907e-03
7.291273737452250159e-02,-6.496470937054243944e-03
7.272164525856397721e-02,-6.555494683606555295e-03
7.253053908184894927e-02,-6.614472888452904709e-03
7.233941869142146430e-02,-6.673405016997535633e-03
7.214828393184596900e-02,-6.732290525231887646e-03
7.195713464520775426e-02,-6.791128859686718089e-03
7.176597067111439854e-02,-6.849919457385944543e-03
7.157479184669846006e-02,-6.908661745805677601e-03
7.138359800662200105e-02,-6.967355142836556547e-03
7.119238898308200003e-02,-7.025999056749387961e-03
7.100116460581815114e-02,-7.084592886166279913e-03
7.080992470212238432e-02,-7.143136020035051326e-03
7.061866909684952343e-02,-7.201627837608359783e-03
7.042739761243044239e-02,-7.260067708428519229e-03
7.023611006888652586e-02,-7.318454992316758556e-03
7.004480628384646135e-02,-7.376789039368003564e-03
6.985348607256558484e-02,-7.435069189951071245e-03
6.966214924794580932e-02,-7.493294774714914785e-03
6.947079562055991087e-02,-7.551465114600586226e-03
6.927942499867589810e-02,-7.609579520859499624e-03
6.908803718828515628e-02,-7.667637295078910675e-03
6.889663199313203479e-02,-7.725637729213030713e-03
6.870520921474679299e-02,-7.783580105622245338e-03
6.851376865248043346e-02,-7.841463697118550291e-03
6.832231010354222756e-02,-7.899287767019175233e-03
6.813083336303943360e-02,-7.957051569208145603e-03
6.793933822402029032e-02,-8.014754348204422563e-03
6.774782447752025760e-02,-8.072395339240756584e-03
6.755629191260942301e-02,-8.129973768347592555e-03
6.736474031644398841e-02,-8.187488852449242849e-03
6.717316947432025454e-02,-8.244939799466416419e-03
6.698157916973190851e-02,-8.302325808428545617e-03
6.678996918442930975e-02,-8.359646069596382567e-03
6.659833929848330003e-02,-8.416899764592838951e-03
6.640668929035054013e-02,-8.474086066543901063e-03
6.621501893694267671e-02,-8.531204140231035682e-03
6.602332801369867332e-02,-8.588253142251311978e-03
6.583161629465988929e-02,-8.645232221189624866e-03
6.563988355254940510e-02,-8.702140517800771580e-03
6.544812955885201400e-02,-8.758977165202991300e-03
6.525635408390059733e-02,-8.815741289081246990e-03
6.506455689696319378e-02,-8.872432007902164575e-03
6.487273776633450950e-02,-8.929048433140379659e-03
6.468089645943045363e-02,-8.985589669515237077e-03
6.448903274288497744e-02,-9.042054815240424537e-03
6.429714638265118798e-02,-9.098442962283459501e-03
6.410523714410548690e-02,-9.154753196637832602e-03
6.391330479215315274e-02,-9.210984598606003493e-03
6.372134909134014036e-02,-9.267136243095275283e-03
6.352936980596446404e-02,-9.323207199924132826e-03
6.333736670019288195e-02,-9.379196534140932240e-03
6.314533953817941248e-02,-9.435103306354664099e-03
6.295328808418731992e-02,-9.490926573076680084e-03
6.276121210271362605e-02,-9.546665387074521059e-03
6.256911135861592532e-02,-9.602318797738540468e-03
6.237698561724253077e-02,-9.657885851456965431e-03
6.218483464456472931e-02,-9.713365592006834026e-03
6.199265820731150733e-02,-9.768757060952010240e-03
6.180045607310724609e-02,-9.824059298055493050e-03
6.160822801061005549e-02,-9.879271341701356679e-03
6.141597378965432674e-02,-9.934392229327876356e-03
6.122369318139309069e-02,-9.989420997871367724e-03
6.103138595844434522e-02,-1.004435668422021255e-02
6.083905189503757693e-02,-1.009919832568015319e-02
6.064669076716200369e-02,-1.015394496044760841e-02
6.045430235271725961e-02,-1.020859562809453558e-02
6.026188643166380254e-02,-1.026314937006103656e-02
6.006944278617551425e-02,-1.031760523015828879e-02
5.987697120079343849e-02,-1.037196225507841518e-02
5.968447146257868652e-02,-1.042621949491465139e-02
5.949194336126742422e-02,-1.048037600368662003e-02
5.929938668942583146e-02,-1.053443083987593010e-02
5.910680124260417334e-02,-1.058838306696574527e-02
5.891418681949339708e-02,-1.064223175398862353e-02
5.872154322207759347e-02,-1.069597597607932493e-02
5.852887025579003866e-02,-1.074961481503339256e-02
5.833616772966568331e-02,-1.080314735986978580e-02
5.814343545649405809e-02,-1.085657270739859293e-02
5.795067325297117988e-02,-1.090988996279138035e-02
5.775788093984937643e-02,-1.096309824015542778e-02
5.756505834208600070e-02,-1.101619666310924006e-02
5.737220528899047989e-02,-1.106918436536064032e-02
5.717932161436903304e-02,-1.112206049128552920e-02
5.698640715666811185e-02,-1.117482419650631109e-02
5.679346175911403893e-02,-1.122747464847134724e-02
5.660048526985053674e-02,-1.128001102703202196e-02
5.640747754207417475e-02,-1.133243252501808795e-02
5.621443843416568109e-02,-1.138473834881123525e-02
5.602136780981820108e-02,-1.143692771891530180e-02
5.582826553816286341e-02,-1.148899987052090510e-02
5.563513149388871204e-02,-1.154095405406710406e-02
5.544196555736141674e-02,-1.159278953579692684e-02
5.524876761473479503e-02,-1.164450559830598753e-02
5.505553755806089078e-02,-1.169610154108419176e-02
5.486227528539366904e-02,-1.174757668105011477e-02
5.466898070088849204e-02,-1.179893035307644222e-02
5.447565371489651587e-02,-1.185016191050589085e-02
5.428229424405531245e-02,-1.190127072565630439e-02
5.408890221137183096e-02,-1.195225619031684006e-02
5.389547754630333309e-02,-1.200311771622972201e-02
5.370202018482903017e-02,-1.205385473556250253e-02
5.350853006951922231e-02,-1.210446670136469671e-02
5.331500714959727660e-02,-1.215495308801223251e-02
5.312145138099555464e-02,-1.220531339163713480e-02
5.292786272640670475e-02,-1.225554713054083367e-02
5.273424115532665546e-02,-1.230565384559370590e-02
5.254058664409369528e-02,-1.235563310061651987e-02
5.234689917592022512e-02,-1.240548448274550464e-02
5.215317874091784933e-02,-1.245520760277915584e-02
5.195942533611783154e-02,-1.250480209550827726e-02
5.176563896548300181e-02,-1.255426762002517793e-02
5.157181963991469553e-02,-1.260360386001577182e-02
5.137796737725308649e-02,-1.265281052402983386e-02
5.118408220227063654e-02,-1.270188734573324263e-02
5.099016414666027175e-02,-1.275083408413760222e-02
5.079621324901523183e-02,-1.279965052381043522e-02
5.060222955480481177e-02,-1.284833647506331000e-02
5.040821311634235968e-02,-1.289689177411817989e-02
5.021416399274725162e-02,-1.294531628325237826e-02
5.002008224990192597e-02,-1.299360989092090968e-02
4.982596796040064668e-02,-1.304177251185700825e-02
4.963182120349415860e-02,-1.308980408714968680e-02
4.943764206502790359e-02,-1.313770458429863730e-02
4.924343063737424142e-02,-1.318547399724603886e-02
4.904918701935925829e-02,-1.323311234638685496e-02
4.885491131618385774e-02,-1.328061967855559411e-02
4.866060363933968902e-02,-1.332799606698922834e-02
4.846626410652002392e-02,-1.337524161126907307e-02
4.827189284152466620e-02,-1.342235643723901917e-02
4.807748997416222414e-02,-1.346934069690214342e-02
4.788305564014397331e-02,-1.351619456829369903e-02
4.768858998097694202e-02,-1.356291825533373352e-02
4.749409314385044656e-02,-1.360951198765641967e-02
4.729956528151896267e-02,-1.365597602041854208e-02
4.710500655218144428e-02,-1.370231063408647310e-02
4.691041711935634018e-02,-1.374851613420358110e-02
4.671579715175330771e-02,-1.379459285113457390e-02
4.652114682314170691e-02,-1.384054113979257816e-02
4.632646631221579159e-02,-1.388636137934495807e-02
4.613175580245715279e-02,-1.393205397290056546e-02
4.593701548199458085e-02,-1.397761934717847709e-02
4.574224554346054128e-02,-1.402305795215877393e-02
4.554744618384690136e-02,-1.406837026071577901e-02
4.535261760435757572e-02,-1.411355676823389249e-02
4.515776001026011732e-02,-1.415861799220877182e-02
4.496287361073433853e-02,-1.420355447183077602e-02
4.476795861872162607e-02,-1.424836676755533715e-02
4.457301525077117521e-02,-1.429305546065792742e-02
4.437804372688652910e-02,-1.433762115277600890e-02
4.418304427037117454e-02,-1.438206446543779937e-02
4.398801710767322182e-02,-1.442638603957924204e-02
4.379296246823025096e-02,-1.447058653504912362e-02
4.359788058431338098e-02,-1.451466663010408942e-02
4.340277169087261577e-02,-1.455862702089327776e-02
4.320763602538157944e-02,-1.460246842093385067e-02
4.301247382768272343e-02,-1.464619156057853089e-02
4.281728533983389373e-02,-1.468979718647511756e-02
4.262207080595473152e-02,-1.473328606101867444e-02
4.242683047207543301e-02,-1.477665896179916616e-02
4.223156458598528729e-02,-1.481991668104210014e-02
4.203627339708387867e-02,-1.486306002504519941e-02
4.184095715623251110e-02,-1.490608981361168928e-02
4.164561611560849141e-02,-1.494900687947950391e-02
4.145025052856016190e-02,-1.499181206774954922e-02
4.125486064946515263e-02,-1.503450623531066288e-02
4.105944673358896679e-02,-1.507709025026474081e-02
4.086400903694728526e-02,-1.511956499135219678e-02
4.066854781616999204e-02,-1.516193134737592318e-02
4.047306332836714260e-02,-1.520419021662869352e-02
4.027755583099870695e-02,-1.524634250632081467e-02
4.008202558174520092e-02,-1.528838913201097105e-02
3.988647283838242519e-02,-1.533033101703989987e-02
3.969089785865820286e-02,-1.537216909196809089e-02
3.949530090017192019e-02,-1.541390429401701123e-02
3.929968222025853608e-02,-1.545553756651626975e-02
3.910404207587228620e-02,-1.549706985835530570e-02
3.890838072347682641e-02,-1.553850212344176640e-02
3.871269841893631991e-02,-1.557983532016538053e-02
3.851699541741038235e-02,-1.562107041086954751e-02
3.832127197325224666e-02,-1.566220836132983796e-02
3.812552833990939805e-02,-1.570325014024062660e-02
3.792976476982851120e-02,-1.574419671870957993e-02
3.773398151436210823e-02,-1.578504906976152533e-02
3.753817882367971315e-02,-1.582580816785034150e-02
3.734235694668228134e-02,-1.586647498838020254e-02
3.714651613091807247e-02,-1.590705050723739689e-02
3.695065662250390792e-02,-1.594753570033113910e-02
3.675477866604817678e-02,-1.598793154314498421e-02
3.655888250457792199e-02,-1.602823901029876152e-02
3.636296837946817462e-02,-1.606845907512069460e-02
3.616703653037517396e-02,-1.610859270923081787e-02
3.597108719517266850e-02,-1.614864088213541216e-02
3.577512060989052056e-02,-1.618860456083232036e-02
3.557913700865730777e-02,-1.622848470942786503e-02
3.538313662364553358e-02,-1.626828228876478488e-02
3.518711968501947451e-02,-1.630799825606282782e-02
3.499108642088663568e-02,-1.634763356456914174e-02
3.479503705725170426e-02,-1.638718916322196018e-02
3.459897181797258470e-02,-1.642666599632525148e-02
3.440289092472156862e-02,-1.646606500323433142e-02
3.420679459694608848e-02,-1.650538711805504821e-02
3.401068305183430063e-02,-1.654463326935295964e-02
3.381455650428280557e-02,-1.658380437987430622e-02
3.361841516686658871e-02,-1.662290136627977977e-02
3.342225924981198637e-02,-1.666192513888800630e-02
3.322608896097140052e-02,-1.670087660143218522e-02
3.302990450580084447e-02,-1.673975665082652609e-02
3.283370608733984786e-02,-1.677856617694514774e-02
3.263749390619341550e-02,-1.681730606241124693e-02
3.244126816051656759e-02,-1.685597718239728593e-02
3.224502904599996223e-02,-1.689458040443611586e-02
3.204877675585904306e-02,-1.693311658824336874e-02
3.185251148082396400e-02,-1.697158658554887012e-02
3.165623340913215067e-02,-1.700999123993970907e-02
3.145994272652263835e-02,-1.704833138671249526e-02
3.126363961623168652e-02,-1.708660785273619087e-02
3.106732425899061401e-02,-1.712482145632451824e-02
3.087099683302563236e-02,-1.716297300711719376e-02
3.067465751405834551e-02,-1.720106330597148681e-02
3.047830647530841430e-02,-1.723909314486207767e-02
3.028194388749816390e-02,-1.727706330679004698e-02
3.008556991885730225e-02,-1.731497456570135762e-02
2.988918473513033081e-02,-1.735282768641152606e-02
2.969278849958406630e-02,-1.739062342454081311e-02
2.949638137301799357e-02,-1.742836252645649231e-02
2.929996351377400776e-02,-1.746604572922202947e-02
2.910353507774868231e-02,-1.750367376055528279e-02
2.890709621840548138e-02,-1.754124733879264264e-02
2.871064708678908173e-02,-1.757876717286085966e-02
2.851418783154008318e-02,-1.761623396225520111e-02
2.831771859891060727e-02,-1.765364839702499022e-02
2.812123953278070077e-02,-1.769101115776397504e-02
2.792475077467596045e-02,-1.772832291560852425e-02
2.772825246378551878e-02,-1.776558433224018074e-02
2.753174473698091762e-02,-1.780279605989487646e-02
2.733522772883587026e-02,-1.783995874137633830e-02
2.713870157164585684e-02,-1.787707301007604443e-02
2.694216639544921854e-02,-1.791413948999745487e-02
2.674562232804864048e-02,-1.795115879578429441e-02
2.654906949503205160e-02,-1.798813153275438670e-02
2.635250801979602264e-02,-1.802505829693781814e-02
2.615593802356760977e-02,-1.806193967511737775e-02
2.595935962542708642e-02,-1.809877624487571390e-02
2.576277294233222936e-02,-1.813556857464376781e-02
2.556617808914113388e-02,-1.817231722375331482e-02
2.536957517863677736e-02,-1.820902274249394659e-02
2.517296432155063934e-02,-1.824568567217105253e-02
2.497634562658745949e-02,-1.828230654516938003e-02
2.477971920044952370e-02,-1.831888588501567883e-02
2.458308514786150534e-02,-1.835542420644817319e-02
2.438644357159569509e-02,-1.839192201548481287e-02
2.418979457249612053e-02,-1.842837980949582621e-02
2.399313824950410901e-02,-1.846479807727730016e-02
2.379647469968310114e-02,-1.850117729912734155e-02
2.359980401824390839e-02,-1.853751794692370947e-02
2.340312629856999838e-02,-1.857382048420230802e-02
2.320644163224164225e-02,-1.861008536623920406e-02
2.300975010906192164e-02,-1.864631304013111834e-02
2.281305181708109808e-02,-1.868250394487977473e-02
2.261634684262170403e-02,-1.871865851147502813e-02
2.241963527030346737e-02,-1.875477716298093456e-02
2.222291718306754205e-02,-1.879086031462146034e-02
2.202619266220121053e-02,-1.882690837386682969e-02
2.182946178736261400e-02,-1.886292174052128789e-02
2.163272463660440015e-02,-1.889890080681055906e-02
2.143598128639845335e-02,-1.893484595746983135e-02
2.123923181165923713e-02,-1.897075756983240824e-02
2.104247628576766393e-02,-1.900663601391869295e-02
2.084571478059449312e-02,-1.904248165252428460e-02
2.064894736652372886e-02,-1.907829484130899034e-02
2.045217411247596262e-02,-1.911407592888553220e-02
2.025539508593046656e-02,-1.914982525690836490e-02
2.005861035294836947e-02,-1.918554316016149452e-02
1.986181997819447265e-02,-1.922122996664707428e-02
1.966502402495992619e-02,-1.925688599767280684e-02
1.946822255518385059e-02,-1.929251156793951316e-02
1.927141562947440323e-02,-1.932810698562784091e-02
1.907460330713045549e-02,-1.936367255248450103e-02
1.887778564616271471e-02,-1.939920856390833781e-02
1.868096270331415232e-02,-1.943471530903537192e-02
1.848413453408068174e-02,-1.947019307082284434e-02
1.828730119273097587e-02,-1.950564212613367654e-02
1.809046273232656210e-02,-1.954106274581893232e-02
1.789361920474141776e-02,-1.957645519480008534e-02
1.769677066068073290e-02,-1.961181973215087027e-02
1.749991714970089429e-02,-1.964715661117671930e-02
1.730305872022711022e-02,-1.968246607949539206e-02
1.710619541957228429e-02,-1.971774837911538514e-02
1.690932729395486223e-02,-1.975300374651342561e-02
1.671245438851687304e-02,-1.978823241271093769e-02
1.651557674734133174e-02,-1.982343460335056484e-02
1.631869441346905925e-02,-1.985861053877005511e-02
1.612180742891594631e-02,-1.989376043407661832e-02
1.592491583468919059e-02,-1.992888449921892402e-02
1.572801967080383889e-02,-1.996398293905923826e-02
1.553111897629885774e-02,-1.999905595344328435e-02
1.533421378925209355e-02,-2.003410373726988158e-02
1.513730414679653746e-02,-2.006912648055919624e-02
1.494039008513486921e-02,-2.010412436851988227e-02
1.474347163955397333e-02,-2.013909758161483432e-02
1.454654884444070428e-02,-2.017404629562646878e-02
1.434962173329437651e-02,-2.020897068171975675e-02
1.415269033874178017e-02,-2.024387090650556220e-02
1.395575469255086465e-02,-2.027874713210170432e-02
1.375881482564325631e-02,-2.031359951619293724e-02
1.356187076810841385e-02,-2.034842821209079111e-02
1.336492254921545220e-02,-2.038323336879083181e-02
1.316797019742615982e-02,-2.041801513103005949e-02
1.297101374040754429e-02,-2.045277363934200343e-02
1.277405320504296227e-02,-2.048750903011206659e-02
1.257708861744474826e-02,-2.052222143563028900e-02
1.238012000296506709e-02,-2.055691098414341722e-02
1.218314738620757121e-02,-2.059157779990691828e-02
1.198617079103758698e-02,-2.062622200323407928e-02
1.178919024059399412e-02,-2.066084371054560664e-02
1.159220575729846825e-02,-2.069544303441664401e-02
1.139521736286661091e-02,-2.073002008362420656e-02
1.119822507831724767e-02,-2.076457496319211726e-02
1.100122892398250340e-02,-2.079910777443563785e-02
1.080422891951710040e-02,-2.083361861500512835e-02
1.060722508390790630e-02,-2.086810757892809676e-02
1.041021743548264933e-02,-2.090257475665013853e-02
1.021320599191855027e-02,-2.093702023507532095e-02
1.001619077025139859e-02,-2.097144409760598460e-02
9.819171786883490460e-03,-2.100584642417924197e-02
9.622149057592205290e-03,-2.104022729130569647e-02
9.425122597537138880e-03,-2.107458677210416464e-02
9.228092421268624390e-03,-2.110892493633736988e-02
9.031058542734726746e-03,-2.114324185044555438e-02
8.834020975288653377e-03,-2.117753757757998012e-02
8.636979731696137197e-03,-2.121181217763395965e-02
8.439934824141792635e-03,-2.124606570727483046e-02
8.242886264236276572e-03,-2.128029821997370896e-02
8.045834063022533345e-03,-2.131450976603430081e-02
7.848778230982123016e-03,-2.134870039262162789e-02
7.651718778041716185e-03,-2.138287014378881246e-02
7.454655713578423049e-03,-2.141701906050327842e-02
7.257589046426093926e-03,-2.145114718067248072e-02
7.060518784880703835e-03,-2.148525453916863559e-02
6.863444936705404009e-03,-2.151934116785142459e-02
6.666367509136933434e-03,-2.155340709559144807e-02
6.469286508889310339e-03,-2.158745234829198556e-02
6.272201942159300048e-03,-2.162147694890970140e-02
6.075113814631744047e-03,-2.165548091747479531e-02
5.878022131483140456e-03,-2.168946427111059783e-02
5.680926897386806562e-03,-2.172342702405194448e-02
5.483828116516958895e-03,-2.175736918766207895e-02
5.286725792552710024e-03,-2.179129077045074969e-02
5.089619928682231897e-03,-2.182519177808919797e-02
4.892510527606225290e-03,-2.185907221342542339e-02
4.695397591542416205e-03,-2.189293207649928297e-02
4.498281122228359186e-03,-2.192677136455545295e-02
4.301161120924767989e-03,-2.196059007205691804e-02
4.104037588419651161e-03,-2.199438819069604589e-02
3.906910525030560244e-03,-2.202816570940749341e-02
3.709779930607809417e-03,-2.206192261437719959e-02
3.512645804537944949e-03,-2.209565888905337672e-02
3.315508145745493795e-03,-2.212937451415558643e-02
3.118366952696655092e-03,-2.216306946768240027e-02
2.921222223400715690e-03,-2.219674372491986514e-02
2.724073955413353065e-03,-2.223039725844813685e-02
2.526922145838411682e-03,-2.226403003814828030e-02
2.329766791330178943e-03,-2.229764203120696009e-02
2.132607888095411353e-03,-2.233123320212271334e-02
1.935445431894972090e-03,-2.236480351270878075e-02
1.738279418045968194e-03,-2.239835292209788054e-02
1.541109841423859983e-03,-2.243188138674406806e-02
1.343936696462710856e-03,-2.246538886042617755e-02
1.146759977158073873e-03,-2.249887529424821064e-02
9.495796770675468679e-04,-2.253234063664152909e-02
7.523957893121879792e-04,-2.256578483336385554e-02
5.552083065780422100e-04,-2.259920782749996748e-02
3.580172211166687823e-04,-2.263260955946047592e-02
1.608225247464178942e-04,-2.266598996697996582e-02
-3.637579114662559121e-05,-2.269934898511488663e-02
-2.335777356080870337e-04,-2.273268654624113760e-02
-4.307833181145803714e-04,-2.276600258004968236e-02
-6.279925485727921863e-04,-2.279929701354357907e-02
-8.252054373195094605e-04,-2.283256977103237384e-02
-1.022421995120953442e-03,-2.286582077412774305e-02
-1.219642233172224532e-03,-2.289904994173638797e-02
-1.416866163097330045e-03,-2.293225719005478891e-02
-1.614093796949211956e-03,-2.296544243256093409e-02
-1.811325147209330577e-03,-2.299860558000760280e-02
-2.008560226787609038e-03,-2.303174654041381664e-02
-2.205799049023293712e-03,-2.306486521905540266e-02
-2.403041627683843995e-03,-2.309796151845608381e-02
-2.600287976966486614e-03,-2.313103533837709835e-02
-2.797538111497965829e-03,-2.316408657580720787e-02
-2.994792046334793234e-03,-2.319711512494984640e-02
-3.192049796964108177e-03,-2.323012087721298968e-02
-3.389311379303955318e-03,-2.326310372119635983e-02
-3.586576809704394853e-03,-2.329606354267699242e-02
-3.783846104947558020e-03,-2.332900022459760692e-02
-3.981119282249173663e-03,-2.336191364705095252e-02
-4.178396359258956805e-03,-2.339480368726498671e-02
-4.375677354061385804e-03,-2.342767021958919171e-02
-4.572962285177312181e-03,-2.346051311547592277e-02
-4.770251171564821036e-03,-2.349333224346605853e-02
-4.967544032620146988e-03,-2.352612746917026598e-02
-5.164840888179172973e-03,-2.355889865525190308e-02
-5.362141758518568224e-03,-2.359164566140842245e-02
-5.559446664357453605e-03,-2.362436834435255317e-02
-5.756755626858151009e-03,-2.365706655779209466e-02
-5.954068667628681366e-03,-2.368974015241021025e-02
-6.151385808723597304e-03,-2.372238897584327821e-02
-6.348707072645592975e-03,-2.375501287266174044e-02
-6.546032482347835524e-03,-2.378761168434517792e-02
-6.743362061235325111e-03,-2.382018524926154956e-02
-6.940695833166393713e-03,-2.385273340264260078e-02
-7.138033822455619459e-03,-2.388525597656004917e-02
-7.335376053874353985e-03,-2.391775279990104863e-02
-7.532722552654191883e-03,-2.395022369834226561e-02
-7.730073344488191944e-03,-2.398266849432417747e-02
-7.927428455533486185e-03,-2.401508700702453813e-02
-8.124787912413222735e-03,-2.404747905232984539e-02
-8.322151742218703019e-03,-2.407984444280830694e-02
-8.519519972512323847e-03,-2.411218298767997537e-02
-8.716892631329520302e-03,-2.414449449278877058e-02
-8.914269747181430281e-03,-2.417677876056989472e-02
-9.111651349057336979e-03,-2.420903559002096639e-02
-9.309037466427361185e-03,-2.424126477666849189e-02
-9.506428129245375613e-03,-2.427346611253711206e-02
-9.703823367951031065e-03,-2.430563938611446373e-02
-9.901223213473309137e-03,-2.433778438231887220e-02
-1.009862769723332554e-02,-2.436990088246304698e-02
-1.029603685114624523e-02,-2.440198866421988688e-02
-1.049345070762583432e-02,-2.443404750158456595e-02
-1.069086929958637522e-02,-2.446607716483889527e-02
-1.088829266044621935e-02,-2.449807742051196557e-02
-1.108572082413084026e-02,-2.453004803134184453e-02
-1.128315382507602549e-02,-2.456198875623594180e-02
-1.148059169823148484e-02,-2.459389935022993079e-02
-1.167803447906376468e-02,-2.462577956444689242e-02
-1.187548220355993944e-02,-2.465762914605390543e-02
-1.207293490823144189e-02,-2.468944783822030198e-02
-1.227039263011653336e-02,-2.472123538007198196e-02
-1.246785540678510551e-02,-2.475299150664694858e-02
-1.266532327634187216e-02,-2.478471594884912310e-02
-1.286279627742997755e-02,-2.481640843340154889e-02
-1.306027444923493763e-02,-2.484806868279759717e-02
-1.325775783148841480e-02,-2.487969641525233921e-02
-1.345524646447221473e-02,-2.491129134465319694e-02
-1.365274038902250520e-02,-2.494285318050681877e-02
-1.385023964653317452e-02,-2.497438162788923055e-02
-1.404774427896093858e-02,-2.500587638739115715e-02
-1.424525432882822740e-02,-2.503733715506406554e-02
-1.444276983922856972e-02,-2.506876362236443168e-02
-1.464029085383022899e-02,-2.510015547609772968e-02
-1.483781741688078304e-02,-2.513151239836075579e-02
-1.503534957321156496e-02,-2.516283406648173182e-02
-1.523288736824165990e-02,-2.519412015296079721e-02
-1.543043084798287334e-02,-2.522537032541005697e-02
-1.562798005904439402e-02,-2.525658424648830058e-02
-1.582553504863673521e-02,-2.528776157383977319e-02
-1.602309586457734136e-02,-2.531890196002817284e-02
-1.622066255529430734e-02,-2.535000505246948199e-02
-1.641823516983195730e-02,-2.538107049336624232e-02
-1.661581375785503578e-02,-2.541209791963694453e-02
-1.681339836965442536e-02,-2.544308696284669491e-02
-1.701098905615119894e-02,-2.547403724913488432e-02
-1.720858586890139375e-02,-2.550494839914230205e-02
-1.740618886010256161e-02,-2.553582002793719496e-02
-1.760379808259682211e-02,-2.556665174493777393e-02
-1.780141358987749611e-02,-2.559744315383721824e-02
-1.799903543609360224e-02,-2.562819385252224080e-02
-1.819666367605440871e-02,-2.565890343299415122e-02
-1.839429836523587269e-02,-2.568957148128653278e-02
-1.859193955978508117e-02,-2.572019757738180923e-02
-1.878958731652566327e-02,-2.575078129512542446e-02
-1.898724169296295283e-02,-2.578132220214002235e-02
-1.918490274728945622e-02,-2.581181985973668436e-02
-1.938257053838990385e-02,-2.584227382282483498e-02
-1.958024512584721766e-02,-2.587268363982009323e-02
-1.977792656994689646e-02,-2.590304885255206857e-02
-1.997561493168314994e-02,-2.593336899616793811e-02
-2.017331027276383915e-02,-2.596364359903619023e-02
-2.037101265561580554e-02,-2.599387218264731514e-02
-2.056872214339044991e-02,-2.602405426151394030e-02
-2.076643879996936670e-02,-2.605418934306807932e-02
-2.096416268996864618e-02,-2.608427692755704852e-02
-2.116189387874517491e-02,-2.611431650793688553e-02
-2.135963243240074361e-02,-2.614430756976532377e-02
-2.155737841778937458e-02,-2.617424959109077021e-02
-2.175513190252020834e-02,-2.620414204234100541e-02
-2.195289295496377635e-02,-2.623398438620894169e-02
-2.215066164425671946e-02,-2.626377607753715981e-02
-2.234843804030761660e-02,-2.629351656319917074e-02
-2.254622221380164770e-02,-2.632320528198051068e-02
-2.274401423620359131e-02,-2.635284166445517329e-02
-2.294181417976642878e-02,-2.638242513286342961e-02
-2.313962211753256559e-02,-2.641195510098370836e-02
-2.333743812333977097e-02,-2.644143097400475373e-02
-2.353526227182617392e-02,-2.647085214839500766e-02
-2.373309463843426004e-02,-2.650021801177027125e-02
-2.393093529941514586e-02,-2.652952794275759141e-02
-2.412878433183185400e-02,-2.655878131085948057e-02
-2.432664181356408717e-02,-2.658797747631264086e-02
-2.452450782331333512e-02,-2.661711578994752081e-02
-2.472238244060287471e-02,-2.664619559304354235e-02
-2.492026574578554143e-02,-2.667521621718293989e-02
-2.511815782004339637e-02,-2.670417698410226803e-02
-2.531605874539261114e-02,-2.673307720554002342e-02
-2.551396860468596595e-02,-2.676191618308537690e-02
-2.571188748161462589e-02,-2.679069320802046628e-02
-2.590981546071169372e-02,-2.681940756116296676e-02
-2.610775262735248736e-02,-2.684805851270538612e-02
-2.630569906775787059e-02,-2.687664532205202850e-02
-2.650365486899436407e-02,-2.690516723765340457e-02
-2.670162011897614374e-02,-2.693362349683847690e-02
-2.689959490646487428e-02,-2.696201332564385211e-02
-2.709757932107059730e-02,-2.699033593864180736e-02
-2.729557345325095419e-02,-2.701859053876448646e-02
-2.749357739431218528e-02,-2.704677631712565367e-02
-2.769159123640585474e-02,-2.707489245284167012e-02
-2.788961507252935013e-02,-2.710293811284775201e-02
-2.808764899652316238e-02,-2.713091245171367349e-02
-2.828569310306899842e-02,-2.715881461145491782e-02
-2.848374748768606191e-02,-2.718664372134382834e-02
-2.868181224672794460e-02,-2.721439889771687382e-02
-2.887988747737868511e-02,-2.724207924377858303e-02
-2.907797327764827244e-02,-2.726968384940592349e-02
-2.927606974636648429e-02,-2.729721179094635186e-02
-2.947417698317739143e-02,-2.732466213101691910e-02
-2.967229508853280739e-02,-2.735203391829937880e-02
-2.987042416368440589e-02,-2.737932618733274204e-02
-3.006856431067578272e-02,-2.740653795830383377e-02
-3.026671563233324092e-02,-2.743366823683607292e-02
-3.046487823225535463e-02,-2.746071601377464422e-02
-3.066305221480364329e-02,-2.748768026497078187e-02
-3.086123768508897136e-02,-2.751455995106222296e-02
-3.105943474896105672e-02,-2.754135401725377186e-02
-3.125764351299287203e-02,-2.756806139309314618e-02
-3.145586408446693349e-02,-2.759468099224632320e-02
-3.165409657135936916e-02,-2.762121171226972205e-02
-3.185234108232343209e-02,-2.764765243438183084e-02
-3.205059772667090412e-02,-2.767400202323144764e-02
-3.224886661435272250e-02,-2.770025932666464463e-02
-3.244714785593921791e-02,-2.772642317548906776e-02
-3.264544156259802099e-02,-2.775249238323862500e-02
-3.284374784607080322e-02,-2.777846574593278994e-02
-3.304206681864824136e-02,-2.780434204183829250e-02
-3.324039859314481538e-02,-2.783012003122592448e-02
-3.343874328287083086e-02,-2.785579845612778938e-02
-3.363710100160421934e-02,-2.788137604009249815e-02
-3.383547186355728709e-02,-2.790685148793881076e-02
-3.403385598334818241e-02,-2.793222348550855605e-02
-3.423225347596320356e-02,-2.795749069941810827e-02
-3.443066445672321452e-02,-2.798265177680864246e-02
-3.462908904124478715e-02,-2.800770534509666732e-02
-3.482752734540089934e-02,-2.803265001172106086e-02
-3.502597948527924610e-02,-2.805748436389243761e-02
-3.522444557713838575e-02,-2.808220696834112795e-02
-3.542292573736233185e-02,-2.810681637106310360e-02
-3.562142008241242497e-02,-2.813131109706756838e-02
-3.581992872877659551e-02,-2.815568965012427149e-02
-3.601845179291829346e-02,-2.817995051250826721e-02
-3.621698939121931193e-02,-2.820409214474972615e-02
-3.641554163992477555e-02,-2.822811298537902802e-02
-3.661410865508263335e-02,-2.825201145067557373e-02
-3.681269055247993194e-02,-2.827578593441604227e-02
-3.701128744757919975e-02,-2.829943480762475705e-02
-3.720989945545022382e-02,-2.832295641832205391e-02
-3.740852669069966163e-02,-2.834634909127875524e-02
-3.760716926739593458e-02,-2.836961112776759109e-02
-3.780582729899539807e-02,-2.839274080531850597e-02
-3.800450089826035160e-02,-2.841573637747663028e-02
-3.820319017717799248e-02,-2.843859607355958552e-02
-3.840189524687315226e-02,-2.846131809842139537e-02
-3.860061621752142180e-02,-2.848390063221362123e-02
-3.879935319825389417e-02,-2.850634183015460232e-02
-3.899810629706351728e-02,-2.852863982229875139e-02
-3.919687562070395259e-02,-2.855079271331018020e-02
-3.939566127458865585e-02,-2.857279858223998881e-02
-3.959446336268224176e-02,-2.859465548230727405e-02
-3.979328198739084943e-02,-2.861636144068474552e-02
-3.999211724944906621e-02,-2.863791445828867133e-02
-4.019096924779919089e-02,-2.865931250957370890e-02
-4.038983807947216231e-02,-2.868055354233306486e-02
-4.058872383945977269e-02,-2.870163547750409494e-02
-4.078762662058499355e-02,-2.872255620897973261e-02
-4.098654651336736121e-02,-2.874331360342530228e-02
-4.118548360588464297e-02,-2.876390550010388125e-02
-4.138443798362956283e-02,-2.878432971070615798e-02
-4.158340972936364066e-02,-2.880458401918911671e-02
-4.178239892296364832e-02,-2.882466618162154992e-02
-4.198140564126662255e-02,-2.884457392603778647e-02
-4.218042995790904914e-02,-2.886430495229985738e-02
-4.237947194316105115e-02,-2.888385693196815485e-02
-4.257853166375646925e-02,-2.890322750818197228e-02
-4.277760918271811263e-02,-2.892241429554731624e-02
-4.297670455917818044e-02,-2.894141488003854068e-02
-4.317581784819368718e-02,-2.896022681890603190e-02
-4.337494910055739172e-02,-2.897884764059810436e-02
-4.357409836260450753e-02,-2.899727484469183381e-02
-4.377326567601269591e-02,-2.901550590183715750e-02
-4.397245107759800709e-02,-2.903353825371179919e-02
-4.417165459910782355e-02,-2.905136931298840652e-02
-4.437087626700469967e-02,-2.906899646331712050e-02
-4.457011610224947962e-02,-2.908641705931819255e-02
-4.476937412007719885e-02,-2.910362842659053317e-02
-4.496865032976815613e-02,-2.912062786173413853e-02
-4.516794473441410052e-02,-2.913741263238700530e-02
-4.536725733068130983e-02,-2.915397997727664503e-02
-4.556658810856528685e-02,-2.917032710628980618e-02
-4.576593705114379018e-02,-2.918645120055396447e-02
-4.596530413432375894e-02,-2.920234941253979644e-02
-4.616468932658363000e-02,-2.921801886617708677e-02
-4.636409258871038164e-02,-2.923345665699167428e-02
-4.656351387353385718e-02,-2.924865985225566511e-02
-4.676295312565381668e-02,-2.926362549116129363e-02
-4.696241028116560079e-02,-2.927835058500904974e-02
-4.716188526737774556e-02,-2.929283211741789961e-02
-4.736137800252965269e-02,-2.930706704455399159e-02
-4.756088839550248748e-02,-2.932105229537929070e-02
-4.776041634552569137e-02,-2.933478477192191791e-02
-4.795996174188199568e-02,-2.934826134956597388e-02
-4.815952446360682870e-02,-2.936147887736395568e-02
-4.835910437918461424e-02,-2.937443417836982373e-02
-4.855870134624290513e-02,-2.938712404999510586e-02
-4.875831521124179835e-02,-2.939954526438687266e-02
-4.895794580916168481e-02,-2.941169456882924971e-02
-4.915759296318783500e-02,-2.942356868616752275e-02
-4.935725648439209801e-02,-2.943516431525544652e-02
-4.955693617141282425e-02,-2.944647813142831083e-02
-4.975663181013406655e-02,-2.945750678699776692e-02
-4.995634317336045127e-02,-2.946824691177224453e-02
-5.015607002049360386e-02,-2.947869511360284855e-02
-5.035581209720452200e-02,-2.948884797895351406e-02
-5.055556913510733663e-02,-2.949870207349508666e-02
-5.075534085143329488e-02,-2.950825394272693636e-02
-5.095512694870124593e-02,-2.951750011262388451e-02
-5.115492711439229012e-02,-2.952643709030750019e-02
-5.135474102062159707e-02,-2.953506136474448596e-02
-5.155456832381438703e-02,-2.954336940747015472e-02
-5.175440866438141274e-02,-2.955135767334021724e-02
-5.195426166639599552e-02,-2.955902260130516268e-02
-5.215412693727528026e-02,-2.956636061521400460e-02
-5.235400406746104629e-02,-2.957336812464261833e-02
-5.255389263010723511e-02,-2.958004152574905676e-02
-5.275379218076792220e-02,-2.958637720215412381e-02
-5.295370225709133960e-02,-2.959237152584820452e-02
-5.315362237851739557e-02,-2.959802085812490713e-02
-5.335355204598002388e-02,-2.960332155053918557e-02
-5.355349074161591671e-02,-2.960826994589199623e-02
-5.375343792847903091e-02,-2.961286237923849152e-02
-5.395339305026114474e-02,-2.961709517892424648e-02
-5.415335553101885413e-02,-2.962096466764324587e-02
-5.435332477490989467e-02,-2.962446716352229448e-02
-5.455330016593662457e-02,-2.962759898122757640e-02
-5.475328106769700165e-02,-2.963035643309747114e-02
-5.495326682314732869e-02,-2.963273583029485403e-02
-5.515325675437171560e-02,-2.963473348398604212e-02
-5.535325016236469775e-02,-2.963634570653850275e-02
-5.555324632682223651e-02,-2.963756881274220989e-02
-5.575324450594582038e-02,-2.963839912105098451e-02
-5.595324393625766835e-02,-2.963883295484343039e-02
