x,y
-2.092899100655734868e-01,-1.682931108394052355e-01
-2.092738600824056439e-01,-1.681540741516916460e-01
-2.092578100992378010e-01,-1.680150374639780286e-01
-2.092417601160699858e-01,-1.678760007762644391e-01
-2.092257101329021429e-01,-1.677369640885508495e-01
-2.092096601497343000e-01,-1.675979274008372599e-01
-2.091936101665664571e-01,-1.674588907131236426e-01
-2.091775601833986420e-01,-1.673198540254100530e-01
-2.091615102002307991e-01,-1.671808173376964635e-01
-2.091454602170629562e-01,-1.670417806499828739e-01
-2.091294102338951133e-01,-1.669027439622692566e-01
-2.091133602507272704e-01,-1.667637072745556670e-01
-2.090973102675594553e-01,-1.666246705868420774e-01
-2.090812602843916124e-01,-1.664856338991284879e-01
-2.090652103012237695e-01,-1.663465972114148705e-01
-2.090491603180559266e-01,-1.662075605237012810e-01
-2.090331103348880837e-01,-1.660685238359876914e-01
-2.090170603517202685e-01,-1.659294871482741018e-01
-2.090010103685524256e-01,-1.657904504605604845e-01
-2.089849603853845827e-01,-1.656514137728468949e-01
-2.089689104022167399e-01,-1.655123770851333054e-01
-2.089528604190489247e-01,-1.653733403974197158e-01
-2.089368104358810818e-01,-1.652343037097060985e-01
-2.089207604527132389e-01,-1.650952670219925089e-01
-2.089047104695453960e-01,-1.649562303342789193e-01
-2.088886604863775531e-01,-1.648171936465653298e-01
-2.088726105032097380e-01,-1.646781569588517125e-01
-2.088565605200418951e-01,-1.645391202711381229e-01
-2.088405105368740522e-01,-1.644000835834245333e-01
-2.088244605537062093e-01,-1.642610468957109160e-01
-2.088084105705383664e-01,-1.641220102079973264e-01
-2.087923605873705513e-01,-1.639829735202837369e-01
-2.087763106042027084e-01,-1.638439368325701473e-01
-2.087602606210348655e-01,-1.637049001448565300e-01
-2.087442106378670226e-01,-1.635658634571429404e-01
-2.087281606546992074e-01,-1.634268267694293508e-01
-2.087121106715313645e-01,-1.632877900817157613e-01
-2.086960606883635216e-01,-1.631487533940021439e-01
-2.086800107051956787e-01,-1.630097167062885544e-01
-2.086639607220278358e-01,-1.628706800185749648e-01
-2.086479107388600207e-01,-1.627316433308613752e-01
-2.086318607556921778e-01,-1.625926066431477579e-01
-2.086158107725243349e-01,-1.624535699554341683e-01
-2.085997607893564920e-01,-1.623145332677205788e-01
-2.085837108061886491e-01,-1.621754965800069614e-01
-2.085676608230208340e-01,-1.620364598922933719e-01
-2.085516108398529911e-01,-1.618974232045797823e-01
-2.085355608566851482e-01,-1.617583865168661927e-01
-2.085195108735173053e-01,-1.616193498291525754e-01
-2.085034608903494902e-01,-1.614803131414389858e-01
-2.084874109071816473e-01,-1.613412764537253963e-01
-2.084713609240138044e-01,-1.612022397660118067e-01
-2.084553109408459615e-01,-1.610632030782981894e-01
-2.084392609576781186e-01,-1.609241663905845998e-01
-2.084232109745103034e-01,-1.607851297028710102e-01
-2.084071609913424605e-01,-1.606460930151574207e-01
-2.083911110081746176e-01,-1.605070563274438034e-01
-2.083750610250067747e-01,-1.603680196397302138e-01
-2.083590110418389318e-01,-1.602289829520166242e-01
-2.083429610586711167e-01,-1.600899462643030347e-01
-2.083269110755032738e-01,-1.599509095765894173e-01
-2.083108610923354309e-01,-1.598118728888758278e-01
-2.082948111091675880e-01,-1.596728362011622382e-01
-2.082787611259997729e-01,-1.595337995134486209e-01
-2.082627111428319300e-01,-1.593947628257350313e-01
-2.082466611596640871e-01,-1.592557261380214417e-01
-2.082306111764962442e-01,-1.591166894503078522e-01
-2.082145611933284013e-01,-1.589776527625942348e-01
-2.081985112101605861e-01,-1.588386160748806453e-01
-2.081824612269927433e-01,-1.586995793871670557e-01
-2.081664112438249004e-01,-1.585605426994534661e-01
-2.081503612606570575e-01,-1.584215060117398488e-01
-2.081343112774892146e-01,-1.582824693240262592e-01
-2.081182612943213994e-01,-1.581434326363126697e-01
-2.081022113111535565e-01,-1.580043959485990801e-01
-2.080861613279857136e-01,-1.578653592608854628e-01
-2.080701113448178707e-01,-1.577263225731718732e-01
-2.080540613616500556e-01,-1.575872858854582836e-01
-2.080380113784822127e-01,-1.574482491977446663e-01
-2.080219613953143698e-01,-1.573092125100310767e-01
-2.080059114121465269e-01,-1.571701758223174872e-01
-2.079898614289786840e-01,-1.570311391346038976e-01
-2.079738114458108689e-01,-1.568921024468902803e-01
-2.079577614626430260e-01,-1.567530657591766907e-01
-2.079417114794751831e-01,-1.566140290714631012e-01
-2.079256614963073402e-01,-1.564749923837495116e-01
-2.079096115131394973e-01,-1.563359556960358943e-01
-2.078935615299716821e-01,-1.561969190083223047e-01
-2.078775115468038392e-01,-1.560578823206087151e-01
-2.078614615636359964e-01,-1.559188456328950978e-01
-2.078454115804681535e-01,-1.557798089451815082e-01
-2.078293615973003383e-01,-1.556407722574679187e-01
-2.078133116141324954e-01,-1.555017355697543291e-01
-2.077972616309646525e-01,-1.553626988820407118e-01
-2.077812116477968096e-01,-1.552236621943271222e-01
-2.077651616646289667e-01,-1.550846255066135326e-01
-2.077491116814611516e-01,-1.549455888188999431e-01
-2.077330616982933087e-01,-1.548065521311863257e-01
-2.077170117151254658e-01,-1.546675154434727362e-01
-2.077009617319576229e-01,-1.545284787557591466e-01
-2.076849117487897800e-01,-1.543894420680455570e-01
-2.076688617656219649e-01,-1.542504053803319397e-01
-2.076528117824541220e-01,-1.541113686926183501e-01
-2.076367617992862791e-01,-1.539723320049047606e-01
-2.076207118161184362e-01,-1.538332953171911432e-01
-2.076046618329506210e-01,-1.536942586294775537e-01
-2.075886118497827781e-01,-1.535552219417639641e-01
-2.075725618666149352e-01,-1.534161852540503745e-01
-2.075565118834470923e-01,-1.532771485663367572e-01
-2.075404619002792495e-01,-1.531381118786231676e-01
-2.075244119171114343e-01,-1.529990751909095781e-01
-2.075083619339435914e-01,-1.528600385031959608e-01
-2.074923119507757485e-01,-1.527210018154823712e-01
-2.074762619676079056e-01,-1.525819651277687816e-01
-2.074602119844400627e-01,-1.524429284400551921e-01
-2.074441620012722476e-01,-1.523038917523416025e-01
-2.074281120181044047e-01,-1.521648550646279852e-01
-2.074120620349365618e-01,-1.520258183769143956e-01
-2.073960120517687189e-01,-1.518867816892008060e-01
-2.073799620686009038e-01,-1.517477450014871887e-01
-2.073639120854330609e-01,-1.516087083137735991e-01
-2.073478621022652180e-01,-1.514696716260600096e-01
-2.073318121190973751e-01,-1.513306349383464200e-01
-2.073157621359295322e-01,-1.511915982506328304e-01
-2.072997121527617170e-01,-1.510525615629192131e-01
-2.072836621695938741e-01,-1.509135248752056235e-01
-2.072676121864260312e-01,-1.507744881874920340e-01
-2.072515622032581883e-01,-1.506354514997784166e-01
-2.072355122200903454e-01,-1.504964148120648271e-01
-2.072194622369225303e-01,-1.503573781243512375e-01
-2.072034122537546874e-01,-1.502183414366376479e-01
-2.071873622705868445e-01,-1.500793047489240584e-01
-2.071713122874190016e-01,-1.499402680612104410e-01
-2.071552623042511865e-01,-1.498012313734968515e-01
-2.071392123210833436e-01,-1.496621946857832619e-01
-2.071231623379155007e-01,-1.495231579980696446e-01
-2.071071123547476578e-01,-1.493841213103560550e-01
-2.070910623715798149e-01,-1.492450846226424654e-01
-2.070750123884119998e-01,-1.491060479349288759e-01
-2.070589624052441569e-01,-1.489670112472152863e-01
-2.070429124220763140e-01,-1.488279745595016690e-01
-2.070268624389084711e-01,-1.486889378717880794e-01
-2.070108124557406559e-01,-1.485499011840744898e-01
-2.069947624725728130e-01,-1.484108644963608725e-01
-2.069787124894049701e-01,-1.482718278086472830e-01
-2.069626625062371272e-01,-1.481327911209336934e-01
-2.069466125230692843e-01,-1.479937544332201038e-01
-2.069305625399014692e-01,-1.478547177455065142e-01
-2.069145125567336263e-01,-1.477156810577928969e-01
-2.068984625735657834e-01,-1.475766443700793074e-01
-2.068824125903979405e-01,-1.474376076823657178e-01
-2.068663626072300976e-01,-1.472985709946521005e-01
-2.068503126240622825e-01,-1.471595343069385109e-01
-2.068342626408944396e-01,-1.470204976192249213e-01
-2.068182126577265967e-01,-1.468814609315113040e-01
-2.068021626745587538e-01,-1.467424242437977144e-01
-2.067861126913909109e-01,-1.466033875560841249e-01
-2.067700627082230957e-01,-1.464643508683705353e-01
-2.067540127250552529e-01,-1.463253141806569180e-01
-2.067379627418874100e-01,-1.461862774929433284e-01
-2.067219127587195671e-01,-1.460472408052297388e-01
-2.067058627755517519e-01,-1.459082041175161215e-01
-2.066898127923839090e-01,-1.457691674298025319e-01
-2.066737628092160661e-01,-1.456301307420889424e-01
-2.066577128260482232e-01,-1.454910940543753251e-01
-2.066416628428803803e-01,-1.453520573666617355e-01
-2.066256128597125652e-01,-1.452130206789481459e-01
-2.066095628765447223e-01,-1.450739839912345563e-01
-2.065935128933768794e-01,-1.449349473035209390e-01
-2.065774629102090365e-01,-1.447959106158073495e-01
-2.065614129270411936e-01,-1.446568739280937599e-01
-2.065453629438733785e-01,-1.445178372403801426e-01
-2.065293129607055356e-01,-1.443788005526665530e-01
-2.065132629775376927e-01,-1.442397638649529634e-01
-2.064972129943698498e-01,-1.441007271772393739e-01
-2.064811630112020069e-01,-1.439616904895257565e-01
-2.064651130280341917e-01,-1.438226538018121670e-01
-2.064490630448663488e-01,-1.436836171140985774e-01
-2.064330130616985060e-01,-1.435445804263849601e-01
-2.064169630785306631e-01,-1.434055437386713705e-01
-2.064009130953628479e-01,-1.432665070509577809e-01
-2.063848631121950050e-01,-1.431274703632441914e-01
-2.063688131290271621e-01,-1.429884336755305740e-01
-2.063527631458593192e-01,-1.428493969878169845e-01
-2.063367131626914763e-01,-1.427103603001033949e-01
-2.063206631795236612e-01,-1.425713236123897776e-01
-2.063046131963558183e-01,-1.424322869246761880e-01
-2.062885632131879754e-01,-1.422932502369625984e-01
-2.062725132300201325e-01,-1.421542135492490089e-01
-2.062564632468522896e-01,-1.420151768615353916e-01
-2.062404132636844745e-01,-1.418761401738218020e-01
-2.062243632805166316e-01,-1.417371034861082124e-01
-2.062083132973487887e-01,-1.415980667983945951e-01
-2.061922633141809458e-01,-1.414590301106810055e-01
-2.061762133310131029e-01,-1.413199934229674160e-01
-2.061601633478452877e-01,-1.411809567352538264e-01
-2.061441133646774448e-01,-1.410419200475402091e-01
-2.061280633815096019e-01,-1.409028833598266195e-01
-2.061120133983417591e-01,-1.407638466721130299e-01
-2.060959634151739439e-01,-1.406248099843994126e-01
-2.060799134320061010e-01,-1.404857732966858230e-01
-2.060638634488382581e-01,-1.403467366089722335e-01
-2.060478134656704152e-01,-1.402076999212586439e-01
-2.060317634825025723e-01,-1.400686632335450266e-01
-2.060157134993347572e-01,-1.399296265458314370e-01
-2.059996635161669143e-01,-1.397905898581178474e-01
-2.059836135329990714e-01,-1.396515531704042301e-01
-2.059675635498312285e-01,-1.395125164826906405e-01
-2.059515135666633856e-01,-1.393734797949770510e-01
-2.059354635834955705e-01,-1.392344431072634614e-01
-2.059194136003277276e-01,-1.390954064195498441e-01
-2.059033636171598847e-01,-1.389563697318362545e-01
-2.058873136339920418e-01,-1.388173330441226649e-01
-2.058712636508241989e-01,-1.386782963564090476e-01
-2.058552136676563837e-01,-1.385392596686954580e-01
-2.058391636844885408e-01,-1.384002229809818685e-01
-2.058231137013206979e-01,-1.382611862932682512e-01
-2.058070637181528550e-01,-1.381221496055546616e-01
-2.057910137349850399e-01,-1.379831129178410720e-01
-2.057749637518171970e-01,-1.378440762301274547e-01
-2.057589137686493541e-01,-1.377050395424138651e-01
-2.057428637854815112e-01,-1.375660028547002756e-01
-2.057268138023136683e-01,-1.374269661669866860e-01
-2.057107638191458532e-01,-1.372879294792730687e-01
-2.056947138359780103e-01,-1.371488927915594791e-01
-2.056786638528101674e-01,-1.370098561038458895e-01
-2.056626138696423245e-01,-1.368708194161322722e-01
-2.056465638864744816e-01,-1.367317827284186826e-01
-2.056305139033066665e-01,-1.365927460407050931e-01
-2.056144639201388236e-01,-1.364537093529915035e-01
-2.055984139369709807e-01,-1.363146726652779139e-01
-2.055823639538031378e-01,-1.361756359775643244e-01
-2.055663139706352949e-01,-1.360365992898507070e-01
-2.055502639874674797e-01,-1.358975626021371175e-01
-2.055342140042996368e-01,-1.357585259144235279e-01
-2.055181640211317939e-01,-1.356194892267099106e-01
-2.055021140379639510e-01,-1.354804525389963210e-01
-2.054860640547961359e-01,-1.353414158512827314e-01
-2.054700140716282930e-01,-1.352023791635691419e-01
-2.054539640884604501e-01,-1.350633424758555523e-01
-2.054379141052926072e-01,-1.349243057881419627e-01
-2.054218641221247643e-01,-1.347852691004283732e-01
-2.054058141389569492e-01,-1.346462324127147558e-01
-2.053897641557891063e-01,-1.345071957250011663e-01
-2.053737141726212634e-01,-1.343681590372875767e-01
-2.053576641894534205e-01,-1.342291223495739594e-01
-2.053416142062855776e-01,-1.340900856618603698e-01
-2.053255642231177625e-01,-1.339510489741467802e-01
-2.053095142399499196e-01,-1.338120122864331907e-01
-2.052934642567820767e-01,-1.336729755987196011e-01
-2.052774142736142338e-01,-1.335339389110060115e-01
-2.052613642904463909e-01,-1.333949022232924220e-01
-2.052453143072785757e-01,-1.332558655355788046e-01
-2.052292643241107328e-01,-1.331168288478652151e-01
-2.052132143409428899e-01,-1.329777921601516255e-01
-2.051971643577750470e-01,-1.328387554724380082e-01
-2.051811143746072319e-01,-1.326997187847244186e-01
-2.051650643914393890e-01,-1.325606820970108291e-01
-2.051490144082715461e-01,-1.324216454092972395e-01
-2.051329644251037032e-01,-1.322826087215836499e-01
-2.051169144419358603e-01,-1.321435720338700603e-01
-2.051008644587680452e-01,-1.320045353461564430e-01
-2.050848144756002023e-01,-1.318654986584428535e-01
-2.050687644924323594e-01,-1.317264619707292639e-01
-2.050527145092645165e-01,-1.315874252830156743e-01
-2.050366645260966736e-01,-1.314483885953020570e-01
-2.050206145429288584e-01,-1.313093519075884674e-01
-2.050045645597610156e-01,-1.311703152198748779e-01
-2.049885145765931727e-01,-1.310312785321612883e-01
-2.049724645934253298e-01,-1.308922418444476987e-01
-2.049564146102574869e-01,-1.307532051567341091e-01
-2.049403646270896717e-01,-1.306141684690204918e-01
-2.049243146439218288e-01,-1.304751317813069023e-01
-2.049082646607539859e-01,-1.303360950935933127e-01
-2.048922146775861430e-01,-1.301970584058796954e-01
-2.048761646944183001e-01,-1.300580217181661058e-01
-2.048601147112504850e-01,-1.299189850304525162e-01
-2.048440647280826421e-01,-1.297799483427389267e-01
-2.048280147449147992e-01,-1.296409116550253371e-01
-2.048119647617469563e-01,-1.295018749673117475e-01
-2.047959147785791134e-01,-1.293628382795981580e-01
-2.047798647954112983e-01,-1.292238015918845406e-01
-2.047638148122434554e-01,-1.290847649041709511e-01
-2.047477648290756125e-01,-1.289457282164573615e-01
-2.047317148459077696e-01,-1.288066915287437442e-01
-2.047156648627399267e-01,-1.286676548410301546e-01
-2.046996148795721115e-01,-1.285286181533165650e-01
-2.046835648964042687e-01,-1.283895814656029755e-01
-2.046675149132364258e-01,-1.282505447778893859e-01
-2.046514649300685829e-01,-1.281115080901757963e-01
-2.046354149469007677e-01,-1.279724714024622068e-01
-2.046193649637329248e-01,-1.278334347147485894e-01
-2.046033149805650819e-01,-1.276943980270349999e-01
-2.045872649973972390e-01,-1.275553613393214103e-01
-2.045712150142293961e-01,-1.274163246516077930e-01
-2.045551650310615810e-01,-1.272772879638942034e-01
-2.045391150478937381e-01,-1.271382512761806138e-01
-2.045230650647258952e-01,-1.269992145884670243e-01
-2.045070150815580523e-01,-1.268601779007534347e-01
-2.044909650983902094e-01,-1.267211412130398451e-01
-2.044749151152223943e-01,-1.265821045253262556e-01
-2.044588651320545514e-01,-1.264430678376126382e-01
-2.044428151488867085e-01,-1.263040311498990487e-01
-2.044267651657188656e-01,-1.261649944621854313e-01
-2.044107151825510227e-01,-1.260259577744718418e-01
-2.043946651993832075e-01,-1.258869210867582522e-01
-2.043786152162153646e-01,-1.257478843990446626e-01
-2.043625652330475218e-01,-1.256088477113310453e-01
-2.043465152498796789e-01,-1.254698110236174557e-01
-2.043304652667118360e-01,-1.253307743359038662e-01
-2.043144152835440208e-01,-1.251917376481902489e-01
-2.042983653003761779e-01,-1.250527009604766593e-01
-2.042823153172083350e-01,-1.249136642727630697e-01
-2.042662653340404921e-01,-1.247746275850494663e-01
-2.042502153508726492e-01,-1.246355908973358628e-01
-2.042341653677048341e-01,-1.244965542096222733e-01
-2.042181153845369912e-01,-1.243575175219086698e-01
-2.042020654013691483e-01,-1.242184808341950802e-01
-2.041860154182013054e-01,-1.240794441464814768e-01
-2.041699654350334625e-01,-1.239404074587678872e-01
-2.041539154518656196e-01,-1.238013707710542838e-01
-2.041378654686978045e-01,-1.236623340833406803e-01
-2.041218154855299616e-01,-1.235232973956270908e-01
-2.041057655023621187e-01,-1.233842607079135012e-01
-2.040897155191942758e-01,-1.232452240201998839e-01
-2.040736655360264329e-01,-1.231061873324862943e-01
-2.040576155528586177e-01,-1.229671506447727047e-01
-2.040415655696907749e-01,-1.228281139570591013e-01
-2.040255155865229320e-01,-1.226890772693454978e-01
-2.040094656033550891e-01,-1.225500405816319083e-01
-2.039934156201872462e-01,-1.224110038939183048e-01
-2.039773656370194033e-01,-1.222719672062047014e-01
-2.039613156538515881e-01,-1.221329305184911118e-01
-2.039452656706837452e-01,-1.219938938307775222e-01
-2.039292156875159023e-01,-1.218548571430639049e-01
-2.039131657043480594e-01,-1.217158204553503154e-01
-2.038971157211802165e-01,-1.215767837676367258e-01
-2.038810657380123736e-01,-1.214377470799231362e-01
-2.038650157548445585e-01,-1.212987103922095189e-01
-2.038489657716767156e-01,-1.211596737044959293e-01
-2.038329157885088727e-01,-1.210206370167823398e-01
-2.038168658053410298e-01,-1.208816003290687224e-01
-2.038008158221731869e-01,-1.207425636413551329e-01
-2.037847658390053440e-01,-1.206035269536415433e-01
-2.037687158558375289e-01,-1.204644902659279398e-01
-2.037526658726696860e-01,-1.203254535782143364e-01
-2.037366158895018431e-01,-1.201864168905007468e-01
-2.037205659063340002e-01,-1.200473802027871434e-01
-2.037045159231661573e-01,-1.199083435150735399e-01
-2.036884659399983144e-01,-1.197693068273599504e-01
-2.036724159568304715e-01,-1.196302701396463608e-01
-2.036563659736626564e-01,-1.194912334519327435e-01
-2.036403159904948135e-01,-1.193521967642191539e-01
-2.036242660073269706e-01,-1.192131600765055643e-01
-2.036082160241591277e-01,-1.190741233887919609e-01
-2.035921660409912848e-01,-1.189350867010783575e-01
-2.035761160578234419e-01,-1.187960500133647679e-01
-2.035600660746555990e-01,-1.186570133256511644e-01
-2.035440160914877838e-01,-1.185179766379375749e-01
-2.035279661083199410e-01,-1.183789399502239714e-01
-2.035119161251520981e-01,-1.182399032625103819e-01
-2.034958661419842552e-01,-1.181008665747967784e-01
-2.034798161588164123e-01,-1.179618298870831750e-01
-2.034637661756485694e-01,-1.178227931993695854e-01
-2.034477161924807265e-01,-1.176837565116559958e-01
-2.034316662093128836e-01,-1.175447198239423785e-01
-2.034156162261450407e-01,-1.174056831362287889e-01
-2.033995662429772255e-01,-1.172666464485151994e-01
-2.033835162598093826e-01,-1.171276097608015959e-01
-2.033674662766415397e-01,-1.169885730730879925e-01
-2.033514162934736969e-01,-1.168495363853744029e-01
-2.033353663103058540e-01,-1.167104996976607995e-01
-2.033193163271380111e-01,-1.165714630099471960e-01
-2.033032663439701682e-01,-1.164324263222336064e-01
-2.032872163608023253e-01,-1.162933896345200030e-01
-2.032711663776344824e-01,-1.161543529468064134e-01
-2.032551163944666395e-01,-1.160153162590928100e-01
-2.032390664112987966e-01,-1.158762795713792204e-01
-2.032230164281309537e-01,-1.157372428836656170e-01
-2.032069664449631385e-01,-1.155982061959520135e-01
-2.031909164617952956e-01,-1.154591695082384240e-01
-2.031748664786274527e-01,-1.153201328205248344e-01
-2.031588164954596099e-01,-1.151810961328112171e-01
-2.031427665122917670e-01,-1.150420594450976275e-01
-2.031267165291239241e-01,-1.149030227573840379e-01
-2.031106665459560812e-01,-1.147639860696704345e-01
-2.030946165627882383e-01,-1.146249493819568310e-01
-2.030785665796203954e-01,-1.144859126942432415e-01
-2.030625165964525525e-01,-1.143468760065296380e-01
-2.030464666132847096e-01,-1.142078393188160346e-01
-2.030304166301168667e-01,-1.140688026311024450e-01
-2.030143666469490238e-01,-1.139297659433888554e-01
-2.029983166637811809e-01,-1.137907292556752520e-01
-2.029822666806133380e-01,-1.136516925679616485e-01
-2.029662166974454951e-01,-1.135126558802480590e-01
-2.029501667142776522e-01,-1.133736191925344694e-01
-2.029341167311098093e-01,-1.132345825048208521e-01
-2.029180667479419664e-01,-1.130955458171072625e-01
-2.029020167647741235e-01,-1.129565091293936729e-01
-2.028859667816062806e-01,-1.128174724416800695e-01
-2.028699167984384377e-01,-1.126784357539664660e-01
-2.028538668152705671e-01,-1.125393990662528765e-01
-2.028378168321027242e-01,-1.124003623785392730e-01
-2.028217668489348813e-01,-1.122613256908256696e-01
-2.028057168657670384e-01,-1.121222890031120800e-01
-2.027896668825991955e-01,-1.119832523153984905e-01
-2.027736168994313526e-01,-1.118442156276848731e-01
-2.027575669162635097e-01,-1.117051789399712836e-01
-2.027415169330956668e-01,-1.115661422522576940e-01
-2.027254669499278239e-01,-1.114271055645440905e-01
-2.027094169667599532e-01,-1.112880688768305149e-01
-2.026933669835921104e-01,-1.111490321891168975e-01
-2.026773170004242675e-01,-1.110099955014033080e-01
-2.026612670172564246e-01,-1.108709588136897184e-01
-2.026452170340885817e-01,-1.107319221259761288e-01
-2.026291670509207110e-01,-1.105928854382625115e-01
-2.026131170677528681e-01,-1.104538487505489358e-01
-2.025970670845850252e-01,-1.103148120628353324e-01
-2.025810171014171823e-01,-1.101757753751217428e-01
-2.025649671182493394e-01,-1.100367386874081532e-01
-2.025489171350814688e-01,-1.098977019996945498e-01
-2.025328671519136259e-01,-1.097586653119809602e-01
-2.025168171687457830e-01,-1.096196286242673568e-01
-2.025007671855779123e-01,-1.094805919365537672e-01
-2.024847172024100694e-01,-1.093415552488401776e-01
-2.024686672192422265e-01,-1.092025185611265742e-01
-2.024526172360743559e-01,-1.090634818734129707e-01
-2.024365672529065130e-01,-1.089244451856993812e-01
-2.024205172697386701e-01,-1.087854084979857916e-01
-2.024044672865707994e-01,-1.086463718102721882e-01
-2.023884173034029565e-01,-1.085073351225586125e-01
-2.023723673202350859e-01,-1.083682984348449951e-01
-2.023563173370672430e-01,-1.082292617471314056e-01
-2.023402673538993723e-01,-1.080902250594178160e-01
-2.023242173707315295e-01,-1.079511883717042264e-01
-2.023081673875636588e-01,-1.078121516839906091e-01
-2.022921174043958159e-01,-1.076731149962770334e-01
-2.022760674212279453e-01,-1.075340783085634300e-01
-2.022600174380601024e-01,-1.073950416208498404e-01
-2.022439674548922317e-01,-1.072560049331362508e-01
-2.022279174717243611e-01,-1.071169682454226335e-01
-2.022118674885565182e-01,-1.069779315577090439e-01
-2.021958175053886475e-01,-1.068388948699954544e-01
-2.021797675222207769e-01,-1.066998581822818648e-01
-2.021637175390529062e-01,-1.065608214945682475e-01
-2.021476675558850633e-01,-1.064217848068546718e-01
-2.021316175727171927e-01,-1.062827481191410683e-01
-2.021155675895493220e-01,-1.061437114314274788e-01
-2.020995176063814514e-01,-1.060046747437138892e-01
-2.020834676232135807e-01,-1.058656380560002996e-01
-2.020674176400457100e-01,-1.057266013682867101e-01
-2.020513676568778672e-01,-1.055875646805731066e-01
-2.020353176737099687e-01,-1.054485279928595171e-01
-2.020192676905421258e-01,-1.053094913051459275e-01
-2.020032177073742274e-01,-1.051704546174323240e-01
-2.019871677242063568e-01,-1.050314179297187206e-01
-2.019711177410384861e-01,-1.048923812420051449e-01
-2.019550677578706155e-01,-1.047533445542915415e-01
-2.019390177747027448e-01,-1.046143078665779380e-01
-2.019229677915348742e-01,-1.044752711788643484e-01
-2.019069178083669758e-01,-1.043362344911507589e-01
-2.018908678251991051e-01,-1.041971978034371554e-01
-2.018748178420312345e-01,-1.040581611157235659e-01
-2.018587678588633361e-01,-1.039191244280099624e-01
-2.018427178756954654e-01,-1.037800877402963728e-01
-2.018266678925275670e-01,-1.036410510525827833e-01
-2.018106179093596964e-01,-1.035020143648691798e-01
-2.017945679261917979e-01,-1.033629776771555764e-01
-2.017785179430239273e-01,-1.032239409894420007e-01
-2.017624679598560289e-01,-1.030849043017283972e-01
-2.017464179766881305e-01,-1.029458676140147938e-01
-2.017303679935202321e-01,-1.028068309263012042e-01
-2.017143180103523614e-01,-1.026677942385876147e-01
-2.016982680271844630e-01,-1.025287575508740251e-01
-2.016822180440165646e-01,-1.023897208631604355e-01
-2.016661680608486662e-01,-1.022506841754468460e-01
-2.016501180776807678e-01,-1.021116474877332564e-01
-2.016340680945128416e-01,-1.019726108000196807e-01
-2.016180181113449432e-01,-1.018335741123060911e-01
-2.016019681281770448e-01,-1.016945374245925016e-01
-2.015859181450091187e-01,-1.015555007368789120e-01
-2.015698681618412202e-01,-1.014164640491653363e-01
-2.015538181786732941e-01,-1.012774273614517467e-01
-2.015377681955053957e-01,-1.011383906737381572e-01
-2.015217182123374695e-01,-1.009993539860245676e-01
-2.015056682291695433e-01,-1.008603172983109919e-01
-2.014896182460016449e-01,-1.007212806105974023e-01
-2.014735682628337188e-01,-1.005822439228838128e-01
-2.014575182796657926e-01,-1.004432072351702232e-01
-2.014414682964978665e-01,-1.003041705474566475e-01
-2.014254183133299125e-01,-1.001651338597430579e-01
-2.014093683301619864e-01,-1.000260971720294684e-01
-2.013933183469940602e-01,-9.988706048431587881e-02
-2.013772683638261063e-01,-9.974802379660230311e-02
-2.013612183806581801e-01,-9.960898710888872742e-02
-2.013451683974902262e-01,-9.946995042117513786e-02
-2.013291184143222723e-01,-9.933091373346154829e-02
-2.013130684311543184e-01,-9.919187704574798647e-02
-2.012970184479863645e-01,-9.905284035803439691e-02
-2.012809684648184105e-01,-9.891380367032082122e-02
-2.012649184816504566e-01,-9.877476698260723165e-02
-2.012488684984824749e-01,-9.863573029489365596e-02
-2.012328185153145210e-01,-9.849669360718008027e-02
-2.012167685321465393e-01,-9.835765691946649070e-02
-2.012007185489785577e-01,-9.821862023175290113e-02
-2.011846685658105760e-01,-9.807958354403933932e-02
-2.011686185826425943e-01,-9.794054685632574975e-02
-2.011525685994746127e-01,-9.780151016861216018e-02
-2.011365186163066032e-01,-9.766247348089858449e-02
-2.011204686331386216e-01,-9.752343679318499492e-02
-2.011044186499706121e-01,-9.738440010547141923e-02
-2.010883686668026027e-01,-9.724536341775784354e-02
-2.010723186836345933e-01,-9.710632673004425397e-02
-2.010562687004665561e-01,-9.696729004233067828e-02
-2.010402187172985466e-01,-9.682825335461711647e-02
-2.010241687341305095e-01,-9.668921666690354078e-02
-2.010081187509625000e-01,-9.655017997918996508e-02
-2.009920687677944628e-01,-9.641114329147638939e-02
-2.009760187846263979e-01,-9.627210660376282758e-02
-2.009599688014583607e-01,-9.613306991604925189e-02
-2.009439188182902958e-01,-9.599403322833567620e-02
-2.009278688351222308e-01,-9.585499654062210051e-02
-2.009118188519541659e-01,-9.571595985290853870e-02
-2.008957688687861010e-01,-9.557692316519497688e-02
-2.008797188856180083e-01,-9.543788647748140119e-02
-2.008636689024499433e-01,-9.529884978976782550e-02
-2.008476189192818229e-01,-9.515981310205427757e-02
-2.008315689361137302e-01,-9.502077641434070188e-02
-2.008155189529456375e-01,-9.488173972662714006e-02
-2.007994689697775170e-01,-9.474270303891356437e-02
-2.007834189866093688e-01,-9.460366635120000256e-02
-2.007673690034412484e-01,-9.446462966348644075e-02
-2.007513190202731002e-01,-9.432559297577287893e-02
-2.007352690371049520e-01,-9.418655628805931712e-02
-2.007192190539368037e-01,-9.404751960034576919e-02
-2.007031690707686278e-01,-9.390848291263220737e-02
-2.006871190876004518e-01,-9.376944622491864556e-02
-2.006710691044322759e-01,-9.363040953720509763e-02
-2.006550191212640721e-01,-9.349137284949154969e-02
-2.006389691380958684e-01,-9.335233616177798788e-02
-2.006229191549276369e-01,-9.321329947406443994e-02
-2.006068691717594055e-01,-9.307426278635087813e-02
-2.005908191885911740e-01,-9.293522609863731632e-02
-2.005747692054229148e-01,-9.279618941092378226e-02
-2.005587192222546555e-01,-9.265715272321023432e-02
-2.005426692390863963e-01,-9.251811603549668639e-02
-2.005266192559181093e-01,-9.237907934778313845e-02
-2.005105692727497946e-01,-9.224004266006960440e-02
-2.004945192895814798e-01,-9.210100597235605646e-02
-2.004784693064131651e-01,-9.196196928464252240e-02
-2.004624193232448226e-01,-9.182293259692897447e-02
-2.004463693400764801e-01,-9.168389590921544041e-02
-2.004303193569081099e-01,-9.154485922150190635e-02
-2.004142693737397118e-01,-9.140582253378837230e-02
-2.003982193905713138e-01,-9.126678584607483824e-02
-2.003821694074029158e-01,-9.112774915836131806e-02
-2.003661194242344901e-01,-9.098871247064778400e-02
-2.003500694410660365e-01,-9.084967578293426382e-02
-2.003340194578975830e-01,-9.071063909522072977e-02
-2.003179694747290740e-01,-9.057160240750720959e-02
-2.003019194915605927e-01,-9.043256571979368941e-02
-2.002858695083920559e-01,-9.029352903208016923e-02
-2.002698195252235192e-01,-9.015449234436664905e-02
-2.002537695420549824e-01,-9.001545565665315662e-02
-2.002377195588863901e-01,-8.987641896893963644e-02
-2.002216695757177978e-01,-8.973738228122611627e-02
-2.002056195925491777e-01,-8.959834559351260996e-02
-2.001895696093805299e-01,-8.945930890579911754e-02
-2.001735196262118543e-01,-8.932027221808561124e-02
-2.001574696430431788e-01,-8.918123553037211881e-02
-2.001414196598744755e-01,-8.904219884265861251e-02
-2.001253696767057166e-01,-8.890316215494512009e-02
-2.001093196935369578e-01,-8.876412546723162766e-02
-2.000932697103681712e-01,-8.862508877951813524e-02
-2.000772197271993569e-01,-8.848605209180464282e-02
-2.000611697440305148e-01,-8.834701540409116427e-02
-2.000451197608616449e-01,-8.820797871637769960e-02
-2.000290697776927473e-01,-8.806894202866422106e-02
-2.000130197945238220e-01,-8.792990534095075639e-02
-1.999969698113548411e-01,-8.779086865323727784e-02
-1.999809198281858602e-01,-8.765183196552382705e-02
-1.999648698450168238e-01,-8.751279527781036238e-02
-1.999488198618477597e-01,-8.737375859009689771e-02
-1.999327698786786678e-01,-8.723472190238344692e-02
-1.999167198955095481e-01,-8.709568521467001001e-02
-1.999006699123403730e-01,-8.695664852695655922e-02
-1.998846199291711700e-01,-8.681761183924312231e-02
-1.998685699460019394e-01,-8.667857515152968539e-02
-1.998525199628326532e-01,-8.653953846381626236e-02
-1.998364699796633392e-01,-8.640050177610283932e-02
-1.998204199964939698e-01,-8.626146508838941629e-02
-1.998043700133245726e-01,-8.612242840067599325e-02
-1.997883200301551199e-01,-8.598339171296259797e-02
-1.997722700469856116e-01,-8.584435502524918882e-02
-1.997562200638160756e-01,-8.570531833753577966e-02
-1.997401700806464842e-01,-8.556628164982238438e-02
-1.997241200974768371e-01,-8.542724496210900298e-02
-1.997080701143071624e-01,-8.528820827439560770e-02
-1.996920201311374043e-01,-8.514917158668224018e-02
-1.996759701479676186e-01,-8.501013489896885877e-02
-1.996599201647977495e-01,-8.487109821125550513e-02
-1.996438701816278527e-01,-8.473206152354213760e-02
-1.996278201984578726e-01,-8.459302483582878396e-02
-1.996117702152878648e-01,-8.445398814811543031e-02
-1.995957202321177737e-01,-8.431495146040210442e-02
-1.995796702489475993e-01,-8.417591477268879241e-02
-1.995636202657773972e-01,-8.403687808497546652e-02
-1.995475702826071118e-01,-8.389784139726214063e-02
-1.995315202994367432e-01,-8.375880470954882862e-02
-1.995154703162663190e-01,-8.361976802183554436e-02
-1.994994203330958393e-01,-8.348073133412224622e-02
-1.994833703499252486e-01,-8.334169464640897584e-02
-1.994673203667546024e-01,-8.320265795869569159e-02
-1.994512703835838729e-01,-8.306362127098243509e-02
-1.994352204004130602e-01,-8.292458458326917858e-02
-1.994191704172421642e-01,-8.278554789555592208e-02
-1.994031204340711849e-01,-8.264651120784267946e-02
-1.993870704509001224e-01,-8.250747452012947847e-02
-1.993710204677289766e-01,-8.236843783241626360e-02
-1.993549704845577197e-01,-8.222940114470304873e-02
-1.993389205013863519e-01,-8.209036445698984774e-02
-1.993228705182149008e-01,-8.195132776927667451e-02
-1.993068205350433664e-01,-8.181229108156351515e-02
-1.992907705518717210e-01,-8.167325439385035579e-02
-1.992747205686999368e-01,-8.153421770613721031e-02
-1.992586705855280693e-01,-8.139518101842409259e-02
-1.992426206023560908e-01,-8.125614433071097487e-02
-1.992265706191839736e-01,-8.111710764299785714e-02
-1.992105206360117731e-01,-8.097807095528478105e-02
-1.991944706528394060e-01,-8.083903426757171884e-02
-1.991784206696669557e-01,-8.069999757985865663e-02
-1.991623706864943388e-01,-8.056096089214560829e-02
-1.991463207033215832e-01,-8.042192420443257383e-02
-1.991302707201487165e-01,-8.028288751671956713e-02
-1.991142207369757111e-01,-8.014385082900657431e-02
-1.990981707538025391e-01,-8.000481414129358149e-02
-1.990821207706292284e-01,-7.986577745358061642e-02
-1.990660707874557511e-01,-7.972674076586767911e-02
-1.990500208042821351e-01,-7.958770407815474179e-02
-1.990339708211083247e-01,-7.944866739044183224e-02
-1.990179208379343756e-01,-7.930963070272895044e-02
-1.990018708547602322e-01,-7.917059401501608251e-02
-1.989858208715859222e-01,-7.903155732730322847e-02
-1.989697708884114458e-01,-7.889252063959038830e-02
-1.989537209052367750e-01,-7.875348395187757589e-02
-1.989376709220618822e-01,-7.861444726416479123e-02
-1.989216209388868228e-01,-7.847541057645206208e-02
-1.989055709557115414e-01,-7.833637388873931906e-02
-1.988895209725360658e-01,-7.819733720102660379e-02
-1.988734709893603680e-01,-7.805830051331390240e-02
-1.988574210061844483e-01,-7.791926382560124265e-02
-1.988413710230083065e-01,-7.778022713788861064e-02
-1.988253210398319148e-01,-7.764119045017599252e-02
-1.988092710566553012e-01,-7.750215376246340215e-02
-1.987932210734784377e-01,-7.736311707475085342e-02
-1.987771710903012967e-01,-7.722408038703831856e-02
-1.987611211071239059e-01,-7.708504369932581146e-02
-1.987450711239462653e-01,-7.694600701161335987e-02
-1.987290211407683471e-01,-7.680697032390093604e-02
-1.987129711575901236e-01,-7.666793363618852608e-02
-1.986969211744116226e-01,-7.652889694847615776e-02
-1.986808711912328163e-01,-7.638986026076381719e-02
-1.986648212080536768e-01,-7.625082357305153213e-02
-1.986487712248742599e-01,-7.611178688533928871e-02
-1.986327212416944821e-01,-7.597275019762705917e-02
-1.986166712585143990e-01,-7.583371350991487125e-02
-1.986006212753339550e-01,-7.569467682220273885e-02
-1.985845712921531503e-01,-7.555564013449063421e-02
-1.985685213089719847e-01,-7.541660344677857120e-02
-1.985524713257904583e-01,-7.527756675906656370e-02
-1.985364213426085156e-01,-7.513853007135459783e-02
-1.985203713594262120e-01,-7.499949338364265972e-02
-1.985043213762434644e-01,-7.486045669593077712e-02
-1.984882713930603282e-01,-7.472142000821893615e-02
-1.984722214098767479e-01,-7.458238332050717845e-02
-1.984561714266927235e-01,-7.444334663279544850e-02
-1.984401214435082550e-01,-7.430430994508376019e-02
-1.984240714603232869e-01,-7.416527325737212739e-02
-1.984080214771378747e-01,-7.402623656966055010e-02
-1.983919714939519352e-01,-7.388719988194904220e-02
-1.983759215107654961e-01,-7.374816319423760369e-02
-1.983598715275785573e-01,-7.360912650652620681e-02
-1.983438215443910635e-01,-7.347008981881487932e-02
-1.983277715612030145e-01,-7.333105313110362122e-02
-1.983117215780143827e-01,-7.319201644339241863e-02
-1.982956715948251680e-01,-7.305297975568128543e-02
-1.982796216116353705e-01,-7.291394306797023550e-02
-1.982635716284449345e-01,-7.277490638025925496e-02
-1.982475216452538880e-01,-7.263586969254832992e-02
-1.982314716620621753e-01,-7.249683300483748816e-02
-1.982154216788697687e-01,-7.235779631712671578e-02
-1.981993716956766960e-01,-7.221875962941604055e-02
-1.981833217124829016e-01,-7.207972294170544858e-02
-1.981672717292883856e-01,-7.194068625399492600e-02
-1.981512217460930925e-01,-7.180164956628448669e-02
-1.981351717628970499e-01,-7.166261287857415840e-02
-1.981191217797002024e-01,-7.152357619086389950e-02
-1.981030717965025501e-01,-7.138453950315373775e-02
-1.980870218133040650e-01,-7.124550281544368702e-02
-1.980709718301046918e-01,-7.110646612773373343e-02
-1.980549218469044304e-01,-7.096742944002387699e-02
-1.980388718637032808e-01,-7.082839275231411769e-02
-1.980228218805011597e-01,-7.068935606460446941e-02
-1.980067718972980950e-01,-7.055031937689495991e-02
-1.979907219140940311e-01,-7.041128268918553368e-02
-1.979746719308889680e-01,-7.027224600147623235e-02
-1.979586219476828224e-01,-7.013320931376705591e-02
-1.979425719644756221e-01,-6.999417262605801826e-02
-1.979265219812673116e-01,-6.985513593834909163e-02
-1.979104719980578353e-01,-6.971609925064031765e-02
-1.978944220148472211e-01,-6.957706256293165470e-02
-1.978783720316353856e-01,-6.943802587522313052e-02
-1.978623220484223011e-01,-6.929898918751475900e-02
-1.978462720652079676e-01,-6.915995249980652626e-02
-1.978302220819923019e-01,-6.902091581209844617e-02
-1.978141720987753038e-01,-6.888187912439053262e-02
-1.977981221155568903e-01,-6.874284243668278560e-02
-1.977820721323370889e-01,-6.860380574897517736e-02
-1.977660221491158166e-01,-6.846476906126774953e-02
-1.977499721658930176e-01,-6.832573237356048823e-02
-1.977339221826686921e-01,-6.818669568585342122e-02
-1.977178721994427568e-01,-6.804765899814654850e-02
-1.977018222162152117e-01,-6.790862231043984232e-02
-1.976857722329859735e-01,-6.776958562273333042e-02
-1.976697222497549866e-01,-6.763054893502702669e-02
-1.976536722665222512e-01,-6.749151224732091725e-02
-1.976376222832876561e-01,-6.735247555961501598e-02
-1.976215723000512015e-01,-6.721343887190935062e-02
-1.976055223168128316e-01,-6.707440218420390732e-02
-1.975894723335724357e-01,-6.693536549649867218e-02
-1.975734223503300135e-01,-6.679632880879367296e-02
-1.975573723670855097e-01,-6.665729212108892354e-02
-1.975413223838388133e-01,-6.651825543338445168e-02
-1.975252724005899241e-01,-6.637921874568020186e-02
-1.975092224173387312e-01,-6.624018205797621572e-02
-1.974931724340852068e-01,-6.610114537027250714e-02
-1.974771224508292400e-01,-6.596210868256908999e-02
-1.974610724675708029e-01,-6.582307199486595040e-02
-1.974450224843098400e-01,-6.568403530716311611e-02
-1.974289725010462404e-01,-6.554499861946057326e-02
-1.974129225177799207e-01,-6.540596193175834960e-02
-1.973968725345108532e-01,-6.526692524405643125e-02
-1.973808225512389269e-01,-6.512788855635484597e-02
-1.973647725679640585e-01,-6.498885186865359376e-02
-1.973487225846861925e-01,-6.484981518095271624e-02
-1.973326726014052179e-01,-6.471077849325218567e-02
-1.973166226181210514e-01,-6.457174180555201592e-02
-1.973005726348336097e-01,-6.443270511785222088e-02
-1.972845226515428096e-01,-6.429366843015281441e-02
-1.972684726682485401e-01,-6.415463174245382427e-02
-1.972524226849507178e-01,-6.401559505475525047e-02
-1.972363727016492319e-01,-6.387655836705707912e-02
-1.972203227183439711e-01,-6.373752167935933799e-02
-1.972042727350348246e-01,-6.359848499166205482e-02
-1.971882227517217367e-01,-6.345944830396521574e-02
-1.971721727684045411e-01,-6.332041161626887626e-02
-1.971561227850831266e-01,-6.318137492857299475e-02
-1.971400728017573822e-01,-6.304233824087762672e-02
-1.971240228184272247e-01,-6.290330155318275829e-02
-1.971079728350924598e-01,-6.276426486548841721e-02
-1.970919228517530042e-01,-6.262522817779463125e-02
-1.970758728684087191e-01,-6.248619149010142815e-02
-1.970598228850594658e-01,-6.234715480240876628e-02
-1.970437729017051054e-01,-6.220811811471670116e-02
-1.970277229183454715e-01,-6.206908142702523279e-02
-1.970116729349804530e-01,-6.193004473933440279e-02
-1.969956229516098833e-01,-6.179100805164419730e-02
-1.969795729682335961e-01,-6.165197136395467181e-02
-1.969635229848514246e-01,-6.151293467626581246e-02
-1.969474730014632302e-01,-6.137389798857766088e-02
-1.969314230180688186e-01,-6.123486130089021706e-02
-1.969153730346680509e-01,-6.109582461320350877e-02
-1.968993230512606774e-01,-6.095678792551754988e-02
-1.968832730678465870e-01,-6.081775123783240977e-02
-1.968672230844255577e-01,-6.067871455014803295e-02
-1.968511731009973953e-01,-6.053967786246447491e-02
-1.968351231175619054e-01,-6.040064117478176342e-02
-1.968190731341188937e-01,-6.026160448709992623e-02
-1.968030231506680827e-01,-6.012256779941900497e-02
-1.967869731672093336e-01,-5.998353111173899965e-02
-1.967709231837423967e-01,-5.984449442405992414e-02
-1.967548732002670220e-01,-5.970545773638182008e-02
-1.967388232167829876e-01,-5.956642104870472909e-02
-1.967227732332900436e-01,-5.942738436102865118e-02
-1.967067232497879403e-01,-5.928834767335365574e-02
-1.966906732662764279e-01,-5.914931098567972889e-02
-1.966746232827552288e-01,-5.901027429800692614e-02
-1.966585732992240654e-01,-5.887123761033526137e-02
-1.966425233156826879e-01,-5.873220092266477621e-02
-1.966264733321307911e-01,-5.859316423499551230e-02
-1.966104233485680697e-01,-5.845412754732752514e-02
-1.965943733649942182e-01,-5.831509085966078698e-02
-1.965783233814089315e-01,-5.817605417199536721e-02
-1.965622733978119041e-01,-5.803701748433130747e-02
-1.965462234142027753e-01,-5.789798079666866326e-02
-1.965301734305812120e-01,-5.775894410900743459e-02
-1.965141234469468812e-01,-5.761990742134770471e-02
-1.964980734632993942e-01,-5.748087073368947364e-02
-1.964820234796383902e-01,-5.734183404603281076e-02
-1.964659734959635085e-01,-5.720279735837774382e-02
-1.964499235122743603e-01,-5.706376067072431446e-02
-1.964338735285705018e-01,-5.692472398307259207e-02
-1.964178235448515719e-01,-5.678568729542264604e-02
-1.964017735611170989e-01,-5.664665060777444860e-02
-1.963857235773666665e-01,-5.650761392012809692e-02
-1.963696735935998305e-01,-5.636857723248364649e-02
-1.963536236098161192e-01,-5.622954054484115283e-02
-1.963375736260150606e-01,-5.609050385720064369e-02
-1.963215236421961829e-01,-5.595146716956221622e-02
-1.963054736583589310e-01,-5.581243048192588430e-02
-1.962894236745028609e-01,-5.567339379429174506e-02
-1.962733736906273896e-01,-5.553435710665982628e-02
-1.962573237067319898e-01,-5.539532041903021120e-02
-1.962412737228160786e-01,-5.525628373140298311e-02
-1.962252237388791010e-01,-5.511724704377816975e-02
-1.962091737549204740e-01,-5.497821035615586827e-02
-1.961931237709395592e-01,-5.483917366853612030e-02
-1.961770737869357462e-01,-5.470013698091902299e-02
-1.961610238029083964e-01,-5.456110029330464573e-02
-1.961449738188568437e-01,-5.442206360569308565e-02
-1.961289238347803665e-01,-5.428302691808437053e-02
-1.961128738506783264e-01,-5.414399023047861137e-02
-1.960968238665499463e-01,-5.400495354287589145e-02
-1.960807738823945323e-01,-5.386591685527630791e-02
-1.960647238982112794e-01,-5.372688016767991626e-02
-1.960486739139994661e-01,-5.358784348008684140e-02
-1.960326239297582041e-01,-5.344880679249715272e-02
-1.960165739454867162e-01,-5.330977010491096124e-02
-1.960005239611841699e-01,-5.317073341732835023e-02
-1.959844739768496213e-01,-5.303169672974943072e-02
-1.959684239924822380e-01,-5.289266004217429984e-02
-1.959523740080810483e-01,-5.275362335460309637e-02
-1.959363240236451364e-01,-5.261458666703587583e-02
-1.959202740391735031e-01,-5.247554997947277700e-02
-1.959042240546651215e-01,-5.233651329191392476e-02
-1.958881740701189922e-01,-5.219747660435944403e-02
-1.958721240855340606e-01,-5.205843991680944582e-02
-1.958560741009091888e-01,-5.191940322926404117e-02
-1.958400241162432942e-01,-5.178036654172336883e-02
-1.958239741315351834e-01,-5.164132985418758148e-02
-1.958079241467837184e-01,-5.150229316665679014e-02
-1.957918741619876224e-01,-5.136325647913114745e-02
-1.957758241771456742e-01,-5.122421979161081995e-02
-1.957597741922565693e-01,-5.108518310409593255e-02
-1.957437242073189754e-01,-5.094614641658662402e-02
-1.957276742223315324e-01,-5.080710972908307477e-02
-1.957116242372928250e-01,-5.066807304158543745e-02
-1.956955742522014374e-01,-5.052903635409387861e-02
-1.956795242670558710e-01,-5.038999966660860641e-02
-1.956634742818545991e-01,-5.025096297912973187e-02
-1.956474242965960397e-01,-5.011192629165747703e-02
-1.956313743112786108e-01,-4.997288960419202231e-02
-1.956153243259006191e-01,-4.983385291673356199e-02
-1.955992743404603718e-01,-4.969481622928227649e-02
-1.955832243549561200e-01,-4.955577954183840172e-02
-1.955671743693860598e-01,-4.941674285440210423e-02
-1.955511243837483315e-01,-4.927770616697363382e-02
-1.955350743980410200e-01,-4.913866947955318476e-02
-1.955190244122622101e-01,-4.899963279214099299e-02
-1.955029744264098202e-01,-4.886059610473728054e-02
-1.954869244404818240e-01,-4.872155941734233886e-02
-1.954708744544761123e-01,-4.858252272995633447e-02
-1.954548244683904368e-01,-4.844348604257955881e-02
-1.954387744822225770e-01,-4.830444935521227556e-02
-1.954227244959702292e-01,-4.816541266785474840e-02
-1.954066745096309787e-01,-4.802637598050725487e-02
-1.953906245232024108e-01,-4.788733929317005866e-02
-1.953745745366819997e-01,-4.774830260584346509e-02
-1.953585245500671641e-01,-4.760926591852779333e-02
-1.953424745633552118e-01,-4.747022923122330706e-02
-1.953264245765434504e-01,-4.733119254393035324e-02
-1.953103745896290488e-01,-4.719215585664926493e-02
-1.952943246026091206e-01,-4.705311916938034744e-02
-1.952782746154806681e-01,-4.691408248212394771e-02
-1.952622246282406659e-01,-4.677504579488042658e-02
-1.952461746408859777e-01,-4.663600910765014484e-02
-1.952301246534133283e-01,-4.649697242043349110e-02
-1.952140746658194703e-01,-4.635793573323084005e-02
-1.951980246781009065e-01,-4.621889904604255250e-02
-1.951819746902541675e-01,-4.607986235886907256e-02
-1.951659247022756449e-01,-4.594082567171080267e-02
-1.951498747141616197e-01,-4.580178898456818692e-02
-1.951338247259082614e-01,-4.566275229744164166e-02
-1.951177747375116844e-01,-4.552371561033165259e-02
-1.951017247489678086e-01,-4.538467892323863606e-02
-1.950856747602724983e-01,-4.524564223616311942e-02
-1.950696247714215070e-01,-4.510660554910556064e-02
-1.950535747824104216e-01,-4.496756886206648707e-02
-1.950375247932347733e-01,-4.482853217504641219e-02
-1.950214748038898993e-01,-4.468949548804590499e-02
-1.950054248143710256e-01,-4.455045880106545120e-02
-1.949893748246732672e-01,-4.441142211410564755e-02
-1.949733248347915726e-01,-4.427238542716707692e-02
-1.949572748447207515e-01,-4.413334874025034993e-02
-1.949412248544555304e-01,-4.399431205335606332e-02
-1.949251748639903581e-01,-4.385527536648484159e-02
-1.949091248733196835e-01,-4.371623867963735088e-02
-1.948930748824376502e-01,-4.357720199281427120e-02
-1.948770248913383185e-01,-4.343816530601625481e-02
-1.948609749000156099e-01,-4.329912861924402334e-02
-1.948449249084631685e-01,-4.316009193249834008e-02
-1.948288749166745826e-01,-4.302105524577989892e-02
-1.948128249246431631e-01,-4.288201855908949089e-02
-1.947967749323620823e-01,-4.274298187242792091e-02
-1.947807249398243179e-01,-4.260394518579596612e-02
-1.947646749470226257e-01,-4.246490849919445920e-02
-1.947486249539495673e-01,-4.232587181262431608e-02
-1.947325749605975098e-01,-4.218683512608634167e-02
-1.947165249669585985e-01,-4.204779843958147967e-02
-1.947004749730247286e-01,-4.190876175311067375e-02
-1.946844249787876291e-01,-4.176972506667486762e-02
-1.946683749842387234e-01,-4.163068838027508822e-02
-1.946523249893692686e-01,-4.149165169391230701e-02
-1.946362749941701886e-01,-4.135261500758755093e-02
-1.946202249986322408e-01,-4.121357832130193022e-02
-1.946041750027458772e-01,-4.107454163505652733e-02
-1.945881250065012447e-01,-4.093550494885248026e-02
-1.945720750098882679e-01,-4.079646826269095472e-02
-1.945560250128965940e-01,-4.065743157657314422e-02
-1.945399750155155372e-01,-4.051839489050026999e-02
-1.945239250177341617e-01,-4.037935820447363655e-02
-1.945078750195411432e-01,-4.024032151849449290e-02
-1.944918250209249078e-01,-4.010128483256419907e-02
-1.944757750218735204e-01,-3.996224814668417058e-02
-1.944597250223747686e-01,-3.982321146085576746e-02
-1.944436750224159960e-01,-3.968417477508046076e-02
-1.944276250219842961e-01,-3.954513808935974928e-02
-1.944115750210663185e-01,-3.940610140369515957e-02
-1.943955250196483520e-01,-3.926706471808832921e-02
-1.943794750177163522e-01,-3.912802803254081252e-02
-1.943634250152558030e-01,-3.898899134705430258e-02
-1.943473750122518551e-01,-3.884995466163052025e-02
-1.943313250086891597e-01,-3.871091797627124187e-02
-1.943152750045520072e-01,-3.857188129097827156e-02
-1.942992249998242160e-01,-3.843284460575349670e-02
-1.942831749944891329e-01,-3.829380792059883243e-02
-1.942671249885296880e-01,-3.815477123551624938e-02
-1.942510749819282567e-01,-3.801573455050774597e-02
-1.942350249746667701e-01,-3.787669786557543161e-02
-1.942189749667266319e-01,-3.773766118072147124e-02
-1.942029249580887185e-01,-3.759862449594805756e-02
-1.941868749487334067e-01,-3.745958781125746651e-02
-1.941708249386404628e-01,-3.732055112665202956e-02
-1.941547749277891255e-01,-3.718151444213413370e-02
-1.941387249161580231e-01,-3.704247775770627693e-02
-1.941226749037252008e-01,-3.690344107337092949e-02
-1.941066248904680380e-01,-3.676440438913075592e-02
-1.940905748763633865e-01,-3.662536770498842076e-02
-1.940745248613873208e-01,-3.648633102094667180e-02
-1.940584748455153052e-01,-3.634729433700834011e-02
-1.940424248287221098e-01,-3.620825765317634004e-02
-1.940263748109818109e-01,-3.606922096945369693e-02
-1.940103247922676799e-01,-3.593018428584346391e-02
-1.939942747725523220e-01,-3.579114760234883286e-02
-1.939782247518075375e-01,-3.565211091897299567e-02
-1.939621747300043220e-01,-3.551307423571933852e-02
-1.939461247071128658e-01,-3.537403755259133087e-02
-1.939300746831024991e-01,-3.523500086959246991e-02
-1.939140246579417470e-01,-3.509596418672641938e-02
-1.938979746315981634e-01,-3.495692750399689852e-02
-1.938819246040384414e-01,-3.481789082140776537e-02
-1.938658745752283585e-01,-3.467885413896301672e-02
-1.938498245451326374e-01,-3.453981745666662162e-02
-1.938337745137151402e-01,-3.440078077452282668e-02
-1.938177244809385635e-01,-3.426174409253593400e-02
-1.938016744467646879e-01,-3.412270741071032898e-02
-1.937856244111541004e-01,-3.398367072905056352e-02
-1.937695743740663612e-01,-3.384463404756132832e-02
-1.937535243354598924e-01,-3.370559736624739733e-02
-1.937374742952918671e-01,-3.356656068511376656e-02
-1.937214242535183206e-01,-3.342752400416545977e-02
-1.937053742100940390e-01,-3.328848732340769501e-02
-1.936893241649725039e-01,-3.314945064284585685e-02
-1.936732741181059481e-01,-3.301041396248546866e-02
-1.936572240694451608e-01,-3.287137728233219258e-02
-1.936411740189396824e-01,-3.273234060239188503e-02
-1.936251239665374990e-01,-3.259330392267051346e-02
-1.936090739121851811e-01,-3.245426724317426737e-02
-1.935930238558278282e-01,-3.231523056390947501e-02
-1.935769737974089577e-01,-3.217619388488265897e-02
-1.935609237368705327e-01,-3.203715720610050832e-02
-1.935448736741527953e-01,-3.189812052756996197e-02
-1.935288236091943781e-01,-3.175908384929804207e-02
-1.935127735419321926e-01,-3.162004717129207609e-02
-1.934967234723013463e-01,-3.148101049355953029e-02
-1.934806734002351147e-01,-3.134197381610812072e-02
-1.934646233256648862e-01,-3.120293713894578547e-02
-1.934485732485201614e-01,-3.106390046208065692e-02
-1.934325231687284152e-01,-3.092486378552106174e-02
-1.934164730862150683e-01,-3.078582710927563193e-02
-1.934004230009034875e-01,-3.064679043335324926e-02
-1.933843729127148747e-01,-3.050775375776296205e-02
-1.933683228215681282e-01,-3.036871708251415169e-02
-1.933522727273800090e-01,-3.022968040761647712e-02
-1.933362226300648079e-01,-3.009064373307979157e-02
-1.933201725295344287e-01,-2.995160705891422581e-02
-1.933041224256983603e-01,-2.981257038513027147e-02
-1.932880723184634830e-01,-2.967353371173866994e-02
-1.932720222077340400e-01,-2.953449703875046795e-02
-1.932559720934116376e-01,-2.939546036617701752e-02
-1.932399219753950237e-01,-2.925642369403003151e-02
-1.932238718535801980e-01,-2.911738702232150033e-02
-1.932078217278601628e-01,-2.897835035106380297e-02
-1.931917715981249228e-01,-2.883931368026959596e-02
-1.931757214642613740e-01,-2.870027700995195219e-02
-1.931596713261532761e-01,-2.856124034012427759e-02
-1.931436211836810579e-01,-2.842220367080039445e-02
-1.931275710367217624e-01,-2.828316700199448586e-02
-1.931115208851490739e-01,-2.814413033372115125e-02
-1.930954707288329852e-01,-2.800509366599537864e-02
-1.930794205676399644e-01,-2.786605699883262788e-02
-1.930633704014325935e-01,-2.772702033224869189e-02
-1.930473202300696800e-01,-2.758798366625989096e-02
-1.930312700534059789e-01,-2.744894700088301720e-02
-1.930152198712922207e-01,-2.730991033613527907e-02
-1.929991696835748893e-01,-2.717087367203441239e-02
-1.929831194900961666e-01,-2.703183700859865257e-02
-1.929670692906937657e-01,-2.689280034584670687e-02
-1.929510190852008755e-01,-2.675376368379783765e-02
-1.929349688734459112e-01,-2.661472702247186239e-02
-1.929189186552525137e-01,-2.647569036188912595e-02
-1.929028684304393559e-01,-2.633665370207055600e-02
-1.928868181988200037e-01,-2.619761704303769090e-02
-1.928707679602027492e-01,-2.605858038481265182e-02
-1.928547177143904723e-01,-2.591954372741819834e-02
-1.928386674611805573e-01,-2.578050707087772841e-02
-1.928226172003646155e-01,-2.564147041521527837e-02
-1.928065669317284847e-01,-2.550243376045563393e-02
-1.927905166550518412e-01,-2.536339710662413593e-02
-1.927744663701082828e-01,-2.522436045374695790e-02
-1.927584160766649402e-01,-2.508532380185099497e-02
-1.927423657744824492e-01,-2.494628715096386395e-02
-1.927263154633146736e-01,-2.480725050111398655e-02
-1.927102651429085101e-01,-2.466821385233061714e-02
-1.926942148130038057e-01,-2.452917720464373175e-02
-1.926781644733330245e-01,-2.439014055808425008e-02
-1.926621141236211365e-01,-2.425110391268389676e-02
-1.926460637635853124e-01,-2.411206726847534010e-02
-1.926300133929348124e-01,-2.397303062549213659e-02
-1.926139630113706813e-01,-2.383399398376881417e-02
-1.925979126185855261e-01,-2.369495734334081671e-02
-1.925818622142633496e-01,-2.355592070424467055e-02
-1.925658117980792450e-01,-2.341688406651787346e-02
-1.925497613696990906e-01,-2.327784743019900571e-02
-1.925337109287794390e-01,-2.313881079532767449e-02
-1.925176604749671561e-01,-2.299977416194470825e-02
-1.925016100078990877e-01,-2.286073753009196241e-02
-1.924855595272019493e-01,-2.272170089981256913e-02
-1.924695090324919089e-01,-2.258266427115082631e-02
-1.924534585233743100e-01,-2.244362764415230860e-02
-1.924374079994434217e-01,-2.230459101886386741e-02
-1.924213574602820498e-01,-2.216555439533368643e-02
-1.924053069054612319e-01,-2.202651777361119834e-02
-1.923892563345400153e-01,-2.188748115374736236e-02
-1.923732057470649848e-01,-2.174844453579452552e-02
-1.923571551425699022e-01,-2.160940791980650588e-02
-1.923411045205754843e-01,-2.147037130583864806e-02
-1.923250538805889309e-01,-2.133133469394782322e-02
-1.923090032221035084e-01,-2.119229808419254013e-02
-1.922929525445983279e-01,-2.105326147663294512e-02
-1.922769018475377345e-01,-2.091422487133087760e-02
-1.922608511303710299e-01,-2.077518826834989785e-02
-1.922448003925320004e-01,-2.063615166775539800e-02
-1.922287496334385559e-01,-2.049711506961454655e-02
-1.922126988524920643e-01,-2.035807847399645487e-02
-1.921966480490772400e-01,-2.021904188097217725e-02
-1.921805972225613113e-01,-2.008000529061476636e-02
-1.921645463722937430e-01,-1.994096870299932878e-02
-1.921484954976057646e-01,-1.980193211820310828e-02
-1.921324445978096485e-01,-1.966289553630543030e-02
-1.921163936721984045e-01,-1.952385895738795174e-02
-1.921003427200450586e-01,-1.938482238153457771e-02
-1.920842917406022643e-01,-1.924578580883162804e-02
-1.920682407331015806e-01,-1.910674923936780956e-02
-1.920521896967529174e-01,-1.896771267323432708e-02
-1.920361386307440077e-01,-1.882867611052496670e-02
-1.920200875342396862e-01,-1.868963955133617905e-02
-1.920040364063812233e-01,-1.855060299576705152e-02
-1.919879852462858250e-01,-1.841156644391953034e-02
-1.919719340530458007e-01,-1.827252989589842058e-02
-1.919558828257278416e-01,-1.813349335181146937e-02
-1.919398315633725205e-01,-1.799445681176944922e-02
-1.919237802649932378e-01,-1.785542027588626901e-02
-1.919077289295758049e-01,-1.771638374427902951e-02
-1.918916775560773058e-01,-1.757734721706816217e-02
-1.918756261434256261e-01,-1.743831069437740133e-02
-1.918595746905183697e-01,-1.729927417633403408e-02
-1.918435231962221932e-01,-1.716023766306892795e-02
-1.918274716593718343e-01,-1.702120115471664197e-02
-1.918114200787691959e-01,-1.688216465141548217e-02
-1.917953684531825409e-01,-1.674312815330766813e-02
-1.917793167813454380e-01,-1.660409166053944396e-02
-1.917632650619557899e-01,-1.646505517326116164e-02
-1.917472132936748896e-01,-1.632601869162733643e-02
-1.917311614751264215e-01,-1.618698221579692453e-02
-1.917151096048952119e-01,-1.604794574593329526e-02
-1.916990576815263969e-01,-1.590890928220445311e-02
-1.916830057035241452e-01,-1.576987282478314878e-02
-1.916669536693504650e-01,-1.563083637384690694e-02
-1.916509015774242319e-01,-1.549179992957833152e-02
-1.916348494261197466e-01,-1.535276349216516123e-02
-1.916187972137655959e-01,-1.521372706180032508e-02
-1.916027449386433767e-01,-1.507469063868230319e-02
-1.915866925989863079e-01,-1.493565422301509904e-02
-1.915706401929779812e-01,-1.479661781500840601e-02
-1.915545877187508628e-01,-1.465758141487791266e-02
-1.915385351743848497e-01,-1.451854502284533055e-02
-1.915224825579059098e-01,-1.437950863913861621e-02
-1.915064298672845000e-01,-1.424047226399219324e-02
-1.914903771004339006e-01,-1.410143589764692451e-02
-1.914743242552088553e-01,-1.396239954035058406e-02
-1.914582713294036842e-01,-1.382336319235788480e-02
-1.914422183207507289e-01,-1.368432685393067283e-02
-1.914261652269185765e-01,-1.354529052533820499e-02
-1.914101120455102556e-01,-1.340625420685731539e-02
-1.913940587740614596e-01,-1.326721789877252644e-02
-1.913780054100385208e-01,-1.312818160137649293e-02
-1.913619519508365785e-01,-1.298914531497000202e-02
-1.913458983937776359e-01,-1.285010903986236186e-02
-1.913298447361083399e-01,-1.271107277637154032e-02
-1.913137909749979548e-01,-1.257203652482447032e-02
-1.912977371075362809e-01,-1.243300028555724412e-02
-1.912816831307312115e-01,-1.229396405891541866e-02
-1.912656290415066518e-01,-1.215492784525429304e-02
-1.912495748367001036e-01,-1.201589164493913064e-02
-1.912335205130601123e-01,-1.187685545834543666e-02
-1.912174660672439908e-01,-1.173781928585931889e-02
-1.912014114958150435e-01,-1.159878312787770982e-02
-1.911853567952401800e-01,-1.145974698480869969e-02
-1.911693019618869449e-01,-1.132071085707186953e-02
-1.911532469920209365e-01,-1.118167474509856874e-02
-1.911371918818028925e-01,-1.104263864933224815e-02
-1.911211366272856649e-01,-1.090360257022893187e-02
-1.911050812244113883e-01,-1.076456650825724504e-02
-1.910890256690082334e-01,-1.062553046389913547e-02
-1.910729699567872142e-01,-1.048649443765009570e-02
-1.910569140833390245e-01,-1.034745843001946830e-02
-1.910408580441305404e-01,-1.020842244153094547e-02
-1.910248018345014620e-01,-1.006938647272287435e-02
-1.910087454496607329e-01,-9.930350524148812141e-03
-1.909926888846828485e-01,-9.791314596377748147e-03
-1.909766321345041096e-01,-9.652278689994742145e-03
-1.909605751939187634e-01,-9.513242805601229701e-03
-1.909445180575750911e-01,-9.374206943815549531e-03
-1.909284607199712436e-01,-9.235171105273387582e-03
-1.909124031754511064e-01,-9.096135290628276637e-03
-1.908963454181999697e-01,-8.957099500552095916e-03
-1.908802874422401430e-01,-8.818063735735598430e-03
-1.908642292414263475e-01,-8.679027996888827312e-03
-1.908481708094410811e-01,-8.539992284741865225e-03
-1.908321121397897890e-01,-8.400956600045195177e-03
-1.908160532257960063e-01,-8.261920943570394416e-03
-1.907999940605961675e-01,-8.122885316110634024e-03
-1.907839346371344447e-01,-7.983849718481400570e-03
-1.907678749481575009e-01,-7.844814151521023460e-03
-1.907518149862088008e-01,-7.705778616091257804e-03
-1.907357547436230871e-01,-7.566743113078089333e-03
-1.907196942125205519e-01,-7.427707643392317260e-03
-1.907036333848008414e-01,-7.288672207970303685e-03
-1.906875722521368943e-01,-7.149636807774584213e-03
-1.906715108059687802e-01,-7.010601443794700627e-03
-1.906554490374970934e-01,-6.871566117047894773e-03
-1.906393869376762917e-01,-6.732530828579941229e-03
-1.906233244972080076e-01,-6.593495579465813439e-03
-1.906072617065338870e-01,-6.454460370810655157e-03
-1.905911985558284838e-01,-6.315425203750529848e-03
-1.905751350349917383e-01,-6.176390079453308868e-03
-1.905590711336415111e-01,-6.037354999119504129e-03
-1.905430068411056721e-01,-5.898319963983239544e-03
-1.905269421464140522e-01,-5.759284975313222477e-03
-1.905108770382903383e-01,-5.620250034413520890e-03
-1.904948115051434132e-01,-5.481215142624756842e-03
-1.904787455350588354e-01,-5.342180301325022418e-03
-1.904626791157897625e-01,-5.203145511930878930e-03
-1.904466122347478474e-01,-5.064110775898522654e-03
-1.904305448789938571e-01,-4.925076094724811782e-03
-1.904144770352278471e-01,-4.786041469948459914e-03
-1.903984086897793915e-01,-4.647006903151063018e-03
-1.903823398285972579e-01,-4.507972395958459444e-03
-1.903662704372389991e-01,-4.368937950041784646e-03
-1.903502005008601283e-01,-4.229903567118858954e-03
-1.903341300042031281e-01,-4.090869248955408821e-03
-1.903180589315860427e-01,-3.951834997366454605e-03
-1.903019872668908485e-01,-3.812800814217504053e-03
-1.902859149935515748e-01,-3.673766701426217640e-03
-1.902698420945418689e-01,-3.534732660963518791e-03
-1.902537685523624789e-01,-3.395698694855370237e-03
-1.902376943490283467e-01,-3.256664805184106282e-03
-1.902216194660552584e-01,-3.117630994090042629e-03
-1.902055438844462432e-01,-2.978597263773086201e-03
-1.901894675846774740e-01,-2.839563616494206189e-03
-1.901733905466841124e-01,-2.700530054577404693e-03
-1.901573127498453475e-01,-2.561496580411215529e-03
-1.901412341729693811e-01,-2.422463196450591605e-03
-1.901251547942778841e-01,-2.283429905218653522e-03
-1.901090745913900371e-01,-2.144396709308632465e-03
-1.900929935413062100e-01,-2.005363611385618805e-03
-1.900769116203911424e-01,-1.866330614188754788e-03
-1.900608288043567629e-01,-1.727297720533149672e-03
-1.900447450682445638e-01,-1.588264933311905880e-03
-1.900286603864073942e-01,-1.449232255498311694e-03
-1.900125747324909742e-01,-1.310199690148006191e-03
-1.899964880794147715e-01,-1.171167240401199683e-03
-1.899804003993524615e-01,-1.032134909484949681e-03
-1.899643116637119433e-01,-8.931027007157144038e-04
-1.899482218431146896e-01,-7.540706175014622037e-04
-1.899321309073747632e-01,-6.150386633443638562e-04
-1.899160388254770571e-01,-4.760068418432905624e-04
-1.898999455655553392e-01,-3.369751566963674616e-04
-1.898838510948692992e-01,-1.979436117038324561e-04
-1.898677553797815110e-01,-5.891221077058972355e-05
-1.898516583857333129e-01,8.011904209093145823e-05
-1.898355600772205221e-01,2.191501427577513539e-04
-1.898194604177683431e-01,3.581810869935919683e-04
-1.898033593699055832e-01,4.972118704455741334e-04
-1.897872568951384231e-01,6.362424886413309277e-04
-1.897711529539234110e-01,7.752729369857047637e-04
-1.897550475056398178e-01,9.143032107574444733e-04
-1.897389405085614655e-01,1.053333305105957907e-03
-1.897228319198275837e-01,1.192363215047648195e-03
-1.897067216954132218e-01,1.331392935462694105e-03
-1.896906097900988852e-01,1.470422461091080990e-03
-1.896744961574394206e-01,1.609451786529242368e-03
-1.896583807497321250e-01,1.748480906226063114e-03
-1.896422635179842442e-01,1.887509814478882664e-03
-1.896261444118795270e-01,2.026538505429831272e-03
-1.896100233797441692e-01,2.165566973061361367e-03
-1.895939003685119251e-01,2.304595211192472792e-03
-1.895777753236882468e-01,2.443623213474105382e-03
-1.895616481893140359e-01,2.582650973384836846e-03
-1.895455189079279235e-01,2.721678484226497385e-03
-1.895293874205284668e-01,2.860705739119451252e-03
-1.895132536665347922e-01,2.999732730997989316e-03
-1.894971175837468769e-01,3.138759452605388578e-03
-1.894809791083048034e-01,3.277785896489138207e-03
-1.894648381746468768e-01,3.416812054995888026e-03
-1.894486947154673251e-01,3.555837920266036178e-03
-1.894325486616726950e-01,3.694863484228844142e-03
-1.894163999423375822e-01,3.833888738596635815e-03
-1.894002484846591394e-01,3.972913674859746003e-03
-1.893840942139110584e-01,4.111938284280525213e-03
-1.893679370533962736e-01,4.250962557887594251e-03
-1.893517769243988624e-01,4.389986486470265348e-03
-1.893356137461348898e-01,4.529010060572075114e-03
-1.893194474357025037e-01,4.668033270485039132e-03
-1.893032779080307537e-01,4.807056106243184912e-03
-1.892871050758277163e-01,4.946078557616140348e-03
-1.892709288495274533e-01,5.085100614102694427e-03
-1.892547491372360280e-01,5.224122264923886094e-03
-1.892385658446767427e-01,5.363143499016620463e-03
-1.892223788751339897e-01,5.502164305026230329e-03
-1.892061881293965464e-01,5.641184671299676046e-03
-1.891899935056995941e-01,5.780204585878356838e-03
-1.891737948996659313e-01,5.919224036490478014e-03
-1.891575922042461610e-01,6.058243010543806761e-03
-1.891413853096579056e-01,6.197261495117872832e-03
-1.891251741033240230e-01,6.336279476956252488e-03
-1.891089584698101289e-01,6.475296942458630411e-03
-1.890927382907607868e-01,6.614313877672611808e-03
-1.890765134448352258e-01,6.753330268285673288e-03
-1.890602838076417824e-01,6.892346099616697419e-03
-1.890440492516717863e-01,7.031361356607535029e-03
-1.890278096462323365e-01,7.170376023814234445e-03
-1.890115648573784946e-01,7.309390085398520531e-03
-1.889953147478444506e-01,7.448403525118663104e-03
-1.889790591769740791e-01,7.587416326320484128e-03
-1.889627980006507446e-01,7.726428471928226127e-03
-1.889465310712264423e-01,7.865439944435170805e-03
-1.889302582374501049e-01,8.004450725894313168e-03
-1.889139793443955773e-01,8.143460797908647075e-03
-1.888976942333888409e-01,8.282470141621589566e-03
-1.888814027419348229e-01,8.421478737707155382e-03
-1.888651047036437880e-01,8.560486566359992722e-03
-1.888487999481571755e-01,8.699493607285418983e-03
-1.888324883010733812e-01,8.838499839689345494e-03
-1.888161695838730114e-01,8.977505242267758145e-03
-1.887998436138443037e-01,9.116509793196864164e-03
-1.887835102040080759e-01,9.255513470122295194e-03
-1.887671691630429804e-01,9.394516250148809977e-03
-1.887508202952107028e-01,9.533518109829663967e-03
-1.887344634002814103e-01,9.672519025156062211e-03
-1.887180982734594226e-01,9.811518971546528967e-03
-1.887017247053092983e-01,9.950517923835972001e-03
-1.886853424816825608e-01,1.008951585626532976e-02
-1.886689513836449228e-01,1.022851274247044140e-02
-1.886525511874042604e-01,1.036750855547144412e-02
-1.886361416642397260e-01,1.050650326766211506e-02
-1.886197225804315536e-01,1.064549685079893560e-02
-1.886032936971923923e-01,1.078448927599048868e-02
-1.885868547705998877e-01,1.092348051368674522e-02
-1.885704055515306787e-01,1.106247053366860023e-02
-1.885539457855961443e-01,1.120145930503718690e-02
-1.885374752130802856e-01,1.134044679620355156e-02
-1.885209935688791916e-01,1.147943297487846737e-02
-1.885045005824431963e-01,1.161841780806205371e-02
-1.884879959777213398e-01,1.175740126203408953e-02
-1.884714794731084664e-01,1.189638330234382702e-02
-1.884549507813953195e-01,1.203536389380086002e-02
-1.884384096097216910e-01,1.217434300046546514e-02
-1.884218556595330107e-01,1.231332058563955334e-02
-1.884052886265405458e-01,1.245229661185798253e-02
-1.883887082006854286e-01,1.259127104087989779e-02
-1.883721140661068216e-01,1.273024383368076551e-02
-1.883555059011145227e-01,1.286921495044454633e-02
-1.883388833781662330e-01,1.300818435055622890e-02
-1.883222461638497103e-01,1.314715199259514078e-02
-1.883055939188703065e-01,1.328611783432825932e-02
-1.882889262980439182e-01,1.342508183270457733e-02
-1.882722429502959316e-01,1.356404394384941314e-02
-1.882555435186661630e-01,1.370300412305991422e-02
-1.882388276403203498e-01,1.384196232480078281e-02
-1.882220949465684412e-01,1.398091850270066772e-02
-1.882053450628899949e-01,1.411987260954972179e-02
-1.881885776089670392e-01,1.425882459729721496e-02
-1.881717921987245412e-01,1.439777441705053507e-02
-1.881549884403790895e-01,1.453672201907477146e-02
-1.881381659364961267e-01,1.467566735279315915e-02
-1.881213242840556188e-01,1.481461036678863308e-02
-1.881044630745271062e-01,1.495355100880602084e-02
-1.880875818939538591e-01,1.509248922575590068e-02
-1.880706803230471069e-01,1.523142496371865384e-02
-1.880537579372899282e-01,1.537035816795059850e-02
-1.880368143070517972e-01,1.550928878289042911e-02
-1.880198489977136234e-01,1.564821675216751529e-02
-1.880028615698037531e-01,1.578714201861117217e-02
-1.879858515791452134e-01,1.592606452426129082e-02
-1.879688185770144737e-01,1.606498421038043967e-02
-1.879517621103118097e-01,1.620390101746740918e-02
-1.879346817217439625e-01,1.634281488527189463e-02
-1.879175769500186499e-01,1.648172575281117713e-02
-1.879004473300517342e-01,1.662063355838802603e-02
-1.878832923931867960e-01,1.675953823961040534e-02
-1.878661116674276432e-01,1.689843973341276229e-02
-1.878489046776835592e-01,1.703733797607878686e-02
-1.878316709460275680e-01,1.717623290326644736e-02
-1.878144099919676346e-01,1.731512445003413614e-02
-1.877971213327312705e-01,1.745401255086925785e-02
-1.877798044835628510e-01,1.759289713971798341e-02
-1.877624589580342285e-01,1.773177815001758528e-02
-1.877450842683683341e-01,1.787065551473004943e-02
-1.877276799257756590e-01,1.800952916637782453e-02
-1.877102454408033638e-01,1.814839903708176383e-02
-1.876927803236972947e-01,1.828726505860037155e-02
-1.876752840847759340e-01,1.842612716237163051e-02
-1.876577562348166195e-01,1.856498527955652289e-02
-1.876401962854536420e-01,1.870383934108413304e-02
-1.876226037495872523e-01,1.884268927769947033e-02
-1.876049781418042683e-01,1.898153502001229120e-02
-1.875873189788083983e-01,1.912037649854866905e-02
-1.875696257798611932e-01,1.925921364380381307e-02
-1.875518980672319647e-01,1.939804638629688549e-02
-1.875341353666565569e-01,1.953687465662776179e-02
-1.875163372078042512e-01,1.967569838553531736e-02
-1.874985031247519141e-01,1.981451750395757383e-02
-1.874806326564648351e-01,1.995333194309320546e-02
-1.874627253472832544e-01,2.009214163446493284e-02
-1.874447807474138028e-01,2.023094650998402688e-02
-1.874267984134248000e-01,2.036974650201639481e-02
-1.874087779087447170e-01,2.050854154344991520e-02
-1.873907188041625260e-01,2.064733156776274448e-02
-1.873726206783289383e-01,2.078611650909312214e-02
-1.873544831182576975e-01,2.092489630230962017e-02
-1.873363057198255410e-01,2.106367088308236379e-02
-1.873180880882695798e-01,2.120244018795525154e-02
-1.872998298386815419e-01,2.134120415441811969e-02
-1.872815305964968535e-01,2.147996272097985049e-02
-1.872631899979779746e-01,2.161871582724125829e-02
-1.872448076906905179e-01,2.175746341396844752e-02
-1.872263833339708472e-01,2.189620542316575436e-02
-1.872079165993842387e-01,2.203494179814849407e-02
-1.871894071711719121e-01,2.217367248361551413e-02
-1.871708547466860439e-01,2.231239742572060925e-02
-1.871522590368114858e-01,2.245111657214379774e-02
-1.871336197663728829e-01,2.258982987216098803e-02
-1.871149366745261944e-01,2.272853727671270141e-02
-1.870962095151331162e-01,2.286723873847182342e-02
-1.870774380571178230e-01,2.300593421190888499e-02
-1.870586220848045045e-01,2.314462365335664962e-02
-1.870397613982348883e-01,2.328330702107217487e-02
-1.870208558134646704e-01,2.342198427529654237e-02
-1.870019051628381557e-01,2.356065537831317225e-02
-1.869829092952397520e-01,2.369932029450272370e-02
-1.869638680763222593e-01,2.383797899039613588e-02
-1.869447813887104570e-01,2.397663143472419933e-02
-1.869256491321799329e-01,2.411527759846493479e-02
-1.869064712238101833e-01,2.425391745488714168e-02
-1.868872475981119274e-01,2.439255097959106000e-02
-1.868679782071274442e-01,2.453117815054597917e-02
-1.868486630205046517e-01,2.466979894812351692e-02
-1.868293020255438752e-01,2.480841335512834478e-02
-1.868098952272172764e-01,2.494702135682438926e-02
-1.867904426481613589e-01,2.508562294095748046e-02
-1.867709443286419690e-01,2.522421809777455892e-02
-1.867514003264923172e-01,2.536280682003830278e-02
-1.867318107170239661e-01,2.550138910303839657e-02
-1.867121755929113114e-01,2.563996494459819253e-02
-1.866924950640496683e-01,2.577853434507809682e-02
-1.866727692573877107e-01,2.591709730737415396e-02
-1.866529983167345974e-01,2.605565383691299530e-02
-1.866331824025423136e-01,2.619420394164312382e-02
-1.866133216916644466e-01,2.633274763202125834e-02
-1.865934163770913146e-01,2.647128492099587449e-02
-1.865734666676630849e-01,2.660981582398616596e-02
-1.865534727877614651e-01,2.674834035885714778e-02
-1.865334349769804945e-01,2.688685854589176194e-02
-1.865133534897784884e-01,2.702537040775848665e-02
-1.864932285951107771e-01,2.716387596947611449e-02
-1.864730605760458737e-01,2.730237525837486690e-02
-1.864528497293647946e-01,2.744086830405401134e-02
-1.864325963651457529e-01,2.757935513833692509e-02
-1.864123008063347242e-01,2.771783579522257845e-02
-1.863919633883034943e-01,2.785631031083479758e-02
-1.863715844583962999e-01,2.799477872336805784e-02
-1.863511643754660885e-01,2.813324107303175059e-02
-1.863307035094020903e-01,2.827169740199136916e-02
-1.863102022406494529e-01,2.841014775430769634e-02
-1.862896609597224640e-01,2.854859217587435438e-02
-1.862690800667124724e-01,2.868703071435299568e-02
-1.862484599707917299e-01,2.882546341910752208e-02
-1.862278010897143732e-01,2.896389034113650007e-02
-1.862071038493156028e-01,2.910231153300410489e-02
-1.861863686830103337e-01,2.924072704877064832e-02
-1.861655960312922353e-01,2.937913694392155217e-02
-1.861447863412343529e-01,2.951754127529632177e-02
-1.861239400659923104e-01,2.965594010101613165e-02
-1.861030576643111223e-01,2.979433348041204965e-02
-1.860821396000361672e-01,2.993272147395220628e-02
-1.860611863416301304e-01,3.007110414316943592e-02
-1.860401983616955524e-01,3.020948155058914009e-02
-1.860191761365047047e-01,3.034785375965692866e-02
-1.859981201455372934e-01,3.048622083466734356e-02
-1.859770308710264053e-01,3.062458284069280445e-02
-1.859559087975137526e-01,3.076293984351313737e-02
-1.859347544114144657e-01,3.090129190954654659e-02
-1.859135682005923218e-01,3.103963910578078078e-02
-1.858923506539454373e-01,3.117798149970610333e-02
-1.858711022610035346e-01,3.131631915924901199e-02
-1.858498235115363384e-01,3.145465215270729087e-02
-1.858285148951742960e-01,3.159298054868664440e-02
-1.858071769010413155e-01,3.173130441603858043e-02
-1.857858100173999383e-01,3.186962382380001402e-02
-1.857644147313093352e-01,3.200793884113425913e-02
-1.857429915282960142e-01,3.214624953727393541e-02
-1.857215408920376565e-01,3.228455598146537375e-02
-1.857000633040598314e-01,3.242285824291479823e-02
-1.856785592434458121e-01,3.256115639073667301e-02
-1.856570291865597133e-01,3.269945049390318714e-02
-1.856354736067823696e-01,3.283774062119640402e-02
-1.856138929742604526e-01,3.297602684116165972e-02
-1.855922877556685224e-01,3.311430922206304306e-02
-1.855706584139835968e-01,3.325258783184104061e-02
-1.855490054082728768e-01,3.339086273807159722e-02
-1.855273291934934066e-01,3.352913400792764675e-02
-1.855056302203044183e-01,3.366740170814180866e-02
-1.854839089348917225e-01,3.380566590497188773e-02
-1.854621657788036448e-01,3.394392666416734539e-02
-1.854404011887990089e-01,3.408218405093799142e-02
-1.854186155967061378e-01,3.422043812992489609e-02
-1.853968094292930691e-01,3.435868896517213500e-02
-1.853749831081484833e-01,3.449693662010133721e-02
-1.853531370495731800e-01,3.463518115748723258e-02
-1.853312716644816005e-01,3.477342263943511425e-02
-1.853093873583134543e-01,3.491166112736016069e-02
-1.852874845309546159e-01,3.504989668196786812e-02
-1.852655635766674025e-01,3.518812936323675866e-02
-1.852436248840295951e-01,3.532635923040197690e-02
-1.852216688358823693e-01,3.546458634194049608e-02
-1.851996958092859968e-01,3.560281075555829511e-02
-1.851777061754837084e-01,3.574103252817809051e-02
-1.851557002998731882e-01,3.587925171592912243e-02
-1.851336785419851749e-01,3.601746837413771773e-02
-1.851116412554690838e-01,3.615568255731957392e-02
-1.850895887880850688e-01,3.629389431917287578e-02
-1.850675214817027181e-01,3.643210371257254998e-02
-1.850454396723053563e-01,3.657031078956612946e-02
-1.850233436900002859e-01,3.670851560136986769e-02
-1.850012338590341920e-01,3.684671819836668472e-02
-1.849791104978139311e-01,3.698491863010450187e-02
-1.849569739189318163e-01,3.712311694529574213e-02
-1.849348244291955656e-01,3.726131319181766322e-02
-1.849126623296624694e-01,3.739950741671335677e-02
-1.848904879156776093e-01,3.753769966619399656e-02
-1.848683014769157140e-01,3.767588998564116998e-02
-1.848461032974264562e-01,3.781407841961054173e-02
-1.848238936556831913e-01,3.795226501183571188e-02
-1.848016728246344165e-01,3.809044980523287882e-02
-1.847794410717583102e-01,3.822863284190622379e-02
-1.847571986591195203e-01,3.836681416315340654e-02
-1.847349458434286162e-01,3.850499380947222661e-02
-1.847126828761034290e-01,3.864317182056714595e-02
-1.846904100033325002e-01,3.878134823535647757e-02
-1.846681274661403360e-01,3.891952309198012938e-02
-1.846458355004541307e-01,3.905769642780748674e-02
-1.846235343371719906e-01,3.919586827944576690e-02
-1.846012242022324612e-01,3.933403868274876203e-02
-1.845789053166851656e-01,3.947220767282547116e-02
-1.845565778967622472e-01,3.961037528404975916e-02
-1.845342421539509503e-01,3.974854155006934953e-02
-1.845118982950666175e-01,3.988670650381573313e-02
-1.844895465223264086e-01,4.002487017751385490e-02
-1.844671870334233521e-01,4.016303260269216135e-02
-1.844448200216009526e-01,4.030119381019281466e-02
-1.844224456757276864e-01,4.043935383018174012e-02
-1.844000641803721086e-01,4.057751269215928436e-02
-1.843776757158774315e-01,4.071567042497029054e-02
-1.843552804584365767e-01,4.085382705681497861e-02
-1.843328785801666980e-01,4.099198261525938136e-02
-1.843104702491837610e-01,4.113013712724580828e-02
-1.842880556296766226e-01,4.126829061910369800e-02
-1.842656348819810275e-01,4.140644311656005438e-02
-1.842432081626527995e-01,4.154459464475032671e-02
-1.842207756245410333e-01,4.168274522822887351e-02
-1.841983374168602305e-01,4.182089489097945423e-02
-1.841758936852623540e-01,4.195904365642597056e-02
-1.841534445719079094e-01,4.209719154744284708e-02
-1.841309902155364164e-01,4.223533858636563387e-02
-1.841085307515363256e-01,4.237348479500113729e-02
-1.840860663120140739e-01,4.251163019463793935e-02
-1.840635970258622522e-01,4.264977480605661175e-02
-1.840411230188271352e-01,4.278791864953965240e-02
-1.840186444135753774e-01,4.292606174488181048e-02
-1.839961613297597109e-01,4.306420411139974536e-02
-1.839736738840838104e-01,4.320234576794212966e-02
-1.839511821903662692e-01,4.334048673289919718e-02
-1.839286863596038268e-01,4.347862702421234626e-02
-1.839061865000332363e-01,4.361676665938382658e-02
-1.838836827171926869e-01,4.375490565548584287e-02
-1.838611751139818673e-01,4.389304402917004744e-02
-1.838386637907213628e-01,4.403118179667644960e-02
-1.838161488452108028e-01,4.416931897384260286e-02
-1.837936303727863430e-01,4.430745557611232011e-02
-1.837711084663768979e-01,4.444559161854438889e-02
-1.837485832165595689e-01,4.458372711582128667e-02
-1.837260547116139342e-01,4.472186208225745196e-02
-1.837035230375755890e-01,4.485999653180774982e-02
-1.836809882782883818e-01,4.499813047807568744e-02
-1.836584505154560676e-01,4.513626393432113026e-02
-1.836359098286926284e-01,4.527439691346862860e-02
-1.836133662955718449e-01,4.541252942811474513e-02
-1.835908199916758410e-01,4.555066149053604851e-02
-1.835682709906426846e-01,4.568879311269641308e-02
-1.835457193642129892e-01,4.582692430625423530e-02
-1.835231651822756826e-01,4.596505508256990002e-02
-1.835006085129127495e-01,4.610318545271260837e-02
-1.834780494224430847e-01,4.624131542746748313e-02
-1.834554879754655421e-01,4.637944501734214686e-02
-1.834329242349007905e-01,4.651757423257360524e-02
-1.834103582620326411e-01,4.665570308313471415e-02
-1.833877901165482660e-01,4.679383157874034138e-02
-1.833652198565776104e-01,4.693195972885394474e-02
-1.833426475387319732e-01,4.707008754269340067e-02
-1.833200732181416437e-01,4.720821502923730484e-02
-1.832974969484929550e-01,4.734634219723066195e-02
-1.832749187820641446e-01,4.748446905519052019e-02
-1.832523387697607420e-01,4.762259561141193864e-02
-1.832297569611500421e-01,4.776072187397309432e-02
-1.832071734044946887e-01,4.789884785074102758e-02
-1.831845881467857040e-01,4.803697354937655484e-02
-1.831620012337746295e-01,4.817509897733968094e-02
-1.831394127100048619e-01,4.831322414189453962e-02
-1.831168226188424619e-01,4.845134905011427850e-02
-1.830942310025061026e-01,4.858947370888597184e-02
-1.830716379020962958e-01,4.872759812491506137e-02
-1.830490433576240639e-01,4.886572230473026912e-02
-1.830264474080387782e-01,4.900384625468792721e-02
-1.830038500912554156e-01,4.914196998097625224e-02
-1.829812514441812865e-01,4.928009348961992497e-02
-1.829586515027417926e-01,4.941821678648386507e-02
-1.829360503019059059e-01,4.955633987727767198e-02
-1.829134478757108995e-01,4.969446276755942749e-02
-1.828908442572864113e-01,4.983258546273952594e-02
-1.828682394788779808e-01,4.997070796808472659e-02
-1.828456335718701142e-01,5.010883028872148426e-02
-1.828230265668085441e-01,5.024695242963997388e-02
-1.828004184934221843e-01,5.038507439569725466e-02
-1.827778093806444182e-01,5.052319619162093378e-02
-1.827551992566338879e-01,5.066131782201255263e-02
-1.827325881487947834e-01,5.079943929135058434e-02
-1.827099760837964659e-01,5.093756060399401431e-02
-1.826873630875930077e-01,5.107568176418508799e-02
-1.826647491854416772e-01,5.121380277605272480e-02
-1.826421344019215354e-01,5.135192364361518269e-02
-1.826195187609510884e-01,5.149004437078300023e-02
-1.825969022858057456e-01,5.162816496136199418e-02
-1.825742849991348893e-01,5.176628541905572978e-02
-1.825516669229782785e-01,5.190440574746860158e-02
-1.825290480787822023e-01,5.204252595010797067e-02
-1.825064284874151899e-01,5.218064603038707894e-02
-1.824838081691833869e-01,5.231876599162735286e-02
-1.824611871438453214e-01,5.245688583706090147e-02
-1.824385654306265592e-01,5.259500556983284780e-02
-1.824159430482338307e-01,5.273312519300354939e-02
-1.823933200148687706e-01,5.287124470955101296e-02
-1.823706963482414067e-01,5.300936412237303164e-02
-1.823480720655832610e-01,5.314748343428907229e-02
-1.823254471836600610e-01,5.328560264804274582e-02
-1.823028217187842581e-01,5.342372176630344471e-02
-1.822801956868269069e-01,5.356184079166867451e-02
-1.822575691032297107e-01,5.369995972666569140e-02
-1.822349419830164019e-01,5.383807857375338957e-02
-1.822123143408038159e-01,5.397619733532432740e-02
-1.821896861908129661e-01,5.411431601370628175e-02
-1.821670575468794517e-01,5.425243461116416310e-02
-1.821444284224639776e-01,5.439055312990145885e-02
-1.821217988306622626e-01,5.452867157206209292e-02
-1.820991687842149209e-01,5.466678993973200784e-02
-1.820765382955169265e-01,5.480490823494046926e-02
-1.820539073766269667e-01,5.494302645966195331e-02
-1.820312760392764073e-01,5.508114461581720134e-02
-1.820086442948781469e-01,5.521926270527510727e-02
-1.819860121545351928e-01,5.535738072985380009e-02
-1.819633796290489602e-01,5.549549869132200386e-02
-1.819407467289274327e-01,5.563361659140056426e-02
-1.819181134643930164e-01,5.577173443176355883e-02
-1.818954798453902844e-01,5.590985221403968475e-02
-1.818728458815934979e-01,5.604796993981325803e-02
-1.818502115824138510e-01,5.618608761062576784e-02
-1.818275769570064926e-01,5.632420522797673690e-02
-1.818049420142776595e-01,5.646232279332485948e-02
-1.817823067628911715e-01,5.660044030808927817e-02
-1.817596712112751201e-01,5.673855777365055530e-02
-1.817370353676281969e-01,5.687667519135167216e-02
-1.817143992399259111e-01,5.701479256249913918e-02
-1.816917628359265846e-01,5.715290988836380093e-02
-1.816691261631772636e-01,5.729102717018214053e-02
-1.816464892290195199e-01,5.742914440915677932e-02
-1.816238520405948353e-01,5.756726160645767032e-02
-1.816012146048501807e-01,5.770537876322306969e-02
-1.815785769285431783e-01,5.784349588055998082e-02
-1.815559390182472921e-01,5.798161295954548655e-02
-1.815333008803568793e-01,5.811973000122713784e-02
-1.815106625210918811e-01,5.825784700662417492e-02
-1.814880239465027634e-01,5.839596397672783268e-02
-1.814653851624748460e-01,5.853408091250247858e-02
-1.814427461747331327e-01,5.867219781488619557e-02
-1.814201069888463358e-01,5.881031468479144819e-02
-1.813974676102313444e-01,5.894843152310591528e-02
-1.813748280441572214e-01,5.908654833069287848e-02
-1.813521882957492559e-01,5.922466510839230480e-02
-1.813295483699929322e-01,5.936278185702115184e-02
-1.813069082717376490e-01,5.950089857737403398e-02
-1.812842680057004108e-01,5.963901527022399951e-02
-1.812616275764695473e-01,5.977713193632294697e-02
-1.812389869885080440e-01,5.991524857640231905e-02
-1.812163462461570673e-01,6.005336519117346339e-02
-1.811937053536392950e-01,6.019148178132846527e-02
-1.811710643150620248e-01,6.032959834754050843e-02
-1.811484231344204499e-01,6.046771489046423587e-02
-1.811257818156006283e-01,6.060583141073661029e-02
-1.811031403623824532e-01,6.074394790897710839e-02
-1.810804987784425668e-01,6.088206438578833146e-02
-1.810578570673572196e-01,6.102018084175639401e-02
-1.810352152326049069e-01,6.115829727745142330e-02
-1.810125732775690888e-01,6.129641369342800350e-02
-1.809899312055407994e-01,6.143453009022548095e-02
-1.809672890197211448e-01,6.157264646836851929e-02
-1.809446467232236899e-01,6.171076282836754356e-02
-1.809220043190769567e-01,6.184887917071887897e-02
-1.808993618102266998e-01,6.198699549590536151e-02
-1.808767191995381274e-01,6.212511180439664327e-02
-1.808540764897981212e-01,6.226322809664955327e-02
-1.808314336837174297e-01,6.240134437310834725e-02
-1.808087907839326380e-01,6.253946063420520729e-02
-1.807861477930082228e-01,6.267757688036060260e-02
-1.807635047134386330e-01,6.281569311198331729e-02
-1.807408615476500668e-01,6.295380932947108876e-02
-1.807182182980023588e-01,6.309192553321071872e-02
-1.806955749667908118e-01,6.323004172357846175e-02
-1.806729315562480009e-01,6.336815790094033063e-02
-1.806502880685454115e-01,6.350627406565217958e-02
-1.806276445057951319e-01,6.364439021806034269e-02
-1.806050008700515186e-01,6.378250635850149508e-02
-1.805823571633126678e-01,6.392062248730320806e-02
-1.805597133875221083e-01,6.405873860478414339e-02
-1.805370695445701612e-01,6.419685471125410881e-02
-1.805144256362954114e-01,6.433497080701455761e-02
-1.804917816644861506e-01,6.447308689235853318e-02
-1.804691376308818207e-01,6.461120296757133508e-02
-1.804464935371741796e-01,6.474931903293018598e-02
-1.804238493850087721e-01,6.488743508870487009e-02
-1.804012051759860402e-01,6.502555113515784413e-02
-1.803785609116627109e-01,6.516366717254420959e-02
-1.803559165935528785e-01,6.530178320111221235e-02
-1.803332722231291985e-01,6.543989922110327040e-02
-1.803106278018240527e-01,6.557801523275219591e-02
-1.802879833310306046e-01,6.571613123628744502e-02
-1.802653388121039091e-01,6.585424723193106233e-02
-1.802426942463619119e-01,6.599236321989920828e-02
-1.802200496350865322e-01,6.613047920040196481e-02
-1.801974049795245503e-01,6.626859517364377949e-02
-1.801747602808886628e-01,6.640671113982343776e-02
-1.801521155403583707e-01,6.654482709913434046e-02
-1.801294707590808675e-01,6.668294305176458714e-02
-1.801068259381719550e-01,6.682105899789700376e-02
-1.800841810787169039e-01,6.695917493770964235e-02
-1.800615361817713145e-01,6.709729087137544790e-02
-1.800388912483618098e-01,6.723540679906275797e-02
-1.800162462794869245e-01,6.737352272093535821e-02
-1.799936012761179371e-01,6.751163863715239910e-02
-1.799709562391994810e-01,6.764975454786881226e-02
-1.799483111696503213e-01,6.778787045323514393e-02
-1.799256660683640763e-01,6.792598635339797131e-02
-1.799030209362099120e-01,6.806410224849981927e-02
-1.798803757740331799e-01,6.820221813867918814e-02
-1.798577305826561390e-01,6.834033402407099778e-02
-1.798350853628784829e-01,6.847844990480625449e-02
-1.798124401154780061e-01,6.861656578101252291e-02
-1.797897948412112423e-01,6.875468165281384270e-02
-1.797671495408140196e-01,6.889279752033083959e-02
-1.797445042150019601e-01,6.903091338368089191e-02
-1.797218588644711457e-01,6.916902924297801958e-02
-1.796992134898985627e-01,6.930714509833335590e-02
-1.796765680919427399e-01,6.944526094985473130e-02
-1.796539226712440540e-01,6.958337679764717287e-02
-1.796312772284254233e-01,6.972149264181290440e-02
-1.796086317640926966e-01,6.985960848245115207e-02
-1.795859862788351247e-01,6.999772431965858854e-02
-1.795633407732258324e-01,7.013584015352911094e-02
-1.795406952478222351e-01,7.027395598415420164e-02
-1.795180497031665101e-01,7.041207181162267847e-02
-1.794954041397859856e-01,7.055018763602100007e-02
-1.794727585581934737e-01,7.068830345743332133e-02
-1.794501129588878807e-01,7.082641927594135467e-02
-1.794274673423543187e-01,7.096453509162467532e-02
-1.794048217090646880e-01,7.110265090456066583e-02
-1.793821760594779824e-01,7.124076671482454381e-02
-1.793595303940405394e-01,7.137888252248955623e-02
-1.793368847131865396e-01,7.151699832762678510e-02
-1.793142390173382561e-01,7.165511413030559162e-02
-1.792915933069064438e-01,7.179322993059322755e-02
-1.792689475822905054e-01,7.193134572855516828e-02
-1.792463018438789912e-01,7.206946152425522389e-02
-1.792236560920497934e-01,7.220757731775526156e-02
-1.792010103271703958e-01,7.234569310911559414e-02
-1.791783645495983457e-01,7.248380889839473040e-02
-1.791557187596812262e-01,7.262192468564981906e-02
-1.791330729577572667e-01,7.276004047093620475e-02
-1.791104271441553153e-01,7.289815625430781654e-02
-1.790877813191952828e-01,7.303627203581719574e-02
-1.790651354831883091e-01,7.317438781551524607e-02
-1.790424896364369300e-01,7.331250359345162226e-02
-1.790198437792355213e-01,7.345061936967456351e-02
-1.789971979118702983e-01,7.358873514423103224e-02
-1.789745520346196772e-01,7.372685091716668637e-02
-1.789519061477544970e-01,7.386496668852585157e-02
-1.789292602515380470e-01,7.400308245835182652e-02
-1.789066143462265390e-01,7.414119822668649440e-02
-1.788839684320691070e-01,7.427931399357076692e-02
-1.788613225093080572e-01,7.441742975904436230e-02
-1.788386765781790622e-01,7.455554552314591632e-02
-1.788160306389113552e-01,7.469366128591303777e-02
-1.787933846917278691e-01,7.483177704738219749e-02
-1.787707387368454581e-01,7.496989280758908913e-02
-1.787480927744750092e-01,7.510800856656818514e-02
-1.787254468048216638e-01,7.524612432435312526e-02
-1.787028008280849289e-01,7.538424008097668882e-02
-1.786801548444587884e-01,7.552235583647062822e-02
-1.786575088541320355e-01,7.566047159086591867e-02
-1.786348628572881903e-01,7.579858734419261945e-02
-1.786122168541057764e-01,7.593670309648001271e-02
-1.785895708447584329e-01,7.607481884775663117e-02
-1.785669248294150524e-01,7.621293459805003612e-02
-1.785442788082398646e-01,7.635105034738731700e-02
-1.785216327813926585e-01,7.648916609579453629e-02
-1.784989867490288096e-01,7.662728184329725689e-02
-1.784763407112994194e-01,7.676539758992020901e-02
-1.784536946683514536e-01,7.690351333568748449e-02
-1.784310486203279367e-01,7.704162908062259230e-02
-1.784084025673678409e-01,7.717974482474820874e-02
-1.783857565096064191e-01,7.731786056808664931e-02
-1.783631104471752049e-01,7.745597631065936906e-02
-1.783404643802021516e-01,7.759409205248735120e-02
-1.783178183088116320e-01,7.773220779359110710e-02
-1.782951722331246880e-01,7.787032353399037099e-02
-1.782725261532589756e-01,7.800843927370446074e-02
-1.782498800693290419e-01,7.814655501275216687e-02
-1.782272339814461592e-01,7.828467075115175255e-02
-1.782045878897186575e-01,7.842278648892092585e-02
-1.781819417942518413e-01,7.856090222607695073e-02
-1.781592956951481288e-01,7.869901796263673033e-02
-1.781366495925071902e-01,7.883713369861647391e-02
-1.781140034864258648e-01,7.897524943403214093e-02
-1.780913573769984937e-01,7.911336516889916348e-02
-1.780687112643166703e-01,7.925148090323255734e-02
-1.780460651484695456e-01,7.938959663704697745e-02
-1.780234190295438557e-01,7.952771237035660690e-02
-1.780007729076239220e-01,7.966582810317532348e-02
-1.779781267827918179e-01,7.980394383551650539e-02
-1.779554806551272572e-01,7.994205956739325325e-02
-1.779328345247078724e-01,8.008017529881836238e-02
-1.779101883916091031e-01,8.021829102980410076e-02
-1.778875422559043629e-01,8.035640676036256980e-02
-1.778648961176650944e-01,8.049452249050545460e-02
-1.778422499769606313e-01,8.063263822024416272e-02
-1.778196038338585860e-01,8.077075394958971311e-02
-1.777969576884246006e-01,8.090886967855287493e-02
-1.777743115407225682e-01,8.104698540714422306e-02
-1.777516653908146338e-01,8.118510113537386053e-02
-1.777290192387611933e-01,8.132321686325172383e-02
-1.777063730846210610e-01,8.146133259078741640e-02
-1.776837269284514131e-01,8.159944831799034737e-02
-1.776610807703077888e-01,8.173756404486964833e-02
-1.776384346102443113e-01,8.187567977143411779e-02
-1.776157884483135496e-01,8.201379549769244326e-02
-1.775931422845666852e-01,8.215191122365295140e-02
-1.775704961190534281e-01,8.229002694932391337e-02
-1.775478499518222397e-01,8.242814267471315626e-02
-1.775252037829201102e-01,8.256625839982834059e-02
-1.775025576123928639e-01,8.270437412467718241e-02
-1.774799114402849654e-01,8.284248984926678716e-02
-1.774572652666397965e-01,8.298060557360437128e-02
-1.774346190914993793e-01,8.311872129769676265e-02
-1.774119729149047642e-01,8.325683702155073362e-02
-1.773893267368957249e-01,8.339495274517272350e-02
-1.773666805575110361e-01,8.353306846856917156e-02
-1.773440343767883898e-01,8.367118419174629507e-02
-1.773213881947644233e-01,8.380929991471003371e-02
-1.772987420114748025e-01,8.394741563746621615e-02
-1.772760958269541942e-01,8.408553136002061557e-02
-1.772534496412362937e-01,8.422364708237867204e-02
-1.772308034543539357e-01,8.436176280454577014e-02
-1.772081572663390392e-01,8.449987852652718345e-02
-1.771855110772225794e-01,8.463799424832801899e-02
-1.771628648870347544e-01,8.477610996995316173e-02
-1.771402186958049296e-01,8.491422569140744114e-02
-1.771175725035616377e-01,8.505234141269557568e-02
-1.770949263103326343e-01,8.519045713382206175e-02
-1.770722801161449256e-01,8.532857285479134024e-02
-1.770496339210247960e-01,8.546668857560774102e-02
-1.770269877249977530e-01,8.560480429627542742e-02
-1.770043415280886934e-01,8.574292001679856279e-02
-1.769816953303217366e-01,8.588103573718097739e-02
-1.769590491317203917e-01,8.601915145742661251e-02
-1.769364029323075571e-01,8.615726717753913189e-02
-1.769137567321054094e-01,8.629538289752219926e-02
-1.768911105311355703e-01,8.643349861737947837e-02
-1.768684643294191339e-01,8.657161433711429988e-02
-1.768458181269765006e-01,8.670973005673010547e-02
-1.768231719238275712e-01,8.684784577623005930e-02
-1.768005257199917191e-01,8.698596149561743651e-02
-1.767778795154877347e-01,8.712407721489517920e-02
-1.767552333103339368e-01,8.726219293406639599e-02
-1.767325871045480890e-01,8.740030865313402897e-02
-1.767099408981475939e-01,8.753842437210085370e-02
-1.766872946911491882e-01,8.767654009096970125e-02
-1.766646484835693309e-01,8.781465580974312513e-02
-1.766420022754239261e-01,8.795277152842384538e-02
-1.766193560667284612e-01,8.809088724701436002e-02
-1.765967098574979799e-01,8.822900296551716703e-02
-1.765740636477471925e-01,8.836711868393470892e-02
-1.765514174374903100e-01,8.850523440226920613e-02
-1.765287712267412101e-01,8.864335012052304563e-02
-1.765061250155134098e-01,8.878146583869833686e-02
-1.764834788038199820e-01,8.891958155679730025e-02
-1.764608325916736664e-01,8.905769727482198972e-02
-1.764381863790869254e-01,8.919581299277445918e-02
-1.764155401660717770e-01,8.933392871065676255e-02
-1.763928939526399897e-01,8.947204442847067618e-02
-1.763702477388029710e-01,8.961016014621814296e-02
-1.763476015245717954e-01,8.974827586390105028e-02
-1.763249553099573153e-01,8.988639158152106345e-02
-1.763023090949699667e-01,9.002450729907990334e-02
-1.762796628796200193e-01,9.016262301657929079e-02
-1.762570166639173819e-01,9.030073873402089113e-02
-1.762343704478717132e-01,9.043885445140625867e-02
-1.762117242314923948e-01,9.057697016873689222e-02
-1.761890780147886137e-01,9.071508588601434608e-02
-1.761664317977692240e-01,9.085320160323995253e-02
-1.761437855804428854e-01,9.099131732041532139e-02
-1.761211393628180077e-01,9.112943303754172941e-02
-1.760984931449027791e-01,9.126754875462050887e-02
-1.760758469267050819e-01,9.140566447165304753e-02
-1.760532007082327710e-01,9.154378018864051114e-02
-1.760305544894932850e-01,9.168189590558417645e-02
-1.760079082704939513e-01,9.182001162248515369e-02
-1.759852620512419308e-01,9.195812733934477512e-02
-1.759626158317441069e-01,9.209624305616409545e-02
-1.759399696120072520e-01,9.223435877294422491e-02
-1.759173233920378610e-01,9.237247448968627372e-02
-1.758946771718423729e-01,9.251059020639118557e-02
-1.758720309514268942e-01,9.264870592306007069e-02
-1.758493847307975311e-01,9.278682163969376173e-02
-1.758267385099601121e-01,9.292493735629342444e-02
-1.758040922889203272e-01,9.306305307285994699e-02
-1.757814460676837276e-01,9.320116878939416205e-02
-1.757587998462556977e-01,9.333928450589701331e-02
-1.757361536246415112e-01,9.347740022236933344e-02
-1.757135074028462474e-01,9.361551593881195510e-02
-1.756908611808748466e-01,9.375363165522565545e-02
-1.756682149587321939e-01,9.389174737161132267e-02
-1.756455687364228968e-01,9.402986308796967840e-02
-1.756229225139515904e-01,9.416797880430144430e-02
-1.756002762913226878e-01,9.430609452060734199e-02
-1.755776300685404911e-01,9.444421023688814865e-02
-1.755549838456092471e-01,9.458232595314447488e-02
-1.755323376225329801e-01,9.472044166937704235e-02
-1.755096913993157148e-01,9.485855738558646166e-02
-1.754870451759612537e-01,9.499667310177345447e-02
-1.754643989524734271e-01,9.513478881793852038e-02
-1.754417527288558432e-01,9.527290453408232551e-02
-1.754191065051120546e-01,9.541102025020548050e-02
-1.753964602812455587e-01,9.554913596630842942e-02
-1.753738140572596582e-01,9.568725168239189394e-02
-1.753511678331576840e-01,9.582536739845626261e-02
-1.753285216089427723e-01,9.596348311450214608e-02
-1.753058753846180040e-01,9.610159883053004393e-02
-1.752832291601864600e-01,9.623971454654040025e-02
-1.752605829356509992e-01,9.637783026253377017e-02
-1.752379367110145081e-01,9.651594597851043122e-02
-1.752152904862797067e-01,9.665406169447110507e-02
-1.751926442614493706e-01,9.679217741041606926e-02
-1.751699980365260256e-01,9.693029312634576788e-02
-1.751473518115122807e-01,9.706840884226070054e-02
-1.751247055864105784e-01,9.720652455816114479e-02
-1.751020593612233334e-01,9.734464027404760023e-02
-1.750794131359529049e-01,9.748275598992034441e-02
-1.750567669106015689e-01,9.762087170577987694e-02
-1.750341206851715459e-01,9.775898742162653088e-02
-1.750114744596649730e-01,9.789710313746058379e-02
-1.749888282340839596e-01,9.803521885328247976e-02
-1.749661820084305597e-01,9.817333456909249634e-02
-1.749435357827067161e-01,9.831145028489096660e-02
-1.749208895569143718e-01,9.844956600067816810e-02
-1.748982433310554419e-01,9.858768171645448941e-02
-1.748755971051317026e-01,9.872579743222020809e-02
-1.748529508791449583e-01,9.886391314797554619e-02
-1.748303046530969296e-01,9.900202886372089228e-02
-1.748076584269892819e-01,9.914014457945641290e-02
-1.747850122008236529e-01,9.927826029518238560e-02
-1.747623659746016522e-01,9.941637601089919896e-02
-1.747397197483248066e-01,9.955449172660696400e-02
-1.747170735219946147e-01,9.969260744230601379e-02
-1.746944272956125477e-01,9.983072315799651486e-02
-1.746717810691800210e-01,9.996883887367874477e-02
-1.746491348426983947e-01,1.001069545893529811e-01
-1.746264886161690844e-01,1.002450703050192793e-01
-1.746038423895933112e-01,1.003831860206780835e-01
-1.745811961629724074e-01,1.005213017363294492e-01
-1.745585499363075943e-01,1.006594174519736540e-01
-1.745359037096000376e-01,1.007975331676108088e-01
-1.745132574828509586e-01,1.009356488832411358e-01
-1.744906112560614952e-01,1.010737645988649125e-01
-1.744679650292327022e-01,1.012118803144821388e-01
-1.744453188023657175e-01,1.013499960300932035e-01
-1.744226725754615404e-01,1.014881117456981063e-01
-1.744000263485211977e-01,1.016262274612970695e-01
-1.743773801215457164e-01,1.017643431768903151e-01
-1.743547338945360126e-01,1.019024588924779540e-01
-1.743320876674930575e-01,1.020405746080601528e-01
-1.743094414404177672e-01,1.021786903236369670e-01
-1.742867952133109744e-01,1.023168060392086742e-01
-1.742641489861735948e-01,1.024549217547753854e-01
-1.742415027590064613e-01,1.025930374703372117e-01
-1.742188565318103510e-01,1.027311531858943194e-01
-1.741962103045860966e-01,1.028692689014467643e-01
-1.741735640773344751e-01,1.030073846169947682e-01
-1.741509178500561805e-01,1.031455003325382758e-01
-1.741282716227520178e-01,1.032836160480776200e-01
-1.741056253954226252e-01,1.034217317636128564e-01
-1.740829791680687522e-01,1.035598474791440404e-01
-1.740603329406910094e-01,1.036979631946713387e-01
-1.740376867132901184e-01,1.038360789101948067e-01
-1.740150404858666622e-01,1.039741946257145000e-01
-1.739923942584212790e-01,1.041123103412306961e-01
-1.739697480309545796e-01,1.042504260567433949e-01
-1.739471018034671468e-01,1.043885417722527076e-01
-1.739244555759595079e-01,1.045266574877586896e-01
-1.739018093484322736e-01,1.046647732032615075e-01
-1.738791631208859434e-01,1.048028889187611612e-01
-1.738565168933210447e-01,1.049410046342577063e-01
-1.738338706657380772e-01,1.050791203497513648e-01
-1.738112244381375682e-01,1.052172360652420813e-01
-1.737885782105199894e-01,1.053553517807300777e-01
-1.737659319828858129e-01,1.054934674962152985e-01
-1.737432857552354548e-01,1.056315832116978548e-01
-1.737206395275693871e-01,1.057696989271779131e-01
-1.736979932998880538e-01,1.059078146426553624e-01
-1.736753470721918435e-01,1.060459303581304247e-01
-1.736527008444811448e-01,1.061840460736031000e-01
-1.736300546167564296e-01,1.063221617890734993e-01
-1.736074083890180308e-01,1.064602775045416783e-01
-1.735847621612663372e-01,1.065983932200076367e-01
-1.735621159335016817e-01,1.067365089354714858e-01
-1.735394697057244529e-01,1.068746246509332254e-01
-1.735168234779350116e-01,1.070127403663930221e-01
-1.734941772501336354e-01,1.071508560818508204e-01
-1.734715310223207130e-01,1.072889717973067314e-01
-1.734488847944964940e-01,1.074270875127608105e-01
-1.734262385666613671e-01,1.075652032282130577e-01
-1.734035923388155542e-01,1.077033189436635841e-01
-1.733809461109593886e-01,1.078414346591123896e-01
-1.733582998830931754e-01,1.079795503745595853e-01
-1.733356536552171367e-01,1.081176660900051711e-01
-1.733130074273315779e-01,1.082557818054492027e-01
-1.732903611994367488e-01,1.083938975208917355e-01
-1.732677149715329268e-01,1.085320132363327694e-01
-1.732450687436203063e-01,1.086701289517723046e-01
-1.732224225156991648e-01,1.088082446672105075e-01
-1.731997762877697244e-01,1.089463603826473226e-01
-1.731771300598322350e-01,1.090844760980828609e-01
-1.731544838318868629e-01,1.092225918135170670e-01
-1.731318376039339135e-01,1.093607075289500519e-01
-1.731091913759734979e-01,1.094988232443817600e-01
-1.730865451480058936e-01,1.096369389598122468e-01
-1.730638989200312394e-01,1.097750546752416789e-01
-1.730412526920497851e-01,1.099131703906699453e-01
-1.730186064640616694e-01,1.100512861060971570e-01
-1.729959602360670867e-01,1.101894018215233140e-01
-1.729733140080662590e-01,1.103275175369484162e-01
-1.729506677800592696e-01,1.104656332523725748e-01
-1.729280215520463682e-01,1.106037489677956231e-01
-1.729053753240276659e-01,1.107418646832178388e-01
-1.728827290960033847e-01,1.108799803986391108e-01
-1.728600828679736079e-01,1.110180961140594946e-01
-1.728374366399385020e-01,1.111562118294789903e-01
-1.728147904118982336e-01,1.112943275448976532e-01
-1.727921441838529415e-01,1.114324432603154280e-01
-1.727694979558027366e-01,1.115705589757324256e-01
-1.727468517277477855e-01,1.117086746911487016e-01
-1.727242054996881993e-01,1.118467904065642005e-01
-1.727015592716241166e-01,1.119849061219789221e-01
-1.726789130435556763e-01,1.121230218373929777e-01
-1.726562668154829616e-01,1.122611375528063116e-01
-1.726336205874060836e-01,1.123992532682189238e-01
-1.726109743593252088e-01,1.125373689836309254e-01
-1.725883281312403927e-01,1.126754846990422609e-01
-1.725656819031517741e-01,1.128136004144529858e-01
-1.725430356750594640e-01,1.129517161298631001e-01
-1.725203894469635180e-01,1.130898318452726592e-01
-1.724977432188640747e-01,1.132279475606816077e-01
-1.724750969907612452e-01,1.133660632760899456e-01
-1.724524507626550851e-01,1.135041789914977839e-01
-1.724298045345457053e-01,1.136422947069050671e-01
-1.724071583064331614e-01,1.137804104223119062e-01
-1.723845120783175922e-01,1.139185261377181901e-01
-1.723618658501990530e-01,1.140566418531240300e-01
-1.723392196220776273e-01,1.141947575685293703e-01
-1.723165733939533983e-01,1.143328732839342110e-01
-1.722939271658264215e-01,1.144709889993386631e-01
-1.722712809376967802e-01,1.146091047147426711e-01
-1.722486347095645853e-01,1.147472204301462906e-01
-1.722259884814298647e-01,1.148853361455494659e-01
-1.722033422532927016e-01,1.150234518609522527e-01
-1.721806960251531793e-01,1.151615675763545954e-01
-1.721580497970113255e-01,1.152996832917565495e-01
-1.721354035688671957e-01,1.154377990071582261e-01
-1.721127573407209288e-01,1.155759147225594585e-01
-1.720901111125724969e-01,1.157140304379604134e-01
-1.720674648844220389e-01,1.158521461533609798e-01
-1.720448186562695547e-01,1.159902618687612130e-01
-1.720221724281150999e-01,1.161283775841611132e-01
-1.719995261999587577e-01,1.162664932995607359e-01
-1.719768799718005559e-01,1.164046090149600809e-01
-1.719542337436405499e-01,1.165427247303590930e-01
-1.719315875154787954e-01,1.166808404457578274e-01
-1.719089412873153477e-01,1.168189561611562843e-01
-1.718862950591502348e-01,1.169570718765544637e-01
-1.718636488309835120e-01,1.170951875919523655e-01
-1.718410026028152071e-01,1.172333033073499897e-01
-1.718183563746454035e-01,1.173714190227474474e-01
-1.717957101464741010e-01,1.175095347381446276e-01
-1.717730639183013830e-01,1.176476504535415302e-01
-1.717504176901272217e-01,1.177857661689382662e-01
-1.717277714619517281e-01,1.179238818843347247e-01
-1.717051252337749023e-01,1.180619975997309612e-01
-1.716824790055967997e-01,1.182001133151269756e-01
-1.716598327774174204e-01,1.183382290305228235e-01
-1.716371865492368198e-01,1.184763447459185048e-01
-1.716145403210550535e-01,1.186144604613139641e-01
-1.715918940928721215e-01,1.187525761767092569e-01
-1.715692478646880792e-01,1.188906918921043276e-01
-1.715466016365029267e-01,1.190288076074991763e-01
-1.715239554083167195e-01,1.191669233228938585e-01
-1.715013091801294853e-01,1.193050390382883741e-01
-1.714786629519412242e-01,1.194431547536827787e-01
-1.714560167237520194e-01,1.195812704690770167e-01
-1.714333704955618431e-01,1.197193861844710883e-01
-1.714107242673707510e-01,1.198575018998649377e-01
-1.713880780391787428e-01,1.199956176152586762e-01
-1.713654318109858743e-01,1.201337333306523036e-01
-1.713427855827921453e-01,1.202718490460457645e-01
-1.713201393545976114e-01,1.204099647614391699e-01
-1.712974931264022449e-01,1.205480804768323533e-01
-1.712748468982061290e-01,1.206861961922254256e-01
-1.712522006700092358e-01,1.208243119076183869e-01
-1.712295544418115933e-01,1.209624276230112372e-01
-1.712069082136132292e-01,1.211005433384039764e-01
-1.711842619854141989e-01,1.212386590537966047e-01
-1.711616157572144470e-01,1.213767747691891219e-01
-1.711389695290140567e-01,1.215148904845815281e-01
-1.711163233008130002e-01,1.216530061999738233e-01
-1.710936770726113332e-01,1.217911219153659519e-01
-1.710710308444090555e-01,1.219292376307580250e-01
-1.710483846162061949e-01,1.220673533461500426e-01
-1.710257383880027515e-01,1.222054690615419492e-01
-1.710030921597987530e-01,1.223435847769337448e-01
-1.709804459315941993e-01,1.224817004923254848e-01
-1.709577997033891184e-01,1.226198162077171139e-01
-1.709351534751835100e-01,1.227579319231086319e-01
-1.709125072469774298e-01,1.228960476385000944e-01
-1.708898610187708222e-01,1.230341633538915014e-01
-1.708672147905637706e-01,1.231722790692827973e-01
-1.708445685623562471e-01,1.233103947846740378e-01
-1.708219223341482795e-01,1.234485105000652228e-01
-1.707992761059398679e-01,1.235866262154562967e-01
-1.707766298777310121e-01,1.237247419308472596e-01
-1.707539836495217955e-01,1.238628576462381670e-01
-1.707313374213121349e-01,1.240009733616290188e-01
-1.707086911931021134e-01,1.241390890770198707e-01
-1.706860449648917033e-01,1.242772047924106116e-01
-1.706633987366809047e-01,1.244153205078013524e-01
-1.706407525084697729e-01,1.245534362231919268e-01
-1.706181062802582526e-01,1.246915519385825011e-01
-1.705954600520464270e-01,1.248296676539730199e-01
-1.705728138238342684e-01,1.249677833693634832e-01
-1.705501675956217766e-01,1.251058990847539465e-01
-1.705275213674089796e-01,1.252440148001442988e-01
-1.705048751391958495e-01,1.253821305155346510e-01
-1.704822289109824696e-01,1.255202462309248368e-01
-1.704595826827687843e-01,1.256583619463150225e-01
-1.704369364545547938e-01,1.257964776617052083e-01
-1.704142902263405812e-01,1.259345933770953385e-01
-1.703916439981260633e-01,1.260727090924854688e-01
-1.703689977699112956e-01,1.262108248078754880e-01
-1.703463515416962781e-01,1.263489405232654517e-01
-1.703237053134810108e-01,1.264870562386553599e-01
-1.703010590852655215e-01,1.266251719540452680e-01
-1.702784128570498101e-01,1.267632876694351762e-01
-1.702557666288338489e-01,1.269014033848250289e-01
-1.702331204006176657e-01,1.270395191002148261e-01
-1.702104741724013159e-01,1.271776348156046232e-01
-1.701878279441847164e-01,1.273157505309943649e-01
-1.701651817159679225e-01,1.274538662463840510e-01
-1.701425354877509621e-01,1.275919819617737372e-01
-1.701198892595337797e-01,1.277300976771634233e-01
-1.700972430313164308e-01,1.278682133925529985e-01
-1.700745968030988875e-01,1.280063291079425736e-01
-1.700519505748811777e-01,1.281444448233321487e-01
-1.700293043466633014e-01,1.282825605387216128e-01
-1.700066581184452585e-01,1.284206762541111324e-01
-1.699840118902270492e-01,1.285587919695005965e-01
-1.699613656620087010e-01,1.286969076848900606e-01
-1.699387194337901863e-01,1.288350234002795247e-01
-1.699160732055715328e-01,1.289731391156689333e-01
-1.698934269773527128e-01,1.291112548310583419e-01
-1.698707807491337818e-01,1.292493705464476395e-01
-1.698481345209146842e-01,1.293874862618369925e-01
-1.698254882926954756e-01,1.295256019772262901e-01
-1.698028420644761283e-01,1.296637176926155877e-01
-1.697801958362566699e-01,1.298018334080048852e-01
-1.697575496080370727e-01,1.299399491233941273e-01
-1.697349033798173645e-01,1.300780648387833693e-01
-1.697122571515975453e-01,1.302161805541725004e-01
-1.696896109233776151e-01,1.303542962695616869e-01
-1.696669646951575738e-01,1.304924119849508735e-01
-1.696443184669374216e-01,1.306305277003400045e-01
-1.696216722387171583e-01,1.307686434157291910e-01
-1.695990260104968117e-01,1.309067591311183221e-01
-1.695763797822763819e-01,1.310448748465073976e-01
-1.695537335540558410e-01,1.311829905618964731e-01
-1.695310873258352169e-01,1.313211062772855486e-01
-1.695084410976144818e-01,1.314592219926746242e-01
-1.694857948693936633e-01,1.315973377080636442e-01
-1.694631486411727617e-01,1.317354534234527197e-01
-1.694405024129517767e-01,1.318735691388417397e-01
-1.694178561847307363e-01,1.320116848542307042e-01
-1.693952099565095848e-01,1.321498005696197242e-01
-1.693725637282883778e-01,1.322879162850086887e-01
-1.693499175000670876e-01,1.324260320003977087e-01
-1.693272712718457418e-01,1.325641477157866732e-01
-1.693046250436243128e-01,1.327022634311755822e-01
-1.692819788154028005e-01,1.328403791465645467e-01
-1.692593325871812604e-01,1.329784948619534002e-01
-1.692366863589596093e-01,1.331166105773423647e-01
-1.692140401307379305e-01,1.332547262927312737e-01
-1.691913939025161684e-01,1.333928420081201827e-01
-1.691687476742943785e-01,1.335309577235090361e-01
-1.691461014460725054e-01,1.336690734388978896e-01
-1.691234552178505768e-01,1.338071891542867986e-01
-1.691008089896286204e-01,1.339453048696755966e-01
-1.690781627614065807e-01,1.340834205850644500e-01
-1.690555165331845133e-01,1.342215363004533035e-01
-1.690328703049623904e-01,1.343596520158421015e-01
-1.690102240767401842e-01,1.344977677312309550e-01
-1.689875778485179780e-01,1.346358834466197529e-01
-1.689649316202956886e-01,1.347739991620086064e-01
-1.689422853920733714e-01,1.349121148773973489e-01
-1.689196391638509986e-01,1.350502305927861468e-01
-1.688969929356285982e-01,1.351883463081749448e-01
-1.688743467074061699e-01,1.353264620235636873e-01
-1.688517004791836862e-01,1.354645777389524852e-01
-1.688290542509611469e-01,1.356026934543412277e-01
-1.688064080227385799e-01,1.357408091697300256e-01
-1.687837617945159852e-01,1.358789248851187126e-01
-1.687611155662933626e-01,1.360170406005074550e-01
-1.687384693380706846e-01,1.361551563158961975e-01
-1.687158231098479788e-01,1.362932720312849399e-01
-1.686931768816252453e-01,1.364313877466736824e-01
-1.686705306534024840e-01,1.365695034620623693e-01
-1.686478844251796949e-01,1.367076191774510008e-01
-1.686252381969568503e-01,1.368457348928397432e-01
-1.686025919687340058e-01,1.369838506082284302e-01
-1.685799457405111057e-01,1.371219663236171726e-01
-1.685572995122882056e-01,1.372600820390058596e-01
-1.685346532840652500e-01,1.373981977543946020e-01
-1.685120070558422944e-01,1.375363134697832890e-01
-1.684893608276192833e-01,1.376744291851719204e-01
-1.684667145993962722e-01,1.378125449005606074e-01
-1.684440683711732334e-01,1.379506606159492943e-01
-1.684214221429501668e-01,1.380887763313379812e-01
-1.683987759147270724e-01,1.382268920467266682e-01
-1.683761296865039503e-01,1.383650077621152996e-01
-1.683534834582808282e-01,1.385031234775039866e-01
-1.683308372300576783e-01,1.386412391928925625e-01
-1.683081910018344729e-01,1.387793549082812494e-01
-1.682855447736112953e-01,1.389174706236698809e-01
-1.682628985453880899e-01,1.390555863390585123e-01
-1.682402523171648290e-01,1.391937020544471992e-01
-1.682176060889415958e-01,1.393318177698358307e-01
-1.681949598607183072e-01,1.394699334852245176e-01
-1.681723136324950185e-01,1.396080492006130935e-01
-1.681496674042717299e-01,1.397461649160017805e-01
-1.681270211760483857e-01,1.398842806313904119e-01
-1.681043749478250693e-01,1.400223963467790433e-01
-1.680817287196016974e-01,1.401605120621676748e-01
-1.680590824913783532e-01,1.402986277775563062e-01
-1.680364362631549535e-01,1.404367434929448821e-01
-1.680137900349315538e-01,1.405748592083335136e-01
-1.679911438067081542e-01,1.407129749237221450e-01
-1.679684975784847267e-01,1.408510906391107764e-01
-1.679458513502612993e-01,1.409892063544994079e-01
-1.679232051220378164e-01,1.411273220698880393e-01
-1.679005588938143612e-01,1.412654377852766152e-01
-1.678779126655908782e-01,1.414035535006651911e-01
-1.678552664373673953e-01,1.415416692160537671e-01
-1.678326202091439123e-01,1.416797849314423430e-01
-1.678099739809204016e-01,1.418179006468309744e-01
-1.677873277526968632e-01,1.419560163622195503e-01
-1.677646815244733247e-01,1.420941320776081818e-01
-1.677420352962497863e-01,1.422322477929967577e-01
-1.677193890680262478e-01,1.423703635083852781e-01
-1.676967428398026816e-01,1.425084792237739095e-01
-1.676740966115791154e-01,1.426465949391624854e-01
-1.676514503833555214e-01,1.427847106545511169e-01
-1.676288041551319274e-01,1.429228263699396928e-01
-1.676061579269083612e-01,1.430609420853282687e-01
-1.675835116986847395e-01,1.431990578007169002e-01
-1.675608654704611178e-01,1.433371735161054206e-01
-1.675382192422374961e-01,1.434752892314940520e-01
-1.675155730140138743e-01,1.436134049468826279e-01
-1.674929267857902526e-01,1.437515206622712594e-01
-1.674702805575665754e-01,1.438896363776598353e-01
-1.674476343293429537e-01,1.440277520930484112e-01
-1.674249881011192764e-01,1.441658678084370426e-01
-1.674023418728955992e-01,1.443039835238255630e-01
-1.673796956446719220e-01,1.444420992392141390e-01
-1.673570494164482447e-01,1.445802149546027149e-01
-1.673344031882245675e-01,1.447183306699912908e-01
-1.673117569600008903e-01,1.448564463853798667e-01
-1.672891107317771853e-01,1.449945621007684426e-01
-1.672664645035534803e-01,1.451326778161569631e-01
-1.672438182753297753e-01,1.452707935315455390e-01
-1.672211720471060703e-01,1.454089092469341149e-01
-1.671985258188823376e-01,1.455470249623226908e-01
-1.671758795906586048e-01,1.456851406777112667e-01
-1.671532333624348721e-01,1.458232563930998427e-01
-1.671305871342111393e-01,1.459613721084884186e-01
-1.671079409059874066e-01,1.460994878238769390e-01
-1.670852946777636738e-01,1.462376035392655149e-01
-1.670626484495399411e-01,1.463757192546540908e-01
-1.670400022213161528e-01,1.465138349700426668e-01
-1.670173559930924201e-01,1.466519506854312427e-01
-1.669947097648686596e-01,1.467900664008198186e-01
-1.669720635366448991e-01,1.469281821162083945e-01
-1.669494173084211108e-01,1.470662978315969149e-01
-1.669267710801973503e-01,1.472044135469854909e-01
-1.669041248519735898e-01,1.473425292623740668e-01
-1.668814786237498016e-01,1.474806449777626427e-01
-1.668588323955260133e-01,1.476187606931512186e-01
-1.668361861673022251e-01,1.477568764085397945e-01
-1.668135399390784368e-01,1.478949921239283150e-01
-1.667908937108546485e-01,1.480331078393167799e-01
-1.667682474826308603e-01,1.481712235547053558e-01
-1.667456012544070443e-01,1.483093392700938762e-01
-1.667229550261832560e-01,1.484474549854824521e-01
-1.667003087979594400e-01,1.485855707008709725e-01
-1.666776625697356518e-01,1.487236864162594929e-01
-1.666550163415118080e-01,1.488618021316480133e-01
-1.666323701132880197e-01,1.489999178470365337e-01
-1.666097238850642037e-01,1.491380335624251097e-01
-1.665870776568403877e-01,1.492761492778136301e-01
-1.665644314286165439e-01,1.494142649932021505e-01
-1.665417852003927279e-01,1.495523807085907264e-01
-1.665191389721689119e-01,1.496904964239792468e-01
-1.664964927439450681e-01,1.498286121393677672e-01
-1.664738465157212521e-01,1.499667278547562876e-01
-1.664512002874974084e-01,1.501048435701448636e-01
-1.664285540592735924e-01,1.502429592855333840e-01
-1.664059078310497486e-01,1.503810750009219044e-01
-1.663832616028259048e-01,1.505191907163104803e-01
-1.663606153746020611e-01,1.506573064316990007e-01
-1.663379691463782173e-01,1.507954221470875211e-01
-1.663153229181543735e-01,1.509335378624760415e-01
-1.662926766899305298e-01,1.510716535778645619e-01
-1.662700304617066860e-01,1.512097692932531379e-01
-1.662473842334828422e-01,1.513478850086416583e-01
-1.662247380052589985e-01,1.514860007240302342e-01
-1.662020917770351547e-01,1.516241164394187546e-01
-1.661794455488112832e-01,1.517622321548072750e-01
-1.661567993205874394e-01,1.519003478701957954e-01
-1.661341530923635679e-01,1.520384635855843158e-01
-1.661115068641397241e-01,1.521765793009728918e-01
-1.660888606359158803e-01,1.523146950163614122e-01
-1.660662144076920088e-01,1.524528107317499881e-01
-1.660435681794681373e-01,1.525909264471384530e-01
-1.660209219512442935e-01,1.527290421625269734e-01
-1.659982757230204220e-01,1.528671578779155493e-01
-1.659756294947965505e-01,1.530052735933040697e-01
-1.659529832665727067e-01,1.531433893086926457e-01
-1.659303370383488074e-01,1.532815050240811661e-01
-1.659076908101249637e-01,1.534196207394696865e-01
-1.658850445819010644e-01,1.535577364548582069e-01
-1.658623983536772206e-01,1.536958521702467273e-01
-1.658397521254533491e-01,1.538339678856353032e-01
-1.658171058972294776e-01,1.539720836010238236e-01
-1.657944596690056061e-01,1.541101993164123996e-01
-1.657718134407817345e-01,1.542483150318009200e-01
-1.657491672125578352e-01,1.543864307471894404e-01
-1.657265209843339637e-01,1.545245464625779608e-01
-1.657038747561100922e-01,1.546626621779664812e-01
-1.656812285278862207e-01,1.548007778933550571e-01
-1.656585822996623492e-01,1.549388936087435775e-01
-1.656359360714384499e-01,1.550770093241320979e-01
-1.656132898432145784e-01,1.552151250395206739e-01
-1.655906436149907068e-01,1.553532407549091943e-01
-1.655679973867668076e-01,1.554913564702977147e-01
-1.655453511585429360e-01,1.556294721856862351e-01
-1.655227049303190645e-01,1.557675879010748110e-01
-1.655000587020951652e-01,1.559057036164633314e-01
-1.654774124738712937e-01,1.560438193318518518e-01
-1.654547662456473944e-01,1.561819350472404277e-01
-1.654321200174235229e-01,1.563200507626289482e-01
-1.654094737891996236e-01,1.564581664780174686e-01
-1.653868275609757521e-01,1.565962821934059890e-01
-1.653641813327518806e-01,1.567343979087945094e-01
-1.653415351045279813e-01,1.568725136241830853e-01
-1.653188888763040820e-01,1.570106293395716057e-01
-1.652962426480801827e-01,1.571487450549601816e-01
-1.652735964198563112e-01,1.572868607703486465e-01
-1.652509501916324119e-01,1.574249764857371670e-01
-1.652283039634085127e-01,1.575630922011257429e-01
-1.652056577351846411e-01,1.577012079165142633e-01
-1.651830115069607419e-01,1.578393236319028392e-01
-1.651603652787368426e-01,1.579774393472913596e-01
-1.651377190505129433e-01,1.581155550626799355e-01
-1.651150728222890718e-01,1.582536707780684004e-01
-1.650924265940651725e-01,1.583917864934569208e-01
-1.650697803658413010e-01,1.585299022088454968e-01
-1.650471341376174017e-01,1.586680179242340172e-01
-1.650244879093935024e-01,1.588061336396225931e-01
-1.650018416811696031e-01,1.589442493550111135e-01
-1.649791954529457316e-01,1.590823650703996339e-01
-1.649565492247218323e-01,1.592204807857881543e-01
-1.649339029964979331e-01,1.593585965011766747e-01
-1.649112567682740338e-01,1.594967122165652507e-01
-1.648886105400501345e-01,1.596348279319537711e-01
-1.648659643118262352e-01,1.597729436473423470e-01
-1.648433180836023360e-01,1.599110593627308674e-01
-1.648206718553784367e-01,1.600491750781193878e-01
-1.647980256271545374e-01,1.601872907935079082e-01
-1.647753793989306381e-01,1.603254065088964286e-01
-1.647527331707067388e-01,1.604635222242850046e-01
-1.647300869424828396e-01,1.606016379396735250e-01
-1.647074407142589680e-01,1.607397536550620454e-01
-1.646847944860350688e-01,1.608778693704506213e-01
-1.646621482578111695e-01,1.610159850858390862e-01
-1.646395020295872702e-01,1.611541008012276621e-01
-1.646168558013633709e-01,1.612922165166161825e-01
-1.645942095731394716e-01,1.614303322320047029e-01
-1.645715633449155724e-01,1.615684479473932789e-01
-1.645489171166916731e-01,1.617065636627817993e-01
-1.645262708884677738e-01,1.618446793781703752e-01
-1.645036246602438745e-01,1.619827950935588401e-01
-1.644809784320199753e-01,1.621209108089474160e-01
-1.644583322037960760e-01,1.622590265243359364e-01
-1.644356859755721767e-01,1.623971422397244568e-01
-1.644130397473482774e-01,1.625352579551130328e-01
-1.643903935191243781e-01,1.626733736705015532e-01
-1.643677472909004789e-01,1.628114893858901291e-01
-1.643451010626765796e-01,1.629496051012785940e-01
-1.643224548344526803e-01,1.630877208166671144e-01
-1.642998086062287810e-01,1.632258365320556903e-01
-1.642771623780048817e-01,1.633639522474442107e-01
-1.642545161497809825e-01,1.635020679628327867e-01
-1.642318699215570832e-01,1.636401836782213071e-01
-1.642092236933331839e-01,1.637782993936098830e-01
-1.641865774651092846e-01,1.639164151089983479e-01
-1.641639312368853854e-01,1.640545308243868683e-01
-1.641412850086614583e-01,1.641926465397754442e-01
-1.641186387804375590e-01,1.643307622551639646e-01
-1.640959925522136598e-01,1.644688779705524850e-01
-1.573981969378376033e-01,1.644688779705524850e-01
-1.507004013234615469e-01,1.644688779705524850e-01
-1.440026057090854905e-01,1.644688779705524850e-01
-1.373048100947094063e-01,1.644688779705524850e-01
-1.306070144803333499e-01,1.644688779705524850e-01
-1.239092188659573074e-01,1.644688779705524850e-01
-1.172114232515812648e-01,1.644688779705524850e-01
-1.105136276372051946e-01,1.644688779705524850e-01
-1.038158320228291243e-01,1.644688779705524850e-01
-9.711803640845306784e-02,1.644688779705524850e-01
-9.042024079407702530e-02,1.644688779705524850e-01
-8.372244517970092725e-02,1.644688779705524850e-01
-7.702464956532487084e-02,1.644688779705524850e-01
-7.032685395094884218e-02,1.644688779705524850e-01
-6.362905833657278576e-02,1.644688779705524850e-01
-5.693126272219672934e-02,1.644688779705524850e-01
-5.023346710782067293e-02,1.644688779705524850e-01
-4.353567149344458875e-02,1.644688779705524850e-01
-3.683787587906853234e-02,1.644688779705524850e-01
-3.014008026469247592e-02,1.644688779705524850e-01
-2.344228465031641950e-02,1.644688779705524850e-01
-1.674448903594039084e-02,1.644688779705524850e-01
-1.004669342156430667e-02,1.644688779705524850e-01
-3.348897807188250253e-03,1.644688779705524850e-01
3.348897807187806164e-03,1.644688779705524850e-01
1.004669342156389034e-02,1.644688779705524850e-01
1.674448903593991900e-02,1.644688779705524850e-01
2.344228465031597541e-02,1.644688779705524850e-01
3.014008026469205959e-02,1.644688779705524850e-01
3.683787587906811600e-02,1.644688779705524850e-01
4.353567149344420018e-02,1.644688779705524850e-01
5.023346710782020108e-02,1.644688779705524850e-01
5.693126272219631301e-02,1.644688779705524850e-01
6.362905833657236943e-02,1.644688779705524850e-01
7.032685395094837033e-02,1.644688779705524850e-01
7.702464956532448226e-02,1.644688779705524850e-01
8.372244517970048316e-02,1.644688779705524850e-01
9.042024079407659509e-02,1.644688779705524850e-01
9.711803640845259600e-02,1.644688779705524850e-01
1.038158320228287079e-01,1.644688779705524850e-01
1.105136276372047088e-01,1.644688779705524850e-01
1.172114232515808208e-01,1.644688779705524850e-01
1.239092188659568217e-01,1.644688779705524850e-01
1.306070144803329336e-01,1.644688779705524850e-01
1.373048100947090455e-01,1.644688779705524850e-01
1.440026057090850464e-01,1.644688779705524850e-01
1.507004013234611584e-01,1.644688779705524850e-01
1.573981969378371593e-01,1.644688779705524850e-01
1.640959925522132712e-01,1.644688779705524850e-01
1.641186387804371150e-01,1.643307622551639646e-01
1.641412850086610697e-01,1.641926465397754442e-01
1.641639312368849690e-01,1.640545308243868683e-01
1.641865774651088683e-01,1.639164151089983479e-01
1.642092236933327676e-01,1.637782993936098830e-01
1.642318699215566669e-01,1.636401836782213071e-01
1.642545161497805661e-01,1.635020679628327867e-01
1.642771623780044654e-01,1.633639522474442107e-01
1.642998086062284202e-01,1.632258365320556903e-01
1.643224548344522640e-01,1.630877208166671144e-01
1.643451010626761633e-01,1.629496051012785940e-01
1.643677472909000625e-01,1.628114893858901291e-01
1.643903935191239618e-01,1.626733736705015532e-01
1.644130397473478611e-01,1.625352579551130328e-01
1.644356859755717604e-01,1.623971422397244568e-01
1.644583322037956596e-01,1.622590265243359364e-01
1.644809784320195589e-01,1.621209108089474160e-01
1.645036246602434582e-01,1.619827950935588401e-01
1.645262708884673020e-01,1.618446793781703752e-01
1.645489171166912568e-01,1.617065636627817993e-01
1.645715633449151560e-01,1.615684479473932789e-01
1.645942095731391108e-01,1.614303322320047029e-01
1.646168558013629546e-01,1.612922165166161825e-01
1.646395020295868539e-01,1.611541008012276621e-01
1.646621482578107531e-01,1.610159850858390862e-01
1.646847944860346524e-01,1.608778693704506213e-01
1.647074407142585517e-01,1.607397536550620454e-01
1.647300869424824510e-01,1.606016379396735250e-01
1.647527331707063503e-01,1.604635222242850046e-01
1.647753793989302495e-01,1.603254065088964286e-01
1.647980256271541488e-01,1.601872907935079082e-01
1.648206718553779926e-01,1.600491750781193878e-01
1.648433180836019474e-01,1.599110593627308674e-01
1.648659643118258467e-01,1.597729436473423470e-01
1.648886105400496904e-01,1.596348279319537711e-01
1.649112567682736452e-01,1.594967122165652507e-01
1.649339029964975445e-01,1.593585965011766747e-01
1.649565492247213883e-01,1.592204807857881543e-01
1.649791954529452875e-01,1.590823650703996339e-01
1.650018416811692423e-01,1.589442493550111135e-01
1.650244879093930861e-01,1.588061336396225931e-01
1.650471341376169854e-01,1.586680179242340172e-01
1.650697803658408847e-01,1.585299022088454968e-01
1.650924265940647284e-01,1.583917864934569208e-01
1.651150728222886832e-01,1.582536707780684004e-01
1.651377190505125825e-01,1.581155550626799355e-01
1.651603652787364263e-01,1.579774393472913596e-01
1.651830115069603255e-01,1.578393236319028392e-01
1.652056577351842248e-01,1.577012079165142633e-01
1.652283039634080686e-01,1.575630922011257429e-01
1.652509501916320234e-01,1.574249764857371670e-01
1.652735964198559226e-01,1.572868607703486465e-01
1.652962426480797664e-01,1.571487450549601816e-01
1.653188888763036657e-01,1.570106293395716057e-01
1.653415351045275650e-01,1.568725136241830853e-01
1.653641813327514642e-01,1.567343979087945094e-01
1.653868275609753080e-01,1.565962821934059890e-01
1.654094737891992073e-01,1.564581664780174686e-01
1.654321200174231621e-01,1.563200507626289482e-01
1.654547662456470059e-01,1.561819350472404277e-01
1.654774124738709051e-01,1.560438193318518518e-01
1.655000587020948044e-01,1.559057036164633314e-01
1.655227049303186482e-01,1.557675879010748110e-01
1.655453511585425475e-01,1.556294721856862351e-01
1.655679973867664467e-01,1.554913564702977147e-01
1.655906436149902905e-01,1.553532407549091943e-01
1.656132898432141898e-01,1.552151250395206739e-01
1.656359360714380891e-01,1.550770093241320979e-01
1.656585822996619328e-01,1.549388936087435775e-01
1.656812285278858321e-01,1.548007778933550571e-01
1.657038747561097314e-01,1.546626621779664812e-01
1.657265209843335196e-01,1.545245464625779608e-01
1.657491672125574189e-01,1.543864307471894404e-01
1.657718134407813182e-01,1.542483150318009200e-01
1.657944596690051620e-01,1.541101993164123996e-01
1.658171058972290612e-01,1.539720836010238236e-01
1.658397521254529605e-01,1.538339678856353032e-01
1.658623983536768043e-01,1.536958521702467273e-01
1.658850445819006481e-01,1.535577364548582069e-01
1.659076908101245473e-01,1.534196207394696865e-01
1.659303370383483911e-01,1.532815050240811661e-01
1.659529832665722904e-01,1.531433893086926457e-01
1.659756294947961897e-01,1.530052735933040697e-01
1.659982757230199779e-01,1.528671578779155493e-01
1.660209219512438772e-01,1.527290421625269734e-01
1.660435681794677210e-01,1.525909264471384530e-01
1.660662144076915647e-01,1.524528107317499881e-01
1.660888606359154640e-01,1.523146950163614122e-01
1.661115068641393078e-01,1.521765793009728918e-01
1.661341530923632070e-01,1.520384635855843158e-01
1.661567993205869953e-01,1.519003478701957954e-01
1.661794455488108946e-01,1.517622321548072750e-01
1.662020917770347384e-01,1.516241164394187546e-01
1.662247380052585821e-01,1.514860007240302342e-01
1.662473842334824259e-01,1.513478850086416583e-01
1.662700304617063252e-01,1.512097692932531379e-01
1.662926766899301134e-01,1.510716535778645619e-01
1.663153229181539572e-01,1.509335378624760415e-01
1.663379691463778565e-01,1.507954221470875211e-01
1.663606153746016447e-01,1.506573064316990007e-01
1.663832616028254885e-01,1.505191907163104803e-01
1.664059078310493878e-01,1.503810750009219044e-01
1.664285540592731760e-01,1.502429592855333840e-01
1.664512002874970198e-01,1.501048435701448636e-01
1.664738465157208636e-01,1.499667278547562876e-01
1.664964927439446518e-01,1.498286121393677672e-01
1.665191389721684956e-01,1.496904964239792468e-01
1.665417852003923394e-01,1.495523807085907264e-01
1.665644314286161276e-01,1.494142649932021505e-01
1.665870776568399714e-01,1.492761492778136301e-01
1.666097238850638151e-01,1.491380335624251097e-01
1.666323701132876034e-01,1.489999178470365337e-01
1.666550163415113917e-01,1.488618021316480133e-01
1.666776625697352354e-01,1.487236864162594929e-01
1.667003087979590237e-01,1.485855707008709725e-01
1.667229550261828119e-01,1.484474549854824521e-01
1.667456012544066557e-01,1.483093392700938762e-01
1.667682474826304440e-01,1.481712235547053558e-01
1.667908937108542322e-01,1.480331078393167799e-01
1.668135399390780205e-01,1.478949921239283150e-01
1.668361861673018087e-01,1.477568764085397945e-01
1.668588323955255970e-01,1.476187606931512186e-01
1.668814786237493852e-01,1.474806449777626427e-01
1.669041248519731735e-01,1.473425292623740668e-01
1.669267710801969062e-01,1.472044135469854909e-01
1.669494173084207500e-01,1.470662978315969149e-01
1.669720635366444828e-01,1.469281821162083945e-01
1.669947097648682155e-01,1.467900664008198186e-01
1.670173559930920038e-01,1.466519506854312427e-01
1.670400022213157920e-01,1.465138349700426668e-01
1.670626484495395248e-01,1.463757192546540908e-01
1.670852946777632575e-01,1.462376035392655149e-01
1.671079409059870458e-01,1.460994878238769390e-01
1.671305871342107230e-01,1.459613721084884186e-01
1.671532333624344557e-01,1.458232563930998427e-01
1.671758795906582440e-01,1.456851406777112667e-01
1.671985258188819212e-01,1.455470249623226908e-01
1.672211720471056540e-01,1.454089092469341149e-01
1.672438182753293867e-01,1.452707935315455390e-01
1.672664645035530639e-01,1.451326778161569631e-01
1.672891107317767967e-01,1.449945621007684426e-01
1.673117569600004739e-01,1.448564463853798667e-01
1.673344031882241512e-01,1.447183306699912908e-01
1.673570494164478284e-01,1.445802149546027149e-01
1.673796956446715611e-01,1.444420992392141390e-01
1.674023418728951829e-01,1.443039835238255630e-01
1.674249881011188601e-01,1.441658678084370426e-01
1.674476343293425373e-01,1.440277520930484112e-01
1.674702805575661591e-01,1.438896363776598353e-01
1.674929267857898363e-01,1.437515206622712594e-01
1.675155730140134580e-01,1.436134049468826279e-01
1.675382192422370797e-01,1.434752892314940520e-01
1.675608654704607015e-01,1.433371735161054206e-01
1.675835116986843232e-01,1.431990578007169002e-01
1.676061579269078894e-01,1.430609420853282687e-01
1.676288041551315111e-01,1.429228263699396928e-01
1.676514503833551328e-01,1.427847106545511169e-01
1.676740966115787546e-01,1.426465949391624854e-01
1.676967428398022653e-01,1.425084792237739095e-01
1.677193890680258315e-01,1.423703635083852781e-01
1.677420352962493977e-01,1.422322477929967577e-01
1.677646815244729084e-01,1.420941320776081818e-01
1.677873277526964746e-01,1.419560163622195503e-01
1.678099739809199853e-01,1.418179006468309744e-01
1.678326202091434960e-01,1.416797849314423430e-01
1.678552664373670067e-01,1.415416692160537671e-01
1.678779126655905174e-01,1.414035535006651911e-01
1.679005588938139726e-01,1.412654377852766152e-01
1.679232051220374278e-01,1.411273220698880393e-01
1.679458513502608830e-01,1.409892063544994079e-01
1.679684975784842826e-01,1.408510906391107764e-01
1.679911438067077378e-01,1.407129749237221450e-01
1.680137900349311930e-01,1.405748592083335136e-01
1.680364362631545372e-01,1.404367434929448821e-01
1.680590824913779369e-01,1.402986277775563062e-01
1.680817287196013365e-01,1.401605120621676748e-01
1.681043749478246252e-01,1.400223963467790433e-01
1.681270211760479694e-01,1.398842806313904119e-01
1.681496674042713135e-01,1.397461649160017805e-01
1.681723136324946022e-01,1.396080492006130935e-01
1.681949598607178908e-01,1.394699334852245176e-01
1.682176060889411795e-01,1.393318177698358307e-01
1.682402523171644126e-01,1.391937020544471992e-01
1.682628985453876458e-01,1.390555863390585123e-01
1.682855447736108789e-01,1.389174706236698809e-01
1.683081910018340566e-01,1.387793549082812494e-01
1.683308372300572342e-01,1.386412391928925625e-01
1.683534834582804118e-01,1.385031234775039866e-01
1.683761296865035340e-01,1.383650077621152996e-01
1.683987759147266561e-01,1.382268920467266682e-01
1.684214221429497782e-01,1.380887763313379812e-01
1.684440683711728448e-01,1.379506606159492943e-01
1.684667145993958559e-01,1.378125449005606074e-01
1.684893608276189225e-01,1.376744291851719204e-01
1.685120070558419336e-01,1.375363134697832890e-01
1.685346532840648337e-01,1.373981977543946020e-01
1.685572995122877893e-01,1.372600820390058596e-01
1.685799457405107449e-01,1.371219663236171726e-01
1.686025919687335894e-01,1.369838506082284302e-01
1.686252381969564340e-01,1.368457348928397432e-01
1.686478844251792786e-01,1.367076191774510008e-01
1.686705306534020676e-01,1.365695034620623693e-01
1.686931768816248567e-01,1.364313877466736824e-01
1.687158231098475902e-01,1.362932720312849399e-01
1.687384693380702683e-01,1.361551563158961975e-01
1.687611155662929463e-01,1.360170406005074550e-01
1.687837617945156243e-01,1.358789248851187126e-01
1.688064080227381358e-01,1.357408091697300256e-01
1.688290542509607584e-01,1.356026934543412277e-01
1.688517004791832699e-01,1.354645777389524852e-01
1.688743467074057258e-01,1.353264620235636873e-01
1.688969929356281818e-01,1.351883463081749448e-01
1.689196391638506378e-01,1.350502305927861468e-01
1.689422853920729273e-01,1.349121148773973489e-01
1.689649316202952722e-01,1.347739991620086064e-01
1.689875778485175617e-01,1.346358834466197529e-01
1.690102240767397401e-01,1.344977677312309550e-01
1.690328703049619741e-01,1.343596520158421015e-01
1.690555165331840970e-01,1.342215363004533035e-01
1.690781627614061644e-01,1.340834205850644500e-01
1.691008089896281763e-01,1.339453048696755966e-01
1.691234552178501882e-01,1.338071891542867986e-01
1.691461014460720891e-01,1.336690734388978896e-01
1.691687476742939344e-01,1.335309577235090361e-01
1.691913939025157798e-01,1.333928420081201827e-01
1.692140401307375697e-01,1.332547262927312737e-01
1.692366863589591930e-01,1.331166105773423647e-01
1.692593325871808718e-01,1.329784948619534002e-01
1.692819788154024396e-01,1.328403791465645467e-01
1.693046250436238964e-01,1.327022634311755822e-01
1.693272712718453532e-01,1.325641477157866732e-01
1.693499175000666990e-01,1.324260320003977087e-01
1.693725637282879892e-01,1.322879162850086887e-01
1.693952099565091685e-01,1.321498005696197242e-01
1.694178561847303477e-01,1.320116848542307042e-01
1.694405024129513604e-01,1.318735691388417397e-01
1.694631486411723731e-01,1.317354534234527197e-01
1.694857948693932748e-01,1.315973377080636442e-01
1.695084410976140654e-01,1.314592219926746242e-01
1.695310873258348006e-01,1.313211062772855486e-01
1.695537335540554247e-01,1.311829905618964731e-01
1.695763797822759378e-01,1.310448748465073976e-01
1.695990260104963954e-01,1.309067591311183221e-01
1.696216722387167974e-01,1.307686434157291910e-01
1.696443184669369775e-01,1.306305277003400045e-01
1.696669646951571575e-01,1.304924119849508735e-01
1.696896109233772265e-01,1.303542962695616869e-01
1.697122571515971290e-01,1.302161805541725004e-01
1.697349033798169760e-01,1.300780648387833693e-01
1.697575496080367119e-01,1.299399491233941273e-01
1.697801958362562258e-01,1.298018334080048852e-01
1.698028420644757397e-01,1.296637176926155877e-01
1.698254882926950871e-01,1.295256019772262901e-01
1.698481345209142679e-01,1.293874862618369925e-01
1.698707807491333377e-01,1.292493705464476395e-01
1.698934269773522965e-01,1.291112548310583419e-01
1.699160732055710887e-01,1.289731391156689333e-01
1.699387194337897700e-01,1.288350234002795247e-01
1.699613656620082847e-01,1.286969076848900606e-01
1.699840118902266883e-01,1.285587919695005965e-01
1.700066581184448700e-01,1.284206762541111324e-01
1.700293043466628851e-01,1.282825605387216128e-01
1.700519505748807891e-01,1.281444448233321487e-01
1.700745968030984712e-01,1.280063291079425736e-01
1.700972430313160422e-01,1.278682133925529985e-01
1.701198892595333911e-01,1.277300976771634233e-01
1.701425354877505181e-01,1.275919819617737372e-01
1.701651817159675339e-01,1.274538662463840510e-01
1.701878279441843278e-01,1.273157505309943649e-01
1.702104741724008996e-01,1.271776348156046232e-01
1.702331204006173049e-01,1.270395191002148261e-01
1.702557666288334326e-01,1.269014033848250289e-01
1.702784128570493938e-01,1.267632876694351762e-01
1.703010590852651329e-01,1.266251719540452680e-01
1.703237053134806500e-01,1.264870562386553599e-01
1.703463515416958340e-01,1.263489405232654517e-01
1.703689977699109070e-01,1.262108248078754880e-01
1.703916439981256470e-01,1.260727090924854688e-01
1.704142902263401649e-01,1.259345933770953385e-01
1.704369364545544052e-01,1.257964776617052083e-01
1.704595826827683680e-01,1.256583619463150225e-01
1.704822289109820532e-01,1.255202462309248368e-01
1.705048751391954609e-01,1.253821305155346510e-01
1.705275213674085910e-01,1.252440148001442988e-01
1.705501675956213326e-01,1.251058990847539465e-01
1.705728138238338520e-01,1.249677833693634832e-01
1.705954600520460385e-01,1.248296676539730199e-01
1.706181062802578363e-01,1.246915519385825011e-01
1.706407525084693566e-01,1.245534362231919268e-01
1.706633987366804883e-01,1.244153205078013524e-01
1.706860449648912870e-01,1.242772047924106116e-01
1.707086911931016970e-01,1.241390890770198707e-01
1.707313374213117740e-01,1.240009733616290188e-01
1.707539836495214070e-01,1.238628576462381670e-01
1.707766298777305958e-01,1.237247419308472596e-01
1.707992761059394515e-01,1.235866262154562967e-01
1.708219223341479187e-01,1.234485105000652228e-01
1.708445685623558308e-01,1.233103947846740378e-01
1.708672147905633543e-01,1.231722790692827973e-01
1.708898610187704337e-01,1.230341633538915014e-01
1.709125072469770135e-01,1.228960476385000944e-01
1.709351534751830937e-01,1.227579319231086319e-01
1.709577997033887298e-01,1.226198162077171139e-01
1.709804459315937553e-01,1.224817004923254848e-01
1.710030921597983367e-01,1.223435847769337448e-01
1.710257383880023629e-01,1.222054690615419492e-01
1.710483846162057786e-01,1.220673533461500426e-01
1.710710308444086392e-01,1.219292376307580250e-01
1.710936770726109446e-01,1.217911219153659519e-01
1.711163233008125839e-01,1.216530061999738233e-01
1.711389695290136681e-01,1.215148904845815281e-01
1.711616157572140307e-01,1.213767747691891219e-01
1.711842619854137826e-01,1.212386590537966047e-01
1.712069082136128129e-01,1.211005433384039764e-01
1.712295544418111770e-01,1.209624276230112372e-01
1.712522006700088195e-01,1.208243119076183869e-01
1.712748468982057404e-01,1.206861961922254256e-01
1.712974931264018841e-01,1.205480804768323533e-01
1.713201393545971951e-01,1.204099647614391699e-01
1.713427855827917290e-01,1.202718490460457645e-01
1.713654318109854857e-01,1.201337333306523036e-01
1.713880780391782988e-01,1.199956176152586762e-01
1.714107242673703346e-01,1.198575018998649377e-01
1.714333704955614268e-01,1.197193861844710883e-01
1.714560167237515753e-01,1.195812704690770167e-01
1.714786629519408356e-01,1.194431547536827787e-01
1.715013091801290968e-01,1.193050390382883741e-01
1.715239554083163587e-01,1.191669233228938585e-01
1.715466016365025104e-01,1.190288076074991763e-01
1.715692478646876629e-01,1.188906918921043276e-01
1.715918940928717606e-01,1.187525761767092569e-01
1.716145403210546372e-01,1.186144604613139641e-01
1.716371865492364035e-01,1.184763447459185048e-01
1.716598327774170596e-01,1.183382290305228235e-01
1.716824790055963834e-01,1.182001133151269756e-01
1.717051252337744860e-01,1.180619975997309612e-01
1.717277714619513673e-01,1.179238818843347247e-01
1.717504176901268054e-01,1.177857661689382662e-01
1.717730639183009667e-01,1.176476504535415302e-01
1.717957101464737402e-01,1.175095347381446276e-01
1.718183563746449594e-01,1.173714190227474474e-01
1.718410026028147908e-01,1.172333033073499897e-01
1.718636488309831234e-01,1.170951875919523655e-01
1.718862950591497907e-01,1.169570718765544637e-01
1.719089412873149036e-01,1.168189561611562843e-01
1.719315875154784068e-01,1.166808404457578274e-01
1.719542337436401336e-01,1.165427247303590930e-01
1.719768799718001395e-01,1.164046090149600809e-01
1.719995261999583691e-01,1.162664932995607359e-01
1.720221724281146558e-01,1.161283775841611132e-01
1.720448186562691661e-01,1.159902618687612130e-01
1.720674648844216226e-01,1.158521461533609798e-01
1.720901111125720806e-01,1.157140304379604134e-01
1.721127573407205402e-01,1.155759147225594585e-01
1.721354035688668349e-01,1.154377990071582261e-01
1.721580497970108536e-01,1.152996832917565495e-01
1.721806960251527630e-01,1.151615675763545954e-01
1.722033422532922853e-01,1.150234518609522527e-01
1.722259884814294206e-01,1.148853361455494659e-01
1.722486347095641690e-01,1.147472204301462906e-01
1.722712809376964194e-01,1.146091047147426711e-01
1.722939271658260607e-01,1.144709889993386631e-01
1.723165733939529820e-01,1.143328732839342110e-01
1.723392196220772388e-01,1.141947575685293703e-01
1.723618658501986645e-01,1.140566418531240300e-01
1.723845120783172036e-01,1.139185261377181901e-01
1.724071583064327451e-01,1.137804104223119062e-01
1.724298045345452890e-01,1.136422947069050671e-01
1.724524507626546688e-01,1.135041789914977839e-01
1.724750969907608289e-01,1.133660632760899456e-01
1.724977432188637139e-01,1.132279475606816077e-01
1.725203894469631016e-01,1.130898318452726592e-01
1.725430356750590477e-01,1.129517161298631001e-01
1.725656819031513856e-01,1.128136004144529858e-01
1.725883281312399486e-01,1.126754846990422609e-01
1.726109743593247925e-01,1.125373689836309254e-01
1.726336205874056950e-01,1.123992532682189238e-01
1.726562668154825453e-01,1.122611375528063116e-01
1.726789130435552322e-01,1.121230218373929777e-01
1.727015592716237558e-01,1.119849061219789221e-01
1.727242054996877829e-01,1.118467904065642005e-01
1.727468517277473692e-01,1.117086746911487016e-01
1.727694979558023480e-01,1.115705589757324256e-01
1.727921441838524974e-01,1.114324432603154280e-01
1.728147904118978173e-01,1.112943275448976532e-01
1.728374366399380857e-01,1.111562118294789903e-01
1.728600828679731360e-01,1.110180961140594946e-01
1.728827290960029683e-01,1.108799803986391108e-01
1.729053753240273050e-01,1.107418646832178388e-01
1.729280215520459241e-01,1.106037489677956231e-01
1.729506677800588810e-01,1.104656332523725748e-01
1.729733140080658427e-01,1.103275175369484162e-01
1.729959602360666426e-01,1.101894018215233140e-01
1.730186064640612809e-01,1.100512861060971570e-01
1.730412526920493688e-01,1.099131703906699453e-01
1.730638989200308508e-01,1.097750546752416789e-01
1.730865451480054495e-01,1.096369389598122468e-01
1.731091913759731094e-01,1.094988232443817600e-01
1.731318376039334972e-01,1.093607075289500519e-01
1.731544838318864465e-01,1.092225918135170670e-01
1.731771300598318464e-01,1.090844760980828609e-01
1.731997762877693636e-01,1.089463603826473226e-01
1.732224225156987207e-01,1.088082446672105075e-01
1.732450687436199177e-01,1.086701289517723046e-01
1.732677149715325104e-01,1.085320132363327694e-01
1.732903611994363324e-01,1.083938975208917355e-01
1.733130074273311616e-01,1.082557818054492027e-01
1.733356536552167759e-01,1.081176660900051711e-01
1.733582998830927313e-01,1.079795503745595853e-01
1.733809461109590278e-01,1.078414346591123896e-01
1.734035923388151657e-01,1.077033189436635841e-01
1.734262385666609230e-01,1.075652032282130577e-01
1.734488847944960777e-01,1.074270875127608105e-01
1.734715310223202966e-01,1.072889717973067314e-01
1.734941772501331914e-01,1.071508560818508204e-01
1.735168234779345953e-01,1.070127403663930221e-01
1.735394697057240643e-01,1.068746246509332254e-01
1.735621159335012653e-01,1.067365089354714858e-01
1.735847621612659208e-01,1.065983932200076367e-01
1.736074083890176423e-01,1.064602775045416783e-01
1.736300546167559855e-01,1.063221617890734993e-01
1.736527008444807285e-01,1.061840460736031000e-01
1.736753470721914272e-01,1.060459303581304247e-01
1.736979932998876375e-01,1.059078146426553624e-01
1.737206395275689708e-01,1.057696989271779131e-01
1.737432857552350385e-01,1.056315832116978548e-01
1.737659319828853965e-01,1.054934674962152985e-01
1.737885782105196009e-01,1.053553517807300777e-01
1.738112244381372073e-01,1.052172360652420813e-01
1.738338706657376609e-01,1.050791203497513648e-01
1.738565168933206284e-01,1.049410046342577063e-01
1.738791631208855548e-01,1.048028889187611612e-01
1.739018093484318850e-01,1.046647732032615075e-01
1.739244555759591193e-01,1.045266574877586896e-01
1.739471018034667582e-01,1.043885417722527076e-01
1.739697480309541910e-01,1.042504260567433949e-01
1.739923942584208627e-01,1.041123103412306961e-01
1.740150404858662736e-01,1.039741946257145000e-01
1.740376867132897576e-01,1.038360789101948067e-01
1.740603329406905930e-01,1.036979631946713387e-01
1.740829791680683358e-01,1.035598474791440404e-01
1.741056253954222088e-01,1.034217317636128564e-01
1.741282716227516014e-01,1.032836160480776200e-01
1.741509178500557919e-01,1.031455003325382758e-01
1.741735640773340588e-01,1.030073846169947682e-01
1.741962103045856802e-01,1.028692689014467643e-01
1.742188565318099347e-01,1.027311531858943194e-01
1.742415027590060450e-01,1.025930374703372117e-01
1.742641489861731785e-01,1.024549217547753854e-01
1.742867952133105580e-01,1.023168060392086742e-01
1.743094414404173509e-01,1.021786903236369670e-01
1.743320876674926134e-01,1.020405746080601528e-01
1.743547338945356240e-01,1.019024588924779540e-01
1.743773801215453279e-01,1.017643431768903151e-01
1.744000263485207813e-01,1.016262274612970695e-01
1.744226725754611518e-01,1.014881117456981063e-01
1.744453188023653289e-01,1.013499960300932035e-01
1.744679650292322581e-01,1.012118803144821388e-01
1.744906112560610512e-01,1.010737645988649125e-01
1.745132574828505978e-01,1.009356488832411358e-01
1.745359037095996213e-01,1.007975331676108088e-01
1.745585499363071780e-01,1.006594174519736540e-01
1.745811961629719911e-01,1.005213017363294492e-01
1.746038423895928948e-01,1.003831860206780835e-01
1.746264886161686680e-01,1.002450703050192793e-01
1.746491348426980339e-01,1.001069545893529811e-01
1.746717810691796602e-01,9.996883887367874477e-02
1.746944272956121036e-01,9.983072315799651486e-02
1.747170735219941984e-01,9.969260744230601379e-02
1.747397197483244458e-01,9.955449172660696400e-02
1.747623659746012359e-01,9.941637601089919896e-02
1.747850122008232365e-01,9.927826029518238560e-02
1.748076584269888933e-01,9.914014457945641290e-02
1.748303046530964855e-01,9.900202886372089228e-02
1.748529508791445697e-01,9.886391314797554619e-02
1.748755971051313141e-01,9.872579743222020809e-02
1.748982433310549978e-01,9.858768171645448941e-02
1.749208895569139555e-01,9.844956600067816810e-02
1.749435357827062998e-01,9.831145028489096660e-02
1.749661820084301433e-01,9.817333456909249634e-02
1.749888282340835433e-01,9.803521885328247976e-02
1.750114744596646121e-01,9.789710313746058379e-02
1.750341206851711295e-01,9.775898742162653088e-02
1.750567669106011526e-01,9.762087170577987694e-02
1.750794131359525163e-01,9.748275598992034441e-02
1.751020593612228893e-01,9.734464027404760023e-02
1.751247055864101621e-01,9.720652455816114479e-02
1.751473518115118921e-01,9.706840884226070054e-02
1.751699980365255815e-01,9.693029312634576788e-02
1.751926442614489543e-01,9.679217741041606926e-02
1.752152904862793459e-01,9.665406169447110507e-02
1.752379367110140918e-01,9.651594597851043122e-02
1.752605829356505829e-01,9.637783026253377017e-02
1.752832291601860437e-01,9.623971454654040025e-02
1.753058753846175877e-01,9.610159883053004393e-02
1.753285216089423282e-01,9.596348311450214608e-02
1.753511678331572676e-01,9.582536739845626261e-02
1.753738140572592419e-01,9.568725168239189394e-02
1.753964602812451423e-01,9.554913596630842942e-02
1.754191065051116383e-01,9.541102025020548050e-02
1.754417527288554546e-01,9.527290453408232551e-02
1.754643989524730385e-01,9.513478881793852038e-02
1.754870451759608374e-01,9.499667310177345447e-02
1.755096913993152985e-01,9.485855738558646166e-02
1.755323376225325915e-01,9.472044166937704235e-02
1.755549838456088307e-01,9.458232595314447488e-02
1.755776300685401303e-01,9.444421023688814865e-02
1.756002762913222714e-01,9.430609452060734199e-02
1.756229225139512018e-01,9.416797880430144430e-02
1.756455687364225360e-01,9.402986308796967840e-02
1.756682149587317776e-01,9.389174737161132267e-02
1.756908611808744858e-01,9.375363165522565545e-02
1.757135074028458865e-01,9.361551593881195510e-02
1.757361536246410949e-01,9.347740022236933344e-02
1.757587998462552814e-01,9.333928450589701331e-02
1.757814460676833390e-01,9.320116878939416205e-02
1.758040922889198832e-01,9.306305307285994699e-02
1.758267385099596958e-01,9.292493735629342444e-02
1.758493847307971703e-01,9.278682163969376173e-02
1.758720309514264779e-01,9.264870592306007069e-02
1.758946771718419566e-01,9.251059020639118557e-02
1.759173233920375001e-01,9.237247448968627372e-02
1.759399696120068357e-01,9.223435877294422491e-02
1.759626158317436906e-01,9.209624305616409545e-02
1.759852620512415700e-01,9.195812733934477512e-02
1.760079082704935349e-01,9.182001162248515369e-02
1.760305544894928687e-01,9.168189590558417645e-02
1.760532007082323547e-01,9.154378018864051114e-02
1.760758469267046655e-01,9.140566447165304753e-02
1.760984931449023627e-01,9.126754875462050887e-02
1.761211393628176192e-01,9.112943303754172941e-02
1.761437855804424413e-01,9.099131732041532139e-02
1.761664317977688354e-01,9.085320160323995253e-02
1.761890780147881974e-01,9.071508588601434608e-02
1.762117242314920340e-01,9.057697016873689222e-02
1.762343704478712969e-01,9.043885445140625867e-02
1.762570166639169933e-01,9.030073873402089113e-02
1.762796628796196308e-01,9.016262301657929079e-02
1.763023090949695504e-01,9.002450729907990334e-02
1.763249553099569267e-01,8.988639158152106345e-02
1.763476015245714346e-01,8.974827586390105028e-02
1.763702477388025269e-01,8.961016014621814296e-02
1.763928939526396011e-01,8.947204442847067618e-02
1.764155401660713884e-01,8.933392871065676255e-02
1.764381863790865090e-01,8.919581299277445918e-02
1.764608325916732501e-01,8.905769727482198972e-02
1.764834788038195657e-01,8.891958155679730025e-02
1.765061250155129657e-01,8.878146583869833686e-02
1.765287712267407938e-01,8.864335012052304563e-02
1.765514174374899492e-01,8.850523440226920613e-02
1.765740636477467762e-01,8.836711868393470892e-02
1.765967098574975636e-01,8.822900296551716703e-02
1.766193560667280449e-01,8.809088724701436002e-02
1.766420022754235097e-01,8.795277152842384538e-02
1.766646484835689146e-01,8.781465580974312513e-02
1.766872946911488274e-01,8.767654009096970125e-02
1.767099408981471498e-01,8.753842437210085370e-02
1.767325871045476726e-01,8.740030865313402897e-02
1.767552333103335205e-01,8.726219293406639599e-02
1.767778795154873184e-01,8.712407721489517920e-02
1.768005257199913027e-01,8.698596149561743651e-02
1.768231719238272104e-01,8.684784577623005930e-02
1.768458181269760565e-01,8.670973005673010547e-02
1.768684643294187453e-01,8.657161433711429988e-02
1.768911105311351817e-01,8.643349861737947837e-02
1.769137567321049376e-01,8.629538289752219926e-02
1.769364029323071408e-01,8.615726717753913189e-02
1.769590491317199754e-01,8.601915145742661251e-02
1.769816953303213480e-01,8.588103573718097739e-02
1.770043415280882770e-01,8.574292001679856279e-02
1.770269877249973922e-01,8.560480429627542742e-02
1.770496339210243797e-01,8.546668857560774102e-02
1.770722801161444815e-01,8.532857285479134024e-02
1.770949263103322180e-01,8.519045713382206175e-02
1.771175725035612214e-01,8.505234141269557568e-02
1.771402186958045133e-01,8.491422569140744114e-02
1.771628648870343381e-01,8.477610996995316173e-02
1.771855110772221631e-01,8.463799424832801899e-02
1.772081572663386229e-01,8.449987852652718345e-02
1.772308034543535193e-01,8.436176280454577014e-02
1.772534496412359328e-01,8.422364708237867204e-02
1.772760958269537779e-01,8.408553136002061557e-02
1.772987420114744139e-01,8.394741563746621615e-02
1.773213881947640347e-01,8.380929991471003371e-02
1.773440343767879457e-01,8.367118419174629507e-02
1.773666805575106198e-01,8.353306846856917156e-02
1.773893267368953086e-01,8.339495274517272350e-02
1.774119729149043201e-01,8.325683702155073362e-02
1.774346190914989629e-01,8.311872129769676265e-02
1.774572652666393802e-01,8.298060557360437128e-02
1.774799114402845490e-01,8.284248984926678716e-02
1.775025576123924476e-01,8.270437412467718241e-02
1.775252037829197216e-01,8.256625839982834059e-02
1.775478499518217956e-01,8.242814267471315626e-02
1.775704961190530395e-01,8.229002694932391337e-02
1.775931422845662688e-01,8.215191122365295140e-02
1.776157884483131333e-01,8.201379549769244326e-02
1.776384346102438949e-01,8.187567977143411779e-02
1.776610807703073724e-01,8.173756404486964833e-02
1.776837269284509413e-01,8.159944831799034737e-02
1.777063730846206446e-01,8.146133259078741640e-02
1.777290192387608048e-01,8.132321686325172383e-02
1.777516653908141897e-01,8.118510113537386053e-02
1.777743115407221797e-01,8.104698540714422306e-02
1.777969576884242120e-01,8.090886967855287493e-02
1.778196038338581697e-01,8.077075394958971311e-02
1.778422499769602150e-01,8.063263822024416272e-02
1.778648961176646781e-01,8.049452249050545460e-02
1.778875422559040020e-01,8.035640676036256980e-02
1.779101883916086868e-01,8.021829102980410076e-02
1.779328345247074561e-01,8.008017529881836238e-02
1.779554806551268686e-01,7.994205956739325325e-02
1.779781267827913738e-01,7.980394383551650539e-02
1.780007729076235334e-01,7.966582810317532348e-02
1.780234190295434671e-01,7.952771237035660690e-02
1.780460651484691292e-01,7.938959663704697745e-02
1.780687112643162540e-01,7.925148090323255734e-02
1.780913573769980773e-01,7.911336516889916348e-02
1.781140034864254484e-01,7.897524943403214093e-02
1.781366495925067739e-01,7.883713369861647391e-02
1.781592956951477402e-01,7.869901796263673033e-02
1.781819417942514250e-01,7.856090222607695073e-02
1.782045878897182412e-01,7.842278648892092585e-02
1.782272339814457707e-01,7.828467075115175255e-02
1.782498800693285979e-01,7.814655501275216687e-02
1.782725261532585870e-01,7.800843927370446074e-02
1.782951722331242717e-01,7.787032353399037099e-02
1.783178183088111879e-01,7.773220779359110710e-02
1.783404643802017076e-01,7.759409205248735120e-02
1.783631104471748163e-01,7.745597631065936906e-02
1.783857565096060027e-01,7.731786056808664931e-02
1.784084025673674245e-01,7.717974482474820874e-02
1.784310486203275203e-01,7.704162908062259230e-02
1.784536946683510095e-01,7.690351333568748449e-02
1.784763407112990030e-01,7.676539758992020901e-02
1.784989867490283932e-01,7.662728184329725689e-02
1.785216327813922421e-01,7.648916609579453629e-02
1.785442788082394483e-01,7.635105034738731700e-02
1.785669248294146361e-01,7.621293459805003612e-02
1.785895708447579888e-01,7.607481884775663117e-02
1.786122168541053601e-01,7.593670309648001271e-02
1.786348628572877739e-01,7.579858734419261945e-02
1.786575088541316469e-01,7.566047159086591867e-02
1.786801548444583998e-01,7.552235583647062822e-02
1.787028008280845126e-01,7.538424008097668882e-02
1.787254468048213030e-01,7.524612432435312526e-02
1.787480927744745929e-01,7.510800856656818514e-02
1.787707387368450418e-01,7.496989280758908913e-02
1.787933846917274805e-01,7.483177704738219749e-02
1.788160306389109111e-01,7.469366128591303777e-02
1.788386765781786736e-01,7.455554552314591632e-02
1.788613225093076686e-01,7.441742975904436230e-02
1.788839684320686907e-01,7.427931399357076692e-02
1.789066143462261504e-01,7.414119822668649440e-02
1.789292602515376862e-01,7.400308245835182652e-02
1.789519061477540529e-01,7.386496668852585157e-02
1.789745520346192886e-01,7.372685091716668637e-02
1.789971979118698819e-01,7.358873514423103224e-02
1.790198437792351049e-01,7.345061936967456351e-02
1.790424896364365137e-01,7.331250359345162226e-02
1.790651354831878928e-01,7.317438781551524607e-02
1.790877813191948664e-01,7.303627203581719574e-02
1.791104271441548990e-01,7.289815625430781654e-02
1.791330729577568504e-01,7.276004047093620475e-02
1.791557187596808098e-01,7.262192468564981906e-02
1.791783645495979294e-01,7.248380889839473040e-02
1.792010103271700350e-01,7.234569310911559414e-02
1.792236560920493493e-01,7.220757731775526156e-02
1.792463018438786027e-01,7.206946152425522389e-02
1.792689475822900891e-01,7.193134572855516828e-02
1.792915933069059997e-01,7.179322993059322755e-02
1.793142390173378675e-01,7.165511413030559162e-02
1.793368847131861232e-01,7.151699832762678510e-02
1.793595303940400953e-01,7.137888252248955623e-02
1.793821760594775661e-01,7.124076671482454381e-02
1.794048217090643271e-01,7.110265090456066583e-02
1.794274673423539024e-01,7.096453509162467532e-02
1.794501129588874921e-01,7.082641927594135467e-02
1.794727585581930851e-01,7.068830345743332133e-02
1.794954041397855693e-01,7.055018763602100007e-02
1.795180497031661215e-01,7.041207181162267847e-02
1.795406952478218188e-01,7.027395598415420164e-02
1.795633407732254161e-01,7.013584015352911094e-02
1.795859862788346806e-01,6.999772431965858854e-02
1.796086317640922803e-01,6.985960848245115207e-02
1.796312772284250070e-01,6.972149264181290440e-02
1.796539226712436099e-01,6.958337679764717287e-02
1.796765680919423513e-01,6.944526094985473130e-02
1.796992134898981186e-01,6.930714509833335590e-02
1.797218588644707016e-01,6.916902924297801958e-02
1.797445042150015715e-01,6.903091338368089191e-02
1.797671495408135478e-01,6.889279752033083959e-02
1.797897948412108537e-01,6.875468165281384270e-02
1.798124401154776175e-01,6.861656578101252291e-02
1.798350853628780943e-01,6.847844990480625449e-02
1.798577305826557227e-01,6.834033402407099778e-02
1.798803757740327913e-01,6.820221813867918814e-02
1.799030209362095512e-01,6.806410224849981927e-02
1.799256660683636599e-01,6.792598635339797131e-02
1.799483111696499049e-01,6.778787045323514393e-02
1.799709562391990925e-01,6.764975454786881226e-02
1.799936012761175486e-01,6.751163863715239910e-02
1.800162462794865081e-01,6.737352272093535821e-02
1.800388912483613935e-01,6.723540679906275797e-02
1.800615361817708704e-01,6.709729087137544790e-02
1.800841810787165154e-01,6.695917493770964235e-02
1.801068259381715941e-01,6.682105899789700376e-02
1.801294707590804511e-01,6.668294305176458714e-02
1.801521155403579544e-01,6.654482709913434046e-02
1.801747602808882742e-01,6.640671113982343776e-02
1.801974049795241062e-01,6.626859517364377949e-02
1.802200496350861159e-01,6.613047920040196481e-02
1.802426942463615511e-01,6.599236321989920828e-02
1.802653388121034650e-01,6.585424723193106233e-02
1.802879833310302160e-01,6.571613123628744502e-02
1.803106278018236919e-01,6.557801523275219591e-02
1.803332722231287544e-01,6.543989922110327040e-02
1.803559165935524622e-01,6.530178320111221235e-02
1.803785609116623501e-01,6.516366717254420959e-02
1.804012051759855961e-01,6.502555113515784413e-02
1.804238493850083558e-01,6.488743508870487009e-02
1.804464935371738188e-01,6.474931903293018598e-02
1.804691376308813766e-01,6.461120296757133508e-02
1.804917816644857897e-01,6.447308689235853318e-02
1.805144256362949673e-01,6.433497080701455761e-02
1.805370695445697449e-01,6.419685471125410881e-02
1.805597133875217197e-01,6.405873860478414339e-02
1.805823571633122515e-01,6.392062248730320806e-02
1.806050008700510745e-01,6.378250635850149508e-02
1.806276445057947433e-01,6.364439021806034269e-02
1.806502880685449675e-01,6.350627406565217958e-02
1.806729315562476124e-01,6.336815790094033063e-02
1.806955749667904232e-01,6.323004172357846175e-02
1.807182182980019147e-01,6.309192553321071872e-02
1.807408615476496505e-01,6.295380932947108876e-02
1.807635047134382444e-01,6.281569311198331729e-02
1.807861477930078065e-01,6.267757688036060260e-02
1.808087907839322217e-01,6.253946063420520729e-02
1.808314336837170411e-01,6.240134437310834725e-02
1.808540764897977049e-01,6.226322809664955327e-02
1.808767191995377110e-01,6.212511180439664327e-02
1.808993618102262835e-01,6.198699549590536151e-02
1.809220043190765403e-01,6.184887917071887897e-02
1.809446467232232736e-01,6.171076282836754356e-02
1.809672890197207840e-01,6.157264646836851929e-02
1.809899312055403831e-01,6.143453009022548095e-02
1.810125732775686724e-01,6.129641369342800350e-02
1.810352152326045461e-01,6.115829727745142330e-02
1.810578570673568033e-01,6.102018084175639401e-02
1.810804987784422060e-01,6.088206438578833146e-02
1.811031403623820368e-01,6.074394790897710839e-02
1.811257818156002120e-01,6.060583141073661029e-02
1.811484231344200613e-01,6.046771489046423587e-02
1.811710643150616085e-01,6.032959834754050843e-02
1.811937053536388509e-01,6.019148178132846527e-02
1.812163462461566510e-01,6.005336519117346339e-02
1.812389869885076277e-01,5.991524857640231905e-02
1.812616275764691587e-01,5.977713193632294697e-02
1.812842680057000500e-01,5.963901527022399951e-02
1.813069082717372049e-01,5.950089857737403398e-02
1.813295483699925159e-01,5.936278185702115184e-02
1.813521882957488673e-01,5.922466510839230480e-02
1.813748280441568050e-01,5.908654833069287848e-02
1.813974676102309280e-01,5.894843152310591528e-02
1.814201069888458917e-01,5.881031468479144819e-02
1.814427461747327441e-01,5.867219781488619557e-02
1.814653851624744851e-01,5.853408091250247858e-02
1.814880239465023470e-01,5.839596397672783268e-02
1.815106625210914648e-01,5.825784700662417492e-02
1.815333008803564907e-01,5.811973000122713784e-02
1.815559390182468757e-01,5.798161295954548655e-02
1.815785769285427620e-01,5.784349588055998082e-02
1.816012146048497644e-01,5.770537876322306969e-02
1.816238520405944190e-01,5.756726160645767032e-02
1.816464892290191313e-01,5.742914440915677932e-02
1.816691261631768473e-01,5.729102717018214053e-02
1.816917628359261683e-01,5.715290988836380093e-02
1.817143992399255226e-01,5.701479256249913918e-02
1.817370353676277805e-01,5.687667519135167216e-02
1.817596712112747037e-01,5.673855777365055530e-02
1.817823067628907274e-01,5.660044030808927817e-02
1.818049420142772432e-01,5.646232279332485948e-02
1.818275769570061040e-01,5.632420522797673690e-02
1.818502115824134069e-01,5.618608761062576784e-02
1.818728458815931093e-01,5.604796993981325803e-02
1.818954798453898680e-01,5.590985221403968475e-02
1.819181134643926001e-01,5.577173443176355883e-02
1.819407467289270441e-01,5.563361659140056426e-02
1.819633796290485439e-01,5.549549869132200386e-02
1.819860121545348319e-01,5.535738072985380009e-02
1.820086442948777028e-01,5.521926270527510727e-02
1.820312760392760187e-01,5.508114461581720134e-02
1.820539073766265503e-01,5.494302645966195331e-02
1.820765382955165379e-01,5.480490823494046926e-02
1.820991687842145323e-01,5.466678993973200784e-02
1.821217988306618463e-01,5.452867157206209292e-02
1.821444284224635612e-01,5.439055312990145885e-02
1.821670575468790354e-01,5.425243461116416310e-02
1.821896861908125775e-01,5.411431601370628175e-02
1.822123143408033996e-01,5.397619733532432740e-02
1.822349419830160133e-01,5.383807857375338957e-02
1.822575691032293499e-01,5.369995972666569140e-02
1.822801956868264905e-01,5.356184079166867451e-02
1.823028217187838418e-01,5.342372176630344471e-02
1.823254471836596446e-01,5.328560264804274582e-02
1.823480720655828724e-01,5.314748343428907229e-02
1.823706963482409626e-01,5.300936412237303164e-02
1.823933200148683820e-01,5.287124470955101296e-02
1.824159430482334143e-01,5.273312519300354939e-02
1.824385654306261706e-01,5.259500556983284780e-02
1.824611871438448774e-01,5.245688583706090147e-02
1.824838081691829983e-01,5.231876599162735286e-02
1.825064284874148013e-01,5.218064603038707894e-02
1.825290480787818137e-01,5.204252595010797067e-02
1.825516669229778344e-01,5.190440574746860158e-02
1.825742849991345007e-01,5.176628541905572978e-02
1.825969022858053570e-01,5.162816496136199418e-02
1.826195187609506998e-01,5.149004437078300023e-02
1.826421344019210913e-01,5.135192364361518269e-02
1.826647491854413163e-01,5.121380277605272480e-02
1.826873630875925636e-01,5.107568176418508799e-02
1.827099760837961051e-01,5.093756060399401431e-02
1.827325881487943671e-01,5.079943929135058434e-02
1.827551992566334993e-01,5.066131782201255263e-02
1.827778093806440018e-01,5.052319619162093378e-02
1.828004184934217402e-01,5.038507439569725466e-02
1.828230265668081278e-01,5.024695242963997388e-02
1.828456335718696979e-01,5.010883028872148426e-02
1.828682394788776200e-01,4.997070796808472659e-02
1.828908442572859949e-01,4.983258546273952594e-02
1.829134478757104831e-01,4.969446276755942749e-02
1.829360503019055451e-01,4.955633987727767198e-02
1.829586515027413485e-01,4.941821678648386507e-02
1.829812514441808979e-01,4.928009348961992497e-02
1.830038500912549992e-01,4.914196998097625224e-02
1.830264474080383341e-01,4.900384625468792721e-02
1.830490433576237030e-01,4.886572230473026912e-02
1.830716379020958795e-01,4.872759812491506137e-02
1.830942310025056863e-01,4.858947370888597184e-02
1.831168226188420733e-01,4.845134905011427850e-02
1.831394127100044733e-01,4.831322414189453962e-02
1.831620012337742132e-01,4.817509897733968094e-02
1.831845881467852599e-01,4.803697354937655484e-02
1.832071734044943001e-01,4.789884785074102758e-02
1.832297569611496535e-01,4.776072187397309432e-02
1.832523387697602979e-01,4.762259561141193864e-02
1.832749187820637837e-01,4.748446905519052019e-02
1.832974969484925387e-01,4.734634219723066195e-02
1.833200732181412274e-01,4.720821502923730484e-02
1.833426475387315568e-01,4.707008754269340067e-02
1.833652198565771940e-01,4.693195972885394474e-02
1.833877901165479052e-01,4.679383157874034138e-02
1.834103582620322526e-01,4.665570308313471415e-02
1.834329242349004019e-01,4.651757423257360524e-02
1.834554879754651535e-01,4.637944501734214686e-02
1.834780494224426961e-01,4.624131542746748313e-02
1.835006085129123055e-01,4.610318545271260837e-02
1.835231651822752663e-01,4.596505508256990002e-02
1.835457193642125728e-01,4.582692430625423530e-02
1.835682709906422405e-01,4.568879311269641308e-02
1.835908199916753969e-01,4.555066149053604851e-02
1.836133662955714285e-01,4.541252942811474513e-02
1.836359098286921843e-01,4.527439691346862860e-02
1.836584505154556235e-01,4.513626393432113026e-02
1.836809882782879655e-01,4.499813047807568744e-02
1.837035230375751726e-01,4.485999653180774982e-02
1.837260547116135456e-01,4.472186208225745196e-02
1.837485832165591526e-01,4.458372711582128667e-02
1.837711084663764816e-01,4.444559161854438889e-02
1.837936303727859266e-01,4.430745557611232011e-02
1.838161488452103864e-01,4.416931897384260286e-02
1.838386637907209187e-01,4.403118179667644960e-02
1.838611751139814510e-01,4.389304402917004744e-02
1.838836827171922705e-01,4.375490565548584287e-02
1.839061865000328477e-01,4.361676665938382658e-02
1.839286863596033827e-01,4.347862702421234626e-02
1.839511821903658528e-01,4.334048673289919718e-02
1.839736738840833941e-01,4.320234576794212966e-02
1.839961613297592946e-01,4.306420411139974536e-02
1.840186444135749888e-01,4.292606174488181048e-02
1.840411230188267744e-01,4.278791864953965240e-02
1.840635970258618082e-01,4.264977480605661175e-02
1.840860663120137131e-01,4.251163019463793935e-02
1.841085307515359093e-01,4.237348479500113729e-02
1.841309902155360001e-01,4.223533858636563387e-02
1.841534445719074931e-01,4.209719154744284708e-02
1.841758936852619655e-01,4.195904365642597056e-02
1.841983374168598420e-01,4.182089489097945423e-02
1.842207756245406169e-01,4.168274522822887351e-02
1.842432081626524110e-01,4.154459464475032671e-02
1.842656348819805834e-01,4.140644311656005438e-02
1.842880556296762340e-01,4.126829061910369800e-02
1.843104702491833724e-01,4.113013712724580828e-02
1.843328785801663094e-01,4.099198261525938136e-02
1.843552804584361604e-01,4.085382705681497861e-02
1.843776757158770152e-01,4.071567042497029054e-02
1.844000641803717200e-01,4.057751269215928436e-02
1.844224456757272701e-01,4.043935383018174012e-02
1.844448200216005362e-01,4.030119381019281466e-02
1.844671870334229913e-01,4.016303260269216135e-02
1.844895465223259923e-01,4.002487017751385490e-02
1.845118982950662290e-01,3.988670650381573313e-02
1.845342421539505617e-01,3.974854155006934953e-02
1.845565778967618031e-01,3.961037528404975916e-02
1.845789053166847771e-01,3.947220767282547116e-02
1.846012242022320449e-01,3.933403868274876203e-02
1.846235343371715742e-01,3.919586827944576690e-02
1.846458355004536867e-01,3.905769642780748674e-02
1.846681274661399474e-01,3.891952309198012938e-02
1.846904100033321117e-01,3.878134823535647757e-02
1.847126828761030126e-01,3.864317182056714595e-02
1.847349458434281722e-01,3.850499380947222661e-02
1.847571986591190762e-01,3.836681416315340654e-02
1.847794410717578939e-01,3.822863284190622379e-02
1.848016728246339724e-01,3.809044980523287882e-02
1.848238936556827750e-01,3.795226501183571188e-02
1.848461032974260398e-01,3.781407841961054173e-02
1.848683014769153254e-01,3.767588998564116998e-02
1.848904879156772207e-01,3.753769966619399656e-02
1.849126623296620531e-01,3.739950741671335677e-02
1.849348244291951493e-01,3.726131319181766322e-02
1.849569739189314277e-01,3.712311694529574213e-02
1.849791104978135425e-01,3.698491863010450187e-02
1.850012338590337480e-01,3.684671819836668472e-02
1.850233436899998696e-01,3.670851560136986769e-02
1.850454396723049399e-01,3.657031078956612946e-02
1.850675214817022740e-01,3.643210371257254998e-02
1.850895887880846524e-01,3.629389431917287578e-02
1.851116412554686674e-01,3.615568255731957392e-02
1.851336785419847863e-01,3.601746837413771773e-02
1.851557002998727441e-01,3.587925171592912243e-02
1.851777061754833198e-01,3.574103252817809051e-02
1.851996958092855528e-01,3.560281075555829511e-02
1.852216688358819530e-01,3.546458634194049608e-02
1.852436248840291511e-01,3.532635923040197690e-02
1.852655635766669862e-01,3.518812936323675866e-02
1.852874845309541996e-01,3.504989668196786812e-02
1.853093873583130657e-01,3.491166112736016069e-02
1.853312716644812397e-01,3.477342263943511425e-02
1.853531370495727637e-01,3.463518115748723258e-02
1.853749831081481225e-01,3.449693662010133721e-02
1.853968094292926805e-01,3.435868896517213500e-02
1.854186155967057215e-01,3.422043812992489609e-02
1.854404011887985926e-01,3.408218405093799142e-02
1.854621657788032285e-01,3.394392666416734539e-02
1.854839089348912784e-01,3.380566590497188773e-02
1.855056302203040020e-01,3.366740170814180866e-02
1.855273291934929902e-01,3.352913400792764675e-02
1.855490054082724882e-01,3.339086273807159722e-02
1.855706584139832083e-01,3.325258783184104061e-02
1.855922877556681339e-01,3.311430922206304306e-02
1.856138929742600918e-01,3.297602684116165972e-02
1.856354736067819255e-01,3.283774062119640402e-02
1.856570291865593247e-01,3.269945049390318714e-02
1.856785592434454235e-01,3.256115639073667301e-02
1.857000633040593873e-01,3.242285824291479823e-02
1.857215408920372679e-01,3.228455598146537375e-02
1.857429915282956256e-01,3.214624953727393541e-02
1.857644147313089189e-01,3.200793884113425913e-02
1.857858100173995497e-01,3.186962382380001402e-02
1.858071769010408991e-01,3.173130441603858043e-02
1.858285148951739074e-01,3.159298054868664440e-02
1.858498235115359221e-01,3.145465215270729087e-02
1.858711022610031460e-01,3.131631915924901199e-02
1.858923506539450210e-01,3.117798149970610333e-02
1.859135682005918777e-01,3.103963910578078078e-02
1.859347544114140771e-01,3.090129190954654659e-02
1.859559087975133640e-01,3.076293984351313737e-02
1.859770308710260445e-01,3.062458284069280445e-02
1.859981201455368771e-01,3.048622083466734356e-02
1.860191761365042884e-01,3.034785375965692866e-02
1.860401983616951360e-01,3.020948155058914009e-02
1.860611863416297418e-01,3.007110414316943592e-02
1.860821396000357508e-01,2.993272147395220628e-02
1.861030576643107060e-01,2.979433348041204965e-02
1.861239400659919496e-01,2.965594010101613165e-02
1.861447863412339088e-01,2.951754127529632177e-02
1.861655960312918190e-01,2.937913694392155217e-02
1.861863686830098896e-01,2.924072704877064832e-02
1.862071038493151864e-01,2.910231153300410489e-02
1.862278010897139569e-01,2.896389034113650007e-02
1.862484599707913413e-01,2.882546341910752208e-02
1.862690800667120838e-01,2.868703071435299568e-02
1.862896609597220754e-01,2.854859217587435438e-02
1.863102022406490643e-01,2.841014775430769634e-02
1.863307035094016462e-01,2.827169740199136916e-02
1.863511643754656444e-01,2.813324107303175059e-02
1.863715844583958836e-01,2.799477872336805784e-02
1.863919633883030780e-01,2.785631031083479758e-02
1.864123008063342801e-01,2.771783579522257845e-02
1.864325963651453921e-01,2.757935513833692509e-02
1.864528497293643505e-01,2.744086830405401134e-02
1.864730605760454296e-01,2.730237525837486690e-02
1.864932285951103330e-01,2.716387596947611449e-02
1.865133534897780720e-01,2.702537040775848665e-02
1.865334349769800781e-01,2.688685854589176194e-02
1.865534727877610488e-01,2.674834035885714778e-02
1.865734666676626963e-01,2.660981582398616596e-02
1.865934163770909537e-01,2.647128492099587449e-02
1.866133216916640303e-01,2.633274763202125834e-02
1.866331824025419250e-01,2.619420394164312382e-02
1.866529983167341811e-01,2.605565383691299530e-02
1.866727692573873221e-01,2.591709730737415396e-02
1.866924950640492520e-01,2.577853434507809682e-02
1.867121755929108395e-01,2.563996494459819253e-02
1.867318107170235220e-01,2.550138910303839657e-02
1.867514003264919287e-01,2.536280682003830278e-02
1.867709443286415805e-01,2.522421809777455892e-02
1.867904426481609426e-01,2.508562294095748046e-02
1.868098952272168323e-01,2.494702135682438926e-02
1.868293020255434589e-01,2.480841335512834478e-02
1.868486630205042631e-01,2.466979894812351692e-02
1.868679782071270001e-01,2.453117815054597917e-02
1.868872475981115111e-01,2.439255097959106000e-02
1.869064712238097947e-01,2.425391745488714168e-02
1.869256491321794889e-01,2.411527759846493479e-02
1.869447813887100407e-01,2.397663143472419933e-02
1.869638680763218430e-01,2.383797899039613588e-02
1.869829092952393357e-01,2.369932029450272370e-02
1.870019051628377393e-01,2.356065537831317225e-02
1.870208558134643095e-01,2.342198427529654237e-02
1.870397613982344998e-01,2.328330702107217487e-02
1.870586220848040881e-01,2.314462365335664962e-02
1.870774380571174345e-01,2.300593421190888499e-02
1.870962095151326998e-01,2.286723873847182342e-02
1.871149366745257503e-01,2.272853727671270141e-02
1.871336197663724665e-01,2.258982987216098803e-02
1.871522590368110694e-01,2.245111657214379774e-02
1.871708547466856276e-01,2.231239742572060925e-02
1.871894071711715235e-01,2.217367248361551413e-02
1.872079165993838223e-01,2.203494179814849407e-02
1.872263833339704309e-01,2.189620542316575436e-02
1.872448076906901016e-01,2.175746341396844752e-02
1.872631899979775583e-01,2.161871582724125829e-02
1.872815305964964649e-01,2.147996272097985049e-02
1.872998298386811256e-01,2.134120415441811969e-02
1.873180880882691912e-01,2.120244018795525154e-02
1.873363057198251524e-01,2.106367088308236379e-02
1.873544831182573367e-01,2.092489630230962017e-02
1.873726206783285775e-01,2.078611650909312214e-02
1.873907188041621097e-01,2.064733156776274448e-02
1.874087779087443562e-01,2.050854154344991520e-02
1.874267984134244391e-01,2.036974650201639481e-02
1.874447807474133587e-01,2.023094650998402688e-02
1.874627253472828381e-01,2.009214163446493284e-02
1.874806326564643910e-01,1.995333194309320546e-02
1.874985031247514977e-01,1.981451750395757383e-02
1.875163372078038349e-01,1.967569838553531736e-02
1.875341353666561683e-01,1.953687465662776179e-02
1.875518980672315206e-01,1.939804638629688549e-02
1.875696257798608324e-01,1.925921364380381307e-02
1.875873189788080098e-01,1.912037649854866905e-02
1.876049781418038520e-01,1.898153502001229120e-02
1.876226037495868637e-01,1.884268927769947033e-02
1.876401962854532257e-01,1.870383934108413304e-02
1.876577562348162032e-01,1.856498527955652289e-02
1.876752840847755455e-01,1.842612716237163051e-02
1.876927803236969339e-01,1.828726505860037155e-02
1.877102454408029752e-01,1.814839903708176383e-02
1.877276799257752427e-01,1.800952916637782453e-02
1.877450842683679177e-01,1.787065551473004943e-02
1.877624589580338121e-01,1.773177815001758528e-02
1.877798044835624347e-01,1.759289713971798341e-02
1.877971213327308819e-01,1.745401255086925785e-02
1.878144099919672183e-01,1.731512445003413614e-02
1.878316709460271794e-01,1.717623290326644736e-02
1.878489046776831428e-01,1.703733797607878686e-02
1.878661116674272547e-01,1.689843973341276229e-02
1.878832923931863796e-01,1.675953823961040534e-02
1.879004473300513178e-01,1.662063355838802603e-02
1.879175769500182336e-01,1.648172575281117713e-02
1.879346817217435184e-01,1.634281488527189463e-02
1.879517621103113656e-01,1.620390101746740918e-02
1.879688185770140574e-01,1.606498421038043967e-02
1.879858515791448526e-01,1.592606452426129082e-02
1.880028615698033645e-01,1.578714201861117217e-02
1.880198489977132070e-01,1.564821675216751529e-02
1.880368143070513531e-01,1.550928878289042911e-02
1.880537579372894841e-01,1.537035816795059850e-02
1.880706803230466628e-01,1.523142496371865384e-02
1.880875818939534427e-01,1.509248922575590068e-02
1.881044630745267454e-01,1.495355100880602084e-02
1.881213242840552302e-01,1.481461036678863308e-02
1.881381659364957104e-01,1.467566735279315915e-02
1.881549884403786732e-01,1.453672201907477146e-02
1.881717921987241249e-01,1.439777441705053507e-02
1.881885776089665951e-01,1.425882459729721496e-02
1.882053450628895785e-01,1.411987260954972179e-02
1.882220949465680249e-01,1.398091850270066772e-02
1.882388276403199334e-01,1.384196232480078281e-02
1.882555435186657744e-01,1.370300412305991422e-02
1.882722429502955153e-01,1.356404394384941314e-02
1.882889262980435297e-01,1.342508183270457733e-02
1.883055939188698902e-01,1.328611783432825932e-02
1.883222461638493217e-01,1.314715199259514078e-02
1.883388833781658167e-01,1.300818435055622890e-02
1.883555059011141342e-01,1.286921495044454633e-02
1.883721140661064608e-01,1.273024383368076551e-02
1.883887082006850122e-01,1.259127104087989779e-02
1.884052886265401294e-01,1.245229661185798253e-02
1.884218556595325944e-01,1.231332058563955334e-02
1.884384096097212746e-01,1.217434300046546514e-02
1.884549507813949309e-01,1.203536389380086002e-02
1.884714794731080778e-01,1.189638330234382702e-02
1.884879959777208958e-01,1.175740126203408953e-02
1.885045005824428077e-01,1.161841780806205371e-02
1.885209935688787752e-01,1.147943297487846737e-02
1.885374752130798692e-01,1.134044679620355156e-02
1.885539457855957279e-01,1.120145930503718690e-02
1.885704055515302346e-01,1.106247053366860023e-02
1.885868547705995268e-01,1.092348051368674522e-02
1.886032936971919483e-01,1.078448927599048868e-02
1.886197225804311095e-01,1.064549685079893560e-02
1.886361416642393374e-01,1.050650326766211506e-02
1.886525511874038441e-01,1.036750855547144412e-02
1.886689513836445065e-01,1.022851274247044140e-02
1.886853424816821445e-01,1.008951585626532976e-02
1.887017247053089097e-01,9.950517923835972001e-03
1.887180982734590062e-01,9.811518971546528967e-03
1.887344634002809662e-01,9.672519025156062211e-03
1.887508202952103142e-01,9.533518109829663967e-03
1.887671691630425641e-01,9.394516250148809977e-03
1.887835102040076596e-01,9.255513470122295194e-03
1.887998436138439151e-01,9.116509793196864164e-03
1.888161695838725673e-01,8.977505242267758145e-03
1.888324883010729371e-01,8.838499839689345494e-03
1.888487999481567592e-01,8.699493607285418983e-03
1.888651047036433994e-01,8.560486566359992722e-03
1.888814027419344621e-01,8.421478737707155382e-03
1.888976942333883968e-01,8.282470141621589566e-03
1.889139793443951609e-01,8.143460797908647075e-03
1.889302582374497164e-01,8.004450725894313168e-03
1.889465310712260260e-01,7.865439944435170805e-03
1.889627980006503838e-01,7.726428471928226127e-03
1.889790591769736350e-01,7.587416326320484128e-03
1.889953147478440065e-01,7.448403525118663104e-03
1.890115648573781060e-01,7.309390085398520531e-03
1.890278096462319202e-01,7.170376023814234445e-03
1.890440492516713700e-01,7.031361356607535029e-03
1.890602838076413661e-01,6.892346099616697419e-03
1.890765134448348095e-01,6.753330268285673288e-03
1.890927382907603704e-01,6.614313877672611808e-03
1.891089584698097126e-01,6.475296942458630411e-03
1.891251741033236622e-01,6.336279476956252488e-03
1.891413853096574893e-01,6.197261495117872832e-03
1.891575922042457447e-01,6.058243010543806761e-03
1.891737948996655427e-01,5.919224036490478014e-03
1.891899935056991777e-01,5.780204585878356838e-03
1.892061881293961301e-01,5.641184671299676046e-03
1.892223788751335734e-01,5.502164305026230329e-03
1.892385658446763264e-01,5.363143499016620463e-03
1.892547491372356394e-01,5.224122264923886094e-03
1.892709288495270370e-01,5.085100614102694427e-03
1.892871050758273277e-01,4.946078557616140348e-03
1.893032779080303374e-01,4.807056106243184912e-03
1.893194474357021428e-01,4.668033270485039132e-03
1.893356137461345290e-01,4.529010060572075114e-03
1.893517769243984461e-01,4.389986486470265348e-03
1.893679370533958572e-01,4.250962557887594251e-03
1.893840942139106420e-01,4.111938284280525213e-03
1.894002484846587231e-01,3.972913674859746003e-03
1.894163999423371936e-01,3.833888738596635815e-03
1.894325486616722787e-01,3.694863484228844142e-03
1.894486947154669088e-01,3.555837920266036178e-03
1.894648381746464605e-01,3.416812054995888026e-03
1.894809791083043871e-01,3.277785896489138207e-03
1.894971175837464605e-01,3.138759452605388578e-03
1.895132536665344036e-01,2.999732730997989316e-03
1.895293874205280227e-01,2.860705739119451252e-03
1.895455189079275071e-01,2.721678484226497385e-03
1.895616481893136196e-01,2.582650973384836846e-03
1.895777753236878305e-01,2.443623213474105382e-03
1.895939003685115087e-01,2.304595211192472792e-03
1.896100233797437251e-01,2.165566973061361367e-03
1.896261444118791106e-01,2.026538505429831272e-03
1.896422635179838279e-01,1.887509814478882664e-03
1.896583807497317087e-01,1.748480906226063114e-03
1.896744961574390043e-01,1.609451786529242368e-03
1.896906097900984689e-01,1.470422461091080990e-03
1.897067216954127777e-01,1.331392935462694105e-03
1.897228319198271673e-01,1.192363215047648195e-03
1.897389405085610214e-01,1.053333305105957907e-03
1.897550475056394570e-01,9.143032107574444733e-04
1.897711529539229669e-01,7.752729369857047637e-04
1.897872568951380623e-01,6.362424886413309277e-04
1.898033593699051946e-01,4.972118704455741334e-04
1.898194604177679545e-01,3.581810869935919683e-04
1.898355600772201057e-01,2.191501427577513539e-04
1.898516583857328965e-01,8.011904209093145823e-05
1.898677553797810946e-01,-5.891221077058972355e-05
1.898838510948689107e-01,-1.979436117038324561e-04
1.898999455655549229e-01,-3.369751566963674616e-04
1.899160388254766685e-01,-4.760068418432905624e-04
1.899321309073743469e-01,-6.150386633443638562e-04
1.899482218431143010e-01,-7.540706175014622037e-04
1.899643116637115547e-01,-8.931027007157144038e-04
1.899804003993520174e-01,-1.032134909484949681e-03
1.899964880794143551e-01,-1.171167240401199683e-03
1.900125747324905856e-01,-1.310199690148006191e-03
1.900286603864070056e-01,-1.449232255498311694e-03
1.900447450682441752e-01,-1.588264933311905880e-03
1.900608288043564020e-01,-1.727297720533149672e-03
1.900769116203907261e-01,-1.866330614188754788e-03
1.900929935413057936e-01,-2.005363611385618805e-03
1.901090745913896762e-01,-2.144396709308632465e-03
1.901251547942774678e-01,-2.283429905218653522e-03
1.901412341729689370e-01,-2.422463196450591605e-03
1.901573127498449589e-01,-2.561496580411215529e-03
1.901733905466837238e-01,-2.700530054577404693e-03
1.901894675846770577e-01,-2.839563616494206189e-03
1.902055438844457991e-01,-2.978597263773086201e-03
1.902216194660548976e-01,-3.117630994090042629e-03
1.902376943490279582e-01,-3.256664805184106282e-03
1.902537685523620625e-01,-3.395698694855370237e-03
1.902698420945414248e-01,-3.534732660963518791e-03
1.902859149935511585e-01,-3.673766701426217640e-03
1.903019872668904877e-01,-3.812800814217504053e-03
1.903180589315856264e-01,-3.951834997366454605e-03
1.903341300042027118e-01,-4.090869248955408821e-03
1.903502005008596842e-01,-4.229903567118858954e-03
1.903662704372386105e-01,-4.368937950041784646e-03
1.903823398285968971e-01,-4.507972395958459444e-03
1.903984086897790029e-01,-4.647006903151063018e-03
1.904144770352274307e-01,-4.786041469948459914e-03
1.904305448789934407e-01,-4.925076094724811782e-03
1.904466122347474866e-01,-5.064110775898522654e-03
1.904626791157893739e-01,-5.203145511930878930e-03
1.904787455350584191e-01,-5.342180301325022418e-03
1.904948115051429969e-01,-5.481215142624756842e-03
1.905108770382899219e-01,-5.620250034413520890e-03
1.905269421464136637e-01,-5.759284975313222477e-03
1.905430068411052835e-01,-5.898319963983239544e-03
1.905590711336410947e-01,-6.037354999119504129e-03
1.905751350349913220e-01,-6.176390079453308868e-03
1.905911985558280397e-01,-6.315425203750529848e-03
1.906072617065334429e-01,-6.454460370810655157e-03
1.906233244972076191e-01,-6.593495579465813439e-03
1.906393869376758754e-01,-6.732530828579941229e-03
1.906554490374966770e-01,-6.871566117047894773e-03
1.906715108059683639e-01,-7.010601443794700627e-03
1.906875722521364780e-01,-7.149636807774584213e-03
1.907036333848004250e-01,-7.288672207970303685e-03
1.907196942125201355e-01,-7.427707643392317260e-03
1.907357547436227263e-01,-7.566743113078089333e-03
1.907518149862084400e-01,-7.705778616091257804e-03
1.907678749481570846e-01,-7.844814151521023460e-03
1.907839346371340283e-01,-7.983849718481400570e-03
1.907999940605957512e-01,-8.122885316110634024e-03
1.908160532257955622e-01,-8.261920943570394416e-03
1.908321121397893727e-01,-8.400956600045195177e-03
1.908481708094406926e-01,-8.539992284741865225e-03
1.908642292414259589e-01,-8.679027996888827312e-03
1.908802874422397544e-01,-8.818063735735598430e-03
1.908963454181995811e-01,-8.957099500552095916e-03
1.909124031754506901e-01,-9.096135290628276637e-03
1.909284607199707995e-01,-9.235171105273387582e-03
1.909445180575746470e-01,-9.374206943815549531e-03
1.909605751939183749e-01,-9.513242805601229701e-03
1.909766321345036932e-01,-9.652278689994742145e-03
1.909926888846824877e-01,-9.791314596377748147e-03
1.910087454496603165e-01,-9.930350524148812141e-03
1.910248018345010734e-01,-1.006938647272287435e-02
1.910408580441300963e-01,-1.020842244153094547e-02
1.910569140833386081e-01,-1.034745843001946830e-02
1.910729699567867701e-01,-1.048649443765009570e-02
1.910890256690078448e-01,-1.062553046389913547e-02
1.911050812244110275e-01,-1.076456650825724504e-02
1.911211366272852763e-01,-1.090360257022893187e-02
1.911371918818024762e-01,-1.104263864933224815e-02
1.911532469920205479e-01,-1.118167474509856874e-02
1.911693019618865563e-01,-1.132071085707186953e-02
1.911853567952397637e-01,-1.145974698480869969e-02
1.912014114958146271e-01,-1.159878312787770982e-02
1.912174660672435189e-01,-1.173781928585931889e-02
1.912335205130597238e-01,-1.187685545834543666e-02
1.912495748366997150e-01,-1.201589164493913064e-02
1.912656290415062632e-01,-1.215492784525429304e-02
1.912816831307308230e-01,-1.229396405891541866e-02
1.912977371075358646e-01,-1.243300028555724412e-02
1.913137909749975385e-01,-1.257203652482447032e-02
1.913298447361078958e-01,-1.271107277637154032e-02
1.913458983937772195e-01,-1.285010903986236186e-02
1.913619519508361899e-01,-1.298914531497000202e-02
1.913780054100380490e-01,-1.312818160137649293e-02
1.913940587740610433e-01,-1.326721789877252644e-02
1.914101120455098670e-01,-1.340625420685731539e-02
1.914261652269181602e-01,-1.354529052533820499e-02
1.914422183207503403e-01,-1.368432685393067283e-02
1.914582713294032679e-01,-1.382336319235788480e-02
1.914743242552084113e-01,-1.396239954035058406e-02
1.914903771004334565e-01,-1.410143589764692451e-02
1.915064298672840837e-01,-1.424047226399219324e-02
1.915224825579054657e-01,-1.437950863913861621e-02
1.915385351743844333e-01,-1.451854502284533055e-02
1.915545877187504742e-01,-1.465758141487791266e-02
1.915706401929776204e-01,-1.479661781500840601e-02
1.915866925989859471e-01,-1.493565422301509904e-02
1.916027449386429604e-01,-1.507469063868230319e-02
1.916187972137652074e-01,-1.521372706180032508e-02
1.916348494261193303e-01,-1.535276349216516123e-02
1.916509015774237878e-01,-1.549179992957833152e-02
1.916669536693500764e-01,-1.563083637384690694e-02
1.916830057035237289e-01,-1.576987282478314878e-02
1.916990576815259806e-01,-1.590890928220445311e-02
1.917151096048948233e-01,-1.604794574593329526e-02
1.917311614751260052e-01,-1.618698221579692453e-02
1.917472132936745288e-01,-1.632601869162733643e-02
1.917632650619553736e-01,-1.646505517326116164e-02
1.917793167813450494e-01,-1.660409166053944396e-02
1.917953684531821523e-01,-1.674312815330766813e-02
1.918114200787688073e-01,-1.688216465141548217e-02
1.918274716593713902e-01,-1.702120115471664197e-02
1.918435231962217491e-01,-1.716023766306892795e-02
1.918595746905179256e-01,-1.729927417633403408e-02
1.918756261434252097e-01,-1.743831069437740133e-02
1.918916775560769172e-01,-1.757734721706816217e-02
1.919077289295753885e-01,-1.771638374427902951e-02
1.919237802649928770e-01,-1.785542027588626901e-02
1.919398315633721042e-01,-1.799445681176944922e-02
1.919558828257274252e-01,-1.813349335181146937e-02
1.919719340530453844e-01,-1.827252989589842058e-02
1.919879852462854364e-01,-1.841156644391953034e-02
1.920040364063808347e-01,-1.855060299576705152e-02
1.920200875342392421e-01,-1.868963955133617905e-02
1.920361386307435636e-01,-1.882867611052496670e-02
1.920521896967525011e-01,-1.896771267323432708e-02
1.920682407331011643e-01,-1.910674923936780956e-02
1.920842917406019035e-01,-1.924578580883162804e-02
1.921003427200446978e-01,-1.938482238153457771e-02
1.921163936721979881e-01,-1.952385895738795174e-02
1.921324445978092321e-01,-1.966289553630543030e-02
1.921484954976053483e-01,-1.980193211820310828e-02
1.921645463722933267e-01,-1.994096870299932878e-02
1.921805972225608949e-01,-2.008000529061476636e-02
1.921966480490767959e-01,-2.021904188097217725e-02
1.922126988524916757e-01,-2.035807847399645487e-02
1.922287496334381396e-01,-2.049711506961454655e-02
1.922448003925315840e-01,-2.063615166775539800e-02
1.922608511303705858e-01,-2.077518826834989785e-02
1.922769018475373459e-01,-2.091422487133087760e-02
1.922929525445979115e-01,-2.105326147663294512e-02
1.923090032221031198e-01,-2.119229808419254013e-02
1.923250538805885423e-01,-2.133133469394782322e-02
1.923411045205750958e-01,-2.147037130583864806e-02
1.923571551425694859e-01,-2.160940791980650588e-02
1.923732057470645407e-01,-2.174844453579452552e-02
1.923892563345395990e-01,-2.188748115374736236e-02
1.924053069054607878e-01,-2.202651777361119834e-02
1.924213574602816335e-01,-2.216555439533368643e-02
1.924374079994430053e-01,-2.230459101886386741e-02
1.924534585233738937e-01,-2.244362764415230860e-02
1.924695090324915203e-01,-2.258266427115082631e-02
1.924855595272015607e-01,-2.272170089981256913e-02
1.925016100078986991e-01,-2.286073753009196241e-02
1.925176604749667397e-01,-2.299977416194470825e-02
1.925337109287790505e-01,-2.313881079532767449e-02
1.925497613696986743e-01,-2.327784743019900571e-02
1.925658117980788286e-01,-2.341688406651787346e-02
1.925818622142629610e-01,-2.355592070424467055e-02
1.925979126185850820e-01,-2.369495734334081671e-02
1.926139630113702650e-01,-2.383399398376881417e-02
1.926300133929343683e-01,-2.397303062549213659e-02
1.926460637635848683e-01,-2.411206726847534010e-02
1.926621141236207480e-01,-2.425110391268389676e-02
1.926781644733326637e-01,-2.439014055808425008e-02
1.926942148130033894e-01,-2.452917720464373175e-02
1.927102651429080937e-01,-2.466821385233061714e-02
1.927263154633142850e-01,-2.480725050111398655e-02
1.927423657744820329e-01,-2.494628715096386395e-02
1.927584160766645238e-01,-2.508532380185099497e-02
1.927744663701078942e-01,-2.522436045374695790e-02
1.927905166550514526e-01,-2.536339710662413593e-02
1.928065669317280684e-01,-2.550243376045563393e-02
1.928226172003641714e-01,-2.564147041521527837e-02
1.928386674611800855e-01,-2.578050707087772841e-02
1.928547177143900837e-01,-2.591954372741819834e-02
1.928707679602023328e-01,-2.605858038481265182e-02
1.928868181988196151e-01,-2.619761704303769090e-02
1.929028684304389951e-01,-2.633665370207055600e-02
1.929189186552520974e-01,-2.647569036188912595e-02
1.929349688734454948e-01,-2.661472702247186239e-02
1.929510190852004869e-01,-2.675376368379783765e-02
1.929670692906933771e-01,-2.689280034584670687e-02
1.929831194900957503e-01,-2.703183700859865257e-02
1.929991696835744730e-01,-2.717087367203441239e-02
1.930152198712918044e-01,-2.730991033613527907e-02
1.930312700534055625e-01,-2.744894700088301720e-02
1.930473202300692914e-01,-2.758798366625989096e-02
1.930633704014322050e-01,-2.772702033224869189e-02
1.930794205676395758e-01,-2.786605699883262788e-02
1.930954707288326244e-01,-2.800509366599537864e-02
1.931115208851486853e-01,-2.814413033372115125e-02
1.931275710367213738e-01,-2.828316700199448586e-02
1.931436211836806416e-01,-2.842220367080039445e-02
1.931596713261528875e-01,-2.856124034012427759e-02
1.931757214642609577e-01,-2.870027700995195219e-02
1.931917715981244787e-01,-2.883931368026959596e-02
1.932078217278597465e-01,-2.897835035106380297e-02
1.932238718535797817e-01,-2.911738702232150033e-02
1.932399219753946074e-01,-2.925642369403003151e-02
1.932559720934112490e-01,-2.939546036617701752e-02
1.932720222077336791e-01,-2.953449703875046795e-02
1.932880723184630944e-01,-2.967353371173866994e-02
1.933041224256979718e-01,-2.981257038513027147e-02
1.933201725295340123e-01,-2.995160705891422581e-02
1.933362226300644193e-01,-3.009064373307979157e-02
1.933522727273796205e-01,-3.022968040761647712e-02
1.933683228215677119e-01,-3.036871708251415169e-02
1.933843729127144584e-01,-3.050775375776296205e-02
1.934004230009030711e-01,-3.064679043335324926e-02
1.934164730862146520e-01,-3.078582710927563193e-02
1.934325231687279711e-01,-3.092486378552106174e-02
1.934485732485198006e-01,-3.106390046208065692e-02
1.934646233256645254e-01,-3.120293713894578547e-02
1.934806734002346984e-01,-3.134197381610812072e-02
1.934967234723009855e-01,-3.148101049355953029e-02
1.935127735419317763e-01,-3.162004717129207609e-02
1.935288236091939618e-01,-3.175908384929804207e-02
1.935448736741523790e-01,-3.189812052756996197e-02
1.935609237368700886e-01,-3.203715720610050832e-02
1.935769737974085414e-01,-3.217619388488265897e-02
1.935930238558274119e-01,-3.231523056390947501e-02
1.936090739121847648e-01,-3.245426724317426737e-02
1.936251239665370549e-01,-3.259330392267051346e-02
1.936411740189392938e-01,-3.273234060239188503e-02
1.936572240694447722e-01,-3.287137728233219258e-02
1.936732741181055595e-01,-3.301041396248546866e-02
1.936893241649721153e-01,-3.314945064284585685e-02
1.937053742100936227e-01,-3.328848732340769501e-02
1.937214242535179320e-01,-3.342752400416545977e-02
1.937374742952914508e-01,-3.356656068511376656e-02
1.937535243354594761e-01,-3.370559736624739733e-02
1.937695743740659726e-01,-3.384463404756132832e-02
1.937856244111536841e-01,-3.398367072905056352e-02
1.938016744467642438e-01,-3.412270741071032898e-02
1.938177244809381194e-01,-3.426174409253593400e-02
1.938337745137147239e-01,-3.440078077452282668e-02
1.938498245451322488e-01,-3.453981745666662162e-02
1.938658745752279422e-01,-3.467885413896301672e-02
1.938819246040380528e-01,-3.481789082140776537e-02
1.938979746315977748e-01,-3.495692750399689852e-02
1.939140246579413585e-01,-3.509596418672641938e-02
1.939300746831021105e-01,-3.523500086959246991e-02
1.939461247071124494e-01,-3.537403755259133087e-02
1.939621747300039056e-01,-3.551307423571933852e-02
1.939782247518071212e-01,-3.565211091897299567e-02
1.939942747725519057e-01,-3.579114760234883286e-02
1.940103247922672358e-01,-3.593018428584346391e-02
1.940263748109813668e-01,-3.606922096945369693e-02
1.940424248287217213e-01,-3.620825765317634004e-02
1.940584748455149444e-01,-3.634729433700834011e-02
1.940745248613869045e-01,-3.648633102094667180e-02
1.940905748763629701e-01,-3.662536770498842076e-02
1.941066248904676772e-01,-3.676440438913075592e-02
1.941226749037247845e-01,-3.690344107337092949e-02
1.941387249161576067e-01,-3.704247775770627693e-02
1.941547749277887369e-01,-3.718151444213413370e-02
1.941708249386400464e-01,-3.732055112665202956e-02
1.941868749487329626e-01,-3.745958781125746651e-02
1.942029249580883021e-01,-3.759862449594805756e-02
1.942189749667262155e-01,-3.773766118072147124e-02
1.942350249746663537e-01,-3.787669786557543161e-02
1.942510749819278681e-01,-3.801573455050774597e-02
1.942671249885292994e-01,-3.815477123551624938e-02
1.942831749944887443e-01,-3.829380792059883243e-02
1.942992249998237997e-01,-3.843284460575349670e-02
1.943152750045516186e-01,-3.857188129097827156e-02
1.943313250086887434e-01,-3.871091797627124187e-02
1.943473750122514387e-01,-3.884995466163052025e-02
1.943634250152554144e-01,-3.898899134705430258e-02
1.943794750177159358e-01,-3.912802803254081252e-02
1.943955250196479356e-01,-3.926706471808832921e-02
1.944115750210659022e-01,-3.940610140369515957e-02
1.944276250219838797e-01,-3.954513808935974928e-02
1.944436750224155797e-01,-3.968417477508046076e-02
1.944597250223743801e-01,-3.982321146085576746e-02
1.944757750218731596e-01,-3.996224814668417058e-02
1.944918250209245192e-01,-4.010128483256419907e-02
1.945078750195407269e-01,-4.024032151849449290e-02
1.945239250177337731e-01,-4.037935820447363655e-02
1.945399750155151486e-01,-4.051839489050026999e-02
1.945560250128961777e-01,-4.065743157657314422e-02
1.945720750098878515e-01,-4.079646826269095472e-02
1.945881250065008283e-01,-4.093550494885248026e-02
1.946041750027454331e-01,-4.107454163505652733e-02
1.946202249986318245e-01,-4.121357832130193022e-02
1.946362749941697723e-01,-4.135261500758755093e-02
1.946523249893688801e-01,-4.149165169391230701e-02
1.946683749842383626e-01,-4.163068838027508822e-02
1.946844249787872128e-01,-4.176972506667486762e-02
1.947004749730243678e-01,-4.190876175311067375e-02
1.947165249669582099e-01,-4.204779843958147967e-02
1.947325749605971212e-01,-4.218683512608634167e-02
1.947486249539491510e-01,-4.232587181262431608e-02
1.947646749470221816e-01,-4.246490849919445920e-02
1.947807249398238738e-01,-4.260394518579596612e-02
1.947967749323616660e-01,-4.274298187242792091e-02
1.948128249246427190e-01,-4.288201855908949089e-02
1.948288749166741385e-01,-4.302105524577989892e-02
1.948449249084627521e-01,-4.316009193249834008e-02
1.948609749000152214e-01,-4.329912861924403722e-02
1.948770248913379299e-01,-4.343816530601626869e-02
1.948930748824372616e-01,-4.357720199281425733e-02
1.949091248733192672e-01,-4.371623867963735088e-02
1.949251748639899418e-01,-4.385527536648482771e-02
1.949412248544551141e-01,-4.399431205335606332e-02
1.949572748447203352e-01,-4.413334874025033605e-02
1.949733248347911563e-01,-4.427238542716707692e-02
1.949893748246728509e-01,-4.441142211410564755e-02
1.950054248143705815e-01,-4.455045880106545120e-02
1.950214748038894552e-01,-4.468949548804590499e-02
1.950375247932343570e-01,-4.482853217504641219e-02
1.950535747824100608e-01,-4.496756886206647319e-02
1.950696247714211184e-01,-4.510660554910554676e-02
1.950856747602720820e-01,-4.524564223616310554e-02
1.951017247489673923e-01,-4.538467892323863606e-02
1.951177747375112681e-01,-4.552371561033166647e-02
1.951338247259078729e-01,-4.566275229744162778e-02
1.951498747141612033e-01,-4.580178898456818692e-02
1.951659247022752564e-01,-4.594082567171080267e-02
1.951819746902537511e-01,-4.607986235886908644e-02
1.951980246781004624e-01,-4.621889904604255250e-02
1.952140746658190540e-01,-4.635793573323084005e-02
1.952301246534129120e-01,-4.649697242043350498e-02
1.952461746408855336e-01,-4.663600910765014484e-02
1.952622246282403051e-01,-4.677504579488042658e-02
1.952782746154802795e-01,-4.691408248212394771e-02
1.952943246026087321e-01,-4.705311916938034744e-02
1.953103745896286603e-01,-4.719215585664925106e-02
1.953264245765430618e-01,-4.733119254393035324e-02
1.953424745633548232e-01,-4.747022923122330706e-02
1.953585245500667200e-01,-4.760926591852780720e-02
1.953745745366815834e-01,-4.774830260584347896e-02
1.953906245232020222e-01,-4.788733929317004478e-02
1.954066745096305346e-01,-4.802637598050726875e-02
1.954227244959697851e-01,-4.816541266785476227e-02
1.954387744822221606e-01,-4.830444935521228944e-02
1.954548244683900482e-01,-4.844348604257954494e-02
1.954708744544757237e-01,-4.858252272995634835e-02
1.954869244404814632e-01,-4.872155941734233886e-02
1.955029744264094316e-01,-4.886059610473728054e-02
1.955190244122617937e-01,-4.899963279214097911e-02
1.955350743980406036e-01,-4.913866947955319864e-02
1.955511243837479152e-01,-4.927770616697363382e-02
1.955671743693856157e-01,-4.941674285440210423e-02
1.955832243549557037e-01,-4.955577954183841560e-02
1.955992743404599554e-01,-4.969481622928227649e-02
1.956153243259002028e-01,-4.983385291673357587e-02
1.956313743112781667e-01,-4.997288960419202231e-02
1.956474242965956234e-01,-5.011192629165747703e-02
1.956634742818542383e-01,-5.025096297912973187e-02
1.956795242670555102e-01,-5.038999966660859253e-02
1.956955742522010488e-01,-5.052903635409387861e-02
1.957116242372924642e-01,-5.066807304158545133e-02
1.957276742223311439e-01,-5.080710972908307477e-02
1.957437242073185868e-01,-5.094614641658663790e-02
1.957597741922561807e-01,-5.108518310409594643e-02
1.957758241771452579e-01,-5.122421979161081995e-02
1.957918741619872061e-01,-5.136325647913114745e-02
1.958079241467833020e-01,-5.150229316665677626e-02
1.958239741315347671e-01,-5.164132985418756761e-02
1.958400241162428779e-01,-5.178036654172336883e-02
1.958560741009088002e-01,-5.191940322926404117e-02
1.958721240855336998e-01,-5.205843991680945970e-02
1.958881740701186314e-01,-5.219747660435945791e-02
1.959042240546647051e-01,-5.233651329191393864e-02
1.959202740391730868e-01,-5.247554997947276312e-02
1.959363240236447201e-01,-5.261458666703586196e-02
1.959523740080806598e-01,-5.275362335460309637e-02
1.959684239924818494e-01,-5.289266004217431372e-02
1.959844739768491773e-01,-5.303169672974943072e-02
1.960005239611837535e-01,-5.317073341732835023e-02
1.960165739454862999e-01,-5.330977010491096124e-02
1.960326239297577600e-01,-5.344880679249713884e-02
1.960486739139990220e-01,-5.358784348008682752e-02
1.960647238982109186e-01,-5.372688016767990238e-02
1.960807738823941715e-01,-5.386591685527630791e-02
1.960968238665495578e-01,-5.400495354287589145e-02
1.961128738506779101e-01,-5.414399023047859749e-02
1.961289238347799502e-01,-5.428302691808438440e-02
1.961449738188563996e-01,-5.442206360569308565e-02
1.961610238029079800e-01,-5.456110029330465960e-02
1.961770737869353576e-01,-5.470013698091902299e-02
1.961931237709391429e-01,-5.483917366853610642e-02
1.962091737549200576e-01,-5.497821035615588214e-02
1.962252237388787124e-01,-5.511724704377816975e-02
1.962412737228156623e-01,-5.525628373140296923e-02
1.962573237067315179e-01,-5.539532041903021120e-02
1.962733736906270010e-01,-5.553435710665984015e-02
1.962894236745024446e-01,-5.567339379429174506e-02
1.963054736583585702e-01,-5.581243048192588430e-02
1.963215236421957666e-01,-5.595146716956223010e-02
1.963375736260146442e-01,-5.609050385720065757e-02
1.963536236098157028e-01,-5.622954054484113895e-02
1.963696735935994420e-01,-5.636857723248366037e-02
1.963857235773662502e-01,-5.650761392012808304e-02
1.964017735611166826e-01,-5.664665060777444860e-02
1.964178235448511278e-01,-5.678568729542264604e-02
1.964338735285700854e-01,-5.692472398307260595e-02
1.964499235122739440e-01,-5.706376067072430058e-02
1.964659734959631476e-01,-5.720279735837774382e-02
1.964820234796380294e-01,-5.734183404603279688e-02
1.964980734632989778e-01,-5.748087073368947364e-02
1.965141234469464926e-01,-5.761990742134771859e-02
1.965301734305807957e-01,-5.775894410900743459e-02
1.965462234142023312e-01,-5.789798079666864938e-02
1.965622733978114878e-01,-5.803701748433132135e-02
1.965783233814085429e-01,-5.817605417199536721e-02
1.965943733649938296e-01,-5.831509085966080086e-02
1.966104233485676256e-01,-5.845412754732753902e-02
1.966264733321303748e-01,-5.859316423499551230e-02
1.966425233156822439e-01,-5.873220092266477621e-02
1.966585732992236213e-01,-5.887123761033526137e-02
1.966746232827548402e-01,-5.901027429800691226e-02
1.966906732662760116e-01,-5.914931098567974277e-02
1.967067232497875240e-01,-5.928834767335364186e-02
1.967227732332896550e-01,-5.942738436102865118e-02
1.967388232167825712e-01,-5.956642104870471521e-02
1.967548732002666056e-01,-5.970545773638182008e-02
1.967709231837419803e-01,-5.984449442405993802e-02
1.967869731672089173e-01,-5.998353111173899965e-02
1.968030231506676941e-01,-6.012256779941900497e-02
1.968190731341184774e-01,-6.026160448709994011e-02
1.968351231175614890e-01,-6.040064117478177730e-02
1.968511731009970067e-01,-6.053967786246447491e-02
1.968672230844251969e-01,-6.067871455014803295e-02
1.968832730678462262e-01,-6.081775123783239589e-02
1.968993230512603165e-01,-6.095678792551754988e-02
1.969153730346676345e-01,-6.109582461320349489e-02
1.969314230180684022e-01,-6.123486130089021706e-02
1.969474730014628416e-01,-6.137389798857766088e-02
1.969635229848510083e-01,-6.151293467626581246e-02
1.969795729682331797e-01,-6.165197136395467181e-02
1.969956229516094670e-01,-6.179100805164419730e-02
1.970116729349800366e-01,-6.193004473933441667e-02
1.970277229183450551e-01,-6.206908142702523279e-02
1.970437729017046891e-01,-6.220811811471670116e-02
1.970598228850590494e-01,-6.234715480240878016e-02
1.970758728684083583e-01,-6.248619149010144203e-02
1.970919228517526156e-01,-6.262522817779464512e-02
1.971079728350920990e-01,-6.276426486548841721e-02
1.971240228184268084e-01,-6.290330155318274441e-02
1.971400728017569659e-01,-6.304233824087762672e-02
1.971561227850827380e-01,-6.318137492857299475e-02
1.971721727684041248e-01,-6.332041161626887626e-02
1.971882227517212927e-01,-6.345944830396520187e-02
1.972042727350344082e-01,-6.359848499166205482e-02
1.972203227183435270e-01,-6.373752167935933799e-02
1.972363727016488155e-01,-6.387655836705707912e-02
1.972524226849502738e-01,-6.401559505475526435e-02
1.972684726682481793e-01,-6.415463174245381039e-02
1.972845226515424211e-01,-6.429366843015281441e-02
1.973005726348332212e-01,-6.443270511785222088e-02
1.973166226181206351e-01,-6.457174180555201592e-02
1.973326726014048293e-01,-6.471077849325219955e-02
1.973487225846858040e-01,-6.484981518095273012e-02
1.973647725679636700e-01,-6.498885186865360764e-02
1.973808225512385384e-01,-6.512788855635484597e-02
1.973968725345104092e-01,-6.526692524405641738e-02
1.974129225177795044e-01,-6.540596193175834960e-02
1.974289725010458241e-01,-6.554499861946057326e-02
1.974450224843094237e-01,-6.568403530716311611e-02
1.974610724675703588e-01,-6.582307199486596427e-02
1.974771224508288514e-01,-6.596210868256908999e-02
1.974931724340847905e-01,-6.610114537027250714e-02
1.975092224173383426e-01,-6.624018205797621572e-02
1.975252724005895077e-01,-6.637921874568020186e-02
1.975413223838383969e-01,-6.651825543338443780e-02
1.975573723670850657e-01,-6.665729212108890966e-02
1.975734223503296250e-01,-6.679632880879367296e-02
1.975894723335720193e-01,-6.693536549649865830e-02
1.976055223168124153e-01,-6.707440218420392120e-02
1.976215723000507574e-01,-6.721343887190933675e-02
1.976376222832872120e-01,-6.735247555961501598e-02
1.976536722665218349e-01,-6.749151224732091725e-02
1.976697222497546258e-01,-6.763054893502701281e-02
1.976857722329855849e-01,-6.776958562273331654e-02
1.977018222162148231e-01,-6.790862231043985620e-02
1.977178721994423960e-01,-6.804765899814656238e-02
1.977339221826683036e-01,-6.818669568585343510e-02
1.977499721658926013e-01,-6.832573237356048823e-02
1.977660221491154002e-01,-6.846476906126774953e-02
1.977820721323366449e-01,-6.860380574897517736e-02
1.977981221155565017e-01,-6.874284243668279948e-02
1.978141720987748597e-01,-6.888187912439054650e-02
1.978302220819918855e-01,-6.902091581209844617e-02
1.978462720652075235e-01,-6.915995249980651238e-02
1.978623220484218848e-01,-6.929898918751477288e-02
1.978783720316349692e-01,-6.943802587522313052e-02
1.978944220148468325e-01,-6.957706256293166858e-02
1.979104719980574745e-01,-6.971609925064031765e-02
1.979265219812668952e-01,-6.985513593834907775e-02
1.979425719644752057e-01,-6.999417262605800438e-02
1.979586219476824061e-01,-7.013320931376705591e-02
1.979746719308885516e-01,-7.027224600147623235e-02
1.979907219140936425e-01,-7.041128268918554756e-02
1.980067718972976787e-01,-7.055031937689497379e-02
1.980228218805007157e-01,-7.068935606460446941e-02
1.980388718637028644e-01,-7.082839275231411769e-02
1.980549218469040140e-01,-7.096742944002387699e-02
1.980709718301042754e-01,-7.110646612773371955e-02
1.980870218133036487e-01,-7.124550281544368702e-02
1.981030717965021892e-01,-7.138453950315372387e-02
1.981191217796997861e-01,-7.152357619086389950e-02
1.981351717628966613e-01,-7.166261287857415840e-02
1.981512217460927039e-01,-7.180164956628448669e-02
1.981672717292879693e-01,-7.194068625399491212e-02
1.981833217124825131e-01,-7.207972294170544858e-02
1.981993716956762797e-01,-7.221875962941604055e-02
1.982154216788693801e-01,-7.235779631712672966e-02
1.982314716620617590e-01,-7.249683300483748816e-02
1.982475216452534716e-01,-7.263586969254832992e-02
1.982635716284445182e-01,-7.277490638025925496e-02
1.982796216116350096e-01,-7.291394306797024938e-02
1.982956715948247794e-01,-7.305297975568128543e-02
1.983117215780139941e-01,-7.319201644339243251e-02
1.983277715612025982e-01,-7.333105313110363510e-02
1.983438215443906472e-01,-7.347008981881487932e-02
1.983598715275781410e-01,-7.360912650652619293e-02
1.983759215107650797e-01,-7.374816319423761757e-02
1.983919714939515189e-01,-7.388719988194904220e-02
1.984080214771374584e-01,-7.402623656966056398e-02
1.984240714603228983e-01,-7.416527325737212739e-02
1.984401214435078387e-01,-7.430430994508374631e-02
1.984561714266922794e-01,-7.444334663279544850e-02
1.984722214098763315e-01,-7.458238332050717845e-02
1.984882713930599396e-01,-7.472142000821895003e-02
1.985043213762431036e-01,-7.486045669593076324e-02
1.985203713594258235e-01,-7.499949338364265972e-02
1.985364213426081548e-01,-7.513853007135461171e-02
1.985524713257900420e-01,-7.527756675906657757e-02
1.985685213089715961e-01,-7.541660344677855732e-02
1.985845712921527617e-01,-7.555564013449064809e-02
1.986006212753335387e-01,-7.569467682220273885e-02
1.986166712585139826e-01,-7.583371350991487125e-02
1.986327212416940380e-01,-7.597275019762707304e-02
1.986487712248738158e-01,-7.611178688533927483e-02
1.986648212080532605e-01,-7.625082357305153213e-02
1.986808711912324277e-01,-7.638986026076383107e-02
1.986969211744112063e-01,-7.652889694847614388e-02
1.987129711575897073e-01,-7.666793363618851220e-02
1.987290211407679308e-01,-7.680697032390093604e-02
1.987450711239458767e-01,-7.694600701161334599e-02
1.987611211071235451e-01,-7.708504369932582534e-02
1.987771710903008804e-01,-7.722408038703830468e-02
1.987932210734779936e-01,-7.736311707475083954e-02
1.988092710566548849e-01,-7.750215376246341603e-02
1.988253210398314985e-01,-7.764119045017600640e-02
1.988413710230078901e-01,-7.778022713788859677e-02
1.988574210061840042e-01,-7.791926382560124265e-02
1.988734709893599517e-01,-7.805830051331390240e-02
1.988895209725356772e-01,-7.819733720102660379e-02
1.989055709557111806e-01,-7.833637388873933294e-02
1.989216209388864065e-01,-7.847541057645206208e-02
1.989376709220614659e-01,-7.861444726416477735e-02
1.989537209052363587e-01,-7.875348395187758976e-02
1.989697708884110294e-01,-7.889252063959040218e-02
1.989858208715855337e-01,-7.903155732730321459e-02
1.990018708547598159e-01,-7.917059401501608251e-02
1.990179208379339315e-01,-7.930963070272893656e-02
1.990339708211079361e-01,-7.944866739044183224e-02
1.990500208042816632e-01,-7.958770407815472792e-02
1.990660707874553348e-01,-7.972674076586767911e-02
1.990821207706288398e-01,-7.986577745358061642e-02
1.990981707538021228e-01,-8.000481414129359536e-02
1.991142207369752948e-01,-8.014385082900657431e-02
1.991302707201483557e-01,-8.028288751671955326e-02
1.991463207033211946e-01,-8.042192420443257383e-02
1.991623706864939225e-01,-8.056096089214560829e-02
1.991784206696665394e-01,-8.069999757985864275e-02
1.991944706528389897e-01,-8.083903426757173272e-02
1.992105206360113290e-01,-8.097807095528478105e-02
1.992265706191835573e-01,-8.111710764299784326e-02
1.992426206023556745e-01,-8.125614433071098874e-02
1.992586705855276252e-01,-8.139518101842407871e-02
1.992747205686995204e-01,-8.153421770613721031e-02
1.992907705518713601e-01,-8.167325439385035579e-02
1.993068205350429778e-01,-8.181229108156350127e-02
1.993228705182145399e-01,-8.195132776927667451e-02
1.993389205013859911e-01,-8.209036445698983386e-02
1.993549704845573312e-01,-8.222940114470303485e-02
1.993710204677285602e-01,-8.236843783241626360e-02
1.993870704508997338e-01,-8.250747452012949235e-02
1.994031204340707963e-01,-8.264651120784267946e-02
1.994191704172417479e-01,-8.278554789555593596e-02
1.994352204004126439e-01,-8.292458458326919246e-02
1.994512703835834289e-01,-8.306362127098244896e-02
1.994673203667541583e-01,-8.320265795869569159e-02
1.994833703499248878e-01,-8.334169464640897584e-02
1.994994203330954508e-01,-8.348073133412226010e-02
1.995154703162659582e-01,-8.361976802183554436e-02
1.995315202994363546e-01,-8.375880470954881474e-02
1.995475702826066955e-01,-8.389784139726212675e-02
1.995636202657769809e-01,-8.403687808497546652e-02
1.995796702489472108e-01,-8.417591477268880629e-02
1.995957202321173296e-01,-8.431495146040211830e-02
1.996117702152874485e-01,-8.445398814811541643e-02
1.996278201984574563e-01,-8.459302483582878396e-02
1.996438701816274086e-01,-8.473206152354215148e-02
1.996599201647973054e-01,-8.487109821125551901e-02
1.996759701479671467e-01,-8.501013489896887265e-02
1.996920201311370435e-01,-8.514917158668224018e-02
1.997080701143067738e-01,-8.528820827439560770e-02
1.997241200974764486e-01,-8.542724496210900298e-02
1.997401700806460678e-01,-8.556628164982238438e-02
1.997562200638156871e-01,-8.570531833753575190e-02
1.997722700469851953e-01,-8.584435502524917494e-02
1.997883200301547035e-01,-8.598339171296259797e-02
1.998043700133241563e-01,-8.612242840067600713e-02
1.998204199964935535e-01,-8.626146508838943017e-02
1.998364699796628952e-01,-8.640050177610285320e-02
1.998525199628322369e-01,-8.653953846381627624e-02
1.998685699460015230e-01,-8.667857515152968539e-02
1.998846199291707537e-01,-8.681761183924310843e-02
1.999006699123399844e-01,-8.695664852695658698e-02
1.999167198955091596e-01,-8.709568521467001001e-02
1.999327698786782792e-01,-8.723472190238341917e-02
1.999488198618473433e-01,-8.737375859009689771e-02
1.999648698450164075e-01,-8.751279527781037626e-02
1.999809198281854716e-01,-8.765183196552385481e-02
1.999969698113544248e-01,-8.779086865323726396e-02
2.000130197945233779e-01,-8.792990534095074251e-02
2.000290697776923310e-01,-8.806894202866422106e-02
2.000451197608612286e-01,-8.820797871637769960e-02
2.000611697440300707e-01,-8.834701540409116427e-02
2.000772197271989128e-01,-8.848605209180464282e-02
2.000932697103678104e-01,-8.862508877951812136e-02
2.001093196935365970e-01,-8.876412546723165542e-02
2.001253696767053281e-01,-8.890316215494513397e-02
2.001414196598740591e-01,-8.904219884265859863e-02
2.001574696430427902e-01,-8.918123553037213269e-02
2.001735196262114658e-01,-8.932027221808561124e-02
2.001895696093801413e-01,-8.945930890579914530e-02
2.002056195925487614e-01,-8.959834559351260996e-02
2.002216695757173814e-01,-8.973738228122608851e-02
2.002377195588860015e-01,-8.987641896893962257e-02
2.002537695420545660e-01,-9.001545565665315662e-02
2.002698195252231306e-01,-9.015449234436662129e-02
2.002858695083916396e-01,-9.029352903208015535e-02
2.003019194915602041e-01,-9.043256571979368941e-02
2.003179694747287132e-01,-9.057160240750722346e-02
2.003340194578971667e-01,-9.071063909522074364e-02
2.003500694410656202e-01,-9.084967578293427770e-02
2.003661194242340737e-01,-9.098871247064781176e-02
2.003821694074025273e-01,-9.112774915836129030e-02
2.003982193905709253e-01,-9.126678584607486600e-02
2.004142693737393233e-01,-9.140582253378834454e-02
2.004303193569076658e-01,-9.154485922150193411e-02
2.004463693400760638e-01,-9.168389590921541266e-02
2.004624193232444063e-01,-9.182293259692898835e-02
2.004784693064127488e-01,-9.196196928464252240e-02
2.004945192895810913e-01,-9.210100597235605646e-02
2.005105692727494338e-01,-9.224004266006959052e-02
2.005266192559177207e-01,-9.237907934778311070e-02
2.005426692390860077e-01,-9.251811603549670027e-02
2.005587192222542947e-01,-9.265715272321023432e-02
2.005747692054225262e-01,-9.279618941092376838e-02
2.005908191885907577e-01,-9.293522609863734407e-02
2.006068691717589891e-01,-9.307426278635087813e-02
2.006229191549272206e-01,-9.321329947406441219e-02
2.006389691380954521e-01,-9.335233616177800176e-02
2.006550191212636280e-01,-9.349137284949153581e-02
2.006710691044318595e-01,-9.363040953720511150e-02
2.006871190876000355e-01,-9.376944622491864556e-02
2.007031690707682670e-01,-9.390848291263223513e-02
2.007192190539364429e-01,-9.404751960034576919e-02
2.007352690371045634e-01,-9.418655628805928937e-02
2.007513190202726838e-01,-9.432559297577287893e-02
2.007673690034408598e-01,-9.446462966348646850e-02
2.007834189866089802e-01,-9.460366635120000256e-02
2.007994689697771007e-01,-9.474270303891357825e-02
2.008155189529452211e-01,-9.488173972662711231e-02
2.008315689361133416e-01,-9.502077641434070188e-02
2.008476189192814065e-01,-9.515981310205429144e-02
2.008636689024494715e-01,-9.529884978976781162e-02
2.008797188856175919e-01,-9.543788647748140119e-02
2.008957688687857124e-01,-9.557692316519499076e-02
2.009118188519537773e-01,-9.571595985290852482e-02
2.009278688351218423e-01,-9.585499654062210051e-02
2.009439188182899072e-01,-9.599403322833569008e-02
2.009599688014579721e-01,-9.613306991604927965e-02
2.009760187846259816e-01,-9.627210660376281370e-02
2.009920687677940465e-01,-9.641114329147638939e-02
2.010081187509620559e-01,-9.655017997918997896e-02
2.010241687341301209e-01,-9.668921666690351302e-02
2.010402187172981303e-01,-9.682825335461710259e-02
2.010562687004661397e-01,-9.696729004233067828e-02
2.010723186836341492e-01,-9.710632673004426785e-02
2.010883686668021586e-01,-9.724536341775785742e-02
2.011044186499702235e-01,-9.738440010547144698e-02
2.011204686331382330e-01,-9.752343679318502268e-02
2.011365186163062424e-01,-9.766247348089861224e-02
2.011525685994741963e-01,-9.780151016861214630e-02
2.011686185826422057e-01,-9.794054685632573587e-02
2.011846685658101597e-01,-9.807958354403932544e-02
2.012007185489781691e-01,-9.821862023175290113e-02
2.012167685321461230e-01,-9.835765691946649070e-02
2.012328185153140769e-01,-9.849669360718008027e-02
2.012488684984820309e-01,-9.863573029489366983e-02
2.012649184816499848e-01,-9.877476698260724552e-02
2.012809684648179942e-01,-9.891380367032083509e-02
2.012970184479860036e-01,-9.905284035803436915e-02
2.013130684311539575e-01,-9.919187704574795872e-02
2.013291184143218560e-01,-9.933091373346153441e-02
2.013451683974898099e-01,-9.946995042117512398e-02
2.013612183806577638e-01,-9.960898710888871355e-02
2.013772683638257177e-01,-9.974802379660230311e-02
2.013933183469936716e-01,-9.988706048431587881e-02
2.014093683301615700e-01,-1.000260971720294684e-01
2.014254183133295240e-01,-1.001651338597430579e-01
2.014414682964974224e-01,-1.003041705474566475e-01
2.014575182796653763e-01,-1.004432072351702232e-01
2.014735682628332747e-01,-1.005822439228838128e-01
2.014896182460011731e-01,-1.007212806105974023e-01
2.015056682291691825e-01,-1.008603172983109919e-01
2.015217182123370809e-01,-1.009993539860245676e-01
2.015377681955049793e-01,-1.011383906737381572e-01
2.015538181786729333e-01,-1.012774273614517467e-01
2.015698681618408317e-01,-1.014164640491653363e-01
2.015859181450087301e-01,-1.015555007368789120e-01
2.016019681281766285e-01,-1.016945374245925016e-01
2.016180181113445269e-01,-1.018335741123060911e-01
2.016340680945124253e-01,-1.019726108000196807e-01
2.016501180776803237e-01,-1.021116474877332564e-01
2.016661680608482221e-01,-1.022506841754468460e-01
2.016822180440161205e-01,-1.023897208631604355e-01
2.016982680271840189e-01,-1.025287575508740251e-01
2.017143180103519728e-01,-1.026677942385876147e-01
2.017303679935198713e-01,-1.028068309263011904e-01
2.017464179766877697e-01,-1.029458676140147799e-01
2.017624679598556126e-01,-1.030849043017283695e-01
2.017785179430235110e-01,-1.032239409894420146e-01
2.017945679261914094e-01,-1.033629776771555903e-01
2.018106179093592523e-01,-1.035020143648691798e-01
2.018266678925271507e-01,-1.036410510525827694e-01
2.018427178756950491e-01,-1.037800877402963590e-01
2.018587678588629475e-01,-1.039191244280099902e-01
2.018748178420307904e-01,-1.040581611157235797e-01
2.018908678251986888e-01,-1.041971978034371693e-01
2.019069178083665872e-01,-1.043362344911507589e-01
2.019229677915344856e-01,-1.044752711788643346e-01
2.019390177747023840e-01,-1.046143078665779241e-01
2.019550677578702269e-01,-1.047533445542915137e-01
2.019711177410380698e-01,-1.048923812420051588e-01
2.019871677242059682e-01,-1.050314179297187345e-01
2.020032177073738111e-01,-1.051704546174323240e-01
2.020192676905417095e-01,-1.053094913051459136e-01
2.020353176737095524e-01,-1.054485279928595032e-01
2.020513676568774508e-01,-1.055875646805731344e-01
2.020674176400452937e-01,-1.057266013682867239e-01
2.020834676232131366e-01,-1.058656380560003135e-01
2.020995176063810350e-01,-1.060046747437138892e-01
2.021155675895489334e-01,-1.061437114314274788e-01
2.021316175727167763e-01,-1.062827481191410683e-01
2.021476675558846747e-01,-1.064217848068546579e-01
2.021637175390525176e-01,-1.065608214945682475e-01
2.021797675222203605e-01,-1.066998581822818370e-01
2.021958175053882589e-01,-1.068388948699954683e-01
2.022118674885561018e-01,-1.069779315577090578e-01
2.022279174717239447e-01,-1.071169682454226335e-01
2.022439674548917876e-01,-1.072560049331362231e-01
2.022600174380596860e-01,-1.073950416208498126e-01
2.022760674212275289e-01,-1.075340783085634577e-01
2.022921174043953718e-01,-1.076731149962770473e-01
2.023081673875632702e-01,-1.078121516839906369e-01
2.023242173707311686e-01,-1.079511883717042264e-01
2.023402673538990115e-01,-1.080902250594178021e-01
2.023563173370668544e-01,-1.082292617471313917e-01
2.023723673202346973e-01,-1.083682984348449674e-01
2.023884173034025402e-01,-1.085073351225586125e-01
2.024044672865703831e-01,-1.086463718102722020e-01
2.024205172697382260e-01,-1.087854084979857916e-01
2.024365672529060689e-01,-1.089244451856993812e-01
2.024526172360739673e-01,-1.090634818734129707e-01
2.024686672192418102e-01,-1.092025185611266019e-01
2.024847172024096531e-01,-1.093415552488401915e-01
2.025007671855774960e-01,-1.094805919365537672e-01
2.025168171687453944e-01,-1.096196286242673568e-01
2.025328671519132373e-01,-1.097586653119809463e-01
2.025489171350810802e-01,-1.098977019996945359e-01
2.025649671182489231e-01,-1.100367386874081255e-01
2.025810171014167660e-01,-1.101757753751217705e-01
2.025970670845846089e-01,-1.103148120628353462e-01
2.026131170677524518e-01,-1.104538487505489358e-01
2.026291670509202947e-01,-1.105928854382625115e-01
2.026452170340881376e-01,-1.107319221259761011e-01
2.026612670172559805e-01,-1.108709588136897461e-01
2.026773170004238234e-01,-1.110099955014033357e-01
2.026933669835916663e-01,-1.111490321891169253e-01
2.027094169667595647e-01,-1.112880688768305149e-01
2.027254669499274076e-01,-1.114271055645440905e-01
2.027415169330952505e-01,-1.115661422522576801e-01
2.027575669162630934e-01,-1.117051789399712558e-01
2.027736168994309363e-01,-1.118442156276848454e-01
2.027896668825987792e-01,-1.119832523153984905e-01
2.028057168657666220e-01,-1.121222890031120800e-01
2.028217668489344649e-01,-1.122613256908256696e-01
2.028378168321023078e-01,-1.124003623785392592e-01
2.028538668152701507e-01,-1.125393990662529042e-01
2.028699167984379936e-01,-1.126784357539664799e-01
2.028859667816058365e-01,-1.128174724416800695e-01
2.029020167647736794e-01,-1.129565091293936452e-01
2.029180667479415778e-01,-1.130955458171072348e-01
2.029341167311094207e-01,-1.132345825048208798e-01
2.029501667142772636e-01,-1.133736191925344694e-01
2.029662166974451065e-01,-1.135126558802480590e-01
2.029822666806129494e-01,-1.136516925679616485e-01
2.029983166637807923e-01,-1.137907292556752797e-01
2.030143666469485797e-01,-1.139297659433888693e-01
2.030304166301164226e-01,-1.140688026311024450e-01
2.030464666132842655e-01,-1.142078393188160346e-01
2.030625165964521084e-01,-1.143468760065296241e-01
2.030785665796199513e-01,-1.144859126942432137e-01
2.030946165627877942e-01,-1.146249493819568588e-01
2.031106665459556926e-01,-1.147639860696704484e-01
2.031267165291235355e-01,-1.149030227573840240e-01
2.031427665122913784e-01,-1.150420594450976136e-01
2.031588164954592213e-01,-1.151810961328112448e-01
2.031748664786270642e-01,-1.153201328205248344e-01
2.031909164617949071e-01,-1.154591695082384240e-01
2.032069664449627500e-01,-1.155982061959520135e-01
2.032230164281305373e-01,-1.157372428836656031e-01
2.032390664112983802e-01,-1.158762795713791927e-01
2.032551163944662231e-01,-1.160153162590928239e-01
2.032711663776340660e-01,-1.161543529468064134e-01
2.032872163608019089e-01,-1.162933896345199891e-01
2.033032663439697518e-01,-1.164324263222335787e-01
2.033193163271376502e-01,-1.165714630099472238e-01
2.033353663103054376e-01,-1.167104996976608133e-01
2.033514162934732805e-01,-1.168495363853744029e-01
2.033674662766411234e-01,-1.169885730730879925e-01
2.033835162598089663e-01,-1.171276097608015820e-01
2.033995662429768092e-01,-1.172666464485152132e-01
2.034156162261446521e-01,-1.174056831362288028e-01
2.034316662093124950e-01,-1.175447198239423785e-01
2.034477161924803379e-01,-1.176837565116559681e-01
2.034637661756481808e-01,-1.178227931993695576e-01
2.034798161588159682e-01,-1.179618298870832027e-01
2.034958661419838111e-01,-1.181008665747967923e-01
2.035119161251516540e-01,-1.182399032625103819e-01
2.035279661083195524e-01,-1.183789399502239575e-01
2.035440160914873953e-01,-1.185179766379375471e-01
2.035600660746552382e-01,-1.186570133256511783e-01
2.035761160578230256e-01,-1.187960500133647679e-01
2.035921660409908684e-01,-1.189350867010783575e-01
2.036082160241587113e-01,-1.190741233887919470e-01
2.036242660073265542e-01,-1.192131600765055921e-01
2.036403159904943971e-01,-1.193521967642191817e-01
2.036563659736622400e-01,-1.194912334519327574e-01
2.036724159568300829e-01,-1.196302701396463469e-01
2.036884659399979258e-01,-1.197693068273599226e-01
2.037045159231657132e-01,-1.199083435150735122e-01
2.037205659063336116e-01,-1.200473802027871573e-01
2.037366158895014545e-01,-1.201864168905007468e-01
2.037526658726692974e-01,-1.203254535782143364e-01
2.037687158558371403e-01,-1.204644902659279260e-01
2.037847658390049277e-01,-1.206035269536415572e-01
2.038008158221727706e-01,-1.207425636413551467e-01
2.038168658053406135e-01,-1.208816003290687224e-01
2.038329157885084564e-01,-1.210206370167823120e-01
2.038489657716762993e-01,-1.211596737044959016e-01
2.038650157548441422e-01,-1.212987103922095466e-01
2.038810657380119851e-01,-1.214377470799231362e-01
2.038971157211797725e-01,-1.215767837676367258e-01
2.039131657043476153e-01,-1.217158204553503154e-01
2.039292156875155138e-01,-1.218548571430638910e-01
2.039452656706833567e-01,-1.219938938307775361e-01
2.039613156538511995e-01,-1.221329305184911118e-01
2.039773656370190424e-01,-1.222719672062047014e-01
2.039934156201868298e-01,-1.224110038939182910e-01
2.040094656033546727e-01,-1.225500405816318805e-01
2.040255155865225156e-01,-1.226890772693455256e-01
2.040415655696903585e-01,-1.228281139570591152e-01
2.040576155528582014e-01,-1.229671506447726909e-01
2.040736655360260443e-01,-1.231061873324862804e-01
2.040897155191938317e-01,-1.232452240201999116e-01
2.041057655023616746e-01,-1.233842607079135012e-01
2.041218154855295730e-01,-1.235232973956270908e-01
2.041378654686974159e-01,-1.236623340833406803e-01
2.041539154518652588e-01,-1.238013707710542699e-01
2.041699654350330462e-01,-1.239404074587678595e-01
2.041860154182008891e-01,-1.240794441464814907e-01
2.042020654013687320e-01,-1.242184808341950802e-01
2.042181153845365749e-01,-1.243575175219086559e-01
2.042341653677044178e-01,-1.244965542096222455e-01
2.042502153508722607e-01,-1.246355908973358906e-01
2.042662653340401036e-01,-1.247746275850494801e-01
2.042823153172078909e-01,-1.249136642727630697e-01
2.042983653003757338e-01,-1.250527009604766593e-01
2.043144152835435767e-01,-1.251917376481902489e-01
2.043304652667114751e-01,-1.253307743359038939e-01
2.043465152498793180e-01,-1.254698110236174557e-01
2.043625652330471054e-01,-1.256088477113310453e-01
2.043786152162149483e-01,-1.257478843990446349e-01
2.043946651993827912e-01,-1.258869210867582245e-01
2.044107151825506341e-01,-1.260259577744718695e-01
2.044267651657184770e-01,-1.261649944621854591e-01
2.044428151488863199e-01,-1.263040311498990487e-01
2.044588651320541073e-01,-1.264430678376126105e-01
2.044749151152219502e-01,-1.265821045253262001e-01
2.044909650983897931e-01,-1.267211412130398451e-01
2.045070150815576360e-01,-1.268601779007534347e-01
2.045230650647255344e-01,-1.269992145884670243e-01
2.045391150478933218e-01,-1.271382512761806138e-01
2.045551650310611647e-01,-1.272772879638942034e-01
2.045712150142290076e-01,-1.274163246516077930e-01
2.045872649973968505e-01,-1.275553613393214381e-01
2.046033149805646933e-01,-1.276943980270350276e-01
2.046193649637325362e-01,-1.278334347147485894e-01
2.046354149469003236e-01,-1.279724714024621790e-01
2.046514649300681665e-01,-1.281115080901757686e-01
2.046675149132360094e-01,-1.282505447778893581e-01
2.046835648964038523e-01,-1.283895814656029477e-01
2.046996148795716952e-01,-1.285286181533165928e-01
2.047156648627394826e-01,-1.286676548410301546e-01
2.047317148459073810e-01,-1.288066915287437442e-01
2.047477648290752239e-01,-1.289457282164573337e-01
2.047638148122430668e-01,-1.290847649041709233e-01
2.047798647954109097e-01,-1.292238015918845684e-01
2.047959147785787526e-01,-1.293628382795981580e-01
2.048119647617465400e-01,-1.295018749673117475e-01
2.048280147449143829e-01,-1.296409116550253371e-01
2.048440647280822258e-01,-1.297799483427389267e-01
2.048601147112500687e-01,-1.299189850304525162e-01
2.048761646944179116e-01,-1.300580217181660780e-01
2.048922146775856989e-01,-1.301970584058797231e-01
2.049082646607535418e-01,-1.303360950935933127e-01
2.049243146439214402e-01,-1.304751317813069023e-01
2.049403646270892831e-01,-1.306141684690204918e-01
2.049564146102571260e-01,-1.307532051567340814e-01
2.049724645934249689e-01,-1.308922418444477265e-01
2.049885145765927563e-01,-1.310312785321612883e-01
2.050045645597605992e-01,-1.311703152198748779e-01
2.050206145429284421e-01,-1.313093519075884674e-01
2.050366645260962850e-01,-1.314483885953020570e-01
2.050527145092641279e-01,-1.315874252830156466e-01
2.050687644924319153e-01,-1.317264619707292361e-01
2.050848144755997582e-01,-1.318654986584428812e-01
2.051008644587676011e-01,-1.320045353461564708e-01
2.051169144419354440e-01,-1.321435720338700603e-01
2.051329644251033424e-01,-1.322826087215836499e-01
2.051490144082711853e-01,-1.324216454092972117e-01
2.051650643914389727e-01,-1.325606820970108568e-01
2.051811143746068156e-01,-1.326997187847244464e-01
2.051971643577746585e-01,-1.328387554724380359e-01
2.052132143409425014e-01,-1.329777921601516255e-01
2.052292643241103443e-01,-1.331168288478652151e-01
2.052453143072781316e-01,-1.332558655355787769e-01
2.052613642904459745e-01,-1.333949022232923665e-01
2.052774142736138174e-01,-1.335339389110060115e-01
2.052934642567816603e-01,-1.336729755987196011e-01
2.053095142399495032e-01,-1.338120122864331907e-01
2.053255642231173461e-01,-1.339510489741467802e-01
2.053416142062851890e-01,-1.340900856618603698e-01
2.053576641894530319e-01,-1.342291223495739594e-01
2.053737141726208748e-01,-1.343681590372876045e-01
2.053897641557887177e-01,-1.345071957250011940e-01
2.054058141389565606e-01,-1.346462324127147558e-01
2.054218641221243480e-01,-1.347852691004283454e-01
2.054379141052921909e-01,-1.349243057881419350e-01
2.054539640884600338e-01,-1.350633424758555245e-01
2.054700140716278767e-01,-1.352023791635691696e-01
2.054860640547957196e-01,-1.353414158512827592e-01
2.055021140379635625e-01,-1.354804525389963488e-01
2.055181640211313499e-01,-1.356194892267099106e-01
2.055342140042992483e-01,-1.357585259144235001e-01
2.055502639874670912e-01,-1.358975626021370897e-01
2.055663139706349340e-01,-1.360365992898507348e-01
2.055823639538027214e-01,-1.361756359775643244e-01
2.055984139369705643e-01,-1.363146726652779139e-01
2.056144639201384072e-01,-1.364537093529915035e-01
2.056305139033062501e-01,-1.365927460407050931e-01
2.056465638864740930e-01,-1.367317827284186826e-01
2.056626138696419359e-01,-1.368708194161322722e-01
2.056786638528097788e-01,-1.370098561038458895e-01
2.056947138359775662e-01,-1.371488927915594791e-01
2.057107638191454091e-01,-1.372879294792730687e-01
2.057268138023132520e-01,-1.374269661669866582e-01
2.057428637854811504e-01,-1.375660028547003033e-01
2.057589137686489378e-01,-1.377050395424138929e-01
2.057749637518167807e-01,-1.378440762301274825e-01
2.057910137349846236e-01,-1.379831129178410443e-01
2.058070637181524665e-01,-1.381221496055546338e-01
2.058231137013203094e-01,-1.382611862932682789e-01
2.058391636844881523e-01,-1.384002229809818685e-01
2.058552136676559396e-01,-1.385392596686954580e-01
2.058712636508237825e-01,-1.386782963564090476e-01
2.058873136339916254e-01,-1.388173330441226372e-01
2.059033636171594683e-01,-1.389563697318362823e-01
2.059194136003273112e-01,-1.390954064195498718e-01
2.059354635834951541e-01,-1.392344431072634336e-01
2.059515135666629970e-01,-1.393734797949770232e-01
2.059675635498308399e-01,-1.395125164826906128e-01
2.059836135329986828e-01,-1.396515531704042579e-01
2.059996635161665257e-01,-1.397905898581178474e-01
2.060157134993343686e-01,-1.399296265458314370e-01
2.060317634825021560e-01,-1.400686632335450266e-01
2.060478134656699989e-01,-1.402076999212586439e-01
2.060638634488378418e-01,-1.403467366089722335e-01
2.060799134320056847e-01,-1.404857732966858230e-01
2.060959634151735276e-01,-1.406248099843994126e-01
2.061120133983413150e-01,-1.407638466721130022e-01
2.061280633815091579e-01,-1.409028833598265917e-01
2.061441133646770563e-01,-1.410419200475402368e-01
2.061601633478448992e-01,-1.411809567352538264e-01
2.061762133310127421e-01,-1.413199934229674160e-01
2.061922633141805850e-01,-1.414590301106809778e-01
2.062083132973483723e-01,-1.415980667983946228e-01
2.062243632805162152e-01,-1.417371034861082124e-01
2.062404132636840581e-01,-1.418761401738218020e-01
2.062564632468519010e-01,-1.420151768615353916e-01
2.062725132300197439e-01,-1.421542135492489811e-01
2.062885632131875313e-01,-1.422932502369626262e-01
2.063046131963553742e-01,-1.424322869246761880e-01
2.063206631795232171e-01,-1.425713236123897776e-01
2.063367131626911155e-01,-1.427103603001033671e-01
2.063527631458589584e-01,-1.428493969878169567e-01
2.063688131290268013e-01,-1.429884336755306018e-01
2.063848631121945887e-01,-1.431274703632441914e-01
2.064009130953624316e-01,-1.432665070509577809e-01
2.064169630785302745e-01,-1.434055437386713705e-01
2.064330130616981174e-01,-1.435445804263849601e-01
2.064490630448659048e-01,-1.436836171140986051e-01
2.064651130280337477e-01,-1.438226538018121670e-01
2.064811630112015906e-01,-1.439616904895257565e-01
2.064972129943694334e-01,-1.441007271772393461e-01
2.065132629775372763e-01,-1.442397638649529912e-01
2.065293129607051192e-01,-1.443788005526665807e-01
2.065453629438730176e-01,-1.445178372403801703e-01
2.065614129270408050e-01,-1.446568739280937599e-01
2.065774629102086479e-01,-1.447959106158073217e-01
2.065935128933764908e-01,-1.449349473035209113e-01
2.066095628765443337e-01,-1.450739839912345563e-01
2.066256128597121211e-01,-1.452130206789481459e-01
2.066416628428799640e-01,-1.453520573666617355e-01
2.066577128260478069e-01,-1.454910940543753251e-01
2.066737628092156498e-01,-1.456301307420889701e-01
2.066898127923834927e-01,-1.457691674298025597e-01
2.067058627755513356e-01,-1.459082041175161493e-01
2.067219127587191230e-01,-1.460472408052297111e-01
2.067379627418870214e-01,-1.461862774929433006e-01
2.067540127250548643e-01,-1.463253141806569457e-01
2.067700627082227072e-01,-1.464643508683705353e-01
2.067861126913905501e-01,-1.466033875560841249e-01
2.068021626745583375e-01,-1.467424242437977144e-01
2.068182126577261803e-01,-1.468814609315113040e-01
2.068342626408940232e-01,-1.470204976192249213e-01
2.068503126240618661e-01,-1.471595343069385109e-01
2.068663626072297090e-01,-1.472985709946521005e-01
2.068824125903975519e-01,-1.474376076823656900e-01
2.068984625735653393e-01,-1.475766443700792796e-01
2.069145125567331822e-01,-1.477156810577929247e-01
2.069305625399010251e-01,-1.478547177455065142e-01
2.069466125230689235e-01,-1.479937544332201038e-01
2.069626625062367664e-01,-1.481327911209336934e-01
2.069787124894045538e-01,-1.482718278086472830e-01
2.069947624725723967e-01,-1.484108644963609003e-01
2.070108124557402396e-01,-1.485499011840744898e-01
2.070268624389080825e-01,-1.486889378717880794e-01
2.070429124220759254e-01,-1.488279745595016690e-01
2.070589624052437683e-01,-1.489670112472152586e-01
2.070750123884115557e-01,-1.491060479349288481e-01
2.070910623715793986e-01,-1.492450846226424932e-01
2.071071123547472415e-01,-1.493841213103560550e-01
2.071231623379150844e-01,-1.495231579980696446e-01
2.071392123210828717e-01,-1.496621946857832341e-01
2.071552623042507701e-01,-1.498012313734968237e-01
2.071713122874186130e-01,-1.499402680612104688e-01
2.071873622705864559e-01,-1.500793047489240584e-01
2.072034122537542988e-01,-1.502183414366376479e-01
2.072194622369221417e-01,-1.503573781243512375e-01
2.072355122200899291e-01,-1.504964148120648271e-01
2.072515622032577720e-01,-1.506354514997784444e-01
2.072676121864256149e-01,-1.507744881874920340e-01
2.072836621695934578e-01,-1.509135248752056235e-01
2.072997121527613007e-01,-1.510525615629192131e-01
2.073157621359290881e-01,-1.511915982506328027e-01
2.073318121190969310e-01,-1.513306349383464477e-01
2.073478621022648294e-01,-1.514696716260600373e-01
2.073639120854326723e-01,-1.516087083137735991e-01
2.073799620686005152e-01,-1.517477450014871887e-01
2.073960120517683581e-01,-1.518867816892007783e-01
2.074120620349361455e-01,-1.520258183769143678e-01
2.074281120181039884e-01,-1.521648550646280129e-01
2.074441620012718313e-01,-1.523038917523416025e-01
2.074602119844396741e-01,-1.524429284400551921e-01
2.074762619676075170e-01,-1.525819651277687816e-01
2.074923119507753044e-01,-1.527210018154823712e-01
2.075083619339431473e-01,-1.528600385031959885e-01
2.075244119171109902e-01,-1.529990751909095781e-01
2.075404619002788331e-01,-1.531381118786231676e-01
2.075565118834467315e-01,-1.532771485663367572e-01
2.075725618666145744e-01,-1.534161852540503468e-01
2.075886118497823618e-01,-1.535552219417639919e-01
2.076046618329502047e-01,-1.536942586294775814e-01
2.076207118161180476e-01,-1.538332953171911710e-01
2.076367617992858905e-01,-1.539723320049047328e-01
2.076528117824537334e-01,-1.541113686926183224e-01
2.076688617656215208e-01,-1.542504053803319675e-01
2.076849117487893637e-01,-1.543894420680455570e-01
2.077009617319572066e-01,-1.545284787557591466e-01
2.077170117151250495e-01,-1.546675154434727362e-01
2.077330616982928924e-01,-1.548065521311863257e-01
2.077491116814607908e-01,-1.549455888188999153e-01
2.077651616646285782e-01,-1.550846255066135604e-01
2.077812116477964210e-01,-1.552236621943271222e-01
2.077972616309642639e-01,-1.553626988820407118e-01
2.078133116141321068e-01,-1.555017355697543013e-01
2.078293615972998942e-01,-1.556407722574678909e-01
2.078454115804677371e-01,-1.557798089451815360e-01
2.078614615636355800e-01,-1.559188456328951256e-01
2.078775115468034229e-01,-1.560578823206087151e-01
2.078935615299712658e-01,-1.561969190083223047e-01
2.079096115131391087e-01,-1.563359556960358665e-01
2.079256614963068961e-01,-1.564749923837495116e-01
2.079417114794747390e-01,-1.566140290714631012e-01
2.079577614626426374e-01,-1.567530657591766907e-01
2.079738114458104803e-01,-1.568921024468902803e-01
2.079898614289783232e-01,-1.570311391346038699e-01
2.080059114121461106e-01,-1.571701758223175149e-01
2.080219613953139535e-01,-1.573092125100311045e-01
2.080380113784817964e-01,-1.574482491977446663e-01
2.080540613616496393e-01,-1.575872858854582559e-01
2.080701113448174822e-01,-1.577263225731718455e-01
2.080861613279853251e-01,-1.578653592608854905e-01
2.081022113111531124e-01,-1.580043959485990801e-01
2.081182612943209553e-01,-1.581434326363126697e-01
2.081343112774887982e-01,-1.582824693240262592e-01
2.081503612606566966e-01,-1.584215060117398488e-01
2.081664112438245395e-01,-1.585605426994534661e-01
2.081824612269923269e-01,-1.586995793871670557e-01
2.081985112101601698e-01,-1.588386160748806453e-01
2.082145611933280127e-01,-1.589776527625942348e-01
2.082306111764958556e-01,-1.591166894503078244e-01
2.082466611596636985e-01,-1.592557261380214695e-01
2.082627111428315414e-01,-1.593947628257350591e-01
2.082787611259993288e-01,-1.595337995134486486e-01
2.082948111091671717e-01,-1.596728362011622382e-01
2.083108610923350146e-01,-1.598118728888758000e-01
2.083269110755028575e-01,-1.599509095765894451e-01
2.083429610586706449e-01,-1.600899462643030347e-01
2.083590110418385433e-01,-1.602289829520166242e-01
2.083750610250063862e-01,-1.603680196397302138e-01
2.083911110081742291e-01,-1.605070563274438034e-01
2.084071609913420720e-01,-1.606460930151573929e-01
2.084232109745099149e-01,-1.607851297028710380e-01
2.084392609576777022e-01,-1.609241663905845998e-01
2.084553109408455451e-01,-1.610632030782981894e-01
2.084713609240133880e-01,-1.612022397660117790e-01
2.084874109071812309e-01,-1.613412764537253685e-01
2.085034608903490738e-01,-1.614803131414390136e-01
2.085195108735168612e-01,-1.616193498291526032e-01
2.085355608566847041e-01,-1.617583865168661927e-01
2.085516108398525470e-01,-1.618974232045797823e-01
2.085676608230204454e-01,-1.620364598922933441e-01
2.085837108061882883e-01,-1.621754965800069892e-01
2.085997607893561312e-01,-1.623145332677205788e-01
2.086158107725239186e-01,-1.624535699554341683e-01
2.086318607556917615e-01,-1.625926066431477579e-01
2.086479107388596044e-01,-1.627316433308613475e-01
2.086639607220274473e-01,-1.628706800185749926e-01
2.086800107051952902e-01,-1.630097167062885821e-01
2.086960606883630776e-01,-1.631487533940021439e-01
2.087121106715309204e-01,-1.632877900817157335e-01
2.087281606546987633e-01,-1.634268267694293231e-01
2.087442106378666062e-01,-1.635658634571429126e-01
2.087602606210345046e-01,-1.637049001448565577e-01
2.087763106042023475e-01,-1.638439368325701473e-01
2.087923605873701349e-01,-1.639829735202837369e-01
2.088084105705379778e-01,-1.641220102079973264e-01
2.088244605537058207e-01,-1.642610468957109160e-01
2.088405105368736636e-01,-1.644000835834245333e-01
2.088565605200414510e-01,-1.645391202711381229e-01
2.088726105032092939e-01,-1.646781569588517125e-01
2.088886604863771368e-01,-1.648171936465653020e-01
2.089047104695449797e-01,-1.649562303342788916e-01
2.089207604527128226e-01,-1.650952670219925367e-01
2.089368104358806655e-01,-1.652343037097061262e-01
2.089528604190484529e-01,-1.653733403974197158e-01
2.089689104022163513e-01,-1.655123770851332776e-01
2.089849603853841942e-01,-1.656514137728468672e-01
2.090010103685520371e-01,-1.657904504605605123e-01
2.090170603517198800e-01,-1.659294871482741018e-01
2.090331103348876673e-01,-1.660685238359876914e-01
2.090491603180555102e-01,-1.662075605237012810e-01
2.090652103012233531e-01,-1.663465972114148705e-01
2.090812602843911960e-01,-1.664856338991285156e-01
2.090973102675590389e-01,-1.666246705868420774e-01
2.091133602507268818e-01,-1.667637072745556670e-01
2.091294102338946692e-01,-1.669027439622692566e-01
2.091454602170625121e-01,-1.670417806499828461e-01
2.091615102002304105e-01,-1.671808173376964357e-01
2.091775601833982534e-01,-1.673198540254100808e-01
2.091936101665660963e-01,-1.674588907131236704e-01
2.092096601497338837e-01,-1.675979274008372599e-01
2.092257101329017266e-01,-1.677369640885508217e-01
2.092417601160695695e-01,-1.678760007762644113e-01
2.092578100992374124e-01,-1.680150374639780564e-01
2.092738600824052553e-01,-1.681540741516916460e-01
2.092899100655730982e-01,-1.682931108394052355e-01
