initial_x,initial_p,initial_m,initial_z,initial_connector_output_c,projected_dx_dt,projected_dp_dt,projected_dm_dt
0.0,99.96646498695337,99.96646498695337,-0.42364893019360184,-0.4,0.4,0.0,0.0
0.0,99.96646498695337,99.96646498695337,0.42364893019360184,0.4,-0.4,0.0,0.0
