bias,max_abs_error_state_vs_history_reconstruction
0.4,7.326506182403492e-06
0.9,1.0537193975035386e-05
1.2,1.3068391085391262e-05
