x,y
4.962696920074449736e-14,7.818368237600259452e-01
1.993783641552638328e-04,7.818525723910122460e-01
3.988327689450278288e-04,7.818673267733864396e-01
5.983582643711569168e-04,7.818810864249423620e-01
7.979498957646212779e-04,7.818938509057067332e-01
9.976027043088313024e-04,7.819056198179844541e-01
1.197311727513884370e-03,7.819163928063991298e-01
1.397071999691259407e-03,7.819261695579265981e-01
1.596878552428867767e-03,7.819349498019229072e-01
1.796726415066360848e-03,7.819427333101457434e-01
1.996610615170609556e-03,7.819495198967707505e-01
2.196526179011257067e-03,7.819553094184006348e-01
2.396468132036251846e-03,7.819601017740696047e-01
2.596431499347272038e-03,7.819638969052401523e-01
2.796411306174941252e-03,7.819666947957955028e-01
2.996402578353753784e-03,7.819684954720247383e-01
3.196400342796600850e-03,7.819692990026025914e-01
3.396399627968821940e-03,7.819691054985630219e-01
3.596395464361677643e-03,7.819679151132669093e-01
3.796382884965154598e-03,7.819657280423636392e-01
3.996356925740017149e-03,7.819625445237464723e-01
4.196312626089002476e-03,7.819583648375030283e-01
4.396245029327075504e-03,7.819531893058579985e-01
4.596149183150656861e-03,7.819470182931120839e-01
4.796020140105726297e-03,7.819398522055731604e-01
4.995852958054701823e-03,7.819316914914828942e-01
5.195642700642041228e-03,7.819225366409363609e-01
5.395384437758425460e-03,7.819123881857974467e-01
5.595073246003485698e-03,7.819012466996061450e-01
5.794704209146945770e-03,7.818891127974825217e-01
5.994272418588120904e-03,7.818759871360232427e-01
6.193772973813663554e-03,7.818618704131927721e-01
6.393200982853493829e-03,7.818467633682096851e-01
6.592551562734806116e-03,7.818306667814257649e-01
6.791819839934084245e-03,7.818135814742013245e-01
6.991000950827021103e-03,7.817955083087733126e-01
7.190090042136294997e-03,7.817764481881189775e-01
7.389082271377064859e-03,7.817564020558132043e-01
7.587972807300169542e-03,7.817353708958814096e-01
7.786756830332885494e-03,7.817133557326458870e-01
7.985429533017203776e-03,7.816903576305671564e-01
8.183986120445537957e-03,7.816663776940806496e-01
8.382421810693775274e-03,7.816414170674270689e-01
8.580731835251598216e-03,7.816154769344781927e-01
8.778911439450007986e-03,7.815885585185571305e-01
8.976955882885950117e-03,7.815606630822534706e-01
9.174860439844006663e-03,7.815317919272334324e-01
9.372620399715037021e-03,7.815019463940451327e-01
9.570231067411727466e-03,7.814711278619184132e-01
9.767687763780955740e-03,7.814393377485597814e-01
9.964985826012916909e-03,7.814065775099430233e-01
1.016212060804692723e-02,7.813728486400942641e-01
1.035908748097385049e-02,7.813381526708728098e-01
1.055588183343505321e-02,7.813024911717465493e-01
1.075249907201787126e-02,7.812658657495638037e-01
1.094893462164744924e-02,7.812282780483194022e-01
1.114518392597497326e-02,7.811897297489167613e-01
1.134124244776215512e-02,7.811502225689258561e-01
1.153710566926197112e-02,7.811097582623358626e-01
1.173276909259554114e-02,7.810683386193043587e-01
1.192822824012512543e-02,7.810259654659015283e-01
1.212347865482317141e-02,7.809826406638504803e-01
1.231851590063732897e-02,7.809383661102634600e-01
1.251333556285142562e-02,7.808931437373739515e-01
1.270793324844230431e-02,7.808469755122642297e-01
1.290230458643249443e-02,7.807998634365898027e-01
1.309644522823863802e-02,7.807518095462996355e-01
1.329035084801567096e-02,7.807028159113518218e-01
1.348401714299664669e-02,7.806528846354269247e-01
1.367743983382818836e-02,7.806020178556364320e-01
1.387061466490154861e-02,7.805502177422282140e-01
1.406353740467915919e-02,7.804974864982879845e-01
1.425620384601670315e-02,7.804438263594380976e-01
1.444860980648060740e-02,7.803892395935320137e-01
1.464075112866095908e-02,7.803337285003463242e-01
1.483262368047976940e-02,7.802772954112684456e-01
1.502422335549457102e-02,7.802199426889825373e-01
1.521554607319730752e-02,7.801616727271514229e-01
1.540658777930846261e-02,7.801024879500952913e-01
1.559734444606640687e-02,7.800423908124682892e-01
1.578781207251193919e-02,7.799813837989317822e-01
1.597798668476798148e-02,7.799194694238247294e-01
1.616786433631437619e-02,7.798566502308316162e-01
1.635744110825777115e-02,7.797929287926476105e-01
1.654671310959662453e-02,7.797283077106412774e-01
1.673567647748117060e-02,7.796627896145147396e-01
1.692432737746844829e-02,7.795963771619613958e-01
1.711266200377231303e-02,7.795290730383215294e-01
1.730067657950839360e-02,7.794608799562354751e-01
1.748836735693402519e-02,7.793918006552947864e-01
1.767573061768309278e-02,7.793218379016910724e-01
1.786276267299576406e-02,7.792509944878632799e-01
1.804945986394316387e-02,7.791792732321425330e-01
1.823581856164691040e-02,7.791066769783955293e-01
1.842183516749344024e-02,7.790332085956662711e-01
1.860750611334333060e-02,7.789588709778151321e-01
1.879282786173530964e-02,7.788836670431580345e-01
1.897779690608518768e-02,7.788075997341024070e-01
1.916240977087959457e-02,7.787306720167828100e-01
1.934666301186452331e-02,7.786528868806947834e-01
1.953055321622864868e-02,7.785742473383270301e-01
1.971407700278152153e-02,7.784947564247934881e-01
1.989723102212650335e-02,7.784144171974629600e-01
2.008001195682851750e-02,7.783332327355886315e-01
2.026241652157661707e-02,7.782512061399362580e-01
2.044444146334131393e-02,7.781683405324112401e-01
2.062608356152673475e-02,7.780846390556854786e-01
2.080733962811759721e-02,7.780001048728227842e-01
2.098820650782094385e-02,7.779147411669041778e-01
2.116868107820272724e-02,7.778285511406524133e-01
2.134876024981923609e-02,7.777415380160555003e-01
2.152844096634327214e-02,7.776537050339907831e-01
2.170772020468526506e-02,7.775650554538479087e-01
2.188659497510917623e-02,7.774755925531514622e-01
2.206506232134324702e-02,7.773853196271837129e-01
2.224311932068569891e-02,7.772942399886072495e-01
2.242076308410524341e-02,7.772023569670873933e-01
2.259799075633652649e-02,7.771096739089142780e-01
2.277479951597050425e-02,7.770161941766257074e-01
2.295118657553975663e-02,7.769219211486295684e-01
2.312714918159871832e-02,7.768268582188267990e-01
2.330268461479892764e-02,7.767310087962342458e-01
2.347779018995926545e-02,7.766343763046086313e-01
2.365246325613119815e-02,7.765369641820697444e-01
2.382670119665908012e-02,7.764387758807252959e-01
2.400050142923548444e-02,7.763398148662959963e-01
2.417386140595169722e-02,7.762400846177404112e-01
2.434677861334323332e-02,7.761395886268819266e-01
2.451925057243057801e-02,7.760383303980352698e-01
2.469127483875506457e-02,7.759363134476346957e-01
2.486284900240993620e-02,7.758335413038620620e-01
2.503397068806666181e-02,7.757300175062773473e-01
2.520463755499651598e-02,7.756257456054485022e-01
2.537484729708744044e-02,7.755207291625836330e-01
2.554459764285620452e-02,7.754149717491635174e-01
2.571388635545597198e-02,7.753084769465758974e-01
2.588271123267923621e-02,7.752012483457506598e-01
2.605107010695615830e-02,7.750932895467965711e-01
2.621896084534840535e-02,7.749846041586390122e-01
2.638638134953846456e-02,7.748751957986591554e-01
2.655332955581450952e-02,7.747650680923356958e-01
2.671980343505081512e-02,7.746542246728861381e-01
2.688580099268379417e-02,7.745426691809114139e-01
2.705132026868371786e-02,7.744304052640417213e-01
2.721635933752206485e-02,7.743174365765831402e-01
2.738091630813465141e-02,7.742037667791671351e-01
2.754498932388051852e-02,7.740893995384012793e-01
2.770857656249664860e-02,7.739743385265221987e-01
2.787167623604849473e-02,7.738585874210498483e-01
2.803428659087648517e-02,7.737421499044440099e-01
2.819640590753838896e-02,7.736250296637634527e-01
2.835803250074775059e-02,7.735072303903254287e-01
2.851916471930828964e-02,7.733887557793692746e-01
2.867980094604442518e-02,7.732696095297207917e-01
2.883993959772789689e-02,7.731497953434591786e-01
2.899957912500059770e-02,7.730293169255861851e-01
2.915871801229355867e-02,7.729081779836973753e-01
2.931735477774226675e-02,7.727863822276562766e-01
2.947548797309824942e-02,7.726639333692699729e-01
2.963311618363703714e-02,7.725408351219674730e-01
2.979023802806254201e-02,7.724170912004809653e-01
2.994685215840787312e-02,7.722927053205284054e-01
3.010295725993267571e-02,7.721676811984999889e-01
3.025855205101702500e-02,7.720420225511458456e-01
3.041363528305189232e-02,7.719157330952668428e-01
3.056820574032635685e-02,7.717888165474083850e-01
3.072226223991138955e-02,7.716612766235558807e-01
3.087580363154052501e-02,7.715331170388338711e-01
3.102882879748724773e-02,7.714043415072069365e-01
3.118133665243926628e-02,7.712749537411839329e-01
3.133332614336973437e-02,7.711449574515245597e-01
3.148479624940535987e-02,7.710143563469491479e-01
3.163574598169157509e-02,7.708831541338505566e-01
3.178617438325478245e-02,7.707513545160096236e-01
3.193608052886164755e-02,7.706189611943130569e-01
3.208546352487563064e-02,7.704859778664739922e-01
3.223432250911072161e-02,7.703524082267557693e-01
3.238265665068239957e-02,7.702182559656987060e-01
3.253046514985596244e-02,7.700835247698492037e-01
3.267774723789225455e-02,7.699482183214926279e-01
3.282450217689071581e-02,7.698123402983884089e-01
3.297072925963003692e-02,7.696758943735085845e-01
3.311642780940626807e-02,7.695388842147788955e-01
3.326159717986855446e-02,7.694013134848236568e-01
3.340623675485241556e-02,7.692631858407127377e-01
3.355034594821088706e-02,7.691245049337123163e-01
3.369392420364322738e-02,7.689852744090380776e-01
3.383697099452150081e-02,7.688454979056120742e-01
3.397948582371499576e-02,7.687051790558223630e-01
3.412146822341254743e-02,7.685643214852856397e-01
3.426291775494275105e-02,7.684229288126132040e-01
3.440383400859228780e-02,7.682810046491796996e-01
3.454421660342215511e-02,7.681385525988956298e-01
3.468406518708210678e-02,7.679955762579819822e-01
3.482337943562324734e-02,7.678520792147490726e-01
3.496215905330871815e-02,7.677080650493778302e-01
3.510040377242278770e-02,7.675635373337044154e-01
3.523811335307810988e-02,7.674184996310079443e-01
3.537528758302144888e-02,7.672729554958014342e-01
3.551192627743771091e-02,7.671269084736260790e-01
3.564802927875255351e-02,7.669803621008480787e-01
3.578359645643332948e-02,7.668333199044593540e-01
3.591862770678876104e-02,7.666857854018810370e-01
3.605312295276705964e-02,7.665377621007701814e-01
3.618708214375285920e-02,7.663892534988292482e-01
3.632050525536266450e-02,7.662402630836198103e-01
3.645339228923921704e-02,7.660907943323782554e-01
3.658574327284455641e-02,7.659408507118350418e-01
3.671755825925194366e-02,7.657904356780375066e-01
3.684883732693670227e-02,7.656395526761753390e-01
3.697958057956594186e-02,7.654882051404089394e-01
3.710978814578733131e-02,7.653363964937019981e-01
3.723946017901686584e-02,7.651841301476558499e-01
3.736859685722569019e-02,7.650314095023480476e-01
3.749719838272611017e-02,7.648782379461733782e-01
3.762526498195664648e-02,7.647246188556879876e-01
3.775279690526647802e-02,7.645705555954573907e-01
3.787979442669896918e-02,7.644160515179061477e-01
3.800625784377457267e-02,7.642611099631723137e-01
3.813218747727310093e-02,7.641057342589634427e-01
3.825758367101533136e-02,7.639499277204163663e-01
3.838244679164402873e-02,7.637936936499605256e-01
3.850677722840450956e-02,7.636370353371826347e-01
3.863057539292465842e-02,7.634799560586966738e-01
3.875384171899450003e-02,7.633224590780144370e-01
3.887657666234540371e-02,7.631645476454215204e-01
3.899878070042884365e-02,7.630062249978539768e-01
3.912045433219497187e-02,7.628474943587798540e-01
3.924159807787072629e-02,7.626883589380824002e-01
3.936221247873784163e-02,7.625288219319463767e-01
3.948229809691058967e-02,7.623688865227483680e-01
3.960185551511332530e-02,7.622085558789483128e-01
3.972088533645793534e-02,7.620478331549852546e-01
3.983938818422121803e-02,7.618867214911754226e-01
3.995736470162213061e-02,7.617252240136126451e-01
4.007481555159906478e-02,7.615633438340730921e-01
4.019174141658712895e-02,7.614010840499212396e-01
4.030814299829547226e-02,7.612384477440189423e-01
4.042402101748469867e-02,7.610754379846387252e-01
4.053937621374435057e-02,7.609120578253772971e-01
4.065420934527067681e-02,7.607483103050742823e-01
4.076852118864439378e-02,7.605841984477319517e-01
4.088231253860884901e-02,7.604197252624385062e-01
4.099558420784827489e-02,7.602548937432935805e-01
4.110833702676647966e-02,7.600897068693369674e-01
4.122057184326569784e-02,7.599241676044790061e-01
4.133228952252590571e-02,7.597582788974347467e-01
4.144349094678446283e-02,7.595920436816595567e-01
4.155417701511612133e-02,7.594254648752883918e-01
4.166434864321354875e-02,7.592585453810765106e-01
4.177400676316823935e-02,7.590912880863436296e-01
4.188315232325197368e-02,7.589236958629199670e-01
4.199178628769874994e-02,7.587557715670950609e-01
4.209990963648728435e-02,7.585875180395689199e-01
4.220752336512410136e-02,7.584189381054055046e-01
4.231462848442717889e-02,7.582500345739889847e-01
4.242122602031024592e-02,7.580808102389815506e-01
4.252731701356776001e-02,7.579112678782847778e-01
4.263290251966046773e-02,7.577414102540024343e-01
4.273798360850179778e-02,7.575712401124052864e-01
4.284256136424481609e-02,7.574007601838994574e-01
4.294663688507011079e-02,7.572299731829960079e-01
4.305021128297429472e-02,7.570588818082827354e-01
4.315328568355936145e-02,7.568874887423989728e-01
4.325586122582288778e-02,7.567157966520113854e-01
4.335793906194898573e-02,7.565438081877934318e-01
4.345952035710019812e-02,7.563715259844051575e-01
4.356060628921024080e-02,7.561989526604768752e-01
4.366119804877762606e-02,7.560260908185933992e-01
4.376129683866019499e-02,7.558529430452815001e-01
4.386090387387062833e-02,7.556795119109984693e-01
4.396002038137290790e-02,7.555057999701234595e-01
4.405864759987967311e-02,7.553318097609502679e-01
4.415678677965068771e-02,7.551575438056822298e-01
4.425443918229222950e-02,7.549830046104288872e-01
4.435160608055750686e-02,7.548081946652049901e-01
4.444828875814819946e-02,7.546331164439311623e-01
4.454448850951693573e-02,7.544577724044356781e-01
4.464020663967090824e-02,7.542821649884595692e-01
4.473544446397661328e-02,7.541062966216619534e-01
4.483020330796561731e-02,7.539301697136282510e-01
4.492448450714146835e-02,7.537537866578795098e-01
4.501828940678777313e-02,7.535771498318838413e-01
4.511161936177732201e-02,7.534002615970691874e-01
4.520447573638251837e-02,7.532231242988381981e-01
4.529685990408682805e-02,7.530457402665839961e-01
4.538877324739749863e-02,7.528681118137087180e-01
4.548021715765943745e-02,7.526902412376423879e-01
4.557119303487030398e-02,7.525121308198641223e-01
4.566170228749682342e-02,7.523337828259246685e-01
4.575174633229227988e-02,7.521551995054708284e-01
4.584132659411534194e-02,7.519763830922702175e-01
4.593044450575001214e-02,7.517973358042389087e-01
4.601910150772692276e-02,7.516180598434698545e-01
4.610729904814582503e-02,7.514385573962624187e-01
4.619503858249942446e-02,7.512588306331536847e-01
4.628232157349843057e-02,7.510788817089513181e-01
4.636914949089794569e-02,7.508987127627672065e-01
4.645552381132507513e-02,7.507183259180530976e-01
4.654144601810791815e-02,7.505377232826365708e-01
4.662691760110580785e-02,7.503569069487594501e-01
4.671194005654094594e-02,7.501758789931162186e-01
4.679651488683121696e-02,7.499946414768949854e-01
4.688064360042449447e-02,7.498131964458183418e-01
4.696432771163414066e-02,7.496315459301863271e-01
4.704756874047595627e-02,7.494496919449198380e-01
4.713036821250633085e-02,7.492676364896061481e-01
4.721272765866189880e-02,7.490853815485442047e-01
4.729464861510046525e-02,7.489029290907920355e-01
4.737613262304323641e-02,7.487202810702147104e-01
4.745718122861849325e-02,7.485374394255339681e-01
4.753779598270660434e-02,7.483544060803773990e-01
4.761797844078632241e-02,7.481711829433306260e-01
4.769773016278257977e-02,7.479877719079885967e-01
4.777705271291557421e-02,7.478041748530090960e-01
4.785594765955116653e-02,7.476203936421663698e-01
4.793441657505279063e-02,7.474364301244063036e-01
4.801246103563458489e-02,7.472522861339018219e-01
4.809008262121605703e-02,7.470679634901096211e-01
4.816728291527792860e-02,7.468834639978275680e-01
4.824406350471953375e-02,7.466987894472527643e-01
4.832042597971752257e-02,7.465139416140407214e-01
4.839637193358586192e-02,7.463289222593650907e-01
4.847190296263737680e-02,7.461437331299780595e-01
4.854702066604649202e-02,7.459583759582717466e-01
4.862172664571352138e-02,7.457728524623398192e-01
4.869602250613012245e-02,7.455871643460408871e-01
4.876990985424630581e-02,7.454013132990606749e-01
4.884339029933877641e-02,7.452153009969770814e-01
4.891646545288052400e-02,7.450291291013240169e-01
4.898913692841194018e-02,7.448427992596566849e-01
4.906140634141319123e-02,7.446563131056178619e-01
4.913327530917798586e-02,7.444696722590035121e-01
4.920474545068877215e-02,7.442828783258301772e-01
4.927581838649311430e-02,7.440959328984024790e-01
4.934649573858166521e-02,7.439088375553803978e-01
4.941677913026722851e-02,7.437215938618486621e-01
4.948667018606540263e-02,7.435342033693848052e-01
4.955617053157644614e-02,7.433466676161291087e-01
4.962528179336846146e-02,7.431589881268542142e-01
4.969400559886203578e-02,7.429711664130355109e-01
4.976234357621606152e-02,7.427832039729215241e-01
4.983029735421502793e-02,7.425951022916053024e-01
4.989786856215754768e-02,7.424068628410955828e-01
4.996505882974622281e-02,7.422184870803890666e-01
5.003186978697887755e-02,7.420299764555418065e-01
5.009830306404101929e-02,7.418413323997422593e-01
5.016436029119965279e-02,7.416525563333841164e-01
5.023004309869844031e-02,7.414636496641388019e-01
5.029535311665402769e-02,7.412746137870296348e-01
5.036029197495382748e-02,7.410854500845047710e-01
5.042486130315492615e-02,7.408961599265113662e-01
5.048906273038443471e-02,7.407067446705699609e-01
5.055289788524094247e-02,7.405172056618484211e-01
5.061636839569738644e-02,7.403275442332366563e-01
5.067947588900508643e-02,7.401377617054213376e-01
5.074222199159908464e-02,7.399478593869609488e-01
5.080460832900476204e-02,7.397578385743607265e-01
5.086663652574559269e-02,7.395677005521479330e-01
5.092830820525226510e-02,7.393774465929474626e-01
5.098962498977293450e-02,7.391870779575572259e-01
5.105058850028474510e-02,7.389965958950234226e-01
5.111120035640662890e-02,7.388060016427170362e-01
5.117146217631314553e-02,7.386152964264089960e-01
5.123137557664975833e-02,7.384244814603464491e-01
5.129094217244906800e-02,7.382335579473284781e-01
5.135016357704844103e-02,7.380425270787824843e-01
5.140904140200869277e-02,7.378513900348396826e-01
5.146757725703400566e-02,7.376601479844119291e-01
5.152577274989303402e-02,7.374688020852669945e-01
5.158362948634104966e-02,7.372773534841057241e-01
5.164114907004342669e-02,7.370858033166368672e-01
5.169833310250014635e-02,7.368941527076544595e-01
5.175518318297143289e-02,7.367024027711129852e-01
5.181170090840465925e-02,7.365105546102039824e-01
5.186788787336217565e-02,7.363186093174314273e-01
5.192374566995043572e-02,7.361265679746885615e-01
5.197927588775014957e-02,7.359344316533329433e-01
5.203448011374750548e-02,7.357422014142626088e-01
5.208935993226657818e-02,7.355498783079920111e-01
5.214391692490277092e-02,7.353574633747269607e-01
5.219815267045727764e-02,7.351649576444410084e-01
5.225206874487275943e-02,7.349723621369502746e-01
5.230566672116994387e-02,7.347796778619889446e-01
5.235894816938537616e-02,7.345869058192843193e-01
5.241191465651013487e-02,7.343940469986320885e-01
5.246456774642965087e-02,7.342011023799710490e-01
5.251690899986455330e-02,7.340080729334578225e-01
5.256893997431245913e-02,7.338149596195412405e-01
5.262066222399090776e-02,7.336217633890373957e-01
5.267207729978118369e-02,7.334284851832031382e-01
5.272318674917320092e-02,7.332351259338106830e-01
5.277399211621134484e-02,7.330416865632208845e-01
5.282449494144132035e-02,7.328481679844575103e-01
5.287469676185797135e-02,7.326545711012802942e-01
5.292459911085403007e-02,7.324608968082584326e-01
5.297420351816988643e-02,7.322671459908434155e-01
5.302351150984425943e-02,7.320733195254418568e-01
5.307252460816579143e-02,7.318794182794881031e-01
5.312124433162563469e-02,7.316854431115167312e-01
5.316967219487091917e-02,7.314913948712344904e-01
5.321780970865915700e-02,7.312972743995921343e-01
5.326565837981350748e-02,7.311030825288558077e-01
5.331321971117903430e-02,7.309088200826791004e-01
5.336049520157973985e-02,7.307144878761733242e-01
5.340748634577659887e-02,7.305200867159787892e-01
5.345419463442634828e-02,7.303256174003350809e-01
5.350062155404125552e-02,7.301310807191516705e-01
5.354676858694964320e-02,7.299364774540773038e-01
5.359263721125735042e-02,7.297418083785702780e-01
5.363822890080999217e-02,7.295470742579676093e-01
5.368354512515602361e-02,7.293522758495538660e-01
5.372858734951073412e-02,7.291574139026304469e-01
5.377335703472089362e-02,7.289624891585836375e-01
5.381785563723039817e-02,7.287675023509530003e-01
5.386208460904655382e-02,7.285724542054992092e-01
5.390604539770723486e-02,7.283773454402716618e-01
5.394973944624886775e-02,7.281821767656753153e-01
5.399316819317504651e-02,7.279869488845381875e-01
5.403633307242607792e-02,7.277916624921776378e-01
5.407923551334919282e-02,7.275963182764663140e-01
5.412187694066953464e-02,7.274009169178987655e-01
5.416425877446189030e-02,7.272054590896561699e-01
5.420638243012317753e-02,7.270099454576723907e-01
5.424824931834562602e-02,7.268143766806980377e-01
5.428986084509070109e-02,7.266187534103657475e-01
5.433121841156376280e-02,7.264230762912541328e-01
5.437232341418937048e-02,7.262273459609512871e-01
5.441317724458735045e-02,7.260315630501186224e-01
5.445378128954951602e-02,7.258357281825541518e-01
5.449413693101706063e-02,7.256398419752547735e-01
5.453424554605867947e-02,7.254439050384791088e-01
5.457410850684932258e-02,7.252479179758095640e-01
5.461372718064954473e-02,7.250518813842136145e-01
5.465310292978564632e-02,7.248557958541055335e-01
5.469223711163036933e-02,7.246596619694073427e-01
5.473113107858420395e-02,7.244634803076090979e-01
5.476978617805741689e-02,7.242672514398293959e-01
5.480820375245260001e-02,7.240709759308753268e-01
5.484638513914794761e-02,7.238746543393015376e-01
5.488433167048102634e-02,7.236782872174698511e-01
5.492204467373321825e-02,7.234818751116074420e-01
5.495952547111472575e-02,7.232854185618657894e-01
5.499677537975021513e-02,7.230889181023782974e-01
5.503379571166492484e-02,7.228923742613178050e-01
5.507058777377149550e-02,7.226957875609543169e-01
5.510715286785720923e-02,7.224991585177112929e-01
5.514349229057195073e-02,7.223024876422222684e-01
5.517960733341655682e-02,7.221057754393874761e-01
5.521549928273183222e-02,7.219090224084286911e-01
5.525116941968802320e-02,7.217122290429450748e-01
5.528661902027490194e-02,7.215153958309681315e-01
5.532184935529226022e-02,7.213185232550162196e-01
5.535686169034102766e-02,7.211216117921483981e-01
5.539165728581486869e-02,7.209246619140189383e-01
5.542623739689221674e-02,7.207276740869299481e-01
5.546060327352893282e-02,7.205306487718851072e-01
5.549475616045129733e-02,7.203335864246416254e-01
5.552869729714964009e-02,7.201364874957633111e-01
5.556242791787233126e-02,7.199393524306716419e-01
5.559594925162029966e-02,7.197421816696980557e-01
5.562926252214200201e-02,7.195449756481343551e-01
5.566236894792885026e-02,7.193477347962839996e-01
5.569526974221108984e-02,7.191504595395122879e-01
5.572796611295411512e-02,7.189531502982960953e-01
5.576045926285524285e-02,7.187558074882739456e-01
5.579275038934090186e-02,7.185584315202948602e-01
5.582484068456424614e-02,7.183610228004673193e-01
5.585673133540320495e-02,7.181635817302078895e-01
5.588842352345894243e-02,7.179661087062889635e-01
5.591991842505470572e-02,7.177686041208869439e-01
5.595121721123511721e-02,7.175710683616292052e-01
5.598232104776581369e-02,7.173735018116409456e-01
5.601323109513355047e-02,7.171759048495924826e-01
5.604394850854654830e-02,7.169782778497444387e-01
5.607447443793541625e-02,7.167806211819947038e-01
5.610481002795428968e-02,7.165829352119230666e-01
5.613495641798239844e-02,7.163852203008364006e-01
5.616491474212600282e-02,7.161874768058139606e-01
5.619468612922066258e-02,7.159897050797511264e-01
5.622427170283390147e-02,7.157919054714038110e-01
5.625367258126812847e-02,7.155940783254317594e-01
5.628288987756402406e-02,7.153962239824422920e-01
5.631192469950416918e-02,7.151983427790324921e-01
5.634077814961701430e-02,7.150004350478326165e-01
5.636945132518120932e-02,7.148025011175473953e-01
5.639794531823024565e-02,7.146045413129986645e-01
5.642626121555738283e-02,7.144065559551663336e-01
5.645440009872090131e-02,7.142085453612293522e-01
5.648236304404968822e-02,7.140105098446072329e-01
5.651015112264907297e-02,7.138124497149994641e-01
5.653776540040699600e-02,7.136143652784263658e-01
5.656520693800041327e-02,7.134162568372682811e-01
5.659247679090212424e-02,7.132181246903052108e-01
5.661957600938764823e-02,7.130199691327556710e-01
5.664650563854262133e-02,7.128217904563153295e-01
5.667326671827026957e-02,7.126235889491956410e-01
5.669986028329928457e-02,7.124253648961611507e-01
5.672628736319185877e-02,7.122271185785677972e-01
5.675254898235207457e-02,7.120288502743997716e-01
5.677864616003444609e-02,7.118305602583069325e-01
5.680457991035278709e-02,7.116322488016406655e-01
5.683035124228928009e-02,7.114339161724909655e-01
5.685596115970378145e-02,7.112355626357219629e-01
5.688141066134341089e-02,7.110371884530074515e-01
5.690670074085230068e-02,7.108387938828664154e-01
5.693183238678162922e-02,7.106403791806982229e-01
5.695680658259981433e-02,7.104419445988163773e-01
5.698162430670301176e-02,7.102434903864840443e-01
5.700628653242573868e-02,7.100450167899469145e-01
5.703079422805176074e-02,7.098465240524676201e-01
5.705514835682515967e-02,7.096480124143588197e-01
5.707934987696162282e-02,7.094494821130162832e-01
5.710339974165988541e-02,7.092509333829515317e-01
5.712729889911344339e-02,7.090523664558244787e-01
5.715104829252236340e-02,7.088537815604752934e-01
5.717464886010536346e-02,7.086551789229561527e-01
5.719810153511200451e-02,7.084565587665632158e-01
5.722140724583509030e-02,7.082579213118670447e-01
5.724456691562329613e-02,7.080592667767442450e-01
5.726758146289383233e-02,7.078605953764074421e-01
5.729045180114543390e-02,7.076619073234361457e-01
5.731317883897137089e-02,7.074632028278060591e-01
5.733576348007273643e-02,7.072644820969196111e-01
5.735820662327181102e-02,7.070657453356342659e-01
5.738050916252560030e-02,7.068669927462928326e-01
5.740267198693955325e-02,7.066682245287515540e-01
5.742469598078139142e-02,7.064694408804085279e-01
5.744658202349508386e-02,7.062706419962325732e-01
5.746833098971498160e-02,7.060718280687906523e-01
5.748994374928004247e-02,7.058729992882759596e-01
5.751142116724828474e-02,7.056741558425350114e-01
5.753276410391126167e-02,7.054752979170949567e-01
5.755397341480869566e-02,7.052764256951902233e-01
5.757504995074329279e-02,7.050775393577896066e-01
5.759599455779559202e-02,7.048786390836220273e-01
5.761680807733902260e-02,7.046797250492027320e-01
5.763749134605494068e-02,7.044807974288593844e-01
5.765804519594797117e-02,7.042818563947571553e-01
5.767847045436125253e-02,7.040829021169242585e-01
5.769876794399195902e-02,7.038839347632769305e-01
5.771893848290678836e-02,7.036849544996438555e-01
5.773898288455762973e-02,7.034859614897911451e-01
5.775890195779735670e-02,7.032869558954462086e-01
5.777869650689559933e-02,7.030879378763216225e-01
5.779836733155470363e-02,7.028889075901394445e-01
5.781791522692576041e-02,7.026898651926538619e-01
5.783734098362469656e-02,7.024908108376752836e-01
5.785664538774847737e-02,7.022917446770925443e-01
5.787582922089137827e-02,7.020926668608961085e-01
5.789489326016130505e-02,7.018935775372006081e-01
5.791383827819625990e-02,7.016944768522666021e-01
5.793266504318080740e-02,7.014953649505233368e-01
5.795137431886267232e-02,7.012962419745898401e-01
5.796996686456934444e-02,7.010971080652970144e-01
5.798844343522482209e-02,7.008979633617087313e-01
5.800680478136632096e-02,7.006988080011427034e-01
5.802505164916116343e-02,7.004996421191918010e-01
5.804318478042364698e-02,7.003004658497443691e-01
5.806120491263194738e-02,7.001012793250048771e-01
5.807911277894520219e-02,6.999020826755140146e-01
5.809690910822046944e-02,6.997028760301686745e-01
5.811459462502990142e-02,6.995036595162414939e-01
5.813217004967786289e-02,6.993044332594010593e-01
5.814963609821811180e-02,6.991051973837303368e-01
5.816699348247107715e-02,6.989059520117466562e-01
5.818424291004111598e-02,6.987066972644201401e-01
5.820138508433383984e-02,6.985074332611924675e-01
5.821842070457346197e-02,6.983081601199954136e-01
5.823535046582022090e-02,6.981088779572692804e-01
5.825217505898778320e-02,6.979095868879806597e-01
5.826889517086071557e-02,6.977102870256409739e-01
5.828551148411197785e-02,6.975109784823232406e-01
5.830202467732042981e-02,6.973116613686803911e-01
5.831843542498837962e-02,6.971123357939622567e-01
5.833474439755918090e-02,6.969130018660324444e-01
5.835095226143477420e-02,6.967136596913858781e-01
5.836705967899334657e-02,6.965143093751648973e-01
5.838306730860694932e-02,6.963149510211760207e-01
5.839897580465913673e-02,6.961155847319064893e-01
5.841478581756264638e-02,6.959162106085402533e-01
5.843049799377708631e-02,6.957168287509739590e-01
5.844611297582660847e-02,6.955174392578329368e-01
5.846163140231762367e-02,6.953180422264862992e-01
5.847705390795650965e-02,6.951186377530633731e-01
5.849238112356736768e-02,6.949192259324679100e-01
5.850761367610969599e-02,6.947198068583938513e-01
5.852275218869615325e-02,6.945203806233400945e-01
5.853779728061030141e-02,6.943209473186251479e-01
5.855274956732432062e-02,6.941215070344020077e-01
5.856760966051677980e-02,6.939220598596721468e-01
5.858237816809035159e-02,6.937226058823002806e-01
5.859705569418954124e-02,6.935231451890276899e-01
5.861164283921846407e-02,6.933236778654873200e-01
5.862614019985850494e-02,6.931242039962164370e-01
5.864054836908608875e-02,6.929247236646707275e-01
5.865486793619039546e-02,6.927252369532378440e-01
5.866909948679103343e-02,6.925257439432503936e-01
5.868324360285575442e-02,6.923262447149995946e-01
5.869730086271812003e-02,6.921267393477475993e-01
5.871127184109522362e-02,6.919272279197408171e-01
5.872515710910524572e-02,6.917277105082222377e-01
5.873895723428521065e-02,6.915281871894444210e-01
5.875267278060852805e-02,6.913286580386815983e-01
5.876630430850265235e-02,6.911291231302419957e-01
5.877985237486663128e-02,6.909295825374796030e-01
5.879331753308871672e-02,6.907300363328070514e-01
5.880670033306385769e-02,6.905304845877061615e-01
5.882000132121130431e-02,6.903309273727407103e-01
5.883322104049205220e-02,6.901313647575675336e-01
5.884636003042636315e-02,6.899317968109478505e-01
5.885941882711116097e-02,6.897322236007585872e-01
5.887239796323754520e-02,6.895326451940035906e-01
5.888529796810814537e-02,6.893330616568247304e-01
5.889811936765450284e-02,6.891334730545125575e-01
5.891086268445443197e-02,6.889338794515170727e-01
5.892352843774930488e-02,6.887342809114587183e-01
5.893611714346140562e-02,6.885346774971381478e-01
5.894862931421111785e-02,6.883350692705472174e-01
5.896106545933419568e-02,6.881354562928789775e-01
5.897342608489891669e-02,6.879358386245378876e-01
5.898571169372329726e-02,6.877362163251496963e-01
5.899792278539215534e-02,6.875365894535714339e-01
5.901005985627424261e-02,6.873369580679008495e-01
5.902212339953926551e-02,6.871373222254866242e-01
5.903411390517493418e-02,6.869376819829374758e-01
5.904603186000390719e-02,6.867380373961314843e-01
5.905787774770075022e-02,6.865383885202258618e-01
5.906965204880882531e-02,6.863387354096656123e-01
5.908135524075715933e-02,6.861390781181928578e-01
5.909298779787726386e-02,6.859394166988559416e-01
5.910455019141991340e-02,6.857397512040177556e-01
5.911604288957186121e-02,6.855400816853651769e-01
5.912746635747256202e-02,6.853404081939171721e-01
5.913882105723081151e-02,6.851407307800335689e-01
5.915010744794136494e-02,6.849410494934233817e-01
5.916132598570147255e-02,6.847413643831532504e-01
5.917247712362741496e-02,6.845416754976554330e-01
5.918356131187098301e-02,6.843419828847362441e-01
5.919457899763588132e-02,6.841422865915839369e-01
5.920553062519413184e-02,6.839425866647763641e-01
5.921641663590238025e-02,6.837428831502893045e-01
5.922723746821820928e-02,6.835431760935036793e-01
5.923799355771635494e-02,6.833434655392137680e-01
5.924868533710488799e-02,6.831437515316340914e-01
5.925931323624138158e-02,6.829440341144072946e-01
5.926987768214896091e-02,6.827443133306114742e-01
5.928037909903239450e-02,6.825445892227671729e-01
5.929081790829399123e-02,6.823448618328449289e-01
5.930119452854964307e-02,6.821451312022719371e-01
5.931150937564464570e-02,6.819453973719393769e-01
5.932176286266954007e-02,6.817456603822094063e-01
5.933195539997590529e-02,6.815459202729213795e-01
5.934208739519207521e-02,6.813461770833995068e-01
5.935215925323882036e-02,6.811464308524585176e-01
5.936217137634496738e-02,6.809466816184108762e-01
5.937212416406294907e-02,6.807469294190733322e-01
5.938201801328436835e-02,6.805471742917728051e-01
5.939185331825539566e-02,6.803474162733531561e-01
5.940163047059220103e-02,6.801476554001811836e-01
5.941134985929629603e-02,6.799478917081531737e-01
5.942101187076984092e-02,6.797481252327003398e-01
5.943061688883086863e-02,6.795483560087953734e-01
5.944016529472846699e-02,6.793485840709584389e-01
5.944965746715789173e-02,6.791488094532625031e-01
5.945909378227565850e-02,6.789490321893397740e-01
5.946847461371453786e-02,6.787492523123866972e-01
5.947780033259851551e-02,6.785494698551703951e-01
5.948707130755766237e-02,6.783496848500335519e-01
5.949628790474303236e-02,6.781498973289006305e-01
5.950545048784137286e-02,6.779501073232823138e-01
5.951455941808988376e-02,6.777503148642819442e-01
5.952361505429090011e-02,6.775505199826001856e-01
5.953261775282641527e-02,6.773507227085402427e-01
5.954156786767274279e-02,6.771509230720135220e-01
5.955046575041493540e-02,6.769511211025440733e-01
5.955931175026119018e-02,6.767513168292740300e-01
5.956810621405727452e-02,6.765515102809686043e-01
5.957684948630081329e-02,6.763517014860208620e-01
5.958554190915552051e-02,6.761518904724564960e-01
5.959418382246543106e-02,6.759520772679388223e-01
5.960277556376896574e-02,6.757522618997733321e-01
5.961131746831307976e-02,6.755524443949123548e-01
5.961980986906719598e-02,6.753526247799598314e-01
5.962825309673722152e-02,6.751528030811756453e-01
5.963664747977937691e-02,6.749529793244802844e-01
5.964499334441407397e-02,6.747531535354591714e-01
5.965329101463964778e-02,6.745533257393671045e-01
5.966154081224608191e-02,6.743534959611322543e-01
5.966974305682866409e-02,6.741536642253611600e-01
5.967789806580153095e-02,6.739538305563419485e-01
5.968600615441124746e-02,6.737539949780494419e-01
5.969406763575022673e-02,6.735541575141485993e-01
5.970208282077014289e-02,6.733543181879988460e-01
5.971005201829528153e-02,6.731544770226580710e-01
5.971797553503582073e-02,6.729546340408861793e-01
5.972585367560102887e-02,6.727547892651498662e-01
5.973368674251244154e-02,6.725549427176252815e-01
5.974147503621696220e-02,6.723550944202030255e-01
5.974921885509987957e-02,6.721552443944908140e-01
5.975691849549783635e-02,6.719553926618179185e-01
5.976457425171175647e-02,6.717555392432386085e-01
5.977218641601970972e-02,6.715556841595354820e-01
5.977975527868965855e-02,6.713558274312234619e-01
5.978728112799221867e-02,6.711559690785530163e-01
5.979476425021332253e-02,6.709561091215134887e-01
5.980220492966681345e-02,6.707562475798369839e-01
5.980960344870699108e-02,6.705563844730013656e-01
5.981696008774108758e-02,6.703565198202335873e-01
5.982427512524171598e-02,6.701566536405132446e-01
5.983154883775920752e-02,6.699567859525755731e-01
5.983878149993390738e-02,6.697569167749147789e-01
5.984597338450840798e-02,6.695570461257868145e-01
5.985312476233976831e-02,6.693571740232133749e-01
5.986023590241156683e-02,6.691573004849841189e-01
5.986730707184599598e-02,6.689574255286599991e-01
5.987433853591585253e-02,6.687575491715763709e-01
5.988133055805645172e-02,6.685576714308456570e-01
5.988828339987750660e-02,6.683577923233608997e-01
5.989519732117494499e-02,6.681579118657977601e-01
5.990207257994266399e-02,6.679580300746179589e-01
5.990890943238419419e-02,6.677581469660721636e-01
5.991570813292435710e-02,6.675582625562022088e-01
5.992246893422082527e-02,6.673583768608442046e-01
5.992919208717560620e-02,6.671584898956315346e-01
5.993587784094653315e-02,6.669586016759967428e-01
5.994252644295861021e-02,6.667587122171747538e-01
5.994913813891535742e-02,6.665588215342054257e-01
5.995571317281010726e-02,6.663589296419358821e-01
5.996225178693715546e-02,6.661590365550230652e-01
5.996875422190294652e-02,6.659591422879364009e-01
5.997522071663715509e-02,6.657592468549602405e-01
5.998165150840371190e-02,6.655593502701960817e-01
5.998804683281176720e-02,6.653594525475652333e-01
5.999440692382661949e-02,6.651595537008110348e-01
6.000073201378053334e-02,6.649596537435010779e-01
6.000702233338357783e-02,6.647597526890297592e-01
6.001327811173431254e-02,6.645598505506203901e-01
6.001949957633048727e-02,6.643599473413275280e-01
6.002568695307965857e-02,6.641600430740391969e-01
6.003184046630972298e-02,6.639601377614787747e-01
6.003796033877945720e-02,6.637602314162077688e-01
6.004404679168890563e-02,6.635603240506272593e-01
6.005010004468982338e-02,6.633604156769804527e-01
6.005612031589595279e-02,6.631605063073545692e-01
6.006210782189328606e-02,6.629605959536830628e-01
6.006806277775032094e-02,6.627606846277473984e-01
6.007398539702818452e-02,6.625607723411790495e-01
6.007987589179070859e-02,6.623608591054618300e-01
6.008573447261449790e-02,6.621609449319334484e-01
6.009156134859890142e-02,6.619610298317873953e-01
6.009735672737592099e-02,6.617611138160752748e-01
6.010312081512011323e-02,6.615611968957080258e-01
6.010885381655835247e-02,6.613612790814584752e-01
6.011455593497961464e-02,6.611613603839626707e-01
6.012022737224467783e-02,6.609614408137216568e-01
6.012586832879574655e-02,6.607615203811033622e-01
6.013147900366604820e-02,6.605615990963447093e-01
6.013705959448937405e-02,6.603616769695525024e-01
6.014261029750953003e-02,6.601617540107059812e-01
6.014813130758975279e-02,6.599618302296579309e-01
6.015362281822213275e-02,6.597619056361365697e-01
6.015908502153684972e-02,6.595619802397472142e-01
6.016451810831147107e-02,6.593620540499736116e-01
6.016992226798013876e-02,6.591621270761799378e-01
6.017529768864271489e-02,6.589621993276121303e-01
6.018064455707389931e-02,6.587622708133992200e-01
6.018596305873220864e-02,6.585623415425554406e-01
6.019125337776903145e-02,6.583624115239813390e-01
6.019651569703751703e-02,6.581624807664649968e-01
6.020175019810145717e-02,6.579625492786841390e-01
6.020695706124411239e-02,6.577626170692071339e-01
6.021213646547701748e-02,6.575626841464945471e-01
6.021728858854862726e-02,6.573627505189005849e-01
6.022241360695304579e-02,6.571628161946744262e-01
6.022751169593863058e-02,6.569628811819616665e-01
6.023258302951654125e-02,6.567629454888055385e-01
6.023762778046922589e-02,6.565630091231483556e-01
6.024264612035894889e-02,6.563630720928328444e-01
6.024763821953611070e-02,6.561631344056033655e-01
6.025260424714769247e-02,6.559631960691073571e-01
6.025754437114546475e-02,6.557632570908962233e-01
6.026245875829431414e-02,6.555633174784269990e-01
6.026734757418044514e-02,6.553633772390635714e-01
6.027221098321946385e-02,6.551634363800774574e-01
6.027704914866456598e-02,6.549634949086495794e-01
6.028186223261451648e-02,6.547635528318709319e-01
6.028665039602168485e-02,6.545636101567442466e-01
6.029141379870001788e-02,6.543636668901845477e-01
6.029615259933290145e-02,6.541637230390210389e-01
6.030086695548101533e-02,6.539637786099973260e-01
6.030555702359019499e-02,6.537638336097735259e-01
6.031022295899909902e-02,6.535638880449263777e-01
6.031486491594698074e-02,6.533639419219512412e-01
6.031948304758134177e-02,6.531639952472623190e-01
6.032407750596550239e-02,6.529640480271945435e-01
6.032864844208619959e-02,6.527641002680035776e-01
6.033319600586110887e-02,6.525641519758679232e-01
6.033772034614626883e-02,6.523642031568893662e-01
6.034222161074353358e-02,6.521642538170937531e-01
6.034669994640794177e-02,6.519643039624326564e-01
6.035115549885504416e-02,6.517643535987835968e-01
6.035558841276816161e-02,6.515644027319515974e-01
6.035999883180565018e-02,6.513644513676697390e-01
6.036438689860804813e-02,6.511644995116004919e-01
6.036875275480525771e-02,6.509645471693359386e-01
6.037309654102361589e-02,6.507645943463995497e-01
6.037741839689293732e-02,6.505646410482464059e-01
6.038171846105355733e-02,6.503646872802644197e-01
6.038599687116322223e-02,6.501647330477751119e-01
6.039025376390407679e-02,6.499647783560343894e-01
6.039448927498946434e-02,6.497648232102335442e-01
6.039870353917083101e-02,6.495648676155001411e-01
6.040289669024441477e-02,6.493649115768984625e-01
6.040706886105805945e-02,6.491649550994307294e-01
6.041122018351784834e-02,6.489649981880377672e-01
6.041535078859480712e-02,6.487650408475997832e-01
6.041946080633144728e-02,6.485650830829371438e-01
6.042355036584839967e-02,6.483651248988112625e-01
6.042761959535087463e-02,6.481651662999250441e-01
6.043166862213514984e-02,6.479652072909241056e-01
6.043569757259502351e-02,6.477652478763969990e-01
6.043970657222821896e-02,6.475652880608764317e-01
6.044369574564267822e-02,6.473653278488397111e-01
6.044766521656290414e-02,6.471653672447094108e-01
6.045161510783626096e-02,6.469654062528543692e-01
6.045554554143910825e-02,6.467654448775900233e-01
6.045945663848308060e-02,6.465654831231794075e-01
6.046334851922115922e-02,6.463655209938334867e-01
6.046722130305382664e-02,6.461655584937122665e-01
6.047107510853508977e-02,6.459655956269250154e-01
6.047491005337851666e-02,6.457656323975310420e-01
6.047872625446318318e-02,6.455656688095408047e-01
6.048252382783970982e-02,6.453657048669155794e-01
6.048630288873602101e-02,6.451657405735691242e-01
6.049006355156333337e-02,6.449657759333674578e-01
6.049380592992189415e-02,6.447658109501299695e-01
6.049753013660680995e-02,6.445658456276300852e-01
6.050123628361377126e-02,6.443658799695952677e-01
6.050492448214477709e-02,6.441659139797082378e-01
6.050859484261375543e-02,6.439659476616070855e-01
6.051224747465223930e-02,6.437659810188860465e-01
6.051588248711495255e-02,6.435660140550965025e-01
6.051949998808532627e-02,6.433660467737465360e-01
6.052310008488105686e-02,6.431660791783022635e-01
6.052668288405957386e-02,6.429661112721880567e-01
6.053024849142343844e-02,6.427661430587873204e-01
6.053379701202579732e-02,6.425661745414428250e-01
6.053732855017574660e-02,6.423662057234571510e-01
6.054084320944363301e-02,6.421662366080931328e-01
6.054434109266636221e-02,6.419662671985750801e-01
6.054782230195266540e-02,6.417662974980882229e-01
6.055128693868831041e-02,6.415663275097799323e-01
6.055473510354127814e-02,6.413663572367599430e-01
6.055816689646693896e-02,6.411663866821006863e-01
6.056158241671315279e-02,6.409664158488384000e-01
6.056498176282534840e-02,6.407664447399726848e-01
6.056836503265156796e-02,6.405664733584676140e-01
6.057173232334747692e-02,6.403665017072519561e-01
6.057508373138134616e-02,6.401665297892197293e-01
6.057841935253900634e-02,6.399665576072305351e-01
6.058173928192871205e-02,6.397665851641098911e-01
6.058504361398606153e-02,6.395666124626498972e-01
6.058833244247880528e-02,6.393666395056096796e-01
6.059160586051168945e-02,6.391666662957156131e-01
6.059486396053116730e-02,6.389666928356616538e-01
6.059810683433022177e-02,6.387667191281101164e-01
6.060133457305297983e-02,6.385667451756918966e-01
6.060454726719947255e-02,6.383667709810065816e-01
6.060774500663021480e-02,6.381667965466231163e-01
6.061092788057084041e-02,6.379668218750805808e-01
6.061409597761669571e-02,6.377668469688877462e-01
6.061724938573734983e-02,6.375668718305240734e-01
6.062038819228113273e-02,6.373668964624397137e-01
6.062351248397959691e-02,6.371669208670560636e-01
6.062662234695199298e-02,6.369669450467663196e-01
6.062971786670968283e-02,6.367669690039354791e-01
6.063279912816050415e-02,6.365669927409007833e-01
6.063586621561316281e-02,6.363670162599721625e-01
6.063891921278152797e-02,6.361670395634324571e-01
6.064195820278896198e-02,6.359670626535378624e-01
6.064498326817254620e-02,6.357670855325184833e-01
6.064799449088736916e-02,6.355671082025780017e-01
6.065099195231067608e-02,6.353671306658945639e-01
6.065397573324610159e-02,6.351671529246212256e-01
6.065694591392774976e-02,6.349671749808855070e-01
6.065990257402440605e-02,6.347671968367907258e-01
6.066284579264352023e-02,6.345672184944152194e-01
6.066577564833534192e-02,6.343672399558135666e-01
6.066869221909693827e-02,6.341672612230164763e-01
6.067159558237616296e-02,6.339672822980311206e-01
6.067448581507565997e-02,6.337673031828413572e-01
6.067736299355681873e-02,6.335673238794081730e-01
6.068022719364366685e-02,6.333673443896699062e-01
6.068307849062676285e-02,6.331673647155424689e-01
6.068591695926706803e-02,6.329673848589196794e-01
6.068874267379979759e-02,6.327674048216735958e-01
6.069155570793817456e-02,6.325674246056547378e-01
6.069435613487728087e-02,6.323674442126921980e-01
6.069714402729774888e-02,6.321674636445941964e-01
6.069991945736953609e-02,6.319674829031480812e-01
6.070268249675558891e-02,6.317675019901209943e-01
6.070543321661552721e-02,6.315675209072593166e-01
6.070817168760931498e-02,6.313675396562898889e-01
6.071089797990082693e-02,6.311675582389194572e-01
6.071361216316152609e-02,6.309675766568355604e-01
6.071631430657391942e-02,6.307675949117063086e-01
6.071900447883523538e-02,6.305676130051808270e-01
6.072168274816083094e-02,6.303676309388893673e-01
6.072434918228773043e-02,6.301676487144437511e-01
6.072700384847808802e-02,6.299676663334373705e-01
6.072964681352265026e-02,6.297676837974455211e-01
6.073227814374414918e-02,6.295677011080256236e-01
6.073489790500068153e-02,6.293677182667174463e-01
6.073750616268911579e-02,6.291677352750433272e-01
6.074010298174842976e-02,6.289677521345082845e-01
6.074268842666297880e-02,6.287677688466004611e-01
6.074526256146588199e-02,6.285677854127911246e-01
6.074782544974222098e-02,6.283678018345346672e-01
6.075037715463230126e-02,6.281678181132694938e-01
6.075291773883492036e-02,6.279678342504175781e-01
6.075544726461051120e-02,6.277678502473850175e-01
6.075796579378436174e-02,6.275678661055619223e-01
6.076047338774975132e-02,6.273678818263227486e-01
6.076297010747110094e-02,6.271678974110268534e-01
6.076545601348706110e-02,6.269679128610181618e-01
6.076793116591360649e-02,6.267679281776253886e-01
6.077039562444709608e-02,6.265679433621624828e-01
6.077284944836735397e-02,6.263679584159289604e-01
6.077529269654062538e-02,6.261679733402093495e-01
6.077772542742262973e-02,6.259679881362743004e-01
6.078014769906149584e-02,6.257680028053800303e-01
6.078255956910077334e-02,6.255680173487687679e-01
6.078496109478228465e-02,6.253680317676690859e-01
6.078735233294910861e-02,6.251680460632956793e-01
6.078973334004843243e-02,6.249680602368500315e-01
6.079210417213444517e-02,6.247680742895199701e-01
6.079446488487116884e-02,6.245680882224805552e-01
6.079681553353527557e-02,6.243681020368934131e-01
6.079915617301892561e-02,6.241681157339077357e-01
6.080148685783253598e-02,6.239681293146597252e-01
6.080380764210753519e-02,6.237681427802730383e-01
6.080611857959915267e-02,6.235681561318592303e-01
6.080841972368907639e-02,6.233681693705173110e-01
6.081071112738821449e-02,6.231681824973344108e-01
6.081299284333935989e-02,6.229681955133854476e-01
6.081526492381984783e-02,6.227682084197339041e-01
6.081752742074423429e-02,6.225682212174312724e-01
6.081978038566687034e-02,6.223682339075177206e-01
6.082202386978457359e-02,6.221682464910219812e-01
6.082425792393915398e-02,6.219682589689613517e-01
6.082648259862003665e-02,6.217682713423424712e-01
6.082869794396675300e-02,6.215682836121604327e-01
6.083090400977154977e-02,6.213682957793998929e-01
6.083310084548183144e-02,6.211683078450347395e-01
6.083528850020268608e-02,6.209683198100279800e-01
6.083746702269936246e-02,6.207683316753324076e-01
6.083963646139972647e-02,6.205683434418904909e-01
6.084179686439668278e-02,6.203683551106344840e-01
6.084394827945062423e-02,6.201683666824863161e-01
6.084609075399180500e-02,6.199683781583581466e-01
6.084822433512276918e-02,6.197683895391522535e-01
6.085034906962066836e-02,6.195684008257610342e-01
6.085246500393964864e-02,6.193684120190675602e-01
6.085457218421316122e-02,6.191684231199450217e-01
6.085667065625631478e-02,6.189684341292575054e-01
6.085876046556811664e-02,6.187684450478596609e-01
6.086084165733379736e-02,6.185684558765969232e-01
6.086291427642707974e-02,6.183684666163056232e-01
6.086497836741239231e-02,6.181684772678135431e-01
6.086703397454713838e-02,6.179684878319390284e-01
6.086908114178386092e-02,6.177684983094919868e-01
6.087111991277251860e-02,6.175685087012736663e-01
6.087315033086258126e-02,6.173685190080766549e-01
6.087517243910525733e-02,6.171685292306853254e-01
6.087718628025563100e-02,6.169685393698751685e-01
6.087919189677475779e-02,6.167685494264141255e-01
6.088118933083183637e-02,6.165685594010615889e-01
6.088317862430627642e-02,6.163685692945688466e-01
6.088515981878980798e-02,6.161685791076793040e-01
6.088713295558852157e-02,6.159685888411285948e-01
6.088909807572495669e-02,6.157685984956444702e-01
6.089105521994010728e-02,6.155686080719469100e-01
6.089300442869548941e-02,6.153686175707486772e-01
6.089494574217512585e-02,6.151686269927544304e-01
6.089687920028753754e-02,6.149686363386618337e-01
6.089880484266772809e-02,6.147686456091611129e-01
6.090072270867915444e-02,6.145686548049351661e-01
6.090263283741566974e-02,6.143686639266598970e-01
6.090453526770345932e-02,6.141686729750039930e-01
6.090643003810296968e-02,6.139686819506290361e-01
6.090831718691082364e-02,6.137686908541899466e-01
6.091019675216170770e-02,6.135686996863345399e-01
6.091206877163021088e-02,6.133687084477040807e-01
6.091393328283275371e-02,6.131687171389330615e-01
6.091579032302939928e-02,6.129687257606493134e-01
6.091763992922570592e-02,6.127687343134742282e-01
6.091948213817453828e-02,6.125687427980228694e-01
6.092131698637787834e-02,6.123687512149034173e-01
6.092314451008863652e-02,6.121687595647183899e-01
6.092496474531242795e-02,6.119687678480636439e-01
6.092677772780932810e-02,6.117687760655290408e-01
6.092858349309564214e-02,6.115687842176982247e-01
6.093038207644565357e-02,6.113687923051489559e-01
6.093217351289333811e-02,6.111688003284531101e-01
6.093395783723408454e-02,6.109688082881763460e-01
6.093573508402639477e-02,6.107688161848787711e-01
6.093750528759360463e-02,6.105688240191147198e-01
6.093926848202552149e-02,6.103688317914328643e-01
6.094102470118011733e-02,6.101688395023761036e-01
6.094277397868517326e-02,6.099688471524817857e-01
6.094451634793991712e-02,6.097688547422820404e-01
6.094625184211666102e-02,6.095688622723033356e-01
6.094798049416239732e-02,6.093688697430666990e-01
6.094970233680043620e-02,6.091688771550880510e-01
6.095141740253196688e-02,6.089688845088779834e-01
6.095312572363767445e-02,6.087688918049418696e-01
6.095482733217924554e-02,6.085688990437799761e-01
6.095652226000099899e-02,6.083689062258874625e-01
6.095821053873139161e-02,6.081689133517547141e-01
6.095989219978453777e-02,6.079689204218665655e-01
6.096156727436177064e-02,6.077689274367037431e-01
6.096323579345310634e-02,6.075689343967414224e-01
6.096489778783879127e-02,6.073689413024505601e-01
6.096655328809075930e-02,6.071689481542967837e-01
6.096820232457411670e-02,6.069689549527416128e-01
6.096984492744860623e-02,6.067689616982416823e-01
6.097148112667005737e-02,6.065689683912489638e-01
6.097311095199183656e-02,6.063689750322108774e-01
6.097473443296628354e-02,6.061689816215707349e-01
6.097635159894611995e-02,6.059689881597668526e-01
6.097796247908588568e-02,6.057689946472337716e-01
6.097956710234327116e-02,6.055690010844011484e-01
6.098116549748062304e-02,6.053690074716948644e-01
6.098275769306622102e-02,6.051690138095361382e-01
6.098434371747567945e-02,6.049690200983423027e-01
6.098592359889334208e-02,6.047690263385263609e-01
6.098749736531355187e-02,6.045690325304973189e-01
6.098906504454208038e-02,6.043690386746600751e-01
6.099062666419739071e-02,6.041690447714157530e-01
6.099218225171197660e-02,6.039690508211612574e-01
6.099373183433368095e-02,6.037690568242894962e-01
6.099527543912697247e-02,6.035690627811898246e-01
6.099681309297426413e-02,6.033690686922476010e-01
6.099834482257715518e-02,6.031690745578444091e-01
6.099987065445773571e-02,6.029690803783580577e-01
6.100139061495980092e-02,6.027690861541628031e-01
6.100290473025017646e-02,6.025690918856289047e-01
6.100441302631986334e-02,6.023690975731234021e-01
6.100591552898536329e-02,6.021691032170095603e-01
6.100741226388982363e-02,6.019691088176470917e-01
6.100890325650431406e-02,6.017691143753922667e-01
6.101038853212895074e-02,6.015691198905979142e-01
6.101186811589420084e-02,6.013691253636133105e-01
6.101334203276195800e-02,6.011691307947842899e-01
6.101481030752679141e-02,6.009691361844536894e-01
6.101627296481708373e-02,6.007691415329607931e-01
6.101773002909618993e-02,6.005691468406414435e-01
6.101918152466360989e-02,6.003691521078284854e-01
6.102062747565609874e-02,6.001691573348516551e-01
6.102206790604883246e-02,5.999691625220371360e-01
6.102350283965648353e-02,5.997691676697083363e-01
6.102493230013440045e-02,5.995691727781854441e-01
6.102635631097965557e-02,5.993691778477854282e-01
6.102777489553219692e-02,5.991691828788222596e-01
6.102918807697588904e-02,5.989691878716072448e-01
6.103059587833962324e-02,5.987691928264483598e-01
6.103199832249841389e-02,5.985691977436506939e-01
6.103339543217439073e-02,5.983692026235165606e-01
6.103478722993794375e-02,5.981692074663452763e-01
6.103617373820872244e-02,5.979692122724333814e-01
6.103755497925669737e-02,5.977692170420746409e-01
6.103893097520315947e-02,5.975692217755599334e-01
6.104030174802180242e-02,5.973692264731773616e-01
6.104166731953970804e-02,5.971692311352124749e-01
6.104302771143833850e-02,5.969692357619480472e-01
6.104438294525459802e-02,5.967692403536639656e-01
6.104573304238176262e-02,5.965692449106378970e-01
6.104707802407052797e-02,5.963692494331447325e-01
6.104841791142992524e-02,5.961692539214565878e-01
6.104975272542837589e-02,5.959692583758432471e-01
6.105108248689457284e-02,5.957692627965718302e-01
6.105240721651850055e-02,5.955692671839072361e-01
6.105372693485235092e-02,5.953692715381113665e-01
6.105504166231148777e-02,5.951692758594443466e-01
6.105635141917539060e-02,5.949692801481633042e-01
6.105765622558854272e-02,5.947692844045233684e-01
6.105895610156140962e-02,5.945692886287768930e-01
6.106025106697130639e-02,5.943692928211743443e-01
6.106154114156334134e-02,5.941692969819636350e-01
6.106282634495129730e-02,5.939693011113904575e-01
6.106410669661855445e-02,5.937693052096981727e-01
6.106538221591892301e-02,5.935693092771276991e-01
6.106665292207760776e-02,5.933693133139181786e-01
6.106791883419198513e-02,5.931693173203063107e-01
6.106917997123256781e-02,5.929693212965266857e-01
6.107043635204378873e-02,5.927693252428115622e-01
6.107168799534491710e-02,5.925693291593912004e-01
6.107293491973085631e-02,5.923693330464939732e-01
6.107417714367303213e-02,5.921693369043457000e-01
6.107541468552019764e-02,5.919693407331705348e-01
6.107664756349925894e-02,5.917693445331905222e-01
6.107787579571612863e-02,5.915693483046254864e-01
6.107909940015652378e-02,5.913693520476933640e-01
6.108031839468678476e-02,5.911693557626103157e-01
6.108153279705466621e-02,5.909693594495901703e-01
6.108274262489014200e-02,5.907693631088452024e-01
6.108394789570621708e-02,5.905693667405853553e-01
6.108514862689967684e-02,5.903693703450192398e-01
6.108634483575191981e-02,5.901693739223530244e-01
6.108753653942966544e-02,5.899693774727913231e-01
6.108872375498580060e-02,5.897693809965367517e-01
6.108990649936006656e-02,5.895693844937904826e-01
6.109108478937986392e-02,5.893693879647513567e-01
6.109225864176100890e-02,5.891693914096168827e-01
6.109342807310844808e-02,5.889693948285824598e-01
6.109459309991702169e-02,5.887693982218419331e-01
6.109575373857217134e-02,5.885694015895874820e-01
6.109691000535071720e-02,5.883694049320095099e-01
6.109806191642153800e-02,5.881694082492966436e-01
6.109920948784632044e-02,5.879694115416358446e-01
6.110035273558022534e-02,5.877694148092127424e-01
6.110149167547264393e-02,5.875694180522107457e-01
6.110262632326790566e-02,5.873694212708121531e-01
6.110375669460591658e-02,5.871694244651974870e-01
6.110488280502289482e-02,5.869694276355456042e-01
6.110600466995205760e-02,5.867694307820338073e-01
6.110712230472428730e-02,5.865694339048380668e-01
6.110823572456881847e-02,5.863694370041325765e-01
6.110934494461387617e-02,5.861694400800899762e-01
6.111044997988741845e-02,5.859694431328814623e-01
6.111155084531770532e-02,5.857694461626770099e-01
6.111264755573400653e-02,5.855694491696447068e-01
6.111374012586723303e-02,5.853694521539514195e-01
6.111482857035063776e-02,5.851694551157624602e-01
6.111591290372033608e-02,5.849694580552416978e-01
6.111699314041609682e-02,5.847694609725517800e-01
6.111806929478182104e-02,5.845694638678535782e-01
6.111914138106628452e-02,5.843694667413070754e-01
6.112020941342370672e-02,5.841694695930703674e-01
6.112127340591437530e-02,5.839694724233006617e-01
6.112233337250525672e-02,5.837694752321533898e-01
6.112338932707059302e-02,5.835694780197829834e-01
6.112444128339255406e-02,5.833694807863423204e-01
6.112548925516176485e-02,5.831694835319831682e-01
6.112653325597797171e-02,5.829694862568557401e-01
6.112757329935056966e-02,5.827694889611093609e-01
6.112860939869920601e-02,5.825694916448916905e-01
6.112964156735439802e-02,5.823694943083493891e-01
6.113066981855805326e-02,5.821694969516277851e-01
6.113169416546410107e-02,5.819694995748709854e-01
6.113271462113898519e-02,5.817695021782217646e-01
6.113373119856229526e-02,5.815695047618218982e-01
6.113474391062730801e-02,5.813695073258120516e-01
6.113575277014149378e-02,5.811695098703312246e-01
6.113675778982715497e-02,5.809695123955177509e-01
6.113775898232189088e-02,5.807695149015086322e-01
6.113875636017918752e-02,5.805695173884396487e-01
6.113974993586895196e-02,5.803695198564454705e-01
6.114073972177799798e-02,5.801695223056597683e-01
6.114172573021065676e-02,5.799695247362149919e-01
6.114270797338923480e-02,5.797695271482425916e-01
6.114368646345458291e-02,5.795695295418726856e-01
6.114466121246657504e-02,5.793695319172346148e-01
6.114563223240464945e-02,5.791695342744564989e-01
6.114659953516830143e-02,5.789695366136653476e-01
6.114756313257760367e-02,5.787695389349872821e-01
6.114852303637370590e-02,5.785695412385473135e-01
6.114947925821932057e-02,5.783695435244693428e-01
6.115043180969925718e-02,5.781695457928763826e-01
6.115138070232085943e-02,5.779695480438904465e-01
6.115232594751451867e-02,5.777695502776323266e-01
6.115326755663417352e-02,5.775695524942222603e-01
6.115420554095775396e-02,5.773695546937790413e-01
6.115513991168769481e-02,5.771695568764206863e-01
6.115607067995137980e-02,5.769695590422644349e-01
6.115699785680163425e-02,5.767695611914263054e-01
6.115792145321716916e-02,5.765695633240215390e-01
6.115884148010306692e-02,5.763695654401643775e-01
6.115975794829122542e-02,5.761695675399680638e-01
6.116067086854079515e-02,5.759695696235451745e-01
6.116158025153867195e-02,5.757695716910072870e-01
6.116248610789991325e-02,5.755695737424649794e-01
6.116338844816820997e-02,5.753695757780279418e-01
6.116428728281630284e-02,5.751695777978050872e-01
6.116518262224641955e-02,5.749695798019044402e-01
6.116607447679073967e-02,5.747695817904332483e-01
6.116696285671180400e-02,5.745695837634976488e-01
6.116784777220293789e-02,5.743695857212033351e-01
6.116872923338868145e-02,5.741695876636547791e-01
6.116960725032523361e-02,5.739695895909557866e-01
6.117048183300085457e-02,5.737695915032093863e-01
6.117135299133625442e-02,5.735695934005178298e-01
6.117222073518503722e-02,5.733695952829824805e-01
6.117308507433412423e-02,5.731695971507038134e-01
6.117394601850412866e-02,5.729695990037817488e-01
6.117480357734975810e-02,5.727696008423152074e-01
6.117565776046025167e-02,5.725696026664026661e-01
6.117650857735972003e-02,5.723696044761413804e-01
6.117735603750759643e-02,5.721696062716281617e-01
6.117820015029899750e-02,5.719696080529591553e-01
6.117904092506511876e-02,5.717696098202293964e-01
6.117987837107358856e-02,5.715696115735335869e-01
6.118071249752893292e-02,5.713696133129653187e-01
6.118154331357286008e-02,5.711696150386178505e-01
6.118237082828469064e-02,5.709696167505834419e-01
6.118319505068171849e-02,5.707696184489537972e-01
6.118401598971959232e-02,5.705696201338199547e-01
6.118483365429264881e-02,5.703696218052719535e-01
6.118564805323432887e-02,5.701696234633994997e-01
6.118645919531750382e-02,5.699696251082916332e-01
6.118726708925483621e-02,5.697696267400363945e-01
6.118807174369914753e-02,5.695696283587214914e-01
6.118887316724379299e-02,5.693696299644336323e-01
6.118967136842295984e-02,5.691696315572591924e-01
6.119046635571205595e-02,5.689696331372838811e-01
6.119125813752807064e-02,5.687696347045925194e-01
6.119204672222985225e-02,5.685696362592694841e-01
6.119283211811852446e-02,5.683696378013984862e-01
6.119361433343777773e-02,5.681696393310626814e-01
6.119439337637423010e-02,5.679696408483444481e-01
6.119516925505773947e-02,5.677696423533257208e-01
6.119594197756174359e-02,5.675696438460876569e-01
6.119671155190359313e-02,5.673696453267109696e-01
6.119747798604487088e-02,5.671696467952758169e-01
6.119824128789173173e-02,5.669696482518614689e-01
6.119900146529517332e-02,5.667696496965469732e-01
6.119975852605143846e-02,5.665696511294106008e-01
6.120051247790224414e-02,5.663696525505301782e-01
6.120126332853516316e-02,5.661696539599827549e-01
6.120201108558387393e-02,5.659696553578451583e-01
6.120275575662852824e-02,5.657696567441933277e-01
6.120349734919602880e-02,5.655696581191027583e-01
6.120423587076032068e-02,5.653696594826486121e-01
6.120497132874271051e-02,5.651696608349051631e-01
6.120570373051217872e-02,5.649696621759463522e-01
6.120643308338565708e-02,5.647696635058455650e-01
6.120715939462830629e-02,5.645696648246757432e-01
6.120788267145386291e-02,5.643696661325091624e-01
6.120860292102487527e-02,5.641696674294176539e-01
6.120932015045302266e-02,5.639696687154727162e-01
6.121003436679938597e-02,5.637696699907448483e-01
6.121074557707473912e-02,5.635696712553046606e-01
6.121145378823984740e-02,5.633696725092218749e-01
6.121215900720571729e-02,5.631696737525657692e-01
6.121286124083387403e-02,5.629696749854052884e-01
6.121356049593665999e-02,5.627696762078088222e-01
6.121425677927749831e-02,5.625696774198443162e-01
6.121495009757117745e-02,5.623696786215789389e-01
6.121564045748407318e-02,5.621696798130799699e-01
6.121632786563446782e-02,5.619696809944139115e-01
6.121701232859280001e-02,5.617696821656464889e-01
6.121769385288190063e-02,5.615696833268436494e-01
6.121837244497731895e-02,5.613696844780704520e-01
6.121904811130748914e-02,5.611696856193915117e-01
6.121972085825407028e-02,5.609696867508711104e-01
6.122039069215215457e-02,5.607696878725731970e-01
6.122105761929053785e-02,5.605696889845610542e-01
6.122172164591196258e-02,5.603696900868977426e-01
6.122238277821338143e-02,5.601696911796457679e-01
6.122304102234618628e-02,5.599696922628673024e-01
6.122369638441646500e-02,5.597696933366238525e-01
6.122434887048524427e-02,5.595696944009771467e-01
6.122499848656871163e-02,5.593696954559876922e-01
6.122564523863849306e-02,5.591696965017161070e-01
6.122628913262187500e-02,5.589696975382225652e-01
6.122693017440200558e-02,5.587696985655666859e-01
6.122756836981818607e-02,5.585696995838077550e-01
6.122820372466606514e-02,5.583697005930048363e-01
6.122883624469788871e-02,5.581697015932163275e-01
6.122946593562271500e-02,5.579697025845005154e-01
6.123009280310664354e-02,5.577697035669149095e-01
6.123071685277305110e-02,5.575697045405172414e-01
6.123133809020282065e-02,5.573697055053643545e-01
6.123195652093453567e-02,5.571697064615129813e-01
6.123257215046470914e-02,5.569697074090194100e-01
6.123318498424803330e-02,5.567697083479395959e-01
6.123379502769755317e-02,5.565697092783291611e-01
6.123440228618492326e-02,5.563697102002433947e-01
6.123500676504057411e-02,5.561697111137369198e-01
6.123560846955396902e-02,5.559697120188645814e-01
6.123620740497377757e-02,5.557697129156804472e-01
6.123680357650812534e-02,5.555697138042384742e-01
6.123739698932476050e-02,5.553697146845920640e-01
6.123798764855128279e-02,5.551697155567945074e-01
6.123857555927533086e-02,5.549697164208986511e-01
6.123916072654480430e-02,5.547697172769570084e-01
6.123974315536805102e-02,5.545697181250217600e-01
6.124032285071408926e-02,5.543697189651449753e-01
6.124089981751273948e-02,5.541697197973780575e-01
6.124147406065490185e-02,5.539697206217722991e-01
6.124204558499272283e-02,5.537697214383787703e-01
6.124261439533975476e-02,5.535697222472479861e-01
6.124318049647119871e-02,5.533697230484304619e-01
6.124374389312405714e-02,5.531697238419760465e-01
6.124430458999732124e-02,5.529697246279345890e-01
6.124486259175220687e-02,5.527697254063556054e-01
6.124541790301227251e-02,5.525697261772880564e-01
6.124597052836366906e-02,5.523697269407810140e-01
6.124652047235524394e-02,5.521697276968828838e-01
6.124706773949882554e-02,5.519697284456420716e-01
6.124761233426929963e-02,5.517697291871065390e-01
6.124815426110484518e-02,5.515697299213240257e-01
6.124869352440713566e-02,5.513697306483420491e-01
6.124923012854142923e-02,5.511697313682077937e-01
6.124976407783683241e-02,5.509697320809681109e-01
6.125029537658641110e-02,5.507697327866696302e-01
6.125082402904740569e-02,5.505697334853587588e-01
6.125135003944136292e-02,5.503697341770816820e-01
6.125187341195433011e-02,5.501697348618841410e-01
6.125239415073703564e-02,5.499697355398117660e-01
6.125291225990499994e-02,5.497697362109100760e-01
6.125342774353878528e-02,5.495697368752239242e-01
6.125394060568405824e-02,5.493697375327981636e-01
6.125445085035184645e-02,5.491697381836775360e-01
6.125495848151863570e-02,5.489697388279063395e-01
6.125546350312655736e-02,5.487697394655286498e-01
6.125596591908356175e-02,5.485697400965884318e-01
6.125646573326352928e-02,5.483697407211292063e-01
6.125696294950646464e-02,5.481697413391942719e-01
6.125745757161864952e-02,5.479697419508270384e-01
6.125794960337277439e-02,5.477697425560702493e-01
6.125843904850811206e-02,5.475697431549666483e-01
6.125892591073066329e-02,5.473697437475587568e-01
6.125941019371330953e-02,5.471697443338887634e-01
6.125989190109594473e-02,5.469697449139987455e-01
6.126037103648563492e-02,5.467697454879305585e-01
6.126084760345677782e-02,5.465697460557256138e-01
6.126132160555124856e-02,5.463697466174255446e-01
6.126179304627848987e-02,5.461697471730713183e-01
6.126226192911574109e-02,5.459697477227039020e-01
6.126272825750811446e-02,5.457697482663641519e-01
6.126319203486876863e-02,5.455697488040924803e-01
6.126365326457901272e-02,5.453697493359294102e-01
6.126411194998851450e-02,5.451697498619149096e-01
6.126456809441534201e-02,5.449697503820889466e-01
6.126502170114620643e-02,5.447697508964912672e-01
6.126547277343648290e-02,5.445697514051615062e-01
6.126592131451045337e-02,5.443697519081388547e-01
6.126636732756135517e-02,5.441697524054625035e-01
6.126681081575158921e-02,5.439697528971715323e-01
6.126725178221277546e-02,5.437697533833046881e-01
6.126769023004592640e-02,5.435697538639004955e-01
6.126812616232157893e-02,5.433697543389973683e-01
6.126855958207989838e-02,5.431697548086334981e-01
6.126899049233083816e-02,5.429697552728470766e-01
6.126941889605421604e-02,5.427697557316759625e-01
6.126984479619989460e-02,5.425697561851576811e-01
6.127026819568785754e-02,5.423697566333298692e-01
6.127068909740837621e-02,5.421697570762299412e-01
6.127110750422210678e-02,5.419697575138949786e-01
6.127152341896019427e-02,5.417697579463620627e-01
6.127193684442442528e-02,5.415697583736678311e-01
6.127234778338733895e-02,5.413697587958492541e-01
6.127275623859234494e-02,5.411697592129426360e-01
6.127316221275380670e-02,5.409697596249845031e-01
6.127356570855721496e-02,5.407697600320109377e-01
6.127396672865927096e-02,5.405697604340579110e-01
6.127436527568797670e-02,5.403697608311615053e-01
6.127476135224282222e-02,5.401697612233573587e-01
6.127515496089479957e-02,5.399697616106808873e-01
6.127554610418661091e-02,5.397697619931677293e-01
6.127593478463271709e-02,5.395697623708530788e-01
6.127632100471944870e-02,5.393697627437721298e-01
6.127670476690514484e-02,5.391697631119597434e-01
6.127708607362025023e-02,5.389697634754508915e-01
6.127746492726741240e-02,5.387697638342802131e-01
6.127784133022159963e-02,5.385697641884821252e-01
6.127821528483017727e-02,5.383697645380913777e-01
6.127858679341307430e-02,5.381697648831420544e-01
6.127895585826281799e-02,5.379697652236681282e-01
6.127932248164467965e-02,5.377697655597039050e-01
6.127968666579674401e-02,5.375697658912831356e-01
6.128004841293006183e-02,5.373697662184395707e-01
6.128040772522867774e-02,5.371697665412069611e-01
6.128076460484980365e-02,5.369697668596185025e-01
6.128111905392387426e-02,5.367697671737078347e-01
6.128147107455463038e-02,5.365697674835080422e-01
6.128182066881926460e-02,5.363697677890523208e-01
6.128216783876846985e-02,5.361697680903736440e-01
6.128251258642658517e-02,5.359697683875048746e-01
6.128285491379162342e-02,5.357697686804787640e-01
6.128319482283543784e-02,5.355697689693280639e-01
6.128353231550374980e-02,5.353697692540851927e-01
6.128386739371630143e-02,5.351697695347825690e-01
6.128420005936687648e-02,5.349697698114523892e-01
6.128453031432346682e-02,5.347697700841270718e-01
6.128485816042830714e-02,5.345697703528384803e-01
6.128518359949797906e-02,5.343697706176188111e-01
6.128550663332350823e-02,5.341697708784997056e-01
6.128582726367044764e-02,5.339697711355129162e-01
6.128614549227898167e-02,5.337697713886904172e-01
6.128646132086395387e-02,5.335697716380632949e-01
6.128677475111501266e-02,5.333697718836634127e-01
6.128708578469668072e-02,5.331697721255218569e-01
6.128739442324843828e-02,5.329697723636699358e-01
6.128770066838479247e-02,5.327697725981388466e-01
6.128800452169533980e-02,5.325697728289595645e-01
6.128830598474493963e-02,5.323697730561631758e-01
6.128860505907367251e-02,5.321697732797805447e-01
6.128890174619700676e-02,5.319697734998423133e-01
6.128919604760586781e-02,5.317697737163793459e-01
6.128948796476667293e-02,5.315697739294220625e-01
6.128977749912144918e-02,5.313697741390011053e-01
6.129006465208790971e-02,5.311697743451468945e-01
6.129034942505950240e-02,5.309697745478896280e-01
6.129063181940550692e-02,5.307697747472596150e-01
6.129091183647113195e-02,5.305697749432871646e-01
6.129118947757752900e-02,5.303697751360022528e-01
6.129146474402194511e-02,5.301697753254348555e-01
6.129173763707772282e-02,5.299697755116150599e-01
6.129200815799441815e-02,5.297697756945725089e-01
6.129227630799785609e-02,5.295697758743371786e-01
6.129254208829022776e-02,5.293697760509387118e-01
6.129280550005011124e-02,5.291697762244067516e-01
6.129306654443258257e-02,5.289697763947707188e-01
6.129332522256929205e-02,5.287697765620602564e-01
6.129358153556850597e-02,5.285697767263046742e-01
6.129383548451516894e-02,5.283697768875332823e-01
6.129408707047100113e-02,5.281697770457756125e-01
6.129433629447456067e-02,5.279697772010607526e-01
6.129458315754131303e-02,5.277697773534177905e-01
6.129482766066366578e-02,5.275697775028757031e-01
6.129506980481105177e-02,5.273697776494636891e-01
6.129530959093003328e-02,5.271697777932107254e-01
6.129554701994429505e-02,5.269697779341455668e-01
6.129578209275478307e-02,5.267697780722970791e-01
6.129601481023969067e-02,5.265697782076941280e-01
6.129624517325459737e-02,5.263697783403654684e-01
6.129647318263246880e-02,5.261697784703396330e-01
6.129669883918378165e-02,5.259697785976453765e-01
6.129692214369648895e-02,5.257697787223110097e-01
6.129714309693620050e-02,5.255697788443653984e-01
6.129736169964614123e-02,5.253697789638367421e-01
6.129757795254728303e-02,5.251697790807534627e-01
6.129779185633835864e-02,5.249697791951440928e-01
6.129800341169593103e-02,5.247697793070367211e-01
6.129821261927446974e-02,5.245697794164596583e-01
6.129841947970636473e-02,5.243697795234412151e-01
6.129862399360205133e-02,5.241697796280095911e-01
6.129882616155001018e-02,5.239697797301927640e-01
6.129902598411683667e-02,5.237697798300188223e-01
6.129922346184730336e-02,5.235697799275159658e-01
6.129941859526442244e-02,5.233697800227119501e-01
6.129961138486947347e-02,5.231697801156350858e-01
6.129980183114209363e-02,5.229697802063129064e-01
6.129998993454031236e-02,5.227697802947736117e-01
6.130017569550056528e-02,5.225697803810449571e-01
6.130035911443783292e-02,5.223697804651545873e-01
6.130054019174561997e-02,5.221697805471305909e-01
6.130071892779605236e-02,5.219697806270003904e-01
6.130089532293987037e-02,5.217697807047919634e-01
6.130106937750656043e-02,5.215697807805328434e-01
6.130124109180433434e-02,5.213697808542507861e-01
6.130141046612022637e-02,5.211697809259734360e-01
6.130157750072010026e-02,5.209697809957281045e-01
6.130174219584874629e-02,5.207697810635428803e-01
6.130190455172987440e-02,5.205697811294449640e-01
6.130206456856621827e-02,5.203697811934617778e-01
6.130222224653954222e-02,5.201697812556210776e-01
6.130237758581070368e-02,5.199697813159501747e-01
6.130253058651970871e-02,5.197697813744766027e-01
6.130268124878573283e-02,5.195697814312278950e-01
6.130282957270719035e-02,5.193697814862312523e-01
6.130297555836176915e-02,5.191697815395143190e-01
6.130311920580648610e-02,5.189697815911041845e-01
6.130326051507771490e-02,5.187697816410283824e-01
6.130339948619122764e-02,5.185697816893142242e-01
6.130353611914228507e-02,5.183697817359890214e-01
6.130367041390560184e-02,5.181697817810801965e-01
6.130380237043545066e-02,5.179697818246149499e-01
6.130393198866568999e-02,5.177697818666204821e-01
6.130405926850980569e-02,5.175697819071243266e-01
6.130418420986093186e-02,5.173697819461535730e-01
6.130430681259192022e-02,5.171697819837356436e-01
6.130442707655536783e-02,5.169697820198975169e-01
6.130454500158366571e-02,5.167697820546668375e-01
6.130466058748902658e-02,5.165697820880705837e-01
6.130477383406353342e-02,5.163697821201358451e-01
6.130488474107917418e-02,5.161697821508901551e-01
6.130499330828789034e-02,5.159697821803607143e-01
6.130509953542161161e-02,5.157697822085747230e-01
6.130520342219227675e-02,5.155697822355592708e-01
6.130530496829188908e-02,5.153697822613416690e-01
6.130540417339256504e-02,5.151697822859492293e-01
6.130550103714654808e-02,5.149697823094090410e-01
6.130559555918625725e-02,5.147697823317485266e-01
6.130568773912431491e-02,5.145697823529948867e-01
6.130577757655359533e-02,5.143697823731752106e-01
6.130586507104725247e-02,5.141697823923169208e-01
6.130595022215877543e-02,5.139697824104472179e-01
6.130603302942198851e-02,5.137697824275931913e-01
6.130611349235109975e-02,5.135697824437823744e-01
6.130619161044074256e-02,5.133697824590419678e-01
6.130626738316602431e-02,5.131697824733991720e-01
6.130634080998252633e-02,5.129697824868812983e-01
6.130641189032635940e-02,5.127697824995156584e-01
6.130648062361419154e-02,5.125697825113298967e-01
6.130654700924328265e-02,5.123697825223509916e-01
6.130661104659149846e-02,5.121697825326063658e-01
6.130667273501739373e-02,5.119697825421234416e-01
6.130673207386019147e-02,5.117697825509295306e-01
6.130678906243983151e-02,5.115697825590523884e-01
6.130684370005701211e-02,5.113697825665188823e-01
6.130689598599321777e-02,5.111697825733569900e-01
6.130694591951072608e-02,5.109697825795938009e-01
6.130699349985267721e-02,5.107697825852569595e-01
6.130703872624308770e-02,5.105697825903741105e-01
6.130708159788686440e-02,5.103697825949724542e-01
6.130712211396985994e-02,5.101697825990798574e-01
6.130716027365889359e-02,5.099697826027237424e-01
6.130719607610174426e-02,5.097697826059317538e-01
6.130722952042726159e-02,5.095697826087315363e-01
6.130726060574530345e-02,5.093697826111507343e-01
6.130728933114684698e-02,5.091697826132171034e-01
6.130731569570394002e-02,5.089697826149583992e-01
6.130733969846977743e-02,5.087697826164021553e-01
6.130736133847873581e-02,5.085697826175763492e-01
6.130738061474635264e-02,5.083697826185087365e-01
6.130739752626940958e-02,5.081697826192272949e-01
6.130741207202589776e-02,5.079697826197597799e-01
6.130742425097511494e-02,5.077697826201340581e-01
6.130743406205764467e-02,5.075697826203782181e-01
6.130744150419539795e-02,5.073697826205201267e-01
6.130744657629162014e-02,5.071697826205879833e-01
6.130744927723093263e-02,5.069697826206097657e-01
6.130744960587938136e-02,5.067697826206134515e-01
6.130744756108442994e-02,5.065697826206274623e-01
6.130744314167498044e-02,5.063697826206798869e-01
6.130743634646141499e-02,5.061697826207988138e-01
6.130742717423563748e-02,5.059697826210127758e-01
6.130741562377104575e-02,5.057697826213496395e-01
6.130740169382262184e-02,5.055697826218383817e-01
6.130738538312689029e-02,5.053697826225069800e-01
6.130736669040198761e-02,5.051697826233840782e-01
6.130734561434767610e-02,5.049697826244980980e-01
6.130732215364536469e-02,5.047697826258776832e-01
6.130729630695810894e-02,5.045697826275514775e-01
6.130726807293068736e-02,5.043697826295479025e-01
6.130723745018957366e-02,5.041697826318958242e-01
6.130720443734297143e-02,5.039697826346239973e-01
6.130716903298086967e-02,5.037697826377611765e-01
6.130713123567502892e-02,5.035697826413364497e-01
6.130709104397898124e-02,5.033697826453784607e-01
6.130704845642813428e-02,5.031697826499162973e-01
6.130700347153971580e-02,5.029697826549790474e-01
6.130695608781282918e-02,5.027697826605956877e-01
6.130690630372848116e-02,5.025697826667954171e-01
6.130685411774956101e-02,5.023697826736073235e-01
6.130679952832091689e-02,5.021697826810610499e-01
6.130674253386934197e-02,5.019697826891855730e-01
6.130668313280361603e-02,5.017697826980104248e-01
6.130662132351448468e-02,5.015697827075651372e-01
6.130655710437476341e-02,5.013697827178789090e-01
6.130649047373924743e-02,5.011697827289816054e-01
6.130642142994483651e-02,5.009697827409029802e-01
6.130634997131046565e-02,5.007697827536723434e-01
6.130627609613719525e-02,5.005697827673198930e-01
6.130619980270820418e-02,5.003697827818753829e-01
6.130612108928878284e-02,5.001697827973685673e-01
6.130603995412641644e-02,4.999697828138294775e-01
6.130595639545072945e-02,4.997697828312882562e-01
6.130587041147357585e-02,4.995697828497750459e-01
6.130578200038901138e-02,4.993697828693200447e-01
6.130569116037330041e-02,4.991697828899535061e-01
6.130559788958498540e-02,4.989697829117057948e-01
6.130550218616489383e-02,4.987697829346073308e-01
6.130540404823611733e-02,4.985697829586887009e-01
6.130530347390406032e-02,4.983697829839804361e-01
6.130520046125647465e-02,4.981697830105131231e-01
6.130509500836344577e-02,4.979697830383176260e-01
6.130498711327740657e-02,4.977697830674247537e-01
6.130487677403321373e-02,4.975697830978653702e-01
6.130476398864808524e-02,4.973697831296704508e-01
6.130464875512168371e-02,4.971697831628710262e-01
6.130453107143609554e-02,4.969697831974984603e-01
6.130441093555587251e-02,4.967697832335837838e-01
6.130428834542803879e-02,4.965697832711584159e-01
6.130416329898209782e-02,4.963697833102537760e-01
6.130403579413008092e-02,4.961697833509011724e-01
6.130390582876652644e-02,4.959697833931325239e-01
6.130377340076852144e-02,4.957697834369792500e-01
6.130363850799572939e-02,4.955697834824732140e-01
6.130350114829037633e-02,4.953697835296462793e-01
6.130336131947729250e-02,4.951697835785303092e-01
6.130321901936391232e-02,4.949697836291574449e-01
6.130307424574030911e-02,4.947697836815597716e-01
6.130292699637921588e-02,4.945697837357695970e-01
6.130277726903600455e-02,4.943697837918191729e-01
6.130262506144875528e-02,4.941697838497408624e-01
6.130247037133822879e-02,4.939697839095673615e-01
6.130231319640790100e-02,4.937697839713310888e-01
6.130215353434400466e-02,4.935697840350649068e-01
6.130199138281548776e-02,4.933697841008015672e-01
6.130182673947409677e-02,4.931697841685740435e-01
6.130165960195436275e-02,4.929697842384153650e-01
6.130148996787358751e-02,4.927697843103585051e-01
6.130131783483191293e-02,4.925697843844369372e-01
6.130114320041231413e-02,4.923697844606838014e-01
6.130096606218062016e-02,4.921697845391326265e-01
6.130078641768552800e-02,4.919697846198169411e-01
6.130060426445859550e-02,4.917697847027703295e-01
6.130041960001431089e-02,4.915697847880267091e-01
6.130023242185009269e-02,4.913697848756198860e-01
6.130004272744624810e-02,4.911697849655837222e-01
6.129985051426607712e-02,4.909697850579525236e-01
6.129965577975583085e-02,4.907697851527603183e-01
6.129945852134474626e-02,4.905697852500415235e-01
6.129925873644507389e-02,4.903697853498306114e-01
6.129905642245207092e-02,4.901697854521619990e-01
6.129885157674404284e-02,4.899697855570704363e-01
6.129864419668232256e-02,4.897697856645906733e-01
6.129843427961135377e-02,4.895697857747577375e-01
6.129822182285862842e-02,4.893697858876064899e-01
6.129800682373474918e-02,4.891697860031720690e-01
6.129778927953346418e-02,4.889697861214899466e-01
6.129756918753163225e-02,4.887697862425952056e-01
6.129734654498927848e-02,4.885697863665235952e-01
6.129712134914958727e-02,4.883697864933106425e-01
6.129689359723894393e-02,4.881697866229920413e-01
6.129666328646694862e-02,4.879697867556038182e-01
6.129643041402638159e-02,4.877697868911819445e-01
6.129619497709330039e-02,4.875697870297623915e-01
6.129595697282701899e-02,4.873697871713816854e-01
6.129571639837010089e-02,4.871697873160760195e-01
6.129547325084842846e-02,4.869697874638820312e-01
6.129522752737116137e-02,4.867697876148363023e-01
6.129497922503081980e-02,4.865697877689756368e-01
6.129472834090324285e-02,4.863697879263370050e-01
6.129447487204763706e-02,4.861697880869573773e-01
6.129421881550659035e-02,4.859697882508740574e-01
6.129396016830608585e-02,4.857697884181242931e-01
6.129369892745552967e-02,4.855697885887454990e-01
6.129343508994773010e-02,4.853697887627753671e-01
6.129316865275898085e-02,4.851697889402515895e-01
6.129289961284904026e-02,4.849697891212121359e-01
6.129262796716111739e-02,4.847697893056949203e-01
6.129235371262196225e-02,4.845697894937380790e-01
6.129207684614183110e-02,4.843697896853800811e-01
6.129179736461452810e-02,4.841697898806592848e-01
6.129151526491740526e-02,4.839697900796143260e-01
6.129123054391141107e-02,4.837697902822838403e-01
6.129094319844108352e-02,4.835697904887067966e-01
6.129065322533457094e-02,4.833697906989222193e-01
6.129036062140364588e-02,4.831697909129692436e-01
6.129006538344377447e-02,4.829697911308873937e-01
6.128976750823404707e-02,4.827697913527159712e-01
6.128946699253727537e-02,4.825697915784946113e-01
6.128916383309997856e-02,4.823697918082632263e-01
6.128885802665239718e-02,4.821697920420616734e-01
6.128854956990852088e-02,4.819697922799300871e-01
6.128823845956613003e-02,4.817697925219088240e-01
6.128792469230677498e-02,4.815697927680380741e-01
6.128760826479583146e-02,4.813697930183586382e-01
6.128728917368249374e-02,4.811697932729109839e-01
6.128696741559980926e-02,4.809697935317363005e-01
6.128664298716469949e-02,4.807697937948754996e-01
6.128631588497798072e-02,4.805697940623697151e-01
6.128598610562437099e-02,4.803697943342604693e-01
6.128565364567253870e-02,4.801697946105891179e-01
6.128531850167507483e-02,4.799697948913976275e-01
6.128498067016859702e-02,4.797697951767276869e-01
6.128464014767368018e-02,4.795697954666213181e-01
6.128429693069492590e-02,4.793697957611208205e-01
6.128395101572098325e-02,4.791697960602684936e-01
6.128360239922455571e-02,4.789697963641069700e-01
6.128325107766245672e-02,4.787697966726788823e-01
6.128289704747556799e-02,4.785697969860271406e-01
6.128254030508892281e-02,4.783697973041948770e-01
6.128218084691170603e-02,4.781697976272251127e-01
6.128181866933728184e-02,4.779697979551615350e-01
6.128145376874319372e-02,4.777697982880475536e-01
6.128108614149122696e-02,4.775697986259269667e-01
6.128071578392738084e-02,4.773697989688437393e-01
6.128034269238197274e-02,4.771697993168418916e-01
6.127996686316956876e-02,4.769697996699659437e-01
6.127958829258906004e-02,4.767698000282601933e-01
6.127920697692369745e-02,4.765698003917692716e-01
6.127882291244107077e-02,4.763698007605381979e-01
6.127843609539317810e-02,4.761698011346118808e-01
6.127804652201642582e-02,4.759698015140355620e-01
6.127765418853164253e-02,4.757698018988546496e-01
6.127725909114415531e-02,4.755698022891146626e-01
6.127686122604376201e-02,4.753698026848614533e-01
6.127646058940475898e-02,4.751698030861409294e-01
6.127605717738601743e-02,4.749698034929993318e-01
6.127565098613095562e-02,4.747698039054829566e-01
6.127524201176758750e-02,4.745698043236383223e-01
6.127483025040857123e-02,4.743698047475121693e-01
6.127441569815118144e-02,4.741698051771514599e-01
6.127399835107737863e-02,4.739698056126032122e-01
6.127357820525382998e-02,4.737698060539149436e-01
6.127315525673193708e-02,4.735698065011339497e-01
6.127272950154784986e-02,4.733698069543080811e-01
6.127230093572250819e-02,4.731698074134852439e-01
6.127186955526166962e-02,4.729698078787135107e-01
6.127143535615595105e-02,4.727698083500411763e-01
6.127099833438080789e-02,4.725698088275167574e-01
6.127055848589660347e-02,4.723698093111891039e-01
6.127011580664867840e-02,4.721698098011070655e-01
6.126967029256728120e-02,4.719698102973196585e-01
6.126922193956767237e-02,4.717698107998763990e-01
6.126877074355013136e-02,4.715698113088266918e-01
6.126831670040000510e-02,4.713698118242204416e-01
6.126785980598770109e-02,4.711698123461074972e-01
6.126740005616876372e-02,4.709698128745379853e-01
6.126693744678386733e-02,4.707698134095624765e-01
6.126647197365885089e-02,4.705698139512313749e-01
6.126600363260481519e-02,4.703698144995956398e-01
6.126553241941806033e-02,4.701698150547062305e-01
6.126505832988016209e-02,4.699698156166143836e-01
6.126458135975802743e-02,4.697698161853716692e-01
6.126410150480388755e-02,4.695698167610296014e-01
6.126361876075537422e-02,4.693698173436402499e-01
6.126313312333548505e-02,4.691698179332556284e-01
6.126264458825270154e-02,4.689698185299280841e-01
6.126215315120097510e-02,4.687698191337102416e-01
6.126165880785974793e-02,4.685698197446547808e-01
6.126116155389405710e-02,4.683698203628148260e-01
6.126066138495447899e-02,4.681698209882435568e-01
6.126015829667722651e-02,4.679698216209944306e-01
6.125965228468417678e-02,4.677698222611211265e-01
6.125914334458289201e-02,4.675698229086776014e-01
6.125863147196667496e-02,4.673698235637180343e-01
6.125811666241458286e-02,4.671698242262967149e-01
6.125759891149148983e-02,4.669698248964682663e-01
6.125707821474811465e-02,4.667698255742876445e-01
6.125655456772104851e-02,4.665698262598097501e-01
6.125602796593280358e-02,4.663698269530900387e-01
6.125549840489186854e-02,4.661698276541840213e-01
6.125496588009270160e-02,4.659698283631474314e-01
6.125443038701584159e-02,4.657698290800363350e-01
6.125389192112787318e-02,4.655698298049069650e-01
6.125335047788151022e-02,4.653698305378158318e-01
6.125280605271565121e-02,4.651698312788197232e-01
6.125225864105534462e-02,4.649698320279754826e-01
6.125170823831194156e-02,4.647698327853405087e-01
6.125115483988304715e-02,4.645698335509720889e-01
6.125059844115259694e-02,4.643698343249281213e-01
6.125003903749090539e-02,4.641698351072664486e-01
6.124947662425470063e-02,4.639698358980452464e-01
6.124891119678717299e-02,4.637698366973231345e-01
6.124834275041800974e-02,4.635698375051586217e-01
6.124777128046345748e-02,4.633698383216108274e-01
6.124719678222633606e-02,4.631698391467388154e-01
6.124661925099612186e-02,4.629698399806020936e-01
6.124603868204896162e-02,4.627698408232603922e-01
6.124545507064774186e-02,4.625698416747736630e-01
6.124486841204211662e-02,4.623698425352021912e-01
6.124427870146857689e-02,4.621698434046062620e-01
6.124368593415045747e-02,4.619698442830467711e-01
6.124309010529804809e-02,4.617698451705846696e-01
6.124249121010857250e-02,4.615698460672812420e-01
6.124188924376627874e-02,4.613698469731978280e-01
6.124128420144250157e-02,4.611698478883964336e-01
6.124067607829565552e-02,4.609698488129388427e-01
6.124006486947134592e-02,4.607698497468875609e-01
6.123945057010238974e-02,4.605698506903050382e-01
6.123883317530882942e-02,4.603698516432541132e-01
6.123821268019809250e-02,4.601698526057979022e-01
6.123758907986491529e-02,4.599698535779996877e-01
6.123696236939148857e-02,4.597698545599232522e-01
6.123633254384745761e-02,4.595698555516323225e-01
6.123569959829001236e-02,4.593698565531910694e-01
6.123506352776390133e-02,4.591698575646640523e-01
6.123442432730152180e-02,4.589698585861158309e-01
6.123378199192295451e-02,4.587698596176115196e-01
6.123313651663602614e-02,4.585698606592162885e-01
6.123248789643635781e-02,4.583698617109955853e-01
6.123183612630743455e-02,4.581698627730154127e-01
6.123118120122062608e-02,4.579698638453416626e-01
6.123052311613531168e-02,4.577698649280408372e-01
6.122986186599885944e-02,4.575698660211794944e-01
6.122919744574673723e-02,4.573698671248244696e-01
6.122852985030255435e-02,4.571698682390430979e-01
6.122785907457812399e-02,4.569698693639027143e-01
6.122718511347349096e-02,4.567698704994712644e-01
6.122650796187707051e-02,4.565698716458166939e-01
6.122582761466559970e-02,4.563698728030071705e-01
6.122514406670429704e-02,4.561698739711115835e-01
6.122445731284685555e-02,4.559698751501986003e-01
6.122376734793555375e-02,4.557698763403376097e-01
6.122307416680129039e-02,4.555698775415979451e-01
6.122237776426363992e-02,4.553698787540493287e-01
6.122167813513093582e-02,4.551698799777619264e-01
6.122097527420033297e-02,4.549698812128059600e-01
6.122026917625784936e-02,4.547698824592522060e-01
6.121955983607846319e-02,4.545698837171714413e-01
6.121884724842615449e-02,4.543698849866349421e-01
6.121813140805398151e-02,4.541698862677143178e-01
6.121741230970415004e-02,4.539698875604811779e-01
6.121668994810806202e-02,4.537698888650077977e-01
6.121596431798639187e-02,4.535698901813665085e-01
6.121523541404916280e-02,4.533698915096300297e-01
6.121450323099584395e-02,4.531698928498713030e-01
6.121376776351532267e-02,4.529698942021636587e-01
6.121302900628609184e-02,4.527698955665807601e-01
6.121228695397624292e-02,4.525698969431964369e-01
6.121154160124354926e-02,4.523698983320847966e-01
6.121079294273556320e-02,4.521698997333205017e-01
6.121004097308966468e-02,4.519699011469781591e-01
6.120928568693314448e-02,4.517699025731330975e-01
6.120852707888326666e-02,4.515699040118605900e-01
6.120776514354735187e-02,4.513699054632364094e-01
6.120699987552283977e-02,4.511699069273366614e-01
6.120623126939739311e-02,4.509699084042374517e-01
6.120545931974891857e-02,4.507699098940157190e-01
6.120468402114570550e-02,4.505699113967482350e-01
6.120390536814643984e-02,4.503699129125121603e-01
6.120312335530034287e-02,4.501699144413853215e-01
6.120233797714718510e-02,4.499699159834454898e-01
6.120154922821742505e-02,4.497699175387708248e-01
6.120075710303224392e-02,4.495699191074399304e-01
6.119996159610364972e-02,4.493699206895315212e-01
6.119916270193452579e-02,4.491699222851248119e-01
6.119836041501874185e-02,4.489699238942991832e-01
6.119755472984124423e-02,4.487699255171345158e-01
6.119674564087809049e-02,4.485699271537109123e-01
6.119593314259655359e-02,4.483699288041085862e-01
6.119511722945522592e-02,4.481699304684084728e-01
6.119429789590409563e-02,4.479699321466915074e-01
6.119347513638458136e-02,4.477699338390390138e-01
6.119264894532968485e-02,4.475699355455328710e-01
6.119181931716402567e-02,4.473699372662548468e-01
6.119098624630395222e-02,4.471699390012874864e-01
6.119014972715763889e-02,4.469699407507132793e-01
6.118930975412512768e-02,4.467699425146152703e-01
6.118846632159846005e-02,4.465699442930767815e-01
6.118761942396171855e-02,4.463699460861813018e-01
6.118676905559117946e-02,4.461699478940129859e-01
6.118591521085534057e-02,4.459699497166559334e-01
6.118505788411503221e-02,4.457699515541947988e-01
6.118419706972353517e-02,4.455699534067145695e-01
6.118333276202661541e-02,4.453699552743003998e-01
6.118246495536266288e-02,4.451699571570379987e-01
6.118159364406276085e-02,4.449699590550131312e-01
6.118071882245079696e-02,4.447699609683121169e-01
6.117984048484350484e-02,4.445699628970215533e-01
6.117895862555063763e-02,4.443699648412282599e-01
6.117807323887498872e-02,4.441699668010196111e-01
6.117718431911254445e-02,4.439699687764830371e-01
6.117629186055251883e-02,4.437699707677064676e-01
6.117539585747752001e-02,4.435699727747781651e-01
6.117449630416357115e-02,4.433699747977866701e-01
6.117359319488029079e-02,4.431699768368209669e-01
6.117268652389089983e-02,4.429699788919702064e-01
6.117177628545239498e-02,4.427699809633238726e-01
6.117086247381561814e-02,4.425699830509720600e-01
6.116994508322533275e-02,4.423699851550048634e-01
6.116902410792037642e-02,4.421699872755128768e-01
6.116809954213370953e-02,4.419699894125871387e-01
6.116717138009255400e-02,4.417699915663186871e-01
6.116623961601848347e-02,4.415699937367993932e-01
6.116530424412751354e-02,4.413699959241209059e-01
6.116436525863021972e-02,4.411699981283756511e-01
6.116342265373183457e-02,4.409700003496562215e-01
6.116247642363235176e-02,4.407700025880554873e-01
6.116152656252665104e-02,4.405700048436667626e-01
6.116057306460456755e-02,4.403700071165836394e-01
6.115961592405100983e-02,4.401700094069001534e-01
6.115865513504611245e-02,4.399700117147105627e-01
6.115769069176524297e-02,4.397700140401095692e-01
6.115672258837923786e-02,4.395700163831920970e-01
6.115575081905438859e-02,4.393700187440534588e-01
6.115477537795264984e-02,4.391700211227894668e-01
6.115379625923168805e-02,4.389700235194959888e-01
6.115281345704502020e-02,4.387700259342693365e-01
6.115182696554209707e-02,4.385700283672063771e-01
6.115083677886844898e-02,4.383700308184040328e-01
6.114984289116578292e-02,4.381700332879598370e-01
6.114884529657208662e-02,4.379700357759713225e-01
6.114784398922176734e-02,4.377700382825366887e-01
6.114683896324573514e-02,4.375700408077543568e-01
6.114583021277153474e-02,4.373700433517229702e-01
6.114481773192347036e-02,4.371700459145417828e-01
6.114380151482268905e-02,4.369700484963102149e-01
6.114278155558732636e-02,4.367700510971279093e-01
6.114175784833263821e-02,4.365700537170952300e-01
6.114073038717105640e-02,4.363700563563125412e-01
6.113969916621237594e-02,4.361700590148807621e-01
6.113866417956383831e-02,4.359700616929009787e-01
6.113762542133025640e-02,4.357700643904747206e-01
6.113658288561413939e-02,4.355700671077039066e-01
6.113553656651579682e-02,4.353700698446907880e-01
6.113448645813349125e-02,4.351700726015377829e-01
6.113343255456353542e-02,4.349700753783479756e-01
6.113237484990042409e-02,4.347700781752244503e-01
6.113131333823696584e-02,4.345700809922709018e-01
6.113024801366436639e-02,4.343700838295912470e-01
6.112917887027241592e-02,4.341700866872897357e-01
6.112810590214956541e-02,4.339700895654711177e-01
6.112702910338307927e-02,4.337700924642402533e-01
6.112594846805913945e-02,4.335700953837025584e-01
6.112486399026300504e-02,4.333700983239636151e-01
6.112377566407907470e-02,4.331701012851295052e-01
6.112268348359111564e-02,4.329701042673065325e-01
6.112158744288229834e-02,4.327701072706015006e-01
6.112048753603536999e-02,4.325701102951214350e-01
6.111938375713277943e-02,4.323701133409736941e-01
6.111827610025681590e-02,4.321701164082660251e-01
6.111716455948972698e-02,4.319701194971065084e-01
6.111604912891383662e-02,4.317701226076035570e-01
6.111492980261170466e-02,4.315701257398660284e-01
6.111380657466624483e-02,4.313701288940030021e-01
6.111267943916088435e-02,4.311701320701238349e-01
6.111154839017964718e-02,4.309701352683385500e-01
6.111041342180732749e-02,4.307701384887570595e-01
6.110927452812960764e-02,4.305701417314900525e-01
6.110813170323321775e-02,4.303701449966482739e-01
6.110698494120603286e-02,4.301701482843428015e-01
6.110583423613724641e-02,4.299701515946853791e-01
6.110467958211750206e-02,4.297701549277876953e-01
6.110352097323899084e-02,4.295701582837619936e-01
6.110235840359565240e-02,4.293701616627208506e-01
6.110119186728325130e-02,4.291701650647770094e-01
6.110002135839959214e-02,4.289701684900438239e-01
6.109884687104455425e-02,4.287701719386348143e-01
6.109766839932036231e-02,4.285701754106638894e-01
6.109648593733160715e-02,4.283701789062452914e-01
6.109529947918546089e-02,4.281701824254935396e-01
6.109410901899179486e-02,4.279701859685236531e-01
6.109291455086331146e-02,4.277701895354507622e-01
6.109171606891573847e-02,4.275701931263905520e-01
6.109051356726789839e-02,4.273701967414588743e-01
6.108930704004188889e-02,4.271702003807719694e-01
6.108809648136327708e-02,4.269702040444465219e-01
6.108688188536113423e-02,4.267702077325993271e-01
6.108566324616828552e-02,4.265702114453477356e-01
6.108444055792140726e-02,4.263702151828093201e-01
6.108321381476117945e-02,4.261702189451019307e-01
6.108198301083244547e-02,4.259702227323439172e-01
6.108074814028433691e-02,4.257702265446536849e-01
6.107950919727044015e-02,4.255702303821504162e-01
6.107826617594894897e-02,4.253702342449531826e-01
6.107701907048280338e-02,4.251702381331814440e-01
6.107576787503983529e-02,4.249702420469553266e-01
6.107451258379294895e-02,4.247702459863949009e-01
6.107325319092022503e-02,4.245702499516207928e-01
6.107198969060512878e-02,4.243702539427538500e-01
6.107072207703659328e-02,4.241702579599151424e-01
6.106945034440923459e-02,4.239702620032263503e-01
6.106817448692347661e-02,4.237702660728092097e-01
6.106689449878569681e-02,4.235702701687859562e-01
6.106561037420841359e-02,4.233702742912789363e-01
6.106432210741038341e-02,4.231702784404110518e-01
6.106302969261683672e-02,4.229702826163054263e-01
6.106173312405954040e-02,4.227702868190854613e-01
6.106043239597703370e-02,4.225702910488748354e-01
6.105912750261473232e-02,4.223702953057977272e-01
6.105781843822512267e-02,4.221702995899784261e-01
6.105650519706787294e-02,4.219703039015416657e-01
6.105518777341004122e-02,4.217703082406124571e-01
6.105386616152619350e-02,4.215703126073159779e-01
6.105254035569861182e-02,4.213703170017780164e-01
6.105121035021736364e-02,4.211703214241243609e-01
6.104987613938057250e-02,4.209703258744813548e-01
6.104853771749449431e-02,4.207703303529754524e-01
6.104719507887371166e-02,4.205703348597334967e-01
6.104584821784129339e-02,4.203703393948827194e-01
6.104449712872894035e-02,4.201703439585504629e-01
6.104314180587716576e-02,4.199703485508644585e-01
6.104178224363545485e-02,4.197703531719528258e-01
6.104041843636238973e-02,4.195703578219438512e-01
6.103905037842588532e-02,4.193703625009661540e-01
6.103767806420327263e-02,4.191703672091486865e-01
6.103630148808151384e-02,4.189703719466207898e-01
6.103492064445736193e-02,4.187703767135117494e-01
6.103353552773748553e-02,4.185703815099515168e-01
6.103214613233868407e-02,4.183703863360700992e-01
6.103075245268802657e-02,4.181703911919979477e-01
6.102935448322300421e-02,4.179703960778656802e-01
6.102795221839171780e-02,4.177704009938043583e-01
6.102654565265304420e-02,4.175704059399449886e-01
6.102513478047678908e-02,4.173704109164192988e-01
6.102371959634385334e-02,4.171704159233588505e-01
6.102230009474640671e-02,4.169704209608959822e-01
6.102087627018805416e-02,4.167704260291628660e-01
6.101944811718400946e-02,4.165704311282920624e-01
6.101801563026123393e-02,4.163704362584166319e-01
6.101657880395864458e-02,4.161704414196695234e-01
6.101513763282725294e-02,4.159704466121843525e-01
6.101369211143034543e-02,4.157704518360946788e-01
6.101224223434364990e-02,4.155704570915344509e-01
6.101078799615550913e-02,4.153704623786380057e-01
6.100932939146701955e-02,4.151704676975397357e-01
6.100786641489226725e-02,4.149704730483744219e-01
6.100639906105841809e-02,4.147704784312771231e-01
6.100492732460595369e-02,4.145704838463828423e-01
6.100345120018880324e-02,4.143704892938273598e-01
6.100197068247452392e-02,4.141704947737462339e-01
6.100048576614446050e-02,4.139705002862756333e-01
6.099899644589394654e-02,4.137705058315516715e-01
6.099750271643245708e-02,4.135705114097107948e-01
6.099600457248376129e-02,4.133705170208900048e-01
6.099450200878612366e-02,4.131705226652259699e-01
6.099299502009245671e-02,4.129705283428561913e-01
6.099148360117052220e-02,4.127705340539178924e-01
6.098996774680304905e-02,4.125705397985488521e-01
6.098844745178795546e-02,4.123705455768870154e-01
6.098692271093850148e-02,4.121705513890704942e-01
6.098539351908346950e-02,4.119705572352376777e-01
6.098385987106730299e-02,4.117705631155271218e-01
6.098232176175034241e-02,4.115705690300777153e-01
6.098077918600893627e-02,4.113705749790284583e-01
6.097923213873565618e-02,4.111705809625186281e-01
6.097768061483944957e-02,4.109705869806877243e-01
6.097612460924580619e-02,4.107705930336754130e-01
6.097456411689695932e-02,4.105705991216215822e-01
6.097299913275202460e-02,4.103706052446663977e-01
6.097142965178722201e-02,4.101706114029500805e-01
6.096985566899598696e-02,4.099706175966132404e-01
6.096827717938919228e-02,4.097706238257965428e-01
6.096669417799529395e-02,4.095706300906409303e-01
6.096510665986053928e-02,4.093706363912875124e-01
6.096351462004909183e-02,4.091706427278775648e-01
6.096191805364326033e-02,4.089706491005526412e-01
6.096031695574360976e-02,4.087706555094544059e-01
6.095871132146920418e-02,4.085706619547246343e-01
6.095710114595772472e-02,4.083706684365055462e-01
6.095548642436567771e-02,4.081706749549393054e-01
6.095386715186854043e-02,4.079706815101682427e-01
6.095224332366097619e-02,4.077706881023349661e-01
6.095061493495695926e-02,4.075706947315823059e-01
6.094898198098998993e-02,4.073707013980530922e-01
6.094734445701324027e-02,4.071707081018904884e-01
6.094570235829974841e-02,4.069707148432376020e-01
6.094405568014258506e-02,4.067707216222380406e-01
6.094240441785500617e-02,4.065707284390351894e-01
6.094074856677067498e-02,4.063707352937728778e-01
6.093908812224379384e-02,4.061707421865949352e-01
6.093742307964929161e-02,4.059707491176453575e-01
6.093575343438299013e-02,4.057707560870683627e-01
6.093407918186180550e-02,4.055707630950081688e-01
6.093240031752388680e-02,4.053707701416093268e-01
6.093071683682879658e-02,4.051707772270163321e-01
6.092902873525770507e-02,4.049707843513738470e-01
6.092733600831355678e-02,4.047707915148267555e-01
6.092563865152120922e-02,4.045707987175200526e-01
6.092393666042764805e-02,4.043708059595988447e-01
6.092223003060215358e-02,4.041708132412082932e-01
6.092051875763645347e-02,4.039708205624936710e-01
6.091880283714490307e-02,4.037708279236004727e-01
6.091708226476465898e-02,4.035708353246742486e-01
6.091535703615587327e-02,4.033708427658606044e-01
6.091362714700181147e-02,4.031708502473054234e-01
6.091189259300909542e-02,4.029708577691543114e-01
6.091015336990780044e-02,4.027708653315534293e-01
6.090840947345167733e-02,4.025708729346487158e-01
6.090666089941832589e-02,4.023708805785863318e-01
6.090490764360931286e-02,4.021708882635125493e-01
6.090314970185040783e-02,4.019708959895735290e-01
6.090138706999170815e-02,4.017709037569158759e-01
6.089961974390784016e-02,4.015709115656857509e-01
6.089784771949808412e-02,4.013709194160298699e-01
6.089607099268660312e-02,4.011709273080948934e-01
6.089428955942256805e-02,4.009709352420272599e-01
6.089250341568033797e-02,4.007709432179738518e-01
6.089071255745962669e-02,4.005709512360813296e-01
6.088891698078569698e-02,4.003709592964966868e-01
6.088711668170948554e-02,4.001709673993666949e-01
6.088531165630779035e-02,3.999709755448382364e-01
6.088350190068345102e-02,3.997709837330584159e-01
6.088168741096550152e-02,3.995709919641741159e-01
6.087986818330932970e-02,3.993710002383324409e-01
6.087804421389686471e-02,3.991710085556804954e-01
6.087621549893672268e-02,3.989710169163653841e-01
6.087438203466438019e-02,3.987710253205341560e-01
6.087254381734234776e-02,3.985710337683339710e-01
6.087070084326030861e-02,3.983710422599121004e-01
6.086885310873531990e-02,3.981710507954156486e-01
6.086700061011194457e-02,3.979710593749916647e-01
6.086514334376242480e-02,3.977710679987875864e-01
6.086328130608684855e-02,3.975710766669503515e-01
6.086141449351331612e-02,3.973710853796273978e-01
6.085954290249809273e-02,3.971710941369657744e-01
6.085766652952576128e-02,3.969711029391125301e-01
6.085578537110940961e-02,3.967711117862150472e-01
6.085389942379077627e-02,3.965711206784202636e-01
6.085200868414038927e-02,3.963711296158753949e-01
6.085011314875778121e-02,3.961711385987275458e-01
6.084821281427157946e-02,3.959711476271235986e-01
6.084630767733972823e-02,3.957711567012107134e-01
6.084439773464958567e-02,3.955711658211358284e-01
6.084248298291814600e-02,3.953711749870457703e-01
6.084056341889214348e-02,3.951711841990875329e-01
6.083863903934822598e-02,3.949711934574078320e-01
6.083670984109311453e-02,3.947712027621536057e-01
6.083477582096376984e-02,3.945712121134714589e-01
6.083283697582750338e-02,3.943712215115079411e-01
6.083089330258219241e-02,3.941712309564097683e-01
6.082894479815639105e-02,3.939712404483232677e-01
6.082699145950948294e-02,3.937712499873951000e-01
6.082503328363184775e-02,3.935712595737713704e-01
6.082307026754502077e-02,3.933712692075984063e-01
6.082110240830181092e-02,3.931712788890224242e-01
6.081912970298648802e-02,3.929712886181893627e-01
6.081715214871491471e-02,3.927712983952452719e-01
6.081516974263467823e-02,3.925713082203360349e-01
6.081318248192527087e-02,3.923713180936072575e-01
6.081119036379821485e-02,3.921713280152047121e-01
6.080919338549721498e-02,3.919713379852738377e-01
6.080719154429831130e-02,3.917713480039600737e-01
6.080518483751002484e-02,3.915713580714085817e-01
6.080317326247346860e-02,3.913713681877645234e-01
6.080115681656254184e-02,3.911713783531730604e-01
6.079913549718403420e-02,3.909713885677787437e-01
6.079710930177779915e-02,3.907713988317265685e-01
6.079507822781685805e-02,3.905714091451609749e-01
6.079304227280757367e-02,3.903714195082263472e-01
6.079100143428977504e-02,3.901714299210670145e-01
6.078895570983689628e-02,3.899714403838269172e-01
6.078690509705612227e-02,3.897714508966501068e-01
6.078484959358851358e-02,3.895714614596803016e-01
6.078278919710915218e-02,3.893714720730609979e-01
6.078072390532728020e-02,3.891714827369356366e-01
6.077865371598642485e-02,3.889714934514473810e-01
6.077657862686453027e-02,3.887715042167392832e-01
6.077449863577411016e-02,3.885715150329541734e-01
6.077241374056235185e-02,3.883715259002344933e-01
6.077032393911128288e-02,3.881715368187228510e-01
6.076822922933786120e-02,3.879715477885612995e-01
6.076612960919413470e-02,3.877715588098919475e-01
6.076402507666735925e-02,3.875715698828564593e-01
6.076191562978012356e-02,3.873715810075963883e-01
6.075980126659048103e-02,3.871715921842530661e-01
6.075768198519206770e-02,3.869716034129674354e-01
6.075555778371424798e-02,3.867716146938805499e-01
6.075342866032221179e-02,3.865716260271329086e-01
6.075129461321710639e-02,3.863716374128647324e-01
6.074915564063616824e-02,3.861716488512162981e-01
6.074701174085284094e-02,3.859716603423272163e-01
6.074486291217688627e-02,3.857716718863372640e-01
6.074270915295449519e-02,3.855716834833856632e-01
6.074055046156844051e-02,3.853716951336114138e-01
6.073838683643815323e-02,3.851717068371533492e-01
6.073621827601987516e-02,3.849717185941498587e-01
6.073404477880674224e-02,3.847717304047391651e-01
6.073186634332891631e-02,3.845717422690592135e-01
6.072968296815369621e-02,3.843717541872473942e-01
6.072749465188562873e-02,3.841717661594412636e-01
6.072530139316661274e-02,3.839717781857776013e-01
6.072310319067601020e-02,3.837717902663931868e-01
6.072090004313075717e-02,3.835718024014244110e-01
6.071869194928549568e-02,3.833718145910072206e-01
6.071647890793262226e-02,3.831718268352773960e-01
6.071426091790245450e-02,3.829718391343702732e-01
6.071203797806330044e-02,3.827718514884210221e-01
6.070981008732155570e-02,3.825718638975642016e-01
6.070757724462184229e-02,3.823718763619342598e-01
6.070533944894706407e-02,3.821718888816651449e-01
6.070309669931854557e-02,3.819719014568905835e-01
6.070084899479610135e-02,3.817719140877438577e-01
6.069859633447816094e-02,3.815719267743578613e-01
6.069633871750181736e-02,3.813719395168651549e-01
6.069407614304300064e-02,3.811719523153980216e-01
6.069180861031647084e-02,3.809719651700881893e-01
6.068953611857601238e-02,3.807719780810670529e-01
6.068725866711445482e-02,3.805719910484657298e-01
6.068497625526378392e-02,3.803720040724147822e-01
6.068268888239523873e-02,3.801720171530445502e-01
6.068039654791938797e-02,3.799720302904848190e-01
6.067809925128622717e-02,3.797720434848649296e-01
6.067579699198525495e-02,3.795720567363141118e-01
6.067348976954557022e-02,3.793720700449607630e-01
6.067117758353592072e-02,3.791720834109331140e-01
6.066886043356484182e-02,3.789720968343589513e-01
6.066653831928067037e-02,3.787721103153655622e-01
6.066421124037168350e-02,3.785721238540798450e-01
6.066187919656613331e-02,3.783721374506281432e-01
6.065954218763234401e-02,3.781721511051365781e-01
6.065720021337878826e-02,3.779721648177306603e-01
6.065485327365414958e-02,3.777721785885352901e-01
6.065250136834741262e-02,3.775721924176752564e-01
6.065014449738790475e-02,3.773722063052746267e-01
6.064778266074540014e-02,3.771722202514570799e-01
6.064541585843016835e-02,3.769722342563459061e-01
6.064304409049302985e-02,3.767722483200635630e-01
6.064066735702545313e-02,3.765722624427326193e-01
6.063828565815961025e-02,3.763722766244744777e-01
6.063589899406841843e-02,3.761722908654105968e-01
6.063350736496562338e-02,3.759723051656617132e-01
6.063111077110585473e-02,3.757723195253478976e-01
6.062870921278468161e-02,3.755723339445890541e-01
6.062630269033866814e-02,3.753723484235041985e-01
6.062389120414544974e-02,3.751723629622122358e-01
6.062147475462376089e-02,3.749723775608311827e-01
6.061905334223349762e-02,3.747723922194786117e-01
6.061662696747578682e-02,3.745724069382717625e-01
6.061419563089301410e-02,3.743724217173270974e-01
6.061175933306887920e-02,3.741724365567607458e-01
6.060931807462846543e-02,3.739724514566880598e-01
6.060687185623824663e-02,3.737724664172240030e-01
6.060442067860616344e-02,3.735724814384829284e-01
6.060196454248165110e-02,3.733724965205785784e-01
6.059950344865571575e-02,3.731725116636243067e-01
6.059703739796092059e-02,3.729725268677326899e-01
6.059456639127145522e-02,3.727725421330156941e-01
6.059209042950319118e-02,3.725725574595850076e-01
6.058960951361368197e-02,3.723725728475514307e-01
6.058712364460221850e-02,3.721725882970253196e-01
6.058463282350985690e-02,3.719726038081164754e-01
6.058213705141947403e-02,3.717726193809338664e-01
6.057963632945575355e-02,3.715726350155861279e-01
6.057713065878524844e-02,3.713726507121811182e-01
6.057462004061641564e-02,3.711726664708262513e-01
6.057210447619960914e-02,3.709726822916281641e-01
6.056958396682712853e-02,3.707726981746928274e-01
6.056705851383323985e-02,3.705727141201258235e-01
6.056452811859418944e-02,3.703727301280318462e-01
6.056199278252824558e-02,3.701727461985152012e-01
6.055945250709569155e-02,3.699727623316793057e-01
6.055690729379885340e-02,3.697727785276270773e-01
6.055435714418212073e-02,3.695727947864609342e-01
6.055180205983194675e-02,3.693728111082821841e-01
6.054924204237688984e-02,3.691728274931920240e-01
6.054667709348759280e-02,3.689728439412905958e-01
6.054410721487681751e-02,3.687728604526775422e-01
6.054153240829944493e-02,3.685728770274517840e-01
6.053895267555246817e-02,3.683728936657116870e-01
6.053636801847503413e-02,3.681729103675546733e-01
6.053377843894839488e-02,3.679729271330778317e-01
6.053118393889594939e-02,3.677729439623773633e-01
6.052858452028325731e-02,3.675729608555487471e-01
6.052598018511799044e-02,3.673729778126868517e-01
6.052337093544996049e-02,3.671729948338857685e-01
6.052075677337112602e-02,3.669730119192390894e-01
6.051813770101555773e-02,3.667730290688394623e-01
6.051551372055945233e-02,3.665730462827788694e-01
6.051288483422112563e-02,3.663730635611487374e-01
6.051025104426098478e-02,3.661730809040395496e-01
6.050761235298154211e-02,3.659730983115412895e-01
6.050496876272738050e-02,3.657731157837429969e-01
6.050232027588516026e-02,3.655731333207332678e-01
6.049966689488356364e-02,3.653731509225996432e-01
6.049700862219332953e-02,3.651731685894290536e-01
6.049434546032721183e-02,3.649731863213078742e-01
6.049167741183993779e-02,3.647732041183214258e-01
6.048900447932822888e-02,3.645732219805545848e-01
6.048632666543074521e-02,3.643732399080911732e-01
6.048364397282807170e-02,3.641732579010143467e-01
6.048095640424267644e-02,3.639732759594067613e-01
6.047826396243891761e-02,3.637732940833499073e-01
6.047556665022297412e-02,3.635733122729248867e-01
6.047286447044285251e-02,3.633733305282117465e-01
6.047015742598830373e-02,3.631733488492898676e-01
6.046744551979086474e-02,3.629733672362379648e-01
6.046472875482374054e-02,3.627733856891336428e-01
6.046200713410181810e-02,3.625734042080541730e-01
6.045928066068161771e-02,3.623734227930757168e-01
6.045654933766124450e-02,3.621734414442736028e-01
6.045381316818035367e-02,3.619734601617227154e-01
6.045107215542009499e-02,3.617734789454967737e-01
6.044832630260309203e-02,3.615734977956689966e-01
6.044557561299338660e-02,3.613735167123116043e-01
6.044282008989635552e-02,3.611735356954959286e-01
6.044005973665873138e-02,3.609735547452926907e-01
6.043729455666847772e-02,3.607735738617717791e-01
6.043452455335478896e-02,3.605735930450022497e-01
6.043174973018800716e-02,3.603736122950522147e-01
6.042897009067959430e-02,3.601736316119890646e-01
6.042618563838204199e-02,3.599736509958793573e-01
6.042339637688882992e-02,3.597736704467888735e-01
6.042060230983438418e-02,3.595736899647824503e-01
6.041780344089396626e-02,3.593737095499242029e-01
6.041499977378366609e-02,3.591737292022772476e-01
6.041219131226030492e-02,3.589737489219040900e-01
6.040937806012135897e-02,3.587737687088661809e-01
6.040656002120493168e-02,3.585737885632243604e-01
6.040373719938964964e-02,3.583738084850383587e-01
6.040090959859461400e-02,3.581738284743671841e-01
6.039807722277930335e-02,3.579738485312690122e-01
6.039524007594352512e-02,3.577738686558011305e-01
6.039239816212733925e-02,3.575738888480199940e-01
6.038955148541094720e-02,3.573739091079811692e-01
6.038670004991466417e-02,3.571739294357392791e-01
6.038384385979880808e-02,3.569739498313483361e-01
6.038098291926362327e-02,3.567739702948611313e-01
6.037811723254920410e-02,3.565739908263299007e-01
6.037524680393540483e-02,3.563740114258058811e-01
6.037237163774174936e-02,3.561740320933393655e-01
6.036949173832737575e-02,3.559740528289798700e-01
6.036660711009089741e-02,3.557740736327760223e-01
6.036371775747036150e-02,3.555740945047753954e-01
6.036082368494311706e-02,3.553741154450250628e-01
6.035792489702575953e-02,3.551741364535707657e-01
6.035502139827400581e-02,3.549741575304577457e-01
6.035211319328262491e-02,3.547741786757301341e-01
6.034920028668531999e-02,3.545741998894310631e-01
6.034628268315463812e-02,3.543742211716031099e-01
6.034336038740186620e-02,3.541742425222876300e-01
6.034043340417695467e-02,3.539742639415253134e-01
6.033750173826837176e-02,3.537742854293558503e-01
6.033456539450304107e-02,3.535743069858179877e-01
6.033162437774619580e-02,3.533743286109496951e-01
6.032867869290131635e-02,3.531743503047878319e-01
6.032572834490998459e-02,3.529743720673686469e-01
6.032277333875180059e-02,3.527743938987272232e-01
6.031981367944424383e-02,3.525744157988978111e-01
6.031684937204261077e-02,3.523744377679138284e-01
6.031388042163982749e-02,3.521744598058076936e-01
6.031090683336640113e-02,3.519744819126109370e-01
6.030792861239028108e-02,3.517745040883542562e-01
6.030494576391672024e-02,3.515745263330672388e-01
6.030195829318819173e-02,3.513745486467787504e-01
6.029896620548423625e-02,3.511745710295165468e-01
6.029596950612137185e-02,3.509745934813077728e-01
6.029296820045294131e-02,3.507746160021782966e-01
6.028996229386900801e-02,3.505746385921532093e-01
6.028695179179621721e-02,3.503746612512568248e-01
6.028393669969768498e-02,3.501746839795123467e-01
6.028091702307285249e-02,3.499747067769420350e-01
6.027789276745736113e-02,3.497747296435674280e-01
6.027486393842294843e-02,3.495747525794088983e-01
6.027183054157726066e-02,3.493747755844860969e-01
6.026879258256376964e-02,3.491747986588175645e-01
6.026575006706162696e-02,3.489748218024210646e-01
6.026270300078551828e-02,3.487748450153133062e-01
6.025965138948551070e-02,3.485748682975101098e-01
6.025659523894696251e-02,3.483748916490265191e-01
6.025353455499033589e-02,3.481749150698764117e-01
6.025046934347108585e-02,3.479749385600728329e-01
6.024739961027950064e-02,3.477749621196279395e-01
6.024432536134056992e-02,3.475749857485528338e-01
6.024124660261384601e-02,3.473750094468577854e-01
6.023816334009327034e-02,3.471750332145521201e-01
6.023507557980706251e-02,3.469750570516442201e-01
6.023198332781755371e-02,3.467750809581415794e-01
6.022888659022102020e-02,3.465751049340505818e-01
6.022578537314757924e-02,3.463751289793769450e-01
6.022267968276100170e-02,3.461751530941251098e-01
6.021956952525856638e-02,3.459751772782990176e-01
6.021645490687092123e-02,3.457752015319012773e-01
6.021333583386189597e-02,3.455752258549337763e-01
6.021021231252839112e-02,3.453752502473974584e-01
6.020708434920018365e-02,3.451752747092921569e-01
6.020395195023979518e-02,3.449752992406170948e-01
6.020081512204230462e-02,3.447753238413702181e-01
6.019767387103522327e-02,3.445753485115486403e-01
6.019452820367830054e-02,3.443753732511487531e-01
6.019137812646339208e-02,3.441753980601657270e-01
6.018822364591425861e-02,3.439754229385940110e-01
6.018506476858644788e-02,3.437754478864269991e-01
6.018190150106708658e-02,3.435754729036571420e-01
6.017873384997475539e-02,3.433754979902761129e-01
6.017556182195926695e-02,3.431755231462744193e-01
6.017238542370156873e-02,3.429755483716419029e-01
6.016920466191350708e-02,3.427755736663672947e-01
6.016601954333769542e-02,3.425755990304383269e-01
6.016283007474733380e-02,3.423756244638420099e-01
6.015963626294602851e-02,3.421756499665642992e-01
6.015643811476763941e-02,3.419756755385902069e-01
6.015323563707607873e-02,3.417757011799040789e-01
6.015002883676515838e-02,3.415757268904888178e-01
6.014681772075840954e-02,3.413757526703270484e-01
6.014360229600888841e-02,3.411757785193998416e-01
6.014038256949901656e-02,3.409758044376877684e-01
6.013715854824042140e-02,3.407758304251703452e-01
6.013393023927369324e-02,3.405758564818261447e-01
6.013069764966828129e-02,3.403758826076328514e-01
6.012746078652225074e-02,3.401759088025673172e-01
6.012421965696213705e-02,3.399759350666052282e-01
6.012097426814276557e-02,3.397759613997216044e-01
6.011772462724702254e-02,3.395759878018904110e-01
6.011447074148573710e-02,3.393760142730848917e-01
6.011121261809743155e-02,3.391760408132771243e-01
6.010795026434819638e-02,3.389760674224383541e-01
6.010468368753144747e-02,3.387760941005390491e-01
6.010141289496777339e-02,3.385761208475485673e-01
6.009813789400473422e-02,3.383761476634356558e-01
6.009485869201667413e-02,3.381761745481678405e-01
6.009157529640454104e-02,3.379762015017118704e-01
6.008828771459567841e-02,3.377762285240337725e-01
6.008499595404364485e-02,3.375762556150982419e-01
6.008170002222801981e-02,3.373762827748695847e-01
6.007839992665422318e-02,3.371763100033109417e-01
6.007509567485328633e-02,3.369763373003843987e-01
6.007178727438169941e-02,3.367763646660515975e-01
6.006847473282119626e-02,3.365763921002728476e-01
6.006515805777856709e-02,3.363764196030078479e-01
6.006183725688544334e-02,3.361764471742153537e-01
6.005851233779811033e-02,3.359764748138531210e-01
6.005518330819734768e-02,3.357765025218782395e-01
6.005185017578814483e-02,3.355765302982466891e-01
6.004851294829961772e-02,3.353765581429137277e-01
6.004517163348468967e-02,3.351765860558337251e-01
6.004182623911999417e-02,3.349766140369601075e-01
6.003847677300560431e-02,3.347766420862454684e-01
6.003512324296486624e-02,3.345766702036415685e-01
6.003176565684418403e-02,3.343766983890993361e-01
6.002840402251283930e-02,3.341767266425687000e-01
6.002503834786275527e-02,3.339767549639987010e-01
6.002166864080832331e-02,3.337767833533378248e-01
6.001829490928618088e-02,3.335768118105333913e-01
6.001491716125501030e-02,3.333768403355321097e-01
6.001153540469535141e-02,3.331768689282795792e-01
6.000814964760938647e-02,3.329768975887206772e-01
6.000475989802071808e-02,3.327769263167995595e-01
6.000136616397418188e-02,3.325769551124593826e-01
5.999796845353564528e-02,3.323769839756425259e-01
5.999456677479179240e-02,3.321770129062905363e-01
5.999116113584990195e-02,3.319770419043439613e-01
5.998775154483767386e-02,3.317770709697429043e-01
5.998433800990300019e-02,3.315771001024261921e-01
5.998092053921374317e-02,3.313771293023322628e-01
5.997749914095757556e-02,3.311771585693983888e-01
5.997407382334171005e-02,3.309771879035611208e-01
5.997064459459273272e-02,3.307772173047562880e-01
5.996721146295638100e-02,3.305772467729187758e-01
5.996377443669734936e-02,3.303772763079828034e-01
5.996033352409903955e-02,3.301773059098817020e-01
5.995688873346338016e-02,3.299773355785479145e-01
5.995344007311062540e-02,3.297773653139133287e-01
5.994998755137912611e-02,3.295773951159087778e-01
5.994653117662510772e-02,3.293774249844644841e-01
5.994307095722250373e-02,3.291774549195097821e-01
5.993960690156267812e-02,3.289774849209731733e-01
5.993613901805428662e-02,3.287775149887826043e-01
5.993266731512300605e-02,3.285775451228650224e-01
5.992919180121135392e-02,3.283775753231465422e-01
5.992571248477845947e-02,3.281776055895528343e-01
5.992222937429985546e-02,3.279776359220084592e-01
5.991874247826729782e-02,3.277776663204373664e-01
5.991525180518848109e-02,3.275776967847628396e-01
5.991175736358689968e-02,3.273777273149071632e-01
5.990825916200159806e-02,3.271777579107920664e-01
5.990475720898694179e-02,3.269777885723384458e-01
5.990125151311246482e-02,3.267778192994664765e-01
5.989774208296258506e-02,3.265778500920956118e-01
5.989422892713643781e-02,3.263778809501444722e-01
5.989071205424763983e-02,3.261779118735310679e-01
5.988719147292408118e-02,3.259779428621725206e-01
5.988366719180773790e-02,3.257779739159853416e-01
5.988013921955440827e-02,3.255780050348853760e-01
5.987660756483353247e-02,3.253780362187875808e-01
5.987307223632797742e-02,3.251780674676063576e-01
5.986953324273380783e-02,3.249780987812552202e-01
5.986599059276009882e-02,3.247781301596471826e-01
5.986244429512870002e-02,3.245781616026943706e-01
5.985889435857402047e-02,3.243781931103082994e-01
5.985534079184282735e-02,3.241782246823997626e-01
5.985178360369403788e-02,3.239782563188788878e-01
5.984822280289846946e-02,3.237782880196551916e-01
5.984465839823868705e-02,3.235783197846373027e-01
5.984109039850872558e-02,3.233783516137332392e-01
5.983751881251393734e-02,3.231783835068505195e-01
5.983394364907073520e-02,3.229784154638957183e-01
5.983036491700637755e-02,3.227784474847750218e-01
5.982678262515878781e-02,3.225784795693937279e-01
5.982319678237633942e-02,3.223785117176564685e-01
5.981960739751759210e-02,3.221785439294674869e-01
5.981601447945116001e-02,3.219785762047300270e-01
5.981241803705542731e-02,3.217786085433470555e-01
5.980881807921837462e-02,3.215786409452205397e-01
5.980521461483736395e-02,3.213786734102520026e-01
5.980160765281890972e-02,3.211787059383423015e-01
5.979799720207849140e-02,3.209787385293916828e-01
5.979438327154031757e-02,3.207787711832997823e-01
5.979076587013713862e-02,3.205788038999655698e-01
5.978714500681002464e-02,3.203788366792873488e-01
5.978352069050815731e-02,3.201788695211628677e-01
5.977989293018860784e-02,3.199789024254893199e-01
5.977626173481615651e-02,3.197789353921633437e-01
5.977262711336304296e-02,3.195789684210807446e-01
5.976898907480879958e-02,3.193790015121368286e-01
5.976534762814000867e-02,3.191790346652265131e-01
5.976170278235011513e-02,3.189790678802438273e-01
5.975805454643919740e-02,3.187791011570825228e-01
5.975440292941378018e-02,3.185791344956356297e-01
5.975074794028663316e-02,3.183791678957954008e-01
5.974708958807652820e-02,3.181792013574539224e-01
5.974342788180806579e-02,3.179792348805023372e-01
5.973976283051144615e-02,3.177792684648316768e-01
5.973609444322229567e-02,3.175793021103319180e-01
5.973242272898141719e-02,3.173793358168928158e-01
5.972874769683462343e-02,3.171793695844035144e-01
5.972506935583250104e-02,3.169794034127524918e-01
5.972138771503023719e-02,3.167794373018279486e-01
5.971770278348738359e-02,3.165794712515173637e-01
5.971401457026769000e-02,3.163795052617076609e-01
5.971032308443884745e-02,3.161795393322854308e-01
5.970662833507237033e-02,3.159795734631365982e-01
5.970293033124329102e-02,3.157796076541465324e-01
5.969922908203002809e-02,3.155796419052002699e-01
5.969552459651417814e-02,3.153796762161822365e-01
5.969181688378028677e-02,3.151797105869764137e-01
5.968810595291567517e-02,3.149797450174662283e-01
5.968439181301023189e-02,3.147797795075346072e-01
5.968067447315621860e-02,3.145798140570641999e-01
5.967695394244804108e-02,3.143798486659367675e-01
5.967323022998209658e-02,3.141798833340341268e-01
5.966950334485655871e-02,3.139799180612372620e-01
5.966577329617116232e-02,3.137799528474266020e-01
5.966204009302703004e-02,3.135799876924825202e-01
5.965830374452647106e-02,3.133800225962846131e-01
5.965456425977277294e-02,3.131800575587123103e-01
5.965082164787002816e-02,3.129800925796442090e-01
5.964707591792293290e-02,3.127801276589586843e-01
5.964332707903657882e-02,3.125801627965338891e-01
5.963957514031627966e-02,3.123801979922470884e-01
5.963582011086736995e-02,3.121802332459755469e-01
5.963206199979500383e-02,3.119802685575958634e-01
5.962830081620400235e-02,3.117803039269842480e-01
5.962453656919860373e-02,3.115803393540164667e-01
5.962076926788233144e-02,3.113803748385682302e-01
5.961699892135777223e-02,3.111804103805144162e-01
5.961322553872638180e-02,3.109804459797296805e-01
5.960944912908833215e-02,3.107804816360882350e-01
5.960566970154228261e-02,3.105805173494639027e-01
5.960188726518524105e-02,3.103805531197302847e-01
5.959810182911233489e-02,3.101805889467605382e-01
5.959431340241663072e-02,3.099806248304273204e-01
5.959052199418899548e-02,3.097806607706030668e-01
5.958672761351785363e-02,3.095806967671595467e-01
5.958293026948904836e-02,3.093807328199686957e-01
5.957912997118563342e-02,3.091807689289017835e-01
5.957532672768769966e-02,3.089808050938297468e-01
5.957152054807219460e-02,3.087808413146231334e-01
5.956771144141275592e-02,3.085808775911522139e-01
5.956389941677951716e-02,3.083809139232871477e-01
5.956008448323893423e-02,3.081809503108973725e-01
5.955626664985359114e-02,3.079809867538522705e-01
5.955244592568206125e-02,3.077810232520207800e-01
5.954862231977869902e-02,3.075810598052714506e-01
5.954479584119348051e-02,3.073810964134728874e-01
5.954096649897180904e-02,3.071811330764930847e-01
5.953713430215439029e-02,3.069811697941998152e-01
5.953329925977698944e-02,3.067812065664604626e-01
5.952946138087030631e-02,3.065812433931421888e-01
5.952562067445982263e-02,3.063812802741120445e-01
5.952177714956556620e-02,3.061813172092365809e-01
5.951793081520199979e-02,3.059813541983821272e-01
5.951408168037781998e-02,3.057813912414147350e-01
5.951022975409581833e-02,3.055814283382001229e-01
5.950637504535267325e-02,3.053814654886041202e-01
5.950251756313883894e-02,3.051815026924918350e-01
5.949865731643831646e-02,3.049815399497283197e-01
5.949479431422854958e-02,3.047815772601784046e-01
5.949092856548021668e-02,3.045816146237065869e-01
5.948706007915709887e-02,3.043816520401773085e-01
5.948318886421589957e-02,3.041816895094546780e-01
5.947931492960608496e-02,3.039817270314024156e-01
5.947543828426973822e-02,3.037817646058842969e-01
5.947155893714137914e-02,3.035818022327635979e-01
5.946767689714784616e-02,3.033818399119036502e-01
5.946379217320806737e-02,3.031818776431675078e-01
5.945990477423298420e-02,3.029819154264178915e-01
5.945601470912534325e-02,3.027819532615174114e-01
5.945212198677955751e-02,3.025819911483283997e-01
5.944822661608156061e-02,3.023820290867132443e-01
5.944432860590864037e-02,3.021820670765340000e-01
5.944042796512930688e-02,3.019821051176523885e-01
5.943652470260310516e-02,3.017821432099300760e-01
5.943261882718051115e-02,3.015821813532285622e-01
5.942871034770275118e-02,3.013822195474094023e-01
5.942479927300165637e-02,3.011822577923335409e-01
5.942088561189953072e-02,3.009822960878621445e-01
5.941696937320899846e-02,3.007823344338560467e-01
5.941305056573283755e-02,3.005823728301759146e-01
5.940912919826389638e-02,3.003824112766824150e-01
5.940520527958486480e-02,3.001824497732359376e-01
5.940127881846819780e-02,2.999824883196967606e-01
5.939734982367594202e-02,2.997825269159251627e-01
5.939341830395961086e-02,2.995825655617810335e-01
5.938948426806004571e-02,2.993826042571244850e-01
5.938554772470726328e-02,2.991826430018151850e-01
5.938160868262032377e-02,2.989826817957129679e-01
5.937766715050720595e-02,2.987827206386772794e-01
5.937372313706465454e-02,2.985827595305675652e-01
5.936977665097805529e-02,2.983827984712433823e-01
5.936582770092129618e-02,2.981828374605640097e-01
5.936187629555664952e-02,2.979828764983885603e-01
5.935792244353461922e-02,2.977829155845761466e-01
5.935396615349380900e-02,2.975829547189857704e-01
5.935000743406083912e-02,2.973829939014764889e-01
5.934604629385013819e-02,2.971830331319071372e-01
5.934208274146389461e-02,2.969830724101365504e-01
5.933811678549186230e-02,2.967831117360234527e-01
5.933414843451129822e-02,2.965831511094264572e-01
5.933017769708678890e-02,2.963831905302041769e-01
5.932620458177016026e-02,2.961832299982152805e-01
5.932222909710031106e-02,2.959832695133182701e-01
5.931825125160313655e-02,2.957833090753716476e-01
5.931427105379139669e-02,2.955833486842338598e-01
5.931028851216457731e-02,2.953833883397630755e-01
5.930630363520878606e-02,2.951834280418180190e-01
5.930231643139664832e-02,2.949834677902568592e-01
5.929832690918714760e-02,2.947835075849379316e-01
5.929433507702557005e-02,2.945835474257195163e-01
5.929034094334332400e-02,2.943835873124597824e-01
5.928634451655788451e-02,2.941836272450172318e-01
5.928234580507264762e-02,2.939836672232499781e-01
5.927834481727681931e-02,2.937837072470163569e-01
5.927434156154531841e-02,2.935837473161745370e-01
5.927033604623865165e-02,2.933837874305826876e-01
5.926632827970283734e-02,2.931838275900993662e-01
5.926231827026925275e-02,2.929838677945826309e-01
5.925830602625455079e-02,2.927839080438908725e-01
5.925429155596056291e-02,2.925839483378823713e-01
5.925027486767418111e-02,2.923839886764152962e-01
5.924625596966725388e-02,2.921840290593482603e-01
5.924223487019648904e-02,2.919840694865395991e-01
5.923821157750334965e-02,2.917841099578476483e-01
5.923418609981396382e-02,2.915841504731309652e-01
5.923015844533899288e-02,2.913841910322478301e-01
5.922612862227358971e-02,2.911842316350571336e-01
5.922209663879723918e-02,2.909842722814172666e-01
5.921806250307370956e-02,2.907843129711868979e-01
5.921402622325092069e-02,2.905843537042247515e-01
5.920998780746086765e-02,2.903843944803894961e-01
5.920594726381955136e-02,2.901844352995401333e-01
5.920190460042681901e-02,2.899844761615354982e-01
5.919785982536635016e-02,2.897845170662345371e-01
5.919381294670551796e-02,2.895845580134962516e-01
5.918976397249530591e-02,2.893845990031796434e-01
5.918571291077024538e-02,2.891846400351442137e-01
5.918165976954827684e-02,2.889846811092490753e-01
5.917760455683073600e-02,2.887847222253535628e-01
5.917354728060218727e-02,2.885847633833171777e-01
5.916948794883040291e-02,2.883848045829993656e-01
5.916542656946627288e-02,2.881848458242599609e-01
5.916136315044365906e-02,2.879848871069586314e-01
5.915729769967940227e-02,2.877849284309552114e-01
5.915323022507319034e-02,2.875849697961096463e-01
5.914916073450748185e-02,2.873850112022818815e-01
5.914508923584744365e-02,2.871850526493324174e-01
5.914101573694085373e-02,2.869850941371213660e-01
5.913694024561804569e-02,2.867851356655092276e-01
5.913286276969181854e-02,2.865851772343564474e-01
5.912878331695738121e-02,2.863852188435236368e-01
5.912470189519224151e-02,2.861852604928717403e-01
5.912061851215617142e-02,2.859853021822617580e-01
5.911653317559113080e-02,2.857853439115546346e-01
5.911244589322116327e-02,2.855853856806115920e-01
5.910835667275237543e-02,2.853854274892938525e-01
5.910426552187282578e-02,2.851854693374631933e-01
5.910017244825248317e-02,2.849855112249811140e-01
5.909607745954316427e-02,2.847855531517093919e-01
5.909198056337843646e-02,2.845855951175099152e-01
5.908788176737357623e-02,2.843856371222448498e-01
5.908378107912551358e-02,2.841856791657765280e-01
5.907967850621275580e-02,2.839857212479673376e-01
5.907557405619531105e-02,2.837857633686797776e-01
5.907146773661466066e-02,2.835858055277767353e-01
5.906735955499367585e-02,2.833858477251209318e-01
5.906324951883658303e-02,2.831858899605756985e-01
5.905913763562885971e-02,2.829859322340042005e-01
5.905502391283722063e-02,2.827859745452699913e-01
5.905090835790955534e-02,2.825860168942365691e-01
5.904679097827484485e-02,2.823860592807677095e-01
5.904267178134316174e-02,2.821861017047276321e-01
5.903855077450553823e-02,2.819861441659805013e-01
5.903442796513400093e-02,2.817861866643905921e-01
5.903030336058144589e-02,2.815862291998225686e-01
5.902617696818163173e-02,2.813862717721410389e-01
5.902204879524913100e-02,2.811863143812113330e-01
5.901791884907924002e-02,2.809863570268983368e-01
5.901378713694799272e-02,2.807863997090674912e-01
5.900965366611205659e-02,2.805864424275844593e-01
5.900551844380870492e-02,2.803864851823150151e-01
5.900138147725579596e-02,2.801865279731252656e-01
5.899724277365171743e-02,2.799865707998813180e-01
5.899310234017531018e-02,2.797866136624496125e-01
5.898896018398588209e-02,2.795866565606969223e-01
5.898481631222311089e-02,2.793866994944899096e-01
5.898067073200704419e-02,2.791867424636959027e-01
5.897652345043803701e-02,2.789867854681822301e-01
5.897237447459673793e-02,2.787868285078164421e-01
5.896822381154402659e-02,2.785868715824662001e-01
5.896407146832097212e-02,2.783869146919996096e-01
5.895991745194881922e-02,2.781869578362849982e-01
5.895576176942896734e-02,2.779870010151908044e-01
5.895160442774286663e-02,2.777870442285856889e-01
5.894744543385207342e-02,2.775870874763388674e-01
5.894328479469813920e-02,2.773871307583192225e-01
5.893912251720265921e-02,2.771871740743965251e-01
5.893495860826715449e-02,2.769872174244403240e-01
5.893079307477310652e-02,2.767872608083206121e-01
5.892662592358190871e-02,2.765873042259076042e-01
5.892245716153481083e-02,2.763873476770716264e-01
5.891828679545293990e-02,2.761873911616836708e-01
5.891411483213725153e-02,2.759874346796146183e-01
5.890994127836848837e-02,2.757874782307355721e-01
5.890576614090716617e-02,2.755875218149181904e-01
5.890158942649357382e-02,2.753875654320339095e-01
5.889741114184769699e-02,2.751876090819552756e-01
5.889323129366925980e-02,2.749876527645541691e-01
5.888904988863765538e-02,2.747876964797033583e-01
5.888486693341192513e-02,2.745877402272755008e-01
5.888068243463078638e-02,2.743877840071436980e-01
5.887649639891254227e-02,2.741878278191814955e-01
5.887230883285513722e-02,2.739878716632624389e-01
5.886811974303606670e-02,2.737879155392605179e-01
5.886392913601243282e-02,2.735879594470497223e-01
5.885973701832086097e-02,2.733880033865045966e-01
5.885554339647752764e-02,2.731880473575001300e-01
5.885134827697813958e-02,2.729880913599110892e-01
5.884715166629791300e-02,2.727881353936129072e-01
5.884295357089153883e-02,2.725881794584811280e-01
5.883875399719320359e-02,2.723882235543916286e-01
5.883455295161658938e-02,2.721882676812208413e-01
5.883035044055480445e-02,2.719883118388449761e-01
5.882614647038042488e-02,2.717883560271409094e-01
5.882194104744548763e-02,2.715884002459856283e-01
5.881773417808142113e-02,2.713884444952564534e-01
5.881352586859911469e-02,2.711884887748312600e-01
5.880931612528886299e-02,2.709885330845878126e-01
5.880510495442036606e-02,2.707885774244043198e-01
5.880089236224275012e-02,2.705886217941594341e-01
5.879667835498451206e-02,2.703886661937318081e-01
5.879246293885356800e-02,2.701887106230008717e-01
5.878824612003723249e-02,2.699887550818458326e-01
5.878402790470218381e-02,2.697887995701466757e-01
5.877980829899450560e-02,2.695888440877832748e-01
5.877558730903967299e-02,2.693888886346360589e-01
5.877136494094253177e-02,2.691889332105855681e-01
5.876714120078732617e-02,2.689889778155130085e-01
5.876291609463767107e-02,2.687890224492994751e-01
5.875868962853656591e-02,2.685890671118268402e-01
5.875446180850642935e-02,2.683891118029767542e-01
5.875023264054903688e-02,2.681891565226314222e-01
5.874600213064557624e-02,2.679892012706736049e-01
5.874177028475661977e-02,2.677892460469860625e-01
5.873753710882215207e-02,2.675892908514521107e-01
5.873330260876157005e-02,2.673893356839550650e-01
5.872906679047367601e-02,2.671893805443785741e-01
5.872482965983668451e-02,2.669894254326071747e-01
5.872059122270825715e-02,2.667894703485249597e-01
5.871635148492544698e-02,2.665895152920170208e-01
5.871211045230480957e-02,2.663895602629683390e-01
5.870786813064229892e-02,2.661896052612642283e-01
5.870362452571337153e-02,2.659896502867904466e-01
5.869937964327291702e-02,2.657896953394330852e-01
5.869513348905532751e-02,2.655897404190786792e-01
5.869088606877446990e-02,2.653897855256137639e-01
5.868663738812374131e-02,2.651898306589254295e-01
5.868238745277604140e-02,2.649898758189010994e-01
5.867813626838378621e-02,2.647899210054286412e-01
5.867388384057897061e-02,2.645899662183957002e-01
5.866963017497311278e-02,2.643900114576908100e-01
5.866537527715730282e-02,2.641900567232026154e-01
5.866111915270225130e-02,2.639901020148203159e-01
5.865686180715823372e-02,2.637901473324331114e-01
5.865260324605515996e-02,2.635901926759307567e-01
5.864834347490258809e-02,2.633902380452033398e-01
5.864408249918971749e-02,2.631902834401409486e-01
5.863982032438540964e-02,2.629903288606345590e-01
5.863555695593824363e-02,2.627903743065751474e-01
5.863129239927648145e-02,2.625904197778539118e-01
5.862702665980814437e-02,2.623904652743626054e-01
5.862275974292095737e-02,2.621905107959932035e-01
5.861849165398246020e-02,2.619905563426383477e-01
5.861422239833995879e-02,2.617906019141904572e-01
5.860995198132058770e-02,2.615906475105427287e-01
5.860568040823130320e-02,2.613906931315883586e-01
5.860140768435891101e-02,2.611907387772212097e-01
5.859713381497012874e-02,2.609907844473352556e-01
5.859285880531155122e-02,2.607908301418249142e-01
5.858858266060970599e-02,2.605908758605850473e-01
5.858430538607108801e-02,2.603909216035106278e-01
5.858002698688213883e-02,2.601909673704968506e-01
5.857574746820935069e-02,2.599910131614399100e-01
5.857146683519919711e-02,2.597910589762356670e-01
5.856718509297825087e-02,2.595911048147804268e-01
5.856290224665312849e-02,2.593911506769711606e-01
5.855861830131058043e-02,2.591911965627048398e-01
5.855433326201749805e-02,2.589912424718791017e-01
5.855004713382092746e-02,2.587912884043916950e-01
5.854575992174810423e-02,2.585913343601407011e-01
5.854147163080651584e-02,2.583913803390245345e-01
5.853718226598386004e-02,2.581914263409421650e-01
5.853289183224816977e-02,2.579914723657926734e-01
5.852860033454775068e-02,2.577915184134756954e-01
5.852430777781128524e-02,2.575915644838909779e-01
5.852001416694778413e-02,2.573916105769388230e-01
5.851571950684671813e-02,2.571916566925195324e-01
5.851142380237797647e-02,2.569917028305341855e-01
5.850712705839191535e-02,2.567917489908840833e-01
5.850282927971940661e-02,2.565917951734706381e-01
5.849853047117185151e-02,2.563918413781958172e-01
5.849423063754121549e-02,2.561918876049618099e-01
5.848992978360009753e-02,2.559919338536713607e-01
5.848562791410170242e-02,2.557919801242274360e-01
5.848132503377993785e-02,2.555920264165331135e-01
5.847702114734938672e-02,2.553920727304923588e-01
5.847271625950543200e-02,2.551921190660086936e-01
5.846841037492418042e-02,2.549921654229867496e-01
5.846410349826258041e-02,2.547922118013312698e-01
5.845979563415844293e-02,2.545922582009469970e-01
5.845548678723044844e-02,2.543923046217395623e-01
5.845117696207821623e-02,2.541923510636142636e-01
5.844686616328233220e-02,2.539923975264776201e-01
5.844255439540437663e-02,2.537924440102357071e-01
5.843824166298697276e-02,2.535924905147952657e-01
5.843392797055382837e-02,2.533925370400634813e-01
5.842961332260976359e-02,2.531925835859474283e-01
5.842529772364075252e-02,2.529926301523551802e-01
5.842098117811397179e-02,2.527926767391949214e-01
5.841666369047782831e-02,2.525927233463747257e-01
5.841234526516200787e-02,2.523927699738036656e-01
5.840802590657750287e-02,2.521928166213905920e-01
5.840370561911668867e-02,2.519928632890451325e-01
5.839938440715330276e-02,2.517929099766770262e-01
5.839506227504253494e-02,2.515929566841965670e-01
5.839073922712106901e-02,2.513930034115139378e-01
5.838641526770707579e-02,2.511930501585402098e-01
5.838209040110034498e-02,2.509930969251864541e-01
5.837776463158220880e-02,2.507931437113640749e-01
5.837343796341569468e-02,2.505931905169850316e-01
5.836911040084548363e-02,2.503932373419616164e-01
5.836478194809802816e-02,2.501932841862058998e-01
5.836045260938152457e-02,2.499933310496311734e-01
5.835612238888601006e-02,2.497933779321505066e-01
5.835179129078338356e-02,2.495934248336773020e-01
5.834745931922743351e-02,2.493934717541255175e-01
5.834312647835392801e-02,2.491935186934092217e-01
5.833879277228060795e-02,2.489935656514431495e-01
5.833445820510727020e-02,2.487936126281421467e-01
5.833012278091578157e-02,2.485936596234212814e-01
5.832578650377016893e-02,2.483937066371961766e-01
5.832144937771659154e-02,2.481937536693826774e-01
5.831711140678347283e-02,2.479938007198971839e-01
5.831277259498149346e-02,2.477938477886558744e-01
5.830843294630361912e-02,2.475938948755759261e-01
5.830409246472521151e-02,2.473939419805744055e-01
5.829975115420400755e-02,2.471939891035688230e-01
5.829540901868023040e-02,2.469940362444771331e-01
5.829106606207656860e-02,2.467940834032176234e-01
5.828672228829828023e-02,2.465941305797086924e-01
5.828237770123319283e-02,2.463941777738692940e-01
5.827803230475179369e-02,2.461942249856183818e-01
5.827368610270725752e-02,2.459942722148757976e-01
5.826933909893547425e-02,2.457943194615612725e-01
5.826499129725514620e-02,2.455943667255949814e-01
5.826064270146776719e-02,2.453944140068976543e-01
5.825629331535774058e-02,2.451944613053895772e-01
5.825194314269239310e-02,2.449945086209924794e-01
5.824759218722201648e-02,2.447945559536276461e-01
5.824324045267993688e-02,2.445946033032168065e-01
5.823888794278254261e-02,2.443946506696821341e-01
5.823453466122933964e-02,2.441946980529460243e-01
5.823018061170302101e-02,2.439947454529315385e-01
5.822582579786947377e-02,2.437947928695615163e-01
5.822147022337787609e-02,2.435948403027595743e-01
5.821711389186071811e-02,2.433948877524494403e-01
5.821275680693384358e-02,2.431949352185549529e-01
5.820839897219654002e-02,2.429949827010006169e-01
5.820404039123152490e-02,2.427950301997113813e-01
5.819968106760506354e-02,2.425950777146120840e-01
5.819532100486696918e-02,2.423951252456282290e-01
5.819096020655066537e-02,2.421951727926852094e-01
5.818659867617326925e-02,2.419952203557091952e-01
5.818223641723559159e-02,2.417952679346265787e-01
5.817787343322221305e-02,2.415953155293637522e-01
5.817350972760153283e-02,2.413953631398478850e-01
5.816914530382581716e-02,2.411954107660061464e-01
5.816478016533125489e-02,2.409954584077659279e-01
5.816041431553800600e-02,2.407955060650553980e-01
5.815604775785023633e-02,2.405955537378025033e-01
5.815168049565619390e-02,2.403956014259359675e-01
5.814731253232823666e-02,2.401956491293844032e-01
5.814294387122291574e-02,2.399956968480768671e-01
5.813857451568097551e-02,2.397957445819431932e-01
5.813420446902747146e-02,2.395957923309128823e-01
5.812983373457175640e-02,2.393958400949158793e-01
5.812546231560756366e-02,2.391958878738825733e-01
5.812109021541306958e-02,2.389959356677436864e-01
5.811671743725092126e-02,2.387959834764302736e-01
5.811234398436830595e-02,2.385960312998736121e-01
5.810796985999696490e-02,2.383960791380050903e-01
5.810359506735330443e-02,2.381961269907568735e-01
5.809921960963841669e-02,2.379961748580607939e-01
5.809484349003811443e-02,2.377962227398495720e-01
5.809046671172300030e-02,2.375962706360560395e-01
5.808608927784854326e-02,2.373963185466132497e-01
5.808171119155507156e-02,2.371963664714544784e-01
5.807733245596788385e-02,2.369964144105134451e-01
5.807295307419726299e-02,2.367964623637242028e-01
5.806857304933854547e-02,2.365965103310210260e-01
5.806419238447215608e-02,2.363965583123385228e-01
5.805981108266370511e-02,2.361966063076114120e-01
5.805542914696396051e-02,2.359966543167749675e-01
5.805104658040897980e-02,2.357967023397647965e-01
5.804666338602011005e-02,2.355967503765165061e-01
5.804227956680408501e-02,2.353967984269661473e-01
5.803789512575301818e-02,2.351968464910501044e-01
5.803351006584450689e-02,2.349968945687048727e-01
5.802912439004166006e-02,2.347969426598677245e-01
5.802473810129315374e-02,2.345969907644755992e-01
5.802035120253329348e-02,2.343970388824659912e-01
5.801596369668204217e-02,2.341970870137767280e-01
5.801157558664509634e-02,2.339971351583458592e-01
5.800718687531392082e-02,2.337971833161118784e-01
5.800279756556581817e-02,2.335972314870133903e-01
5.799840766026397032e-02,2.333972796709892217e-01
5.799401716225749404e-02,2.331973278679787542e-01
5.798962607438147565e-02,2.329973760779212588e-01
5.798523439945705432e-02,2.327974243007566724e-01
5.798084214029144978e-02,2.325974725364251539e-01
5.797644929967802480e-02,2.323975207848667512e-01
5.797205588039633373e-02,2.321975690460222896e-01
5.796766188521217111e-02,2.319976173198324831e-01
5.796326731687763412e-02,2.317976656062388230e-01
5.795887217813115722e-02,2.315977139051824674e-01
5.795447647169758854e-02,2.313977622166053516e-01
5.795008020028821760e-02,2.311978105404493000e-01
5.794568336660084473e-02,2.309978588766565810e-01
5.794128597331981573e-02,2.307979072251697961e-01
5.793688802311608432e-02,2.305979555859319907e-01
5.793248951864726770e-02,2.303980039588858775e-01
5.792809046255768118e-02,2.301980523439751680e-01
5.792369085747842150e-02,2.299981007411431300e-01
5.791929070602738761e-02,2.297981491503339191e-01
5.791489001080932925e-02,2.295981975714916912e-01
5.791048877441593024e-02,2.293982460045608240e-01
5.790608699942583620e-02,2.291982944494859176e-01
5.790168468840470317e-02,2.289983429062119047e-01
5.789728184390527388e-02,2.287983913746842735e-01
5.789287846846739166e-02,2.285984398548484009e-01
5.788847456461806984e-02,2.283984883466501081e-01
5.788407013487157499e-02,2.281985368500352163e-01
5.787966518172940611e-02,2.279985853649499905e-01
5.787525970768043343e-02,2.277986338913411402e-01
5.787085371520084981e-02,2.275986824291554855e-01
5.786644720675431647e-02,2.273987309783399580e-01
5.786204018479194910e-02,2.271987795388419329e-01
5.785763265175240117e-02,2.269988281106087857e-01
5.785322461006190548e-02,2.267988766935885581e-01
5.784881606213431587e-02,2.265989252877292914e-01
5.784440701037116966e-02,2.263989738929792495e-01
5.783999745716173618e-02,2.261990225092870288e-01
5.783558740488305150e-02,2.259990711366014482e-01
5.783117685590000862e-02,2.257991197748716594e-01
5.782676581256535747e-02,2.255991684240469253e-01
5.782235427721978821e-02,2.253992170840769527e-01
5.781794225219195893e-02,2.251992657549113375e-01
5.781352973979858589e-02,2.249993144365002307e-01
5.780911674234443659e-02,2.247993631287940053e-01
5.780470326212242688e-02,2.245994118317432564e-01
5.780028930141362792e-02,2.243994605452988012e-01
5.779587486248737721e-02,2.241995092694116787e-01
5.779145994760125776e-02,2.239995580040329282e-01
5.778704455900120218e-02,2.237996067491144769e-01
5.778262869892149961e-02,2.235996555046080303e-01
5.777821236958489287e-02,2.233997042704654046e-01
5.777379557320256459e-02,2.231997530466390822e-01
5.776937831197424822e-02,2.229998018330813236e-01
5.776496058808826273e-02,2.227998506297450554e-01
5.776054240372151261e-02,2.225998994365833150e-01
5.775612376103959889e-02,2.223999482535490291e-01
5.775170466219682608e-02,2.221999970805959013e-01
5.774728510933627851e-02,2.220000459176773022e-01
5.774286510458985500e-02,2.218000947647474907e-01
5.773844465007832438e-02,2.216001436217603926e-01
5.773402374791136021e-02,2.214001924886703776e-01
5.772960240018759626e-02,2.212002413654320376e-01
5.772518060899466119e-02,2.210002902520001866e-01
5.772075837640927576e-02,2.208003391483301936e-01
5.771633570449725276e-02,2.206003880543768725e-01
5.771191259531353174e-02,2.204004369700960364e-01
5.770748905090227615e-02,2.202004858954432764e-01
5.770306507329689416e-02,2.200005348303745167e-01
5.769864066452009416e-02,2.198005837748460145e-01
5.769421582658389863e-02,2.196006327288142490e-01
5.768979056148974827e-02,2.194006816922358105e-01
5.768536487122850193e-02,2.192007306650675114e-01
5.768093875778051993e-02,2.190007796472662749e-01
5.767651222311566406e-02,2.188008286387896906e-01
5.767208526919340161e-02,2.186008776395951259e-01
5.766765789796280545e-02,2.184009266496402812e-01
5.766323011136261639e-02,2.182009756688830793e-01
5.765880191132129878e-02,2.180010246972815535e-01
5.765437329975706821e-02,2.178010737347942927e-01
5.764994427857796089e-02,2.176011227813798854e-01
5.764551484968184064e-02,2.174011718369970314e-01
5.764108501495650988e-02,2.172012209016046524e-01
5.763665477627966799e-02,2.170012699751622254e-01
5.763222413551905704e-02,2.168013190576287830e-01
5.762779309453240628e-02,2.166013681489643572e-01
5.762336165516755010e-02,2.164014172491287580e-01
5.761892981926244883e-02,2.162014663580817952e-01
5.761449758864522347e-02,2.160015154757839451e-01
5.761006496513421810e-02,2.158015646021954614e-01
5.760563195053804153e-02,2.156016137372771535e-01
5.760119854665559508e-02,2.154016628809900524e-01
5.759676475527613498e-02,2.152017120332950784e-01
5.759233057817932100e-02,2.150017611941534845e-01
5.758789601713523026e-02,2.148018103635267462e-01
5.758346107390444057e-02,2.146018595413765606e-01
5.757902575023805813e-02,2.144019087276649582e-01
5.757459004787773144e-02,2.142019579223539694e-01
5.757015396855576228e-02,2.140020071254057354e-01
5.756571751399506415e-02,2.138020563367829530e-01
5.756128068590929403e-02,2.136021055564480964e-01
5.755684348600283162e-02,2.134021547843641953e-01
5.755240591597085564e-02,2.132022040204942792e-01
5.754796797749935078e-02,2.130022532648014888e-01
5.754352967226519788e-02,2.128023025172494087e-01
5.753909100193617399e-02,2.126023517778017347e-01
5.753465196817104943e-02,2.124024010464222734e-01
5.753021257261955318e-02,2.122024503230749426e-01
5.752577281692249078e-02,2.120024996077241042e-01
5.752133270271171661e-02,2.118025489003340089e-01
5.751689223161025183e-02,2.116025982008695738e-01
5.751245140523227051e-02,2.114026475092951607e-01
5.750801022518315514e-02,2.112026968255760195e-01
5.750356869305954521e-02,2.110027461496772894e-01
5.749912681044936497e-02,2.108027954815641092e-01
5.749468457893187195e-02,2.106028448212023951e-01
5.749024200007773339e-02,2.104028941685576193e-01
5.748579907544899142e-02,2.102029435235956978e-01
5.748135580659918115e-02,2.100029928862826578e-01
5.747691219507330973e-02,2.098030422565847486e-01
5.747246824240794666e-02,2.096030916344685524e-01
5.746802395013123066e-02,2.094031410199005405e-01
5.746357931976293215e-02,2.092031904128475173e-01
5.745913435281446019e-02,2.090032398132766200e-01
5.745468905078894573e-02,2.088032892211546532e-01
5.745024341518125549e-02,2.086033386364493092e-01
5.744579744747804056e-02,2.084033880591279475e-01
5.744135114915776413e-02,2.082034374891581496e-01
5.743690452169075006e-02,2.080034869265079411e-01
5.743245756653923145e-02,2.078035363711452366e-01
5.742801028515737843e-02,2.076035858230382836e-01
5.742356267899133282e-02,2.074036352821553297e-01
5.741911474947925670e-02,2.072036847484650668e-01
5.741466649805136019e-02,2.070037342219361864e-01
5.741021792612996388e-02,2.068037837025372694e-01
5.740576903512951967e-02,2.066038331902377845e-01
5.740131982645662462e-02,2.064038826850066455e-01
5.739687030151011116e-02,2.062039321868134323e-01
5.739242046168104711e-02,2.060039816956276137e-01
5.738797030835279811e-02,2.058040312114186587e-01
5.738351984290102764e-02,2.056040807341569243e-01
5.737906906669380108e-02,2.054041302638121014e-01
5.737461798109153716e-02,2.052041798003544359e-01
5.737016658744711894e-02,2.050042293437542851e-01
5.736571488710588002e-02,2.048042788939822278e-01
5.736126288140570156e-02,2.046043284510089544e-01
5.735681057167696384e-02,2.044043780148052658e-01
5.735235795924266411e-02,2.042044275853421853e-01
5.734790504541840972e-02,2.040044771625908471e-01
5.734345183151245279e-02,2.038045267465223853e-01
5.733899831882575265e-02,2.036045763371087114e-01
5.733454450865198282e-02,2.034046259343211815e-01
5.733009040227761421e-02,2.032046755381315961e-01
5.732563600098187356e-02,2.030047251485119775e-01
5.732118130603685441e-02,2.028047747654342370e-01
5.731672631870751711e-02,2.026048243888707301e-01
5.731227104025172353e-02,2.024048740187939233e-01
5.730781547192027869e-02,2.022049236551762830e-01
5.730335961495697239e-02,2.020049732979904977e-01
5.729890347059858613e-02,2.018050229472094781e-01
5.729444704007497641e-02,2.016050726028062456e-01
5.728999032460906776e-02,2.014051222647540440e-01
5.728553332541690135e-02,2.012051719330260058e-01
5.728107604370766964e-02,2.010052216075955966e-01
5.727661848068376499e-02,2.008052712884362823e-01
5.727216063754077963e-02,2.006053209755220834e-01
5.726770251546756813e-02,2.004053706688267988e-01
5.726324411564626127e-02,2.002054203683243383e-01
5.725878543925234238e-02,2.000054700739889446e-01
5.725432648745460568e-02,1.998055197857948606e-01
5.724986726141526039e-02,1.996055695037168842e-01
5.724540776228993072e-02,1.994056192277292583e-01
5.724094799122770444e-02,1.992056689578068918e-01
5.723648794937114676e-02,1.990057186939245826e-01
5.723202763785634195e-02,1.988057684360572397e-01
5.722756705781292808e-02,1.986058181841802162e-01
5.722310621036413164e-02,1.984058679382688650e-01
5.721864509662678844e-02,1.982059176982985393e-01
5.721418371771139905e-02,1.980059674642448142e-01
5.720972207472212884e-02,1.978060172360832647e-01
5.720526016875687042e-02,1.976060670137900210e-01
5.720079800090725752e-02,1.974061167973408804e-01
5.719633557225871356e-02,1.972061665867119729e-01
5.719187288389043777e-02,1.970062163818796508e-01
5.718740993687548846e-02,1.968062661828201554e-01
5.718294673228081076e-02,1.966063159895101720e-01
5.717848327116724361e-02,1.964063658019261638e-01
5.717401955458954743e-02,1.962064156200449272e-01
5.716955558359644585e-02,1.960064654438435916e-01
5.716509135923066726e-02,1.958065152732989533e-01
5.716062688252897261e-02,1.956065651083883639e-01
5.715616215452215543e-02,1.954066149490891746e-01
5.715169717623513196e-02,1.952066647953785150e-01
5.714723194868689959e-02,1.950067146472342916e-01
5.714276647289059929e-02,1.948067645046338559e-01
5.713830074985358498e-02,1.946068143675553364e-01
5.713383478057739578e-02,1.944068642359765287e-01
5.712936856605779767e-02,1.942069141098753393e-01
5.712490210728482509e-02,1.940069639892302300e-01
5.712043540524280871e-02,1.938070138740193293e-01
5.711596846091041013e-02,1.936070637642210990e-01
5.711150127526063575e-02,1.934071136598142227e-01
5.710703384926087839e-02,1.932071635607771620e-01
5.710256618387292427e-02,1.930072134670888229e-01
5.709809828005300847e-02,1.928072633787279999e-01
5.709363013875183579e-02,1.926073132956740430e-01
5.708916176091460848e-02,1.924073632179059690e-01
5.708469314748103318e-02,1.922074131454030166e-01
5.708022429938539033e-02,1.920074630781445357e-01
5.707575521755652720e-02,1.918075130161098762e-01
5.707128590291789955e-02,1.916075629592790541e-01
5.706681635638759242e-02,1.914076129076317523e-01
5.706234657887836875e-02,1.912076628611476536e-01
5.705787657129766238e-02,1.910077128198067742e-01
5.705340633454762667e-02,1.908077627835893519e-01
5.704893586952516915e-02,1.906078127524751809e-01
5.704446517712195852e-02,1.904078627264451651e-01
5.703999425822445929e-02,1.902079127054795427e-01
5.703552311371396649e-02,1.900079626895586626e-01
5.703105174446662651e-02,1.898080126786633182e-01
5.702658015135344399e-02,1.896080626727743024e-01
5.702210833524035127e-02,1.894081126718724084e-01
5.701763629698820141e-02,1.892081626759387625e-01
5.701316403745278899e-02,1.890082126849544908e-01
5.700869155748490569e-02,1.888082626989007196e-01
5.700421885793035409e-02,1.886083127177586860e-01
5.699974593962994773e-02,1.884083627415099604e-01
5.699527280341956659e-02,1.882084127701361131e-01
5.699079945013019177e-02,1.880084628036186034e-01
5.698632588058789167e-02,1.878085128419393346e-01
5.698185209561386355e-02,1.876085628850800990e-01
5.697737809602449605e-02,1.874086129330229111e-01
5.697290388263132749e-02,1.872086629857497853e-01
5.696842945624111532e-02,1.870087130432430689e-01
5.696395481765584301e-02,1.868087631054848874e-01
5.695947996767276866e-02,1.866088131724574772e-01
5.695500490708441110e-02,1.864088632441436300e-01
5.695052963667861928e-02,1.862089133205258040e-01
5.694605415723854452e-02,1.860089634015866800e-01
5.694157846954270297e-02,1.858090134873090493e-01
5.693710257436498945e-02,1.856090635776757036e-01
5.693262647247471220e-02,1.854091136726698785e-01
5.692815016463658589e-02,1.852091637722744766e-01
5.692367365161076637e-02,1.850092138764728444e-01
5.691919693415289916e-02,1.848092639852481067e-01
5.691472001301411954e-02,1.846093140985836101e-01
5.691024288894108718e-02,1.844093642164631452e-01
5.690576556267597924e-02,1.842094143388699479e-01
5.690128803495655974e-02,1.840094644657879197e-01
5.689681030651615873e-02,1.838095145972008515e-01
5.689233237808372090e-02,1.836095647330924230e-01
5.688785425038385413e-02,1.834096148734468690e-01
5.688337592413676702e-02,1.832096650182480913e-01
5.687889740005837996e-02,1.830097151674803246e-01
5.687441867886029040e-02,1.828097653211278040e-01
5.686993976124982836e-02,1.826098154791746531e-01
5.686546064793006339e-02,1.824098656416057729e-01
5.686098133959982537e-02,1.822099158084052872e-01
5.685650183695371840e-02,1.820099659795580971e-01
5.685202214068217630e-02,1.818100161550488814e-01
5.684754225147144180e-02,1.816100663348620969e-01
5.684306217000361511e-02,1.814101165189830889e-01
5.683858189695666085e-02,1.812101667073967581e-01
5.683410143300443584e-02,1.810102169000882277e-01
5.682962077881671681e-02,1.808102670970423986e-01
5.682513993505919347e-02,1.806103172982446159e-01
5.682065890239352407e-02,1.804103675036805576e-01
5.681617768147734227e-02,1.802104177133353469e-01
5.681169627296427105e-02,1.800104679271946617e-01
5.680721467750395048e-02,1.798105181452439583e-01
5.680273289574204465e-02,1.796105683674689146e-01
5.679825092832028327e-02,1.794106185938556530e-01
5.679376877587646866e-02,1.792106688243897405e-01
5.678928643904449652e-02,1.790107190590572994e-01
5.678480391845437680e-02,1.788107692978443408e-01
5.678032121473224753e-02,1.786108195407367649e-01
5.677583832850041645e-02,1.784108697877211380e-01
5.677135526037735413e-02,1.782109200387835823e-01
5.676687201097770780e-02,1.780109702939105532e-01
5.676238858091236378e-02,1.778110205530883947e-01
5.675790497078841979e-02,1.776110708163036733e-01
5.675342118120922652e-02,1.774111210835431773e-01
5.674893721277441544e-02,1.772111713547935841e-01
5.674445306607989181e-02,1.770112216300414598e-01
5.673996874171786248e-02,1.768112719092739260e-01
5.673548424027684972e-02,1.766113221924778820e-01
5.673099956234176067e-02,1.764113724796403382e-01
5.672651470849381788e-02,1.762114227707484160e-01
5.672202967931063572e-02,1.760114730657894588e-01
5.671754447536624805e-02,1.758115233647504771e-01
5.671305909723105970e-02,1.756115736676189254e-01
5.670857354547195750e-02,1.754116239743823691e-01
5.670408782065223391e-02,1.752116742850281517e-01
5.669960192333168419e-02,1.750117245995440607e-01
5.669511585406656479e-02,1.748117749179175506e-01
5.669062961340964879e-02,1.746118252401364090e-01
5.668614320191022599e-02,1.744118755661885345e-01
5.668165662011412365e-02,1.742119258960619366e-01
5.667716986856372041e-02,1.740119762297444028e-01
5.667268294779797405e-02,1.738120265672239428e-01
5.666819585835241452e-02,1.736120769084887883e-01
5.666370860075921334e-02,1.734121272535271707e-01
5.665922117554712117e-02,1.732121776023272108e-01
5.665473358324154413e-02,1.730122279548775843e-01
5.665024582436455070e-02,1.728122783111663008e-01
5.664575789943487871e-02,1.726123286711820359e-01
5.664126980896793534e-02,1.724123790349134655e-01
5.663678155347586646e-02,1.722124294023490432e-01
5.663229313346750809e-02,1.720124797734777777e-01
5.662780454944844194e-02,1.718125301482881229e-01
5.662331580192100922e-02,1.716125805267688653e-01
5.661882689138430375e-02,1.714126309089093469e-01
5.661433781833422746e-02,1.712126812946982435e-01
5.660984858326344182e-02,1.710127316841248968e-01
5.660535918666145805e-02,1.708127820771780936e-01
5.660086962901460239e-02,1.706128324738472868e-01
5.659637991080604391e-02,1.704128828741218182e-01
5.659189003251582223e-02,1.702129332779909188e-01
5.658739999462084752e-02,1.700129836854440413e-01
5.658290979759492828e-02,1.698130340964706386e-01
5.657841944190875744e-02,1.696130845110600527e-01
5.657392892802996787e-02,1.694131349292022914e-01
5.656943825642312546e-02,1.692131853508868078e-01
5.656494742754972216e-02,1.690132357761036097e-01
5.656045644186825233e-02,1.688132862048422611e-01
5.655596529983415721e-02,1.686133366370925479e-01
5.655147400189988044e-02,1.684133870728449223e-01
5.654698254851488193e-02,1.682134375120889480e-01
5.654249094012563093e-02,1.680134879548149662e-01
5.653799917717564072e-02,1.678135384010130959e-01
5.653350726010546168e-02,1.676135888506733451e-01
5.652901518935272290e-02,1.674136393037863879e-01
5.652452296535211834e-02,1.672136897603422323e-01
5.652003058853544148e-02,1.670137402203314414e-01
5.651553805933157842e-02,1.668137906837444673e-01
5.651104537816653561e-02,1.666138411505717620e-01
5.650655254546346068e-02,1.664138916208042218e-01
5.650205956164263549e-02,1.662139420944321877e-01
5.649756642712149696e-02,1.660139925714466669e-01
5.649307314231467175e-02,1.658140430518382225e-01
5.648857970763394160e-02,1.656140935355977506e-01
5.648408612348830571e-02,1.654141440227163695e-01
5.647959239028396694e-02,1.652141945131849754e-01
5.647509850842434564e-02,1.650142450069944644e-01
5.647060447831011437e-02,1.648142955041359548e-01
5.646611030033917011e-02,1.646143460046006757e-01
5.646161597490667594e-02,1.644143965083799674e-01
5.645712150240507488e-02,1.642144470154650593e-01
5.645262688322408295e-02,1.640144975258472915e-01
5.644813211775073086e-02,1.638145480395181153e-01
5.644363720636935006e-02,1.636145985564688710e-01
5.643914214946157970e-02,1.634146490766910098e-01
5.643464694740640830e-02,1.632146996001764272e-01
5.643015160058017371e-02,1.630147501269165744e-01
5.642565610935656312e-02,1.628148006569031248e-01
5.642116047410660612e-02,1.626148511901279736e-01
5.641666469519875798e-02,1.624149017265826833e-01
5.641216877299884414e-02,1.622149522662594823e-01
5.640767270787009485e-02,1.620150028091500438e-01
5.640317650017314527e-02,1.618150533552464854e-01
5.639868015026607007e-02,1.616151039045408133e-01
5.639418365850438347e-02,1.614151544570250341e-01
5.638968702524102539e-02,1.612152050126914871e-01
5.638519025082643077e-02,1.610152555715324008e-01
5.638069333560846719e-02,1.608153061335398926e-01
5.637619627993250421e-02,1.606153566987064130e-01
5.637169908414140646e-02,1.604154072670241904e-01
5.636720174857552668e-02,1.602154578384858974e-01
5.636270427357274737e-02,1.600155084130839844e-01
5.635820665946846691e-02,1.598155589908107910e-01
5.635370890659561344e-02,1.596156095716591006e-01
5.634921101528465870e-02,1.594156601556214747e-01
5.634471298586364585e-02,1.592157107426908080e-01
5.634021481865816167e-02,1.590157613328597730e-01
5.633571651399139207e-02,1.588158119261211532e-01
5.633121807218408050e-02,1.586158625224678431e-01
5.632671949355459035e-02,1.584159131218927374e-01
5.632222077841888414e-02,1.582159637243889527e-01
5.631772192709053049e-02,1.580160143299494946e-01
5.631322293988072492e-02,1.578160649385673686e-01
5.630872381709831065e-02,1.576161155502359135e-01
5.630422455904977169e-02,1.574161661649478017e-01
5.629972516603922589e-02,1.572162167826969270e-01
5.629522563836848736e-02,1.570162674034762951e-01
5.629072597633701103e-02,1.568163180272792445e-01
5.628622618024194807e-02,1.566163686540992250e-01
5.628172625037815985e-02,1.564164192839295753e-01
5.627722618703816237e-02,1.562164699167639670e-01
5.627272599051223040e-02,1.560165205525959609e-01
5.626822566108831414e-02,1.558165711914190066e-01
5.626372519905212949e-02,1.556166218332269979e-01
5.625922460468710251e-02,1.554166724780132736e-01
5.625472387827441800e-02,1.552167231257718383e-01
5.625022302009300562e-02,1.550167737764965858e-01
5.624572203041955376e-02,1.548168244301811880e-01
5.624122090952853037e-02,1.546168750868196495e-01
5.623671965769218989e-02,1.544169257464058642e-01
5.623221827518055244e-02,1.542169764089339479e-01
5.622771676226146625e-02,1.540170270743977943e-01
5.622321511920054526e-02,1.538170777427916303e-01
5.621871334626124539e-02,1.536171284141095716e-01
5.621421144370481598e-02,1.534171790883457343e-01
5.620970941179036923e-02,1.532172297654945670e-01
5.620520725077483154e-02,1.530172804455502966e-01
5.620070496091296441e-02,1.528173311285072611e-01
5.619620254245740604e-02,1.526173818143597982e-01
5.619169999565864354e-02,1.524174325031022459e-01
5.618719732076502688e-02,1.522174831947293860e-01
5.618269451802279657e-02,1.520175338892355565e-01
5.617819158767604903e-02,1.518175845866154283e-01
5.617368852996679207e-02,1.516176352868636723e-01
5.616918534513492406e-02,1.514176859899747374e-01
5.616468203341825477e-02,1.512177366959435165e-01
5.616017859505250537e-02,1.510177874047646807e-01
5.615567503027128760e-02,1.508178381164332338e-01
5.615117133930618704e-02,1.506178888309439579e-01
5.614666752238667291e-02,1.504179395482916348e-01
5.614216357974020216e-02,1.502179902684714907e-01
5.613765951159214312e-02,1.500180409914783075e-01
5.613315531816583798e-02,1.498180917173072002e-01
5.612865099968258886e-02,1.496181424459531728e-01
5.612414655636164401e-02,1.494181931774113403e-01
5.611964198842025325e-02,1.492182439116770398e-01
5.611513729607361944e-02,1.490182946487454974e-01
5.611063247953495398e-02,1.488183453886120500e-01
5.610612753901546290e-02,1.486183961312718127e-01
5.610162247472432612e-02,1.484184468767201226e-01
5.609711728686875287e-02,1.482184976249526498e-01
5.609261197565396789e-02,1.480185483759647314e-01
5.608810654128319056e-02,1.478185991297518154e-01
5.608360098395768351e-02,1.476186498863093499e-01
5.607909530387672481e-02,1.474187006456331162e-01
5.607458950123764968e-02,1.472187514077186732e-01
5.607008357623581574e-02,1.470188021725616911e-01
5.606557752906463771e-02,1.468188529401578402e-01
5.606107135991557355e-02,1.466189037105030124e-01
5.605656506897815916e-02,1.464189544835927670e-01
5.605205865643998753e-02,1.462190052594231071e-01
5.604755212248670182e-02,1.460190560379900360e-01
5.604304546730204395e-02,1.458191068192892237e-01
5.603853869106783375e-02,1.456191576033168955e-01
5.603403179396396899e-02,1.454192083900687216e-01
5.602952477616843924e-02,1.452192591795412602e-01
5.602501763785733974e-02,1.450193099717302925e-01
5.602051037920486448e-02,1.448193607666319327e-01
5.601600300038329927e-02,1.446194115642426281e-01
5.601149550156307028e-02,1.444194623645582709e-01
5.600698788291269548e-02,1.442195131675754194e-01
5.600248014459881934e-02,1.440195639732901878e-01
5.599797228678621980e-02,1.438196147816991344e-01
5.599346430963780819e-02,1.436196655927985955e-01
5.598895621331462236e-02,1.434197164065847963e-01
5.598444799797584054e-02,1.432197672230544061e-01
5.597993966377879521e-02,1.430198180422038723e-01
5.597543121087895229e-02,1.428198688640299752e-01
5.597092263942995277e-02,1.426199196885291620e-01
5.596641394958357107e-02,1.424199705156977691e-01
5.596190514148976364e-02,1.422200213455330209e-01
5.595739621529663421e-02,1.420200721780314757e-01
5.595288717115048244e-02,1.418201230131899138e-01
5.594837800919575527e-02,1.416201738510050046e-01
5.594386872957510942e-02,1.414202246914735284e-01
5.593935933242934894e-02,1.412202755345927097e-01
5.593484981789750149e-02,1.410203263803592177e-01
5.593034018611674207e-02,1.408203772287701661e-01
5.592583043722246239e-02,1.406204280798225570e-01
5.592132057134827083e-02,1.404204789335131709e-01
5.591681058862594395e-02,1.402205297898394543e-01
5.591230048918548884e-02,1.400205806487985205e-01
5.590779027315509464e-02,1.398206315103873720e-01
5.590327994066117412e-02,1.396206823746032333e-01
5.589876949182836369e-02,1.394207332414435507e-01
5.589425892677951646e-02,1.392207841109054378e-01
5.588974824563568145e-02,1.390208349829863410e-01
5.588523744851617986e-02,1.388208858576835958e-01
5.588072653553851493e-02,1.386209367349946486e-01
5.587621550681843435e-02,1.384209876149168350e-01
5.587170436246994415e-02,1.382210384974477124e-01
5.586719310260524624e-02,1.380210893825849494e-01
5.586268172733481474e-02,1.378211402703259925e-01
5.585817023676735438e-02,1.376211911606685101e-01
5.585365863100980738e-02,1.374212420536099488e-01
5.584914691016737431e-02,1.372212929491481992e-01
5.584463507434350021e-02,1.370213438472810408e-01
5.584012312363989539e-02,1.368213947480061421e-01
5.583561105815649378e-02,1.366214456513212827e-01
5.583109887799151544e-02,1.364214965572244642e-01
5.582658658324143180e-02,1.362215474657134662e-01
5.582207417400098654e-02,1.360215983767861792e-01
5.581756165036317469e-02,1.358216492904406048e-01
5.581304901241925659e-02,1.356217002066748556e-01
5.580853626025875786e-02,1.354217511254869333e-01
5.580402339396949712e-02,1.352218020468746174e-01
5.579951041363754444e-02,1.350218529708364645e-01
5.579499731934724899e-02,1.348219038973705874e-01
5.579048411118124606e-02,1.346219548264748767e-01
5.578597078922043623e-02,1.344220057581477779e-01
5.578145735354399226e-02,1.342220566923874037e-01
5.577694380422938691e-02,1.340221076291924218e-01
5.577243014135237903e-02,1.338221585685608339e-01
5.576791636498699273e-02,1.336222095104913077e-01
5.576340247520554516e-02,1.334222604549820668e-01
5.575888847207863958e-02,1.332223114020315569e-01
5.575437435567517919e-02,1.330223623516385567e-01
5.574986012606233943e-02,1.328224133038012900e-01
5.574534578330560264e-02,1.326224642585186464e-01
5.574083132746873032e-02,1.324225152157890717e-01
5.573631675861377005e-02,1.322225661756111226e-01
5.573180207680110410e-02,1.320226171379836888e-01
5.572728728208935223e-02,1.318226681029055491e-01
5.572277237453547583e-02,1.316227190703753713e-01
5.571825735419470155e-02,1.314227700403919341e-01
5.571374222112057684e-02,1.312228210129541273e-01
5.570922697536493523e-02,1.310228719880609516e-01
5.570471161697791024e-02,1.308229229657111858e-01
5.570019614600794228e-02,1.306229739459038308e-01
5.569568056250175092e-02,1.304230249286379983e-01
5.569116486650436959e-02,1.302230759139124672e-01
5.568664905805913168e-02,1.300231269017266822e-01
5.568213313720767749e-02,1.298231778920796442e-01
5.567761710398993341e-02,1.296232288849704650e-01
5.567310095844413970e-02,1.294232798803982565e-01
5.566858470060682268e-02,1.292233308783623524e-01
5.566406833051282255e-02,1.290233818788620868e-01
5.565955184819527252e-02,1.288234328818967933e-01
5.565503525368561272e-02,1.286234838874655839e-01
5.565051854701358325e-02,1.284235348955681255e-01
5.564600172820721724e-02,1.282235859062036409e-01
5.564148479729285474e-02,1.280236369193716861e-01
5.563696775429512881e-02,1.278236879350719279e-01
5.563245059923697944e-02,1.276237389533037003e-01
5.562793333213963964e-02,1.274237899740665592e-01
5.562341595302263547e-02,1.272238409973601714e-01
5.561889846190380682e-02,1.270238920231843149e-01
5.561438085879927273e-02,1.268239430515386568e-01
5.560986314372345224e-02,1.266239940824227528e-01
5.560534531668907127e-02,1.264240451158366030e-01
5.560082737770712102e-02,1.262240961517797633e-01
5.559630932678692045e-02,1.260241471902524557e-01
5.559179116393605374e-02,1.258241982312542362e-01
5.558727288916041204e-02,1.256242492747852157e-01
5.558275450246415866e-02,1.254243003208453944e-01
5.557823600384977081e-02,1.252243513694345500e-01
5.557371739331797705e-02,1.250244024205530158e-01
5.556919867086782677e-02,1.248244534742006806e-01
5.556467983649662767e-02,1.246245045303777665e-01
5.556016089019999438e-02,1.244245555890843846e-01
5.555564183197179290e-02,1.242246066503205348e-01
5.555112266180418229e-02,1.240246577140868833e-01
5.554660337968760075e-02,1.238247087803834301e-01
5.554208398561075871e-02,1.236247598492106192e-01
5.553756447956064574e-02,1.234248109205686728e-01
5.553304486152250280e-02,1.232248619944580348e-01
5.552852513147987779e-02,1.230249130708791494e-01
5.552400528941454222e-02,1.228249641498324607e-01
5.551948533530656066e-02,1.226250152313187458e-01
5.551496526913424906e-02,1.224250663153382268e-01
5.551044509087418866e-02,1.222251174018914588e-01
5.550592480050121902e-02,1.220251684909793299e-01
5.550140439798843112e-02,1.218252195826023954e-01
5.549688388330716732e-02,1.216252706767613212e-01
5.549236325642701445e-02,1.214253217734571066e-01
5.548784251731583850e-02,1.212253728726900848e-01
5.548332166593970133e-02,1.210254239744614768e-01
5.547880070226295091e-02,1.208254750787720599e-01
5.547427962624815190e-02,1.206255261856226113e-01
5.546975843785609261e-02,1.204255772950143522e-01
5.546523713704581970e-02,1.202256284069479486e-01
5.546071572377460346e-02,1.200256795214245109e-01
5.545619419799793087e-02,1.198257306384453713e-01
5.545167255966951259e-02,1.196257817580113070e-01
5.544715080874128288e-02,1.194258328801237612e-01
5.544262894516339274e-02,1.192258840047835111e-01
5.543810696888421680e-02,1.190259351319922221e-01
5.543358487985030475e-02,1.188259862617508933e-01
5.542906267800644382e-02,1.186260373940610791e-01
5.542454036329561712e-02,1.184260885289238896e-01
5.542001793565899670e-02,1.182261396663406572e-01
5.541549539503594357e-02,1.180261908063131582e-01
5.541097274136402157e-02,1.178262419488427248e-01
5.540644997457896959e-02,1.176262930939306894e-01
5.540192709461470855e-02,1.174263442415789394e-01
5.539740410140335525e-02,1.172263953917886958e-01
5.539288099487516687e-02,1.170264465445618463e-01
5.538835777495859647e-02,1.168264976999000559e-01
5.538383444158023750e-02,1.166265488578051013e-01
5.537931099466487234e-02,1.164266000182785366e-01
5.537478743413539600e-02,1.162266511813223602e-01
5.537026375991289939e-02,1.160267023469382375e-01
5.536573997191658603e-02,1.158267535151282779e-01
5.536121607006379980e-02,1.156268046858943688e-01
5.535669205427003886e-02,1.154268558592385086e-01
5.535216792444891398e-02,1.152269070351624736e-01
5.534764368051216937e-02,1.150269582136685953e-01
5.534311932236966880e-02,1.148270093947588721e-01
5.533859484992937477e-02,1.146270605784355245e-01
5.533407026309739019e-02,1.144271117647005509e-01
5.532954556177787503e-02,1.142271629535562827e-01
5.532502074587312968e-02,1.140272141450052734e-01
5.532049581528351856e-02,1.138272653390495215e-01
5.531597076990751177e-02,1.136273165356914694e-01
5.531144560964163653e-02,1.134273677349334486e-01
5.530692033438051880e-02,1.132274189367779016e-01
5.530239494401682776e-02,1.130274701412276039e-01
5.529786943844131747e-02,1.128275213482847761e-01
5.529334381754277827e-02,1.126275725579521936e-01
5.528881808120805763e-02,1.124276237702324099e-01
5.528429222932204623e-02,1.122276749851278677e-01
5.527976626176766412e-02,1.120277262026417864e-01
5.527524017842587456e-02,1.118277774227766086e-01
5.527071397917564244e-02,1.116278286455352209e-01
5.526618766389397586e-02,1.114278798709203988e-01
5.526166123245586370e-02,1.112279310989351400e-01
5.525713468473431728e-02,1.110279823295822199e-01
5.525260802060034254e-02,1.108280335628647473e-01
5.524808123992290543e-02,1.106280847987859417e-01
5.524355434256898734e-02,1.104281360373485787e-01
5.523902732840353658e-02,1.102281872785558781e-01
5.523450019728944060e-02,1.100282385224109483e-01
5.522997294908756766e-02,1.098282897689172311e-01
5.522544558365673206e-02,1.096283410180778350e-01
5.522091810085369423e-02,1.094283922698959799e-01
5.521639050053314679e-02,1.092284435243752183e-01
5.521186278254768681e-02,1.090284947815187699e-01
5.520733494674787134e-02,1.088285460413302985e-01
5.520280699298212718e-02,1.086285973038132457e-01
5.519827892109682027e-02,1.084286485689710533e-01
5.519375073093617939e-02,1.082286998368072739e-01
5.518922242234233083e-02,1.080287511073256823e-01
5.518469399515527757e-02,1.078288023805300533e-01
5.518016544921289235e-02,1.076288536564239395e-01
5.517563678435089686e-02,1.074289049350112268e-01
5.517110800040287560e-02,1.072289562162958010e-01
5.516657909720023428e-02,1.070290075002813257e-01
5.516205007457224141e-02,1.068290587869720198e-01
5.515752093234595893e-02,1.066291100763718802e-01
5.515299167034626304e-02,1.064291613684847926e-01
5.514846228839586501e-02,1.062292126633147538e-01
5.514393278631522788e-02,1.060292639608660936e-01
5.513940316392262203e-02,1.058293152611429200e-01
5.513487342103410432e-02,1.056293665641495627e-01
5.513034355746346260e-02,1.054294178698902407e-01
5.512581357302227120e-02,1.052294691783691727e-01
5.512128346751981461e-02,1.050295204895907997e-01
5.511675324076314303e-02,1.048295718035598956e-01
5.511222289255700985e-02,1.046296231202805682e-01
5.510769242270389251e-02,1.044296744397575916e-01
5.510316183100396475e-02,1.042297257619954065e-01
5.509863111725509660e-02,1.040297770869986760e-01
5.509410028125282660e-02,1.038298284147723960e-01
5.508956932279038959e-02,1.036298797453208964e-01
5.508503824165864732e-02,1.034299310786491732e-01
5.508050703764611616e-02,1.032299824147622225e-01
5.507597571053895330e-02,1.030300337536648181e-01
5.507144426012094973e-02,1.028300850953619561e-01
5.506691268617348867e-02,1.026301364398588545e-01
5.506238098847557327e-02,1.024301877871602873e-01
5.505784916680378505e-02,1.022302391372714725e-01
5.505331722093227687e-02,1.020302904901977392e-01
5.504878515063277300e-02,1.018303418459441945e-01
5.504425295567454135e-02,1.016303932045163894e-01
5.503972063582440732e-02,1.014304445659195419e-01
5.503518819084671915e-02,1.012304959301589813e-01
5.503065562050331316e-02,1.010305472972401475e-01
5.502612292455356935e-02,1.008305986671687027e-01
5.502159010275431417e-02,1.006306500399503090e-01
5.501705715485987608e-02,1.004307014155905176e-01
5.501252408062204391e-02,1.002307527940951015e-01
5.500799087979003910e-02,1.000308041754696120e-01
5.500345755211052956e-02,9.983085555972015523e-02
5.499892409732762277e-02,9.963090694685239335e-02
5.499439051518278943e-02,9.943095833687254359e-02
5.498985680541493976e-02,9.923100972978626810e-02
5.498532296776032641e-02,9.903106112559978413e-02
5.498078900195259300e-02,9.883111252431919791e-02
5.497625490772272555e-02,9.863116392595072668e-02
5.497172068479903861e-02,9.843121533050069871e-02
5.496718633290717526e-02,9.823126673797533126e-02
5.496265185177009321e-02,9.803131814838073055e-02
5.495811724110803015e-02,9.783136956172366894e-02
5.495358250063849676e-02,9.763142097801058572e-02
5.494904763007626980e-02,9.743147239724792019e-02
5.494451262913337131e-02,9.723152381944244471e-02
5.493997749751906162e-02,9.703157524460070960e-02
5.493544223493980472e-02,9.683162667272959823e-02
5.493090684109927513e-02,9.663167810383566092e-02
5.492637131569830244e-02,9.643172953792600310e-02
5.492183565843490600e-02,9.623178097500750816e-02
5.491729986900424632e-02,9.603183241508705947e-02
5.491276394709861813e-02,9.583188385817198451e-02
5.490822789240743657e-02,9.563193530426916666e-02
5.490369170461720238e-02,9.543198675338593340e-02
5.489915538341150203e-02,9.523203820552950116e-02
5.489461892847100066e-02,9.503208966070708641e-02
5.489008233947338666e-02,9.483214111892634968e-02
5.488554561609339938e-02,9.463219258019461844e-02
5.488100875800277362e-02,9.443224404451944221e-02
5.487647176487023964e-02,9.423229551190837050e-02
5.487193463636151625e-02,9.403234698236906386e-02
5.486739737213926216e-02,9.383239845590940487e-02
5.486285997186306912e-02,9.363244993253727610e-02
5.485832243518947576e-02,9.343250141226033811e-02
5.485378476177189822e-02,9.323255289508669552e-02
5.484924695126062316e-02,9.303260438102423091e-02
5.484470900330284254e-02,9.283265587008127095e-02
5.484017091754255641e-02,9.263270736226580926e-02
5.483563269362057985e-02,9.243275885758628352e-02
5.483109433117456383e-02,9.223281035605068734e-02
5.482655582983891190e-02,9.203286185766768046e-02
5.482201718924480799e-02,9.183291336244570058e-02
5.481747840902017471e-02,9.163296487039318539e-02
5.481293948878964567e-02,9.143301638151890565e-02
5.480840042817455848e-02,9.123306789583141008e-02
5.480386122679294786e-02,9.103311941333935842e-02
5.479932188425947620e-02,9.083317093405185449e-02
5.479478240018546137e-02,9.063322245797789112e-02
5.479024277417884198e-02,9.043327398512623905e-02
5.478570300584412883e-02,9.023332551550611313e-02
5.478116309478241880e-02,9.003337704912650619e-02
5.477662304059135318e-02,8.983342858599674408e-02
5.477208284286510381e-02,8.963348012612626370e-02
5.476754250119433148e-02,8.943353166952439093e-02
5.476300201516618588e-02,8.923358321620056266e-02
5.475846138436428479e-02,8.903363476616410477e-02
5.475392060836866553e-02,8.883368631942512028e-02
5.474937968675577110e-02,8.863373787599304610e-02
5.474483861909843624e-02,8.843378943587776320e-02
5.474029740496585972e-02,8.823384099908915257e-02
5.473575604392356964e-02,8.803389256563720622e-02
5.473121453553342342e-02,8.783394413553202718e-02
5.472667287935354535e-02,8.763399570878371847e-02
5.472213107493834050e-02,8.743404728540249415e-02
5.471758912183843221e-02,8.723409886539867930e-02
5.471304701960067601e-02,8.703415044878259899e-02
5.470850476776810412e-02,8.683420203556491135e-02
5.470396236587990457e-02,8.663425362575616351e-02
5.469941981347140741e-02,8.643430521936690258e-02
5.469487711007404301e-02,8.623435681640789774e-02
5.469033425521532127e-02,8.603440841689002916e-02
5.468579124841881078e-02,8.583446002082439907e-02
5.468124808920411112e-02,8.563451162822188767e-02
5.467670477708679727e-02,8.543456323909359718e-02
5.467216131157845438e-02,8.523461485345074085e-02
5.466761769218655975e-02,8.503466647130475398e-02
5.466307391841453839e-02,8.483471809266696084e-02
5.465852998976170746e-02,8.463476971754879674e-02
5.465398590572321386e-02,8.443482134596191901e-02
5.464944166579004808e-02,8.423487297791798500e-02
5.464489726944899567e-02,8.403492461342887410e-02
5.464035271618259554e-02,8.383497625250635465e-02
5.463580800546916083e-02,8.363502789516252811e-02
5.463126313678268176e-02,8.343507954140938487e-02
5.462671810959282559e-02,8.323513119125913740e-02
5.462217292336492974e-02,8.303518284472399813e-02
5.461762757755990461e-02,8.283523450181629055e-02
5.461308207163430295e-02,8.263528616254867121e-02
5.460853640504018114e-02,8.243533782693368561e-02
5.460399057722512689e-02,8.223538949498399031e-02
5.459944458763222458e-02,8.203544116671235287e-02
5.459489843570000667e-02,8.183549284213165187e-02
5.459035212086242594e-02,8.163554452125498795e-02
5.458580564254882084e-02,8.143559620409546174e-02
5.458125900018390847e-02,8.123564789066617386e-02
5.457671219318768058e-02,8.103569958098055803e-02
5.457216522097545902e-02,8.083575127505193691e-02
5.456761808295780558e-02,8.063580297289396626e-02
5.456307077854046644e-02,8.043585467452041282e-02
5.455852330712442078e-02,8.023590637994482133e-02
5.455397566810576970e-02,8.003595808918095855e-02
5.454942786087570855e-02,7.983600980224303534e-02
5.454487988482053379e-02,7.963606151914526254e-02
5.454033173932157363e-02,7.943611323990151796e-02
5.453578342375513949e-02,7.923616496452634550e-02
5.453123493749251205e-02,7.903621669303428909e-02
5.452668627989991357e-02,7.883626842543955959e-02
5.452213745033843151e-02,7.863632016175714501e-02
5.451758844816402549e-02,7.843637190200181131e-02
5.451303927272744404e-02,7.823642364618843548e-02
5.450848992337421761e-02,7.803647539433200553e-02
5.450394039944460312e-02,7.783652714644750947e-02
5.449939070027355614e-02,7.763657890255071248e-02
5.449484082519067546e-02,7.743663066265671358e-02
5.449029077352016831e-02,7.723668242678116691e-02
5.448574054458083654e-02,7.703673419493961561e-02
5.448119013768597946e-02,7.683678596714771381e-02
5.447663955214340076e-02,7.663683774342167077e-02
5.447208878725534609e-02,7.643688952377747370e-02
5.446753784231846141e-02,7.623694130823110982e-02
5.446298671662375135e-02,7.603699309679901042e-02
5.445843540945653760e-02,7.583704488949749578e-02
5.445388392009641032e-02,7.563709668634333028e-02
5.444933224781719344e-02,7.543714848735305623e-02
5.444478039188688917e-02,7.523720029254366004e-02
5.444022835156765022e-02,7.503725210193179507e-02
5.443567612611569656e-02,7.483730391553478078e-02
5.443112371478132927e-02,7.463735573336993667e-02
5.442657111680881260e-02,7.443740755545458221e-02
5.442201833143640172e-02,7.423745938180625892e-02
5.441746535789623862e-02,7.403751121244250832e-02
5.441291219541431051e-02,7.383756304738109399e-02
5.440835884321045673e-02,7.363761488664011257e-02
5.440380530049823693e-02,7.343766673023766067e-02
5.439925156648494492e-02,7.323771857819183495e-02
5.439469764037153932e-02,7.303777043052117612e-02
5.439014352135259495e-02,7.283782228724389185e-02
5.438558920861622653e-02,7.263787414837918899e-02
5.438103470134409562e-02,7.243792601394560826e-02
5.437647999871130650e-02,7.223797788396202346e-02
5.437192509988638539e-02,7.203802975844775247e-02
5.436737000403117637e-02,7.183808163742189112e-02
5.436281471030088991e-02,7.163813352090409037e-02
5.435825921784394332e-02,7.143818540891400115e-02
5.435370352580197462e-02,7.123823730147105238e-02
5.434914763330974535e-02,7.103828919859545010e-02
5.434459153949511984e-02,7.083834110030684528e-02
5.434003524347898878e-02,7.063839300662611009e-02
5.433547874437522768e-02,7.043844491757322857e-02
5.433092204129062047e-02,7.023849683316885084e-02
5.432636513332481792e-02,7.003854875343373809e-02
5.432180801957028904e-02,6.983860067838865149e-02
5.431725069911224474e-02,6.963865260805468527e-02
5.431269317102857541e-02,6.943870454245326673e-02
5.430813543438981622e-02,6.923875648160571217e-02
5.430357748825905689e-02,6.903880842553344888e-02
5.429901933169191397e-02,6.883886037425834825e-02
5.429446096373644753e-02,6.863891232780228169e-02
5.428990238343311264e-02,6.843896428618745365e-02
5.428534358981466912e-02,6.823901624943606858e-02
5.428078458190616074e-02,6.803906821757066403e-02
5.427622535872482501e-02,6.783912019061366649e-02
5.427166591928004463e-02,6.763917216858805759e-02
5.426710626257326420e-02,6.743922415151681893e-02
5.426254638759793469e-02,6.723927613942315418e-02
5.425798629333945106e-02,6.703932813233048904e-02
5.425342597877509665e-02,6.683938013026224922e-02
5.424886544287393919e-02,6.663943213324230452e-02
5.424430468459681687e-02,6.643948414129452473e-02
5.423974370289620650e-02,6.623953615444322374e-02
5.423518249671621660e-02,6.603958817271260440e-02
5.423062106499248330e-02,6.583964019612709162e-02
5.422605940665210095e-02,6.563969222471166542e-02
5.422149752061357353e-02,6.543974425849108378e-02
5.421693540578670367e-02,6.523979629749054876e-02
5.421237306107257181e-02,6.503984834173537344e-02
5.420781048536340435e-02,6.483990039125098193e-02
5.420324767754255979e-02,6.463995244606324242e-02
5.419868463648442464e-02,6.444000450619824516e-02
5.419412136105431627e-02,6.424005657168185834e-02
5.418955785010845516e-02,6.404010864254083835e-02
5.418499410249384696e-02,6.384016071880127541e-02
5.418043011704824774e-02,6.364021280049048102e-02
5.417586589260003221e-02,6.344026488763532257e-02
5.417130142796817288e-02,6.324031698026288950e-02
5.416673672196211514e-02,6.304036907840082637e-02
5.416217177338171485e-02,6.284042118207655570e-02
5.415760658101715502e-02,6.264047329131838815e-02
5.415304114364889038e-02,6.244052540615419034e-02
5.414847546004750850e-02,6.224057752661249499e-02
5.414390952897370213e-02,6.204062965272183483e-02
5.413934334917815117e-02,6.184068178451096465e-02
5.413477691940146025e-02,6.164073392200908330e-02
5.413021023837405465e-02,6.144078606524538966e-02
5.412564330481609010e-02,6.124083821424952667e-02
5.412107611743739721e-02,6.104089036905135934e-02
5.411650867493735667e-02,6.084094252968053063e-02
5.411194097600484365e-02,6.064099469616779370e-02
5.410737301931810989e-02,6.044104686854356867e-02
5.410280480354470040e-02,6.024109904683849770e-02
5.409823632734137022e-02,6.004115123108366703e-02
5.409366758935400810e-02,5.984120342131005188e-02
5.408909858821749073e-02,5.964125561754973770e-02
5.408452932255564116e-02,5.944130781983425482e-02
5.407995979098109696e-02,5.924136002819557767e-02
5.407538999209524772e-02,5.904141224266623578e-02
5.407081992448812408e-02,5.884146446327853663e-02
5.406624958673827974e-02,5.864151669006545387e-02
5.406167897741271516e-02,5.844156892306018314e-02
5.405710809506678038e-02,5.824162116229614217e-02
5.405253693824406402e-02,5.804167340780697071e-02
5.404796550547629613e-02,5.784172565962641954e-02
5.404339379528323717e-02,5.764177791778890558e-02
5.403882180617258779e-02,5.744183018232906779e-02
5.403424953663988478e-02,5.724188245328143410e-02
5.402967698516837614e-02,5.704193473068119857e-02
5.402510415022891699e-02,5.684198701456377734e-02
5.402053103027990716e-02,5.664203930496458650e-02
5.401595762376711768e-02,5.644209160191993035e-02
5.401138392912362141e-02,5.624214390546589115e-02
5.400680994476967506e-02,5.604219621563899523e-02
5.400223566911259432e-02,5.584224853247621301e-02
5.399766110054664281e-02,5.564230085601440390e-02
5.399308623745296964e-02,5.544235318629142650e-02
5.398851107819940126e-02,5.524240552334491738e-02
5.398393562114039285e-02,5.504245786721295719e-02
5.397935986461689650e-02,5.484251021793395964e-02
5.397478380695622940e-02,5.464256257554644947e-02
5.397020744647199053e-02,5.444261494008983959e-02
5.396563078146388026e-02,5.424266731160332089e-02
5.396105381021762404e-02,5.404271969012663934e-02
5.395647653100484054e-02,5.384277207569987400e-02
5.395189894208291675e-02,5.364282446836321494e-02
5.394732104169486231e-02,5.344287686815751837e-02
5.394274282806923310e-02,5.324292927512386253e-02
5.393816429941993007e-02,5.304298168930354773e-02
5.393358545394613679e-02,5.284303411073831835e-02
5.392900628983215983e-02,5.264308653947014083e-02
5.392442680524728998e-02,5.244313897554164772e-02
5.391984699834567740e-02,5.224319141899580465e-02
5.391526686726621359e-02,5.204324386987535522e-02
5.391068641013237878e-02,5.184329632822404221e-02
5.390610562505209619e-02,5.164334879408549739e-02
5.390152451011761409e-02,5.144340126750435171e-02
5.389694306340536006e-02,5.124345374852512514e-02
5.389236128297578143e-02,5.104350623719255964e-02
5.388777916687324809e-02,5.084355873355228539e-02
5.388319671312585130e-02,5.064361123764971051e-02
5.387861391974530650e-02,5.044366374953157539e-02
5.387403078472677992e-02,5.024371626924384326e-02
5.386944730604873582e-02,5.004376879683380963e-02
5.386486348167283250e-02,4.984382133234865897e-02
5.386027930954370019e-02,4.964387387583601985e-02
5.385569478758887169e-02,4.944392642734407595e-02
5.385110991371855338e-02,4.924397898692145503e-02
5.384652468582550727e-02,4.904403155461711794e-02
5.384193910178488446e-02,4.884408413048024755e-02
5.383735315945408634e-02,4.864413671456058186e-02
5.383276685667258421e-02,4.844418930690852498e-02
5.382818019126174580e-02,4.824424190757470310e-02
5.382359316102471730e-02,4.804429451661007544e-02
5.381900576374620826e-02,4.784434713406615636e-02
5.381441799719236668e-02,4.764439975999468224e-02
5.380982985911057781e-02,4.744445239444849971e-02
5.380524134722932533e-02,4.724450503748001129e-02
5.380065245925799711e-02,4.704455768914272973e-02
5.379606319288672556e-02,4.684461034949016778e-02
5.379147354578619339e-02,4.664466301857650432e-02
5.378688351560750175e-02,4.644471569645669540e-02
5.378229309998193430e-02,4.624476838318558602e-02
5.377770229652083234e-02,4.604482107881879838e-02
5.377311110281537271e-02,4.584487378341239872e-02
5.376851951643638744e-02,4.564492649702300842e-02
5.376392753493423188e-02,4.544497921970758192e-02
5.375933515583852795e-02,4.524503195152373980e-02
5.375474237665800459e-02,4.504508469252943570e-02
5.375014919488032422e-02,4.484513744278306735e-02
5.374555560797186077e-02,4.464519020234380964e-02
5.374096161337754696e-02,4.444524297127117052e-02
5.373636720852061760e-02,4.424529574962521306e-02
5.373177239080247081e-02,4.404534853746633338e-02
5.372717715760241819e-02,4.384540133485570479e-02
5.372258150627752527e-02,4.364545414185494465e-02
5.371798543416241023e-02,4.344550695852633648e-02
5.371338893856897334e-02,4.324555978493238584e-02
5.370879201678627202e-02,4.304561262113637543e-02
5.370419466608025716e-02,4.284566546720214308e-02
5.369959688369357886e-02,4.264571832319374867e-02
5.369499866684538519e-02,4.244577118917625125e-02
5.369040001273107238e-02,4.224582406521526501e-02
5.368580091852209746e-02,4.204587695137662617e-02
5.368120138136574238e-02,4.184592984772694813e-02
5.367660139838491273e-02,4.164598275433328833e-02
5.367200096667786025e-02,4.144603567126370347e-02
5.366740008331805090e-02,4.124608859858636123e-02
5.366279874535382494e-02,4.104614153637009544e-02
5.365819694980825116e-02,4.084619448468462810e-02
5.365359469367883549e-02,4.064624744360001429e-02
5.364899197393732666e-02,4.044630041318719726e-02
5.364438878752946643e-02,4.024635339351745333e-02
5.363978513137473980e-02,4.004640638466272495e-02
5.363518100236612518e-02,3.984645938669573173e-02
5.363057639736988624e-02,3.964651239968963736e-02
5.362597131322526661e-02,3.944656542371860475e-02
5.362136574674430251e-02,3.924661845885724087e-02
5.361675969471152436e-02,3.904667150518037477e-02
5.361215315388372094e-02,3.884672456276427877e-02
5.360754612098966865e-02,3.864677763168533620e-02
5.360293859272990263e-02,3.844683071202092961e-02
5.359833056577640448e-02,3.824688380384899666e-02
5.359372203677240099e-02,3.804693690724803012e-02
5.358911300233202418e-02,3.784699002229752196e-02
5.358450345904009621e-02,3.764704314907707516e-02
5.357989340345183787e-02,3.744709628766784704e-02
5.357528283209258418e-02,3.724714943815121693e-02
5.357067174145752064e-02,3.704720260060911929e-02
5.356606012801139877e-02,3.684725577512448780e-02
5.356144798818822383e-02,3.664730896178103325e-02
5.355683531839103284e-02,3.644736216066313261e-02
5.355222211499151980e-02,3.624741537185582896e-02
5.354760837432982062e-02,3.604746859544516457e-02
5.354299409271416621e-02,3.584752183151762583e-02
5.353837926642061873e-02,3.564757508016058729e-02
5.353376389169274552e-02,3.544762834146242270e-02
5.352914796474132070e-02,3.524768161551194989e-02
5.352453148174401987e-02,3.504773490239909695e-02
5.351991443884512867e-02,3.484778820221423601e-02
5.351529683215517502e-02,3.464784151504884946e-02
5.351067865775069321e-02,3.444789484099519683e-02
5.350605991167382142e-02,3.424794818014642583e-02
5.350144058993204499e-02,3.404800153259635032e-02
5.349682068849782868e-02,3.384805489843956128e-02
5.349220020330831132e-02,3.364810827777153790e-02
5.348757913026495892e-02,3.344816167068898061e-02
5.348295746523323152e-02,3.324821507728903391e-02
5.347833520404225022e-02,3.304826849766995256e-02
5.347371234248445016e-02,3.284832193193065741e-02
5.346908887631523360e-02,3.264837538017106855e-02
5.346446480125262996e-02,3.244842884249243831e-02
5.345984011297693489e-02,3.224848231899613005e-02
5.345521480713035650e-02,3.204853580978495042e-02
5.345058887931664060e-02,3.184858931496248324e-02
5.344596232510073069e-02,3.164864283463342254e-02
5.344133514000840718e-02,3.144869636890312847e-02
5.343670731952588487e-02,3.124874991787818246e-02
5.343207885909945914e-02,3.104880348166594306e-02
5.342744975413512426e-02,3.084885706037476805e-02
5.342281999999820563e-02,3.064891065411423643e-02
5.341818959201292960e-02,3.044896426299448233e-02
5.341355852546211119e-02,3.024901788712708317e-02
5.340892679558668227e-02,3.004907152662439351e-02
5.340429439758534458e-02,2.984912518159998918e-02
5.339966132661413262e-02,2.964917885216811211e-02
5.339502757778605280e-02,2.944923253844444755e-02
5.339039314617064630e-02,2.924928624054556892e-02
5.338575802679358662e-02,2.904933995858904883e-02
5.338112221463624241e-02,2.884939369269368115e-02
5.337648570463527503e-02,2.864944744297914792e-02
5.337184849168220141e-02,2.844950120956646344e-02
5.336721057062301238e-02,2.824955499257775227e-02
5.336257193625765921e-02,2.804960879213602709e-02
5.335793258333965811e-02,2.784966260836552188e-02
5.335329250657567385e-02,2.764971644139180285e-02
5.334865170062502021e-02,2.744977029134132440e-02
5.334401016009924362e-02,2.724982415834187321e-02
5.333936787956165826e-02,2.704987804252245720e-02
5.333472485352687420e-02,2.684993194401319450e-02
5.333008107646037416e-02,2.664998586294531346e-02
5.332543654277797918e-02,2.645003979945126371e-02
5.332079124684543231e-02,2.625009375366504916e-02
5.331614518297789207e-02,2.605014772572156190e-02
5.331149834543945365e-02,2.585020171575702630e-02
5.330685072844266320e-02,2.565025572390899899e-02
5.330220232614801129e-02,2.545030975031625786e-02
5.329755313266348188e-02,2.525036379511891305e-02
5.329290314204399026e-02,2.505041785845840696e-02
5.328825234829089041e-02,2.485047194047740327e-02
5.328360074535150315e-02,2.465052604131978686e-02
5.327894832711854711e-02,2.445058016113099697e-02
5.327429508742963227e-02,2.425063430005802712e-02
5.326964102006675333e-02,2.405068845824875901e-02
5.326498611875572081e-02,2.385074263585285070e-02
5.326033037716565444e-02,2.365079683302107050e-02
5.325567378890842113e-02,2.345085104990551894e-02
5.325101634753809376e-02,2.325090528666029499e-02
5.324635804655037524e-02,2.305095954344060782e-02
5.324169887938208501e-02,2.285101382040277684e-02
5.323703883941053455e-02,2.265106811770511985e-02
5.323237791995299312e-02,2.245112243550706488e-02
5.322771611426612565e-02,2.225117677396992732e-02
5.322305341554536134e-02,2.205123113325613282e-02
5.321838981692433163e-02,2.185128551352999438e-02
5.321372531147428031e-02,2.165133991495704624e-02
5.320905989220347382e-02,2.145139433770448800e-02
5.320439355205655585e-02,2.125144878194140663e-02
5.319972628391396452e-02,2.105150324783811033e-02
5.319505808059131480e-02,2.085155773556657266e-02
5.319038893483876707e-02,2.065161224530054351e-02
5.318571883934038874e-02,2.045166677721521609e-02
5.318104778671352284e-02,2.025172133148789300e-02
5.317637576950816347e-02,2.005177590829698708e-02
5.317170278020627583e-02,1.985183050782302061e-02
5.316702881122116475e-02,1.965188513024784811e-02
5.316235385489680165e-02,1.945193977575521149e-02
5.315767790350715144e-02,1.925199444453107311e-02
5.315300094925549945e-02,1.905204913676250555e-02
5.314832298427377838e-02,1.885210385263857980e-02
5.314364400062187438e-02,1.865215859235036522e-02
5.313896399028691930e-02,1.845221335609048552e-02
5.313428294518260375e-02,1.825226814405367382e-02
5.312960085714847625e-02,1.805232295643632856e-02
5.312491771794919382e-02,1.785237779343662456e-02
5.312023351927381426e-02,1.765243265525506811e-02
5.311554825273508834e-02,1.745248754209338671e-02
5.311086190986869654e-02,1.725254245415619447e-02
5.310617448213248576e-02,1.705259739164910471e-02
5.310148596090576156e-02,1.685265235478050627e-02
5.309679633748849714e-02,1.665270734376023132e-02
5.309210560310057697e-02,1.645276235880033244e-02
5.308741374888102660e-02,1.625281740011508269e-02
5.308272076588720773e-02,1.605287246792053146e-02
5.307802664509406187e-02,1.585292756243494861e-02
5.307333137739326384e-02,1.565298268387871339e-02
5.306863495359247229e-02,1.545303783247420348e-02
5.306393736441447628e-02,1.525309300844623905e-02
5.305923860049637647e-02,1.505314821202163866e-02
5.305453865238876632e-02,1.485320344342933030e-02
5.304983751055489249e-02,1.465325870290057342e-02
5.304513516536980139e-02,1.445331399066895894e-02
5.304043160711949950e-02,1.425336930697018722e-02
5.303572682600005833e-02,1.405342465204229008e-02
5.303102081211678864e-02,1.385348002612563079e-02
5.302631355548330372e-02,1.365353542946301513e-02
5.302160504602065894e-02,1.345359086229935830e-02
5.301689527355649134e-02,1.325364632488224004e-02
5.301218422782403433e-02,1.305370181746157154e-02
5.300747189846126417e-02,1.285375734028970651e-02
5.300275827500995629e-02,1.265381289362133010e-02
5.299804334691472774e-02,1.245386847771368100e-02
5.299332710352215592e-02,1.225392409282666240e-02
5.298860953407973085e-02,1.205397973922273103e-02
5.298389062773498082e-02,1.185403541716667508e-02
5.297917037353447323e-02,1.165409112692605831e-02
5.297444876042282230e-02,1.145414686877088695e-02
5.296972577724168990e-02,1.125420264297427586e-02
5.296500141272882101e-02,1.105425844981167138e-02
5.296027565551700983e-02,1.085431428956118438e-02
5.295554849413307286e-02,1.065437016250370128e-02
5.295081991699682883e-02,1.045442606892310611e-02
5.294608991242008567e-02,1.025448200910594743e-02
5.294135846860554412e-02,1.005453798334143833e-02
5.293662557364575000e-02,9.854593991921900553e-03
5.293189121552205334e-02,9.654650035142542386e-03
5.292715538210348430e-02,9.454706113301125647e-03
5.292241806114569846e-02,9.254762226698964867e-03
5.291767924028985270e-02,9.054818375639928085e-03
5.291293890706148112e-02,8.854874560430991970e-03
5.290819704886940561e-02,8.654930781382241811e-03
5.290345365300457708e-02,8.454987038806649480e-03
5.289870870663892360e-02,8.255043333020850582e-03
5.289396219682421935e-02,8.055099664344034238e-03
5.288921411049088417e-02,7.855156033098831259e-03
5.288446443444681788e-02,7.655212439610981079e-03
5.287971315537622063e-02,7.455268884209553804e-03
5.287496025983836473e-02,7.255325367226950206e-03
5.287020573426640807e-02,7.055381888999012752e-03
5.286544956496612435e-02,6.855438449864581507e-03
5.286069173811470956e-02,6.655495050166160276e-03
5.285593223975951216e-02,6.455551690249583530e-03
5.285117105581676328e-02,6.255608370464349477e-03
5.284640817207030689e-02,6.055665091163175973e-03
5.284164357417031610e-02,5.855721852702555630e-03
5.283687724763198174e-02,5.655778655442533775e-03
5.283210917783421473e-02,5.455835499746708450e-03
5.282733935001830000e-02,5.255892385982230408e-03
5.282256774928657805e-02,5.055949314520247206e-03
5.281779436060108496e-02,4.856006285735459116e-03
5.281301916878217151e-02,4.656063300006452188e-03
5.280824215850716402e-02,4.456120357715365188e-03
5.280346331430892104e-02,4.256177459248555728e-03
5.279868262057447331e-02,4.056234604996267201e-03
5.279390006154357357e-02,3.856291795352628782e-03
5.278911562130728097e-02,3.656349030715433379e-03
5.278432928380651784e-02,3.456406311487136840e-03
5.277954103283059861e-02,3.256463638073747724e-03
5.277475085201575183e-02,3.056521010885715484e-03
5.276995872484363526e-02,2.856578430337708419e-03
5.276516463463985090e-02,2.656635896848391631e-03
5.276036856457239077e-02,2.456693410840760095e-03
5.275557049765013801e-02,2.256750972742138650e-03
5.275077041672130568e-02,2.056808582984293032e-03
5.274596830447187551e-02,1.856866242003429868e-03
5.274116414342400888e-02,1.656923950240196675e-03
5.273635791593447864e-02,1.456981708139570841e-03
5.273154960419302456e-02,1.257039516151192693e-03
5.272673919022079214e-02,1.057097374729476513e-03
5.272192665586861865e-02,8.571552843333885008e-04
5.271711198281542332e-02,6.572132454265577906e-04
5.271229515256653508e-02,4.572712584773874767e-04
5.270747614645199253e-02,2.573293239591656345e-04
5.270265494562483694e-02,5.738744235017634310e-05
5.269783153105942614e-02,-1.425543858666333819e-04
5.269300588354963732e-02,-3.424961602032094987e-04
5.268817798370718092e-02,-5.424378801663909400e-04
5.268334781195978256e-02,-7.423795452580206344e-04
5.267851534854942758e-02,-9.423211549745014182e-04
5.267368057353053606e-02,-1.142262708807573190e-03
5.266884346676815182e-02,-1.342204206243091669e-03
5.266400400793611047e-02,-1.542145646762138611e-03
5.265916217651516601e-02,-1.742087029840133638e-03
5.265431795179111724e-02,-1.942028354946612190e-03
5.264947131285294818e-02,-2.141969621546446767e-03
5.264462223859087825e-02,-2.341910829098181601e-03
5.263977070769447486e-02,-2.541851977055475942e-03
5.263491669865064115e-02,-2.741793064865549745e-03
5.263006018974174249e-02,-2.941734091970182874e-03
5.262520115904354562e-02,-3.141675057805271010e-03
5.262033958442323411e-02,-3.341615961800825652e-03
5.261547544353743083e-02,-3.541556803380974117e-03
5.261060871383009541e-02,-3.741497581963737495e-03
5.260573937253051197e-02,-3.941438296961030652e-03
5.260086739665117972e-02,-4.141378947778440178e-03
5.259599276298571047e-02,-4.341319533815446441e-03
5.259111544810673999e-02,-4.541260054465312557e-03
5.258623542836376313e-02,-4.741200509114973372e-03
5.258135267988098271e-02,-4.941140897144369326e-03
5.257646717855513074e-02,-5.141081217927556679e-03
5.257157890005325490e-02,-5.341021470831708307e-03
5.256668781981050503e-02,-5.540961655217113702e-03
5.256179391302789189e-02,-5.740901770437734086e-03
5.255689715467001810e-02,-5.940841815840092188e-03
5.255199751946282305e-02,-6.140781790764382464e-03
5.254709498189120975e-02,-6.340721694543582920e-03
5.254218951619678973e-02,-6.540661526503566137e-03
5.253728109637546828e-02,-6.740601285962988243e-03
5.253236969617511298e-02,-6.940540972233177897e-03
5.252745528909316675e-02,-7.140480584618358328e-03
5.252253784837417061e-02,-7.340420122415203252e-03
5.251761734700739065e-02,-7.540359584913058910e-03
5.251269375772432690e-02,-7.740298971393499983e-03
5.250776705299622232e-02,-7.940238281130329590e-03
5.250283720503155088e-02,-8.140177513389912356e-03
5.249790418577349876e-02,-8.340116667430619302e-03
5.249296796689737615e-02,-8.540055742502494773e-03
5.248802851980809842e-02,-8.739994737848255646e-03
5.248308581563750769e-02,-8.939933652701737010e-03
5.247813982524179854e-02,-9.139872486289002396e-03
5.247319051919883265e-02,-9.339811237827899681e-03
5.246823786780548116e-02,-9.539749906527394963e-03
5.246328184107488385e-02,-9.739688491588460728e-03
5.245832240873378460e-02,-9.939626992202854616e-03
5.245335954021970032e-02,-1.013956540755400759e-02
5.244839320467822169e-02,-1.033950373681646884e-02
5.244342337096011275e-02,-1.053944197915568370e-02
5.243845000761857000e-02,-1.073938013372832678e-02
5.243347308290632891e-02,-1.093931819968174679e-02
5.242849256477275649e-02,-1.113925617615407759e-02
5.242350842086096474e-02,-1.133919406227412718e-02
5.241852061850487549e-02,-1.153913185716115564e-02
5.241352912472623665e-02,-1.173906955992487511e-02
5.240853390623165242e-02,-1.193900716966533881e-02
5.240353492940953012e-02,-1.213894468547249694e-02
5.239853216032707567e-02,-1.233888210642686278e-02
5.239352556472717803e-02,-1.253881943159851353e-02
5.238851510802532835e-02,-1.273875666004764540e-02
5.238350075530646272e-02,-1.293869379082368543e-02
5.237848247132185359e-02,-1.313863082296617968e-02
5.237346022048583460e-02,-1.333856775550379403e-02
5.236843396687265728e-02,-1.353850458745475827e-02
5.236340367421319503e-02,-1.373844131782631095e-02
5.235836930589168881e-02,-1.393837794561469945e-02
5.235333082494243034e-02,-1.413831446980529094e-02
5.234828819404640371e-02,-1.433825088937235037e-02
5.234324137552796158e-02,-1.453818720327859637e-02
5.233819033135135579e-02,-1.473812341047542329e-02
5.233313502311736504e-02,-1.493805950990245712e-02
5.232807541205981156e-02,-1.513799550048755549e-02
5.232301145904204309e-02,-1.533793138114702970e-02
5.231794312455347040e-02,-1.553786715078486758e-02
5.231287036870590351e-02,-1.573780280829295553e-02
5.230779315123008227e-02,-1.593773835255074545e-02
5.230271143147197099e-02,-1.613767378242536576e-02
5.229762516838911551e-02,-1.633760909677139939e-02
5.229253432054697254e-02,-1.653754429443032858e-02
5.228743884611518344e-02,-1.673747937423109011e-02
5.228233870286379953e-02,-1.693741433498918703e-02
5.227723384815952112e-02,-1.713734917550691073e-02
5.227212423896183263e-02,-1.733728389457322994e-02
5.226700983181919308e-02,-1.753721849096356866e-02
5.226189058286511563e-02,-1.773715296343958414e-02
5.225676644781422631e-02,-1.793708731074883378e-02
5.225163738195832269e-02,-1.813702153162488617e-02
5.224650334016238407e-02,-1.833695562478698804e-02
5.224136427686049827e-02,-1.853688958894017524e-02
5.223622014605183717e-02,-1.873682342277471768e-02
5.223107090129650021e-02,-1.893675712496578623e-02
5.222591649571142747e-02,-1.913669069417389679e-02
5.222075688196615995e-02,-1.933662412904446626e-02
5.221559201227866931e-02,-1.953655742820725738e-02
5.221042183841106965e-02,-1.973649059027671182e-02
5.220524631166535007e-02,-1.993642361385128403e-02
5.220006538287903786e-02,-2.013635649751355228e-02
5.219487900242080619e-02,-2.033628923983021863e-02
5.218968712018608180e-02,-2.053622183935122081e-02
5.218448968559259715e-02,-2.073615429461017623e-02
5.217928664757592871e-02,-2.093608660412393796e-02
5.217407795458493813e-02,-2.113601876639215060e-02
5.216886355457718560e-02,-2.133595077989758337e-02
5.216364339501439878e-02,-2.153588264310535294e-02
5.215841742285776128e-02,-2.173581435446325649e-02
5.215318558456324971e-02,-2.193574591240099458e-02
5.214794782607688750e-02,-2.213567731533006011e-02
5.214270409283001256e-02,-2.233560856164384933e-02
5.213745432973443394e-02,-2.253553964971732881e-02
5.213219848117758848e-02,-2.273547057790648029e-02
5.212693649101763499e-02,-2.293540134454852275e-02
5.212166830257855543e-02,-2.313533194796102421e-02
5.211639385864510338e-02,-2.333526238644223483e-02
5.211111310145784964e-02,-2.353519265827086482e-02
5.210582597270807526e-02,-2.373512276170530733e-02
5.210053241353266446e-02,-2.393505269498408250e-02
5.209523236450896988e-02,-2.413498245632461625e-02
5.208992576564958760e-02,-2.433491204392401741e-02
5.208461255639711129e-02,-2.453484145595841159e-02
5.207929267561886566e-02,-2.473477069058216404e-02
5.207396606160153568e-02,-2.493469974592854577e-02
5.206863265204583063e-02,-2.513462862010840126e-02
5.206329238406100929e-02,-2.533455731121092569e-02
5.205794519415942595e-02,-2.553448581730266564e-02
5.205259101825100709e-02,-2.573441413642740816e-02
5.204722979163770025e-02,-2.593434226660595865e-02
5.204186144900781186e-02,-2.613427020583558580e-02
5.203648592443041454e-02,-2.633419795209024361e-02
5.203110315134956004e-02,-2.653412550332001629e-02
5.202571306257855466e-02,-2.673405285745023008e-02
5.202031559029416524e-02,-2.693398001238223038e-02
5.201491066603072116e-02,-2.713390696599193852e-02
5.200949822067425093e-02,-2.733383371613051782e-02
5.200407818445647312e-02,-2.753376026062337445e-02
5.199865048694884279e-02,-2.773368659727004637e-02
5.199321505705642443e-02,-2.793361272384387028e-02
5.198777182301187599e-02,-2.813353863809142652e-02
5.198232071236919688e-02,-2.833346433773276107e-02
5.197686165199757319e-02,-2.853338982046038641e-02
5.197139456807507024e-02,-2.873331508393939249e-02
5.196591938608235289e-02,-2.893324012580666960e-02
5.196043603079630174e-02,-2.913316494367057530e-02
5.195494442628358772e-02,-2.933308953511115647e-02
5.194944449589419116e-02,-2.953301389767915008e-02
5.194393616225488619e-02,-2.973293802889565018e-02
5.193841934726264875e-02,-2.993286192625221886e-02
5.193289397207801611e-02,-3.013278558720955402e-02
5.192735995711839081e-02,-3.033270900919793345e-02
5.192181722205130995e-02,-3.053263218961677072e-02
5.191626568578763118e-02,-3.073255512583361604e-02
5.191070526647464239e-02,-3.093247781518415618e-02
5.190513588148921303e-02,-3.113240025497165941e-02
5.189955744743075805e-02,-3.133232244246664244e-02
5.189396988011422962e-02,-3.153224437490631527e-02
5.188837309456306029e-02,-3.173216604949413711e-02
5.188276700500195349e-02,-3.193208746339981641e-02
5.187715152484975029e-02,-3.213200861375753448e-02
5.187152656671212281e-02,-3.233192949766727775e-02
5.186589204237426060e-02,-3.253185011219295042e-02
5.186024786279351539e-02,-3.273177045436281851e-02
5.185459393809192102e-02,-3.293169052116839968e-02
5.184893017754875488e-02,-3.313161030956390807e-02
5.184325648959289129e-02,-3.333152981646614332e-02
5.183757278179528666e-02,-3.353144903875437954e-02
5.183187896086121488e-02,-3.373136797326869996e-02
5.182617493262254432e-02,-3.393128661681044100e-02
5.182046060202997323e-02,-3.413120496614108212e-02
5.181473587314512630e-02,-3.433112301798202370e-02
5.180900064913262354e-02,-3.453104076901403197e-02
5.180325483225210748e-02,-3.473095821587657284e-02
5.179749832385018016e-02,-3.493087535516725683e-02
5.179173102435228465e-02,-3.513079218344117294e-02
5.178595283325451715e-02,-3.533070869721044449e-02
5.178016364911538355e-02,-3.553062489294367410e-02
5.177436336954750751e-02,-3.573054076706527749e-02
5.176855189120922740e-02,-3.593045631595515044e-02
5.176272910979614478e-02,-3.613037153594689244e-02
5.175689492003264502e-02,-3.633028642332880587e-02
5.175104921566330701e-02,-3.653020097434234170e-02
5.174519188944426418e-02,-3.673011518518143337e-02
5.173932283313450314e-02,-3.693002905199238572e-02
5.173344193748708603e-02,-3.712994257087243177e-02
5.172754909224027559e-02,-3.732985573786962163e-02
5.172164418610866732e-02,-3.752976854898193437e-02
5.171572710677419665e-02,-3.772968100015672288e-02
5.170979774087706288e-02,-3.792959308728993673e-02
5.170385597400666000e-02,-3.812950480622512295e-02
5.169790169069234109e-02,-3.832941615275309299e-02
5.169193477439416873e-02,-3.852932712261114556e-02
5.168595510749361688e-02,-3.872923771148206740e-02
5.167996257128414095e-02,-3.892914791499357818e-02
5.167395704596170619e-02,-3.912905772871710930e-02
5.166793841061527448e-02,-3.932896714816791484e-02
5.166190654321714537e-02,-3.952887616880351729e-02
5.165586132061332492e-02,-3.972878478602304142e-02
5.164980261851370713e-02,-3.992869299516665915e-02
5.164373031148229015e-02,-4.012860079151425730e-02
5.163764427292723974e-02,-4.032850817028532653e-02
5.163154437509091810e-02,-4.052841512663718504e-02
5.162543048903984327e-02,-4.072832165566497853e-02
5.161930248465453758e-02,-4.092822775240034794e-02
5.161316023061935515e-02,-4.112813341181020821e-02
5.160700359441216384e-02,-4.132803862879652623e-02
5.160083244229402011e-02,-4.152794339819521063e-02
5.159464663929873296e-02,-4.172784771477466848e-02
5.158844604922236537e-02,-4.192775157323547219e-02
5.158223053461263169e-02,-4.212765496820891631e-02
5.157599995675824639e-02,-4.232755789425624027e-02
5.156975417567818964e-02,-4.252746034586774027e-02
5.156349305011091039e-02,-4.272736231746177005e-02
5.155721643750337674e-02,-4.292726380338329761e-02
5.155092419400018194e-02,-4.312716479790301705e-02
5.154461617443241439e-02,-4.332706529521668237e-02
5.153829223230661088e-02,-4.352696528944377530e-02
5.153195221979346013e-02,-4.372686477462595089e-02
5.152559598771657562e-02,-4.392676374472681555e-02
5.151922338554110886e-02,-4.412666219362981757e-02
5.151283426136229332e-02,-4.432656011513791405e-02
5.150642846189392582e-02,-4.452645750297212768e-02
5.150000583245672309e-02,-4.472635435077010335e-02
5.149356621696669217e-02,-4.492625065208533108e-02
5.148710945792327881e-02,-4.512614640038525859e-02
5.148063539639755742e-02,-4.532604158905106928e-02
5.147414387202030317e-02,-4.552593621137557278e-02
5.146763472296990438e-02,-4.572583026056198374e-02
5.146110778596032359e-02,-4.592572372972336670e-02
5.145456289622887119e-02,-4.612561661188019357e-02
5.144799988752395831e-02,-4.632550889996012167e-02
5.144141859209270390e-02,-4.652540058679566215e-02
5.143481884066850723e-02,-4.672529166512351395e-02
5.142820046245854398e-02,-4.692518212758278739e-02
5.142156328513112357e-02,-4.712507196671400500e-02
5.141490713480301872e-02,-4.732496117495665899e-02
5.140823183602664936e-02,-4.752484974464898926e-02
5.140153721177723178e-02,-4.772473766802565187e-02
5.139482308343983757e-02,-4.792462493721649786e-02
5.138808927079631383e-02,-4.812451154424512989e-02
5.138133559201221029e-02,-4.832439748102712596e-02
5.137456186362349825e-02,-4.852428273936837400e-02
5.136776790052331731e-02,-4.872416731096396170e-02
5.136095351594857639e-02,-4.892405118739617809e-02
5.135411852146645056e-02,-4.912393436013262615e-02
5.134726272696082255e-02,-4.932381682052466854e-02
5.134038594061866162e-02,-4.952369855980642832e-02
5.133348796891622212e-02,-4.972357956909201349e-02
5.132656861660525593e-02,-4.992345983937429565e-02
5.131962768669907221e-02,-5.012333936152313374e-02
5.131266498045854163e-02,-5.032321812628315350e-02
5.130568029737794106e-02,-5.052309612427252627e-02
5.129867343517086065e-02,-5.072297334598063756e-02
5.129164418975580564e-02,-5.092284978176619958e-02
5.128459235524191612e-02,-5.112272542185558599e-02
5.127751772391446472e-02,-5.132260025634027834e-02
5.127042008622030578e-02,-5.152247427517586686e-02
5.126329923075323425e-02,-5.172234746817883089e-02
5.125615494423924057e-02,-5.192221982502565059e-02
5.124898701152170999e-02,-5.212209133524992044e-02
5.124179521554649008e-02,-5.232196198824023980e-02
5.123457933734685416e-02,-5.252183177323854757e-02
5.122733915602844385e-02,-5.272170067933779070e-02
5.122007444875403825e-02,-5.292156869547914866e-02
5.121278499072826756e-02,-5.312143581045047913e-02
5.120547055518227114e-02,-5.332130201288354243e-02
5.119813091335820299e-02,-5.352116729125222516e-02
5.119076583449364004e-02,-5.372103163386954261e-02
5.118337508580595580e-02,-5.392089502888564034e-02
5.117595843247657594e-02,-5.412075746428535172e-02
5.116851563763512301e-02,-5.432061892788531132e-02
5.116104646234344300e-02,-5.452047940733195652e-02
5.115355066557963210e-02,-5.472033889009875196e-02
5.114602800422188983e-02,-5.492019736348374703e-02
5.113847823303227513e-02,-5.512005481460657830e-02
5.113090110464044852e-02,-5.531991123040613800e-02
5.112329636952721995e-02,-5.551976659763790956e-02
5.111566377600804817e-02,-5.571962090287063685e-02
5.110800307021649141e-02,-5.591947413248454790e-02
5.110031399608747776e-02,-5.611932627266769114e-02
5.109259629534052688e-02,-5.631917730941282674e-02
5.108484970746289544e-02,-5.651902722851576133e-02
5.107707396969259767e-02,-5.671887601557101810e-02
5.106926881700132176e-02,-5.691872365596950534e-02
5.106143398207730472e-02,-5.711857013489551882e-02
5.105356919530805448e-02,-5.731841543732307809e-02
5.104567418476302354e-02,-5.751825954801359497e-02
5.103774867617612288e-02,-5.771810245151187679e-02
5.102979239292825681e-02,-5.791794413214323978e-02
5.102180505602962879e-02,-5.811778457401028941e-02
5.101378638410206112e-02,-5.831762376098936773e-02
5.100573609336112729e-02,-5.851746167672700061e-02
5.099765389759830514e-02,-5.871729830463701116e-02
5.098953950816291492e-02,-5.891713362789641195e-02
5.098139263394404347e-02,-5.911696762944240735e-02
5.097321298135237128e-02,-5.931680029196773063e-02
5.096500025430183295e-02,-5.951663159791853452e-02
5.095675415419127774e-02,-5.971646152948917319e-02
5.094847437988597044e-02,-5.991629006861942663e-02
5.094016062769904374e-02,-6.011611719699017087e-02
5.093181259137282563e-02,-6.031594289601915904e-02
5.092342996206008360e-02,-6.051576714685835690e-02
5.091501242830518553e-02,-6.071558993038816965e-02
5.090655967602513571e-02,-6.091541122721477741e-02
5.089807138849056917e-02,-6.111523101766525023e-02
5.088954724630663506e-02,-6.131504928178332925e-02
5.088098692739372042e-02,-6.151486599932554089e-02
5.087239010696822938e-02,-6.171468114975675601e-02
5.086375645752310576e-02,-6.191449471224563794e-02
5.085508564880835553e-02,-6.211430666566020165e-02
5.084637734781149998e-02,-6.231411698856292869e-02
5.083763121873789009e-02,-6.251392565920710354e-02
5.082884692299088208e-02,-6.271373265553126242e-02
5.082002411915206852e-02,-6.291353795515486347e-02
5.081116246296125960e-02,-6.311334153537329072e-02
5.080226160729651302e-02,-6.331314337315285812e-02
5.079332120215395568e-02,-6.351294344512625756e-02
5.078434089462759149e-02,-6.371274172758711885e-02
5.077532032888901203e-02,-6.391253819648523571e-02
5.076625914616695462e-02,-6.411233282742101469e-02
5.075715698472690884e-02,-6.431212559564014608e-02
5.074801347985047340e-02,-6.451191647602905199e-02
5.073882826381474059e-02,-6.471170544310833606e-02
5.072960096587153522e-02,-6.491149247102823150e-02
5.072033121222660479e-02,-6.511127753356238390e-02
5.071101862601872651e-02,-6.531106060410241110e-02
5.070166282729867552e-02,-6.551084165565213002e-02
5.069226343300813759e-02,-6.571062066082178355e-02
5.068282005695858711e-02,-6.591039759182182323e-02
5.067333230981001246e-02,-6.611017242045746922e-02
5.066379979904958586e-02,-6.630994511812182690e-02
5.065422212897024989e-02,-6.650971565579022471e-02
5.064459890064921394e-02,-6.670948400401388589e-02
5.063492971192638109e-02,-6.690925013291315615e-02
5.062521415738269887e-02,-6.710901401217184148e-02
5.061545182831843348e-02,-6.730877561102943663e-02
5.060564231273131236e-02,-6.750853489827546294e-02
5.059578519529465274e-02,-6.770829184224236297e-02
5.058588005733540005e-02,-6.790804641079850601e-02
5.057592647681202758e-02,-6.810779857134119375e-02
5.056592402829249849e-02,-6.830754829078988788e-02
5.055587228293197122e-02,-6.850729553557888263e-02
5.054577080845056719e-02,-6.870704027164986627e-02
5.053561916911099988e-02,-6.890678246444459365e-02
5.052541692569617604e-02,-6.910652207889766974e-02
5.051516363548667898e-02,-6.930625907942844499e-02
5.050485885223818944e-02,-6.950599342993368790e-02
5.049450212615885780e-02,-6.970572509377981341e-02
5.048409300388660009e-02,-6.990545403379422318e-02
5.047363102846629673e-02,-7.010518021225853325e-02
5.046311573932699135e-02,-7.030490359089902608e-02
5.045254667225892303e-02,-7.050462413087910107e-02
5.044192335939054472e-02,-7.070434179279105891e-02
5.043124532916554159e-02,-7.090405653664677565e-02
5.042051210631964125e-02,-7.110376832186993123e-02
5.040972321185752114e-02,-7.130347710728623944e-02
5.039887816302949380e-02,-7.150318285111556538e-02
5.038797647330828244e-02,-7.170288551096226648e-02
5.037701765236560214e-02,-7.190258504380597770e-02
5.036600120604880354e-02,-7.210228140599295177e-02
5.035492663635737776e-02,-7.230197455322551203e-02
5.034379344141940577e-02,-7.250166444055372583e-02
5.033260111546801474e-02,-7.270135102236463531e-02
5.032134914881772336e-02,-7.290103425237348667e-02
5.031003702784074549e-02,-7.310071408361273892e-02
5.029866423494327304e-02,-7.330039046842207195e-02
5.028723024854166168e-02,-7.350006335843894956e-02
5.027573454303860268e-02,-7.369973270458729520e-02
5.026417658879925310e-02,-7.389939845706761101e-02
5.025255585212728277e-02,-7.409906056534554253e-02
5.024087179524090035e-02,-7.429871897814188664e-02
5.022912387624884484e-02,-7.449837364342037915e-02
5.021731154912630751e-02,-7.469802450837803587e-02
5.020543426369088180e-02,-7.489767151943271806e-02
5.019349146557833263e-02,-7.509731462221169718e-02
5.018148259621851154e-02,-7.529695376154099673e-02
5.016940709281110522e-02,-7.549658888143195856e-02
5.015726438830139106e-02,-7.569621992507091779e-02
5.014505391135595791e-02,-7.589584683480610217e-02
5.013277508633839918e-02,-7.609546955213541963e-02
5.012042733328499894e-02,-7.629508801769457893e-02
5.010801006788034168e-02,-7.649470217124332283e-02
5.009552270143293601e-02,-7.669431195165354875e-02
5.008296464085077587e-02,-7.689391729689631916e-02
5.007033528861696420e-02,-7.709351814402787273e-02
5.005763404276520473e-02,-7.729311442917752295e-02
5.004486029685537019e-02,-7.749270608753244804e-02
5.003201343994897327e-02,-7.769229305332558955e-02
5.001909285658468624e-02,-7.789187525982077531e-02
5.000609792675386051e-02,-7.809145263929884173e-02
4.999302802587590744e-02,-7.829102512304364492e-02
4.997988252477389426e-02,-7.849059264132685065e-02
4.996666078964989710e-02,-7.869015512339405660e-02
4.995336218206049284e-02,-7.888971249744936021e-02
4.993998605889225090e-02,-7.908926469064070375e-02
4.992653177233713491e-02,-7.928881162904410917e-02
4.991299866986802225e-02,-7.948835323764857907e-02
4.989938609421407101e-02,-7.968788944033999844e-02
4.988569338333629505e-02,-7.988742015988570255e-02
4.987191987040298646e-02,-8.008694531791804572e-02
4.985806488376517270e-02,-8.028646483491819197e-02
4.984412774693224718e-02,-8.048597863019923970e-02
4.983010777854735007e-02,-8.068548662189001242e-02
4.981600429236296423e-02,-8.088498872691762820e-02
4.980181659721651111e-02,-8.108448486099029129e-02
4.978754399700587724e-02,-8.128397493858030565e-02
4.977318579066506571e-02,-8.148345887290564526e-02
4.975874127213980591e-02,-8.168293657591263468e-02
4.974420973036326049e-02,-8.188240795825774132e-02
4.972959044923169758e-02,-8.208187292928881273e-02
4.971488270758023936e-02,-8.228133139702697996e-02
4.970008577915868697e-02,-8.248078326814733963e-02
4.968519893260726905e-02,-8.268022844796008020e-02
4.967022143143258461e-02,-8.287966684039127507e-02
4.965515253398348344e-02,-8.307909834796289861e-02
4.963999149342702977e-02,-8.327852287177328616e-02
4.962473755772457001e-02,-8.347794031147681704e-02
4.960938996960774505e-02,-8.367735056526381943e-02
4.959394796655468285e-02,-8.387675352983947619e-02
4.957841078076619112e-02,-8.407614910040350775e-02
4.956277763914199858e-02,-8.427553717062896688e-02
4.954704776325715571e-02,-8.447491763263981213e-02
4.953122036933835237e-02,-8.467429037699059080e-02
4.951529466824049208e-02,-8.487365529264379038e-02
4.949926986542321078e-02,-8.507301226694774510e-02
4.948314516092750664e-02,-8.527236118561376532e-02
4.946691974935255032e-02,-8.547170193269382210e-02
4.945059281983241878e-02,-8.567103439055712144e-02
4.943416355601304435e-02,-8.587035843986712269e-02
4.941763113602924001e-02,-8.606967395955744671e-02
4.940099473248177331e-02,-8.626898082680811708e-02
4.938425351241463451e-02,-8.646827891702113522e-02
4.936740663729228401e-02,-8.666756810379616649e-02
4.935045326297712170e-02,-8.686684825890589323e-02
4.933339253970703275e-02,-8.706611925226992454e-02
4.931622361207301658e-02,-8.726538095193070443e-02
4.929894561899702404e-02,-8.746463322402642238e-02
4.928155769370978767e-02,-8.766387593276570023e-02
4.926405896372892251e-02,-8.786310894040116892e-02
4.924644855083705475e-02,-8.806233210720237903e-02
4.922872557106015151e-02,-8.826154529142915539e-02
4.921088913464596176e-02,-8.846074834930361952e-02
4.919293834604260285e-02,-8.865994113498354423e-02
4.917487230387728586e-02,-8.885912350053326580e-02
4.915669010093524915e-02,-8.905829529589603943e-02
4.913839082413876819e-02,-8.925745636886506240e-02
4.911997355452643599e-02,-8.945660656505427522e-02
4.910143736723244362e-02,-8.965574572786938479e-02
4.908278133146621452e-02,-8.985487369847811046e-02
4.906400451049208744e-02,-9.005399031577998592e-02
4.904510596160924218e-02,-9.025309541637582811e-02
4.902608473613181278e-02,-9.045218883453698400e-02
4.900693987936909080e-02,-9.065127040217468846e-02
4.898767043060605481e-02,-9.085033994880820085e-02
4.896827542308404557e-02,-9.104939730153283062e-02
4.894875388398160082e-02,-9.124844228498840693e-02
4.892910483439557451e-02,-9.144747472132563892e-02
4.890932728932239487e-02,-9.164649443017436337e-02
4.888942025763958615e-02,-9.184550122860946075e-02
4.886938274208748462e-02,-9.204449493111732661e-02
4.884921373925123905e-02,-9.224347534956223171e-02
4.882891223954297782e-02,-9.244244229315112804e-02
4.880847722718420489e-02,-9.264139556839945389e-02
4.878790768018850810e-02,-9.284033497909571775e-02
4.876720257034446171e-02,-9.303926032626608222e-02
4.874636086319879963e-02,-9.323817140813805970e-02
4.872538151803986611e-02,-9.343706802010409707e-02
4.870426348788123999e-02,-9.363594995468504933e-02
4.868300571944578214e-02,-9.383481700149332028e-02
4.866160715314980095e-02,-9.403366894719455971e-02
4.864006672308758550e-02,-9.423250557547002693e-02
4.861838335701625796e-02,-9.443132666697795496e-02
4.859655597634078561e-02,-9.463013199931546993e-02
4.857458349609938830e-02,-9.482892134697828990e-02
4.855246482494927907e-02,-9.502769448132220020e-02
4.853019886515259895e-02,-9.522645117052208619e-02
4.850778451256279600e-02,-9.542519117953174312e-02
4.848522065661119151e-02,-9.562391427004335309e-02
4.846250618029398355e-02,-9.582262020044574058e-02
4.843963996015951401e-02,-9.602130872578262810e-02
4.841662086629592437e-02,-9.621997959771089182e-02
4.839344776231913059e-02,-9.641863256445692976e-02
4.837011950536110327e-02,-9.661726737077502847e-02
4.834663494605859202e-02,-9.681588375790262102e-02
4.832299292854216194e-02,-9.701448146351698831e-02
4.829919229042558410e-02,-9.721306022169073913e-02
4.827523186279569778e-02,-9.741161976284662405e-02
4.825111047020249483e-02,-9.761015981371323758e-02
4.822682693064971743e-02,-9.780868009727805568e-02
4.820238005558585143e-02,-9.800718033274213870e-02
4.817776864989541108e-02,-9.820566023547339096e-02
4.815299151189081361e-02,-9.840411951695859916e-02
4.812804743330445501e-02,-9.860255788475735805e-02
4.810293519928139638e-02,-9.880097504245277662e-02
4.807765358837234881e-02,-9.899937068960373843e-02
4.805220137252717849e-02,-9.919774452169560774e-02
4.802657731708884215e-02,-9.939609623009093564e-02
4.800078018078771103e-02,-9.959442550197938893e-02
4.797480871573642225e-02,-9.979273202032812318e-02
4.794866166742516034e-02,-9.999101546382993533e-02
4.792233777471745226e-02,-1.001892755068526375e-01
4.789583576984633023e-02,-1.003875118193874316e-01
4.786915437841120224e-02,-1.005857240669959518e-01
4.784229231937492388e-02,-1.007839119107578618e-01
4.781524830506161949e-02,-1.009820750072183415e-01
4.778802104115487115e-02,-1.011802130083332418e-01
4.776060922669651126e-02,-1.013783255614160161e-01
4.773301155408588708e-02,-1.015764123090818760e-01
4.770522670907964558e-02,-1.017744728891937234e-01
4.767725337079209424e-02,-1.019725069348060842e-01
4.764909021169612402e-02,-1.021705140741091533e-01
4.762073589762461090e-02,-1.023684939303718400e-01
4.759218908777251844e-02,-1.025664461218849244e-01
4.756344843469938882e-02,-1.027643702619034372e-01
4.753451258433256249e-02,-1.029622659585889277e-01
4.750538017597093210e-02,-1.031601328149502894e-01
4.747604984228926545e-02,-1.033579704287851397e-01
4.744652020934324310e-02,-1.035557783926198683e-01
4.741678989657490545e-02,-1.037535562936502398e-01
4.738685751681894626e-02,-1.039513037136802209e-01
4.735672167630946422e-02,-1.041490202290613620e-01
4.732638097468743615e-02,-1.043467054106309577e-01
4.729583400500888407e-02,-1.045443588236503185e-01
4.726507935375351410e-02,-1.047419800277418211e-01
4.723411560083422278e-02,-1.049395685768267361e-01
4.720294131960715844e-02,-1.051371240190606127e-01
4.717155507688246957e-02,-1.053346458967703292e-01
4.713995543293585111e-02,-1.055321337463885900e-01
4.710814094152059733e-02,-1.057295870983897546e-01
4.707611014988052900e-02,-1.059270054772241121e-01
4.704386159876355195e-02,-1.061243884012518235e-01
4.701139382243594428e-02,-1.063217353826764189e-01
4.697870534869749704e-02,-1.065190459274777401e-01
4.694579469889714057e-02,-1.067163195353449945e-01
4.691266038794960486e-02,-1.069135556996082537e-01
4.687930092435260709e-02,-1.071107539071703973e-01
4.684571481020501083e-02,-1.073079136384379462e-01
4.681190054122565808e-02,-1.075050343672518949e-01
4.677785660677290236e-02,-1.077021155608175462e-01
4.674358148986513389e-02,-1.078991566796345669e-01
4.670907366720199183e-02,-1.080961571774258223e-01
4.667433160918636748e-02,-1.082931165010661001e-01
4.663935377994739284e-02,-1.084900340905103899e-01
4.660413863736401208e-02,-1.086869093787213858e-01
4.656868463308960759e-02,-1.088837417915974326e-01
4.653299021257742418e-02,-1.090805307478983632e-01
4.649705381510679802e-02,-1.092772756591728900e-01
4.646087387381036410e-02,-1.094739759296828874e-01
4.642444881570199910e-02,-1.096706309563306725e-01
4.638777706170581910e-02,-1.098672401285827327e-01
4.635085702668593349e-02,-1.100638028283947856e-01
4.631368711947721900e-02,-1.102603184301350625e-01
4.627626574291701655e-02,-1.104567863005088135e-01
4.623859129387760530e-02,-1.106532057984808137e-01
4.620066216329980768e-02,-1.108495762751984248e-01
4.616247673622745490e-02,-1.110458970739139906e-01
4.612403339184277529e-02,-1.112421675299060109e-01
4.608533050350292759e-02,-1.114383869704009822e-01
4.604636643877721425e-02,-1.116345547144947936e-01
4.600713955948556450e-02,-1.118306700730722358e-01
4.596764822173789872e-02,-1.120267323487283972e-01
4.592789077597447811e-02,-1.122227408356877287e-01
4.588786556700736458e-02,-1.124186948197227753e-01
4.584757093406278960e-02,-1.126145935780745733e-01
4.580700521082464727e-02,-1.128104363793700493e-01
4.576616672547904191e-02,-1.130062224835405305e-01
4.572505380075980036e-02,-1.132019511417399205e-01
4.568366475399526089e-02,-1.133976215962611001e-01
4.564199789715581157e-02,-1.135932330804538815e-01
4.560005153690284418e-02,-1.137887848186416306e-01
4.555782397463858241e-02,-1.139842760260366683e-01
4.551531350655715902e-02,-1.141797059086576693e-01
4.547251842369679636e-02,-1.143750736632438425e-01
4.542943701199294443e-02,-1.145703784771711087e-01
4.538606755233277890e-02,-1.147656195283670577e-01
4.534240832061072618e-02,-1.149607959852247951e-01
4.529845758778517500e-02,-1.151559070065183432e-01
4.525421361993642311e-02,-1.153509517413154883e-01
4.520967467832559539e-02,-1.155459293288927380e-01
4.516483901945499146e-02,-1.157408388986478354e-01
4.511970489512950183e-02,-1.159356795700131615e-01
4.507427055251920361e-02,-1.161304504523689163e-01
4.502853423422335799e-02,-1.163251506449549666e-01
4.498249417833529579e-02,-1.165197792367841378e-01
4.493614861850889208e-02,-1.167143353065537292e-01
4.488949578402609553e-02,-1.169088179225578061e-01
4.484253389986569277e-02,-1.171032261425984933e-01
4.479526118677351620e-02,-1.172975590138970459e-01
4.474767586133365782e-02,-1.174918155730062530e-01
4.469977613604118188e-02,-1.176859948457207317e-01
4.465156021937607966e-02,-1.178800958469877758e-01
4.460302631587841071e-02,-1.180741175808182053e-01
4.455417262622499847e-02,-1.182680590401967713e-01
4.450499734730711809e-02,-1.184619192069925608e-01
4.445549867230978724e-02,-1.186556970518697351e-01
4.440567479079226415e-02,-1.188493915341968243e-01
4.435552388876990576e-02,-1.190430016019574655e-01
4.430504414879748998e-02,-1.192365261916595864e-01
4.425423375005366894e-02,-1.194299642282463658e-01
4.420309086842700436e-02,-1.196233146250045287e-01
4.415161367660330044e-02,-1.198165762834751957e-01
4.409980034415431072e-02,-1.200097480933632887e-01
4.404764903762797834e-02,-1.202028289324464927e-01
4.399515792063982828e-02,-1.203958176664856605e-01
4.394232515396598315e-02,-1.205887131491339970e-01
4.388914889563751837e-02,-1.207815142218465754e-01
4.383562730103630206e-02,-1.209742197137906317e-01
4.378175852299222987e-02,-1.211668284417538599e-01
4.372754071188184044e-02,-1.213593392100554835e-01
4.367297201572854781e-02,-1.215517508104555500e-01
4.361805058030415044e-02,-1.217440620220644476e-01
4.356277454923193626e-02,-1.219362716112533107e-01
4.350714206409132812e-02,-1.221283783315638694e-01
4.345115126452369497e-02,-1.223203809236187434e-01
4.339480028834003661e-02,-1.225122781150318474e-01
4.333808727162990343e-02,-1.227040686203189068e-01
4.328101034887191223e-02,-1.228957511408080849e-01
4.322356765304587872e-02,-1.230873243645507209e-01
4.316575731574616437e-02,-1.232787869662329561e-01
4.310757746729686896e-02,-1.234701376070869161e-01
4.304902623686834157e-02,-1.236613749348020042e-01
4.299010175259527361e-02,-1.238524975834371933e-01
4.293080214169651965e-02,-1.240435041733329857e-01
4.287112553059606312e-02,-1.242343933110239274e-01
4.281107004504586949e-02,-1.244251635891520102e-01
4.275063381025019649e-02,-1.246158135863787431e-01
4.268981495099136159e-02,-1.248063418672999969e-01
4.262861159175735520e-02,-1.249967469823585198e-01
4.256702185687058493e-02,-1.251870274677597816e-01
4.250504387061855571e-02,-1.253771818453855991e-01
4.244267575738600723e-02,-1.255672086227104245e-01
4.237991564178861248e-02,-1.257571062927160810e-01
4.231676164880819602e-02,-1.259468733338083846e-01
4.225321190392979792e-02,-1.261365082097338775e-01
4.218926453327992432e-02,-1.263260093694972275e-01
4.212491766376673386e-02,-1.265153752472790716e-01
4.206016942322169522e-02,-1.267046042623540814e-01
4.199501794054271570e-02,-1.268936948190103609e-01
4.192946134583922652e-02,-1.270826453064687334e-01
4.186349777057835758e-02,-1.272714540988033605e-01
4.179712534773313837e-02,-1.274601195548624721e-01
4.173034221193214904e-02,-1.276486400181904290e-01
4.166314649961069816e-02,-1.278370138169498960e-01
4.159553634916385301e-02,-1.280252392638445702e-01
4.152750990110066348e-02,-1.282133146560437975e-01
4.145906529820040515e-02,-1.284012382751068548e-01
4.139020068567016153e-02,-1.285890083869085654e-01
4.132091421130413417e-02,-1.287766232415659129e-01
4.125120402564461802e-02,-1.289640810733645448e-01
4.118106828214427445e-02,-1.291513801006880513e-01
4.111050513733034012e-02,-1.293385185259459114e-01
4.103951275097030699e-02,-1.295254945355044374e-01
4.096808928623912882e-02,-1.297123062996170528e-01
4.089623290988821103e-02,-1.298989519723565689e-01
4.082394179241571192e-02,-1.300854296915482378e-01
4.075121410823862728e-02,-1.302717375787035836e-01
4.067804803586650558e-02,-1.304578737389558984e-01
4.060444175807650241e-02,-1.306438362609965154e-01
4.053039346209037080e-02,-1.308296232170110818e-01
4.045590133975253411e-02,-1.310152326626198294e-01
4.038096358771024047e-02,-1.312006626368161788e-01
4.030557840759486921e-02,-1.313859111619077868e-01
4.022974400620499963e-02,-1.315709762434592589e-01
4.015345859569113135e-02,-1.317558558702348614e-01
4.007672039374153561e-02,-1.319405480141438991e-01
3.999952762377005644e-02,-1.321250506301865357e-01
3.992187851510526492e-02,-1.323093616564012809e-01
3.984377130318107058e-02,-1.324934790138139196e-01
3.976520422972913693e-02,-1.326774006063875522e-01
3.968617554297224764e-02,-1.328611243209745219e-01
3.960668349781974046e-02,-1.330446480272693410e-01
3.952672635606405138e-02,-1.332279695777637274e-01
3.944630238657888949e-02,-1.334110868077024170e-01
3.936540986551894522e-02,-1.335939975350408648e-01
3.928404707652074362e-02,-1.337766995604052767e-01
3.920221231090523228e-02,-1.339591906670529742e-01
3.911990386788168073e-02,-1.341414686208350915e-01
3.903712005475298147e-02,-1.343235311701609369e-01
3.895385918712252621e-02,-1.345053760459642422e-01
3.887011958910206039e-02,-1.346870009616704111e-01
3.878589959352134880e-02,-1.348684036131665431e-01
3.870119754213897229e-02,-1.350495816787727899e-01
3.861601178585446353e-02,-1.352305328192149325e-01
3.853034068492205977e-02,-1.354112546775998460e-01
3.844418260916514923e-02,-1.355917448793924063e-01
3.835753593819269530e-02,-1.357720010323942850e-01
3.827039906161653487e-02,-1.359520207267244096e-01
3.818277037927002987e-02,-1.361318015348025323e-01
3.809464830142810648e-02,-1.363113410113327983e-01
3.800603124902823121e-02,-1.364906366932917559e-01
3.791691765389279545e-02,-1.366696860999164764e-01
3.782730595895270748e-02,-1.368484867326958954e-01
3.773719461847203221e-02,-1.370270360753639283e-01
3.764658209827397711e-02,-1.372053315938942530e-01
3.755546687596763439e-02,-1.373833707364986445e-01
3.746384744117622900e-02,-1.375611509336260863e-01
3.737172229576620625e-02,-1.377386695979647691e-01
3.727908995407745035e-02,-1.379159241244466427e-01
3.718594894315469662e-02,-1.380929118902535224e-01
3.709229780297951251e-02,-1.382696302548263034e-01
3.699813508670376366e-02,-1.384460765598761744e-01
3.690345936088375994e-02,-1.386222481293982733e-01
3.680826920571537986e-02,-1.387981422696877853e-01
3.671256321527031907e-02,-1.389737562693581507e-01
3.661633999773279691e-02,-1.391490873993627142e-01
3.651959817563748406e-02,-1.393241329130180395e-01
3.642233638610811730e-02,-1.394988900460295556e-01
3.632455328109693987e-02,-1.396733560165211996e-01
3.622624752762508560e-02,-1.398475280250657260e-01
3.612741780802321973e-02,-1.400214032547190124e-01
3.602806282017342876e-02,-1.401949788710569189e-01
3.592818127775153358e-02,-1.403682520222142571e-01
3.582777191047001319e-02,-1.405412198389266454e-01
3.572683346432187906e-02,-1.407138794345752508e-01
3.562536470182455645e-02,-1.408862279052344180e-01
3.552336440226486897e-02,-1.410582623297221838e-01
3.542083136194426607e-02,-1.412299797696526804e-01
3.531776439442457088e-02,-1.414013772694927562e-01
3.521416233077440117e-02,-1.415724518566200407e-01
3.511002401981554860e-02,-1.417432005413856722e-01
3.500534832837016302e-02,-1.419136203171780242e-01
3.490013414150813786e-02,-1.420837081604906516e-01
3.479438036279467600e-02,-1.422534610309927894e-01
3.468808591453856338e-02,-1.424228758716027388e-01
3.458124973803995694e-02,-1.425919496085645832e-01
3.447387079383904679e-02,-1.427606791515281248e-01
3.436594806196452412e-02,-1.429290613936309295e-01
3.425748054218220179e-02,-1.430970932115841476e-01
3.414846725424397489e-02,-1.432647714657617755e-01
3.403890723813629560e-02,-1.434320930002922490e-01
3.392879955432912681e-02,-1.435990546431540338e-01
3.381814328402467373e-02,-1.437656532062733250e-01
3.370693752940591426e-02,-1.439318854856260765e-01
3.359518141388537216e-02,-1.440977482613421401e-01
3.348287408235311319e-02,-1.442632382978138450e-01
3.337001470142506726e-02,-1.444283523438065764e-01
3.325660245969086493e-02,-1.445930871325740164e-01
3.314263656796129914e-02,-1.447574393819748284e-01
3.302811625951577318e-02,-1.449214057945944489e-01
3.291304079034874930e-02,-1.450849830578689881e-01
3.279740943941631542e-02,-1.452481678442135715e-01
3.268122150888202321e-02,-1.454109568111523476e-01
3.256447632436211548e-02,-1.455733466014538235e-01
3.244717323517058022e-02,-1.457353338432677559e-01
3.232931161456279595e-02,-1.458969151502670369e-01
3.221089085997928120e-02,-1.460580871217921350e-01
3.209191039328825046e-02,-1.462188463429983099e-01
3.197236966102753875e-02,-1.463791893850080461e-01
3.185226813464588774e-02,-1.465391128050647085e-01
3.173160531074274704e-02,-1.466986131466919696e-01
3.161038071130783250e-02,-1.468576869398545703e-01
3.148859388395934544e-02,-1.470163307011240761e-01
3.136624440218113014e-02,-1.471745409338469646e-01
3.124333186555909581e-02,-1.473323141283173765e-01
3.111985590001589697e-02,-1.474896467619518647e-01
3.099581615804494414e-02,-1.476465352994693614e-01
3.087121231894301293e-02,-1.478029761930731434e-01
3.074604408904139941e-02,-1.479589658826369059e-01
3.062031120193618033e-02,-1.481145007958944992e-01
3.049401341871632240e-02,-1.482695773486329971e-01
3.036715052819101077e-02,-1.484241919448888725e-01
3.023972234711516660e-02,-1.485783409771486152e-01
3.011172872041345538e-02,-1.487320208265515697e-01
2.998316952140254663e-02,-1.488852278630976578e-01
2.985404465201211416e-02,-1.490379584458573214e-01
2.972435404300338008e-02,-1.491902089231859074e-01
2.959409765418656579e-02,-1.493419756329411596e-01
2.946327547463611224e-02,-1.494932549027040425e-01
2.933188752290408208e-02,-1.496440430500033392e-01
2.919993384723186883e-02,-1.497943363825434693e-01
2.906741452575924145e-02,-1.499441311984360814e-01
2.893432966673199422e-02,-1.500934237864346432e-01
2.880067940870714716e-02,-1.502422104261731395e-01
2.866646392075593297e-02,-1.503904873884076565e-01
2.853168340266492090e-02,-1.505382509352610754e-01
2.839633808513408395e-02,-1.506854973204725390e-01
2.826042822997329451e-02,-1.508322227896484735e-01
2.812395413029600277e-02,-1.509784235805188279e-01
2.798691611071042751e-02,-1.511240959231953118e-01
2.784931452750866870e-02,-1.512692360404334080e-01
2.771114976885239584e-02,-1.514138401478978269e-01
2.757242225495670079e-02,-1.515579044544317355e-01
2.743313243827086995e-02,-1.517014251623279852e-01
2.729328080365637718e-02,-1.518443984676052239e-01
2.715286786856249690e-02,-1.519868205602856737e-01
2.701189418319819083e-02,-1.521286876246774611e-01
2.687036033070193744e-02,-1.522699958396594999e-01
2.672826692730813358e-02,-1.524107413789694832e-01
2.658561462251046725e-02,-1.525509204114956496e-01
2.644240409922260504e-02,-1.526905291015707711e-01
2.629863607393489316e-02,-1.528295636092699139e-01
2.615431129686871664e-02,-1.529680200907113097e-01
2.600943055212710450e-02,-1.531058946983598901e-01
2.586399465784210150e-02,-1.532431835813339305e-01
2.571800446631911791e-02,-1.533798828857148022e-01
2.557146086417703967e-02,-1.535159887548599444e-01
2.542436477248571219e-02,-1.536514973297179454e-01
2.527671714689939605e-02,-1.537864047491472874e-01
2.512851897778672558e-02,-1.539207071502377566e-01
2.497977129035732977e-02,-1.540544006686339618e-01
2.483047514478405743e-02,-1.541874814388632942e-01
2.468063163632213536e-02,-1.543199455946646648e-01
2.453024189542419783e-02,-1.544517892693210159e-01
2.437930708785142689e-02,-1.545830085959946087e-01
2.422782841478122312e-02,-1.547135997080639758e-01
2.407580711291005052e-02,-1.548435587394649815e-01
2.392324445455307896e-02,-1.549728818250324380e-01
2.377014174773949690e-02,-1.551015651008462726e-01
2.361650033630348366e-02,-1.552296047045782501e-01
2.346232159997165001e-02,-1.553569967758423598e-01
2.330760695444528477e-02,-1.554837374565470887e-01
2.315235785147929867e-02,-1.556098228912500270e-01
2.299657577895635255e-02,-1.557352492275143607e-01
2.284026226095665218e-02,-1.558600126162682509e-01
2.268341885782388517e-02,-1.559841092121656558e-01
2.252604716622567949e-02,-1.561075351739497075e-01
2.236814881921057180e-02,-1.562302866648181965e-01
2.220972548625996246e-02,-1.563523598527898351e-01
2.205077887333552894e-02,-1.564737509110746272e-01
2.189131072292241700e-02,-1.565944560184436840e-01
2.173132281406692581e-02,-1.567144713596028138e-01
2.157081696241039404e-02,-1.568337931255662232e-01
2.140979502021788869e-02,-1.569524175140336597e-01
2.124825887640211311e-02,-1.570703407297672216e-01
2.108621045654297810e-02,-1.571875589849711652e-01
2.092365172290136521e-02,-1.573040684996728222e-01
2.076058467442899388e-02,-1.574198655021046278e-01
2.059701134677284495e-02,-1.575349462290875913e-01
2.043293381227467148e-02,-1.576493069264169877e-01
2.026835417996590213e-02,-1.577629438492471614e-01
2.010327459555675753e-02,-1.578758532624801036e-01
1.993769724142103322e-02,-1.579880314411532538e-01
1.977162433657552940e-02,-1.580994746708288545e-01
1.960505813665425201e-02,-1.582101792479849722e-01
1.943800093387793720e-02,-1.583201414804056295e-01
1.927045505701758046e-02,-1.584293576875742682e-01
1.910242287135355960e-02,-1.585378242010655470e-01
1.893390677862918925e-02,-1.586455373649392486e-01
1.876490921699899492e-02,-1.587524935361346312e-01
1.859543266097215056e-02,-1.588586890848646682e-01
1.842547962134974751e-02,-1.589641203950113990e-01
1.825505264515769541e-02,-1.590687838645212793e-01
1.808415431557376316e-02,-1.591726759058014196e-01
1.791278725184933251e-02,-1.592757929461149358e-01
1.774095410922625973e-02,-1.593781314279774097e-01
1.756865757884740892e-02,-1.594796878095531278e-01
1.739590038766269248e-02,-1.595804585650516527e-01
1.722268529832936268e-02,-1.596804401851237287e-01
1.704901510910669313e-02,-1.597796291772569655e-01
1.687489265374590014e-02,-1.598780220661721874e-01
1.670032080137357974e-02,-1.599756153942185621e-01
1.652530245637066908e-02,-1.600724057217688401e-01
1.634984055824545424e-02,-1.601683896276135943e-01
1.617393808150120391e-02,-1.602635637093559051e-01
1.599759803549872725e-02,-1.603579245838038236e-01
1.582082346431259653e-02,-1.604514688873639461e-01
1.564361744658281095e-02,-1.605441932764328783e-01
1.546598309536053976e-02,-1.606360944277881453e-01
1.528792355794839075e-02,-1.607271690389783236e-01
1.510944201573573981e-02,-1.608174138287119526e-01
1.493054168402759875e-02,-1.609068255372457790e-01
1.475122581186903530e-02,-1.609954009267705599e-01
1.457149768186366025e-02,-1.610831367817974202e-01
1.439136060998668157e-02,-1.611700299095411015e-01
1.421081794539299711e-02,-1.612560771403025450e-01
1.402987307021898167e-02,-1.613412753278502532e-01
1.384852939937976195e-02,-1.614256213497992087e-01
1.366679038036070284e-02,-1.615091121079887948e-01
1.348465949300342581e-02,-1.615917445288586052e-01
1.330214024928714524e-02,-1.616735155638223675e-01
1.311923619310343021e-02,-1.617544221896395351e-01
1.293595090002691399e-02,-1.618344614087859901e-01
1.275228797708004291e-02,-1.619136302498217495e-01
1.256825106249265418e-02,-1.619919257677561175e-01
1.238384382545671368e-02,-1.620693450444115058e-01
1.219906996587499445e-02,-1.621458851887842556e-01
1.201393321410537673e-02,-1.622215433374032401e-01
1.182843733069966624e-02,-1.622963166546860236e-01
1.164258610613717188e-02,-1.623702023332919131e-01
1.145638336055373671e-02,-1.624431975944728990e-01
1.126983294346467664e-02,-1.625152996884215995e-01
1.108293873348376382e-02,-1.625865058946165398e-01
1.089570463803658101e-02,-1.626568135221637679e-01
1.070813459306906891e-02,-1.627262199101364715e-01
1.052023256275158754e-02,-1.627947224279108207e-01
1.033200253917708651e-02,-1.628623184754989239e-01
1.014344854205547278e-02,-1.629290054838785640e-01
9.954574618402671840e-03,-1.629947809153192706e-01
9.765384842225031253e-03,-1.630596422637055065e-01
9.575883314199293631e-03,-1.631235870548557454e-01
9.386074161347214562e-03,-1.631866128468388855e-01
9.195961536706329445e-03,-1.632487172302857781e-01
9.005549618995870031e-03,-1.633098978286987579e-01
8.814842612278057932e-03,-1.633701522987557331e-01
8.623844745615090804e-03,-1.634294783306111665e-01
8.432560272721994696e-03,-1.634878736481931716e-01
8.240993471614345076e-03,-1.635453360094971664e-01
8.049148644252561782e-03,-1.636018632068737544e-01
7.857030116181520224e-03,-1.636574530673146066e-01
7.664642236166020056e-03,-1.637121034527324603e-01
7.471989375822638696e-03,-1.637658122602378974e-01
7.279075929246511638e-03,-1.638185774224111269e-01
7.085906312635125576e-03,-1.638703969075699929e-01
6.892484963907761705e-03,-1.639212687200332086e-01
6.698816342320980388e-03,-1.639711909003784829e-01
6.504904928080984181e-03,-1.640201615256973167e-01
6.310755221951019553e-03,-1.640681787098445810e-01
6.116371744856342191e-03,-1.641152406036820999e-01
5.921759037485008551e-03,-1.641613453953205681e-01
5.726921659885125110e-03,-1.642064913103526980e-01
5.531864191059316857e-03,-1.642506766120850337e-01
5.336591228554571006e-03,-1.642938996017626607e-01
5.141107388050028537e-03,-1.643361586187899182e-01
4.945417302940915104e-03,-1.643774520409452267e-01
4.749525623919384140e-03,-1.644177782845918090e-01
4.553437018552835940e-03,-1.644571358048824150e-01
4.357156170858134982e-03,-1.644955230959597170e-01
4.160687780874014474e-03,-1.645329386911505987e-01
3.964036564230105121e-03,-1.645693811631553372e-01
3.767207251713282010e-03,-1.646048491242322331e-01
3.570204588831758091e-03,-1.646393412263755796e-01
3.373033335375575942e-03,-1.646728561614893005e-01
3.175698264975771162e-03,-1.647053926615548169e-01
2.978204164660395049e-03,-1.647369494987925842e-01
2.780555834408302094e-03,-1.647675254858197436e-01
2.582758086701286877e-03,-1.647971194758005575e-01
2.384815746072837823e-03,-1.648257303625921821e-01
2.186733648655975887e-03,-1.648533570808841109e-01
1.988516641728591775e-03,-1.648799986063331779e-01
1.790169583256755919e-03,-1.649056539556911227e-01
1.591697341436941427e-03,-1.649303221869276026e-01
1.393104794235240987e-03,-1.649540023993472104e-01
1.194396828926126003e-03,-1.649766937337004968e-01
9.955783416291782897e-04,-1.649983953722891084e-01
7.966542368441990310e-04,-1.650191065390652634e-01
5.976294269856543195e-04,-1.650388264997254550e-01
3.985088319146537017e-04,-1.650575545617979367e-01
1.992973784708633456e-04,-1.650752900747244345e-01
2.806819302711994386e-15,-1.650920324299357533e-01
