x,y,block,inside_target
10.0,-0.45,0.11440429496078203,False
10.125,-0.45,0.26754361256198883,False
10.25,-0.45,0.2570161232195513,False
10.375,-0.45,0.1213490287068293,False
10.5,-0.45,-0.051966864395581014,False
10.625,-0.45,-0.1710736006449187,False
10.75,-0.45,-0.18063096963562777,False
10.875,-0.45,-0.08238490100498805,False
11.0,-0.45,0.07120939979003559,False
11.125,-0.45,0.20503311640928484,False
11.25,-0.45,0.2570161232195539,False
11.375,-0.45,0.2053916073627632,False
11.5,-0.45,0.07626056495257673,False
11.625,-0.45,-0.07044189686171122,False
11.75,-0.45,-0.16901680866359067,False
11.875,-0.45,-0.17699198779835937,False
12.0,-0.45,-0.09239367529352002,False
12.125,-0.45,0.04744257572044923,False
12.25,-0.45,0.18384678580303446,False
12.375,-0.45,0.2627643248710204,False
12.5,-0.45,0.25701612321956024,False
12.625,-0.45,0.1755883452699518,False
12.75,-0.45,0.056912605844784345,False
12.875,-0.45,-0.049769159617291864,False
13.0,-0.45,-0.10600267102395605,False
13.125,-0.45,-0.09911526677225081,False
13.25,-0.45,-0.044653593482394095,False
13.375,-0.45,0.023715109749591404,False
13.5,-0.45,0.07128036984961013,False
13.625,-0.45,0.07810831281525006,False
13.75,-0.45,0.04655636846375735,False
13.875,-0.45,-0.002284274583156283,False
14.0,-0.45,-0.04072507693833649,False
14.125,-0.45,-0.048894686615067795,False
14.25,-0.45,-0.024426002439152005,False
14.375,-0.45,0.017026252743203234,False
14.5,-0.45,0.05036771853121993,False
14.625,-0.45,0.05436212156172627,False
14.75,-0.45,0.023113564216353445,False
14.875,-0.45,-0.02985969878545463,False
15.0,-0.45,-0.0770392033980284,False
15.125,-0.45,-0.08945345212361595,False
15.25,-0.45,-0.05067598240829423,False
15.375,-0.45,0.0341482323842557,False
15.5,-0.45,0.1385258350215659,False
15.625,-0.45,0.22431952431575702,False
15.75,-0.45,0.25701612321954875,False
15.875,-0.45,0.22019118047163558,False
16.0,-0.45,0.12308425294059358,False
16.125,-0.45,-0.0019518812208151326,False
16.25,-0.45,-0.11119539081774107,False
16.375,-0.45,-0.16583686061214356,False
16.5,-0.45,-0.14638790808138355,False
16.625,-0.45,-0.05967642424450026,False
16.75,-0.45,0.06406597634535782,False
16.875,-0.45,0.18260787419299232,False
17.0,-0.45,0.2570161232195495,False
17.125,-0.45,0.2650140585293787,False
17.25,-0.45,0.2076393799371915,False
17.375,-0.45,0.10725367774531874,False
17.5,-0.45,-0.0017067597547938546,False
17.625,-0.45,-0.085309524263296,False
17.75,-0.45,-0.1212626688768807,False
17.875,-0.45,-0.10485214420379456,False
18.0,-0.45,-0.04821880662709786,False
18.125,-0.45,0.02591729390593118,False
18.25,-0.45,0.09313628043111502,False
18.375,-0.45,0.13534063608968386,False
18.5,-0.45,0.14529212278414905,False
18.625,-0.45,0.1267081329418832,False
18.75,-0.45,0.09071736009277724,False
18.875,-0.45,0.0506342750175759,False
19.0,-0.45,0.017233762182734192,False
19.125,-0.45,-0.0039295566059147115,False
19.25,-0.45,-0.012705181346683251,False
19.375,-0.45,-0.012616602066624797,False
19.5,-0.45,-0.008380729367203212,False
19.625,-0.45,-0.0038287133322046567,False
19.75,-0.45,-0.0009077427592378551,False
19.875,-0.45,0.00019122187752520587,False
20.0,-0.45,0.00022498811777640445,False
20.125,-0.45,1.8748947886897802e-05,False
20.25,-0.45,-3.398137060268504e-05,False
20.375,-0.45,2.4154049398861184e-05,False
20.5,-0.45,1.5729875495010725e-05,False
20.625,-0.45,-8.166361718425796e-05,False
20.75,-0.45,-9.0007765547572e-05,False
20.875,-0.45,0.00015255623993215938,False
21.0,-0.45,0.0005003767513018708,False
21.125,-0.45,0.0003949073458907464,False
21.25,-0.45,-0.0008919477287522192,False
21.375,-0.45,-0.003716172005774732,False
21.5,-0.45,-0.007481666032903062,False
21.625,-0.45,-0.010369633768390998,False
21.75,-0.45,-0.009632922687997758,False
21.875,-0.45,-0.002470629323937875,False
22.0,-0.45,0.012784066894366269,False
22.125,-0.45,0.035623020414549574,False
22.25,-0.45,0.06293733798330906,False
22.375,-0.45,0.08948076519362931,False
22.5,-0.45,0.1091706400456847,False
22.625,-0.45,0.11684576554487137,False
22.75,-0.45,0.10990046310200341,False
22.875,-0.45,0.08922518759208622,False
23.0,-0.45,0.05910611008625413,False
23.125,-0.45,0.026087626201712868,False
23.25,-0.45,-0.002846385864782291,False
23.375,-0.45,-0.022191248780242614,False
23.5,-0.45,-0.0293367885563462,False
23.625,-0.45,-0.025058731376619663,False
23.75,-0.45,-0.012982092119920949,False
23.875,-0.45,0.0017518527569079737,False
24.0,-0.45,0.01414306601731936,False
24.125,-0.45,0.020772693518576378,False
24.25,-0.45,0.02059569264967672,False
24.375,-0.45,0.014900736584753216,False
24.5,-0.45,0.006537527137819556,False
24.625,-0.45,-0.001259332107675904,False
24.75,-0.45,-0.006019553114986238,False
24.875,-0.45,-0.006779011878502446,False
25.0,-0.45,-0.004206110620877459,False
25.125,-0.45,-0.00013234213127412886,False
25.25,-0.45,0.0032903155275320825,False
25.375,-0.45,0.004470754403418265,False
25.5,-0.45,0.002975245998349597,False
25.625,-0.45,-0.0003624254829293137,False
25.75,-0.45,-0.003833283313903884,False
25.875,-0.45,-0.0055817482908652235,False
26.0,-0.45,-0.004387683878683787,False
26.125,-0.45,-0.000205924654635814,False
26.25,-0.45,0.005740769044871663,False
26.375,-0.45,0.011356506173156226,False
26.5,-0.45,0.014419719088665928,False
26.625,-0.45,0.013419859724967523,False
26.75,-0.45,0.008183879130359546,False
26.875,-0.45,6.172620870916433e-05,False
27.0,-0.45,-0.008410064384966706,False
27.125,-0.45,-0.014268241496824558,False
27.25,-0.45,-0.015060698774510363,False
27.375,-0.45,-0.009653120616997139,False
27.5,-0.45,0.0013631271349722595,False
27.625,-0.45,0.01579679251812839,False
27.75,-0.45,0.030473709601724432,False
27.875,-0.45,0.04214168950734007,False
28.0,-0.45,0.048371111635030606,False
28.125,-0.45,0.048170905299095054,False
28.25,-0.45,0.042145309750530734,False
28.375,-0.45,0.03217616110370126,False
28.5,-0.45,0.02077057005204285,False
28.625,-0.45,0.010310691894573041,False
28.75,-0.45,0.0024504823774265973,False
28.875,-0.45,-0.0021724749841504623,False
29.0,-0.45,-0.0038690924287916395,False
29.125,-0.45,-0.0035603747134584675,False
29.25,-0.45,-0.002333345650630202,False
29.375,-0.45,-0.00106398688823859,False
29.5,-0.45,-0.00022207754084347102,False
29.625,-0.45,0.00011922949529152957,False
29.75,-0.45,0.00013075275803526386,False
29.875,-0.45,3.632380353135551e-05,False
30.0,-0.45,-2.199431355294611e-05,False
30.125,-0.45,-1.869090796952324e-05,False
30.25,-0.45,3.1471370679408836e-06,False
30.375,-0.45,5.199129723046164e-06,False
30.5,-0.45,-6.000772235297571e-06,False
30.625,-0.45,2.6021425693445304e-06,False
30.75,-0.45,3.487882953448137e-05,False
30.875,-0.45,2.4058332504447667e-05,False
31.0,-0.45,-0.0001470341543371638,False
31.125,-0.45,-0.0005548405026918798,False
31.25,-0.45,-0.001115458301311229,False
31.375,-0.45,-0.0015135833727388157,False
31.5,-0.45,-0.0012506245326241155,False
31.625,-0.45,0.00016857455171603863,False
31.75,-0.45,0.0029662077937445365,False
31.875,-0.45,0.006857268175606111,False
32.0,-0.45,0.010982223484384714,False
32.125,-0.45,0.01408699413889438,False
32.25,-0.45,0.014929022315561207,False
32.375,-0.45,0.01277767258272819,False
32.5,-0.45,0.0078091408971589366,False
32.625,-0.45,0.0012084137711568538,False
32.75,-0.45,-0.005111302589329231,False
32.875,-0.45,-0.009111360847862755,False
33.0,-0.45,-0.009350801442871228,False
33.125,-0.45,-0.005557170464795914,False
33.25,-0.45,0.0011910546335142458,False
33.375,-0.45,0.00876964637087687,False
33.5,-0.45,0.014714050608448352,False
33.625,-0.45,0.017076007421630034,False
33.75,-0.45,0.015113328751300226,False
33.875,-0.45,0.00955023808222063,False
34.0,-0.45,0.0023066158211298557,False
34.125,-0.45,-0.004202095655185896,False
34.25,-0.45,-0.00792819724878475,False
34.375,-0.45,-0.007892932501467737,False
34.5,-0.45,-0.004469426572231295,False
34.625,-0.45,0.0008406937475543136,False
34.75,-0.45,0.006027401425551403,False
34.875,-0.45,0.009332290247259569,False
35.0,-0.45,0.009852229714806092,False
35.125,-0.45,0.0077699598556154725,False
35.25,-0.45,0.004155760003141816,False
35.375,-0.45,0.0004568853004024765,False
35.5,-0.45,-0.002095121536057588,False
35.625,-0.45,-0.002917407431066518,False
35.75,-0.45,-0.0021949549742607526,False
35.875,-0.45,-0.0006752656586120257,False
36.0,-0.45,0.0007370240082501129,False
36.125,-0.45,0.0013908429813534286,False
36.25,-0.45,0.0011288875630511871,False
36.375,-0.45,0.00027418869903317994,False
36.5,-0.45,-0.0005999978524760648,False
36.625,-0.45,-0.0009873631935724543,False
36.75,-0.45,-0.0006966593476101481,False
36.875,-0.45,7.915614472570238e-05,False
37.0,-0.45,0.0008901252181537573,False
37.125,-0.45,0.0012767571582416263,False
37.25,-0.45,0.0010100478463929783,False
37.375,-0.45,0.0002075609147620946,False
37.5,-0.45,-0.000725840413243413,False
37.625,-0.45,-0.0012982489836288603,False
37.75,-0.45,-0.001171981097597941,False
37.875,-0.45,-0.0003298783013354656,False
38.0,-0.45,0.000910567592848672,False
38.125,-0.45,0.0020392390280805045,False
38.25,-0.45,0.0025830506487192753,False
38.375,-0.45,0.002316307122354742,False
38.5,-0.45,0.0013567522304816862,False
38.625,-0.45,0.00010713294677764632,False
38.75,-0.45,-0.0009268370819138839,False
38.875,-0.45,-0.0013568514901153017,False
39.0,-0.45,-0.001071669510954886,False
39.125,-0.45,-0.00026827927002783154,False
39.25,-0.45,0.0006529571555027823,False
39.375,-0.45,0.0012758634707869503,False
39.5,-0.45,0.0013513029762948494,False
39.625,-0.45,0.0008945425074271404,False
39.75,-0.45,0.0001587135381158366,False
39.875,-0.45,-0.0004966797565285456,False
40.0,-0.45,-0.0007773114490457697,False
40.125,-0.45,-0.0005861695879564095,False
40.25,-0.45,-5.8487310823794624e-05,False
40.375,-0.45,0.0005118991914897159,False
40.5,-0.45,0.0008169097271565788,False
40.625,-0.45,0.0006814217369741629,False
40.75,-0.45,0.00014694537547241525,False
40.875,-0.45,-0.0005438458529339483,False
41.0,-0.45,-0.0010523738861311729,False
41.125,-0.45,-0.0010910643287541997,False
41.25,-0.45,-0.0005476909295428688,False
41.375,-0.45,0.0004647503925507932,False
41.5,-0.45,0.001650807604541677,False
41.625,-0.45,0.0026466883421497633,False
41.75,-0.45,0.0031563309571010618,False
41.875,-0.45,0.0030543038988209794,False
42.0,-0.45,0.0024177530747483424,False
42.125,-0.45,0.001480970937261284,False
42.25,-0.45,0.0005373511550756704,False
42.375,-0.45,-0.00016830139105079162,False
42.5,-0.45,-0.0005150966757916696,False
42.625,-0.45,-0.0005247302781201444,False
42.75,-0.45,-0.0003245686947863723,False
42.875,-0.45,-7.795575042508458e-05,False
43.0,-0.45,8.579263168736148e-05,False
43.125,-0.45,0.00011406122656887047,False
43.25,-0.45,3.4014649541354815e-05,False
43.375,-0.45,-7.805559129019885e-05,False
43.5,-0.45,-0.00014230981557596028,False
43.625,-0.45,-0.00011394508839347495,False
43.75,-0.45,5.622103790297477e-07,False
43.875,-0.45,0.0001528766638336366,False
44.0,-0.45,0.00027965567111467855,False
44.125,-0.45,0.0003323827521911261,False
44.25,-0.45,0.00029669531922019154,False
44.375,-0.45,0.00019434868470321646,False
44.5,-0.45,6.952216500901355e-05,False
44.625,-0.45,-3.2326285357930944e-05,False
44.75,-0.45,-8.290523688343902e-05,False
44.875,-0.45,-7.942426985776518e-05,False
45.0,-0.45,-4.0911349799761377e-05,False
45.125,-0.45,3.946966386619713e-06,False
45.25,-0.45,3.086017425775623e-05,False
45.375,-0.45,2.958652331189146e-05,False
45.5,-0.45,5.828352641712e-06,False
45.625,-0.45,-2.4101458364763397e-05,False
45.75,-0.45,-4.232068882577635e-05,False
45.875,-0.45,-3.7637549560021655e-05,False
46.0,-0.45,-9.656954448273532e-06,False
46.125,-0.45,3.228870808311226e-05,False
46.25,-0.45,7.405265597371415e-05,False
46.375,-0.45,0.00010274515421218719,False
46.5,-0.45,0.00011130716613803345,False
46.625,-0.45,0.00010005819288725127,False
46.75,-0.45,7.521944992527133e-05,False
46.875,-0.45,4.561842086443538e-05,False
47.0,-0.45,1.92283792366935e-05,False
47.125,-0.45,8.708867704975917e-07,False
47.25,-0.45,-8.373131451258943e-06,False
47.375,-0.45,-1.0301597339256172e-05,False
47.5,-0.45,-8.023028650010916e-06,False
47.625,-0.45,-4.4780774142244205e-06,False
47.75,-0.45,-1.5636765890618877e-06,False
47.875,-0.45,3.077669383878627e-08,False
48.0,-0.45,4.834539578645776e-07,False
48.125,-0.45,3.290814282935365e-07,False
48.25,-0.45,5.1158367897795574e-08,False
48.375,-0.45,-1.0166388510041841e-07,False
48.5,-0.45,-1.0085273180726367e-07,False
48.625,-0.45,-2.72072306130816e-08,False
48.75,-0.45,3.583295760926491e-08,False
48.875,-0.45,5.330258972531359e-08,False
49.0,-0.45,3.5322614677122705e-08,False
49.125,-0.45,8.63554218891208e-09,False
49.25,-0.45,-7.821160408657301e-09,False
49.375,-0.45,-1.0568410870969447e-08,False
49.5,-0.45,-5.911962592015511e-09,False
49.625,-0.45,-9.987279653331133e-10,False
49.75,-0.45,1.0651697372417452e-09,False
49.875,-0.45,8.886483712882198e-10,False
50.0,-0.45,1.7461097396858615e-10,False
50.125,-0.45,-1.4944846506216353e-10,False
50.25,-0.45,-1.10805349140422e-10,False
50.375,-0.45,-1.7504599773969748e-11,False
50.5,-0.45,7.27642264945297e-12,False
50.625,-0.45,2.2581565312615248e-12,False
50.75,-0.45,1.7794425875607976e-13,False
50.875,-0.45,1.1040415807574028e-12,False
51.0,-0.45,1.3802530694056493e-11,False
51.125,-0.45,1.4957240298620727e-11,False
51.25,-0.45,-7.65812047772043e-11,False
51.375,-0.45,-2.2194780914681072e-10,False
51.5,-0.45,-5.4010191401336934e-11,False
51.625,-0.45,8.010345424063456e-10,False
51.75,-0.45,1.6891941498784221e-09,False
51.875,-0.45,2.2928444616220914e-10,False
52.0,-0.45,-6.1663196675251e-09,False
52.125,-0.45,-1.59803320785989e-08,False
52.25,-0.45,-1.9600047033244285e-08,False
52.375,-0.45,-1.9707542235810326e-09,False
52.5,-0.45,4.380646225837636e-08,False
52.625,-0.45,9.740340696877483e-08,False
52.75,-0.45,1.0525807675745588e-07,False
52.875,-0.45,1.0339375484493179e-08,False
53.0,-0.45,-1.7779307412923667e-07,False
53.125,-0.45,-3.110225426433452e-07,False
53.25,-0.45,-1.1526679501191134e-07,False
53.375,-0.45,6.134152064146131e-07,False
53.5,-0.45,1.5965342385425845e-06,False
53.625,-0.45,1.570199283418473e-06,False
53.75,-0.45,-1.9799098085287056e-06,False
53.875,-0.45,-1.2380421997300485e-05,False
54.0,-0.45,-3.223306294290747e-05,False
54.125,-0.45,-6.075031790682395e-05,False
54.25,-0.45,-9.056668295556578e-05,False
54.375,-0.45,-0.00010531386183268256,False
54.5,-0.45,-7.964574865852064e-05,False
54.625,-0.45,1.6841517953568568e-05,False
54.75,-0.45,0.00021140164224105667,False
54.875,-0.45,0.0005169538900337181,False
55.0,-0.45,0.0009210535976328861,False
55.125,-0.45,0.0013793030995853603,False
55.25,-0.45,0.0018172450643855612,False
55.375,-0.45,0.0021428066487433643,False
55.5,-0.45,0.0022679899145720784,False
55.625,-0.45,0.002134747856098056,False
55.75,-0.45,0.001737267940337074,False
55.875,-0.45,0.001132512552120076,False
56.0,-0.45,0.00043345312353617043,False
56.125,-0.45,-0.0002154797272038556,False
56.25,-0.45,-0.0006751559054257501,False
56.375,-0.45,-0.000850267193521043,False
56.5,-0.45,-0.000717442731574984,False
56.625,-0.45,-0.0003332239046523632,False
56.75,-0.45,0.00018174149579202334,False
56.875,-0.45,0.0006781049316605215,False
57.0,-0.45,0.0010218436884003672,False
57.125,-0.45,0.0011327063395212497,False
57.25,-0.45,0.0010045733533534584,False
57.375,-0.45,0.0007013981040250905,False
57.5,-0.45,0.00033087647628985155,False
57.625,-0.45,5.6995298646316775e-06,False
57.75,-0.45,-0.00019367947044697894,False
57.875,-0.45,-0.0002418884214828337,False
58.0,-0.45,-0.00016995695081251777,False
58.125,-0.45,-4.6174570442023853e-05,False
58.25,-0.45,5.495732348700999e-05,False
58.375,-0.45,8.315238182290486e-05,False
58.5,-0.45,3.0574032660515875e-05,False
58.625,-0.45,-6.835763347110433e-05,False
58.75,-0.45,-0.00015434450310476135,False
58.875,-0.45,-0.00016990834722947266,False
59.0,-0.45,-8.431768317322902e-05,False
59.125,-0.45,9.306982742933017e-05,False
59.25,-0.45,0.00031580965866483747,False
59.375,-0.45,0.0005178311859381409,False
59.5,-0.45,0.0006379335728553352,False
59.625,-0.45,0.0006415812806281088,False
59.75,-0.45,0.000531890791816803,False
59.875,-0.45,0.00034637337927831137,False
60.0,-0.45,0.00014167388699137587,False
10.0,-0.4375,0.10254172452675157,False
10.125,-0.4375,0.24717227110985432,False
10.25,-0.4375,0.23966934178462113,False
10.375,-0.4375,0.11498638146763847,False
10.5,-0.4375,-0.045691918233509876,False
10.625,-0.4375,-0.15661108127151668,False
10.75,-0.4375,-0.16579270195115403,False
10.875,-0.4375,-0.07446923631323725,False
11.0,-0.4375,0.06867615413516812,False
11.125,-0.4375,0.19360138173834654,False
11.25,-0.4375,0.24226867668981802,False
11.375,-0.4375,0.1941907621156026,False
11.5,-0.4375,0.07361230056301807,False
11.625,-0.4375,-0.06351356680965943,False
11.75,-0.4375,-0.15572666267597762,False
11.875,-0.4375,-0.16318990112884724,False
12.0,-0.4375,-0.0839129054954313,False
12.125,-0.4375,0.04727303640444651,False
12.25,-0.4375,0.17546430433145768,False
12.375,-0.4375,0.2499471708618045,False
12.5,-0.4375,0.2450679174103665,False
12.625,-0.4375,0.16900954253338774,False
12.75,-0.4375,0.057596123019216156,False
12.875,-0.4375,-0.043082662930885064,False
13.0,-0.4375,-0.09687535755572202,False
13.125,-0.4375,-0.09165164257899253,False
13.25,-0.4375,-0.04167419566143698,False
13.375,-0.4375,0.021756580101198228,False
13.5,-0.4375,0.06621909461331037,False
13.625,-0.4375,0.07296297170748305,False
13.75,-0.4375,0.04398352693128452,False
13.875,-0.4375,-0.001229447303503193,False
14.0,-0.4375,-0.0369648134281532,False
14.125,-0.4375,-0.04471780328575764,False
14.25,-0.4375,-0.022234362122466267,False
14.375,-0.4375,0.015982799845928618,False
14.5,-0.4375,0.04665359782951823,False
14.625,-0.4375,0.050102676830021196,False
14.75,-0.4375,0.020951886838782772,False
14.875,-0.4375,-0.028098550975403768,False
15.0,-0.4375,-0.07134281260920514,False
15.125,-0.4375,-0.08179705112759189,False
15.25,-0.4375,-0.04427158393860976,False
15.375,-0.4375,0.036215950814144096,False
15.5,-0.4375,0.13468538959965698,False
15.625,-0.4375,0.2153110039179012,False
15.75,-0.4375,0.24574064687002972,False
15.875,-0.4375,0.21065249417136175,False
16.0,-0.4375,0.11884614693848775,False
16.125,-0.4375,0.0008324804025960086,False
16.25,-0.4375,-0.10220576886243302,False
16.375,-0.4375,-0.15371728016085542,False
16.5,-0.4375,-0.13533358121761072,False
16.625,-0.4375,-0.05346228769641827,False
16.75,-0.4375,0.06343063458906707,False
16.875,-0.4375,0.1755319083607136,False
17.0,-0.4375,0.24607572408007322,False
17.125,-0.4375,0.253940799227465,False
17.25,-0.4375,0.19996493586256614,False
17.375,-0.4375,0.1051262861696706,False
17.5,-0.4375,0.0018760556396830302,False
17.625,-0.4375,-0.07769781886689514,False
17.75,-0.4375,-0.11239068925949962,False
17.875,-0.4375,-0.0975376818663141,False
18.0,-0.4375,-0.04440759876028273,False
18.125,-0.4375,0.025650299614381616,False
18.25,-0.4375,0.08955072821718497,False
18.375,-0.4375,0.1300553501049833,False
18.5,-0.4375,0.1401086877923697,False
18.625,-0.4375,0.12300411516865613,False
18.75,-0.4375,0.08910672315676024,False
18.875,-0.4375,0.0509587207094187,False
19.0,-0.4375,0.018815634821311215,False
19.125,-0.4375,-0.0019233877799832398,False
19.25,-0.4375,-0.010946467782465897,False
19.375,-0.4375,-0.011448875153271556,False
19.5,-0.4375,-0.007822441114091609,False
19.625,-0.4375,-0.003694673375761749,False
19.75,-0.4375,-0.0009638893334213824,False
19.875,-0.4375,0.00011411049529338403,False
20.0,-0.4375,0.0001931079684169743,False
20.125,-0.4375,2.2243380121886455e-05,False
20.25,-0.4375,-2.7300861786204494e-05,False
20.375,-0.4375,1.9864292139787945e-05,False
20.5,-0.4375,1.1001977777033368e-05,False
20.625,-0.4375,-7.242044659001177e-05,False
20.75,-0.4375,-7.27987786196617e-05,False
20.875,-0.4375,0.00014764665162896314,False
21.0,-0.4375,0.00044446991489112013,False
21.125,-0.4375,0.00030147018124603405,False
21.25,-0.4375,-0.000937449638729439,False
21.375,-0.4375,-0.003563988842297615,False
21.5,-0.4375,-0.006971522313647164,False
21.625,-0.4375,-0.009414558090437094,False
21.75,-0.4375,-0.00829747489204911,False
21.875,-0.4375,-0.0010035069867425292,False
22.0,-0.4375,0.013988635869526759,False
22.125,-0.4375,0.03613274954092183,False
22.25,-0.4375,0.06242602028895051,False
22.375,-0.4375,0.08785799022232164,False
22.5,-0.4375,0.10664661027490664,False
22.625,-0.4375,0.11390142182218256,False
22.75,-0.4375,0.10716631143733665,False
22.875,-0.4375,0.08730528797630482,False
23.0,-0.4375,0.058404098731895046,False
23.125,-0.4375,0.026691803979505123,False
23.25,-0.4375,-0.0011818279969925093,False
23.375,-0.4375,-0.019964351856673963,False
23.5,-0.4375,-0.027144084780576432,False
23.625,-0.4375,-0.023420851512500947,False
23.75,-0.4375,-0.012204222978758627,False
23.875,-0.4375,0.0016435387144877953,False
24.0,-0.4375,0.01337500241773738,False
24.125,-0.4375,0.019723466338285266,False
24.25,-0.4375,0.01966004453803004,False
24.375,-0.4375,0.014364755991185193,False
24.5,-0.4375,0.006503977190092867,False
24.625,-0.4375,-0.000876540793082913,False
24.75,-0.4375,-0.0054373015963029465,False
24.875,-0.4375,-0.006249540960023128,False
25.0,-0.4375,-0.00392063805948319,False
25.125,-0.4375,-0.00015729531414315464,False
25.25,-0.4375,0.003024881189992372,False
25.375,-0.4375,0.0041306449353833655,False
25.5,-0.4375,0.002747954892067034,False
25.625,-0.4375,-0.0003462481485845979,False
25.75,-0.4375,-0.003553293800646447,False
25.875,-0.4375,-0.005137059739850266,False
26.0,-0.4375,-0.003959041518388012,False
26.125,-0.4375,1.4686329954553996e-05,False
26.25,-0.4375,0.005627014907643715,False
26.375,-0.4375,0.010902704561855518,False
26.5,-0.4375,0.013753252867871574,False
26.625,-0.4375,0.012765279249458911,False
26.75,-0.4375,0.007789996950615942,False
26.875,-0.4375,0.00011619747762939107,False
27.0,-0.4375,-0.007849407615606194,False
27.125,-0.4375,-0.01330135104274388,False
27.25,-0.4375,-0.013922216702555942,False
27.375,-0.4375,-0.008645085312700753,False
27.5,-0.4375,0.001961055433376954,False
27.625,-0.4375,0.015810460547074023,False
27.75,-0.4375,0.029884379408079257,False
27.875,-0.4375,0.041087652279469034,False
28.0,-0.4375,0.04710224041311284,False
28.125,-0.4375,0.04697272370475596,False
28.25,-0.4375,0.04125823560208743,False
28.375,-0.4375,0.03173549054486832,False
28.5,-0.4375,0.020783981542792655,False
28.625,-0.4375,0.01067617116500686,False
28.75,-0.4375,0.003003872242366758,False
28.875,-0.4375,-0.0015997138658918452,False
29.0,-0.4375,-0.003402176154225172,False
29.125,-0.4375,-0.00325733360206751,False
29.25,-0.4375,-0.0021881762844060187,False
29.375,-0.4375,-0.0010297466993170465,False
29.5,-0.4375,-0.0002409008640128409,False
29.625,-0.4375,9.20848162839916e-05,False
29.75,-0.4375,0.00011642616146776444,False
29.875,-0.4375,3.557628615531097e-05,False
30.0,-0.4375,-1.776155138332702e-05,False
30.125,-0.4375,-1.663560732403044e-05,False
30.25,-0.4375,2.1176592100437837e-06,False
30.375,-0.4375,4.310046744690688e-06,False
30.5,-0.4375,-4.815266743262815e-06,False
30.625,-0.4375,3.170509610585006e-06,False
30.75,-0.4375,2.9792036913353686e-05,False
30.875,-0.4375,1.3050174541637252e-05,False
31.0,-0.4375,-0.00015240248645808567,False
31.125,-0.4375,-0.000530421026619585,False
31.25,-0.4375,-0.0010336534238468424,False
31.375,-0.4375,-0.0013603948843004254,False
31.5,-0.4375,-0.0010429232893934463,False
31.625,-0.4375,0.0003757908534764193,False
31.75,-0.4375,0.0030901535083553183,False
31.875,-0.4375,0.006815511485422,False
32.0,-0.4375,0.010729735600278716,False
32.125,-0.4375,0.013646722306171017,False
32.25,-0.4375,0.01440038447867423,False
32.375,-0.4375,0.012314518411567891,False
32.5,-0.4375,0.0075709471504221346,False
32.625,-0.4375,0.0013008247426150275,False
32.75,-0.4375,-0.004683597841551755,False
32.875,-0.4375,-0.008458695395466141,False
33.0,-0.4375,-0.008670200863873097,False
33.125,-0.4375,-0.00506869587447299,False
33.25,-0.4375,0.0013213736521297077,False
33.375,-0.4375,0.008491467799786576,False
33.5,-0.4375,0.014114562976579852,False
33.625,-0.4375,0.016352058478627533,False
33.75,-0.4375,0.014502984582364837,False
33.875,-0.4375,0.009248874410239406,False
34.0,-0.4375,0.0023989481174092626,False
34.125,-0.4375,-0.003768686677107288,False
34.25,-0.4375,-0.007319740764492686,False
34.375,-0.4375,-0.0073246248736322395,False
34.5,-0.4375,-0.004126571727287147,False
34.625,-0.4375,0.0008662428457375045,False
34.75,-0.4375,0.005762251720158479,False
34.875,-0.4375,0.008900980649287972,False
35.0,-0.4375,0.009422237140222337,False
35.125,-0.4375,0.007485992640286626,False
35.25,-0.4375,0.004089536351719238,False
35.375,-0.4375,0.0005903800414926983,False
35.5,-0.4375,-0.0018498440591292332,False
35.625,-0.4375,-0.002673627547305863,False
35.75,-0.4375,-0.0020427317144107583,False
35.875,-0.4375,-0.0006491449581925878,False
36.0,-0.4375,0.0006626354651696651,False
36.125,-0.4375,0.0012801222231892048,False
36.25,-0.4375,0.001049384446976421,False
36.375,-0.4375,0.00026508389931934084,False
36.5,-0.4375,-0.0005423599101167943,False
36.625,-0.4375,-0.0009019898057514578,False
36.75,-0.4375,-0.0006342206553708458,False
36.875,-0.4375,8.352329618197533e-05,False
37.0,-0.4375,0.0008342264297656756,False
37.125,-0.4375,0.0011912438239491696,False
37.25,-0.4375,0.0009418774665835245,False
37.375,-0.4375,0.00019582318977579737,False
37.5,-0.4375,-0.0006697283023373096,False
37.625,-0.4375,-0.001196561196800297,False
37.75,-0.4375,-0.001070374515408372,False
37.875,-0.4375,-0.0002759891279130093,False
38.0,-0.4375,0.0008893541737680581,False
38.125,-0.4375,0.0019484908340310298,False
38.25,-0.4375,0.0024588035491438435,False
38.375,-0.4375,0.002208865841041033,False
38.5,-0.4375,0.001308453761349171,False
38.625,-0.4375,0.00013423315249210758,False
38.75,-0.4375,-0.0008402083388639368,False
38.875,-0.4375,-0.0012504365706566874,False
39.0,-0.4375,-0.000990783358338806,False
39.125,-0.4375,-0.00024401049487811902,False
39.25,-0.4375,0.0006162262776500141,False
39.375,-0.4375,0.001200485650045245,False
39.5,-0.4375,0.0012746119913769295,False
39.625,-0.4375,0.000851199874534311,False
39.75,-0.4375,0.00016536142155302192,False
39.875,-0.4375,-0.00044771626375987084,False
40.0,-0.4375,-0.0007129308415442606,False
40.125,-0.4375,-0.000538891567039653,False
40.25,-0.4375,-5.0898113532036704e-05,False
40.375,-0.4375,0.00047752988736425236,False
40.5,-0.4375,0.0007593491868941716,False
40.625,-0.4375,0.0006315419847991287,False
40.75,-0.4375,0.00013343287372636183,False
40.875,-0.4375,-0.0005076516342968385,False
41.0,-0.4375,-0.000974775443158023,False
41.125,-0.4375,-0.0009989029523474486,False
41.25,-0.4375,-0.00047544963683605077,False
41.375,-0.4375,0.0004888028260491698,False
41.5,-0.4375,0.001615597922197258,False
41.625,-0.4375,0.0025621254949516944,False
41.75,-0.4375,0.003048792343534829,False
41.875,-0.4375,0.0029561561379882915,False
42.0,-0.4375,0.002355456549796174,False
42.125,-0.4375,0.001466488874450893,False
42.25,-0.4375,0.0005658250158181558,False
42.375,-0.4375,-0.00011442926727523069,False
42.5,-0.4375,-0.00045788933550488956,False
42.625,-0.4375,-0.00048217685944115655,False
42.75,-0.4375,-0.0003049723599509335,False
42.875,-0.4375,-7.899948666319388e-05,False
43.0,-0.4375,7.370542299996337e-05,False
43.125,-0.4375,0.00010224857749433285,False
43.25,-0.4375,3.0371210107020077e-05,False
43.375,-0.4375,-7.175336465537401e-05,False
43.5,-0.4375,-0.0001299595887926039,False
43.625,-0.4375,-0.00010227387270699109,False
43.75,-0.4375,5.61158050895312e-06,False
43.875,-0.4375,0.00014883353717119966,False
44.0,-0.4375,0.0002682594923774517,False
44.125,-0.4375,0.00031835013878802335,False
44.25,-0.4375,0.00028535165188185415,False
44.375,-0.4375,0.00018932212130348634,False
44.5,-0.4375,7.148670713934217e-05,False
44.625,-0.4375,-2.547693484330937e-05,False
44.75,-0.4375,-7.474673079969241e-05,False
44.875,-0.4375,-7.328978077592817e-05,False
45.0,-0.4375,-3.856979289687091e-05,False
45.125,-0.4375,2.7264714465641816e-06,False
45.25,-0.4375,2.7821756242046337e-05,False
45.375,-0.4375,2.6942911973630802e-05,False
45.5,-0.4375,5.198825222016999e-06,False
45.625,-0.4375,-2.231488891513672e-05,False
45.75,-0.4375,-3.892856062081631e-05,False
45.875,-0.4375,-3.413960359127735e-05,False
46.0,-0.4375,-7.510024743910928e-06,False
46.125,-0.4375,3.226940810594863e-05,False
46.25,-0.4375,7.193491242187818e-05,False
46.375,-0.4375,9.932979917842572e-05,False
46.5,-0.4375,0.00010771997163350048,False
46.625,-0.4375,9.729510109853884e-05,False
46.75,-0.4375,7.383139486606501e-05,False
46.875,-0.4375,4.5625839607483254e-05,False
47.0,-0.4375,2.02442640045865e-05,False
47.125,-0.4375,2.3347099677675238e-06,False
47.25,-0.4375,-6.966533317365331e-06,False
47.375,-0.4375,-9.260950568723122e-06,False
47.5,-0.4375,-7.432654888458144e-06,False
47.625,-0.4375,-4.2569872649720555e-06,False
47.75,-0.4375,-1.5601565610501608e-06,False
47.875,-0.4375,-4.2743370608633215e-08,False
48.0,-0.4375,4.1917937933185914e-07,False
48.125,-0.4375,3.0275776474775114e-07,False
48.25,-0.4375,5.45990456251294e-08,False
48.375,-0.4375,-8.817351626432243e-08,False
48.5,-0.4375,-9.162171926568007e-08,False
48.625,-0.4375,-2.6148805994935043e-08,False
48.75,-0.4375,3.191628140490461e-08,False
48.875,-0.4375,4.912772622352344e-08,False
49.0,-0.4375,3.3494098383894536e-08,False
49.125,-0.4375,9.092187490715382e-09,False
49.25,-0.4375,-6.463329083153184e-09,False
49.375,-0.4375,-9.51773596560168e-09,False
49.5,-0.4375,-5.55434064265064e-09,False
49.625,-0.4375,-1.0954735011263954e-09,False
49.75,-0.4375,8.82715306588561e-10,False
49.875,-0.4375,8.06457861497153e-10,False
50.0,-0.4375,1.8319000844615374e-10,False
50.125,-0.4375,-1.218569691663941e-10,False
50.25,-0.4375,-1.005090784181253e-10,False
50.375,-0.4375,-1.9371553435842174e-11,False
50.5,-0.4375,5.275041157557286e-12,False
50.625,-0.4375,2.1030979456957485e-12,False
50.75,-0.4375,2.8432134390837723e-13,False
50.875,-0.4375,1.4730395149018945e-12,False
51.0,-0.4375,1.2186026378949821e-11,False
51.125,-0.4375,9.78549630057612e-12,False
51.25,-0.4375,-7.360011304624523e-11,False
51.375,-0.4375,-1.9235667751965126e-10,False
51.5,-0.4375,-1.803187970694047e-11,False
51.625,-0.4375,7.492263334988063e-10,False
51.75,-0.4375,1.458459590092364e-09,False
51.875,-0.4375,-5.318221091004316e-11,False
52.0,-0.4375,-5.98783772094543e-09,False
52.125,-0.4375,-1.4669056892833726e-08,False
52.25,-0.4375,-1.711041303681252e-08,False
52.375,-0.4375,2.1207397457594472e-10,False
52.5,-0.4375,4.2739060663992855e-08,False
52.625,-0.4375,9.076336014357547e-08,False
52.75,-0.4375,9.505101916507427e-08,False
52.875,-0.4375,5.422624849409253e-09,False
53.0,-0.4375,-1.649430898254734e-07,False
53.125,-0.4375,-2.764399837663326e-07,False
53.25,-0.4375,-8.134715789804342e-08,False
53.375,-0.4375,5.875061083724079e-07,False
53.5,-0.4375,1.4334984378381265e-06,False
53.625,-0.4375,1.242858403898261e-06,False
53.75,-0.4375,-2.327359042192246e-06,False
53.875,-0.4375,-1.2288069966060138e-05,False
54.0,-0.4375,-3.082672820075942e-05,False
54.125,-0.4375,-5.6782050653587186e-05,False
54.25,-0.4375,-8.267489947413945e-05,False
54.375,-0.4375,-9.252059470409233e-05,False
54.5,-0.4375,-6.20028071112554e-05,False
54.625,-0.4375,3.766048472413232e-05,False
54.75,-0.4375,0.0002318380564198498,False
54.875,-0.4375,0.0005318827287929613,False
55.0,-0.4375,0.000924794664544693,False
55.125,-0.4375,0.0013671976280446425,False
55.25,-0.4375,0.001787406807941562,False
55.375,-0.4375,0.0020974729716817346,False
55.5,-0.4375,0.002213892372964335,False
55.625,-0.4375,0.0020821398964003877,False
55.75,-0.4375,0.0016976530810661299,False
55.875,-0.4375,0.0011155883460848104,False
56.0,-0.4375,0.0004441528488673221,False
56.125,-0.4375,-0.00017886343431050707,False
56.25,-0.4375,-0.0006210227313918357,False
56.375,-0.4375,-0.0007917341795304393,False
56.5,-0.4375,-0.0006688140462990231,False
56.625,-0.4375,-0.0003059456448194059,False
56.75,-0.4375,0.00018235737563112464,False
56.875,-0.4375,0.0006543002282584565,False
57.0,-0.4375,0.0009824832793469212,False
57.125,-0.4375,0.0010902961068759685,False
57.25,-0.4375,0.0009712337769231559,False
57.375,-0.4375,0.0006851606048420123,False
57.5,-0.4375,0.000333541137469966,False
57.625,-0.4375,2.2917812317369197e-05,False
57.75,-0.4375,-0.00017024257688414972,False
57.875,-0.4375,-0.00022119850989506425,False
58.0,-0.4375,-0.00015834055508387096,False
58.125,-0.4375,-4.532184660807971e-05,False
58.25,-0.4375,4.806625611831145e-05,False
58.375,-0.4375,7.45049278605903e-05,False
58.5,-0.4375,2.6358294845502777e-05,False
58.625,-0.4375,-6.440338072113036e-05,False
58.75,-0.4375,-0.0001424339130303179,False
58.875,-0.4375,-0.00015403226204679457,False
59.0,-0.4375,-7.054813627718724e-05,False
59.125,-0.4375,9.905382665734836e-05,False
59.25,-0.4375,0.00031096644754615755,False
59.375,-0.4375,0.000502907174331372,False
59.5,-0.4375,0.0006171307116609305,False
59.625,-0.4375,0.0006209491129157921,False
59.75,-0.4375,0.000517128932801017,False
59.875,-0.4375,0.0003409086482196904,False
60.0,-0.4375,0.0001457060937182056,False
10.0,-0.425,0.091887670671635,False
10.125,-0.425,0.2283867678512001,False
10.25,-0.425,0.2235351022167822,False
10.375,-0.425,0.10898709696405025,False
10.5,-0.425,-0.03994530295601731,False
10.625,-0.425,-0.14321377616866957,False
10.75,-0.425,-0.15200186972859775,False
10.875,-0.425,-0.06709062401206531,False
11.0,-0.425,0.06633618392382566,False
11.125,-0.425,0.18296606919980715,False
11.25,-0.425,0.22852877856974543,False
11.375,-0.425,0.18374319429393443,False
11.5,-0.425,0.07113424023197494,False
11.625,-0.425,-0.05705389993606028,False
11.75,-0.425,-0.14331796499128396,False
11.875,-0.425,-0.15028810827337502,False
12.0,-0.425,-0.07596901643604284,False
12.125,-0.425,0.04713739641916369,False
12.25,-0.425,0.16764147477022195,False
12.375,-0.425,0.23795393288679234,False
12.5,-0.425,0.23385611411691937,False
12.625,-0.425,0.16279325937574007,False
12.75,-0.425,0.05816317357035068,False
12.875,-0.425,-0.03688667257469949,False
13.0,-0.425,-0.08836184338659003,False
13.125,-0.425,-0.08465068283772094,False
13.25,-0.425,-0.03883012597636201,False
13.375,-0.425,0.020000187086106812,False
13.5,-0.425,0.061553725293302386,False
13.625,-0.425,0.06819056073855846,False
13.75,-0.425,0.04157851204408041,False
13.875,-0.425,-0.00027600211565162805,False
14.0,-0.425,-0.033499095185918204,False
14.125,-0.425,-0.04085842193897167,False
14.25,-0.425,-0.020207981330887012,False
14.375,-0.425,0.015018052112981722,False
14.5,-0.425,0.04322457015925749,False
14.625,-0.425,0.04618552448048175,False
14.75,-0.425,0.01900096218556812,False
14.875,-0.425,-0.02639422447215506,False
15.0,-0.425,-0.06598481249853394,False
15.125,-0.425,-0.07463850348337636,False
15.25,-0.425,-0.03831468231385266,False
15.375,-0.425,0.03809409168618651,False
15.5,-0.425,0.131026397075447,False
15.625,-0.425,0.20681955688752918,False
15.75,-0.425,0.23514179612818847,False
15.875,-0.425,0.2017003025125833,False
16.0,-0.425,0.11487960797682067,False
16.125,-0.425,0.00346297651950897,False
16.25,-0.425,-0.09374755696845392,False
16.375,-0.425,-0.14231862419835478,False
16.5,-0.425,-0.12493365346693551,False
16.625,-0.425,-0.04760835490990197,False
16.75,-0.425,0.06284599645659125,False
16.875,-0.425,0.1688854430526482,False
17.0,-0.425,0.23578157068148062,False
17.125,-0.425,0.24350371753006902,False
17.25,-0.425,0.19270914773877254,False
17.375,-0.425,0.10308253767584546,False
17.5,-0.425,0.005212358012474799,False
17.625,-0.425,-0.07054959602247513,False
17.75,-0.425,-0.104028203031964,False
17.875,-0.425,-0.09061476395308975,False
18.0,-0.425,-0.04076702897374265,False
18.125,-0.425,0.025450197282342955,False
18.25,-0.425,0.08620820584344982,False
18.375,-0.425,0.12508369559661622,False
18.5,-0.425,0.1352029696470237,False
18.625,-0.425,0.11946979760375857,False
18.75,-0.425,0.08753643448630774,False
18.875,-0.425,0.05121874776511162,False
19.0,-0.425,0.02027897086074201,False
19.125,-0.425,-3.741195257247684e-05,False
19.25,-0.425,-0.009273919865048155,False
19.375,-0.425,-0.010321669592100161,False
19.5,-0.425,-0.007267583568600273,False
19.625,-0.425,-0.0035452055520449116,False
19.75,-0.425,-0.001002736443171012,False
19.875,-0.425,4.702480453710686e-05,False
20.0,-0.425,0.0001633514390613129,False
20.125,-0.425,2.415707017893362e-05,False
20.25,-0.425,-2.1693036915306258e-05,False
20.375,-0.425,1.627660591428955e-05,False
20.5,-0.425,7.198513964231544e-06,False
20.625,-0.425,-6.401556939458072e-05,False
20.75,-0.425,-5.805685016553411e-05,False
20.875,-0.425,0.0001416202650018484,False
21.0,-0.425,0.0003928090118488467,False
21.125,-0.425,0.00021929394245086303,False
21.25,-0.425,-0.0009682845771854553,False
21.375,-0.425,-0.0034029732225679637,False
21.5,-0.425,-0.006470242062816766,False
21.625,-0.425,-0.008495029878733866,False
21.75,-0.425,-0.007024734071189739,False
21.875,-0.425,0.00038482433519374665,False
22.0,-0.425,0.015119517241050193,False
22.125,-0.425,0.036599202753688,False
22.25,-0.425,0.061922614462532666,False
22.375,-0.425,0.08630241292116705,False
22.5,-0.425,0.10424004546484845,False
22.625,-0.425,0.11109988889534572,False
22.75,-0.425,0.1045662472088467,False
22.875,-0.425,0.08547767054939559,False
23.0,-0.425,0.05773056365192735,False
23.125,-0.425,0.02725636231130406,False
23.25,-0.425,0.000389408028027987,False
23.375,-0.425,-0.01785630138236236,False
23.5,-0.425,-0.025062780704998733,False
23.625,-0.425,-0.021859164466366595,False
23.75,-0.425,-0.01145254377258381,False
23.875,-0.425,0.0015577068852146818,False
24.0,-0.425,0.012662745934474992,False
24.125,-0.425,0.01874029936860519,False
24.25,-0.425,0.018778011183986133,False
24.375,-0.425,0.013854746277879946,False
24.5,-0.425,0.006464984173813203,False
24.625,-0.425,-0.0005232037111688606,False
24.75,-0.425,-0.004893895151771686,False
24.875,-0.425,-0.005752448531053357,False
25.0,-0.425,-0.00364977405080708,False
25.125,-0.425,-0.00017596666211297648,False
25.25,-0.425,0.0027811774780530174,False
25.375,-0.425,0.0038164772638618226,False
25.5,-0.425,0.0025385083221994365,False
25.625,-0.425,-0.0003288207510340419,False
25.75,-0.425,-0.0032900674192340726,False
25.875,-0.425,-0.004720968992217474,False
26.0,-0.425,-0.003559413595892585,False
26.125,-0.425,0.00021818303173954529,False
26.25,-0.425,0.005516521778747798,False
26.375,-0.425,0.010473746220411188,False
26.5,-0.425,0.013126285816302794,False
26.625,-0.425,0.012151840511814458,False
26.75,-0.425,0.007424088480879642,False
26.875,-0.425,0.0001739424431324594,False
27.0,-0.425,-0.007314312989217519,False
27.125,-0.425,-0.01238386870074981,False
27.25,-0.425,-0.012844151485756749,False
27.375,-0.425,-0.0076916719022006395,False
27.5,-0.425,0.0025257334945938507,False
27.625,-0.425,0.015821819693841083,False
27.75,-0.425,0.029324441836424225,False
27.875,-0.425,0.040086700454149866,False
28.0,-0.425,0.04589613831879848,False
28.125,-0.425,0.04583145413794256,False
28.25,-0.425,0.04040976218949777,False
28.375,-0.425,0.031309000807600004,False
28.5,-0.425,0.020788347577916318,False
28.625,-0.425,0.011016448403848975,False
28.75,-0.425,0.0035257864898144394,False
28.875,-0.425,-0.0010554690557558876,False
29.0,-0.425,-0.0029548674984119514,False
29.125,-0.425,-0.00296335675598389,False
29.25,-0.425,-0.0020435598872727014,False
29.375,-0.425,-0.0009914810630610475,False
29.5,-0.425,-0.00025496497350057604,False
29.625,-0.425,6.806731351984128e-05,False
29.75,-0.425,0.00010308044981905486,False
29.875,-0.425,3.4455245588161035e-05,False
30.0,-0.425,-1.4129885223105746e-05,False
30.125,-0.425,-1.4750384228164997e-05,False
30.25,-0.425,1.2938086325064065e-06,False
30.375,-0.425,3.5580356405699047e-06,False
30.5,-0.425,-3.82510595553768e-06,False
30.625,-0.425,3.49195336360284e-06,False
30.75,-0.425,2.50941546988918e-05,False
30.875,-0.425,3.560595778794781e-06,False
31.0,-0.425,-0.000155512549809245,False
31.125,-0.425,-0.0005045555195233244,False
31.25,-0.425,-0.0009534578920294196,False
31.375,-0.425,-0.0012136479026693477,False
31.5,-0.425,-0.0008464592387216804,False
31.625,-0.425,0.00056962875806622,False
31.75,-0.425,0.003203508941420554,False
31.875,-0.425,0.006771534070981036,False
32.0,-0.425,0.010487226010213398,False
32.125,-0.425,0.013228507689466276,False
32.25,-0.425,0.01390089702364796,False
32.375,-0.425,0.011878783507329377,False
32.5,-0.425,0.007348628692295793,False
32.625,-0.425,0.0013904862565181902,False
32.75,-0.425,-0.004278482550108357,False
32.875,-0.425,-0.007842639506544933,False
33.0,-0.425,-0.008028857590215049,False
33.125,-0.425,-0.004608980458429208,False
33.25,-0.425,0.0014436071998801814,False
33.375,-0.425,0.008229189058570442,False
33.5,-0.425,0.013549937281355284,False
33.625,-0.425,0.01567019877799637,False
33.75,-0.425,0.013927688373403156,False
33.875,-0.425,0.008963881944620137,False
34.0,-0.425,0.0024841497680981248,False
34.125,-0.425,-0.003362336397167471,False
34.25,-0.425,-0.006747874444683223,False
34.375,-0.425,-0.006789287677683157,False
34.5,-0.425,-0.003802087021480649,False
34.625,-0.425,0.0008929723183390423,False
34.75,-0.425,0.005515390636921903,False
34.875,-0.425,0.008496752884815745,False
35.0,-0.425,0.009017559493356664,False
35.125,-0.425,0.007216939820789336,False
35.25,-0.425,0.004024156579137273,False
35.375,-0.425,0.0007127413756353607,False
35.5,-0.425,-0.001621373071701242,False
35.625,-0.425,-0.0024448632390670524,False
35.75,-0.425,-0.0018982641288350444,False
35.875,-0.425,-0.0006219914331369438,False
36.0,-0.425,0.0005956046295492977,False
36.125,-0.425,0.0011782857982813048,False
36.25,-0.425,0.0009756251336625034,False
36.375,-0.425,0.0002561525009718842,False
36.5,-0.425,-0.0004894657609223191,False
36.625,-0.425,-0.0008232132063751712,False
36.75,-0.425,-0.0005764969737863559,False
36.875,-0.425,8.755368429232314e-05,False
37.0,-0.425,0.0007824587284938805,False
37.125,-0.425,0.0011120856348695318,False
37.25,-0.425,0.000878915116397083,False
37.375,-0.425,0.00018535325091711144,False
37.5,-0.425,-0.000617133070390837,False
37.625,-0.425,-0.001101672684237131,False
37.75,-0.425,-0.0009757306112286051,False
37.875,-0.425,-0.00022597089645705044,False
38.0,-0.425,0.0008692341280332585,False
38.125,-0.425,0.0018634384748472423,False
38.25,-0.425,0.0023424468458847366,False
38.375,-0.425,0.002108167946725956,False
38.5,-0.425,0.0012629792655991024,False
38.625,-0.425,0.0001592367641183454,False
38.75,-0.425,-0.0007594541292671865,False
38.875,-0.425,-0.0011509786573785175,False
39.0,-0.425,-0.0009149384230676305,False
39.125,-0.425,-0.00022088906469376612,False
39.25,-0.425,0.000582395611803813,False
39.375,-0.425,0.0011304309141334185,False
39.5,-0.425,0.0012030955694600361,False
39.625,-0.425,0.0008105702428738377,False
39.75,-0.425,0.00017122661314865166,False
39.875,-0.425,-0.0004023970805536463,False
40.0,-0.425,-0.0006531374724782953,False
40.125,-0.425,-0.0004948858401170671,False
40.25,-0.425,-4.372493386412045e-05,False
40.375,-0.425,0.0004457382905940836,False
40.5,-0.425,0.0007060664687336599,False
40.625,-0.425,0.0005855336545105253,False
40.75,-0.425,0.00012143024063434622,False
40.875,-0.425,-0.000473239926463047,False
41.0,-0.425,-0.0009017538324663592,False
41.125,-0.425,-0.0009124057749555245,False
41.25,-0.425,-0.00040776871520175825,False
41.375,-0.425,0.0005111730533142411,False
41.5,-0.425,0.0015822479138011376,False
41.625,-0.425,0.0024823040963901284,False
41.75,-0.425,0.0029472159969990237,False
41.875,-0.425,0.0028632199624229185,False
42.0,-0.425,0.002296091535780234,False
42.125,-0.425,0.0014520826458060882,False
42.25,-0.425,0.0005919909565583023,False
42.375,-0.425,-6.404414794655385e-05,False
42.5,-0.425,-0.00040396160606320493,False
42.625,-0.425,-0.0004416678438672411,False
42.75,-0.425,-0.0002858347521028716,False
42.875,-0.425,-7.924617366969461e-05,False
43.0,-0.425,6.292645125809505e-05,False
43.125,-0.425,9.148086983201776e-05,False
43.25,-0.425,2.703277572015369e-05,False
43.375,-0.425,-6.591996864425948e-05,False
43.5,-0.425,-0.00011851130837437557,False
43.625,-0.425,-9.143958158181221e-05,False
43.75,-0.425,1.0295262487695935e-05,False
43.875,-0.425,0.00014504102282163664,False
44.0,-0.425,0.00025758539598807985,False
44.125,-0.425,0.00030517864426533474,False
44.25,-0.425,0.00027465694017463424,False
44.375,-0.425,0.00018451451666832712,False
44.5,-0.425,7.322802984722193e-05,False
44.625,-0.425,-1.9125908247501002e-05,False
44.75,-0.425,-6.711369638121556e-05,False
44.875,-0.425,-6.749588756256076e-05,False
45.0,-0.425,-3.629019907586323e-05,False
45.125,-0.425,1.6798149136577962e-06,False
45.25,-0.425,2.5056421817816403e-05,False
45.375,-0.425,2.451677127628845e-05,False
45.5,-0.425,4.6282220861124604e-06,False
45.625,-0.425,-2.0642986505100495e-05,False
45.75,-0.425,-3.575951665435219e-05,False
45.875,-0.425,-3.0868178880582035e-05,False
46.0,-0.425,-5.498567919901465e-06,False
46.125,-0.425,3.2252353876087845e-05,False
46.25,-0.425,6.99447838670839e-05,False
46.375,-0.425,9.611066004135776e-05,False
46.5,-0.425,0.00010432583186480393,False
46.625,-0.425,9.46645339346734e-05,False
46.75,-0.425,7.249000850715553e-05,False
46.875,-0.425,4.560236885906296e-05,False
47.0,-0.425,2.1182310209020548e-05,False
47.125,-0.425,3.7100684274376223e-06,False
47.25,-0.425,-5.631070434759688e-06,False
47.375,-0.425,-8.26136993229913e-06,False
47.5,-0.425,-6.85487555294387e-06,False
47.625,-0.425,-4.030105464410422e-06,False
47.75,-0.425,-1.5441304528557117e-06,False
47.875,-0.425,-1.0542396237954797e-07,False
48.0,-0.425,3.6063681813939947e-07,False
48.125,-0.425,2.7755297312808354e-07,False
48.25,-0.425,5.6804543125129684e-08,False
48.375,-0.425,-7.616322863266287e-08,False
48.5,-0.425,-8.307835549197298e-08,False
48.625,-0.425,-2.497406020657334e-08,False
48.75,-0.425,2.8445692546271747e-08,False
48.875,-0.425,4.529419668889019e-08,False
49.0,-0.425,3.174583544206194e-08,False
49.125,-0.425,9.447121315663614e-09,False
49.25,-0.425,-5.238507159470577e-09,False
49.375,-0.425,-8.537598674329625e-09,False
49.5,-0.425,-5.198083261935055e-09,False
49.625,-0.425,-1.1643060126332653e-09,False
49.75,-0.425,7.216053992232912e-10,False
49.875,-0.425,7.289940009397819e-10,False
50.0,-0.425,1.87773675131238e-10,False
50.125,-0.425,-9.772649433940889e-11,False
50.25,-0.425,-9.062382588428018e-11,False
50.375,-0.425,-2.0538147415189984e-11,False
50.5,-0.425,3.5313468492750914e-12,False
50.625,-0.425,1.9031593743870452e-12,False
50.75,-0.425,3.778604783645695e-13,False
50.875,-0.425,1.7227659449519583e-12,False
51.0,-0.425,1.0635634207787036e-11,False
51.125,-0.425,5.5090329446097855e-12,False
51.25,-0.425,-6.996727015197684e-11,False
51.375,-0.425,-1.6562760346509992e-10,False
51.5,-0.425,1.1195271608469446e-11,False
51.625,-0.425,6.964757218516051e-10,False
51.75,-0.425,1.2495559961626518e-09,False
51.875,-0.425,-2.8816643792369385e-10,False
52.0,-0.425,-5.775012094624193e-09,False
52.125,-0.425,-1.3415076372503104e-08,False
52.25,-0.425,-1.482446867896136e-08,False
52.375,-0.425,2.120367564867452e-09,False
52.5,-0.425,4.158782136693056e-08,False
52.625,-0.425,8.455508597738527e-08,False
52.75,-0.425,8.58356725051468e-08,False
52.875,-0.425,1.4285064884759337e-09,False
53.0,-0.425,-1.5257051291494977e-07,False
53.125,-0.425,-2.4496639380786487e-07,False
53.25,-0.425,-5.254385110839911e-08,False
53.375,-0.425,5.590291750415965e-07,False
53.5,-0.425,1.2798017975290473e-06,False
53.625,-0.425,9.48628694697575e-07,False
53.75,-0.425,-2.610337975441959e-06,False
53.875,-0.425,-1.210718248959646e-05,False
54.0,-0.425,-2.93408289568412e-05,False
54.125,-0.425,-5.2806979702571926e-05,False
54.25,-0.425,-7.49361409319733e-05,False
54.375,-0.425,-8.012672144169328e-05,False
54.5,-0.425,-4.505385366521567e-05,False
54.625,-0.425,5.7522503560805314e-05,False
54.75,-0.425,0.00025119481382488763,False
54.875,-0.425,0.0005458563824889172,False
55.0,-0.425,0.0009280158113133066,False
55.125,-0.425,0.0013552993616334542,False
55.25,-0.425,0.0017586732430672288,False
55.375,-0.425,0.002054100544271327,False
55.5,-0.425,0.0021623199115689746,False
55.625,-0.425,0.00203211148349204,False
55.75,-0.425,0.001660060652360967,False
55.875,-0.425,0.0010995841259111446,False
56.0,-0.425,0.00045436408478090296,False
56.125,-0.425,-0.0001440920937771377,False
56.25,-0.425,-0.0005696638714018033,False
56.375,-0.425,-0.0007362040096107639,False
56.5,-0.425,-0.0006226382494967612,False
56.625,-0.425,-0.00027994566628542584,False
56.75,-0.425,0.00018314959798590674,False
56.875,-0.425,0.0006319779041443664,False
57.0,-0.425,0.0009453883262539629,False
57.125,-0.425,0.0010502129935730448,False
57.25,-0.425,0.0009396007192035944,False
57.375,-0.425,0.0006695826691879359,False
57.5,-0.425,0.00033576889935378195,False
57.625,-0.425,3.8915502825188295e-05,False
57.75,-0.425,-0.00014827475298025917,False
57.875,-0.425,-0.000201677755109755,False
58.0,-0.425,-0.000147230857687663,False
58.125,-0.425,-4.425252192811178e-05,False
58.25,-0.425,4.18801646316017e-05,False
58.375,-0.425,6.663860048115346e-05,False
58.5,-0.425,2.2589429864790424e-05,False
58.625,-0.425,-6.057802957841516e-05,False
58.75,-0.425,-0.0001312100416601718,False
58.875,-0.425,-0.0001391405079982975,False
59.0,-0.425,-5.7670724182837146e-05,False
59.125,-0.425,0.0001045983796436261,False
59.25,-0.425,0.0003063270848929133,False
59.375,-0.425,0.0004887826492989002,False
59.5,-0.425,0.0005974633519086631,False
59.625,-0.425,0.0006014220138175505,False
59.75,-0.425,0.0005031069780133243,False
59.875,-0.425,0.0003356323919052306,False
60.0,-0.425,0.00014938995068719101,False
10.0,-0.4125,0.08234200597101125,False
10.125,-0.4125,0.21107529071013054,False
10.25,-0.4125,0.20853630287669803,False
10.375,-0.4125,0.10333525175404265,False
10.5,-0.4125,-0.03468376568041508,False
10.625,-0.4125,-0.13080587468717134,False
10.75,-0.4125,-0.1391876995894949,False
10.875,-0.4125,-0.06021492125150992,False
11.0,-0.4125,0.0641743737910915,False
11.125,-0.4125,0.17307296517466714,False
11.25,-0.4125,0.21572983964775666,False
11.375,-0.4125,0.17400036130579613,False
11.5,-0.4125,0.06881649467530623,False
11.625,-0.4125,-0.051031663049976986,False
11.75,-0.4125,-0.1317339382500807,False
11.875,-0.4125,-0.13823002301585943,False
12.0,-0.4125,-0.06852974308526039,False
12.125,-0.4125,0.047031370324150626,False
12.25,-0.4125,0.16034160783776463,False
12.375,-0.4125,0.22673314638411005,False
12.5,-0.4125,0.22333706841954828,False
12.625,-0.4125,0.15692116868920467,False
12.75,-0.4125,0.0586260174203613,False
12.875,-0.4125,-0.031146599561494626,False
13.0,-0.4125,-0.08042230168096769,False
13.125,-0.4125,-0.07808504296804418,False
13.25,-0.4125,-0.03611701951869725,False
13.375,-0.4125,0.018428086651551188,False
13.5,-0.4125,0.05725494762502529,False
13.625,-0.4125,0.06376529971060307,False
13.75,-0.4125,0.039331101579685966,False
13.875,-0.4125,0.0005850374922297327,False
14.0,-0.4125,-0.030305684431882696,False
14.125,-0.4125,-0.03729321602372162,False
14.25,-0.4125,-0.018334724593969214,False
14.375,-0.4125,0.01412652832741374,False
14.5,-0.4125,0.04006000020344313,False
14.625,-0.4125,0.04258500254049256,False
14.75,-0.4125,0.017243067093810696,False
14.875,-0.4125,-0.02474685096250172,False
15.0,-0.4125,-0.06094604514741977,False
15.125,-0.4125,-0.06794664793679157,False
15.25,-0.4125,-0.03277534868835797,False
15.375,-0.4125,0.03979790599971832,False
15.5,-0.4125,0.12754168588640907,False
15.625,-0.4125,0.19881705044294423,False
15.75,-0.4125,0.22518074440403876,False
15.875,-0.4125,0.19330004724133124,False
16.0,-0.4125,0.11116794181752228,False
16.125,-0.4125,0.005947535248549754,False
16.25,-0.4125,-0.08579093375145537,False
16.375,-0.4125,-0.13160021853943565,False
16.5,-0.4125,-0.11515153332176209,False
16.625,-0.4125,-0.042095159325249376,False
16.75,-0.4125,0.062308083065857806,False
16.875,-0.4125,0.1626434928093997,False
17.0,-0.4125,0.22609748754893622,False
17.125,-0.4125,0.23366858849992356,False
17.25,-0.4125,0.18585121122017317,False
17.375,-0.4125,0.10112087314420035,False
17.5,-0.4125,0.008318461355163509,False
17.625,-0.4125,-0.06383801515640827,False
17.75,-0.4125,-0.09614790776986412,False
17.875,-0.4125,-0.08406455187837296,False
18.0,-0.4125,-0.037291548570744626,False
18.125,-0.4125,0.025309605770974457,False
18.25,-0.4125,0.08309301699005553,False
18.375,-0.4125,0.12040821891457028,False
18.5,-0.4125,0.13056163476033156,False
18.625,-0.4125,0.11609925066839583,False
18.75,-0.4125,0.08600804446351426,False
18.875,-0.4125,0.05142092988827747,False
19.0,-0.4125,0.021631839480698363,False
19.125,-0.4125,0.0017348678780820907,False
19.25,-0.4125,-0.0076842238258329545,False
19.375,-0.4125,-0.009234818375000155,False
19.5,-0.4125,-0.006717955750958692,False
19.625,-0.4125,-0.00338257454134721,False
19.75,-0.4125,-0.0010259151135517386,False
19.875,-0.4125,-1.0666831381835577e-05,False
20.0,-0.4125,0.00013582085573479743,False
20.125,-0.4125,2.4803531507525234e-05,False
20.25,-0.4125,-1.70240683509573e-05,False
20.375,-0.4125,1.328289350105927e-05,False
20.5,-0.4125,4.174162385584904e-06,False
20.625,-0.4125,-5.639370537842948e-05,False
20.75,-0.4125,-4.548967005892118e-05,False
20.875,-0.4125,0.00013476064601708097,False
21.0,-0.4125,0.00034526834069541294,False
21.125,-0.4125,0.00014755427691729995,False
21.25,-0.4125,-0.0009859021360748988,False
21.375,-0.4125,-0.0032346792523984752,False
21.5,-0.4125,-0.0059786707469067415,False
21.625,-0.4125,-0.007610426583075542,False
21.75,-0.4125,-0.005812292483776652,False
21.875,-0.4125,0.0016981840690800977,False
22.0,-0.4125,0.01618090057166824,False
22.125,-0.4125,0.03702554236994576,False
22.25,-0.4125,0.06142799780727087,False
22.375,-0.4125,0.08481199695599606,False
22.5,-0.4125,0.10194628503004464,False
22.625,-0.4125,0.10843505640150979,False
22.75,-0.4125,0.10209441630266851,False
22.875,-0.4125,0.08373842366645064,False
23.0,-0.4125,0.05708464925557877,False
23.125,-0.4125,0.027783683382797367,False
23.25,-0.4125,0.0018721484188575117,False
23.375,-0.4125,-0.015861317173599662,False
23.5,-0.4125,-0.023087832106982616,False
23.625,-0.4125,-0.020370713938113294,False
23.75,-0.4125,-0.010726801725144036,False
23.875,-0.4125,0.0014921628269405733,False
24.0,-0.4125,0.012002628544001857,False
24.125,-0.4125,0.01781936876590387,False
24.25,-0.4125,0.017946822035890767,False
24.375,-0.4125,0.01336971328973647,False
24.5,-0.4125,0.006421383445219764,False
24.625,-0.4125,-0.0001972188811672597,False
24.75,-0.4125,-0.004386889943849705,False
24.875,-0.4125,-0.005285882649689727,False
25.0,-0.4125,-0.0033928761204322228,False
25.125,-0.4125,-0.00018903504901097664,False
25.25,-0.4125,0.0025575969654613936,False
25.375,-0.4125,0.0035264342528558475,False
25.5,-0.4125,0.0023456403588887373,False
25.625,-0.4125,-0.00031034009923662184,False
25.75,-0.4125,-0.003042643353287276,False
25.875,-0.4125,-0.004331724258836475,False
26.0,-0.4125,-0.003186939517264924,False
26.125,-0.4125,0.0004057897641665761,False
26.25,-0.4125,0.005409344774173954,False
26.375,-0.4125,0.01006839682603409,False
26.5,-0.4125,0.012536642068032587,False
26.625,-0.4125,0.011577132590307538,False
26.75,-0.4125,0.007084335477411206,False
26.875,-0.4125,0.00023440090502141117,False
27.0,-0.4125,-0.006803811757243536,False
27.125,-0.4125,-0.011513520615954318,False
27.25,-0.4125,-0.011823576324934111,False
27.375,-0.4125,-0.00679017063018712,False
27.5,-0.4125,0.0030588484872752803,False
27.625,-0.4125,0.015831050985498033,False
27.75,-0.4125,0.02879255627744372,False
27.875,-0.4125,0.03913641236453331,False
28.0,-0.4125,0.04475003857693189,False
28.125,-0.4125,0.04474476731805862,False
28.25,-0.4125,0.03959857919519871,False
28.375,-0.4125,0.03089661828108317,False
28.5,-0.4125,0.020784657233219605,False
28.625,-0.4125,0.011333114328418568,False
28.75,-0.4125,0.004017857658923512,False
28.875,-0.4125,-0.0005385283296964541,False
29.0,-0.4125,-0.0025266054240970512,False
29.125,-0.4125,-0.0026785033162467576,False
29.25,-0.4125,-0.0018999515976268904,False
29.375,-0.4125,-0.0009497501050539734,False
29.5,-0.4125,-0.0002647021388037505,False
29.625,-0.4125,4.697367237646391e-05,False
29.75,-0.4125,9.070946560249323e-05,False
29.875,-0.4125,3.304446957321242e-05,False
30.0,-0.4125,-1.1030384306794556e-05,False
30.125,-0.4125,-1.3027544193084239e-05,False
30.25,-0.4125,6.430666235223707e-07,False
30.375,-0.4125,2.9234842031215048e-06,False
30.5,-0.4125,-3.0042927233586487e-06,False
30.625,-0.4125,3.616027053098591e-06,False
30.75,-0.4125,2.0788982577495782e-05,False
30.875,-0.4125,-4.521288428663365e-06,False
31.0,-0.4125,-0.0001565978124173455,False
31.125,-0.4125,-0.0004775117682895424,False
31.25,-0.4125,-0.0008750084862707438,False
31.375,-0.4125,-0.0010731803882495278,False
31.5,-0.4125,-0.0006607005766005392,False
31.625,-0.4125,0.0007508901406002256,False
31.75,-0.4125,0.0033070734904471024,False
31.875,-0.4125,0.006725773577958551,False
32.0,-0.4125,0.010254473792142112,False
32.125,-0.4125,0.012831387874973114,False
32.25,-0.4125,0.01342906921356731,False
32.375,-0.4125,0.011468921727615369,False
32.5,-0.4125,0.007141160519992756,False
32.625,-0.4125,0.0014773516532940309,False
32.75,-0.4125,-0.003894888204119085,False
32.875,-0.4125,-0.007261283791007939,False
33.0,-0.4125,-0.007424638352187524,False
33.125,-0.4125,-0.00417641430691139,False
33.25,-0.4125,0.0015582438495437122,False
33.375,-0.4125,0.007981965377509892,False
33.5,-0.4125,0.013018265481084035,False
33.625,-0.4125,0.015028120533871678,False
33.75,-0.4125,0.013385546174092702,False
33.875,-0.4125,0.008694439621112974,False
34.0,-0.4125,0.0025627311992657787,False
34.125,-0.4125,-0.0029814349672640976,False
34.25,-0.4125,-0.006210512025735984,False
34.375,-0.4125,-0.0062851248410372255,False
34.5,-0.4125,-0.0034950827457991187,False
34.625,-0.4125,0.0009206232626613529,False
34.75,-0.4125,0.005285610019799982,False
34.875,-0.4125,0.008117983040440513,False
35.0,-0.4125,0.008636794293337524,False
35.125,-0.4125,0.0069621071482370124,False
35.25,-0.4125,0.00395979674086978,False
35.375,-0.4125,0.0008248229057405184,False
35.5,-0.4125,-0.0014086099020758848,False
35.625,-0.4125,-0.002230241787291143,False
35.75,-0.4125,-0.0017612183748091348,False
35.875,-0.4125,-0.0005940545546002012,False
36.0,-0.4125,0.0005353082126563265,False
36.125,-0.4125,0.0010846783779984385,False
36.25,-0.4125,0.0009072301302886788,False
36.375,-0.4125,0.00024743092197202193,False
36.5,-0.4125,-0.00044093605633928806,False
36.625,-0.4125,-0.0007505412515711707,False
36.75,-0.4125,-0.0005231473595054466,False
36.875,-0.4125,9.126821066411965e-05,False
37.0,-0.4125,0.0007345241285980455,False
37.125,-0.4125,0.0010388264537827918,False
37.25,-0.4125,0.0008207812484802966,False
37.375,-0.4125,0.00017604035511033234,False
37.5,-0.4125,-0.0005678383394941172,False
37.625,-0.4125,-0.0010131401324940106,False
37.75,-0.4125,-0.0008875869685165429,False
37.875,-0.4125,-0.00017955786798328334,False
38.0,-0.4125,0.0008501532930957084,False
38.125,-0.4125,0.0017837321004780175,False
38.25,-0.4125,0.0022334923047550074,False
38.375,-0.4125,0.002013802661267519,False
38.5,-0.4125,0.00122017117228049,False
38.625,-0.4125,0.0001822979910214885,False
38.75,-0.4125,-0.0006841886644760405,False
38.875,-0.4125,-0.0010580380347176518,False
39.0,-0.4125,-0.0008438331939983601,False
39.125,-0.4125,-0.0001988727097572211,False
39.25,-0.4125,0.0005512480159567555,False
39.375,-0.4125,0.00106533686527923,False
39.5,-0.4125,0.0011364174054119738,False
39.625,-0.4125,0.0007724922968150618,False
39.75,-0.4125,0.00017638381462659525,False
39.875,-0.4125,-0.0003604610118792451,False
40.0,-0.4125,-0.0005976157139649373,False
40.125,-0.4125,-0.00045393329099443927,False
40.25,-0.4125,-3.694586979304513e-05,False
40.375,-0.4125,0.000416342178915572,False
40.5,-0.4125,0.0006567619668369233,False
40.625,-0.4125,0.0005431184421968936,False
40.75,-0.4125,0.00011080814790708746,False
40.875,-0.4125,-0.0004405300745244817,False
41.0,-0.4125,-0.0008330486008037648,False
41.125,-0.4125,-0.0008312383155037796,False
41.25,-0.4125,-0.0003443740753433489,False
41.375,-0.4125,0.000531968299493731,False
41.5,-0.4125,0.0015506612972370872,False
41.625,-0.4125,0.0024069682280143515,False
41.75,-0.4125,0.0028512880555107587,False
41.875,-0.4125,0.0027752389304034285,False
42.0,-0.4125,0.0022395422617683567,False
42.125,-0.4125,0.0014377995934341421,False
42.25,-0.4125,0.0006160193569036248,False
42.375,-0.4125,-1.6932124091635398e-05,False
42.5,-0.4125,-0.00035313922867174515,False
42.625,-0.4125,-0.0004031229694485836,False
42.75,-0.4125,-0.0002671785649735214,False
42.875,-0.4125,-7.878898334102084e-05,False
43.0,-0.4125,5.334599796047881e-05,False
43.125,-0.4125,8.168170196806601e-05,False
43.25,-0.4125,2.3982323039213284e-05,False
43.375,-0.4125,-6.051743649631371e-05,False
43.5,-0.4125,-0.00010789966271809354,False
43.625,-0.4125,-8.138461438556398e-05,False
43.75,-0.4125,1.4637109600545466e-05,False
43.875,-0.4125,0.00014148212714813895,False
44.0,-0.4125,0.0002475875528614354,False
44.125,-0.4125,0.00029281660294482585,False
44.25,-0.4125,0.00026457604177092074,False
44.375,-0.4125,0.00017991941111943484,False
44.5,-0.4125,7.476662990668167e-05,False
44.625,-0.4125,-1.3238496716541214e-05,False
44.75,-0.4125,-5.9973823474339516e-05,False
44.875,-0.4125,-6.202548432001671e-05,False
45.0,-0.4125,-3.407486413778552e-05,False
45.125,-0.4125,7.900439089018517e-07,False
45.25,-0.4125,2.254270621919082e-05,False
45.375,-0.4125,2.229242207659193e-05,False
45.5,-0.4125,4.1126840931090735e-06,False
45.625,-0.4125,-1.907785563594466e-05,False
45.75,-0.4125,-3.279899679361278e-05,False
45.875,-0.4125,-2.780915444112582e-05,False
46.0,-0.4125,-3.6147014132707264e-06,False
46.125,-0.4125,3.22368617001006e-05,False
46.25,-0.4125,6.80744869266933e-05,False
46.375,-0.4125,9.307681775121623e-05,False
46.5,-0.4125,0.00010111510078309873,False
46.625,-0.4125,9.216116737363393e-05,False
46.75,-0.4125,7.119510875864075e-05,False
46.875,-0.4125,4.5551768621750744e-05,False
47.0,-0.4125,2.2047949899919408e-05,False
47.125,-0.4125,5.001849859389163e-06,False
47.25,-0.4125,-4.3637617618823146e-06,False
47.375,-0.4125,-7.30204694562241e-06,False
47.5,-0.4125,-6.290478889083601e-06,False
47.625,-0.4125,-3.798900123294823e-06,False
47.75,-0.4125,-1.5169546040515383e-06,False
47.875,-0.4125,-1.5809534321796224e-07,False
48.0,-0.4125,3.0755205832721716e-07,False
48.125,-0.4125,2.535475122198316e-07,False
48.25,-0.4125,5.7964740825615745e-08,False
48.375,-0.4125,-6.549651748620233e-08,False
48.5,-0.4125,-7.518662113798313e-08,False
48.625,-0.4125,-2.3714963259339948e-08,False
48.75,-0.4125,2.5375402420348765e-08,False
48.875,-0.4125,4.177716547400115e-08,False
49.0,-0.4125,3.007884061476664e-08,False
49.125,-0.4125,9.713940162452703e-09,False
49.25,-0.4125,-4.135037224972586e-09,False
49.375,-0.4125,-7.624405920154611e-09,False
49.5,-0.4125,-4.845606576422443e-09,False
49.625,-0.4125,-1.2088095375264612e-09,False
49.75,-0.4125,5.800831884437424e-10,False
49.875,-0.4125,6.563922018367501e-10,False
50.0,-0.4125,1.8906795585868755e-10,False
50.125,-0.4125,-7.671908033753811e-11,False
50.25,-0.4125,-8.121348687053756e-11,False
50.375,-0.4125,-2.1122490436427335e-11,False
50.5,-0.4125,2.031705344907807e-12,False
50.625,-0.4125,1.6755034640689414e-12,False
50.75,-0.4125,4.551882727477403e-13,False
50.875,-0.4125,1.8745172784679765e-12,False
51.0,-0.4125,9.17311322684494e-12,False
51.125,-0.4125,2.018658571275424e-12,False
51.25,-0.4125,-6.587376537704966e-11,False
51.375,-0.4125,-1.4159084015803197e-10,False
51.5,-0.4125,3.457363142191947e-11,False
51.625,-0.4125,6.437079206465102e-10,False
51.75,-0.4125,1.0613411832572975e-09,False
51.875,-0.4125,-4.805724975912746e-10,False
52.0,-0.4125,-5.534429471275228e-09,False
52.125,-0.4125,-1.2219095523006388e-08,False
52.25,-0.4125,-1.2728136681339e-08,False
52.375,-0.4125,3.782618895984363e-09,False
52.5,-0.4125,4.037585637143304e-08,False
52.625,-0.4125,7.87604030849965e-08,False
52.75,-0.4125,7.752740055408788e-08,False
52.875,-0.4125,-1.7642681392276868e-09,False
53.0,-0.4125,-1.4071766284686716e-07,False
53.125,-0.4125,-2.1639349937790238e-07,False
53.25,-0.4125,-2.8296741635787793e-08,False
53.375,-0.4125,5.28718778923331e-07,False
53.5,-0.4125,1.1356969706902823e-06,False
53.625,-0.4125,6.861124706263098e-07,False
53.75,-0.4125,-2.8332884797671127e-06,False
53.875,-0.4125,-1.1846200093450208e-05,False
54.0,-0.4125,-2.7787417135751684e-05,False
54.125,-0.4125,-4.88382581576452e-05,False
54.25,-0.4125,-6.735985608503544e-05,False
54.375,-0.4125,-6.813173580960956e-05,False
54.5,-0.4125,-2.8782694003469015e-05,False
54.625,-0.4125,7.646201131652426e-05,False
54.75,-0.4125,0.00026952152114694276,False
54.875,-0.4125,0.0005589298458658073,False
55.0,-0.4125,0.0009307621586510496,False
55.125,-0.4125,0.001343626586078166,False
55.25,-0.4125,0.0017310227244560843,False
55.375,-0.4125,0.0020126241854430005,False
55.5,-0.4125,0.0021131732167511343,False
55.625,-0.4125,0.001984551169221912,False
55.75,-0.4125,0.0016243966773628888,False
55.875,-0.4125,0.0010844520560934717,False
56.0,-0.4125,0.00046410333234272295,False
56.125,-0.4125,-0.00011108435057564811,False
56.25,-0.4125,-0.0005209522408701804,False
56.375,-0.4125,-0.0006835380731448535,False
56.5,-0.4125,-0.0005788044078278928,False
56.625,-0.4125,-0.0002551724698293096,False
56.75,-0.4125,0.00018409645980948337,False
56.875,-0.4125,0.0006110520654231787,False
57.0,-0.4125,0.0009104376421165593,False
57.125,-0.4125,0.0010123395435994934,False
57.25,-0.4125,0.0009095963537689337,False
57.375,-0.4125,0.0006546468651449383,False
57.5,-0.4125,0.0003376019214163551,False
57.625,-0.4125,5.3773391682865844e-05,False
57.75,-0.4125,-0.0001276891090016966,False
57.875,-0.4125,-0.00018326486067734833,False
58.0,-0.4125,-0.0001366115108982028,False
58.125,-0.4125,-4.299590226329307e-05,False
58.25,-0.4125,3.634099074790987e-05,False
58.375,-0.4125,5.949341637865336e-05,False
58.5,-0.4125,1.9231222974454312e-05,False
58.625,-0.4125,-5.687947262035574e-05,False
58.75,-0.4125,-0.00012063416598956592,False
58.875,-0.4125,-0.00012517420050541932,False
59.0,-0.4125,-4.563039394194034e-05,False
59.125,-0.4125,0.00010973295146651143,False
59.25,-0.4125,0.00030188430160903314,False
59.375,-0.4125,0.0004754168451613468,False
59.5,-0.4125,0.0005788728322824789,False
59.625,-0.4125,0.0005829447364107732,False
59.75,-0.4125,0.0004897917330974582,False
59.875,-0.4125,0.0003305427079760796,False
60.0,-0.4125,0.0001527520916183573,False
10.0,-0.4,0.07381162253577245,False
10.125,-0.4,0.1951333227329866,False
10.25,-0.4,0.19460046826390945,False
10.375,-0.4,0.09801533664745388,False
10.5,-0.4,-0.029867501180837717,False
10.625,-0.4,-0.1193169561062801,False
10.75,-0.4,-0.12728420418565092,False
10.875,-0.4,-0.053810120098572965,False
11.0,-0.4,0.06217684803589924,False
11.125,-0.4,0.16387166963643907,False
11.25,-0.4,0.20380979623848494,False
11.375,-0.4,0.1649169164135569,False
11.5,-0.4,0.06664971482722779,False
11.625,-0.4,-0.04541782385587328,False
11.75,-0.4,-0.12092163763488936,False
11.875,-0.4,-0.1269627769798755,False
12.0,-0.4,-0.06156483636833659,False
12.125,-0.4,0.04695111195832907,False
12.25,-0.4,0.1535305587830268,False
12.375,-0.4,0.21623676906046552,False
12.5,-0.4,0.21346992095978207,False
12.625,-0.4,0.15137596548736654,False
12.75,-0.4,0.05899589346652733,False
12.875,-0.4,-0.0258302939374737,False
13.0,-0.4,-0.07301957478023532,False
13.125,-0.4,-0.07192909206373428,False
13.25,-0.4,-0.03353060981988468,False
13.375,-0.4,0.017023832239039825,False
13.5,-0.4,0.05329555508238556,False
13.625,-0.4,0.05966317930826517,False
13.75,-0.4,0.03723169633994528,False
13.875,-0.4,0.001361908210488965,False
14.0,-0.4,-0.027363998607343915,False
14.125,-0.4,-0.03400056238757402,False
14.25,-0.4,-0.016603347781438602,False
14.375,-0.4,0.01330311331827795,False
14.5,-0.4,0.037140703730769734,False
14.625,-0.4,0.03927728413834337,False
14.75,-0.4,0.015661800334842532,False
14.875,-0.4,-0.023156427382352185,False
15.0,-0.4,-0.05620854138713735,False
15.125,-0.4,-0.061692364424807106,False
15.25,-0.4,-0.027625672585148628,False
15.375,-0.4,0.04134154583842387,False
15.5,-0.4,0.12422443055555518,False
15.625,-0.4,0.19127706592256621,False
15.75,-0.4,0.2158210947145477,False
15.875,-0.4,0.18541935685182515,False
16.0,-0.4,0.10769552849730471,False
16.125,-0.4,0.008293617780150114,False
16.25,-0.4,-0.07830790807663804,False
16.375,-0.4,-0.12152388059142455,False
16.5,-0.4,-0.10595284448883835,False
16.625,-0.4,-0.03690436979851132,False
16.75,-0.4,0.06181322817434248,False
16.875,-0.4,0.15678264907026532,False
17.0,-0.4,0.21698950620127272,False
17.125,-0.4,0.22440320589254834,False
17.25,-0.4,0.17937146548773966,False
17.375,-0.4,0.09923968670857858,False
17.5,-0.4,0.011209578915991905,False
17.625,-0.4,-0.05753789872364766,False
17.75,-0.4,-0.08872409636159644,False
17.875,-0.4,-0.07786920932072403,False
18.0,-0.4,-0.033975771545300196,False
18.125,-0.4,0.025221740124528706,False
18.25,-0.4,0.08019049116738733,False
18.375,-0.4,0.11601250223956569,False
18.5,-0.4,0.12617205119951846,False
18.625,-0.4,0.11288675315450203,False
18.75,-0.4,0.08452286549863117,False
18.875,-0.4,0.05157134931559419,False
19.0,-0.4,0.02288180048557089,False
19.125,-0.4,0.003399602037587865,False
19.25,-0.4,-0.006174179046572394,False
19.375,-0.4,-0.00818807192738863,False
19.5,-0.4,-0.0061751802418206795,False
19.625,-0.4,-0.0032088807020196676,False
19.75,-0.4,-0.0010349681023580322,False
19.875,-0.4,-5.959027672246397e-05,False
20.0,-0.4,0.00011057773562263368,False
20.125,-0.4,2.4455598596555193e-05,False
20.25,-0.4,-1.317201996039194e-05,False
20.375,-0.4,1.0790588193748766e-05,False
20.5,-0.4,1.803252706009609e-06,False
20.625,-0.4,-4.950065416174724e-05,False
20.75,-0.4,-3.483378811859527e-05,False
20.875,-0.4,0.0001273123709270741,False
21.0,-0.4,0.00030170610795710994,False
21.125,-0.4,8.546184887414085e-05,False
21.25,-0.4,-0.000991662204008796,False
21.375,-0.4,-0.0030605459567894836,False
21.5,-0.4,-0.00549756681408721,False
21.625,-0.4,-0.0067601215081673095,False
21.75,-0.4,-0.004657850590573906,False
21.875,-0.4,0.0029401851900130067,False
22.0,-0.4,0.017176729091048927,False
22.125,-0.4,0.037414728717744095,False
22.25,-0.4,0.06094296922006408,False
22.375,-0.4,0.08338479429002485,False
22.5,-0.4,0.0997609114868414,False
22.625,-0.4,0.10590114606156002,False
22.75,-0.4,0.09974528697769201,False
22.875,-0.4,0.0820838500776163,False
23.0,-0.4,0.056465541837906294,False
23.125,-0.4,0.02827600929497406,False
23.25,-0.4,0.0032709450102477895,False
23.375,-0.4,-0.013973940196224357,False
23.5,-0.4,-0.02121446529809066,False
23.625,-0.4,-0.01895268805518194,False
23.75,-0.4,-0.010026731546196838,False
23.875,-0.4,0.0014448610829775749,False
24.0,-0.4,0.011391206510106201,False
24.125,-0.4,0.016957071511652863,False
24.25,-0.4,0.017163854556555364,False
24.375,-0.4,0.012908699816307889,False
24.5,-0.4,0.006373938657509001,False
24.625,-0.4,0.0001033737365286596,False
24.75,-0.4,-0.00391399619382279,False
24.875,-0.4,-0.00484810124826841,False
25.0,-0.4,-0.003149332187257362,False
25.125,-0.4,-0.00019712654914878758,False
25.25,-0.4,0.0023526413545979395,False
25.375,-0.4,0.0032588183097346907,False
25.5,-0.4,0.00216816758557195,False
25.625,-0.4,-0.00029098927089757083,False
25.75,-0.4,-0.002810120872686241,False
25.875,-0.4,-0.003967684728282591,False
26.0,-0.4,-0.002839878356627754,False
26.125,-0.4,0.0005786485630133128,False
26.25,-0.4,0.005305527421764958,False
26.375,-0.4,0.009685489545917199,False
26.5,-0.4,0.011982272400194668,False
26.625,-0.4,0.0110388886215489,False
26.75,-0.4,0.006769031793758936,False
26.875,-0.4,0.00029705275333069634,False
27.0,-0.4,-0.00631698389704598,False
27.125,-0.4,-0.010688158018506524,False
27.25,-0.4,-0.01085772808592112,False
27.375,-0.4,-0.005938023435227883,False
27.5,-0.4,0.0035619943854451608,False
27.625,-0.4,0.01583832803990354,False
27.75,-0.4,0.028287460114133377,False
27.875,-0.4,0.03823450280121619,False
28.0,-0.4,0.043661325843098654,False
28.125,-0.4,0.043710455403728664,False
28.25,-0.4,0.03882343600063798,False
28.375,-0.4,0.030498257961500252,False
28.5,-0.4,0.020773830938908763,False
28.625,-0.4,0.01162766353593954,False
28.75,-0.4,0.004481628390550535,False
28.875,-0.4,-4.773749889833839e-05,False
29.0,-0.4,-0.002116844999105582,False
29.125,-0.4,-0.002402812863670818,False
29.25,-0.4,-0.0017577684734272944,False
29.375,-0.4,-0.0009050766773532554,False
29.5,-0.4,-0.00027052168169371235,False
29.625,-0.4,2.860557159928032e-05,False
29.75,-0.4,7.929938500438096e-05,False
29.875,-0.4,3.141685248812968e-05,False
30.0,-0.4,-8.400440269097808e-06,False
30.125,-0.4,-1.145876835909995e-05,False
30.25,-0.4,1.373125714267584e-07,False
30.375,-0.4,2.3894037733277712e-06,False
30.5,-0.4,-2.329532143305026e-06,False
30.625,-0.4,3.5855953263447587e-06,False
30.75,-0.4,1.6875483644544037e-05,False
30.875,-0.4,-1.1302627477724081e-05,False
31.0,-0.4,-0.000155876719160002,False
31.125,-0.4,-0.0004495358139468943,False
31.25,-0.4,-0.0007984247639897304,False
31.375,-0.4,-0.0009388306909681482,False
31.5,-0.4,-0.00048514132175056317,False
31.625,-0.4,0.0009203289594627477,False
31.75,-0.4,0.003401592321694684,False
31.875,-0.4,0.006678630481302038,False
32.0,-0.4,0.010031259276618514,False
32.125,-0.4,0.012454449021390807,False
32.25,-0.4,0.01298349619953726,False
32.375,-0.4,0.011083482401928274,False
32.5,-0.4,0.006947586490540407,False
32.625,-0.4,0.001561386044239413,False
32.75,-0.4,-0.0035318029786160303,False
32.875,-0.4,-0.00671282956434547,False
33.0,-0.4,-0.006855537829017502,False
33.125,-0.4,-0.003769486542111635,False
33.25,-0.4,0.0016657399446950785,False
33.375,-0.4,0.007749000870384344,False
33.5,-0.4,0.01251775373510571,False
33.625,-0.4,0.014423654826602598,False
33.75,-0.4,0.01287477728798932,False
33.875,-0.4,0.008439773366545538,False
34.0,-0.4,0.0026351681008984036,False
34.125,-0.4,-0.002624473675936793,False
34.25,-0.4,-0.005705695205286594,False
34.375,-0.4,-0.0058104471571842915,False
34.5,-0.4,-0.0032047174035267213,False
34.625,-0.4,0.0009489604816995626,False
34.75,-0.4,0.005071782564718273,False
34.875,-0.4,0.007763149919082741,False
35.0,-0.4,0.008278623061514426,False
35.125,-0.4,0.006720836112810484,False
35.25,-0.4,0.0038966125809203034,False
35.375,-0.4,0.0009274169604483319,False
35.5,-0.4,-0.0012105284466506587,False
35.625,-0.4,-0.0020289436549804775,False
35.75,-0.4,-0.0016312754855379156,False
35.875,-0.4,-0.0005655598571365046,False
36.0,-0.4,0.0004811695585592993,False
36.125,-0.4,0.0009986899884299176,False
36.25,-0.4,0.0008438435444701742,False
36.375,-0.4,0.0002389492078713903,False
36.5,-0.4,-0.0003964212519801958,False
36.625,-0.4,-0.0006835181064437712,False
36.75,-0.4,-0.0004738551226896146,False
36.875,-0.4,9.468693523142596e-05,False
37.0,-0.4,0.0006901464901615801,False
37.125,-0.4,0.0009710429399718257,False
37.25,-0.4,0.0007671234736983005,False
37.375,-0.4,0.000167781951977922,False
37.5,-0.4,-0.0005216423672906917,False
37.625,-0.4,-0.0009305505830286798,False
37.75,-0.4,-0.0008055128380307424,False
37.875,-0.4,-0.0001365025101130442,False
38.0,-0.4,0.0008320610427082864,False
38.125,-0.4,0.0017090453010969611,False
38.25,-0.4,0.0021314842092838874,False
38.375,-0.4,0.0019253861798688376,False
38.5,-0.4,0.0011798816466321279,False
38.625,-0.4,0.00020355992094743438,False
38.75,-0.4,-0.0006140523829212636,False
38.875,-0.4,-0.0009712041570260192,False
39.0,-0.4,-0.0007771854029229262,False
39.125,-0.4,-0.00017792065471722323,False
39.25,-0.4,0.0005225821522231746,False
39.375,-0.4,0.0010048661167694041,False
39.5,-0.4,0.001074263690051907,False
39.625,-0.4,0.0007368147762269012,False
39.75,-0.4,0.00018090155878759917,False
39.875,-0.4,-0.0003216655224939054,False
40.0,-0.4,-0.000546071892093454,False
40.125,-0.4,-0.0004158297846085479,False
40.25,-0.4,-3.054034581233332e-05,False
40.375,-0.4,0.000389171918017709,False
40.5,-0.4,0.0006111565619166349,False
40.625,-0.4,0.0005040370493355631,False
40.75,-0.4,0.00010144630285112075,False
40.875,-0.4,-0.0004094462880810315,False
41.0,-0.4,-0.0007684159144824935,False
41.125,-0.4,-0.0007550874149427967,False
41.25,-0.4,-0.0002850088861181477,False
41.375,-0.4,0.000551289342444537,False
41.5,-0.4,0.0015207482247584897,False
41.625,-0.4,0.0023358781424773216,False
41.75,-0.4,0.002760713847699532,False
41.875,-0.4,0.002691971488030105,False
42.0,-0.4,0.002185698564621783,False
42.125,-0.4,0.0014236824757968905,False
42.25,-0.4,0.000638068883269382,False
42.375,-0.4,2.7107228890782043e-05,False
42.5,-0.4,-0.00030525794396294684,False
42.625,-0.4,-0.0003664653897054004,False
42.75,-0.4,-0.0002490232942216239,False
42.875,-0.4,-7.771385865949991e-05,False
43.0,-0.4,4.4861864189825565e-05,False
43.125,-0.4,7.277929771593467e-05,False
43.25,-0.4,2.120315293872399e-05,False
43.375,-0.4,-5.5511114983103663e-05,False
43.5,-0.4,-9.806417976431545e-05,False
43.625,-0.4,-7.205531310325571e-05,False
43.75,-0.4,1.8659572623396683e-05,False
43.875,-0.4,0.00013814127134978606,False
44.0,-0.4,0.00023822337003159336,False
44.125,-0.4,0.0002812157646580498,False
44.25,-0.4,0.0002550759308844034,False
44.375,-0.4,0.00017553046114931898,False
44.5,-0.4,7.612137791634915e-05,False
44.625,-0.4,-7.782402709839557e-06,False
44.75,-0.4,-5.329686266189963e-05,False
44.875,-0.4,-5.686237550888491e-05,False
45.0,-0.4,-3.192566663509517e-05,False
45.125,-0.4,4.1533017975360306e-08,False
45.25,-0.4,2.026064895076755e-05,False
45.375,-0.4,2.0255183968405032e-05,False
45.5,-0.4,3.648496384384854e-06,False
45.625,-0.4,-1.7612235739305836e-05,False
45.75,-0.4,-3.003346180011226e-05,False
45.875,-0.4,-2.4949327200321505e-05,False
46.0,-0.4,-1.850995180452217e-06,False
46.125,-0.4,3.222236917433244e-05,False
46.25,-0.4,6.631679098837558e-05,False
46.375,-0.4,9.02180513221356e-05,False
46.5,-0.4,9.807869013442836e-05,False
46.625,-0.4,8.977992358153045e-05,False
46.75,-0.4,6.994643295939265e-05,False
46.875,-0.4,4.547750160219899e-05,False
47.0,-0.4,2.2846262360462614e-05,False
47.125,-0.4,6.21467043606446e-06,False
47.25,-0.4,-3.1617501480732454e-06,False
47.375,-0.4,-6.382157961535781e-06,False
47.5,-0.4,-5.740155693258688e-06,False
47.625,-0.4,-3.564726530890161e-06,False
47.75,-0.4,-1.479904375484863e-06,False
47.875,-0.4,-2.0155455479568528e-07,False
48.0,-0.4,2.596461254360546e-07,False
48.125,-0.4,2.3080011680490465e-07,False
48.25,-0.4,5.8249313874195836e-08,False
48.375,-0.4,-5.604671629807256e-08,False
48.5,-0.4,-6.791047365383086e-08,False
48.625,-0.4,-2.2398847519093354e-08,False
48.75,-0.4,2.266380969863847e-08,False
48.875,-0.4,3.855326604106867e-08,False
49.0,-0.4,2.849332866555954e-08,False
49.125,-0.4,9.904772456231804e-09,False
49.25,-0.4,-3.142160173883078e-09,False
49.375,-0.4,-6.774615520649277e-09,False
49.5,-0.4,-4.498933081694821e-09,False
49.625,-0.4,-1.232222383572471e-09,False
49.75,-0.4,4.5648381738603266e-10,False
49.875,-0.4,5.887076874585255e-10,False
50.0,-0.4,1.876891648495113e-10,False
50.125,-0.4,-5.851910277025079e-11,False
50.25,-0.4,-7.232174300827933e-11,False
50.375,-0.4,-2.1227813514596993e-11,False
50.5,-0.4,7.602943754936728e-13,False
50.625,-0.4,1.4338784350375654e-12,False
50.75,-0.4,5.148329944431484e-13,False
50.875,-0.4,1.9469751815043674e-12,False
51.0,-0.4,7.813162414586136e-12,False
51.125,-0.4,-7.853513933538555e-13,False
51.25,-0.4,-6.147817782404363e-11,False
51.375,-0.4,-1.200699730180424e-10,False
51.5,-0.4,5.291423306032903e-11,False
51.625,-0.4,5.91681674497596e-10,False
51.75,-0.4,8.926366162638123e-10,False
51.875,-0.4,-6.349384776653732e-10,False
52.0,-0.4,-5.271915677379999e-09,False
52.125,-0.4,-1.1081269528398321e-08,False
52.25,-0.4,-1.0808038241359415e-08,False
52.375,-0.4,5.22480867037035e-09,False
52.5,-0.4,3.9123102755807934e-08,False
52.625,-0.4,7.336059880677886e-08,False
52.75,-0.4,7.004750685502414e-08,False
52.875,-0.4,-4.264202721991471e-09,False
53.0,-0.4,-1.2941482123391245e-07,False
53.125,-0.4,-1.9051854101571722e-07,False
53.25,-0.4,-8.088690956719374e-09,False
53.375,-0.4,4.972204615842689e-07,False
53.5,-0.4,1.0013241138678346e-06,False
53.625,-0.4,4.538413586263275e-07,False
53.75,-0.4,-3.0005790065985965e-06,False
53.875,-0.4,-1.1513241127922864e-05,False
54.0,-0.4,-2.6177925876962955e-05,False
54.125,-0.4,-4.488819693702373e-05,False
54.25,-0.4,-5.995465951005402e-05,False
54.375,-0.4,-5.653467207005977e-05,False
54.5,-0.4,-1.3173451560048228e-05,False
54.625,-0.4,9.451207201415792e-05,False
54.75,-0.4,0.0002868653754287148,False
54.875,-0.4,0.0005711550899330738,False
55.0,-0.4,0.0009330759929575929,False
55.125,-0.4,0.0013321959395014077,False
55.25,-0.4,0.0017044340179990986,False
55.375,-0.4,0.001972981576176159,False
55.5,-0.4,0.0020663579434390907,False
55.625,-0.4,0.0019393534653655087,False
55.75,-0.4,0.0015905724900422324,False
55.875,-0.4,0.0010701472787195303,False
56.0,-0.4,0.00047338658192942886,False
56.125,-0.4,-7.976301355219062e-05,False
56.25,-0.4,-0.00047476758470040427,False
56.375,-0.4,-0.0006336053452679991,False
56.5,-0.4,-0.0005372076760803092,False
56.625,-0.4,-0.00023157728890864132,False
56.75,-0.4,0.00018517769886418128,False
56.875,-0.4,0.0005914419054284924,False
57.0,-0.4,0.0008775170619510514,False
57.125,-0.4,0.0009765649453856503,False
57.25,-0.4,0.0008811470109401485,False
57.375,-0.4,0.0006403362516714422,False
57.5,-0.4,0.00033907932826996237,False
57.625,-0.4,6.75670676667216e-05,False
57.75,-0.4,-0.00010840408824942739,False
57.875,-0.4,-0.00016590205860369947,False
58.0,-0.4,-0.00012646676316756657,False
58.125,-0.4,-4.15790141330501e-05,False
58.25,-0.4,3.1394679823480676e-05,False
58.375,-0.4,5.301337881451331e-05,False
58.5,-0.4,1.6249804568241962e-05,False
58.625,-0.4,-5.330577958256647e-05,False
58.75,-0.4,-0.00011067009482733561,False
58.875,-0.4,-0.00011207824598088346,False
59.0,-0.4,-3.437559730556961e-05,False
59.125,-0.4,0.0001144851557117297,False
59.25,-0.4,0.00029763129503125764,False
59.375,-0.4,0.0004627715245076239,False
59.5,-0.4,0.0005613040586325997,False
59.625,-0.4,0.0005654652921057197,False
59.75,-0.4,0.0004771518174571421,False
59.875,-0.4,0.0003256375534247862,False
60.0,-0.4,0.00015581730946318266,False
10.0,-0.3875,0.06620996601511628,False
10.125,-0.3875,0.18046319237278843,False
10.25,-0.3875,0.18165949269461593,False
10.375,-0.3875,0.09301227649377197,False
10.5,-0.3875,-0.025459893482078097,False
10.625,-0.3875,-0.1086816249722133,False
10.75,-0.3875,-0.1162298759449313,False
10.875,-0.3875,-0.04784622534783457,False
11.0,-0.3875,0.060330871790069455,False
11.125,-0.3875,0.15531533678236806,False
11.25,-0.3875,0.1927108150951827,False
11.375,-0.3875,0.156450509002546,False
11.5,-0.3875,0.0646250681128098,False
11.625,-0.3875,-0.040185399647572666,False
11.75,-0.3875,-0.11083170114653362,False
11.875,-0.3875,-0.11643698561140373,False
12.0,-0.3875,-0.05504594469383544,False
12.125,-0.3875,0.04689317402793026,False
12.25,-0.3875,0.14717655624268094,False
12.375,-0.3875,0.2064199616779603,False
12.5,-0.3875,0.20421642828264053,False
12.625,-0.3875,0.1461413159501841,False
12.75,-0.3875,0.05928309985478054,False
12.875,-0.3875,-0.020907878881089637,False
13.0,-0.3875,-0.06611900230028583,False
13.125,-0.3875,-0.06615881115121,False
13.25,-0.3875,-0.031066736473194537,False
13.375,-0.3875,0.01577227047026892,False
13.5,-0.3875,0.04965030324253169,False
13.625,-0.3875,0.05586184445824689,False
13.75,-0.3875,0.035271284907084276,False
13.875,-0.3875,0.002062164617441936,False
14.0,-0.3875,-0.024654992189038577,False
14.125,-0.3875,-0.030960422093627787,False
14.25,-0.3875,-0.015003435767590192,False
14.375,-0.3875,0.012543034028714518,False
14.5,-0.3875,0.034448849290155445,False
14.625,-0.3875,0.03624025167564785,False
14.75,-0.3875,0.014241988948020335,False
14.875,-0.3875,-0.021622832393733638,False
15.0,-0.3875,-0.05175545010905382,False
15.125,-0.3875,-0.05584844567520185,False
15.25,-0.3875,-0.022839631472534025,False
15.375,-0.3875,0.04273813948666407,False
15.5,-0.3875,0.1210681375112242,False
15.625,-0.3875,0.18417479920360644,False
15.75,-0.3875,0.20702873458927631,False
15.875,-0.3875,0.17802791476610857,False
16.0,-0.3875,0.10444775682775706,False
16.125,-0.3875,0.01050824487590371,False
16.25,-0.3875,-0.07127221198819918,False
16.375,-0.3875,-0.11205377455335656,False
16.5,-0.3875,-0.09730529948401986,False
16.625,-0.3875,-0.03201872939268264,False
16.75,-0.3875,0.061358054465860984,False
16.875,-0.3875,0.15128098496568737,False
17.0,-0.3875,0.20842573777068255,False
17.125,-0.3875,0.21567727102358317,False
17.25,-0.3875,0.17325133687683192,False
17.375,-0.3875,0.09743733914718164,False
17.5,-0.3875,0.013899894467903226,False
17.625,-0.3875,-0.051625634649889264,False
17.75,-0.3875,-0.08173257055030765,False
17.875,-0.3875,-0.07201185553908422,False
18.0,-0.3875,-0.030814478166406402,False
18.125,-0.3875,0.025180366782967215,False
18.25,-0.3875,0.07748692015043554,False
18.375,-0.3875,0.11188110666767874,False
18.5,-0.3875,0.12202225694087925,False
18.625,-0.3875,0.10982679157129673,False
18.75,-0.3875,0.08308199589216198,False
18.875,-0.3875,0.051675631013962275,False
19.0,-0.3875,0.024035933997218487,False
19.125,-0.3875,0.004962609725971082,False
19.25,-0.3875,-0.004740698474686885,False
19.375,-0.3875,-0.007181109588871675,False
19.5,-0.3875,-0.005640717725520369,False
19.625,-0.3875,-0.0030260706958762243,False
19.75,-0.3875,-0.0010313534005769313,False
19.875,-0.3875,-0.00010036301095003199,False
20.0,-0.3875,8.764787456466207e-05,False
20.125,-0.3875,2.3349211857960323e-05,False
20.25,-0.3875,-1.0026266287706422e-05,False
20.375,-0.3875,8.720640497749894e-06,False
20.5,-0.3875,-2.2562532443126595e-08,False
20.625,-0.3875,-4.3283657353291184e-05,False
20.75,-0.3875,-2.5852225414473294e-05,False
20.875,-0.3875,0.00011948492546127834,False
21.0,-0.3875,0.00026196725245699275,False
21.125,-0.3875,3.226164190776377e-05,False
21.25,-0.3875,-0.0009868400088440179,False
21.375,-0.3875,-0.002881905166186292,False
21.5,-0.3875,-0.005027609064960416,False
21.625,-0.3875,-0.005943486899285038,False
21.75,-0.3875,-0.0035592134431504056,False
21.875,-0.3875,0.0041142443120544825,False
22.0,-0.3875,0.018110713239725885,False
22.125,-0.3875,0.03776953232914867,False
22.25,-0.3875,0.06046825528737649,False
22.375,-0.3875,0.08201894238205829,False
22.5,-0.3875,0.09767973907321602,False
22.625,-0.3875,0.103492695148668,False
22.75,-0.3875,0.09751363352686533,False
22.875,-0.3875,0.08051045613950009,False
23.0,-0.3875,0.05587246782147211,False
23.125,-0.3875,0.028735449757150946,False
23.25,-0.3875,0.004590089700804968,False
23.375,-0.3875,-0.0121890161939406,False
23.5,-0.3875,-0.019438164029447022,False
23.625,-0.3875,-0.017602413413420833,False
23.75,-0.3875,-0.009352057919117389,False
23.875,-0.3875,0.001413895747136836,False
24.0,-0.3875,0.01082524761821719,False
24.125,-0.3875,0.01615001370225538,False
24.25,-0.3875,0.016426627223096454,False
24.375,-0.3875,0.01247078508222158,False
24.5,-0.3875,0.006323347217180195,False
24.625,-0.3875,0.0003804011999098767,False
24.75,-0.3875,-0.0034730691377142364,False
24.875,-0.3875,-0.004437466153907349,False
25.0,-0.3875,-0.002918559483300195,False
25.125,-0.3875,-0.0002008182454097129,False
25.25,-0.3875,0.0021649145112482464,False
25.375,-0.3875,0.0030120440139206717,False
25.5,-0.3875,0.0020049840828132645,False
25.625,-0.3875,-0.0002709384682917089,False
25.75,-0.3875,-0.002591655780201976,False
25.875,-0.3875,-0.0036273139573877746,False
26.0,-0.3875,-0.0025166016377374655,False
26.125,-0.3875,0.000737824349006802,False
26.25,-0.3875,0.005205102825792889,False
26.375,-0.3875,0.009323921666633525,False
26.5,-0.3875,0.011461247388520297,False
26.625,-0.3875,0.010534977781529679,False
26.75,-0.3875,0.006476576934927896,False
26.875,-0.3875,0.0003614153441176358,False
27.0,-0.3875,-0.005852955942923216,False
27.125,-0.3875,-0.009905750905058323,False
27.25,-0.3875,-0.009943998870930002,False
27.375,-0.3875,-0.00513281614594162,False
27.5,-0.3875,0.004036676652255555,False
27.625,-0.3875,0.015843817214286394,False
27.75,-0.3875,0.027807964451707325,False
27.875,-0.3875,0.03737881588103669,False
28.0,-0.3875,0.042627528621597875,False
28.125,-0.3875,0.042726426360956846,False
28.25,-0.3875,0.038083139579652,False
28.375,-0.3875,0.03011382514145327,False
28.5,-0.3875,0.020756724949070174,False
28.625,-0.3875,0.011901499928037369,False
28.75,-0.3875,0.004918555902797196,False
28.875,-0.3875,0.0004180018229445453,False
29.0,-0.3875,-0.001725057701757629,False
29.125,-0.3875,-0.0021363075948939597,False
29.25,-0.3875,-0.001617392313146887,False
29.375,-0.3875,-0.0008579486125645339,False
29.5,-0.3875,-0.00027281095109780014,False
29.625,-0.3875,1.2769997056410334e-05,False
29.75,-0.3875,6.882976111019886e-05,False
29.875,-0.3875,2.9635412195452514e-05,False
30.0,-0.3875,-6.183319995690013e-06,False
30.125,-0.3875,-1.0035322147059852e-05,False
30.25,-0.3875,-2.476963182203918e-07,False
30.375,-0.3875,1.941108545794003e-06,False
30.5,-0.3875,-1.780018253454791e-06,False
30.625,-0.3875,3.4375091029455453e-06,False
30.75,-0.3875,1.3348457856502056e-05,False
30.875,-0.3875,-1.6886753574527216e-05,False
31.0,-0.3875,-0.00015355354414794595,False
31.125,-0.3875,-0.00042085355461337,False
31.25,-0.3875,-0.0007238106902069672,False
31.375,-0.3875,-0.0008104382438900757,False
31.5,-0.3875,-0.00031930035482949544,False
31.625,-0.3875,0.0010786538952244561,False
31.75,-0.3875,0.0034877598534982304,False
31.875,-0.3875,0.006630470966517707,False
32.0,-0.3875,0.009817364856463246,False
32.125,-0.3875,0.012096823798881157,False
32.25,-0.3875,0.012562854439286323,False
32.375,-0.3875,0.010721104742442323,False
32.5,-0.3875,0.00676701488558478,False
32.625,-0.3875,0.001642564980630166,False
32.75,-0.3875,-0.003188269079684132,False
32.875,-0.3875,-0.006195582868814784,False
33.0,-0.3875,-0.0063196714053093414,False
33.125,-0.3875,-0.003386779519856844,False
33.25,-0.3875,0.001766521657053705,False
33.375,-0.3875,0.00752954591819224,False
33.5,-0.3875,0.012046715972444555,False
33.625,-0.3875,0.01385476371606622,False
33.75,-0.3875,0.012393707883698948,False
33.875,-0.3875,0.00819915359233837,False
34.0,-0.3875,0.0027019036775362535,False
34.125,-0.3875,-0.0022900389078852035,False
34.25,-0.3875,-0.005231586210401578,False
34.375,-0.3875,-0.005363666313567291,False
34.5,-0.3875,-0.002930195364432654,False
34.625,-0.3875,0.0009777705482413167,False
34.75,-0.3875,0.004872856645050866,False
34.875,-0.3875,0.007430828862094741,False
35.0,-0.3875,0.007941806604002982,False
35.125,-0.3875,0.006492502376440597,False
35.25,-0.3875,0.003834741405131136,False
35.375,-0.3875,0.001021258790380711,False
35.5,-0.3875,-0.001026170602526123,False
35.625,-0.3875,-0.001840199455517205,False
35.75,-0.3875,-0.001508130943646014,False
35.875,-0.3875,-0.0005367109746200521,False
36.0,-0.3875,0.00043265532708582945,False
36.125,-0.3875,0.0009197530247088223,False
36.25,-0.3875,0.0007851317283313114,False
36.375,-0.3875,0.00023073174340781726,False
36.5,-0.3875,-0.0003555993721320696,False
36.625,-0.3875,-0.000621721682789343,False
36.75,-0.3875,-0.0004283261897795629,False
36.875,-0.3875,9.782906291660846e-05,False
37.0,-0.3875,0.0006490699572298334,False
37.125,-0.3875,0.0009083422700817088,False
37.25,-0.3875,0.0007176146958755163,False
37.375,-0.3875,0.00016048311889476909,False
37.5,-0.3875,-0.0004783570734657705,False
37.625,-0.3875,-0.0008535194144149228,False
37.75,-0.3875,-0.0007291070436760756,False
37.875,-0.3875,-9.657430185756844e-05,False
38.0,-0.3875,0.000814910051013038,False
38.125,-0.3875,0.001639073579848967,False
38.25,-0.3875,0.002035997266013819,False
38.375,-0.3875,0.0018425599661016122,False
38.5,-0.3875,0.001141972022649658,False
38.625,-0.3875,0.00022315529921949364,False
38.75,-0.3875,-0.0005487102257496755,False
38.875,-0.3875,-0.000890093784429376,False
39.0,-0.3875,-0.0007147308509242391,False
39.125,-0.3875,-0.00015799361802218355,False
39.25,-0.3875,0.0004962113782920552,False
39.375,-0.3875,0.0009487046300581008,False
39.5,-0.3875,0.0010163416658116808,False
39.625,-0.3875,0.0007033958852176189,False
39.75,-0.3875,0.0001848426909830556,False
39.875,-0.3875,-0.00028578545500667545,False
40.0,-0.3875,-0.0004982328223749751,False
40.125,-0.3875,-0.0003803851905123949,False
40.25,-0.3875,-2.4489046683435833e-05,False
40.375,-0.3875,0.0003640696193330126,False
40.5,-0.3875,0.0005689902755385094,False
40.625,-0.3875,0.00046804794449687174,False
40.75,-0.3875,9.323285722338646e-05,False
40.875,-0.3875,-0.0003799173476815907,False
41.0,-0.3875,-0.0007076275329255972,False
41.125,-0.3875,-0.000683659932467878,False
41.25,-0.3875,-0.0002294325424151705,False
41.375,-0.3875,0.000569230867227677,False
41.5,-0.3875,0.001492424856653577,False
41.625,-0.3875,0.0022688092768718944,False
41.75,-0.3875,0.002675216774229126,False
41.875,-0.3875,0.0026131901626823295,False
42.0,-0.3875,0.0021344556724314356,False
42.125,-0.3875,0.0014097698572451021,False
42.25,-0.3875,0.0006582872602582694,False
42.375,-0.3875,6.826165751967468e-05,False
42.5,-0.3875,-0.0002601629658515785,False
42.625,-0.3875,-0.0003316215877944419,False
42.75,-0.3875,-0.00023138555316788812,False
42.875,-0.3875,-7.61000369259384e-05,False
43.0,-0.3875,3.737888742851389e-05,False
43.125,-0.3875,6.470625435017089e-05,False
43.25,-0.3875,1.867893388135272e-05,False
43.375,-0.3875,-5.086939577684111e-05,False
43.5,-0.3875,-8.894888695885919e-05,False
43.625,-0.3875,-6.340171019355822e-05,False
43.75,-0.3875,2.2383768099406025e-05,False
43.875,-0.3875,0.0001350041744507146,False
44.0,-0.3875,0.0002294532673478723,False
44.125,-0.3875,0.0002703310779716091,False
44.25,-0.3875,0.00024612558067270526,False
44.375,-0.3875,0.0001713414565588776,False
44.5,-0.3875,7.730964218024397e-05,False
44.625,-0.3875,-2.7275788435117133e-06,False
44.75,-0.3875,-4.705450122721932e-05,False
44.875,-0.3875,-5.199123551253316e-05,False
45.0,-0.3875,-2.984411413825084e-05,False
45.125,-0.3875,-5.801142224331471e-07,False
45.25,-0.3875,1.8191693961669148e-05,False
45.375,-0.3875,1.839131692405156e-05,False
45.5,-0.3875,3.232089213282736e-06,False
45.625,-0.3875,-1.6239451677312016e-05,False
45.75,-0.3875,-2.745032441115203e-05,False
45.875,-0.3875,-2.227635583817846e-05,False
46.0,-0.3875,-2.004492559742508e-07,False
46.125,-0.3875,3.2208420841851656e-05,False
46.25,-0.3875,6.46649797119221e-05,False
46.375,-0.3875,8.752479510148577e-05,False
46.5,-0.3875,9.52080399715243e-05,False
46.625,-0.3875,8.751596305471751e-05,False
46.75,-0.3875,6.87436495765131e-05,False
46.875,-0.3875,4.538275523712783e-05,False
47.0,-0.3875,2.35819955647999e-05,False
47.125,-0.3875,7.352887943796656e-06,False
47.25,-0.3875,-2.0222998095139022e-06,False
47.375,-0.3875,-5.500869781809668e-06,False
47.5,-0.3875,-5.204508199367112e-06,False
47.625,-0.3875,-3.3288348045471594e-06,False
47.75,-0.3875,-1.4341781337504042e-06,False
47.875,-0.3875,-2.3656568525098822e-07,False
48.0,-0.3875,2.1663724695416472e-07,False
48.125,-0.3875,2.093501690448875e-07,False
48.25,-0.3875,5.780929689290052e-08,False
48.375,-0.3875,-4.769655255234354e-08,False
48.5,-0.3875,-6.121416873832336e-08,False
48.625,-0.3875,-2.104893256948701e-08,False
48.75,-0.3875,2.0273167487827307e-08,False
48.875,-0.3875,3.560055801287623e-08,False
49.0,-0.3875,2.6988845393523422e-08,False
49.125,-0.3875,1.0030419236995589e-08,False
49.25,-0.3875,-2.2499572563952384e-09,False
49.375,-0.3875,-5.984757443311463e-09,False
49.5,-0.3875,-4.159739015372865e-09,False
49.625,-0.3875,-1.2374658031479634e-09,False
49.75,-0.3875,3.49234346208099e-10,False
49.875,-0.3875,5.259285969584724e-10,False
50.0,-0.3875,1.8417295731285304e-10,False
50.125,-0.3875,-4.283318471931254e-11,False
50.25,-0.3875,-6.397555578544866e-11,False
50.375,-0.3875,-2.094395025628413e-11,False
50.5,-0.3875,-3.000736137544893e-13,False
50.625,-0.3875,1.1891287722178264e-12,False
50.75,-0.3875,5.567049026009429e-13,False
50.875,-0.3875,1.9563975598234384e-12,False
51.0,-0.3875,6.5647852572027326e-12,False
51.125,-0.3875,-2.993587116617411e-12,False
51.25,-0.3875,-5.6910886106864344e-11,False
51.375,-0.3875,-1.0088581383031478e-10,False
51.5,-0.3875,6.694329319356796e-11,False
51.625,-0.3875,5.410095421590178e-10,False
51.75,-0.3875,7.42244554894492e-10,False
51.875,-0.3875,-7.554553317506792e-10,False
52.0,-0.3875,-4.992608500762492e-09,False
52.125,-0.3875,-1.0001291297970145e-08,False
52.25,-0.3875,-9.051492718282934e-09,False
52.375,-0.3875,6.470594314835787e-09,False
52.5,-0.3875,3.78466705333703e-08,False
52.625,-0.3875,6.8336679794282e-08,False
52.75,-0.3875,6.332296052349298e-08,False
52.875,-0.3875,-6.168118233564283e-09,False
53.0,-0.3875,-1.1868188251030089e-07,False
53.125,-0.3875,-1.671452596677409e-07,False
53.25,-0.3875,8.556135282852016e-09,False
53.375,-0.3875,4.6509723539169046e-07,False
53.5,-0.3875,8.767221479826441e-07,False
53.625,-0.3875,2.502897584073562e-07,False
53.75,-0.3875,-3.1164953396640407e-06,False
53.875,-0.3875,-1.1116105460802577e-05,False
54.0,-0.3875,-2.4523193743711896e-05,False
54.125,-0.3875,-4.096831119908174e-05,False
54.25,-0.3875,-5.27283920574216e-05,False
54.375,-0.3875,-4.5334160494336445e-05,False
54.5,-0.3875,1.7894076673975127e-06,False
54.625,-0.3875,0.0001117044064639839,False
54.75,-0.3875,0.00030327125864015083,False
54.875,-0.3875,0.0005825812096605623,False
55.0,-0.3875,0.0009349969305625626,False
55.125,-0.3875,0.0013210225393424236,False
55.25,-0.3875,0.0016788863358614022,False
55.375,-0.3875,0.0019351131686084603,False
55.5,-0.3875,0.002021784502192933,False
55.625,-0.3875,0.0018964185569003385,False
55.75,-0.3875,0.0015585044574186711,False
55.875,-0.3875,0.001056627737066934,False
56.0,-0.3875,0.0004822293080404193,False
56.125,-0.3875,-5.00548703016271e-05,False
56.25,-0.3875,-0.0004309961459933007,False
56.375,-0.3875,-0.0005862820070421352,False
56.5,-0.3875,-0.0004977489894158148,False
56.625,-0.3875,-0.00020911395616480437,False
56.75,-0.3875,0.0001863744064874411,False
56.875,-0.3875,0.000573071424759768,False
57.0,-0.3875,0.0008465190646678865,False
57.125,-0.3875,0.0009427846839407662,False
57.25,-0.3875,0.0008541829765715463,False
57.375,-0.3875,0.0006266343864108204,False
57.5,-0.3875,0.00034023741282640627,False
57.625,-0.3875,8.036723332190666e-05,False
57.75,-0.3875,-9.034315993097283e-05,False
57.875,-0.3875,-0.0001495349218315521,False
58.0,-0.3875,-0.00011678145239494212,False
58.125,-0.3875,-4.002676862100221e-05,False
58.25,-0.3875,2.6990920776317105e-05,False
58.375,-0.3875,4.7146228599586396e-05,False
58.5,-0.3875,1.3613509201707058e-05,False
58.625,-0.3875,-4.985518069087087e-05,False
58.75,-0.3875,-0.00010128400919257758,False
58.875,-0.3875,-9.980110920452395e-05,False
59.0,-0.3875,-2.3858079864996846e-05,False
59.125,-0.3875,0.00011888086241396288,False
59.25,-0.3875,0.0002935616974107363,False
59.375,-0.3875,0.00045081082685761217,False
59.5,-0.3875,0.0005447052973693257,False
59.625,-0.3875,0.0005489347700296953,False
59.75,-0.3875,0.0004651575748188935,False
59.875,-0.3875,0.00032091477145748193,False
60.0,-0.3875,0.00015860867829473404,False
10.0,-0.375,0.059456600632971646,False
10.125,-0.375,0.16697365241315515,False
10.25,-0.375,0.16964939898991607,False
10.375,-0.375,0.08831144657212885,False
10.5,-0.375,-0.02142727611694456,False
10.625,-0.375,-0.09883917119367251,False
10.75,-0.375,-0.10596740072154039,False
10.875,-0.375,-0.04229513936268457,False
11.0,-0.375,0.058624759978507336,False
11.125,-0.375,0.14736043377566022,False
11.25,-0.375,0.18237901817669067,False
11.375,-0.375,0.14856159774086575,False
11.5,-0.375,0.0627342155449358,False
11.625,-0.375,-0.03530931679956985,False
11.75,-0.375,-0.10141811686991942,False
11.875,-0.375,-0.10660652959942378,False
12.0,-0.375,-0.04894650280601785,False
12.125,-0.375,0.0468544711034207,False
12.25,-0.375,0.1412500430426073,False
12.375,-0.375,0.1972408835743062,False
12.5,-0.375,0.19554080413871638,False
12.625,-0.375,0.14120180918788455,False
12.75,-0.375,0.059497068170034854,False
12.875,-0.375,-0.01635159635817817,False
13.0,-0.375,-0.059688260762475964,False
13.125,-0.375,-0.06075169786451297,False
13.25,-0.375,-0.028721351593842252,False
13.375,-0.375,0.014659444476456871,False
13.5,-0.375,0.04629577433567087,False
13.625,-0.375,0.052340485576120546,False
13.75,-0.375,0.0334414104890117,False
13.875,-0.375,0.0026927325349854203,False
14.0,-0.375,-0.02216104693912139,False
14.125,-0.375,-0.02815422960332082,False
14.25,-0.375,-0.013525344424361777,False
14.375,-0.375,0.01184183726364084,False
14.5,-0.375,0.03196786672607506,False
14.625,-0.375,0.03345337972628211,False
14.75,-0.375,0.012969601127841634,False
14.875,-0.375,-0.020145841540305617,False
15.0,-0.375,-0.04757097216138084,False
15.125,-0.375,-0.05038947732281359,False
15.25,-0.375,-0.018392969062331573,False
15.375,-0.375,0.04399986143666917,False
15.5,-0.375,0.1180666316604507,False
15.625,-0.375,0.1774869674734372,False
15.75,-0.375,0.19877170030187252,False
15.875,-0.375,0.17109733597385798,False
16.0,-0.375,0.10141096306418856,False
16.125,-0.375,0.012598021633876438,False
16.25,-0.375,-0.06465920047168147,False
16.375,-0.375,-0.10315627574060442,False
16.5,-0.375,-0.08917858104447024,False
16.625,-0.375,-0.027421997751324423,False
16.75,-0.375,0.06093945162670017,False
16.875,-0.375,0.14611796628101337,False
17.0,-0.375,0.20037625358608208,False
17.125,-0.375,0.20746228831996352,False
17.25,-0.375,0.1674732855718233,False
17.375,-0.375,0.09571216994862236,False
17.5,-0.375,0.01640262879345989,False
17.625,-0.375,-0.046079084902803547,False
17.75,-0.375,-0.07515055958740667,False
17.875,-0.375,-0.06647652108883906,False
18.0,-0.375,-0.027802617779474872,False
18.125,-0.375,0.025179761995072034,False
18.25,-0.375,0.07496949849385058,False
18.375,-0.375,0.10799951864260153,False
18.5,-0.375,0.11810092967253889,False
18.625,-0.375,0.10691405903733918,False
18.75,-0.375,0.08168634182380795,False
18.875,-0.375,0.05173897458866915,False
19.0,-0.375,0.02510086839266392,False
19.125,-0.375,0.0064293938797255566,False
19.25,-0.375,-0.003380808671793625,False
19.375,-0.375,-0.006213550105281355,False
19.5,-0.375,-0.00511588050474345,False
19.625,-0.375,-0.0028359474937281227,False
19.75,-0.375,-0.0010164476713661408,False
19.875,-0.375,-0.00013359186572803428,False
20.0,-0.375,6.70259810273201e-05,False
20.125,-0.375,2.168692506580572e-05,False
20.25,-0.375,-7.486897171853571e-06,False
20.375,-0.375,7.005732330186481e-06,False
20.5,-0.375,-1.3963943355665026e-06,False
20.625,-0.375,-3.769169227301223e-05,False
20.75,-0.375,-1.8332257563622086e-05,False
20.875,-0.375,0.0001114562825629679,False
21.0,-0.375,0.000225885995258895,False
21.125,-0.375,-1.276777301577965e-05,False
21.25,-0.375,-0.0009726308748772645,False
21.375,-0.375,-0.0026999888828467115,False
21.5,-0.375,-0.004569403490504144,False
21.625,-0.375,-0.005159896742008325,False
21.75,-0.375,-0.0025142872104612114,False
21.875,-0.375,0.005223591210498214,False
22.0,-0.375,0.018986343393025122,False
22.125,-0.375,0.03809254536235554,False
22.25,-0.375,0.060004515962116006,False
22.375,-0.375,0.08071266150141204,False
22.5,-0.375,0.09569880301013967,False
22.625,-0.375,0.10120454091813262,False
22.75,-0.375,0.09539452089538453,False
22.875,-0.375,0.07901494165487286,False
23.0,-0.375,0.0553046920901182,False
23.125,-0.375,0.029163989315782853,False
23.25,-0.375,0.005833628038645219,False
23.375,-0.375,-0.010501680264928632,False
23.5,-0.375,-0.01775465713237792,False
23.625,-0.375,-0.016317349418684176,False
23.75,-0.375,-0.008702497789918402,False
23.875,-0.375,0.0013974916235779712,False
24.0,-0.375,0.01030171917601437,False
24.125,-0.375,0.015394999513850895,False
24.25,-0.375,0.015732792899515815,False
24.375,-0.375,0.01205508421467641,False
24.5,-0.375,0.006270245367326574,False
24.625,-0.375,0.0006355659799346181,False
24.75,-0.375,-0.0030621005296974455,False
24.875,-0.375,-0.004052437452454695,False
25.0,-0.375,-0.0027000035098638953,False
25.125,-0.375,-0.00020064177638982146,False
25.25,-0.375,0.0019931159456125147,False
25.375,-0.375,0.0027846312067572737,False
25.5,-0.375,0.0018550567207778544,False
25.625,-0.375,-0.0002503458251943598,False
25.75,-0.375,-0.0023864570811034515,False
25.875,-0.375,-0.0033091736721634793,False
26.0,-0.375,-0.002215586563605612,False
26.125,-0.375,0.0008843097667683825,False
26.25,-0.375,0.00510809475018697,False
26.375,-0.375,0.008982651417589985,False
26.5,-0.375,0.010971750969073895,False
26.625,-0.375,0.01006339774709536,False
26.75,-0.375,0.006205470001116223,False
26.875,-0.375,0.00042704103865552536,False
27.0,-0.375,-0.0054108989385503944,False
27.125,-0.375,-0.009164382088091269,False
27.25,-0.375,-0.009079928082085173,False
27.375,-0.375,-0.00437227113018898,False
27.5,-0.375,0.004484316658008426,False
27.625,-0.375,0.015847677757438866,False
27.75,-0.375,0.027352950109641103,False
27.875,-0.375,0.03656731833927147,False
28.0,-0.375,0.04164631212130522,False
28.125,-0.375,0.041790698640671524,False
28.25,-0.375,0.03737655248329877,False
28.375,-0.375,0.02974321696508074,False
28.5,-0.375,0.020734135521572578,False
28.625,-0.375,0.012155941807318476,False
28.75,-0.375,0.0053300162168175595,False
28.875,-0.375,0.0008597343540294325,False
29.0,-0.375,-0.0013507316657249383,False
29.125,-0.375,-0.0018789943319435418,False
29.25,-0.375,-0.0014791722888930518,False
29.375,-0.375,-0.0008088208464578062,False
29.5,-0.375,-0.0002719362626325162,False
29.625,-0.375,-7.20495899057786e-07,False
29.75,-0.375,5.927447551027776e-05,False
29.875,-0.375,2.775423117434371e-05,False
30.0,-0.375,-4.327741458277817e-06,False
30.125,-0.375,-8.748232930935282e-06,False
30.25,-0.375,-5.327912382661377e-07,False
30.375,-0.375,1.565929490853431e-06,False
30.5,-0.375,-1.3372337218379656e-06,False
30.625,-0.375,3.2032236248873045e-06,False
30.75,-0.375,1.019915006047916e-05,False
30.875,-0.375,-2.1373126307448523e-05,False
31.0,-0.375,-0.0001498191988194289,False
31.125,-0.375,-0.00039167223917553205,False
31.25,-0.375,-0.0006512561409158825,False
31.375,-0.375,-0.0006878441808305964,False
31.5,-0.375,-0.0001627204901552598,False
31.625,-0.375,0.0012265308360779553,False
31.75,-0.375,0.0035662230122709953,False
31.875,-0.375,0.006581629603257392,False
32.0,-0.375,0.009612575710033615,False
32.125,-0.375,0.011757689425506174,False
32.25,-0.375,0.012165897385682455,False
32.375,-0.375,0.01038051260697638,False
32.5,-0.375,0.0065986142726783175,False
32.625,-0.375,0.0017208732333258742,False
32.75,-0.375,-0.0028633802302232697,False
32.875,-0.375,-0.005707948852612372,False
33.0,-0.375,-0.005815268376754383,False
33.125,-0.375,-0.003026963400005501,False
33.25,-0.375,0.0018609869045820523,False
33.375,-0.375,0.0073228947066133815,False
33.5,-0.375,0.011603567856121225,False
33.625,-0.375,0.013319532844323915,False
33.75,-0.375,0.011940765001721853,False
33.875,-0.375,0.007971892838602005,False
34.0,-0.375,0.0027633507498424537,False
34.125,-0.375,-0.0019768064885681952,False
34.25,-0.375,-0.004786460832084486,False
34.375,-0.375,-0.004943289285026216,False
34.5,-0.375,-0.0026707646481594544,False
34.625,-0.375,0.0010068600125670156,False
34.75,-0.375,0.004687851480307992,False
34.875,-0.375,0.007119685966172491,False
35.0,-0.375,0.007625180581784188,False
35.125,-0.375,0.006276514281363468,False
35.25,-0.375,0.003774303807824513,False
35.375,-0.375,0.0011070304758500115,False
35.5,-0.375,-0.0008546419985273638,False
35.625,-0.375,-0.0016632871050352286,False
35.75,-0.375,-0.001391494259629244,False
35.875,-0.375,-0.0005076915194513541,False
36.0,-0.375,0.00038927240991767855,False
36.125,-0.375,0.0008473394644400747,False
36.25,-0.375,0.0007307820024588369,False
36.375,-0.375,0.00022279790045583276,False
36.5,-0.375,-0.0003181739389147226,False
36.625,-0.375,-0.000564761257303808,False
36.75,-0.375,-0.00038628757664534814,False
36.875,-0.375,0.000100712937429755,False
37.0,-0.375,0.0006110575101853949,False
37.125,-0.375,0.0008503600203669591,False
37.25,-0.375,0.0006719513761410487,False
37.375,-0.375,0.0001540560335400372,False
37.5,-0.375,-0.00043780713547553196,False
37.625,-0.375,-0.00078168846476693,False
37.75,-0.375,-0.0006579960320771709,False
37.875,-0.375,-5.955861893922488e-05,False
38.0,-0.375,0.0007986560745823339,False
38.125,-0.375,0.0015735329309844814,False
38.25,-0.375,0.0019466346520853515,False
38.375,-0.375,0.0017649891606871218,False
38.5,-0.375,0.0011063122708495805,False
38.625,-0.375,0.00024120725193260185,False
38.75,-0.375,-0.00048785003082099426,False
38.875,-0.375,-0.0008143492439052186,False
39.0,-0.375,-0.0006562223108173725,False
39.125,-0.375,-0.00013905380695421665,False
39.25,-0.375,0.00047196271761791017,False
39.375,-0.375,0.0008965601659185274,False
39.5,-0.375,0.0009623782789431074,False
39.625,-0.375,0.0006721027376626836,False
39.75,-0.375,0.0001882648142452344,False
39.875,-0.375,-0.00025261183741753405,False
40.0,-0.375,-0.0004538444450569829,False
40.125,-0.375,-0.00034742247132700836,False
40.25,-0.375,-1.877385366877611e-05,False
40.375,-0.375,0.0003408883563843213,False
40.5,-0.375,0.0005300210156795789,False
40.625,-0.375,0.0004349262076061161,False
40.75,-0.375,8.606385427677656e-05,False
40.875,-0.375,-0.0003518763321839022,False
41.0,-0.375,-0.0006504698508635202,False
41.125,-0.375,-0.0006166815270382023,False
41.25,-0.375,-0.00017741969866228585,False
41.375,-0.375,0.0005858818004842082,False
41.5,-0.375,0.001465612965538808,False
41.625,-0.375,0.0022055513314429335,False
41.75,-0.375,0.002594537260470381,False
41.875,-0.375,0.0025386808049020614,False
42.0,-0.375,0.0020857139968206324,False
42.125,-0.375,0.0013960964677658834,False
42.25,-0.375,0.0006768119899161202,False
42.375,-0.375,0.00010670698539452832,False
42.5,-0.375,-0.00021770848553402143,False
42.625,-0.375,-0.0002985212909679299,False
42.75,-0.375,-0.00021427936342028605,False
42.875,-0.375,-7.402053663208019e-05,False
43.0,-0.375,3.0808489329528984e-05,False
43.125,-0.375,5.739930430761097e-05,False
43.25,-0.375,1.6393738829010498e-05,False
43.375,-0.375,-4.6563467352608254e-05,False
43.5,-0.375,-8.050199476280092e-05,False
43.625,-0.375,-5.5377292403568964e-05,False
43.75,-0.375,2.5829543940352246e-05,False
43.875,-0.375,0.00013205774598915696,False
44.0,-0.375,0.00022124047014017182,False
44.125,-0.375,0.00026012048778115143,False
44.25,-0.375,0.00023769585244759424,False
44.375,-0.375,0.00016734633507321418,False
44.5,-0.375,7.83474032733463e-05,False
44.625,-0.375,1.9539222227638395e-06,False
44.75,-0.375,-4.122024688916505e-05,False
44.875,-0.375,-4.739756991677989e-05,False
45.0,-0.375,-2.7831385437664883e-05,False
45.125,-0.375,-1.0881567056511735e-06,False
45.25,-0.375,1.6318596450576024e-05,False
45.375,-0.375,1.6687966321756894e-05,False
45.5,-0.375,2.860038036904925e-06,False
45.625,-0.375,-1.4953368069739015e-05,False
45.75,-0.375,-2.503788517481785e-05,False
45.875,-0.375,-1.9778708145789484e-05,False
46.0,-0.375,1.3435276394466751e-06,False
46.125,-0.375,3.2194655236845444e-05,False
46.25,-0.375,6.311281531485044e-05,False
46.375,-0.375,8.498809881465608e-05,False
46.5,-0.375,9.249509082931495e-05,False
46.625,-0.375,8.536467690739647e-05,False
46.75,-0.375,6.758636883442054e-05,False
46.875,-0.375,4.5270462152432384e-05,False
47.0,-0.375,2.4259586308371542e-05,False
47.125,-0.375,8.420614289826831e-06,False
47.25,-0.375,-9.427937212757915e-07,False
47.375,-0.375,-4.65734471788853e-06,False
47.5,-0.375,-4.6840583167802255e-06,False
47.625,-0.375,-3.0923770820426196e-06,False
47.75,-0.375,-1.3809010820195956e-06,False
47.875,-0.375,-2.638602308541984e-07,False
48.0,-0.375,1.7824260932719705e-07,False
48.125,-0.375,1.8921989140816614e-07,False
48.25,-0.375,5.677856379017267e-08,False
48.375,-0.375,-4.033769810108776e-08,False
48.5,-0.375,-5.5062530821755695e-08,False
48.625,-0.375,-1.968480125745327e-08,False
48.75,-0.375,1.8169272037174608e-08,False
48.875,-0.375,3.289847953797498e-08,False
49.0,-0.375,2.5564383031575462e-08,False
49.125,-0.375,1.010048292059486e-08,False
49.25,-0.375,-1.4492946751300348e-09,False
49.375,-0.375,-5.251451053882436e-09,False
49.5,-0.375,-3.829396943284438e-09,False
49.625,-0.375,-1.2271707210660624e-09,False
49.75,-0.375,2.5685285494692664e-10,False
49.875,-0.375,4.67987495154064e-10,False
50.0,-0.375,1.78982610724819e-10,False
50.125,-0.375,-2.938984241783453e-11,False
50.25,-0.375,-5.618818656474766e-11,False
50.375,-0.375,-2.034871322553024e-11,False
50.5,-0.375,-1.167295336271566e-12,False
50.625,-0.375,9.496418593577612e-13,False
50.75,-0.375,5.816826905533102e-13,False
50.875,-0.375,1.916815870372281e-12,False
51.0,-0.375,5.432442062490507e-12,False
51.125,-0.375,-4.687918604172772e-12,False
51.25,-0.375,-5.227790939231959e-11,False
51.375,-0.375,-8.385957058356473e-11,False
51.5,-0.375,7.730855155366768e-11,False
51.625,-0.375,4.921762075711959e-10,False
51.75,-0.375,6.089625104127659e-10,False
51.875,-0.375,-8.459859519108233e-10,False
52.0,-0.375,-4.701024728787582e-09,False
52.125,-0.375,-8.978468919710496e-09,False
52.25,-0.375,-7.446511604387911e-09,False
52.375,-0.375,7.541487577544969e-09,False
52.5,-0.375,3.6561158721785093e-08,False
52.625,-0.375,6.366958530687618e-08,False
52.75,-0.375,5.7286117503208915e-08,False
52.875,-0.375,-7.562183170457963e-09,False
53.0,-0.375,-1.0852984382460131e-07,False
53.125,-0.375,-1.460846919062985e-07,False
53.25,-0.375,2.2074037642144377e-08,False
53.375,-0.375,4.3283567102533975e-07,False
53.5,-0.375,7.618393872005864e-07,False
53.625,-0.375,7.388731600661013e-08,False
53.75,-0.375,-3.1852323555564873e-06,False
53.875,-0.375,-1.0662278626631531e-05,False
54.0,-0.375,-2.28334882144134e-05,False
54.125,-0.375,-3.7089364517866057e-05,False
54.25,-0.375,-4.568817774519115e-05,False
54.375,-0.375,-3.45284789721395e-05,False
54.5,-0.375,1.612105298894612e-05,False
54.625,-0.375,0.0001280694216846725,False
54.75,-0.375,0.00031878182812653574,False
54.875,-0.375,0.0005932545638497989,False
55.0,-0.375,0.0009365620722687935,False
55.125,-0.375,0.0013101201008056424,False
55.25,-0.375,0.0016543593677649895,False
55.375,-0.375,0.0018989620985193113,False
55.5,-0.375,0.0019793678571454172,False
55.625,-0.375,0.0018556520312593009,False
55.75,-0.375,0.0015281137181763606,False
55.875,-0.375,0.0010438540104373887,False
56.0,-0.375,0.0004906464657046113,False
56.125,-0.375,-2.189051166730531e-05,False
56.25,-0.375,-0.0003895303533535075,False
56.375,-0.375,-0.000541451087580715,False
56.5,-0.375,-0.00046033477370987293,False
56.625,-0.375,-0.0001877387778994341,False
56.75,-0.375,0.00018766894548158288,False
56.875,-0.375,0.0005558691679769628,False
57.0,-0.375,0.0008173424174541085,False
57.125,-0.375,0.0009109002135351645,False
57.25,-0.375,0.0008286383023181005,False
57.375,-0.375,0.0006135253321524314,False
57.5,-0.375,0.00034110982624734943,False
57.625,-0.375,9.224000045369827e-05,False
57.75,-0.375,-7.343453087122323e-05,False
57.875,-0.375,-0.00013411218770099793,False
58.0,-0.375,-0.00010754099865418318,False
58.125,-0.375,-3.836211409149018e-05,False
58.25,-0.375,2.3082902945121383e-05,False
58.375,-0.375,4.1843210873216884e-05,False
58.5,-0.375,1.1292743183183843e-05,False
58.625,-0.375,-4.652605162433225e-05,False
58.75,-0.375,-9.244431336699014e-05,False
58.875,-0.375,-8.829459573146716e-05,False
59.0,-0.375,-1.4032683487438458e-05,False
59.125,-0.375,0.00012294429953482353,False
59.25,-0.375,0.0002896695468888568,False
59.375,-0.375,0.0004395011272789238,False
59.5,-0.375,0.0005290279819703672,False
59.625,-0.375,0.0005333071674621407,False
59.75,-0.375,0.00045378098875645603,False
59.875,-0.375,0.0003163721158836429,False
60.0,-0.375,0.00016114766693342742,False
10.0,-0.3625,0.05347680329708132,False
10.125,-0.3625,0.15457948581528388,False
10.25,-0.3625,0.15851011137377752,False
10.375,-0.3625,0.08389868594830088,False
10.5,-0.3625,-0.017738709762930398,False
10.625,-0.3625,-0.08973325329775748,False
10.75,-0.3625,-0.09644339013307358,False
10.875,-0.3625,-0.037130553589975024,False
11.0,-0.3625,0.05704779348298174,False
11.125,-0.3625,0.13996651638774177,False
11.25,-0.3625,0.17276422599800412,False
11.375,-0.3625,0.1412132758490284,False
11.5,-0.3625,0.060969289656100774,False
11.625,-0.3625,-0.03076628031188281,False
11.75,-0.3625,-0.09263800612216525,False
11.875,-0.3625,-0.09742835076639308,False
12.0,-0.3625,-0.04324162754205014,False
12.125,-0.3625,0.04683224575156044,False
12.25,-0.3625,0.1357235281413743,False
12.375,-0.3625,0.18866050196952572,False
12.5,-0.3625,0.18740957107579967,False
12.625,-0.3625,0.13654291160296828,False
12.75,-0.3625,0.05964643198623977,False
12.875,-0.3625,-0.01213566356075206,False
13.0,-0.3625,-0.05369721401934482,False
13.125,-0.3625,-0.055686677156972314,False
13.25,-0.3625,-0.026490525240800478,False
13.375,-0.3625,0.013672504333539937,False
13.5,-0.3625,0.04321025129769045,False
13.625,-0.3625,0.04907973719228179,False
13.75,-0.3625,0.03173413974211778,False
13.875,-0.3625,0.0032599583458213788,False
14.0,-0.3625,-0.019865870013492673,False
14.125,-0.3625,-0.02556478976390286,False
14.25,-0.3625,-0.012160146657850264,False
14.375,-0.3625,0.011195369001427532,False
14.5,-0.3625,0.029682362060012697,False
14.625,-0.3625,0.030897626082823083,False
14.75,-0.3625,0.01183166522766426,False
14.875,-0.3625,-0.01872514117803472,False
15.0,-0.3625,-0.0436402985466191,False
15.125,-0.3625,-0.04529172600220402,False
15.25,-0.3625,-0.014263081773729737,False
15.375,-0.3625,0.045137997616105936,False
15.5,-0.3625,0.11521404367800124,False
15.625,-0.3625,0.1711917219667406,False
15.75,-0.3625,0.1910200498573658,False
15.875,-0.3625,0.16460105161812394,False
16.0,-0.3625,0.09857237349445933,False
16.125,-0.3625,0.01456916063090747,False
16.25,-0.3625,-0.05844575763373509,False
16.375,-0.3625,-0.0947998434908565,False
16.5,-0.3625,-0.08154423090479349,False
16.625,-0.3625,-0.023098896863719617,False
16.75,-0.3625,0.06055455608061126,False
16.875,-0.3625,0.14127436821021938,False
17.0,-0.3625,0.19281297325083668,False
17.125,-0.3625,0.19973146718188922,False
17.25,-0.3625,0.1620207552225328,False
17.375,-0.3625,0.09406250816872638,False
17.5,-0.3625,0.018730101692999317,False
17.625,-0.3625,-0.040877499829994224,False
17.75,-0.3625,-0.06895664372000115,False
17.875,-0.3625,-0.06124810583655831,False
18.0,-0.3625,-0.024935310913159637,False
18.125,-0.3625,0.025214673214523288,False
18.25,-0.3625,0.07262626788128865,False
18.375,-0.3625,0.1043540995563045,False
18.5,-0.3625,0.1143973580888494,False
18.625,-0.3625,0.10414345378213205,False
18.75,-0.3625,0.08033663760584171,False
18.875,-0.3625,0.05176618404631653,False
19.0,-0.3625,0.0260828065799266,False
19.125,-0.3625,0.007805155362736703,False
19.25,-0.3625,-0.0020916495431647763,False
19.375,-0.3625,-0.005284961209741888,False
19.5,-0.3625,-0.004601845054211552,False
19.625,-0.3625,-0.0026401797919661497,False
19.75,-0.3625,-0.0009915496175450318,False
19.875,-0.3625,-0.00015987107591596732,False
20.0,-0.3625,4.867989321132401e-05,False
20.125,-0.3625,1.9641153724364923e-05,False
20.25,-0.3625,-5.464113841303799e-06,False
20.375,-0.3625,5.588696510956358e-06,False
20.5,-0.3625,-2.397983841137631e-06,False
20.625,-0.3625,-3.267570486574106e-05,False
20.75,-0.3625,-1.2083357947470742e-05,False
20.875,-0.3625,0.00010337618380816855,False
21.0,-0.3625,0.00019328813905310026,False
21.125,-0.3625,-5.0314996024884836e-05,False
21.25,-0.3625,-0.0009501547091941473,False
21.375,-0.3625,-0.0025159361599046133,False
21.5,-0.3625,-0.004123489613779226,False
21.625,-0.3625,-0.004408729299440731,False
21.75,-0.3625,-0.0015210758415217414,False
21.875,-0.3625,0.006271277804658661,False
22.0,-0.3625,0.019806901811553076,False
22.125,-0.3625,0.038386192298859305,False
22.25,-0.3625,0.059552349848653985,False
22.375,-0.3625,0.07946425215646152,False
22.5,-0.3625,0.09381434937127384,False
22.625,-0.3625,0.09903180594673384,False
22.75,-0.3625,0.09338329020387179,False
22.875,-0.3625,0.07759419030695974,False
23.0,-0.3625,0.05476151641077624,False
23.125,-0.3625,0.02956349414528882,False
23.25,-0.3625,0.007005372001631427,False
23.375,-0.3625,-0.00890734233627365,False
23.5,-0.3625,-0.016159906856964706,False
23.625,-0.3625,-0.01509508291648631,False
23.75,-0.3625,-0.008077762472223625,False
23.875,-0.3625,0.0013939959464310389,False
24.0,-0.3625,0.009817776737845212,False
24.125,-0.3625,0.014689020806714064,False
24.25,-0.3625,0.015080132564795356,False
24.375,-0.3625,0.011660747693115439,False
24.5,-0.3625,0.006215212921733538,False
24.625,-0.3625,0.0008704538232603295,False
24.75,-0.3625,-0.002679210662521911,False
24.875,-0.3625,-0.0036915681780885857,False
25.0,-0.3625,-0.0024931370301849195,False
25.125,-0.3625,-0.00019708663936707943,False
25.25,-0.3625,0.0018360347129069143,False
25.375,-0.3625,0.0025751985158199847,False
25.5,-0.3625,0.0017174207428711941,False
25.625,-0.3625,-0.00022935816732469407,False
25.75,-0.3625,-0.0021937838626323336,False
25.875,-0.3625,-0.00301191795539502,False
26.0,-0.3625,-0.0019354096683565998,False
26.125,-0.3625,0.0010190297188928678,False
26.25,-0.3625,0.005014518625613582,False
26.375,-0.3625,0.00866069497825839,False
26.5,-0.3625,0.010512074383916372,False
26.625,-0.3625,0.009622267611239054,False
26.75,-0.3625,0.005954303999240832,False
26.875,-0.3625,0.0004935148966174066,False
27.0,-0.3625,-0.004990026504607685,False
27.125,-0.3625,-0.008462241593350503,False
27.25,-0.3625,-0.008263194950632094,False
27.375,-0.3625,-0.0036542403731123774,False
27.5,-0.3625,0.004906255846147565,False
27.625,-0.3625,0.015850061964391333,False
27.75,-0.3625,0.026921363860757486,False
27.875,-0.3625,0.03579809322188359,False
28.0,-0.3625,0.04071547152616824,False
28.125,-0.3625,0.04090139615040208,False
28.25,-0.3625,0.03670259091352888,False
28.375,-0.3625,0.029386323858720143,False
28.5,-0.3625,0.020706802826081037,False
28.625,-0.3625,0.012392226664478305,False
28.75,-0.3625,0.005717308145418305,False
28.875,-0.3625,0.0012784531833702224,False
29.0,-0.3625,-0.0009933718708140817,False
29.125,-0.3625,-0.0016308663772106023,False
29.25,-0.3625,-0.0013434274034409008,False
29.375,-0.3625,-0.0007581174160191959,False
29.5,-0.3625,-0.00026824380286180345,False
29.625,-0.3625,-1.2047566019946911e-05,False
29.75,-0.3625,5.060260562499396e-05,False
29.875,-0.3625,2.5819327202823753e-05,False
30.0,-0.3625,-2.7874717090256598e-06,False
30.125,-0.3625,-7.588440086629983e-06,False
30.25,-0.3625,-7.358089047479857e-07,False
30.375,-0.3625,1.2529596372240298e-06,False
30.5,-0.3625,-9.847618275004103e-07,False
30.625,-0.3625,2.9093642055006038e-06,False
30.75,-0.3625,7.415798342134488e-06,False
30.875,-0.3625,-2.4857300391303424e-05,False
31.0,-0.3625,-0.0001448519975135192,False
31.125,-0.3625,-0.00036218185870629313,False
31.25,-0.3625,-0.0005808382885945623,False
31.375,-0.3625,-0.0005708918849430803,False
31.5,-0.3625,-1.4967580195765842e-05,False
31.625,-0.3625,0.0013645852178600874,False
31.75,-0.3625,0.0036375842752091304,False
31.875,-0.3625,0.006532411825464726,False
32.0,-0.3625,0.009416680445863518,False
32.125,-0.3625,0.011436265797771733,False
32.25,-0.3625,0.01179145143051189,False
32.375,-0.3625,0.010060509593211213,False
32.5,-0.3625,0.006441609644134993,False
32.625,-0.3625,0.0017963036743090673,False
32.75,-0.3625,-0.0025562792899317278,False
32.875,-0.3625,-0.00524842648708098,False
33.0,-0.3625,-0.0053406655788402965,False
33.125,-0.3625,-0.0026887910632919353,False
33.25,-0.3625,0.0019495071393838596,False
33.375,-0.3625,0.007128382908896167,False
33.5,-0.3625,0.011186821120250089,False
33.625,-0.3625,0.012816164498992425,False
33.75,-0.3625,0.011514470933853809,False
33.875,-0.3625,0.007757343560336636,False
34.0,-0.3625,0.002819893716482504,False
34.125,-0.3625,-0.0016835363906307307,False
34.25,-0.3625,-0.004368701898474809,False
34.375,-0.3625,-0.004547913071807636,False
34.5,-0.3625,-0.002425714830466842,False
34.625,-0.3625,0.0010360537436284898,False
34.75,-0.3625,0.004515852626352625,False
34.875,-0.3625,0.006828472671184528,False
35.0,-0.3625,0.0073276513519862,False
35.125,-0.3625,0.006072311431746525,False
35.25,-0.3625,0.0037154052626269017,False
35.375,-0.3625,0.0011853645649574805,False
35.5,-0.3625,-0.0006951080061520811,False
35.625,-0.3625,-0.0014975291484869268,False
35.75,-0.3625,-0.001281088556667606,False
35.875,-0.3625,-0.00047866681651841504,False
36.0,-0.3625,0.00035056506418004355,False
36.125,-0.3625,0.0007809582676460718,False
36.25,-0.3625,0.0006805014555015734,False
36.375,-0.3625,0.0002151626275989603,False
36.5,-0.3625,-0.00028387205446777687,False
36.625,-0.3625,-0.0005122752581377179,False
36.75,-0.3625,-0.000347485965088326,False
36.875,-0.3625,0.00010335604120594114,False
37.0,-0.3625,0.0005758896242873501,False
37.125,-0.3625,0.0007967581993488645,False
37.25,-0.3625,0.0006298519182806468,False
37.375,-0.3625,0.00014841948164199018,False
37.5,-0.3625,-0.00039982914871604337,False
37.625,-0.3625,-0.0007147242849802324,False
37.75,-0.3625,-0.0005918320564170191,False
37.875,-0.3625,-2.5255694489888627e-05,False
38.0,-0.3625,0.0007832577510519502,False
38.125,-0.3625,0.0015121585163539676,False
38.25,-0.3625,0.0018630261958222862,False
38.375,-0.3625,0.001692361096781681,False
38.5,-0.3625,0.0010727804992066107,False
38.625,-0.3625,0.00025782995704477405,False
38.75,-0.3625,-0.0004311810372475814,False
38.875,-0.3625,-0.0007436368075257421,False
39.0,-0.3625,-0.0006014285009979032,False
39.125,-0.3625,-0.00012106490888941652,False
39.25,-0.3625,0.00044967590296372215,False
39.375,-0.3625,0.000848160842138553,False
39.5,-0.3625,0.0009121189221176129,False
39.625,-0.3625,0.0006428108373943158,False
39.75,-0.3625,0.00019122070071954757,False
39.875,-0.3625,-0.00022195077413549882,False
40.0,-0.3625,-0.0004126705537973237,False
40.125,-0.3625,-0.0003167768320671304,False
40.25,-0.3625,-1.3377783272192431e-05,False
40.375,-0.3625,0.00031949143575576565,False
40.5,-0.3625,0.0004940234076159662,False
40.625,-0.3625,0.000404462451529783,False
40.75,-0.3625,7.984271169629228e-05,False
40.875,-0.3625,-0.0003252603655566638,False
41.0,-0.3625,-0.0005967430047601741,False
41.125,-0.3625,-0.000553895518871446,False
41.25,-0.3625,-0.00012875936402854157,False
41.375,-0.3625,0.0006013256256885622,False
41.5,-0.3625,0.0014402395691380267,False
41.625,-0.3625,0.002145907409519008,False
41.75,-0.3625,0.002518431776120963,False
41.875,-0.3625,0.002468241876011898,False
42.0,-0.3625,0.0020393789339624067,False
42.125,-0.3625,0.0013826935351212032,False
42.25,-0.3625,0.000693771022228716,False
42.375,-0.3625,0.00014260782028443732,False
42.5,-0.3625,-0.0001777572040827158,False
42.625,-0.3625,-0.0002670973857047373,False
42.75,-0.3625,-0.00019771642227468968,False
42.875,-0.3625,-7.154261037349426e-05,False
43.0,-0.3625,2.5068252591186172e-05,False
43.125,-0.3625,5.079908993776526e-05,False
43.25,-0.3625,1.4332076375764418e-05,False
43.375,-0.3625,-4.256708593076236e-05,False
43.5,-0.3625,-7.267560216668939e-05,False
43.625,-0.3625,-4.793877961351402e-05,False
43.75,-0.3625,2.9015542363768404e-05,False
43.875,-0.3625,0.00012928998763830126,False
44.0,-0.3625,0.00021355081675894928,False
44.125,-0.3625,0.00025054474637656136,False
44.25,-0.3625,0.00022975939134972875,False
44.375,-0.3625,0.00016353919470896234,False
44.5,-0.3625,7.924935996659214e-05,False
44.625,-0.3625,6.288087576704655e-06,False
44.75,-0.3625,-3.576931885859374e-05,False
44.875,-0.3625,-4.306767847600867e-05,False
45.0,-0.3625,-2.5888369016187643e-05,False
45.125,-0.3625,-1.4948004976710636e-06,False
45.25,-0.3625,1.4625335887376738e-05,False
45.375,-0.3625,1.5133111188280226e-05,False
45.5,-0.3625,2.5290629729203792e-06,False
45.625,-0.3625,-1.3748347164025862e-05,False
45.75,-0.3625,-2.2785272726560495e-05,False
45.875,-0.3625,-1.7445611701202583e-05,False
46.0,-0.3625,2.7871384704209567e-06,False
46.125,-0.3625,3.2180793193479967e-05,False
46.25,-0.3625,6.16545054484956e-05,False
46.375,-0.3625,8.259959021607625e-05,False
46.5,-0.3625,8.993225748326925e-05,False
46.625,-0.3625,8.332167932520759e-05,False
46.75,-0.3625,6.647415236330429e-05,False
46.875,-0.3625,4.514331916100275e-05,False
47.0,-0.3625,2.488317908562741e-05,False
47.125,-0.3625,9.421727387185627e-06,False
47.25,-0.3625,7.926905012797523e-08,False
47.375,-0.3625,-3.850745147854694e-06,False
47.5,-0.3625,-4.179255263175749e-06,False
47.625,-0.3625,-2.85641428006002e-06,False
47.75,-0.3625,-1.321128937583616e-06,False
47.875,-0.3625,-2.8413753826754204e-07,False
48.0,-0.3625,1.4417992912346857e-07,False
48.125,-0.3625,1.7041637287450377e-07,False
48.25,-0.3625,5.5275225592029674e-08,False
48.375,-0.3625,-3.387031755124012e-08,False
48.5,-0.3625,-4.9421178037595974e-08,False
48.625,-0.3625,-1.832283072609424e-08,False
48.75,-0.3625,1.632117209017134e-08,False
48.875,-0.3625,3.04277961170104e-08,False
49.0,-0.3625,2.421848160436415e-08,False
49.125,-0.3625,1.0123485016952878e-08,False
49.25,-0.3625,-7.317707779020669e-10,False
49.375,-0.3625,-4.571418879942096e-09,False
49.5,-0.3625,-3.5090139924703826e-09,False
49.625,-0.3625,-1.2037026059732154e-09,False
49.75,-0.3625,1.7794685677873294e-10,False
49.875,-0.3625,4.147714554133874e-10,False
50.0,-0.3625,1.7251662326103893e-10,False
50.125,-0.3625,-1.7938919358668384e-11,False
50.25,-0.3625,-4.896179791983946e-11,False
50.375,-0.3625,-1.950916788222591e-11,False
50.5,-0.3625,-1.859460221811946e-12,False
50.625,-0.3625,7.217375033194567e-13,False
50.75,-0.3625,5.912878374186182e-13,False
50.875,-0.3625,1.840233301277222e-12,False
51.0,-0.3625,4.417018653386137e-12,False
51.125,-0.3625,-5.941967301598502e-12,False
51.25,-0.3625,-4.766432120416455e-11,False
51.375,-0.3625,-6.881539182899e-11,False
51.5,-0.3625,8.458539451509638e-11,False
51.625,-0.3625,4.455549798496589e-10,False
51.75,-0.3625,4.915953370750122e-10,False
51.875,-0.3625,-9.100840927032903e-10,False
52.0,-0.3625,-4.401121774009559e-09,False
52.125,-0.3625,-8.011794012607413e-09,False
52.25,-0.3625,-5.981787768851739e-09,False
52.375,-0.3625,8.457021593843703e-09,False
52.5,-0.3625,3.527894207583098e-08,False
52.625,-0.3625,5.934036735434713e-08,False
52.75,-0.3625,5.187444025101457e-08,False
52.875,-0.3625,-8.522874501298684e-09,False
53.0,-0.3625,-9.896214580241158e-08,False
53.125,-0.3625,-1.2715579331417518e-07,False
53.25,-0.3625,3.28636145516945e-08,False
53.375,-0.3625,4.0085176723716536e-07,False
53.5,-0.3625,6.565435622405796e-07,False
53.625,-0.3625,-7.696952787847837e-08,False
53.75,-0.3625,-3.2108867081233662e-06,False
53.875,-0.3625,-1.0158936359039867e-05,False
54.0,-0.3625,-2.111852843979105e-05,False
54.125,-0.3625,-3.326141088714357e-05,False
54.25,-0.3625,-3.8840477277432624e-05,False
54.375,-0.3625,-2.4115600968520928e-05,False
54.5,-0.3625,2.9836269347822302e-05,False
54.625,-0.3625,0.00014363624002526964,False
54.75,-0.3625,0.00033343760304327917,False
54.875,-0.3625,0.0006032189075349434,False
55.0,-0.3625,0.0009378061487176032,False
55.125,-0.3625,0.0012995010473656405,False
55.25,-0.3625,0.0016308333088082417,False
55.375,-0.3625,0.0018644741011498553,False
55.5,-0.3625,0.0019390273343484138,False
55.625,-0.3625,0.0018169646227610447,False
55.75,-0.3625,0.0014993259367784852,False
55.875,-0.3625,0.001031789159551457,False
56.0,-0.3625,0.0004986524882964272,False
56.125,-0.3625,4.795834560869072e-06,False
56.25,-0.3625,-0.00035026852584844133,False
56.375,-0.3625,-0.0004990021269558779,False
56.5,-0.3625,-0.00042487667299521644,False
56.625,-0.3625,-0.00016741041607159715,False
56.75,-0.3625,0.0001890448728565848,False
56.875,-0.3625,0.0005397679760366582,False
57.0,-0.3625,0.0007898918414212281,False
57.125,-0.3625,0.0008808186498013302,False
57.25,-0.3625,0.0008044506267791081,False
57.375,-0.3625,0.0006009936620775405,False
57.5,-0.3625,0.00034172775548916716,False
57.625,-0.3625,0.00010324716698847594,False
57.75,-0.3625,-5.761087498212248e-05,False
57.875,-0.3625,-0.0001195855917962281,False
58.0,-0.3625,-9.873139647824452e-05,False
58.125,-0.3625,-3.6606178438642214e-05,False
58.25,-0.3625,1.962708884140755e-05,False
58.375,-0.3625,3.705885673945458e-05,False
58.5,-0.3625,9.2598602512195e-06,False
58.625,-0.3625,-4.331689996630978e-05,False
58.75,-0.3625,-8.412149592491496e-05,False
58.875,-0.3625,-7.751364841387985e-05,False
59.0,-0.3625,-4.857161260317936e-06,False
59.125,-0.3625,0.00012669814833100578,False
59.25,-0.3625,0.00028594926077638575,False
59.375,-0.3625,0.0004288109043317769,False
59.5,-0.3625,0.0005142265318140479,False
59.625,-0.3625,0.0005185392306890824,False
59.75,-0.3625,0.00044299560293389244,False
59.875,-0.3625,0.0003120072732401877,False
60.0,-0.3625,0.00016345424484387678,False
10.0,-0.35,0.048201184949264494,False
10.125,-0.35,0.14320113688086522,False
10.25,-0.35,0.1481852418265319,False
10.375,-0.35,0.0797603081329707,False
10.5,-0.35,-0.014365776063195619,False
10.625,-0.35,-0.08131160335608892,False
10.75,-0.35,-0.08760813144465293,False
10.875,-0.35,-0.03232784640984126,False
11.0,-0.35,0.05559014196570395,False
11.125,-0.35,0.13309602041300822,False
11.25,-0.35,0.16381971837817308,False
11.375,-0.35,0.1343711077476827,False
11.5,-0.35,0.059322873271091946,False
11.625,-0.35,-0.02653465271747083,False
11.75,-0.35,-0.08445142145133876,False
11.875,-0.35,-0.08886226152447393,False
12.0,-0.35,-0.037908020099912766,False
12.125,-0.35,0.04682403755014308,False
12.25,-0.35,0.13057144896940479,False
12.375,-0.35,0.18064241417607219,False
12.5,-0.35,0.17979142169326978,False
12.625,-0.35,0.1321509237349671,False
12.75,-0.35,0.059739090186697055,False
12.875,-0.35,-0.008236139410268128,False
13.0,-0.35,-0.04811777378601546,False
13.125,-0.35,-0.05094401769369911,False
13.25,-0.35,-0.024370449913128363,False
13.375,-0.35,0.012799624104001428,False
13.5,-0.35,0.04037360069042893,False
13.625,-0.35,0.046061583482942973,False
13.75,-0.35,0.03014203346611289,False
13.875,-0.35,0.003769654564763655,False
14.0,-0.35,-0.01775439939163281,False
14.125,-0.35,-0.02317618207800693,False
14.25,-0.35,-0.010899582222206224,False
14.375,-0.35,0.010599755162388083,False
14.5,-0.35,0.02757803831484484,False
14.625,-0.35,0.02855533041115002,False
14.75,-0.35,0.010816194473062625,False
14.875,-0.35,-0.01736034127111476,False
15.0,-0.35,-0.03994955265312381,False
15.125,-0.35,-0.040533034912822195,False
15.25,-0.35,-0.010428912843955161,False
15.375,-0.35,0.04616300614365119,False
15.5,-0.35,0.11250479797572621,False
15.625,-0.35,0.16526856630709721,False
15.75,-0.35,0.18374574420257936,False
15.875,-0.35,0.1585142010461132,False
16.0,-0.35,0.09592005071471159,False
16.125,-0.35,0.016427503545084432,False
16.25,-0.35,-0.05261020891112324,False
16.375,-0.35,-0.08695490214238535,False
16.5,-0.35,-0.07437554551207658,False
16.625,-0.35,-0.019035060041709975,False
16.75,-0.35,0.0602007322618223,False
16.875,-0.35,0.136732197543462,False
17.0,-0.35,0.1857095597754274,False
17.125,-0.35,0.19245962980528167,False
17.25,-0.35,0.15687812534497128,False
17.375,-0.35,0.09248668218457244,False
17.5,-0.35,0.02089378980182456,False
17.625,-0.35,-0.036001437924334495,False
17.75,-0.35,-0.0631306822511025,False
17.875,-0.35,-0.05631233917668599,False
18.0,-0.35,-0.022207850772362654,False
18.125,-0.35,0.025280283276378577,False
18.25,-0.35,0.07044606507834308,False
18.375,-0.35,0.10093203834924977,False
18.5,-0.35,0.11090141462136048,False
18.625,-0.35,0.10151007731563565,False
18.75,-0.35,0.07903346432874112,False
18.875,-0.35,0.05176169554704262,False
19.0,-0.35,0.026987550700009477,False
19.125,-0.35,0.009094806503587053,False
19.25,-0.35,-0.000870473791620377,False
19.375,-0.35,-0.004394868364765891,False
19.5,-0.35,-0.004099663676617512,False
19.625,-0.35,-0.0024403108696583998,False
19.75,-0.35,-0.0009578832690327896,False
19.875,-0.35,-0.00017978061215491182,False
20.0,-0.35,3.255441323189722e-05,False
20.125,-0.35,1.735718161587869e-05,False
20.25,-0.35,-3.8776217422187075e-06,False
20.375,-0.35,4.4211212641287346e-06,False
20.5,-0.35,-3.0953694261218956e-06,False
20.625,-0.35,-2.8188788775823552e-05,False
20.75,-0.35,-6.9352896690674704e-06,False
20.875,-0.35,9.536914772935753e-05,False
21.0,-0.35,0.0001639931388980199,False
21.125,-0.35,-8.103657606771457e-05,False
21.25,-0.35,-0.0009204602308902233,False
21.375,-0.35,-0.0023307995235593566,False
21.5,-0.35,-0.0036903463694493615,False
21.625,-0.35,-0.003689369408608599,False
21.75,-0.35,-0.0005776778620201102,False
21.875,-0.35,0.007260186628763347,False
22.0,-0.35,0.020575473861887537,False
22.125,-0.35,0.03865273995873651,False
22.25,-0.35,0.05911229912134369,False
22.375,-0.35,0.07827209263382842,False
22.5,-0.35,0.09202282552978266,False
22.625,-0.35,0.09696988433296931,False
22.75,-0.35,0.0914755451277925,False
22.875,-0.35,0.0762452606566357,False
23.0,-0.35,0.054242277939443063,False
23.125,-0.35,0.029935718425489984,False
23.25,-0.35,0.008108912015959667,False
23.375,-0.35,-0.007401673488752739,False
23.5,-0.35,-0.014650097873309722,False
23.625,-0.35,-0.013933323097663961,False
23.75,-0.35,-0.007477559581734336,False
23.875,-0.35,0.0014018706263380322,False
24.0,-0.35,0.009370753513028239,False
24.125,-0.35,0.01402924733592077,False
24.25,-0.35,0.014466549380191812,False
24.375,-0.35,0.011286960785731326,False
24.5,-0.35,0.006158777672106014,False
24.625,-0.35,0.0010865411141975324,False
24.75,-0.35,-0.002322640876277253,False
24.875,-0.35,-0.003353499311814822,False
25.0,-0.35,-0.0022974590985870825,False
25.125,-0.35,-0.00019060326478198683,False
25.25,-0.35,0.0016925437085691796,False
25.375,-0.35,0.002382457288561456,False
25.5,-0.35,0.0015911756241093176,False
25.625,-0.35,-0.00020811172858710837,False
25.75,-0.35,-0.0020129423710585925,False
25.875,-0.35,-0.0027342877986623157,False
26.0,-0.35,-0.0016747408670904486,False
26.125,-0.35,0.0011428456128240345,False
26.25,-0.35,0.004924382485287587,False
26.375,-0.35,0.008357123659519483,False
26.5,-0.35,0.010080610489769862,False
26.625,-0.35,0.009209821227209508,False
26.75,-0.35,0.005721760501792702,False
26.875,-0.35,0.0005604525144125064,False
27.0,-0.35,-0.004589593015735285,False
27.125,-0.35,-0.007797621386819676,False
27.25,-0.35,-0.0074916115069217915,False
27.375,-0.35,-0.0029766989612979803,False
27.5,-0.35,0.005303759660126839,False
27.625,-0.35,0.01585111533254024,False
27.75,-0.35,0.026512214903209,False
27.875,-0.35,0.03506933395589836,False
28.0,-0.35,0.03983292565846731,False
28.125,-0.35,0.04005674350570746,False
28.25,-0.35,0.03606022288316063,False
28.375,-0.35,0.029043030846285445,False
28.5,-0.35,0.020675414596733582,False
28.625,-0.35,0.012611515673252138,False
28.75,-0.35,0.006081657056266527,False
28.875,-0.35,0.0016751017170212748,False
29.0,-0.35,-0.0006525002856458944,False
29.125,-0.35,-0.0013919052248992877,False
29.25,-0.35,-0.0012104487821685951,False
29.375,-0.35,-0.0007062333394454004,False
29.5,-0.35,-0.00026206049844504896,False
29.625,-0.35,-2.1386910722065505e-05,False
29.75,-0.35,4.277921454385319e-05,False
29.875,-0.35,2.3869458501572638e-05,False
30.0,-0.35,-1.5209462214284623e-06,False
30.125,-0.35,-6.546920471639781e-06,False
30.25,-0.35,-8.719641533807693e-07,False
30.375,-0.35,9.92827732782908e-07,False
30.5,-0.35,-7.08110071376237e-07,False
30.625,-0.35,2.5782438336751105e-06,False
30.75,-0.35,4.984127970429376e-06,False
30.875,-0.35,-2.7430913547843364e-05,False
31.0,-0.35,-0.00013881838223242458,False
31.125,-0.35,-0.0003325564421706017,False
31.25,-0.35,-0.0005126228785491071,False
31.375,-0.35,-0.00045942747470086444,False
31.5,-0.35,0.0001243703470426695,False
31.625,-0.35,0.0014934042262699939,False
31.75,-0.35,0.0037024045128105374,False
31.875,-0.35,0.006483096231350776,False
32.0,-0.35,0.00922947167583295,False
32.125,-0.35,0.011131813712013373,False
32.25,-0.35,0.011438412089749276,False
32.375,-0.35,0.009759974444538555,False
32.5,-0.35,0.0062952788158046466,False
32.625,-0.35,0.0018688562522312952,False
32.75,-0.35,-0.002266156003440429,False
32.875,-0.35,-0.004815603603226321,False
33.0,-0.35,-0.004894301413963736,False
33.125,-0.35,-0.0023710933538071692,False
33.25,-0.35,0.002032429013833458,False
33.375,-0.35,0.006945385506352085,False
33.5,-0.35,0.010795078258494753,False
33.625,-0.35,0.012342971110526655,False
33.75,-0.35,0.011113437953503226,False
33.875,-0.35,0.007554896047786373,False
34.0,-0.35,0.0028718903850741867,False
34.125,-0.35,-0.0014090677804110808,False
34.25,-0.35,-0.003976793160873247,False
34.375,-0.35,-0.00417621976246082,False
34.5,-0.35,-0.002194375066341608,False
34.625,-0.35,0.0010651933942952448,False
34.75,-0.35,0.004356007766909727,False
34.875,-0.35,0.006556020696578222,False
35.0,-0.35,0.007048192064991981,False
35.125,-0.35,0.005879363345689701,False
35.25,-0.35,0.003658137587542718,False
35.375,-0.35,0.001256847459729187,False
35.5,-0.35,-0.000546790013167088,False
35.625,-0.35,-0.0013422902496764723,False
35.75,-0.35,-0.001176650163030819,False
35.875,-0.35,-0.00044978550255278754,False
36.0,-0.35,0.0003161122489562854,False
36.125,-0.35,0.0007201529514710642,False
36.25,-0.35,0.0006340158154190507,False
36.375,-0.35,0.00020783698619659006,False
36.5,-0.35,-0.0002524426253740565,False
36.625,-0.35,-0.00046392920849053427,False
36.75,-0.35,-0.0003116863761241068,False
36.875,-0.35,0.00010577500058200337,False
37.0,-0.35,0.0005433630268849419,False
37.125,-0.35,0.000747223420672588,False
37.25,-0.35,0.0005910551670838239,False
37.375,-0.35,0.0001434983977535806,False
37.5,-0.35,-0.00036427084667873676,False
37.625,-0.35,-0.000652316514050381,False
37.75,-0.35,-0.0005302914857271522,False
37.875,-0.35,6.520349689739064e-06,False
38.0,-0.35,0.0007686764130921497,False
38.125,-0.35,0.0014547034337267853,False
38.25,-0.35,0.001784826681665927,False
38.375,-0.35,0.0016243839150005056,False
38.5,-0.35,0.001041262485363308,False
38.625,-0.35,0.0002731292669846495,False
38.75,-0.35,-0.0003784324932010915,False
38.875,-0.35,-0.0006776451803565312,False
39.0,-0.35,-0.0005501331263244415,False
39.125,-0.35,-0.000103992079350009,False
39.25,-0.35,0.0004292024882899787,False
39.375,-0.35,0.0008032537907751105,False
39.5,-0.35,0.0008653262616761113,False
39.625,-0.35,0.0006154035910560828,False
39.75,-0.35,0.00019375867184995247,False
39.875,-0.35,-0.000193622414895685,False
40.0,-0.35,-0.00037449161163313077,False
40.125,-0.35,-0.0002882949265163774,False
40.25,-0.35,-8.284928494298839e-06,False
40.375,-0.35,0.0002997517190321717,False
40.5,-0.35,0.0004607877046164815,False
40.625,-0.35,0.0003764618160994463,False
40.75,-0.35,7.447973826877984e-05,False
40.875,-0.35,-0.00030001038175835114,False
41.0,-0.35,-0.0005462600393502138,False
41.125,-0.35,-0.0004950618259433802,False
41.25,-0.35,-8.325405563893037e-05,False
41.375,-0.35,0.0006156406802248714,False
41.5,-0.35,0.0014162365895610551,False
41.625,-0.35,0.0020896932147884714,False
41.75,-0.35,0.002446671917747667,False
41.875,-0.35,0.0024016837789391024,False
42.0,-0.35,0.001995360674151055,False
42.125,-0.35,0.0013695890913969296,False
42.25,-0.35,0.0007092833799978073,False
42.375,-0.35,0.00017611821600200557,False
42.5,-0.35,-0.0001401798921729292,False
42.625,-0.35,-0.00023728583385057507,False
42.75,-0.35,-0.0001817063486377116,False
42.875,-0.35,-6.87281660414587e-05,False
43.0,-0.35,2.00815251997148e-05,False
43.125,-0.35,4.484995071177904e-05,False
43.25,-0.35,1.2478916726408997e-05,False
43.375,-0.35,-3.8856364073549976e-05,False
43.5,-0.35,-6.542542276782545e-05,False
43.625,-0.35,-4.104591783827105e-05,False
43.75,-0.35,3.195926018582837e-05,False
43.875,-0.35,0.0001266899030503508,False
44.0,-0.35,0.00020635257997173275,False
44.125,-0.35,0.00024156723713877535,False
44.25,-0.35,0.00022229052816213972,False
44.375,-0.35,0.00015991430414166095,False
44.5,-0.35,8.002902713666438e-05,False
44.625,-0.35,1.0299074194890714e-05,False
44.75,-0.35,-3.067854579353399e-05,False
44.875,-0.35,-3.898861973428232e-05,False
45.0,-0.35,-2.40156981008936e-05,False
45.125,-0.35,-1.811277400935183e-06,False
45.25,-0.35,1.3097034863692091e-05,False
45.375,-0.35,1.3715515494335908e-05,False
45.5,-0.35,2.2360277141908516e-06,False
45.625,-0.35,-1.2619209985046614e-05,False
45.75,-0.35,-2.068238821640667e-05,False
45.875,-0.35,-1.526700767192756e-05,False
46.0,-0.35,4.1362172673946466e-06,False
46.125,-0.35,3.216662730640716e-05,False
46.25,-0.35,6.028467248493936e-05,False
46.375,-0.35,8.035144018800054e-05,False
46.5,-0.35,8.75124042136217e-05,False
46.625,-0.35,8.138280020241305e-05,False
46.75,-0.35,6.540652194968936e-05,False
46.875,-0.35,4.500380489769213e-05,False
47.0,-0.35,2.5456643785632034e-05,False
47.125,-0.35,1.0359882439241753e-05,False
47.25,-0.35,1.0462760518755941e-06,False
47.375,-0.35,-3.08023761319725e-06,False
47.5,-0.35,-3.6904826330804796e-06,False
47.625,-0.35,-2.6219224410960762e-06,False
47.75,-0.35,-1.2558514570108176e-06,False
47.875,-0.35,-2.980653142370367e-07,False
48.0,-0.35,1.1416885465405149e-07,False
48.125,-0.35,1.5293343948497622e-07,False
48.25,-0.35,5.3402949287286225e-08,False
48.375,-0.35,-2.8202617736554537e-08,False
48.5,-0.35,-4.4256706676975786e-08,False
48.625,-0.35,-1.6976582000277747e-08,False
48.75,-0.35,1.4700897955253558e-08,False
48.875,-0.35,2.8170546888532088e-08,False
49.0,-0.35,2.294931770043629e-08,False
49.125,-0.35,1.0106973635972732e-08,False
49.25,-0.35,-8.966586636651255e-11,False
49.375,-0.35,-3.941497355809411e-09,False
49.5,-0.35,-3.1994661295860576e-09,False
49.625,-0.35,-1.169184576929727e-09,False
49.75,-0.35,1.1121115642387117e-10,False
49.875,-0.35,3.661308680790239e-10,False
50.0,-0.35,1.6511567285941646e-10,False
50.125,-0.35,-8.25085532152807e-12,False
50.25,-0.35,-4.228968553467321e-11,False
50.375,-0.35,-1.848280669443134e-11,False
50.5,-0.35,-2.3944506370983094e-12,False
50.625,-0.35,5.100066574431409e-13,False
50.75,-0.35,5.874314444549553e-13,False
50.875,-0.35,1.7368196370791632e-12,False
51.0,-0.35,3.516636604962351e-12,False
51.125,-0.35,-6.821615149755859e-12,False
51.25,-0.35,-4.3137274787278934e-11,False
51.375,-0.35,-5.5582373077546816e-11,False
51.5,-0.35,8.928273468843735e-11,False
51.625,-0.35,4.0142263294918217e-10,False
51.75,-0.35,3.889652487405549e-10,False
51.875,-0.35,-9.510129975566755e-10,False
52.0,-0.35,-4.096354241376388e-09,False
52.125,-0.35,-7.100001886751332e-09,False
52.25,-0.35,-4.6466808441843654e-09,False
52.375,-0.35,9.23490770974436e-09,False
52.5,-0.35,3.4010430787634335e-08,False
52.625,-0.35,5.5330341450569104e-08,False
52.75,-0.35,4.703021840727209e-08,False
52.875,-0.35,-9.117872065454916e-09,False
53.0,-0.35,-8.997587525401301e-08,False
53.125,-0.35,-1.1018590809099849e-07,False
53.25,-0.35,4.128763827070034e-08,False
53.375,-0.35,3.6949660052884843e-07,False
53.5,-0.35,5.606312639847473e-07,False
53.625,-0.35,-2.0390685615607425e-07,False
53.75,-0.35,-3.1974503578232247e-06,False
53.875,-0.35,-9.612949438713312e-06,False
54.0,-0.35,-1.9387507252386764e-05,False
54.125,-0.35,-2.9493834629639297e-05,False
54.25,-0.35,-3.2191138360837894e-05,False
54.375,-0.35,-1.4093240062499246e-05,False
54.5,-0.35,4.2949439885995764e-05,False
54.625,-0.35,0.00015843272789589622,False
54.75,-0.35,0.00034727704688908366,False
54.875,-0.35,0.000612515517249227,False
55.0,-0.35,0.0009387616570673656,False
55.125,-0.35,0.0012891766138231904,False
55.25,-0.35,0.0016082888841293251,False
55.375,-0.35,0.0018315974303190897,False
55.5,-0.35,0.0019006864400817447,False
55.625,-0.35,0.0017802719714620037,False
55.75,-0.35,0.0014720710722401751,False
55.875,-0.35,0.0010203985818706108,False
56.0,-0.35,0.0005062612865905723,False
56.125,-0.35,3.0066461155172513e-05,False
56.25,-0.35,-0.00031311459472914665,False
56.375,-0.35,-0.00045883085878977315,False
56.5,-0.35,-0.0003912912930799919,False
56.625,-0.35,-0.0001480897773939882,False
56.75,-0.35,0.00019048686717014146,False
56.875,-0.35,0.0005247047536089978,False
57.0,-0.35,0.00076407769735027,False
57.125,-0.35,0.0008524524801951849,False
57.25,-0.35,0.0007815610069504615,False
57.375,-0.35,0.0005890244639132256,False
57.5,-0.35,0.0003421200891975265,False
57.625,-0.35,0.00011344647629657381,False
57.75,-0.35,-4.2809079478475575e-05,False
57.875,-0.35,-0.0001059097116215631,False
58.0,-0.35,-9.03392067906823e-05,False
58.125,-0.35,-3.477840154222696e-05,False
58.25,-0.35,1.6583001822438224e-05,False
58.375,-0.35,3.2750778879901056e-05,False
58.5,-0.35,7.489044886963953e-06,False
58.625,-0.35,-4.0226353011942734e-05,False
58.75,-0.35,-7.628800010831441e-05,False
58.875,-0.35,-6.741615717697241e-05,False
59.0,-0.35,3.70799579274077e-06,False
59.125,-0.35,0.00013016363294558785,False
59.25,-0.35,0.0002823956109596061,False
59.375,-0.35,0.0004187106167577391,False
59.5,-0.35,0.000500258182601459,False
59.625,-0.35,0.0005045903056845684,False
59.75,-0.35,0.0004327764458375046,False
59.875,-0.35,0.0003078178828406951,False
60.0,-0.35,0.00016554698080214456,False
10.0,-0.3375,0.04356533744664219,False
10.125,-0.3375,0.13276436622663368,False
10.25,-0.3375,0.13862188918377913,False
10.375,-0.3375,0.07588310934733375,False
10.5,-0.3375,-0.011282386520201367,False
10.625,-0.3375,-0.07352575219075654,False
10.75,-0.3375,-0.0794153539338218,False
10.875,-0.3375,-0.027863987000561738,False
11.0,-0.3375,0.054242792849608444,False
11.125,-0.3375,0.1267140678064908,False
11.25,-0.3375,0.15550201147863543,False
11.375,-0.3375,0.1280029763984024,False
11.5,-0.3375,0.057787979122811015,False
11.625,-0.3375,-0.02259434171048976,False
11.75,-0.3375,-0.07682115852453734,False
11.875,-0.3375,-0.08087076705324957,False
12.0,-0.3375,-0.032923874446962556,False
12.125,-0.3375,0.04682765475275978,False
12.25,-0.3375,0.1257700434697001,False
12.375,-0.3375,0.17315268188908284,False
12.5,-0.3375,0.17265708897329426,False
12.625,-0.3375,0.12801293947792625,False
12.75,-0.3375,0.05978226543506964,False
12.875,-0.3375,-0.004630800456135391,False
13.0,-0.3375,-0.04292376963460513,False
13.125,-0.3375,-0.04650525359159008,False
13.25,-0.3375,-0.02235744422382213,False
13.375,-0.3375,0.01202992502183463,False
13.5,-0.3375,0.0377671638984314,False
13.625,-0.3375,0.04326927026396211,False
13.75,-0.3375,0.028658119071415404,False
13.875,-0.3375,0.004227141935217848,False
14.0,-0.3375,-0.01581271612879715,False
14.125,-0.3375,-0.020973671768827504,False
14.25,-0.3375,-0.009736011062797176,False
14.375,-0.3375,0.010051383734759563,False
14.5,-0.3375,0.025641621888365405,False
14.625,-0.3375,0.02641012001097081,False
14.75,-0.3375,0.00991211700568195,False
14.875,-0.3375,-0.016050987137067155,False
15.0,-0.3375,-0.03648573627222815,False
15.125,-0.3375,-0.03609272638668364,False
15.25,-0.3375,-0.006870853601698777,False
15.375,-0.3375,0.04708457389967976,False
15.5,-0.3375,0.10993360131928176,False
15.625,-0.3375,0.1596982801156291,False
15.75,-0.3375,0.1769225361620264,False
15.875,-0.3375,0.15281353087541333,False
16.0,-0.3375,0.09344284337366443,False
16.125,-0.3375,0.01817854135430201,False
16.25,-0.3375,-0.047132238946416286,False
16.375,-0.3375,-0.0795937296084639,False
16.5,-0.3375,-0.06764747828163839,False
16.625,-0.3375,-0.015216983938861756,False
16.75,-0.3375,0.05987555531418118,False
16.875,-0.3375,0.13247461995593618,False
17.0,-0.3375,0.17904132135376713,False
17.125,-0.3375,0.18562312463589511,False
17.25,-0.3375,0.15203066637613358,False
17.375,-0.3375,0.09098302844385105,False
17.5,-0.3375,0.022904380482995423,False
17.625,-0.3375,-0.03143269069897272,False
17.75,-0.3375,-0.057653745927042546,False
17.875,-0.3375,-0.051655742357916104,False
18.0,-0.3375,-0.019615704191337464,False
18.125,-0.3375,0.025372177165362064,False
18.25,-0.3375,0.06841847327312255,False
18.375,-0.3375,0.09772130695113301,False
18.5,-0.3375,0.10760352955330171,False
18.625,-0.3375,0.099009232318839,False
18.75,-0.3375,0.0777772670178143,False
18.875,-0.3375,0.05172960327188534,False
19.0,-0.3375,0.02782052533811759,False
19.125,-0.3375,0.010302983996757437,False
19.25,-0.3375,0.0002853538645076533,False
19.375,-0.3375,-0.0035427627321139403,False
19.5,-0.3375,-0.0036102753199505834,False
19.625,-0.3375,-0.0022377669142195807,False
19.75,-0.3375,-0.0009166011829532437,False
19.875,-0.3375,-0.000193884765370782,False
20.0,-0.3375,1.8574789776222237e-05,False
20.125,-0.3375,1.4955941714673123e-05,False
20.25,-0.3375,-2.6560246645570476e-06,False
20.375,-0.3375,3.46212122298978e-06,False
20.5,-0.3375,-3.5463730131113424e-06,False
20.625,-0.3375,-2.4186316954871117e-05,False
20.75,-0.3375,-2.736335892278278e-06,False
20.875,-0.3375,8.753722649254618e-05,False
21.0,-0.3375,0.00013781596449755014,False
21.125,-0.3375,-0.0001055578013546326,False
21.25,-0.3375,-0.0008845289560913272,False
21.375,-0.3375,-0.002145550966798459,False
21.5,-0.3375,-0.0032703975528001476,False
21.625,-0.3375,-0.0030012105561270726,False
21.75,-0.3375,0.0003177166973267892,False
21.875,-0.3375,0.008193038816880929,False
22.0,-0.3375,0.02129495854835936,False
22.125,-0.3375,0.03889430687433328,False
22.25,-0.3375,0.0586848541002184,False
22.375,-0.3375,0.07713463664532932,False
22.5,-0.3375,0.09032087115293726,False
22.625,-0.3375,0.09501442871252877,False
22.75,-0.3375,0.08966713908734451,False
22.875,-0.3375,0.07496537767274872,False
23.0,-0.3375,0.053746347807643605,False
23.125,-0.3375,0.030282310328708567,False
23.25,-0.3375,0.00914762825418677,False
23.375,-0.3375,-0.005980593087364136,False
23.5,-0.3375,-0.0132216269023568,False
23.625,-0.3375,-0.012829896668605366,False
23.75,-0.3375,-0.006901594812791139,False
23.875,-0.3375,0.0014196849931222399,False
24.0,-0.3375,0.008958150420536663,False
24.125,-0.3375,0.013413017536899706,False
24.25,-0.3375,0.013890063080284915,False
24.375,-0.3375,0.010932942977055193,False
24.5,-0.3375,0.00610141948930284,False
24.625,-0.3375,0.001285201765036556,False
24.75,-0.3375,-0.0019907465285386155,False
24.875,-0.3375,-0.003036955073062236,False
25.0,-0.3375,-0.002112494126084348,False
25.125,-0.3375,-0.00018160587689163964,False
25.25,-0.3375,0.0015615943346416077,False
25.375,-0.3375,0.0022052059117198546,False
25.5,-0.3375,0.0014754811887732827,False
25.625,-0.3375,-0.00018673282528353942,False
25.75,-0.3375,-0.001843283274804525,False
25.875,-0.3375,-0.002475105997917739,False
26.0,-0.3375,-0.0014323378810083063,False
26.125,-0.3375,0.001256559337103732,False
26.25,-0.3375,0.004837687834091003,False
26.375,-0.3375,0.008071061250038385,False
26.5,-0.3375,0.009675848410023408,False
26.625,-0.3375,0.008824400957947466,False
26.75,-0.3375,0.005506604633803563,False
26.875,-0.3375,0.0006274980003749082,False
27.0,-0.3375,-0.004208891881307832,False
27.125,-0.3375,-0.0071689104137945886,False
27.25,-0.3375,-0.0067631159677751605,False
27.375,-0.3375,-0.002337738951695933,False
27.5,-0.3375,0.005678021243303235,False
27.625,-0.3375,0.01585097671829873,False
27.75,-0.3375,0.026124571552102495,False
27.875,-0.3375,0.03437933877733201,False
28.0,-0.3375,0.038996711014292335,False
28.125,-0.3375,0.03925506154780064,False
28.25,-0.3375,0.0354484664596989,False
28.375,-0.3375,0.028713218757886926,False
28.5,-0.3375,0.02064060954496351,False
28.625,-0.3375,0.012814897909451999,False
28.75,-0.3375,0.006424218420843354,False
28.875,-0.3375,0.002050575534295301,False
29.0,-0.3375,-0.0003276559677252355,False
29.125,-0.3375,-0.001162082139249706,False
29.25,-0.3375,-0.0010805018101727707,False
29.375,-0.3375,-0.0006535363842197812,False
29.5,-0.3375,-0.00025369485041715244,False
29.625,-0.3375,-2.89081270375124e-05,False
29.75,-0.3375,3.576606966534105e-05,False
29.875,-0.3375,2.1936867915033257e-05,False
30.0,-0.3375,-4.909087791904024e-07,False
30.125,-0.3375,-5.614792114683498e-06,False
30.25,-0.3375,-9.54182188850027e-07,False
30.375,-0.3375,7.774975533494116e-07,False
30.5,-0.3375,-4.945447895705739e-07,False
30.625,-0.3375,2.228336472196122e-06,False
30.75,-0.3375,2.8877957905644465e-06,False
30.875,-0.3375,-2.9181691771819384e-05,False
31.0,-0.3375,-0.00013187360824518034,False
31.125,-0.3375,-0.00030295526253879673,False
31.25,-0.3375,-0.0004466654041527039,False
31.375,-0.3375,-0.0003533002331777745,False
31.5,-0.3375,0.000255683917702598,False
31.625,-0.3375,0.001613538868456106,False
31.75,-0.3375,0.0037612056434649004,False
31.875,-0.3375,0.006433936715544332,False
32.0,-0.3375,0.009050746523462008,False
32.125,-0.3375,0.010843633173473716,False
32.25,-0.3375,0.011105740417376594,False
32.375,-0.3375,0.009477856749190846,False
32.5,-0.3375,0.0061589490693048365,False
32.625,-0.3375,0.0019385370546273362,False
32.75,-0.3375,-0.0019922448708419973,False
32.875,-0.3375,-0.004408152229975984,False
33.0,-0.3375,-0.004474710253922305,False
33.125,-0.3375,-0.0020727746276660193,False
33.25,-0.3375,0.002110075932789153,False
33.375,-0.3375,0.00677331473910847,False
33.5,-0.3375,0.010427027543810636,False
33.625,-0.3375,0.011898369158324856,False
33.75,-0.3375,0.01073636337666847,False
33.875,-0.3375,0.007363976473500065,False
34.0,-0.3375,0.0029196736803876106,False
34.125,-0.3375,-0.0011523143841949573,False
34.25,-0.3375,-0.003609313568391591,False
34.375,-0.3375,-0.0038269719031842103,False
34.5,-0.3375,-0.0019761122243214173,False
34.625,-0.3375,0.0010941359819221287,False
34.75,-0.3375,0.0042075227874811,False
34.875,-0.3375,0.006301237305475093,False
35.0,-0.3375,0.006785839002974426,False
35.125,-0.3375,0.0056971681750112415,False
35.25,-0.3375,0.0036025802936133495,False
35.375,-0.3375,0.0013220225667361998,False
35.5,-0.3375,-0.0004089619437092915,False
35.625,-0.3375,-0.0011969748361258447,False
35.75,-0.3375,-0.0010779282131546841,False
35.875,-0.3375,-0.00042118100074847937,False
36.0,-0.3375,0.00028552515116387717,False
36.125,-0.3375,0.0006644993286628916,False
36.25,-0.3375,0.0005910683886068851,False
36.375,-0.3375,0.00020082863743502282,False
36.5,-0.3375,-0.00022365471929889247,False
36.625,-0.3375,-0.00041941381671706934,False
36.75,-0.3375,-0.0002786709339084975,False
36.875,-0.3375,0.00010798559540690767,False
37.0,-0.3375,0.0005132895463589921,False
37.125,-0.3375,0.0007014652066709474,False
37.25,-0.3375,0.000555319012223756,False
37.375,-0.3375,0.00013922343703066058,False
37.5,-0.3375,-0.0003309903769631866,False
37.625,-0.3375,-0.0005941763683435825,False
37.75,-0.3375,-0.0004730732314225088,False
37.875,-0.3375,3.5942405804453045e-05,False
38.0,-0.3375,0.0007548759165624829,False
38.125,-0.3375,0.0014009375708578565,False
38.25,-0.3375,0.001711714271402773,False
38.375,-0.3375,0.0015607852718697217,False
38.5,-0.3375,0.0010116512383272834,False
38.625,-0.3375,0.0002872032861327227,False
38.75,-0.3375,-0.0003293523602143728,False
38.875,-0.3375,-0.0006160840910114972,False
39.0,-0.3375,-0.000502133981948704,False
39.125,-0.3375,-8.780192735928201e-05,False
39.25,-0.3375,0.00041040502433810214,False
39.375,-0.3375,0.0007616039084623491,False
39.5,-0.3375,0.0008217791441719867,False
39.625,-0.3375,0.0005897718517488221,False
39.75,-0.3375,0.00019592294958751334,False
39.875,-0.3375,-0.00016745999638341516,False
40.0,-0.3375,-0.0003391036485923288,False
40.125,-0.3375,-0.0002618341170792591,False
40.25,-0.3375,-3.4804025981885792e-06,False
40.375,-0.3375,0.0002815509923084711,False
40.5,-0.3375,0.00043011877329515003,False
40.625,-0.3375,0.000350743030012164,False
40.75,-0.3375,6.989168226444347e-05,False
40.875,-0.3375,-0.00027607090642995443,False
41.0,-0.3375,-0.0004988461304518977,False
41.125,-0.3375,-0.00043995597085302613,False
41.25,-0.3375,-4.0719006355042185e-05,False
41.375,-0.3375,0.0006289004351829853,False
41.5,-0.3375,0.0013935405372399283,False
41.625,-0.3375,0.0020367363023075136,False
41.75,-0.3375,0.0023790435504888285,False
41.875,-0.3375,0.0023388282298707126,False
42.0,-0.3375,0.001953574019760539,False
42.125,-0.3375,0.0013568082558338582,False
42.25,-0.3375,0.0007234597410218592,False
42.375,-0.3375,0.000207382291737821,False
42.5,-0.3375,-0.0001048549755611748,False
42.625,-0.3375,-0.00020902559006449127,False
42.75,-0.3375,-0.00016625690909059814,False
42.875,-0.3375,-6.563415838074686e-05,False
43.0,-0.3375,1.5777050412682456e-05,False
43.125,-0.3375,3.949972232624708e-05,False
43.25,-0.3375,1.0819713090372137e-05,False
43.375,-0.3375,-3.540957565016526e-05,False
43.5,-0.3375,-5.8710530066118824e-05,False
43.625,-0.3375,-3.466128556485956e-05,False
43.75,-0.3375,3.467710649748314e-05,False
43.875,-0.3375,0.0001242474152701444,False
44.0,-0.3375,0.00019961630126952867,False
44.125,-0.3375,0.00023315381008311782,False
44.25,-0.3375,0.00021526518695310926,False
44.375,-0.3375,0.0001564661112991069,False
44.5,-0.3375,8.069882624012754e-05,False
44.625,-0.3375,1.4009330061924428e-05,False
44.75,-0.3375,-2.5926270256035218e-05,False
44.875,-0.3375,-3.5148177267871385e-05,False
45.0,-0.3375,-2.221378257854689e-05,False
45.125,-0.3375,-2.0479177663872006e-06,False
45.25,-0.3375,1.171988340963693e-05,False
45.375,-0.3375,1.24246823486332e-05,False
45.5,-0.3375,1.97793798484968e-06,False
45.625,-0.3375,-1.15612005210729e-05,False
45.75,-0.3375,-1.8719853615561118e-05,False
45.875,-0.3375,-1.3233507564739369e-05,False
46.0,-0.3375,5.396247545662524e-06,False
46.125,-0.3375,3.2152012439392317e-05,False
46.25,-0.3375,5.899832504784418e-05,False
46.375,-0.3375,7.823633013864559e-05,False
46.5,-0.3375,8.52288215023505e-05,False
46.625,-0.3375,7.954407797759321e-05,False
46.75,-0.3375,6.438296746534234e-05,False
46.875,-0.3375,4.485419618318146e-05,False
47.0,-0.3375,2.5983592271936924e-05,False
47.125,-0.3375,1.1238522645178526e-05,False
47.25,-0.3375,1.9605041681248798e-06,False
47.375,-0.3375,-2.344996495663438e-06,False
47.5,-0.3375,-3.2180649403433563e-06,False
47.625,-0.3375,-2.3897986900331195e-06,False
47.75,-0.3375,-1.1859958102688984e-06,False
47.875,-0.3375,-3.0628019079780627e-07,False
48.0,-0.3375,8.793221314442053e-08,False
48.125,-0.3375,1.3675337967513164e-07,False
48.25,-0.3375,5.1252200693487194e-08,False
48.375,-0.3375,-2.3250400935972206e-08,False
48.5,-0.3375,-3.953683969562235e-08,False
48.625,-0.3375,-1.5657151460385043e-08,False
48.75,-0.3375,1.3283209366248547e-08,False
48.875,-0.3375,2.6109989238058312e-08,False
49.0,-0.3375,2.1754781982674492e-08,False
49.125,-0.3375,1.0057621559990852e-08,False
49.25,-0.3375,4.841053835131531e-10,False
49.375,-0.3375,-3.3586449635155417e-09,False
49.5,-0.3375,-2.9014288508763267e-09,False
49.625,-0.3375,-1.1255188365317778e-09,False
49.75,-0.3375,5.5425270376945746e-11,False
49.875,-0.3375,3.2188711262726274e-10,False
50.0,-0.3375,1.5706897917086012e-10,False
50.125,-0.3375,-1.1582994277778297e-13,False
50.25,-0.3375,-3.615818479845901e-11,False
50.375,-0.3375,-1.731862690988366e-11,False
50.5,-0.3375,-2.7896390283156073e-12,False
50.625,-0.3375,3.176050446338462e-13,False
50.75,-0.3375,5.72220510496904e-13,False
50.875,-0.3375,1.615099674702125e-12,False
51.0,-0.3375,2.727327137785225e-12,False
51.125,-0.3375,-7.38553483781021e-12,False
51.25,-0.3375,-3.8748676135914234e-11,False
51.375,-0.3375,-4.3996102517438853e-11,False
51.5,-0.3375,9.184862626958847e-11,False
51.625,-0.3375,3.5997272589835624e-10,False
51.75,-0.3375,2.999200211903771e-10,False
51.875,-0.3375,-9.717636057486491e-10,False
52.0,-0.3375,-3.789725776068879e-09,False
52.125,-0.3375,-6.241624342322988e-09,False
52.25,-0.3375,-3.4311995184459227e-09,False
52.375,-0.3375,9.891182388622883e-09,False
52.5,-0.3375,3.2764305319730323e-08,False
52.625,-0.3375,5.162121140468832e-08,False
52.75,-0.3375,4.2700292627229935e-08,False
52.875,-0.3375,-9.406889247278058e-09,False
53.0,-0.3375,-8.156284035418774e-08,False
53.125,-0.3375,-9.501110165435497e-08,False
53.25,-0.3375,4.767495976317522e-08,False
53.375,-0.3375,3.3906175346431453e-07,False
53.5,-0.3375,4.73836832595067e-07,False
53.625,-0.3375,-3.0856340470070453e-07,False
53.75,-0.3375,-3.1488048724299083e-06,False
53.875,-0.3375,-9.030888795132464e-06,False
54.0,-0.3375,-1.764911241820205e-05,False
54.125,-0.3375,-2.5795388285816185e-05,False
54.25,-0.3375,-2.5745442984415654e-05,False
54.375,-0.3375,-4.458891287095496e-06,False
54.5,-0.3375,5.5474530551263354e-05,False
54.625,-0.3375,0.00017248552402422177,False
54.75,-0.3375,0.00036033664624655925,False
54.875,-0.3375,0.0006211833094756646,False
55.0,-0.3375,0.0009394589894479173,False
55.125,-0.3375,0.0012791569423754332,False
55.25,-0.3375,0.0015867073706977324,False
55.375,-0.3375,0.001800282780793161,False
55.5,-0.3375,0.0018642726887034677,False
55.625,-0.3375,0.0017454943957179831,False
55.75,-0.3375,0.0014462831607698005,False
55.875,-0.3375,0.0010096498762541533,False
56.0,-0.3375,0.0005134862488993649,False
56.125,-0.3375,5.398033054965348e-05,False
56.25,-0.3375,-0.00027797784107422936,False
56.375,-0.3375,-0.00042083891149820014,False
56.5,-0.3375,-0.0003594999604687061,False
56.625,-0.3375,-0.00012973990913368037,False
56.75,-0.3375,0.00019198066022378581,False
56.875,-0.3375,0.0005106202504669865,False
57.0,-0.3375,0.0007398156904375768,False
57.125,-0.3375,0.0008257192918241781,False
57.25,-0.3375,0.0007599137594523258,False
57.375,-0.3375,0.0005776033431085488,False
57.5,-0.3375,0.0003423135726584938,False
57.625,-0.3375,0.00012289186000020617,False
57.75,-0.3375,-2.8970006890383665e-05,False
57.875,-0.3375,-9.304181958339473e-05,False
58.0,-0.3375,-8.235154856657979e-05,False
58.125,-0.3375,-3.289665855981017e-05,False
58.25,-0.3375,1.3913027775540969e-05,False
58.375,-0.3375,2.88794803184838e-05,False
58.5,-0.3375,5.956202837315317e-06,False
58.625,-0.3375,-3.7253146811039485e-05,False
58.75,-0.3375,-6.891810295628578e-05,False
58.875,-0.3375,-5.7962781245800655e-05,False
59.0,-0.3375,1.1699720914349644e-05,False
59.125,-0.3375,0.00013336060453597766,False
59.25,-0.3375,0.0002790037012706221,False
59.375,-0.3375,0.0004091725883673452,False
59.5,-0.3375,0.0004870828276784719,False
59.625,-0.3375,0.0004914221980636318,False
59.75,-0.3375,0.00042309995977919115,False
59.875,-0.3375,0.00030380155492571337,False
60.0,-0.3375,0.00016744313479875175,False
10.0,-0.325,0.03950950437736608,False
10.125,-0.325,0.1231999281629705,False
10.25,-0.325,0.1297704503124038,False
10.375,-0.325,0.07225437467617869,False
10.5,-0.325,-0.008464605428183836,False
10.625,-0.325,-0.06633077356321194,False
10.75,-0.325,-0.0718220107388645,False
10.875,-0.325,-0.023717444915690347,False
11.0,-0.325,0.052997485990026384,False
11.125,-0.325,0.12078828656775348,False
11.25,-0.325,0.1477706500994917,False
11.375,-0.325,0.12207894069648485,False
11.5,-0.325,0.05635803031023835,False
11.625,-0.325,-0.018926695899564215,False
11.75,-0.325,-0.06971258100996869,False
11.875,-0.325,-0.073418899410825,False
12.0,-0.325,-0.028268791521852306,False
12.125,-0.325,0.04684114838924804,False
12.25,-0.325,0.12129723119471875,False
12.375,-0.325,0.16615967678941776,False
12.5,-0.325,0.1659792251412032,False
12.625,-0.325,0.12411680756574717,False
12.75,-0.325,0.0597825581494658,False
12.875,-0.325,-0.0012990255468867257,False
13.0,-0.325,-0.03809082785244412,False
13.125,-0.325,-0.04235311119475356,False
13.25,-0.325,-0.02044795584518648,False
13.375,-0.325,0.01135340439043382,False
13.5,-0.325,0.03537365605213715,False
13.625,-0.325,0.04068722303518637,False
13.75,-0.325,0.02727586472528738,False
13.875,-0.325,0.004637288302044037,False
14.0,-0.325,-0.014027962966615381,False
14.125,-0.325,-0.018943627188136386,False
14.25,-0.325,-0.008662369957353578,False
14.375,-0.325,0.009546888166144369,False
14.5,-0.325,0.02386079410963231,False
14.625,-0.325,0.02444682221472534,False
14.75,-0.325,0.009109210904499456,False
14.875,-0.325,-0.014796570219185456,False
15.0,-0.325,-0.033236679169227776,False
15.125,-0.325,-0.03195151102036739,False
15.25,-0.325,-0.003570651451858739,False
15.375,-0.325,0.047911669179935334,False
15.5,-0.325,0.1074954320615165,False
15.625,-0.325,0.15446284757176154,False
15.75,-0.325,0.1705258666345228,False
15.875,-0.325,0.14747730065546144,False
16.0,-0.325,0.09113033918104062,False
16.125,-0.325,0.019827433199995317,False
16.25,-0.325,-0.04199281479183463,False
16.375,-0.325,-0.07269035310271854,False
16.5,-0.325,-0.06133654802053316,False
16.625,-0.325,-0.011631983452560501,False
16.75,-0.325,0.05957679511284995,False
16.875,-0.325,0.12848589208767597,False
17.0,-0.325,0.17278511939829486,False
17.125,-0.325,0.17919974514651557,False
17.25,-0.325,0.14746449725948682,False
17.375,-0.325,0.08954989929985789,False
17.5,-0.325,0.024771822044243393,False
17.625,-0.325,-0.02715421237464647,False
17.75,-0.325,-0.052508053421305524,False
17.875,-0.325,-0.047265592831326406,False
18.0,-0.325,-0.0171545121144986,False
18.125,-0.325,0.02548631120044265,False
18.25,-0.325,0.06653377660242202,False
18.375,-0.325,0.0947106184124696,False
18.5,-0.325,0.10449466646652138,False
18.625,-0.325,0.09663642030374349,False
18.75,-0.325,0.07656837041106104,False
18.875,-0.325,0.051673683522964246,False
19.0,-0.325,0.02858679932248702,False
19.125,-0.325,0.011434061185148304,False
19.25,-0.325,0.0013783576732639656,False
19.375,-0.325,-0.002728108432245399,False
19.5,-0.325,-0.0031345156114903467,False
19.625,-0.325,-0.0020338648423382333,False
19.75,-0.325,-0.0008687875502730746,False
19.875,-0.325,-0.00020273095605692217,False
20.0,-0.325,6.649878287011319e-06,False
20.125,-0.325,1.2536586646310614e-05,False
20.25,-0.325,-1.7362241113159004e-06,False
20.375,-0.325,2.6772580608130035e-06,False
20.5,-0.325,-3.799922695126938e-06,False
20.625,-0.325,-2.0626031622939912e-05,False
20.75,-0.325,6.483410315834131e-07,False
20.875,-0.325,7.996253073254906e-05,False
21.0,-0.325,0.00011456877258899228,False
21.125,-0.325,-0.00012447349663374026,False
21.25,-0.325,-0.00084327895095239,False
21.375,-0.325,-0.001961087541167329,False
21.5,-0.325,-0.0028640168677381717,False
21.625,-0.325,-0.0023436567517288016,False
21.75,-0.325,0.001166829242900006,False
21.875,-0.325,0.009072401626253836,False
22.0,-0.325,0.021968078394226077,False
22.125,-0.325,0.03911287206004325,False
22.25,-0.325,0.058270457505976606,False
22.375,-0.325,0.07605041107990872,False
22.5,-0.325,0.08870530971696175,False
22.625,-0.325,0.09316133804616704,False
22.75,-0.325,0.0879541632048623,False
22.875,-0.325,0.07375192476760233,False
23.0,-0.325,0.053273129785884527,False
23.125,-0.325,0.030604817638122832,False
23.25,-0.325,0.010124701251260481,False
23.375,-0.325,-0.004640256675677246,False
23.5,-0.325,-0.01187109294505137,False
23.625,-0.325,-0.011782743275188834,False
23.75,-0.325,-0.006349573568755936,False
23.875,-0.325,0.0014461090057346594,False
24.0,-0.325,0.008577626754840645,False
24.125,-0.325,0.012837829856333027,False
24.25,-0.325,0.013348804673166171,False
24.375,-0.325,0.010597947390502589,False
24.5,-0.325,0.006043574138094635,False
24.625,-0.325,0.001467713662085376,False
24.75,-0.325,-0.001681990400562572,False
24.875,-0.325,-0.0027407384894804453,False
25.0,-0.325,-0.0019377909823036807,False
25.125,-0.325,-0.00017047515429584694,False
25.25,-0.325,0.0014422115153788523,False
25.375,-0.325,0.0020423244943728824,False
25.5,-0.325,0.0013695539728340541,False
25.625,-0.325,-0.00016533849035942603,False
25.75,-0.325,-0.0016841991028537064,False
25.875,-0.325,-0.002233272373047516,False
26.0,-0.325,-0.001207041016463166,False
26.125,-0.325,0.0013609169825497575,False
26.25,-0.325,0.00475443045528786,False
26.375,-0.325,0.0078016815191399354,False
26.5,-0.325,0.009296368511619272,False
26.625,-0.325,0.00846445180879739,False
26.75,-0.325,0.0053076803698838635,False
26.875,-0.325,0.0006943220790134189,False
27.0,-0.325,-0.0038472539248540823,False
27.125,-0.325,-0.006574589933674765,False
27.25,-0.325,-0.006075766519251915,False
27.375,-0.325,-0.0017355636052251537,False
27.5,-0.325,0.00603016492328564,False
27.625,-0.325,0.015849778493426038,False
27.75,-0.325,0.02575755813835072,False
27.875,-0.325,0.03372650549737064,False
28.0,-0.325,0.03820497615192818,False
28.125,-0.325,0.03849476311459955,False
28.25,-0.325,0.03486638809062172,False
28.375,-0.325,0.028396765339623715,False
28.5,-0.325,0.020602980546944812,False
28.625,-0.325,0.013003394309324191,False
28.75,-0.325,0.0067460811596380035,False
28.875,-0.325,0.0024057241565911647,False
29.0,-0.325,-1.8395125953545814e-05,False
29.125,-0.325,-0.0009413596091141774,False
29.25,-0.325,-0.0009538281241745401,False
29.375,-0.325,-0.0006003687290592161,False
29.5,-0.325,-0.00024343773390963662,False
29.625,-0.325,-3.477460477893483e-05,False
29.75,-0.325,2.952229595303935e-05,False
29.875,-0.325,2.004797039187827e-05,False
30.0,-0.325,3.3592886845879427e-07,False
30.125,-0.325,-4.783398641827912e-06,False
30.25,-0.325,-9.9339431655791e-07,False
30.375,-0.325,6.000903616114311e-07,False
30.5,-0.325,-3.3293617558598513e-07,False
30.625,-0.325,1.8747095946530051e-06,False
30.75,-0.325,1.1087895220163352e-06,False
30.875,-0.325,-3.019346949161418e-05,False
31.0,-0.325,-0.00012416239212632166,False
31.125,-0.325,-0.00027352395902422057,False
31.25,-0.325,-0.0003830121884604083,False
31.375,-0.325,-0.00025236298605525373,False
31.5,-0.325,0.00037934320890348075,False
31.625,-0.325,0.0017255059207320889,False
31.75,-0.325,0.0038144731115714,False
31.875,-0.325,0.006385164444900348,False
32.0,-0.325,0.008880307073403832,False
32.125,-0.325,0.010571061790035082,False
32.25,-0.325,0.010792459635592304,False
32.375,-0.325,0.009213172915487728,False
32.5,-0.325,0.00603199402236093,False
32.625,-0.325,0.002005357450006574,False
32.75,-0.325,-0.0017338231351614229,False
32.875,-0.325,-0.004024824217704657,False
33.0,-0.325,-0.004080517196241082,False
33.125,-0.325,-0.0017928085896864196,False
33.25,-0.325,0.0021827494992036596,False
33.375,-0.325,0.006611618180215889,False
33.5,-0.325,0.010081438360682168,False
33.625,-0.325,0.011480873462179832,False
33.75,-0.325,0.010382024934622959,False
33.875,-0.325,0.007184045059121991,False
34.0,-0.325,0.0029635532374301813,False
34.125,-0.325,-0.0009122601552120097,False
34.25,-0.325,-0.003264931908590019,False
34.375,-0.325,-0.0034990081563553896,False
34.5,-0.325,-0.0017703291267009633,False
34.625,-0.325,0.0011227525761121867,False
34.75,-0.325,0.004069658114043898,False
34.875,-0.325,0.0060631008769305664,False
35.0,-0.325,0.006539688146363442,False
35.125,-0.325,0.0055252514903316825,False
35.25,-0.325,0.0035488018258168037,False
35.375,-0.325,0.001381393227520722,False
35.5,-0.325,-0.0002809470098119806,False
35.625,-0.325,-0.0010610248902017322,False
35.75,-0.325,-0.0009846842583285964,False
35.875,-0.325,-0.0003929728797926109,False
36.0,-0.325,0.00025844488816659423,False
36.125,-0.325,0.0006136033995801846,False
36.25,-0.325,0.0005514190633411808,False
36.375,-0.325,0.00019414228449764673,False
36.5,-0.325,-0.000197296044544611,False
36.625,-0.325,-0.00037844320314969326,False
36.75,-0.325,-0.0002482377145747477,False
36.875,-0.325,0.00011000277236355196,False
37.0,-0.325,0.0004854950463500862,False
37.125,-0.325,0.0006592144138105552,False
37.25,-0.325,0.0005224190907207984,False
37.375,-0.325,0.00013553057611152917,False
37.5,-0.325,-0.00029985562931934937,False
37.625,-0.325,-0.0005400352372649231,False
37.75,-0.325,-0.00041989728344122754,False
37.875,-0.325,6.317122086528401e-05,False
38.0,-0.325,0.0007418224817878219,False
38.125,-0.325,0.0013506465396533566,False
38.25,-0.325,0.0016433890341858812,False
38.375,-0.325,0.0015013111358230628,False
38.5,-0.325,0.0009838465879808793,False
38.625,-0.325,0.00030014290629050644,False
38.75,-0.325,-0.0002837061076782859,False
38.875,-0.325,-0.0005586829783416885,False
39.0,-0.325,-0.0004572421162752637,False
39.125,-0.325,-7.24624985605188e-05,False
39.25,-0.325,0.00039315629358683646,False
39.375,-0.325,0.0007229926937175873,False
39.5,-0.325,0.0007812715772109136,False
39.625,-0.325,0.0005658134917102372,False
39.75,-0.325,0.00019775398072400627,False
39.875,-0.325,-0.0001433089517363973,False
40.0,-0.325,-0.00030631723568125334,False
40.125,-0.325,-0.0002372617847737078,False
40.25,-0.325,1.0497146295736259e-06,False
40.375,-0.325,0.0002647793801106418,False
40.5,-0.325,0.0004018351488282487,False
40.625,-0.325,0.00032713753635114467,False
40.75,-0.325,6.60013096357203e-05,False
40.875,-0.325,-0.00025338985423410535,False
41.0,-0.325,-0.0004543378604842079,False
41.125,-0.325,-0.0003883681537242887,False
41.25,-0.325,-9.8142389758592e-07,False
41.375,-0.325,0.0006411737587237916,False
41.5,-0.325,0.0013720922178159652,False
41.625,-0.325,0.001986875379873926,False
41.75,-0.325,0.0023153460054007834,False
41.875,-0.325,0.002279507668510299,False
42.0,-0.325,0.001913938211417356,False
42.125,-0.325,0.0013443734956750844,False
42.25,-0.325,0.0007364029803082701,False
42.375,-0.325,0.0002365348113591383,False
42.5,-0.325,-7.16681450128155e-05,False
42.625,-0.325,-0.00018225852083374828,False
42.75,-0.325,-0.00015137422559384885,False
42.875,-0.325,-6.231295285813156e-05,False
43.0,-0.325,1.2088620958960497e-05,False
43.125,-0.325,3.469954716443819e-05,False
43.25,-0.325,9.340419010849318e-06,False
43.375,-0.325,-3.220697597779896e-05,False
43.5,-0.325,-5.249312072463197e-05,False
43.625,-0.325,-2.8750112654776296e-05,False
43.75,-0.325,3.718445775769271e-05,False
43.875,-0.325,0.000121953291115721,False
44.0,-0.325,0.0001933146372031733,False
44.125,-0.325,0.00022527262851525283,False
44.25,-0.325,0.00020866079825514143,False
44.375,-0.325,0.00015318925038589192,False
44.5,-0.325,8.127016888880413e-05,False
44.625,-0.325,1.7439706851768286e-05,False
44.75,-0.325,-2.1492259297855042e-05,False
44.875,-0.325,-3.1534827513945984e-05,False
45.0,-0.325,-2.0482838036542242e-05,False
45.125,-0.325,-2.2142179506751895e-06,False
45.25,-0.325,1.0481068437761795e-05,False
45.375,-0.325,1.1250810944304362e-05,False
45.5,-0.325,1.7519396130994278e-06,False
45.625,-0.325,-1.0569952720554329e-05,False
45.75,-0.325,-1.6888963649553395e-05,False
45.875,-0.325,-1.1336352754232743e-05,False
46.0,-0.325,6.572379792349267e-06,False
46.125,-0.325,3.213685718717942e-05,False
46.25,-0.325,5.779083163217429e-05,False
46.375,-0.325,7.624742156081177e-05,False
46.5,-0.325,8.307520409345989e-05,False
46.625,-0.325,7.780175268044939e-05,False
46.75,-0.325,6.340295404479098e-05,False
46.875,-0.325,4.469658320222127e-05,False
47.0,-0.325,2.6467393909235392e-05,False
47.125,-0.325,1.2060889347156687e-05,False
47.25,-0.325,2.8241223440314126e-06,False
47.375,-0.325,-1.6442073113593641e-06,False
47.5,-0.325,-2.7622736702469116e-06,False
47.625,-0.325,-2.1608668205759323e-06,False
47.75,-0.325,-1.112429805550444e-06,False
47.875,-0.325,-3.093883352219497e-07,False
48.0,-0.325,6.519711742802716e-08,False
48.125,-0.325,1.2184853422147042e-07,False
48.25,-0.325,4.890141434013037e-08,False
48.375,-0.325,-1.893662414661149e-08,False
48.5,-0.325,-3.523054344710249e-08,False
48.625,-0.325,-1.4373487321690036e-08,False
48.75,-0.325,1.2045361207228773e-08,False
48.875,-0.325,2.4230542475603888e-08,False
49.0,-0.325,2.063254664058009e-08,False
49.125,-0.325,9.98131561191119e-09,False
49.25,-0.325,9.960389129969359e-10,False
49.375,-0.325,-2.819948139121033e-09,False
49.5,-0.325,-2.615404619990907e-09,False
49.625,-0.325,-1.0744065214319777e-09,False
49.75,-0.325,9.450509896869035e-12,False
49.875,-0.325,2.8183921843639974e-10,False
50.0,-0.325,1.486201092574412e-10,False
50.125,-0.325,6.6571855840548046e-12,False
50.25,-0.325,-3.054829162127896e-11,False
50.375,-0.325,-1.6058116091230666e-11,False
50.5,-0.325,-3.061665107085312e-12,False
50.625,-0.325,1.4650683982516143e-13,False
50.75,-0.325,5.478126529757093e-13,False
50.875,-0.325,1.4821329202894255e-12,False
51.0,-0.325,2.0435880397459495e-12,False
51.125,-0.325,-7.685728160529695e-12,False
51.25,-0.325,-3.453753827937253e-11,False
51.375,-0.325,-3.389981421356821e-11,False
51.5,-0.325,9.267560243740255e-11,False
51.625,-0.325,3.213275351349689e-10,False
51.75,-0.325,2.2333961372181885e-10,False
51.875,-0.325,-9.750722420705469e-10,False
52.0,-0.325,-3.483836516820186e-09,False
52.125,-0.325,-5.435035866754321e-09,False
52.25,-0.325,-2.3259814018223363e-09,False
52.375,-0.325,1.0440344554754136e-08,False
52.5,-0.325,3.154772839640367e-08,False
52.625,-0.325,4.8195171259301264e-08,False
52.75,-0.325,3.883578340827499e-08,False
52.875,-0.325,-9.442442812565464e-09,False
53.0,-0.325,-7.371052828493852e-08,False
53.125,-0.325,-8.14763717997061e-08,False
53.25,-0.325,5.232242861604456e-08,False
53.375,-0.325,3.097845212547279e-07,False
53.5,-0.325,3.9584071663062157e-07,False
53.625,-0.325,-3.92581450287618e-07,False
53.75,-0.325,-3.068716430384488e-06,False
53.875,-0.325,-8.419030805406445e-06,False
54.0,-0.325,-1.5911547122955703e-05,False
54.125,-0.325,-2.2174228554220632e-05,False
54.25,-0.325,-1.9508151818456803e-05,False
54.375,-0.325,4.790130523029301e-06,False
54.5,-0.325,6.742507656112445e-05,False
54.625,-0.325,0.00018582006716323798,False
54.75,-0.325,0.0003726509858366564,False
54.875,-0.325,0.0006292589525844633,False
55.0,-0.325,0.0009399265536262716,False
55.125,-0.325,0.0012694511721335333,False
55.25,-0.325,0.001566070616497352,False
55.375,-0.325,0.0017704832138627602,False
55.5,-0.325,0.0018297174396423998,False
55.625,-0.325,0.0017125566777845924,False
55.75,-0.325,0.0014219001115371734,False
55.875,-0.325,0.0009995127163972776,False
56.0,-0.325,0.0005203402421494761,False
56.125,-0.325,7.659321589462918e-05,False
56.25,-0.325,-0.0002447726485672384,False
56.375,-0.325,-0.00038493352721736813,False
56.5,-0.325,-0.0003294284957685142,False
56.625,-0.325,-0.00011232590124842922,False
56.75,-0.325,0.0001935129728875626,False
56.875,-0.325,0.0004974588561890449,False
57.0,-0.325,0.0007170265930126755,False
57.125,-0.325,0.0008005415157103528,False
57.25,-0.325,0.0007394563110316754,False
57.375,-0.325,0.0005667164251392042,False
57.5,-0.325,0.0003423329524675641,False
57.625,-0.325,0.00013163366522455337,False
57.75,-0.325,-1.6038271982508426e-05,False
57.875,-0.325,-8.094174478649585e-05,False
58.0,-0.325,-7.475609029809702e-05,False
58.125,-0.325,-3.0977374642750543e-05,False
58.25,-0.325,1.1582229963462933e-05,False
58.375,-0.325,2.5408175565991722e-05,False
58.5,-0.325,4.638858450412122e-06,False
58.625,-0.325,-3.439611633506109e-05,False
58.75,-0.325,-6.198780263844222e-05,False
58.875,-0.325,-4.911678307193208e-05,False
59.0,-0.325,1.9152523380413616e-05,False
59.125,-0.325,0.00013630762023330312,False
59.25,-0.325,0.00027576894667155307,False
59.375,-0.325,0.0004001709006183182,False
59.5,-0.325,0.00047466286961328865,False
59.625,-0.325,0.00047899904178617746,False
59.75,-0.325,0.0004139439339658424,False
59.875,-0.325,0.00029995588707646407,False
60.0,-0.325,0.0001691587436111828,False
10.0,-0.3125,0.035978274321126574,False
10.125,-0.3125,0.11444326916000297,False
10.25,-0.3125,0.12158444273508354,False
10.375,-0.3125,0.06886188236466567,False
10.5,-0.3125,-0.005890485883395968,False
10.625,-0.3125,-0.059685046136923,False
10.75,-0.3125,-0.06478807525812971,False
10.875,-0.3125,-0.019868105087304293,False
11.0,-0.3125,0.051846653607540066,False
11.125,-0.3125,0.11528864346246309,False
11.25,-0.3125,0.14058801427097267,False
11.375,-0.3125,0.11657110231609194,False
11.5,-0.3125,0.05502684159474938,False
11.625,-0.3125,-0.015514408133061743,False
11.75,-0.3125,-0.0630934576193918,False
11.875,-0.3125,-0.06647406284292004,False
12.0,-0.3125,-0.02392369890402654,False
12.125,-0.3125,0.04686278860442547,False
12.25,-0.3125,0.1171325028595228,False
12.375,-0.3125,0.15963393674456564,False
12.5,-0.3125,0.15973228854346383,False
12.625,-0.3125,0.12045109522557704,False
12.75,-0.3125,0.059745996305948415,False
12.875,-0.3125,0.0017783113049485919,False
13.0,-0.3125,-0.033596258605631535,False
13.125,-0.3125,-0.03847144059327191,False
13.25,-0.3125,-0.01863856381145015,False
13.375,-0.3125,0.010760869794241066,False
13.5,-0.3125,0.03317707216587439,False
13.625,-0.3125,0.038300970690992815,False
13.75,-0.3125,0.025989155088333594,False
13.875,-0.3125,0.005004544493506159,False
14.0,-0.3125,-0.012388268870991856,False
14.125,-0.3125,-0.01707344314590712,False
14.25,-0.3125,-0.007672132239580582,False
14.375,-0.3125,0.009083131935160648,False
14.5,-0.3125,0.02222412763747684,False
14.625,-0.3125,0.02265138298976164,False
14.75,-0.3125,0.008398043855773802,False
14.875,-0.3125,-0.013596537959081738,False
15.0,-0.3125,-0.030190991992306723,False
15.125,-0.3125,-0.028091402962905097,False
15.25,-0.3125,-0.0005113241507135741,False
15.375,-0.3125,0.04865259068200496,False
15.5,-0.3125,0.10518552996389159,False
15.625,-0.3125,0.14954539063224,False
15.75,-0.3125,0.16453276761662822,False
15.875,-0.3125,0.14248519473169327,False
16.0,-0.3125,0.08897282098879783,False
16.125,-0.3125,0.021379023998815715,False
16.25,-0.3125,-0.03717411412524357,False
16.375,-0.3125,-0.06622045159928487,False
16.5,-0.3125,-0.05542075316965443,False
16.625,-0.3125,-0.008268149359074675,False
16.75,-0.3125,0.05930240151271261,False
16.875,-0.3125,0.12475129812470447,False
17.0,-0.3125,0.1669192824738803,False
17.125,-0.3125,0.17316865364782805,False
17.25,-0.3125,0.1431665454444526,False
17.375,-0.3125,0.088185670015233,False
17.5,-0.3125,0.026505370510658786,False
17.625,-0.3125,-0.023150054101119734,False
17.75,-0.3125,-0.047676911697962863,False
17.875,-0.3125,-0.04312989053655739,False
18.0,-0.3125,-0.014820089666731373,False
18.125,-0.3125,0.02561898447241567,False
18.25,-0.3125,0.06478291767451162,False
18.375,-0.3125,0.09188938758620366,False
18.5,-0.3125,0.10156629897182959,False
18.625,-0.3125,0.09438733908670967,False
18.75,-0.3125,0.07540699346059777,False
18.875,-0.3125,0.05159741716647356,False
19.0,-0.3125,0.02929110618471952,False
19.125,-0.3125,0.012492159741173323,False
19.25,-0.3125,0.002410951997993795,False
19.375,-0.3125,-0.0019503491506182953,False
19.5,-0.3125,-0.002673126160117085,False
19.625,-0.3125,-0.0018298196415177507,False
19.75,-0.3125,-0.0008154612038608802,False
19.875,-0.3125,-0.00020684874352800813,False
20.0,-0.3125,-3.324994470581012e-06,False
20.125,-0.3125,1.01788629157924e-05,False
20.25,-0.3125,-1.0628273032456917e-06,False
20.375,-0.3125,2.037595364363564e-06,False
20.5,-0.3125,-3.8972273620709505e-06,False
20.625,-0.3125,-1.7468097894535976e-05,False
20.75,-0.3125,3.3382205353122385e-06,False
20.875,-0.3125,7.270954082712128e-05,False
21.0,-0.3125,9.406240653198004e-05,False
21.125,-0.3125,-0.0001383488220089493,False
21.25,-0.3125,-0.0007975683641040965,False
21.375,-0.3125,-0.0017782365713239752,False
21.5,-0.3125,-0.002471532601188294,False
21.625,-0.3125,-0.0017161242168660363,False
21.75,-0.3125,0.0019712954330261137,False
21.875,-0.3125,0.009900695521929945,False
22.0,-0.3125,0.02259738870809616,False
22.125,-0.3125,0.03931028321340999,False
22.25,-0.3125,0.05786950841488224,False
22.375,-0.3125,0.07501801385789279,False
22.5,-0.3125,0.08717314051626139,False
22.625,-0.3125,0.09140674613979138,False
22.75,-0.3125,0.08633293498943928,False
22.875,-0.3125,0.07260243631133455,False
23.0,-0.3125,0.05282205902077886,False
23.125,-0.3125,0.03090469301760334,False
23.25,-0.3125,0.011043121874726017,False
23.375,-0.3125,-0.003377044594627685,False
23.5,-0.3125,-0.010595288080462714,False
23.625,-0.3125,-0.010789911170134817,False
23.75,-0.3125,-0.0058212024571206965,False
23.875,-0.3125,0.0014799069024581278,False
24.0,-0.3125,0.00822699142984797,False
24.125,-0.3125,0.012301334600620908,False
24.25,-0.3125,0.012841011435949823,False
24.375,-0.3125,0.010281260209407157,False
24.5,-0.3125,0.005985636823682212,False
24.625,-0.3125,0.001635264693043017,False
24.75,-0.3125,-0.001394936515741553,False
24.875,-0.3125,-0.002463727230906093,False
25.0,-0.3125,-0.00177292213353813,False
25.125,-0.3125,-0.00015756070313079995,False
25.25,-0.3125,0.001333489041516946,False
25.375,-0.3125,0.0018927698938942714,False
25.5,-0.3125,0.0012726638175186726,False
25.625,-0.3125,-0.00014403706964030716,False
25.75,-0.3125,-0.0015351218483490709,False
25.875,-0.3125,-0.002007759293069039,False
26.0,-0.3125,-0.000997768277926594,False
26.125,-0.3125,0.0014566123229498504,False
26.25,-0.3125,0.004674601158854633,False
26.375,-0.3125,0.007548205868173147,False
26.5,-0.3125,0.008940837689491462,False
26.625,-0.3125,0.008128515922799565,False
26.75,-0.3125,0.005123906124400427,False
26.875,-0.3125,0.0007606203170140054,False
27.0,-0.3125,-0.0035040458572634004,False
27.125,-0.3125,-0.006013229135095345,False
27.25,-0.3125,-0.0054277354741933065,False
27.375,-0.3125,-0.0011684819662088454,False
27.5,-0.3125,0.006361249491492683,False
27.625,-0.3125,0.015847646700275497,False
27.75,-0.3125,0.02541035210312559,False
27.875,-0.3125,0.03310932658869672,False
28.0,-0.3125,0.03745597641501874,False
28.125,-0.3125,0.03777434905317791,False
28.25,-0.3125,0.03431310100783772,False
28.375,-0.3125,0.02809354627191863,False
28.5,-0.3125,0.020563077619192745,False
28.625,-0.3125,0.013177961381510419,False
28.75,-0.3125,0.007048270793467332,False
28.875,-0.3125,0.002741352731365287,False
29.0,-0.3125,0.0002757088497711488,False
29.125,-0.3125,-0.000729692687795038,False
29.25,-0.3125,-0.0008306474681981963,False
29.375,-0.3125,-0.0005470485251881592,False
29.5,-0.3125,-0.00023156316367746677,False
29.625,-0.3125,-3.914344808392691e-05,False
29.75,-0.3125,2.400496918517985e-05,False
29.875,-0.3125,1.8223987733095196e-05,False
30.0,-0.3125,9.89208347850264e-07,False
30.125,-0.3125,-4.044376734188301e-06,False
30.25,-0.3125,-9.988006627560084e-07,False
30.375,-0.3125,4.547282320492987e-07,False
30.5,-0.3125,-2.136131505607849e-07,False
30.625,-0.3125,1.5294192322388735e-06,False
30.75,-0.3125,-3.722139455869723e-07,False
30.875,-0.3125,-3.054622237073202e-05,False
31.0,-0.3125,-0.00011581952376360971,False
31.125,-0.3125,-0.0002443955807827826,False
31.25,-0.3125,-0.00032170137913562077,False
31.375,-0.3125,-0.0001564724333439658,False
31.5,-0.3125,0.0004956985128543143,False
31.625,-0.3125,0.0018297897587865,False
31.75,-0.3125,0.0038626581998859044,False
31.875,-0.3125,0.006336989688642151,False
32.0,-0.3125,0.008717960767726919,False
32.125,-0.3125,0.010313473247684795,False
32.25,-0.3125,0.010497651969994554,False
32.375,-0.3125,0.008965002407150868,False
32.5,-0.3125,0.005913830712946426,False
32.625,-0.3125,0.002069333303538992,False
32.75,-0.3125,-0.0014902088816045615,False
32.875,-0.3125,-0.0036644471315795965,False
33.0,-0.3125,-0.003710433154180189,False
33.125,-0.3125,-0.0015302344011059366,False
33.25,-0.3125,0.002250730859938292,False
33.375,-0.3125,0.006459776926626749,False
33.5,-0.3125,0.009757156832264748,False
33.625,-0.3125,0.011089091837116576,False
33.75,-0.3125,0.01004927644058045,False
33.875,-0.3125,0.007014594355378118,False
34.0,-0.3125,0.0030038168865404516,False
34.125,-0.3125,-0.0006879552236173938,False
34.25,-0.3125,-0.0029424017929365895,False
34.375,-0.3125,-0.003191239232079122,False
34.5,-0.3125,-0.001576462890594764,False
34.625,-0.3125,0.001150927086127192,False
34.75,-0.3125,0.0039417253000971625,False
34.875,-0.3125,0.005840656768114799,False
35.0,-0.3125,0.0063088919556008195,False
35.125,-0.3125,0.005363165129073381,False
35.25,-0.3125,0.0034968607042297557,False
35.375,-0.3125,0.0014354254430976935,False
35.5,-0.3125,-0.0001621146802769013,False
35.625,-0.3125,-0.0009339178784620665,False
35.75,-0.3125,-0.0008966918878105199,False
35.875,-0.3125,-0.0003652681057872058,False
36.0,-0.3125,0.00023454037537592272,False
36.125,-0.3125,0.0005670993881576031,False
36.25,-0.3125,0.0005148433741886868,False
36.375,-0.3125,0.00018778007366123298,False
36.5,-0.3125,-0.00017317154389015995,False
36.625,-0.3125,-0.0003407532545228826,False
36.75,-0.3125,-0.00022019967463197777,False
36.875,-0.3125,0.00011184066135580157,False
37.0,-0.3125,0.00045981843930279203,False
37.125,-0.3125,0.0006202217718207782,False
37.25,-0.3125,0.0004921475815211424,False
37.375,-0.3125,0.00013236074131636342,False
37.5,-0.3125,-0.00027074361217166416,False
37.625,-0.3125,-0.0004896433783037754,False
37.75,-0.3125,-0.0003705033488801383,False
37.875,-0.3125,8.83561795264929e-05,False
38.0,-0.3125,0.0007294845469779105,False
38.125,-0.3125,0.0013036306851864968,False
38.25,-0.3125,0.0015795715783707628,False
38.375,-0.3125,0.001445724665259871,False
38.5,-0.3125,0.0009577548008321726,False
38.625,-0.3125,0.00031203230302538024,False
38.75,-0.3125,-0.00024127559167335538,False
38.875,-0.3125,-0.0005051897681824397,False
39.0,-0.3125,-0.00041528104948572176,False
39.125,-0.3125,-5.79432565157678e-05,False
39.25,-0.3125,0.00037733860056848086,False
39.375,-0.3125,0.0006872171656090236,False
39.5,-0.3125,0.00074361177992968,False
39.625,-0.3125,0.0005434330023799972,False
39.75,-0.3125,0.0001992887362963181,False
39.875,-0.3125,-0.00012102608343477633,False
40.0,-0.3125,-0.0002759565303432014,False
40.125,-0.3125,-0.00021445468624985159,False
40.25,-0.3125,5.318428146299398e-06,False
40.375,-0.3125,0.00024933480079377703,False
40.5,-0.3125,0.0003757681555713344,False
40.625,-0.3125,0.00030548867775650443,False
40.75,-0.3125,6.273701025940803e-05,False
40.875,-0.3125,-0.0002319183407614919,False
41.0,-0.3125,-0.00041258254336417585,False
41.125,-0.3125,-0.0003401023871063754,False
41.25,-0.3125,3.612020170416021e-05,False
41.375,-0.3125,0.0006525251638182229,False
41.5,-0.3125,0.0013518364603961103,False
41.625,-0.3125,0.0019399596566305065,False
41.75,-0.3125,0.0022553913291636896,False
41.875,-0.3125,0.0022235647048442896,False
42.0,-0.3125,0.0018763767622124695,False
42.125,-0.3125,0.0013323048666360267,False
42.25,-0.3125,0.0007482086748572029,False
42.375,-0.3125,0.0002637017250144894,False
42.5,-0.3125,-4.0511989450999777e-05,False
42.625,-0.3125,-0.0001569293252871788,False
42.75,-0.3125,-0.0001370629662213389,False
42.875,-0.3125,-5.881266365346321e-05,False
43.0,-0.3125,8.954756027772615e-06,False
43.125,-0.3125,3.0403695603143188e-05,False
43.25,-0.3125,8.02750210335006e-06,False
43.375,-0.3125,-2.9230636033165835e-05,False
43.5,-0.3125,-4.673829462590699e-05,False
43.625,-0.3125,-2.328011108706366e-05,False
43.75,-0.3125,3.949571034280957e-05,False
43.875,-0.3125,0.00011979907197034052,False
44.0,-0.3125,0.00018742221693208002,False
44.125,-0.3125,0.00021789402611408352,False
44.25,-0.3125,0.000202456217502084,False
44.375,-0.3125,0.00015007854752545902,False
44.5,-0.3125,8.17535340235884e-05,False
44.625,-0.3125,2.0609564715836144e-05,False
44.75,-0.3125,-1.7357620825095803e-05,False
44.875,-0.3125,-2.813770914894454e-05,False
45.0,-0.3125,-1.882291217025139e-05,False
45.125,-0.3125,-2.3189027871411817e-06,False
45.25,-0.3125,9.368707997310219e-06,False
45.375,-0.3125,1.0184756119161336e-05,False
45.5,-0.3125,1.555316288391972e-06,False
45.625,-0.3125,-9.641460091203415e-06,False
45.75,-0.3125,-1.518164112237665e-05,False
45.875,-0.3125,-9.567376631829677e-06,False
46.0,-0.3125,7.669448050604028e-06,False
46.125,-0.3125,3.212111620361404e-05,False
46.25,-0.3125,5.665789616888191e-05,False
46.375,-0.3125,7.437832762108164e-05,False
46.5,-0.3125,8.104563035071869e-05,False
46.625,-0.3125,7.615225920023053e-05,False
46.75,-0.3125,6.246592857614767e-05,False
46.875,-0.3125,4.4532883575818095e-05,False
47.0,-0.3125,2.6911190095567207e-05,False
47.125,-0.3125,1.283003163930239e-05,False
47.25,-0.3125,3.6391942949781914e-06,False
47.375,-0.3125,-9.77069656407159e-07,False
47.5,-0.3125,-2.3233328746215527e-06,False
47.625,-0.3125,-1.935882530756219e-06,False
47.75,-0.3125,-1.0359649668631906e-06,False
47.875,-0.3125,-3.07966094980116e-07,False
48.0,-0.3125,4.569594508441037e-08,False
48.125,-0.3125,1.08182760051626e-07,False
48.25,-0.3125,4.6418093339104385e-08,False
48.375,-0.3125,-1.5190966402557284e-08,False
48.5,-0.3125,-3.13081164541264e-08,False
48.625,-0.3125,-1.3132674030331136e-08,False
48.75,-0.3125,1.0966886185101261e-08,False
48.875,-0.3125,2.2517731219562336e-08,False
49.0,-0.3125,1.9580123877981576e-08,False
49.125,-0.3125,9.883238000327944e-09,False
49.25,-0.3125,1.452083724835009e-09,False
49.375,-0.3125,-2.322625271784487e-09,False
49.5,-0.3125,-2.3417473616168336e-09,False
49.625,-0.3125,-1.0173660592611095e-09,False
49.75,-0.3125,-2.7773186322783933e-11,False
49.875,-0.3125,2.4576962718217903e-10,False
50.0,-0.3125,1.3997226625128756e-10,False
50.125,-0.3125,1.2241440307308673e-11,False
50.25,-0.3125,-2.5437032797407068e-11,False
50.375,-0.3125,-1.4736149988924058e-11,False
50.5,-0.3125,-3.2262786835093983e-12,False
50.625,-0.3125,-2.2769409907385514e-15,False
50.75,-0.3125,5.16310037911556e-13,False
50.875,-0.3125,1.3436830027063295e-12,False
51.0,-0.3125,1.458840565905218e-12,False
51.125,-0.3125,-7.768062036033687e-12,False
51.25,-0.3125,-3.0532047936238724e-11,False
51.375,-0.3125,-2.514520878472958e-11,False
51.5,-0.3125,9.210572651019022e-11,False
51.625,-0.3125,2.855487215162114e-10,False
51.75,-0.3125,1.5814141893787122e-10,False
51.875,-0.3125,-9.63437711806254e-10,False
52.0,-0.3125,-3.18092646392303e-09,False
52.125,-0.3125,-4.678493922709538e-09,False
52.25,-0.3125,-1.3222710502529698e-09,False
52.375,-0.3125,1.089548374762043e-08,False
52.5,-0.3125,3.0366536049062254e-08,False
52.625,-0.3125,4.503498719605134e-08,False
52.75,-0.3125,3.5391826443415476e-08,False
52.875,-0.3125,-9.270564827487954e-09,False
53.0,-0.3125,-6.640295481001267e-08,False
53.125,-0.3125,-6.943575284969593e-08,False
53.25,-0.3125,5.549681549619939e-08,False
53.375,-0.3125,2.818528970527021e-07,False
53.5,-0.3125,3.2627732591646595e-07,False
53.625,-0.3125,-4.575984074599473e-07,False
53.75,-0.3125,-2.960831462721472e-06,False
53.875,-0.3125,-7.78336273829785e-06,False
54.0,-0.3125,-1.418254968787574e-05,False
54.125,-0.3125,-1.8637950352982187e-05,False
54.25,-0.3125,-1.3483545880653694e-05,False
54.375,-0.3125,1.365665518298292e-05,False
54.5,-0.3125,7.881417055204224e-05,False
54.625,-0.3125,0.00019846062318363216,False
54.75,-0.3125,0.0003842528199903436,False
54.875,-0.3125,0.0006367769725437106,False
55.0,-0.3125,0.0009401908862932246,False
55.125,-0.3125,0.0012600675224932083,False
55.25,-0.3125,0.0015463610573448788,False
55.375,-0.3125,0.001742154086082195,False
55.5,-0.3125,0.0017969557431542203,False
55.625,-0.3125,0.001681387861824664,False
55.75,-0.3125,0.00139886351487287,False
55.875,-0.3125,0.0009899587325326318,False
56.0,-0.3125,0.0005268356137669535,False
56.125,-0.3125,9.7957834410705e-05,False
56.25,-0.3125,-0.00021341827066455283,False
56.375,-0.3125,-0.0003510272975038798,False
56.5,-0.3125,-0.0003010070008144133,False
56.625,-0.3125,-9.581479451360855e-05,False
56.75,-0.3125,0.00019507145483887788,False
56.875,-0.3125,0.0004851684074624262,False
57.0,-0.3125,0.000695635984263437,False
57.125,-0.3125,0.0007768461866144768,False
57.25,-0.3125,0.000720139057869949,False
57.375,-0.3125,0.0005563503570391032,False
57.5,-0.3125,0.00034220111153519827,False
57.625,-0.3125,0.00013971886718885696,False
57.75,-0.3125,-3.962032746568817e-06,False
57.875,-0.3125,-6.957174318326358e-05,False
58.0,-0.3125,-6.754104133316177e-05,False
58.125,-0.3125,-2.9035631624183043e-05,False
58.25,-0.3125,9.558176236009932e-06,False
58.375,-0.3125,2.2302623421716663e-05,False
58.5,-0.3125,3.5160584494936326e-06,False
58.625,-0.3125,-3.165418666595254e-05,False
58.75,-0.3125,-5.547471347867465e-05,False
58.875,-0.3125,-4.0843873258345316e-05,False
59.0,-0.3125,2.6098630436637363e-05,False
59.125,-0.3125,0.0001390220172104808,False
59.25,-0.3125,0.00027268705411394735,False
59.375,-0.3125,0.0003916812924105103,False
59.5,-0.3125,0.00046296308142743445,False
59.625,-0.3125,0.0004672871761239841,False
59.75,-0.3125,0.00040528744144073715,False
59.875,-0.3125,0.00029627847904146846,False
60.0,-0.3125,0.00017070870044986518,False
10.0,-0.3,0.032920295164927005,False
10.125,-0.3,0.10643424617033824,False
10.25,-0.3,0.11402033811230863,False
10.375,-0.3,0.06569390649300558,False
10.5,-0.3,-0.003539917979037431,False
10.625,-0.3,-0.053550032086822345,False
10.75,-0.3,-0.05827635122901706,False
10.875,-0.3,-0.01629718798511174,False
11.0,-0.3,0.05078336508442233,False
11.125,-0.3,0.1101872887368047,False
11.25,-0.3,0.13391913924278404,False
11.375,-0.3,0.11145348144707146,False
11.5,-0.3,0.0537886015286229,False
11.625,-0.3,-0.012341425883270106,False
11.75,-0.3,-0.05693381053503596,False
11.875,-0.3,-0.060005889604025704,False
12.0,-0.3,-0.01987077564534718,False
12.125,-0.3,0.046891043053377796,False
12.25,-0.3,0.11325681779380403,False
12.375,-0.3,0.15354803194157565,False
12.5,-0.3,0.15389243806553138,False
12.625,-0.3,0.11700505390432363,False
12.75,-0.3,0.059678081373555014,False
12.875,-0.3,0.004618940402482251,False
13.0,-0.3,-0.029418950887640224,False
13.125,-0.3,-0.03484515161206463,False
13.25,-0.3,-0.01692598025675845,False
13.375,-0.3,0.010243878253915862,False
13.5,-0.3,0.03116260001497265,False
13.625,-0.3,0.03609707453896252,False
13.75,-0.3,0.02479226855814296,False
13.875,-0.3,0.005332977427793937,False
14.0,-0.3,-0.0108826790968898,False
14.125,-0.3,-0.015351469769817404,False
14.25,-0.3,-0.006759270404501293,False
14.375,-0.3,0.008657194224350864,False
14.5,-0.3,0.02072102738449926,False
14.625,-0.3,0.021010791339038375,False
14.75,-0.3,0.007769917165787457,False
14.875,-0.3,-0.012450302837021256,False
15.0,-0.3,-0.027338022318266132,False
15.125,-0.3,-0.02449564097903361,False
15.25,-0.3,0.002322920020709142,False
15.375,-0.3,0.0493150130574819,False
15.5,-0.3,0.10299938657925332,False
15.625,-0.3,0.14493010663427985,False
15.75,-0.3,0.15892177164799692,False
15.875,-0.3,0.13781823994577128,False
16.0,-0.3,0.08696122576617529,False
16.125,-0.3,0.022837860879105658,False
16.25,-0.3,-0.03265945818345694,False
16.375,-0.3,-0.06016126463897161,False
16.5,-0.3,-0.04987949153771238,False
16.625,-0.3,-0.005114308540613503,False
16.75,-0.3,0.05905049073482448,False
16.875,-0.3,0.12125709061143913,False
17.0,-0.3,0.161423525793974,False
17.125,-0.3,0.1675103098616359,False
17.25,-0.3,0.13912450918953803,False
17.375,-0.3,0.08688874501091248,False
17.5,-0.3,0.02811363316895734,False
17.625,-0.3,-0.01940530245259493,False
17.75,-0.3,-0.04314466005113597,False
17.875,-0.3,-0.039237326046415257,False
18.0,-0.3,-0.012608425869644498,False
18.125,-0.3,0.025766812382628262,False
18.25,-0.3,0.06315745791187682,False
18.375,-0.3,0.08924769422693164,False
18.5,-0.3,0.09881038867569607,False
18.625,-0.3,0.09225788011509159,False
18.75,-0.3,0.07429326265257462,False
18.875,-0.3,0.051504010521239936,False
19.0,-0.3,0.029937863351243085,False
19.125,-0.3,0.013481160763436209,False
19.25,-0.3,0.0033854426034843517,False
19.375,-0.3,-0.0012089141438404345,False
19.5,-0.3,-0.002226763175167147,False
19.625,-0.3,-0.0016267512562974842,False
19.75,-0.3,-0.0007575785237607692,False
19.875,-0.3,-0.00020674901248330394,False
20.0,-0.3,-1.1465436640249618e-05,False
20.125,-0.3,7.945302224621034e-06,False
20.25,-0.3,-5.875667190118555e-07,False
20.375,-0.3,1.518873738706612e-06,False
20.5,-0.3,-3.872817688092014e-06,False
20.625,-0.3,-1.467512591169545e-05,False
20.75,-0.3,5.4388331333072105e-06,False
20.875,-0.3,6.582722147765683e-05,False
21.0,-0.3,7.610773881513529e-05,False
21.125,-0.3,-0.00014772006855183858,False
21.25,-0.3,-0.000748198749343436,False
21.375,-0.3,-0.0015977605154507443,False
21.5,-0.3,-0.0020932319493790997,False
21.625,-0.3,-0.0011180429043010994,False
21.75,-0.3,0.002732667867786684,False
21.875,-0.3,0.010680200844191433,False
22.0,-0.3,0.023185286269168427,False
22.125,-0.3,0.03948826438048648,False
22.25,-0.3,0.057482365932824624,False
22.375,-0.3,0.0740361118849945,False
22.5,-0.3,0.0857215311427595,False
22.625,-0.3,0.08974701085908494,False
22.75,-0.3,0.08479998771097742,False
22.875,-0.3,0.07151459060054899,False
23.0,-0.3,0.05239260084269405,False
23.125,-0.3,0.031183298951963943,False
23.25,-0.3,0.011905700683027277,False
23.375,-0.3,-0.002187551288793362,False
23.5,-0.3,-0.009391188805239477,False
23.625,-0.3,-0.009849553114015001,False
23.75,-0.3,-0.005316190659481003,False
23.875,-0.3,0.0015199312660751953,False
24.0,-0.3,0.007904194769925231,False
24.125,-0.3,0.011801326275785862,False
24.25,-0.3,0.012365022192547776,False
24.375,-0.3,0.009982200099753124,False
24.5,-0.3,0.005927965487010439,False
24.625,-0.3,0.0017889583797166984,False
24.75,-0.3,-0.0011282443479834945,False
24.875,-0.3,-0.0022048696942831175,False
25.0,-0.3,-0.001617482816688212,False
25.125,-0.3,-0.00014318335487491392,False
25.25,-0.3,0.001234585223951692,False
25.375,-0.3,0.0017555710653665518,False
25.5,-0.3,0.0011841306812251202,False
25.625,-0.3,-0.00012292878191451828,False
25.75,-0.3,-0.0013955207279325943,False
25.875,-0.3,-0.0017976074897727348,False
26.0,-0.3,-0.0008035107961162564,False
26.125,-0.3,0.001544290068945936,False
26.25,-0.3,0.0045981864751890545,False
26.375,-0.3,0.0073099011228464315,False
26.5,-0.3,0.008608004942301557,False
26.625,-0.3,0.00781522741914743,False
26.75,-0.3,0.004954270618914496,False
26.875,-0.3,0.0008261114641397462,False
27.0,-0.3,-0.0031786688392197063,False
27.125,-0.3,-0.005483481016971747,False
27.25,-0.3,-0.004817303785178471,False
27.375,-0.3,-0.0006349037699408073,False
27.5,-0.3,0.006672271288025454,False
27.625,-0.3,0.015844701205272888,False
27.75,-0.3,0.025082181277035074,False
27.875,-0.3,0.032526384574996195,False
28.0,-0.3,0.036748068973491706,False
28.125,-0.3,0.03709240446229672,False
28.25,-0.3,0.033787763709100055,False
28.375,-0.3,0.027803436103242908,False
28.5,-0.3,0.020521410694963618,False
28.625,-0.3,0.01333949468599524,False
28.75,-0.3,0.0073317524102252795,False
28.875,-0.3,0.003058223633695254,False
29.0,-0.3,0.000555065387599907,False
29.125,-0.3,-0.0005270302264241428,False
29.25,-0.3,-0.0007111594214140298,False
29.375,-0.3,-0.0004938713620791833,False
29.5,-0.3,-0.00021832902584252958,False
29.625,-0.3,-4.216542183566861e-05,False
29.75,-0.3,1.9169654167480905e-05,False
29.875,-0.3,1.648153430089318e-05,False
30.0,-0.3,1.495227740710259e-06,False
30.125,-0.3,-3.3897087003231394e-06,False
30.25,-0.3,-9.781030908417491e-07,False
30.375,-0.3,3.3639615434801015e-07,False
30.5,-0.3,-1.282275517796038e-07,False
30.625,-0.3,1.201870548453815e-06,False
30.75,-0.3,-1.575527502309211e-06,False
30.875,-0.3,-3.0316110713245266e-05,False
31.0,-0.3,-0.0001069704438091342,False
31.125,-0.3,-0.0002156915570561167,False
31.25,-0.3,-0.0002627638631167034,False
31.375,-0.3,-6.54894394011954e-05,False
31.5,-0.3,0.0006050810684613571,False
31.625,-0.3,0.001926844076378359,False
31.75,-0.3,0.0039061801860913827,False
31.875,-0.3,0.0062896035127600995,False
32.0,-0.3,0.00856352075413129,False
32.125,-0.3,0.010070275864906055,False
32.25,-0.3,0.010220455679023625,False
32.375,-0.3,0.00873248422368854,False
32.5,-0.3,0.005803916883892175,False
32.625,-0.3,0.0021304842605264973,False
32.75,-0.3,-0.0012607592436992218,False
32.875,-0.3,-0.0033259204002531045,False
33.0,-0.3,-0.003363250261580081,False
33.125,-0.3,-0.0012841530424871229,False
33.25,-0.3,0.0023142819581154547,False
33.375,-0.3,0.00631730390095941,False
33.5,-0.3,0.00945310172597563,False
33.625,-0.3,0.010721720091084103,False
33.75,-0.3,0.009737043733766965,False
33.875,-0.3,0.006855147629142903,False
34.0,-0.3,0.00304073203713545,False
34.125,-0.3,-0.00047851211287485654,False
34.25,-0.3,-0.0026405569673076234,False
34.375,-0.3,-0.0029026440776265755,False
34.5,-0.3,-0.0013939833651208022,False
34.625,-0.3,0.0011785551409389122,False
34.75,-0.3,0.0038230838467331564,False
34.875,-0.3,0.0056330134493757286,False
35.0,-0.3,0.006092656356341522,False
35.125,-0.3,0.005210486104093979,False
35.25,-0.3,0.0034468065728833672,False
35.375,-0.3,0.0014845504058150125,False
35.5,-0.3,-5.187785375179526e-05,False
35.625,-0.3,-0.0008151648116827868,False
35.75,-0.3,-0.0008137363610745767,False
35.875,-0.3,-0.0003381621949176126,False
36.0,-0.3,0.00021350634791656706,False
36.125,-0.3,0.0005246479129045941,False
36.25,-0.3,0.00048113162422403123,False
36.375,-0.3,0.00018174195782167036,False
36.5,-0.3,-0.00015110209471155567,False
36.625,-0.3,-0.00030610009752567787,False
36.75,-0.3,-0.00019438365393318794,False
36.875,-0.3,0.00011351259438334977,False
37.0,-0.3,0.0004361107737936799,False
37.125,-0.3,0.0005842565288893914,False
37.25,-0.3,0.0004643120861717356,False
37.375,-0.3,0.00012965946249847969,False
37.5,-0.3,-0.00024353987433828529,False
37.625,-0.3,-0.0004427687049343153,False
37.75,-0.3,-0.00032464958651281926,False
37.875,-0.3,0.00011163603260313094,False
38.0,-0.3,0.0007178326328909706,False
38.125,-0.3,0.0012597041646873945,False
38.25,-0.3,0.001520001778672896,False
38.375,-0.3,0.0013938051635558487,False
38.5,-0.3,0.0009332882205343425,False
38.625,-0.3,0.00032294939556803764,False
38.75,-0.3,-0.00020185801268786125,False
38.875,-0.3,-0.0004553697345015026,False
39.0,-0.3,-0.00037608604429923825,False
39.125,-0.3,-4.421506255899028e-05,False
39.25,-0.3,0.0003628431138191963,False
39.375,-0.3,0.0006540888585420208,False
39.5,-0.3,0.0007086212987731672,False
39.625,-0.3,0.0005225411203059678,False
39.75,-0.3,0.0002005609878620117,False
39.875,-0.3,-0.00010047879540559285,False
40.0,-0.3,-0.0002478583888210415,False
40.125,-0.3,-0.00019329835492914397,False
40.25,-0.3,9.337876479963093e-06,False
40.375,-0.3,0.00023512246069190803,False
40.5,-0.3,0.0003517610889205476,False
40.625,-0.3,0.0002856509375444381,False
40.75,-0.3,6.0032430561476104e-05,False
40.875,-0.3,-0.0002116105080074019,False
41.0,-0.3,-0.00037343759569143136,False
41.125,-0.3,-0.00029497568910806656,False
41.25,-0.3,7.073674515389883e-05,False
41.375,-0.3,0.0006630150411208317,False
41.5,-0.3,0.0013327218657135978,False
41.625,-0.3,0.0018958482359779153,False
41.75,-0.3,0.0021990035830794625,False
41.875,-0.3,0.0021708516004559685,False
42.0,-0.3,0.0018408172997746522,False
42.125,-0.3,0.0013206202344845167,False
42.25,-0.3,0.0007589655733830225,False
42.375,-0.3,0.00028900067523342276,False
42.5,-0.3,-1.1285651170126539e-05,False
42.625,-0.3,-0.0001329854580083544,False
42.75,-0.3,-0.0001233265202095833,False
42.875,-0.3,-5.5177467460429595e-05,False
43.0,-0.3,6.318399710790118e-06,False
43.125,-0.3,2.6569397678264792e-05,False
43.25,-0.3,6.867954635847056e-06,False
43.375,-0.3,-2.646428971006462e-05,False
43.5,-0.3,-4.141385063486915e-05,False
43.625,-0.3,-1.822131686256653e-05,False
43.75,-0.3,4.162433059539914e-05,False
43.875,-0.3,0.00011777701047422878,False
44.0,-0.3,0.00018191551022596472,False
44.125,-0.3,0.00021099037380123303,False
44.25,-0.3,0.00019663164846133886,False
44.375,-0.3,0.0001471290251886204,False
44.5,-0.3,8.215853914702283e-05,False
44.625,-0.3,2.3536869684878617e-05,False
44.75,-0.3,-1.3504725413643367e-05,False
44.875,-0.3,-2.494659397933853e-05,False
45.0,-0.3,-1.723390877842312e-05,False
45.125,-0.3,-2.3699834128930833e-06,False
45.25,-0.3,8.371790042832246e-06,False
45.375,-0.3,9.2179903986173e-06,False
45.5,-0.3,1.3854870637528885e-06,False
45.625,-0.3,-8.772047708586386e-06,False
45.75,-0.3,-1.3590395412256688e-05,False
45.875,-0.3,-7.918969226651055e-06,False
46.0,-0.3,8.691985629868892e-06,False
46.125,-0.3,3.21047833163558e-05,False
46.25,-0.3,5.559553540097154e-05,False
46.375,-0.3,7.262308665813764e-05,False
46.5,-0.3,7.913454285040718e-05,False
46.625,-0.3,7.459222078441983e-05,False
46.75,-0.3,6.157132556479925e-05,False
46.875,-0.3,4.436485540146426e-05,False
47.0,-0.3,2.7317907855358973e-05,False
47.125,-0.3,1.3548815458073533e-05,False
47.25,-0.3,4.407681187217778e-06,False
47.375,-0.3,-3.4279983578536965e-07,False
47.5,-0.3,-1.9014243411215075e-06,False
47.625,-0.3,-1.715538325727481e-06,False
47.75,-0.3,-9.57359466703186e-07,False
47.875,-0.3,-3.0256066894553474e-07,False
48.0,-0.3,2.9167201966955806e-08,False
48.125,-0.3,9.5712776615282e-08,False
48.25,-0.3,4.3859842171641214e-08,False
48.375,-0.3,-1.194940584783718e-08,False
48.5,-0.3,-2.7741253693502744e-08,False
48.625,-0.3,-1.1940187291103581e-08,False
48.75,-0.3,1.0029393548132235e-08,False
48.875,-0.3,2.095812903124909e-08,False
49.0,-0.3,1.8594916427523484e-08,False
49.125,-0.3,9.767940277864201e-09,False
49.25,-0.3,1.8576818337626724e-09,False
49.375,-0.3,-1.8640290860741492e-09,False
49.5,-0.3,-2.0806842933392923e-09,False
49.625,-0.3,-9.557501192355677e-10,False
49.75,-0.3,-5.723059524002781e-11,False
49.875,-0.3,2.1344915882397546e-10,False
50.0,-0.3,1.3129309854391366e-10,False
50.125,-0.3,1.679345504861938e-11,False
50.25,-0.3,-2.0798617483570108e-11,False
50.375,-0.3,-1.3381807626134705e-11,False
50.5,-0.3,-3.2982359134708527e-12,False
50.625,-0.3,-1.2851115974632532e-13,False
50.75,-0.3,4.796847909625168e-13,False
50.875,-0.3,1.2043758063407263e-12,False
51.0,-0.3,9.658011143698303e-13,False
51.125,-0.3,-7.672793999948043e-12,False
51.25,-0.3,-2.675137331909219e-11,False
51.375,-0.3,-1.7592994213760903e-11,False
51.5,-0.3,9.04353531198178e-11,False
51.625,-0.3,2.526468458063543e-10,False
51.75,-0.3,1.0328432735539453e-10,False
51.875,-0.3,-9.391377414560087e-10,False
52.0,-0.3,-2.8829150558061316e-09,False
52.125,-0.3,-3.9701739583238426e-09,False
52.25,-0.3,-4.1189665274986513e-10,False
52.375,-0.3,1.1268399475441946e-08,False
52.5,-0.3,2.922540948336818e-08,False
52.625,-0.3,4.2124061959293404e-08,False
52.75,-0.3,3.232731576003526e-08,False
52.875,-0.3,-8.931459590382358e-09,False
53.0,-0.3,-5.962141474194883e-08,False
53.125,-0.3,-5.875232615778695e-08,False
53.25,-0.3,5.743672590179518e-08,False
53.375,-0.3,2.554103370817022e-07,False
53.5,-0.3,2.6474240113759023e-07,False
53.625,-0.3,-5.05239087448517e-07,False
53.75,-0.3,-2.8286728738650064e-06,False
53.875,-0.3,-7.129588295964329e-06,False
54.0,-0.3,-1.2469412512047455e-05,False
54.125,-0.3,-1.5193619069612886e-05,False
54.25,-0.3,-7.67546560921876e-06,False
54.375,-0.3,2.2143624226865545e-05,False
54.5,-0.3,8.96544522549905e-05,False
54.625,-0.3,0.0002104303114911992,False
54.75,-0.3,0.0003951731406379305,False
54.875,-0.3,0.0006437698526748373,False
55.0,-0.3,0.0009402767593560519,False
55.125,-0.3,0.0012510133707370238,False
55.25,-0.3,0.0015275617315691444,False
55.375,-0.3,0.0017152529811223416,False
55.5,-0.3,0.0017659261944824056,False
55.625,-0.3,0.0016519210637280348,False
55.75,-0.3,0.0013771184622461343,False
55.875,-0.3,0.0009809614009118344,False
56.0,-0.3,0.0005329841942505043,False
56.125,-0.3,0.00011812397336846095,False
56.25,-0.3,-0.0001838386114550346,False
56.375,-0.3,-0.0003190379149540143,False
56.5,-0.3,-0.00027416965879532303,False
56.625,-0.3,-8.017549431733987e-05,False
56.75,-0.3,0.00019664462801359005,False
56.875,-0.3,0.00047370000731912704,False
57.0,-0.3,0.000675574006064229,False
57.125,-0.3,0.0007545647176023203,False
57.25,-0.3,0.0007019152332552963,False
57.375,-0.3,0.0005464923082502908,False
57.5,-0.3,0.0003419391950071768,False
57.625,-0.3,0.0001471912679766796,False
57.75,-0.3,7.30720531345034e-06,False
57.875,-0.3,-5.8896375642845985e-05,False
58.0,-0.3,-6.069514314975284e-05,False
58.125,-0.3,-2.7085267190184544e-05,False
58.25,-0.3,7.810777865464073e-06,False
58.375,-0.3,1.9530970756166262e-05,False
58.5,-0.3,2.5682817942038023e-06,False
58.625,-0.3,-2.9026365112860088e-05,False
58.75,-0.3,-4.935796819075191e-05,False
58.875,-0.3,-3.311206582730744e-05,False
59.0,-0.3,3.256811997032971e-05,False
59.125,-0.3,0.00014151998211948507,False
59.25,-0.3,0.0002697540049455065,False
59.375,-0.3,0.0003836810666559559,False
59.5,-0.3,0.00045195047691769594,False
59.625,-0.3,0.00045625503043403753,False
59.75,-0.3,0.00039711077971382833,False
59.875,-0.3,0.0002927669461139253,False
60.0,-0.3,0.0001721068290538163,False
10.0,-0.2875,0.030288008178692878,False
10.125,-0.2875,0.09911686365829549,False
10.25,-0.2875,0.10703740602669232,False
10.375,-0.2875,0.06273921824296726,False
10.5,-0.2875,-0.0013944883553531073,False
10.625,-0.2875,-0.04789007130574904,False
10.75,-0.2875,-0.052252295672799626,False
10.875,-0.2875,-0.01298717467639993,False
11.0,-0.2875,0.049801276257369256,False
11.125,-0.2875,0.1054584120395291,False
11.25,-0.2875,0.1277315480353932,False
11.375,-0.2875,0.10670190089952711,False
11.5,-0.2875,0.05263785540759108,False
11.625,-0.2875,-0.00939286821363041,False
11.75,-0.2875,-0.05120577449920115,False
11.875,-0.2875,-0.05398610565116208,False
12.0,-0.2875,-0.016093381977659166,False
12.125,-0.2875,0.046924557186085104,False
12.25,-0.2875,0.1096525087751395,False
12.375,-0.2875,0.14787644033220235,False
12.5,-0.2875,0.14843743464373038,False
12.625,-0.2875,0.11376858697814829,False
12.75,-0.2875,0.05958383066035458,False
12.875,-0.2875,0.00723928868869686,False
13.0,-0.2875,-0.025539274768472165,False
13.125,-0.2875,-0.03146015401439265,False
13.25,-0.2875,-0.015307051659705126,False
13.375,-0.2875,0.009794679981785431,False
13.5,-0.2875,0.029316539309915877,False
13.625,-0.2875,0.034063062293247494,False
13.75,-0.2875,0.02367985594177421,False
13.875,-0.2875,0.005626300643573662,False
14.0,-0.2875,-0.009501090408246031,False
14.125,-0.2875,-0.013766946530504021,False
14.25,-0.2875,-0.005918221408659466,False
14.375,-0.2875,0.008266356621260669,False
14.5,-0.2875,0.019341675672299715,False
14.625,-0.2875,0.0195130091240115,False
14.75,-0.2875,0.007216813831860327,False
14.875,-0.2875,-0.011357250642978614,False
15.0,-0.2875,-0.024667813647764696,False
15.125,-0.2875,-0.021148614933442767,False
15.25,-0.2875,0.004946756550429268,False
15.375,-0.2875,0.04990602924680149,False
15.5,-0.2875,0.10093273617108912,False
15.625,-0.2875,0.14060221002728598,False
15.75,-0.2875,0.15367282730094672,False
15.875,-0.2875,0.1334587288297163,False
16.0,-0.2875,0.08508710630121516,False
16.125,-0.2875,0.024208208513514073,False
16.25,-0.2875,-0.02843324913786721,False
16.375,-0.2875,-0.054491507118371446,False
16.5,-0.2875,-0.04469348522150545,False
16.625,-0.2875,-0.0021599866719076155,False
16.75,-0.2875,0.05881933280892184,False
16.875,-0.2875,0.11799043524254822,False
17.0,-0.2875,0.15627887596450457,False
17.125,-0.2875,0.16220640400220812,False
17.25,-0.2875,0.1353268220648728,False
17.375,-0.2875,0.08565756343059253,False
17.5,-0.2875,0.02960460908429663,False
17.625,-0.2875,-0.015906021953960625,False
17.75,-0.2875,-0.038896617629465065,False
17.875,-0.2875,-0.035577250494253344,False
18.0,-0.2875,-0.010515683055287443,False
18.125,-0.2875,0.02592670214170061,False
18.25,-0.2875,0.061649540548845666,False
18.375,-0.2875,0.08677624838332659,False
18.5,-0.2875,0.09621936433823801,False
18.625,-0.2875,0.09024412568338075,False
18.75,-0.2875,0.07322722423361241,False
18.875,-0.2875,0.05139641478879199,False
19.0,-0.2875,0.030531190131440667,False
19.125,-0.2875,0.0144047153056888,False
19.25,-0.2875,0.004304028052248185,False
19.375,-0.2875,-0.0005032236947071916,False
19.5,-0.2875,-0.0017960054468431135,False
19.625,-0.2875,-0.0014256910419704078,False
19.75,-0.2875,-0.0006960362362746006,False
19.875,-0.2875,-0.00020292331619107772,False
20.0,-0.2875,-1.78956453821654e-05,False
20.125,-0.2875,5.8832423403185315e-06,False
20.25,-0.2875,-2.68733633322779e-07,False
20.375,-0.2875,1.1007933899237347e-06,False
20.5,-0.2875,-3.7554666187149154e-06,False
20.625,-0.2875,-1.2212165894222268e-05,False
20.75,-0.2875,7.04306566100101e-06,False
20.875,-0.2875,5.935095515401011e-05,False
21.0,-0.2875,6.051687092690182e-05,False
21.125,-0.2875,-0.00015309544645151227,False
21.25,-0.2875,-0.000695918188724239,False
21.375,-0.2875,-0.0014203614930320533,False
21.5,-0.2875,-0.0017293650197034098,False
21.625,-0.2875,-0.0005488578634017878,False
21.75,-0.2875,0.0034524186560198527,False
21.875,-0.2875,0.011413064078954756,False
22.0,-0.2875,0.02373401746268084,False
22.125,-0.2875,0.03964842311621303,False
22.25,-0.2875,0.0571093526064733,False
22.375,-0.2875,0.07310343910361063,False
22.5,-0.2875,0.08434781041257645,False
22.625,-0.2875,0.088178704003359,False
22.75,-0.2875,0.08335206042824776,False
22.875,-0.2875,0.07048620325808237,False
23.0,-0.2875,0.05198424964093887,False
23.125,-0.2875,0.03144191237534203,False
23.25,-0.2875,0.012715076703687545,False
23.375,-0.2875,-0.0010685752654716104,False
23.5,-0.2875,-0.008255947888428983,False
23.625,-0.2875,-0.00895992250068086,False
23.75,-0.2875,-0.0048342511857960005,False
23.875,-0.2875,0.0015651174803364347,False
24.0,-0.2875,0.007607320818917109,False
24.125,-0.2875,0.011335736394269776,False
24.25,-0.2875,0.01191927286138194,False
24.375,-0.2875,0.009700117637526802,False
24.5,-0.2875,0.00587088386477819,False
24.625,-0.2875,0.0019298191385618887,False
24.75,-0.2875,-0.0008806633990635546,False
24.875,-0.2875,-0.001963181327102248,False
25.0,-0.2875,-0.0014710902488056397,False
25.125,-0.2875,-0.00012763729991228055,False
25.25,-0.2875,0.0011447188388129244,False
25.375,-0.2875,0.001629824716233055,False
25.5,-0.2875,0.001103321657786978,False
25.625,-0.2875,-0.00010210624461855602,False
25.75,-0.2875,-0.0012649000879902156,False
25.875,-0.2875,-0.0016019221437102835,False
26.0,-0.2875,-0.0006233285537158768,False
26.125,-0.2875,0.0016245489079181389,False
26.25,-0.2875,0.00452516929772013,False
26.375,-0.2875,0.007086077459481173,False
26.5,-0.2875,0.008296697224229613,False
26.625,-0.2875,0.0075233075566119405,False
26.75,-0.2875,0.004797829011993833,False
26.875,-0.2875,0.0008905359026049942,False
27.0,-0.2875,-0.002870557128585845,False
27.125,-0.2875,-0.004984078521927463,False
27.25,-0.2875,-0.0042428558947385075,False
27.375,-0.2875,-0.00013333466177692724,False
27.5,-0.2875,0.006964167101351312,False
27.625,-0.2875,0.015841055850006208,False
27.75,-0.2875,0.024772321333847828,False
27.875,-0.2875,0.031976347707750076,False
28.0,-0.2875,0.0360797081662818,False
28.125,-0.2875,0.03644759515437118,False
28.25,-0.2875,0.033289578514246555,False
28.375,-0.2875,0.027526309105588384,False
28.5,-0.2875,0.020478452213260306,False
28.625,-0.2875,0.01348883209257513,False
28.75,-0.2875,0.007597433455815103,False
28.875,-0.2875,0.003357057987798106,False
29.0,-0.2875,0.0008200667575071997,False
29.125,-0.2875,-0.00033331600857629566,False
29.25,-0.2875,-0.0005955450059810069,False
29.375,-0.2875,-0.00044111164249774625,False
29.5,-0.2875,-0.00020397777630224548,False
29.625,-0.2875,-4.398491975684776e-05,False
29.75,-0.2875,1.4970892500281098e-05,False
29.875,-0.2875,1.4833157123941872e-05,False
30.0,-0.2875,1.8772271231426732e-06,False
30.125,-0.2875,-2.8117620524009557e-06,False
30.25,-0.2875,-9.377112470798121e-07,False
30.375,-0.2875,2.408210086422503e-07,False
30.5,-0.2875,-6.962713960865934e-08,False
30.625,-0.2875,8.991467246997376e-07,False
30.75,-0.2875,-2.5221665674257862e-06,False
30.875,-0.2875,-2.9575531634027922e-05,False
31.0,-0.2875,-9.773178798786738e-05,False
31.125,-0.2875,-0.00018752259840541742,False
31.25,-0.2875,-0.0002062241069795398,False
31.375,-0.2875,2.072071455049354e-05,False
31.5,-0.2875,0.0007078037606973744,False
31.625,-0.2875,0.0020170934981531595,False
31.75,-0.2875,0.003945428352918592,False
31.875,-0.2875,0.006243179347883586,False
32.0,-0.2875,0.008416806190829062,False
32.125,-0.2875,0.00984091122330131,False
32.25,-0.2875,0.009960062267613824,False
32.375,-0.2875,0.008514813611839846,False
32.5,-0.2875,0.005701748455548785,False
32.625,-0.2875,0.002188833092290108,False
32.75,-0.2875,-0.0010448687117100809,False
32.875,-0.2875,-0.003008211706347001,False
33.0,-0.2875,-0.003037837574934392,False
33.125,-0.2875,-0.0010537239170218442,False
33.25,-0.2875,0.002373646697900418,False
33.375,-0.2875,0.006183742258339042,False
33.5,-0.2875,0.009168260622145489,False
33.625,-0.2875,0.010377537346314263,False
33.75,-0.2875,0.009444320885411773,False
33.875,-0.2875,0.0067052573518644075,False
34.0,-0.2875,0.003074546966305938,False
34.125,-0.2875,-0.00028310220706035706,False
34.25,-0.2875,-0.0023583069290511174,False
34.375,-0.2875,-0.0026322663106170905,False
34.5,-0.2875,-0.001222391660246258,False
34.625,-0.2875,0.0012055430554184258,False
34.75,-0.2875,0.003713138241454502,False
34.875,-0.2875,0.005439338896278146,False
35.0,-0.2875,0.00589023791701856,False
35.125,-0.2875,0.005066815570773696,False
35.25,-0.2875,0.003398681163194586,False
35.375,-0.2875,0.0015291668509328942,False
35.5,-0.2875,5.030977624457091e-05,False
35.625,-0.2875,-0.000704308428499746,False
35.75,-0.2875,-0.0007356142517965216,False
35.875,-0.2875,-0.00031174027414226945,False
36.0,-0.2875,0.00019506152619945758,False
36.125,-0.2875,0.0004859342846167091,False
36.25,-0.2875,0.00045008806208112265,False
36.375,-0.2875,0.0001760260256717444,False
36.5,-0.2875,-0.00013092330796226015,False
36.625,-0.2875,-0.00027425868360527573,False
36.75,-0.2875,-0.00017062944855800128,False
36.875,-0.2875,0.00011503112638924096,False
37.0,-0.2875,0.00041423439051891287,False
37.125,-0.2875,0.0005511051958537243,False
37.25,-0.2875,0.00043873458999376866,False
37.375,-0.2875,0.00012737655098625584,False
37.5,-0.2875,-0.00021813796890163834,False
37.625,-0.2875,-0.0003991956613148782,False
37.75,-0.2875,-0.00028211143104150537,False
37.875,-0.2875,0.00013313957466446136,False
38.0,-0.2875,0.0007068392179141614,False
38.125,-0.2875,0.0012186940919795375,False
38.25,-0.2875,0.001464437592609529,False
38.375,-0.2875,0.001345347106269467,False
38.5,-0.2875,0.0009103649317934812,False
38.625,-0.2875,0.0003329662727428226,False
38.75,-0.2875,-0.00016526494715878094,False
38.875,-0.2875,-0.0004090044396828802,False
39.0,-0.2875,-0.0003395034258644604,False
39.125,-0.2875,-3.1250154540690304e-05,False
39.25,-0.2875,0.0003495692560062217,False
39.375,-0.2875,0.0006234328882883922,False
39.5,-0.2875,0.000676134184526291,False
39.625,-0.2875,0.0005030544774450186,False
39.75,-0.2875,0.00020160156231137404,False
39.875,-0.2875,-8.154438046415998e-05,False
40.0,-0.2875,-0.00022187154117400841,False
40.125,-0.2875,-0.00017368654355389036,False
40.25,-0.2875,1.3119378152357146e-05,False
40.375,-0.2875,0.00022205438448941718,False
40.5,-0.2875,0.00032966845455164185,False
40.625,-0.2875,0.0002674892333250207,False
40.75,-0.2875,5.782613097110378e-05,False
40.875,-0.2875,-0.0001924233624973701,False
41.0,-0.2875,-0.00033676995134344836,False
41.125,-0.2875,-0.00025281733125733045,False
41.25,-0.2875,0.00010300905005341339,False
41.375,-0.2875,0.0006726998776970068,False
41.5,-0.2875,0.0013147005728365627,False
41.625,-0.2875,0.0018544095500786376,False
41.75,-0.2875,0.0021460181884990306,False
41.875,-0.2875,0.0021212297825480633,False
42.0,-0.2875,0.001807191416027365,False
42.125,-0.2875,0.001309335479107627,False
42.25,-0.2875,0.000768756033175359,False
42.375,-0.2875,0.00031254146956700296,False
42.5,-0.2875,1.610549797526886e-05,False
42.625,-0.2875,-0.00011037705402408354,False
42.75,-0.2875,-0.0001101671585116307,False
42.875,-0.2875,-5.144789466730477e-05,False
43.0,-0.2875,4.12663964747022e-06,False
43.125,-0.2875,2.315668464656588e-05,False
43.25,-0.2875,5.849301344201931e-06,False
43.375,-0.2875,-2.3893193174001612e-05,False
43.5,-0.2875,-3.649009705390873e-05,False
43.625,-0.2875,-1.3545942432133428e-05,False
43.75,-0.2875,4.358290241915019e-05,False
43.875,-0.2875,0.00011588001264471448,False
44.0,-0.2875,0.00017677270521462138,False
44.125,-0.2875,0.00020453595579944967,False
44.25,-0.2875,0.00019116857141238998,False
44.375,-0.2875,0.00014433590556175405,False
44.5,-0.2875,8.249400604056079e-05,False
44.625,-0.2875,2.623828415667399e-05,False
44.75,-0.2875,-9.917133267807875e-06,False
44.875,-0.2875,-2.1951859307029897e-05,False
45.0,-0.2875,-1.571560955042019e-05,False
45.125,-0.2875,-2.3748107696000704e-06,False
45.25,-0.2875,7.480115440859271e-06,False
45.375,-0.2875,8.34256839722071e-06,False
45.5,-0.2875,1.2400036577314799e-06,False
45.625,-0.2875,-7.95834645601342e-06,False
45.75,-0.2875,-1.2108283934853947e-05,False
45.875,-0.2875,-6.384044158885067e-06,False
46.0,-0.2875,9.644239970632462e-06,False
46.125,-0.2875,3.208788535524148e-05,False
46.25,-0.2875,5.460005794706966e-05,False
46.375,-0.2875,7.097613747670967e-05,False
46.5,-0.2875,7.733673015000295e-05,False
46.625,-0.2875,7.311844277470084e-05,False
46.75,-0.2875,6.0718572424761566e-05,False
46.875,-0.2875,4.419410933030197e-05,False
47.0,-0.2875,2.769027254521047e-05,False
47.125,-0.2875,1.4219932172868478e-05,False
47.25,-0.2875,5.1314442776808215e-06,False
47.375,-0.2875,2.593667954824627e-07,False
47.5,-0.2875,-1.4966923657255398e-06,False
47.625,-0.2875,-1.5004681051312872e-06,False
47.75,-0.2875,-8.773209163425027e-07,False
47.875,-0.2875,-2.936907969394936e-07,False
48.0,-0.2875,1.53562811541455e-08,False
48.125,-0.2875,8.438940298266254e-08,False
48.25,-0.2875,4.127533526433121e-08,False
48.375,-0.2875,-9.153808018686512e-09,False
48.5,-0.2875,-2.4503089562121517e-08,False
48.625,-0.2875,-1.0800122256081774e-08,False
48.75,-0.2875,9.216382967858267e-09,False
48.875,-0.2875,1.9539302759239406e-08,False
49.0,-0.2875,1.7674260990580207e-08,False
49.125,-0.2875,9.639410505375026e-09,False
49.25,-0.2875,2.217805787636588e-09,False
49.375,-0.2875,-1.4416476644503196e-09,False
49.5,-0.2875,-1.8323353538507982e-09,False
49.625,-0.2875,-8.907612409750225e-10,False
49.75,-0.2875,-7.983466464532147e-11,False
49.875,-0.2875,1.8464127316118457e-10,False
50.0,-0.2875,1.2271906522245457e-10,False
50.125,-0.2875,2.0454093837822745e-11,False
50.25,-0.2875,-1.6605397914500354e-11,False
50.375,-0.2875,-1.2019108642519513e-11,False
50.5,-0.2875,-3.291238587913579e-12,False
50.625,-0.2875,-2.3257662123906853e-13,False
50.75,-0.2875,4.397294436151779e-13,False
50.875,-0.2875,1.0678457838862472e-12,False
51.0,-0.2875,5.567805727736388e-13,False
51.125,-0.2875,-7.435080901833832e-12,False
51.25,-0.2875,-2.3207239593885118e-11,False
51.375,-0.2875,-1.111319295692905e-11,False
51.5,-0.2875,8.791959940905007e-11,False
51.625,-0.2875,2.2258983828308168e-10,False
51.75,-0.2875,5.777177330983281e-11,False
51.875,-0.2875,-9.042447208797361e-10,False
52.0,-0.2875,-2.591437232627121e-09,False
52.125,-0.2875,-3.308199713859424e-09,False
52.25,-0.2875,4.127541792763161e-10,False
52.375,-0.2875,1.1569712165018666e-08,False
52.5,-0.2875,2.8128029416755686e-08,False
52.625,-0.2875,3.944648410263434e-08,False
52.75,-0.2875,2.9604655663349103e-08,False
52.875,-0.2875,-8.460108496125189e-09,False
53.0,-0.2875,-5.33451417689129e-08,False
53.125,-0.2875,-4.9298149333847455e-08,False
53.25,-0.2875,5.835449511733204e-08,False
53.375,-0.2875,2.3056030731325525e-07,False
53.5,-0.2875,2.1079992233032362e-07,False
53.625,-0.2875,-5.37108574914319e-07,False
53.75,-0.2875,-2.6756367856903846e-06,False
53.875,-0.2875,-6.463133210037801e-06,False
54.0,-0.2875,-1.0779000240216626e-05,False
54.125,-0.2875,-1.1847801063750201e-05,False
54.25,-0.2875,-2.087347475196249e-06,False
54.375,-0.2875,3.0254060425072198e-05,False
54.5,-0.2875,9.995809954972208e-05,False
54.625,-0.2875,0.00022175113071612522,False
54.75,-0.2875,0.00040544124191319324,False
54.875,-0.2875,0.0006502681277098481,False
55.0,-0.2875,0.0009402072795991687,False
55.125,-0.2875,0.001242295324222767,False
55.25,-0.2875,0.001509656292760041,False
55.375,-0.2875,0.00168973964468931,False
55.5,-0.2875,0.0017365707960845093,False
55.625,-0.2875,0.0016240932921844748,False
55.75,-0.2875,0.0013566133774095877,False
55.875,-0.2875,0.000972495940615503,False
56.0,-0.2875,0.0005387973003232782,False
56.125,-0.2875,0.00013713860900225864,False
56.25,-0.2875,-0.00015596201955482905,False
56.375,-0.2875,-0.0002888879399415347,False
56.5,-0.2875,-0.00024885454670853306,False
56.625,-0.2875,-6.53786898226725e-05,False
56.75,-0.2875,0.00019822183357930936,False
56.875,-0.2875,0.00046300785567775357,False
57.0,-0.2875,0.0006567751340597674,False
57.125,-0.2875,0.000733632688585812,False
57.25,-0.2875,0.0006847407832063135,False
57.375,-0.2875,0.0005371299708758846,False
57.5,-0.2875,0.0003415667276400947,False
57.625,-0.2875,0.0001540916822699604,False
57.75,-0.2875,1.781477233386638e-05,False
57.875,-0.2875,-4.8882393534091196e-05,False
58.0,-0.2875,-5.420766062259927e-05,False
58.125,-0.2875,-2.5138967010604142e-05,False
58.25,-0.2875,6.312139312493234e-06,False
58.375,-0.2875,1.7063606642775946e-05,False
58.5,-0.2875,1.7773553003032456e-06,False
58.625,-0.2875,-2.6511734170536015e-05,False
58.75,-0.2875,-4.3618126879947814e-05,False
58.875,-0.2875,-2.5891543219616004e-05,False
59.0,-0.2875,3.858904444654514e-05,False
59.125,-0.2875,0.00014381661614241222,False
59.25,-0.2875,0.00026696603874617163,False
59.375,-0.2875,0.0003761490032127043,False
59.5,-0.2875,0.00044159418954385334,False
59.625,-0.2875,0.0004458730163106655,False
59.75,-0.2875,0.0003893954149082115,False
59.875,-0.2875,0.0002894189311867317,False
60.0,-0.2875,0.00017336595258608508,False
10.0,-0.275,0.028037400643697037,False
10.125,-0.275,0.0924390282615626,False
10.25,-0.275,0.10059756754830586,False
10.375,-0.275,0.05998708595149236,False
10.5,-0.275,0.0005626496651676624,False
10.625,-0.275,-0.04267219023048546,False
10.75,-0.275,-0.04668385394562563,False
10.875,-0.275,-0.009921736546387165,False
11.0,-0.275,0.048894582867390526,False
11.125,-0.275,0.10107810882221371,False
11.25,-0.275,0.12199509577494384,False
11.375,-0.275,0.10229387808684809,False
11.5,-0.275,0.05156948903764027,False
11.625,-0.275,-0.006654948887932076,False
11.75,-0.275,-0.04588346589541634,False
11.875,-0.275,-0.0483884056144216,False
12.0,-0.275,-0.012575993628314481,False
12.125,-0.275,0.046962136267572285,False
12.25,-0.275,0.10630319376294853,False
12.375,-0.275,0.14259543181357923,False
12.5,-0.275,0.1433465494552751,False
12.625,-0.275,0.11073221935941473,False
12.75,-0.275,0.0594678163290689,False
12.875,-0.275,0.009654565379711318,False
13.0,-0.275,-0.021938990493452708,False
13.125,-0.275,-0.028303301681308714,False
13.25,-0.275,-0.01377875965917515,False
13.375,-0.275,0.009406166419512018,False
13.5,-0.275,0.027626226756906107,False
13.625,-0.275,0.03218736673228824,False
13.75,-0.275,0.022646920483477676,False
13.875,-0.275,0.005887902439097625,False
14.0,-0.275,-0.008234191108054933,False
14.125,-0.275,-0.012309941094282652,False
14.25,-0.275,-0.005143854491315173,False
14.375,-0.275,0.007908090780052572,False
14.5,-0.275,0.01807698134466844,False
14.625,-0.275,0.018146905959970563,False
14.75,-0.275,0.006731350407136583,False
14.875,-0.275,-0.010316748036890143,False
15.0,-0.275,-0.022171067175759254,False
15.125,-0.275,-0.018035797366177508,False
15.25,-0.275,0.007373813796619645,False
15.375,-0.275,0.050432189798812053,False
15.5,-0.275,0.09898154714609116,False
15.625,-0.275,0.1365478779949788,False
15.75,-0.275,0.14876722036214307,False
15.875,-0.275,0.1293901479747431,False
16.0,-0.275,0.0833425954723995,False
16.125,-0.275,0.02549406341395482,False
16.25,-0.275,-0.024480911656092345,False
16.375,-0.275,-0.04919128972306633,False
16.5,-0.275,-0.03984471042685999,False
16.625,-0.275,0.0006046267580476494,False
16.75,-0.275,0.05860733999621567,False
16.875,-0.275,0.11493935939965183,False
17.0,-0.275,0.15146760068180842,False
17.125,-0.275,0.15723979412772476,False
17.25,-0.275,0.1317626195557736,False
17.375,-0.275,0.08449060408531708,False
17.5,-0.275,0.030985726776689867,False
17.625,-0.275,-0.012639201410760567,False
17.75,-0.275,-0.034919034266457157,False
17.875,-0.275,-0.0321396472123441,False
18.0,-0.275,-0.008538196024319364,False
18.125,-0.275,0.02609583009711381,False
18.25,-0.275,0.06025185612996107,False
18.375,-0.275,0.08446635796694862,False
18.5,-0.275,0.09378610217941205,False
18.625,-0.275,0.08834234607169643,False
18.75,-0.275,0.07220885542534426,False
18.875,-0.275,0.05127734411446951,False
19.0,-0.275,0.03107492456410621,False
19.125,-0.275,0.015266254354406237,False
19.25,-0.275,0.005168801186391182,False
19.375,-0.275,0.00016730593853274498,False
19.5,-0.275,-0.0013813617301568599,False
19.625,-0.275,-0.0012275878074023841,False
19.75,-0.275,-0.0006316741041526752,False
19.875,-0.275,-0.0001958433574225533,False
20.0,-0.275,-2.2746287699596482e-05,False
20.125,-0.275,4.0266891710667535e-06,False
20.25,-0.275,-7.062772796793926e-08,False
20.375,-0.275,7.663925857888876e-07,False
20.5,-0.275,-3.569001371809911e-06,False
20.625,-0.275,-1.0046680119399049e-05,False
20.75,-0.275,8.232369504173571e-06,False
20.875,-0.275,5.330430874566052e-05,False
21.0,-0.275,4.7104203861401604e-05,False
21.125,-0.275,-0.0001549558618960049,False
21.25,-0.275,-0.0006414242255959718,False
21.375,-0.275,-0.0012466855000397498,False
21.5,-0.275,-0.0013801485301540364,False
21.625,-0.275,-8.030464736363124e-06,False
21.75,-0.275,0.004131941861723743,False
21.875,-0.275,0.012101303750066546,False
22.0,-0.275,0.02424568589492087,False
22.125,-0.275,0.03979225716853166,False
22.25,-0.275,0.056750757588245236,False
22.375,-0.275,0.07221879463905063,False
22.5,-0.275,0.08304946171871251,False
22.625,-0.275,0.08669860180556518,False
22.75,-0.275,0.08198608863779379,False
22.875,-0.275,0.06951522104224245,False
23.0,-0.275,0.05159652780366772,False
23.125,-0.275,0.03168172900427373,False
23.25,-0.275,0.013473725661135987,False
23.375,-0.275,-1.710967404041676e-05,False
23.5,-0.275,-0.007186886717266843,False
23.625,-0.275,-0.0081193696983748,False
23.75,-0.275,-0.004375102021684421,False
23.875,-0.275,0.00161447855560252,False
24.0,-0.275,0.007334580139911914,False
24.125,-0.275,0.010902626725576013,False
24.25,-0.275,0.011502292261401289,False
24.375,-0.275,0.00943439474333789,False
24.5,-0.275,0.0058146843289801605,False
24.625,-0.275,0.0020587971900800613,False
24.75,-0.275,-0.0006510281253051151,False
24.875,-0.275,-0.0017377411776679228,False
25.0,-0.275,-0.001333382871917848,False
25.125,-0.275,-0.00011119206724573142,False
25.25,-0.275,0.0010631653470904424,False
25.375,-0.275,0.0015146912491331398,False
25.5,-0.275,0.0010296481898401145,False
25.625,-0.275,-8.165496678777073e-05,False
25.75,-0.275,-0.0011427974495431602,False
25.875,-0.275,-0.0014198692274648545,False
26.0,-0.275,-0.0004563463922409225,False
26.125,-0.275,0.0016979443418609827,False
26.25,-0.275,0.004455529477712956,False
26.375,-0.275,0.0068760864585738785,False
26.5,-0.275,0.008005815558540397,False
26.625,-0.275,0.007251560204880062,False
26.75,-0.275,0.004653699277454465,False
26.875,-0.275,0.0009536541989069391,False
27.0,-0.275,-0.0025791768087293165,False
27.125,-0.275,-0.004513830909426506,False
27.25,-0.275,-0.0037028749058111267,False
27.375,-0.275,0.0003376282878179574,False
27.5,-0.275,0.007237816891713883,False
27.625,-0.275,0.015836818599369994,False
27.75,-0.275,0.024480093409253362,False
27.875,-0.275,0.03145796591542824,False
28.0,-0.275,0.035449441130886244,False
28.125,-0.275,0.0358386643268648,False
28.25,-0.275,0.032817790194217454,False
28.375,-0.275,0.027262040057588876,False
28.5,-0.275,0.020434639531463236,False
28.625,-0.275,0.013626756830579947,False
28.75,-0.275,0.007846166357493233,False
28.875,-0.275,0.0036385371107785732,False
29.0,-0.275,0.001071088116199201,False
29.125,-0.275,-0.00014848979325938778,False
29.25,-0.275,-0.00048396818220127266,False
29.375,-0.275,-0.00038902387140144027,False
29.5,-0.275,-0.00018873710628127742,False
29.625,-0.275,-4.4739951251271925e-05,False
29.75,-0.275,1.1362644138940155e-05,False
29.875,-0.275,1.3287833593002244e-05,False
30.0,-0.275,2.155657261006122e-06,False
30.125,-0.275,-2.303317797734261e-06,False
30.25,-0.275,-8.829244162713523e-07,False
30.375,-0.275,1.6436567227289247e-07,False
30.5,-0.275,-3.173695167778786e-08,False
30.625,-0.275,6.263087217224946e-07,False
30.75,-0.275,-3.2335924791640324e-06,False
30.875,-0.275,-2.8393178335027573e-05,False
31.0,-0.275,-8.821189961779836e-05,False
31.125,-0.275,-0.00015998953336810508,False
31.25,-0.275,-0.00015210092851069938,False
31.375,-0.275,0.00010228811154514277,False
31.5,-0.275,0.0008041617880454679,False
31.625,-0.275,0.002100935091875665,False
31.75,-0.275,0.003980763860517665,False
31.875,-0.275,0.0061978744391851266,False
32.0,-0.275,0.00827764251243697,False
32.125,-0.275,0.009624852871869906,False
32.25,-0.275,0.009715713875634616,False
32.375,-0.275,0.008311238994998938,False
32.5,-0.275,0.005606857174944713,False
32.625,-0.275,0.0022444050995129973,False
32.75,-0.275,-0.0008419675389652159,False
32.875,-0.275,-0.0027103536060424397,False
33.0,-0.275,-0.0027331370562425393,False
33.125,-0.275,-0.0008381616804404833,False
33.25,-0.275,0.0024290520271895173,False
33.375,-0.275,0.006058663892963734,False
33.5,-0.275,0.008901686331350524,False
33.625,-0.275,0.010055401666427185,False
33.75,-0.275,0.009170166652193036,False
33.875,-0.275,0.006564503783998563,False
34.0,-0.275,0.003105492018030894,False
34.125,-0.275,-0.00010095245464371945,False
34.25,-0.275,-0.00209463283336184,False
34.375,-0.275,-0.002379210882717024,False
34.5,-0.275,-0.001061218763100283,False
34.625,-0.275,0.0012318068766324385,False
34.75,-0.275,0.0036113352024383484,False
34.875,-0.275,0.0052588572237786575,False
35.0,-0.275,0.005700941208403974,False
35.125,-0.275,0.004931777850474994,False
35.25,-0.275,0.0033525191783417025,False
35.375,-0.275,0.001569643239416813,False
35.5,-0.275,0.00014495617577805835,False
35.625,-0.275,-0.0006009214960497768,False
35.75,-0.275,-0.0006621331040935417,False
35.875,-0.275,-0.0002860780566365706,False
36.0,-0.275,0.0001789469159655581,False
36.125,-0.275,0.00045066692304595804,False
36.25,-0.275,0.00042153011104263384,False
36.375,-0.275,0.0001706287994935841,False
36.5,-0.275,-0.00011248441913710763,False
36.625,-0.275,-0.0002450214777045122,False
36.75,-0.275,-0.00014878894927211237,False
36.875,-0.275,0.00011640805762119303,False
37.0,-0.275,0.0003940621421976893,False
37.125,-0.275,0.0005205703828255428,False
37.25,-0.275,0.00041525049855145536,False
37.375,-0.275,0.00012546580015598683,False
37.5,-0.275,-0.00019443895641257445,False
37.625,-0.275,-0.0003587241781649332,False
37.75,-0.275,-0.00024268050136873508,False
37.875,-0.275,0.00015298627386447263,False
38.0,-0.275,0.0006964786228004677,False
38.125,-0.275,0.0011804397431608962,False
38.25,-0.275,0.0014126539606145474,False
38.375,-0.275,0.0013001592361166347,False
38.5,-0.275,0.00088890844637269,False
38.625,-0.275,0.00034214958722818056,False
38.75,-0.275,-0.00013132144813207832,False
38.875,-0.275,-0.00036589074904846123,False
39.0,-0.275,-0.00030538994788767063,False
39.125,-0.275,-1.902212476694715e-05,False
39.25,-0.275,0.0003374241390253062,False
39.375,-0.275,0.0005950870847274009,False
39.5,-0.275,0.0006459962268367677,False
39.625,-0.275,0.0004848952745047886,False
39.75,-0.275,0.00020243857675565955,False
39.875,-0.275,-6.410935949176141e-05,False
40.0,-0.275,-0.00019785582499582638,False
40.125,-0.275,-0.0001555207056214176,False
40.25,-0.275,1.6673475740502732e-05,False
40.375,-0.275,0.00021004897946627724,False
40.5,-0.275,0.00030935526144113896,False
40.625,-0.275,0.00025087825990546993,False
40.75,-0.275,5.606126675170309e-05,False
40.875,-0.275,-0.00017431662521143746,False
41.0,-0.275,-0.00030245551680750714,False
41.125,-0.275,-0.0002134681378183398,False
41.25,-0.275,0.00013306849264903975,False
41.375,-0.275,0.0006816324622826756,False
41.5,-0.275,0.001297728043169339,False
41.625,-0.275,0.001815520833423259,False
41.75,-0.275,0.00209628131600858,False
41.875,-0.275,0.002074569388951426,False
42.0,-0.275,0.001775434524451899,False
42.125,-0.275,0.001298464682338787,False
42.25,-0.275,0.0007776564261487832,False
42.375,-0.275,0.0003344265216792498,False
42.5,-0.275,4.175016043062043e-05,False
42.625,-0.275,-8.905685612060126e-05,False
42.75,-0.275,-9.758618095573265e-05,False
42.875,-0.275,-4.766109937842066e-05,False
43.0,-0.275,2.3304447052855454e-06,False
43.125,-0.275,2.0128240004614396e-05,False
43.25,-0.275,4.959604841160095e-06,False
43.375,-0.275,-2.150399543535143e-05,False
43.5,-0.275,-3.193967582592346e-05,False
43.625,-0.275,-9.228239051559747e-06,False
43.75,-0.275,4.538317246906866e-05,False
43.875,-0.275,0.00011410158499103073,False
44.0,-0.275,0.00017197359523162065,False
44.125,-0.275,0.0001985068543224267,False
44.25,-0.275,0.00018604967583668125,False
44.375,-0.275,0.00014169461299339152,False
44.5,-0.275,8.276802136045097e-05,False
44.625,-0.275,2.872925090850883e-05,False
44.75,-0.275,-6.579526034134382e-06,False
44.875,-0.275,-1.914446173147248e-05,False
45.0,-0.275,-1.4267693832608274e-05,False
45.125,-0.275,-2.3401250726660056e-06,False
45.25,-0.275,6.684244956869573e-06,False
45.375,-0.275,7.55109346163431e-06,False
45.5,-0.275,1.1165476047869966e-06,False
45.625,-0.275,-7.197269331078916e-06,False
45.75,-0.275,-1.0728876383963739e-05,False
45.875,-0.275,-4.9560077950269e-06,False
46.0,-0.275,1.0530186691421432e-05,False
46.125,-0.275,3.207047662755498e-05,False
46.25,-0.275,5.3668044937607565e-05,False
46.375,-0.275,6.943229633117246e-05,False
46.5,-0.275,7.56473096769322e-05,False
46.625,-0.275,7.172790658580281e-05,False
46.75,-0.275,5.99070942480841e-05,False
46.875,-0.275,4.402211974529951e-05,False
47.0,-0.275,2.8030819721156026e-05,False
47.125,-0.275,1.4845906695105541e-05,False
47.25,-0.275,5.812247502124079e-06,False
47.375,-0.275,8.301737519408066e-07,False
47.5,-0.275,-1.1092481555688483e-06,False
47.625,-0.275,-1.2912514513903045e-06,False
47.75,-0.275,-7.965090164268277e-07,False
47.875,-0.275,-2.818474605124745e-07,False
48.0,-0.275,4.016127507398383e-09,False
48.125,-0.275,7.415869333324438e-08,False
48.25,-0.275,3.870522416200792e-08,False
48.375,-0.275,-6.751526565679118e-09,False
48.5,-0.275,-2.156822240601876e-08,False
48.625,-0.275,-9.715397228325416e-09,False
48.75,-0.275,8.513072724188343e-09,False
48.875,-0.275,1.8249757979853236e-08,False
49.0,-0.275,1.6815465416044142e-08,False
49.125,-0.275,9.501134173514411e-09,False
49.25,-0.275,2.536993831811469e-09,False
49.375,-0.275,-1.0531043366965137e-09,False
49.5,-0.275,-1.5967304636003079e-09,False
49.625,-0.275,-8.234662232692358e-10,False
49.75,-0.275,-9.643002627120644e-11,False
49.875,-0.275,1.5910570983445756e-10,False
50.0,-0.275,1.1435939171682935e-10,False
50.125,-0.275,2.3349638852835962e-11,False
50.25,-0.275,-1.2828664418427895e-11,False
50.375,-0.275,-1.0667678024831234e-11,False
50.5,-0.275,-3.2179077165706962e-12,False
50.625,-0.275,-3.1533411324439867e-13,False
50.75,-0.275,3.980270690324926e-13,False
50.875,-0.275,9.368702643557514e-13,False
51.0,-0.275,2.2392253924493464e-13,False
51.125,-0.275,-7.085466116786347e-12,False
51.25,-0.275,-1.9905296391305092e-11,False
51.375,-0.275,-5.5852556729211876e-12,False
51.5,-0.275,8.477652930886506e-11,False
51.625,-0.275,1.9531052028028533e-10,False
51.75,-0.275,2.0653910370868854e-11,False
51.875,-0.275,-8.606407156331348e-10,False
52.0,-0.275,-2.307876249724868e-09,False
52.125,-0.275,-2.6906693470874784e-09,False
52.25,-0.275,1.15875914242175e-09,False
52.375,-0.275,1.1808966108458111e-08,False
52.5,-0.275,2.7077214418308412e-08,False
52.625,-0.275,3.698706413585931e-08,False
52.75,-0.275,2.7189522290150392e-08,False
52.875,-0.275,-7.886825724961249e-09,False
53.0,-0.275,-4.755188563136126e-08,False
53.125,-0.275,-4.095411562318457e-08,False
53.25,-0.275,5.843805533338424e-08,False
53.375,-0.275,2.073706139022032e-07,False
53.5,-0.275,1.6398857761746531e-07,False
53.625,-0.275,-5.547856808320349e-07,False
53.75,-0.275,-2.5049897531080544e-06,False
53.875,-0.275,-5.789150852437954e-06,False
54.0,-0.275,-9.117767156534576e-06,False
54.125,-0.275,-8.606592484968475e-06,False
54.25,-0.275,3.2777417412115927e-06,False
54.375,-0.275,3.799103959080441e-05,False
54.5,-0.275,0.00010973682076096139,False
54.625,-0.275,0.00023244398362688435,False
54.75,-0.275,0.00041508478146622357,False
54.875,-0.275,0.000656300472393127,False
55.0,-0.275,0.0009400039820526119,False
55.125,-0.275,0.0012339192874884174,False
55.25,-0.275,0.0014926290207798664,False
55.375,-0.275,0.00166557592246004,False
55.5,-0.275,0.0017088348276025934,False
55.625,-0.275,0.0015978452804839918,False
55.75,-0.275,0.0013372998581379022,False
55.875,-0.275,0.0009645392172704589,False
56.0,-0.275,0.0005442857385628674,False
56.125,-0.275,0.00015504601864942518,False
56.25,-0.275,-0.00012972109442052577,False
56.375,-0.275,-0.00026050458172335015,False
56.5,-0.275,-0.00022500345951314922,False
56.625,-0.275,-5.139677821565516e-05,False
56.75,-0.275,0.00019979318225217107,False
56.875,-0.275,0.0004530490906042894,False
57.0,-0.275,0.0006391779632113817,False
57.125,-0.275,0.0007139896481208848,False
57.25,-0.275,0.0006685742496603122,False
57.375,-0.275,0.0005282515594144386,False
57.5,-0.275,0.0003411017231366251,False
57.625,-0.275,0.0001604581107802694,False
57.75,-0.275,2.760300536485644e-05,False
57.875,-0.275,-3.949863144170721e-05,False
58.0,-0.275,-4.8068373333942877e-05,False
58.125,-0.275,-2.320835027341281e-05,False
58.25,-0.275,5.036418275562382e-06,False
58.375,-0.275,1.4873026248000516e-05,False
58.5,-0.275,1.1263747094361538e-06,False
58.625,-0.275,-2.4109445240299876e-05,False
58.75,-0.275,-3.823709239561322e-05,False
58.875,-0.275,-1.915453045460489e-05,False
59.0,-0.275,4.418754660301084e-05,False
59.125,-0.275,0.00014592599588595127,False
59.25,-0.275,0.00026431963848497735,False
59.375,-0.275,0.0003690652777994502,False
59.5,-0.275,0.00043186535939215517,False
59.625,-0.275,0.00043611342671653756,False
59.75,-0.275,0.0003821239292600201,False
59.875,-0.275,0.00028623211560193556,False
60.0,-0.275,0.00017449795765468257,False
10.0,-0.2625,0.026127775909875417,False
10.125,-0.2625,0.08635232008291818,False
10.25,-0.2625,0.09466525809205396,False
10.375,-0.2625,0.057427274129514025,False
10.5,-0.2625,0.0023468960719326484,False
10.625,-0.2625,-0.03786592437800116,False
10.75,-0.2625,-0.041541306187091856,False
10.875,-0.2625,-0.007085669452526016,False
11.0,-0.2625,0.04805797785391882,False
11.125,-0.2625,0.09702425654055451,False
11.25,-0.2625,0.11668182508759116,False
11.375,-0.2625,0.09820852443057423,False
11.5,-0.2625,0.05057871330493667,False
11.625,-0.2625,-0.004114905212833357,False
11.75,-0.2625,-0.04094286119753068,False
11.875,-0.2625,-0.04318833648950881,False
12.0,-0.2625,-0.00930414049292709,False
12.125,-0.2625,0.047002728992207685,False
12.25,-0.2625,0.10319369408736899,False
12.375,-0.2625,0.13768296060822324,False
12.5,-0.2625,0.13860047839877812,False
12.625,-0.2625,0.10788706892006958,False
12.75,-0.2625,0.05933420132121606,False
12.875,-0.2625,0.011878841338142997,False
13.0,-0.2625,-0.01860116401225866,False
13.125,-0.2625,-0.025362340544182366,False
13.25,-0.2625,-0.012338221500407993,False
13.375,-0.2625,0.009071822263418423,False
13.5,-0.2625,0.026079966623654256,False
13.625,-0.2625,0.03045926873222534,False
13.75,-0.2625,0.021688799178520922,False
13.875,-0.2625,0.006120871790496035,False
14.0,-0.2625,-0.007073405558707928,False
14.125,-0.2625,-0.010971292689242424,False
14.25,-0.2625,-0.00443144135497158,False
14.375,-0.2625,0.007580046981098232,False
14.5,-0.2625,0.01691853258508464,False
14.625,-0.2625,0.01690219885899777,False
14.75,-0.2625,0.006306732413416642,False
14.875,-0.2625,-0.009328149452394205,False
15.0,-0.2625,-0.019839106175012527,False
15.125,-0.2625,-0.015143679852378819,False
15.25,-0.2625,0.009616737212486015,False
15.375,-0.2625,0.05089953936311757,False
15.5,-0.2625,0.09714201397844348,False
15.625,-0.2625,0.13275419974613764,False
15.75,-0.2625,0.1441875003783604,False
15.875,-0.2625,0.12559711127723594,False
16.0,-0.2625,0.08172037294441031,False
16.125,-0.2625,0.026699167250304086,False
16.25,-0.2625,-0.02078883841086815,False
16.375,-0.2625,-0.04424204468888929,False
16.5,-0.2625,-0.03531633192344728,False
16.625,-0.2625,0.003188711205756145,False
16.75,-0.2625,0.058413056122469525,False
16.875,-0.2625,0.11209270421439996,False
17.0,-0.2625,0.14697314311046866,False
17.125,-0.2625,0.1525944475390996,False
17.25,-0.2625,0.12842170767456448,False
17.375,-0.2625,0.0833863898375208,False
17.5,-0.2625,0.03226387923099493,False
17.625,-0.2625,-0.009592703830888335,False
17.75,-0.2625,-0.031199044448876882,False
17.875,-0.2625,-0.02891510501319962,False
18.0,-0.2625,-0.0066724709914578045,False
18.125,-0.2625,0.026271620767915733,False
18.25,-0.2625,0.05895761036527025,False
18.375,-0.2625,0.08230989838784811,False
18.5,-0.2625,0.09150390729227723,False
18.625,-0.2625,0.08654899663635733,False
18.75,-0.2625,0.07123807470262236,False
18.875,-0.2625,0.05114929236305485,False
19.0,-0.2625,0.03157263918016762,False
19.125,-0.2625,0.016068998270894648,False
19.25,-0.2625,0.005981750672812196,False
19.375,-0.2625,0.0008032580367863694,False
19.5,-0.2625,-0.000983277571526603,False
19.625,-0.2625,-0.0010333134673859456,False
19.75,-0.2625,-0.00056527750581028,False
19.875,-0.2625,-0.00018596058993382788,False
20.0,-0.2625,-2.615258846889942e-05,False
20.125,-0.2625,2.3980309302425275e-06,False
20.25,-0.2625,3.6975491569091784e-08,False
20.375,-0.2625,5.015114516957029e-07,False
20.5,-0.2625,-3.3330179300456514e-06,False
20.625,-0.2625,-8.14849547756693e-06,False
20.75,-0.2625,9.077878337160956e-06,False
20.875,-0.2625,4.7700646634254965e-05,False
21.0,-0.2625,3.568739144318559e-05,False
21.125,-0.2625,-0.00015375567928671574,False
21.25,-0.2625,-0.0005853666165605834,False
21.375,-0.2625,-0.0010773263301884785,False
21.5,-0.2625,-0.001045769226754832,False
21.625,-0.2625,0.0005049605034771511,False
21.75,-0.2625,0.004772555832039962,False
21.875,-0.2625,0.012746815951230648,False
22.0,-0.2625,0.024722259515220148,False
22.125,-0.2625,0.0399211607130326,False
22.25,-0.2625,0.0564068395706443,False
22.375,-0.2625,0.07138104103843544,False
22.5,-0.2625,0.08182411678974125,False
22.625,-0.2625,0.08530367602751855,False
22.75,-0.2625,0.08069919551262976,False
22.875,-0.2625,0.06859971604522475,False
23.0,-0.2625,0.051228984719831526,False
23.125,-0.2625,0.031903867390944675,False
23.25,-0.2625,0.014183967682038393,False
23.375,-0.2625,0.0009696665248600366,False
23.5,-0.2625,-0.006181488111044372,False
23.625,-0.2625,-0.007326338598267835,False
23.75,-0.2625,-0.003938467176876516,False
23.875,-0.2625,0.0016671003029866379,False
24.0,-0.2625,0.0070843030802385226,False
24.125,-0.2625,0.010500182969131988,False
24.25,-0.2625,0.011112698165441828,False
24.375,-0.2625,0.009184444126715482,False
24.5,-0.2625,0.005759630519809624,False
24.625,-0.2625,0.002176773136741915,False
24.75,-0.2625,-0.00043825319518848234,False
24.875,-0.2625,-0.0015276886612084503,False
25.0,-0.2625,-0.0012040196327819345,False
25.125,-0.2625,-9.409436004379553e-05,False
25.25,-0.2625,0.0009892533730724857,False
25.375,-0.2625,0.0014093909769645114,False
25.5,-0.2625,0.0009625634667571824,False
25.625,-0.2625,-6.165381084287109e-05,False
25.75,-0.2625,-0.0010287816840713914,False
25.875,-0.2625,-0.0012506720921160392,False
26.0,-0.2625,-0.0003017502846653188,False
26.125,-0.2625,0.0017649913344702155,False
26.25,-0.2625,0.004389244374346997,False
26.375,-0.2625,0.006679319279474636,False
26.5,-0.2625,0.007734331399553357,False
26.625,-0.2625,0.006998867607846646,False
26.75,-0.2625,0.004521058817977882,False
26.875,-0.2625,0.001015245752484079,False
27.0,-0.2625,-0.002304024594034234,False
27.125,-0.2625,-0.0040716203567378265,False
27.25,-0.2625,-0.0031959380564995548,False
27.375,-0.2625,0.0007793007868548653,False
27.5,-0.2625,0.0074940463466321265,False
27.625,-0.2625,0.015832091686264253,False
27.75,-0.2625,0.02420486187577268,False
27.875,-0.2625,0.030970067011162877,False
28.0,-0.2625,0.03485590370573306,False
28.125,-0.2625,0.035264429433712566,False
28.25,-0.2625,0.03237168467088691,False
28.375,-0.2625,0.02701050496076202,False
28.5,-0.2625,0.020390377171863774,False
28.625,-0.2625,0.013754000340820177,False
28.75,-0.2625,0.008078750987353042,False
28.875,-0.2625,0.0039033038807926006,False
29.0,-0.2625,0.001308487569861732,False
29.125,-0.2625,2.7511727090847194e-05,False
29.25,-0.2625,-0.000376577237805694,False
29.375,-0.2625,-0.00033784386296977344,False
29.5,-0.2625,-0.00017282057552676764,False
29.625,-0.2625,-4.456214432296526e-05,False
29.75,-0.2625,8.298686658850252e-06,False
29.875,-0.2625,1.1851429714594375e-05,False
30.0,-0.2625,2.348432134653164e-06,False
30.125,-0.2625,-1.8575889949480504e-06,False
30.25,-0.2625,-8.180916352660444e-07,False
30.375,-0.2625,1.039366706644601e-07,False
30.5,-0.2625,-9.448560605638327e-09,False
30.625,-0.2625,3.8666827950494224e-07,False
30.75,-0.2625,-3.7314836297816145e-06,False
30.875,-0.2625,-2.6834104993214736e-05,False
31.0,-0.2625,-7.851131163565854e-05,False
31.125,-0.2625,-0.0001331840845735295,False
31.25,-0.2625,-0.0001004082045945901,False
31.375,-0.2625,0.00017933801009843633,False
31.5,-0.2625,0.0008944332983680924,False
31.625,-0.2625,0.0021787397850529266,False
31.75,-0.2625,0.00401252148919075,False
31.875,-0.2625,0.006153831186257195,False
32.0,-0.2625,0.008145861660874157,False
32.125,-0.2625,0.009421605102474619,False
32.25,-0.2625,0.00948670083229746,False
32.375,-0.2625,0.008121059108416135,False
32.5,-0.2625,0.005518808430689857,False
32.625,-0.2625,0.0022972275684593904,False
32.75,-0.2625,-0.0006515202419780182,False
32.875,-0.2625,-0.0024314403659089915,False
33.0,-0.2625,-0.0024481598212902577,False
33.125,-0.2625,-0.0006367332846689074,False
33.25,-0.2625,0.00248070894329262,False
33.375,-0.2625,0.00594166803938254,False
33.5,-0.2625,0.008652493546994815,False
33.625,-0.2625,0.009754245972556443,False
33.75,-0.2625,0.008913701163637842,False
33.875,-0.2625,0.0064324936504531645,False
34.0,-0.2625,0.0031337807183854675,False
34.125,-0.2625,6.86577047178615e-05,False
34.25,-0.2625,-0.0018485836728733339,False
34.375,-0.2625,-0.0021426409615018767,False
34.5,-0.2625,-0.0009100242378097806,False
34.625,-0.2625,0.0012572715046562889,False
34.75,-0.2625,0.0035171611158692486,False
34.875,-0.2625,0.005090845548699962,False
35.0,-0.2625,0.005524116335475431,False
35.125,-0.2625,0.004805019508391027,False
35.25,-0.2625,0.0033083491044753354,False
35.375,-0.2625,0.0016063197826275228,False
35.5,-0.2625,0.00023253325508340507,False
35.625,-0.2625,-0.0005046052214197807,False
35.75,-0.2625,-0.0005931111014553406,False
35.875,-0.2625,-0.0002612427382191006,False
36.0,-0.2625,0.00016492423403775624,False
36.125,-0.2625,0.0004185758853098996,False
36.25,-0.2625,0.0003952876475404462,False
36.375,-0.2625,0.00016554550428795424,False
36.5,-0.2625,-9.564726485160769e-05,False
36.625,-0.2625,-0.00021819724413993003,False
36.75,-0.2625,-0.00012872534152316185,False
36.875,-0.2625,0.00011765445709858208,False
37.0,-0.2625,0.0003754766730022138,False
37.125,-0.2625,0.0004924697221641496,False
37.25,-0.2625,0.00039370774458250495,False
37.375,-0.2625,0.00012388470727161215,False
37.5,-0.2625,-0.00017235094482130712,False
37.625,-0.2625,-0.0003211687046055183,False
37.75,-0.2625,-0.00020616358758195278,False
37.875,-0.2625,0.00017128685695117082,False
38.0,-0.2625,0.0006867269043631662,False
38.125,-0.2625,0.0011447918196321007,False
38.25,-0.2625,0.0013644417846146305,False
38.375,-0.2625,0.001258063721595609,False
38.5,-0.2625,0.0008688474099839778,False
38.625,-0.2625,0.00035056092027369566,False
38.75,-0.2625,-9.98652106758448e-05,False
38.875,-0.2625,-0.0003258399150639642,False
39.0,-0.2625,-0.0002736122022993058,False
39.125,-0.2625,-7.505897404867882e-06,False
39.25,-0.2625,0.00032632204109594927,False
39.375,-0.2625,0.0005689011870895455,False
39.5,-0.2625,0.000618064242726773,False
39.625,-0.2625,0.0004679909760602564,False
39.75,-0.2625,0.00020309765491423624,False
39.875,-0.2625,-4.8068869008112934e-05,False
40.0,-0.2625,-0.0001756814741599327,False
40.125,-0.2625,-0.00013870951335029689,False
40.25,-0.2625,2.000997762187094e-05,False
40.375,-0.2625,0.00019903063143978847,False
40.5,-0.2625,0.00029069636532801075,False
40.625,-0.2625,0.0002357018784879689,False
40.75,-0.2625,5.468529085236949e-05,False
40.875,-0.2625,-0.0001572525925222358,False
41.0,-0.2625,-0.00027037866476512136,False
41.125,-0.2625,-0.00017677983352380663,False
41.25,-0.2625,0.00016103750745262392,False
41.375,-0.2625,0.0006898620777166768,False
41.5,-0.2625,0.0012817628605854199,False
41.625,-0.2625,0.0017790676331079147,False
41.75,-0.2625,0.0020496493158854412,False
41.875,-0.2625,0.002030748842507586,False
42.0,-0.2625,0.001745485724681076,False
42.125,-0.2625,0.0012880203007225978,False
42.25,-0.2625,0.0007857375159860631,False
42.375,-0.2625,0.0003547512626721919,False
42.5,-0.2625,6.573139781330145e-05,False
42.625,-0.2625,-6.898014461906158e-05,False
42.75,-0.2625,-8.558405102554386e-05,False
42.875,-0.2625,-4.3851109634311846e-05,False
43.0,-0.2625,8.844206034588189e-07,False
43.125,-0.2625,1.744925954892241e-05,False
43.25,-0.2625,4.187468944789332e-06,False
43.375,-0.2625,-1.9284619328206002e-05,False
43.5,-0.2625,-2.7737399607048564e-05,False
43.625,-0.2625,-5.244368504138793e-06,False
43.75,-0.2625,4.703609298798877e-05,False
43.875,-0.2625,0.00011243578622467105,False
44.0,-0.2625,0.00016749947414540525,False
44.125,-0.2625,0.00019288084237640345,False
44.25,-0.2625,0.00018125879739715767,False
44.375,-0.2625,0.00013920077564472404,False
44.5,-0.2625,8.298799247638894e-05,False
44.625,-0.2625,3.102407104262314e-05,False
44.75,-0.2625,-3.477643200771108e-06,False
44.875,-0.2625,-1.6515912350744155e-05,False
45.0,-0.2625,-1.288975654592876e-05,False
45.125,-0.2625,-2.2721015219046982e-06,False
45.25,-0.2625,5.975449982243141e-06,False
45.375,-0.2625,6.8366864444970615e-06,False
45.5,-0.2625,1.0129272977482548e-06,False
45.625,-0.2625,-6.485989666841786e-06,False
45.75,-0.2625,-9.446221573129382e-06,False
45.875,-0.2625,-3.628730482665406e-06,False
46.0,-0.2625,1.135354284513465e-05,False
46.125,-0.2625,3.2052633979164255e-05,False
46.25,-0.2625,5.279633211720455e-05,False
46.375,-0.2625,6.798673549992967e-05,False
46.5,-0.2625,7.406171168461663e-05,False
46.625,-0.2625,7.041776393151623e-05,False
46.75,-0.2625,5.913631809861749e-05,False
46.875,-0.2625,4.385023509995343e-05,False
47.0,-0.2625,2.8341906213084104e-05,False
47.125,-0.2625,1.542910512326602e-05,False
47.25,-0.2625,6.45176000205043e-06,False
47.375,-0.2625,1.3703415733856035e-06,False
47.5,-0.2625,-7.391738873563538e-07,False
47.625,-0.2625,-1.0884176343990049e-06,False
47.75,-0.2625,-7.155380706929667e-07,False
47.875,-0.2625,-2.6749458857948265e-07,False
48.0,-0.2625,-5.092182771251883e-09,False
48.125,-0.2625,6.496297801417177e-08,False
48.25,-0.2625,3.618298602888614e-08,False
48.375,-0.2625,-4.695017446550774e-09,False
48.5,-0.2625,-1.891272323353284e-08,False
48.625,-0.2625,-8.687935068871988e-09,False
48.75,-0.2625,7.90624135950104e-09,False
48.875,-0.2625,1.7078885853610767e-08,False
49.0,-0.2625,1.601584035254082e-08,False
49.125,-0.2625,9.3561493940855e-09,False
49.25,-0.2625,2.8193827953905215e-09,False
49.375,-0.2625,-6.961566363692054e-10,False
49.5,-0.2625,-1.3738248332550807e-09,False
49.625,-0.2625,-7.548093514133048e-10,False
49.75,-0.2625,-1.0779652108530199e-10,False
49.875,-0.2625,1.36601581322609e-10,False
50.0,-0.2625,1.0629964767644456e-10,False
50.125,-0.2625,2.5592855449430646e-11,False
50.25,-0.2625,-9.439297016518764e-12,False
50.375,-0.2625,-9.343343345101709e-12,False
50.5,-0.2625,-3.089784043863443e-12,False
50.625,-0.2625,-3.7800940244575e-13,False
50.75,-0.2625,3.559366901829117e-13,False
50.875,-0.2625,8.134918569709566e-13,False
51.0,-0.2625,-4.060985592556878e-14,False
51.125,-0.2625,-6.650341919188693e-12,False
51.25,-0.2625,-1.684629974569879e-11,False
51.375,-0.2625,-8.980167511611245e-13,False
51.5,-0.2625,8.119105641142658e-11,False
51.625,-0.2625,1.7071326796920548e-10,False
51.75,-0.2625,-8.97095201998965e-12,False
51.875,-0.2625,-8.100317291801242e-10,False
52.0,-0.2625,-2.0333934887857363e-09,False
52.125,-0.2625,-2.115677851039892e-09,False
52.25,-0.2625,1.832686167922537e-09,False
52.375,-0.2625,1.1994724807244028e-08,False
52.5,-0.2625,2.6075044674760764e-08,False
52.625,-0.2625,3.473135944098875e-08,False
52.75,-0.2625,2.5050635393463874e-08,False
52.875,-0.2625,-7.2377676023613645e-09,False
53.0,-0.2625,-4.221841417509953e-08,False
53.125,-0.2625,-3.3609753993432294e-08,False
53.25,-0.2625,5.785276685679525e-08,False
53.375,-0.2625,1.858775200012594e-07,False
53.5,-0.2625,1.238278126974713e-07,False
53.625,-0.2625,-5.598169322757636e-07,False
53.75,-0.2625,-2.3198664030668506e-06,False
53.875,-0.2625,-5.1125278248016285e-06,False
54.0,-0.2625,-7.4917738061179214e-06,False
54.125,-0.2625,-5.475646465236575e-06,False
54.25,-0.2625,8.417072892607353e-06,False
54.375,-0.2625,4.535766452720681e-05,False
54.5,-0.2625,0.00011900184806988844,False
54.625,-0.2625,0.00024252870122682072,False
54.75,-0.2625,0.00042412983857544734,False
54.875,-0.2625,0.0006618937848572912,False
55.0,-0.2625,0.000939686917387081,False
55.125,-0.2625,0.001225890524582506,False
55.25,-0.2625,0.0014764648312151458,False
55.375,-0.2625,0.001642725700986258,False
55.5,-0.2625,0.0016826667232743698,False
55.625,-0.2625,0.0015731213285508313,False
55.75,-0.2625,0.0013191325280239243,False
55.875,-0.2625,0.0009570696532811896,False
56.0,-0.2625,0.000549459809417848,False
56.125,-0.2625,0.0001718878863898128,False
56.25,-0.2625,-0.00010505250450195698,False
56.375,-0.2625,-0.00023381949321007225,False
56.5,-0.2625,-0.0002025617453938391,False
56.625,-0.2625,-3.820379377688721e-05,False
56.75,-0.2625,0.00020134950778914567,False
56.875,-0.2625,0.00044378363974210283,False
57.0,-0.2625,0.0006227250070635306,False
57.125,-0.2625,0.0006955789277900197,False
57.25,-0.2625,0.0006533766608638052,False
57.375,-0.2625,0.0005198458100483656,False
57.5,-0.2625,0.0003405607859113836,False
57.625,-0.2625,0.00016632590206209862,False
57.75,-0.2625,3.671140840354546e-05,False
57.875,-0.2625,-3.071590665918535e-05,False
58.0,-0.2625,-4.2267566975287934e-05,False
58.125,-0.2625,-2.130404903581047e-05,False
58.25,-0.2625,3.959695420482999e-06,False
58.375,-0.2625,1.29337039282947e-05,False
58.5,-0.2625,5.996309202178294e-07,False
58.625,-0.2625,-2.1818713041039103e-05,False
58.75,-0.2625,-3.319803164848947e-05,False
58.875,-0.2625,-1.2875177918983855e-05,False
59.0,-0.2625,4.938796736545357e-05,False
59.125,-0.2625,0.00014786123033450928,False
59.25,-0.2625,0.0002618115168975298,False
59.375,-0.2625,0.0003624113865346819,False
59.5,-0.2625,0.000422737027757502,False
59.625,-0.2625,0.00042695034171875816,False
59.75,-0.2625,0.00037527997181855885,False
59.875,-0.2625,0.000283204228902048,False
60.0,-0.2625,0.00017551385376180227,False
10.0,-0.25,0.02452153983626279,False
10.125,-0.25,0.08081177967733764,False
10.25,-0.25,0.08920729910880897,False
10.375,-0.25,0.055050041608296046,False
10.5,-0.25,0.003972314952107141,False
10.625,-0.25,-0.03344315374640671,False
10.75,-0.25,-0.03679712450592488,False
10.875,-0.25,-0.004464832099699639,False
11.0,-0.25,0.047286612204537073,False
11.125,-0.25,0.09327640002844848,False
11.25,-0.25,0.11176583187990723,False
11.375,-0.25,0.09442645176130013,False
11.5,-0.25,0.04966104953670265,False
11.625,-0.25,-0.001760932235385107,False
11.75,-0.25,-0.03636168420765533,False
11.875,-0.25,-0.0383631895360834,False
12.0,-0.25,-0.006264349430977513,False
12.125,-0.25,0.04704541256225704,False
12.25,-0.25,0.1003099586797633,False
12.375,-0.25,0.1331185653451465,False
12.5,-0.25,0.1341812625041571,False
12.625,-0.25,0.10522481965480117,False
12.75,-0.25,0.05918677241052607,False
12.875,-0.25,0.01392512258638999,False
13.0,-0.25,-0.015510088548377975,False
13.125,-0.25,-0.022625860062372147,False
13.25,-0.25,-0.010982690164815857,False
13.375,-0.25,0.008785681204860112,False
13.5,-0.25,0.024666966456791863,False
13.625,-0.25,0.028868844407710807,False
13.75,-0.25,0.020801145308255047,False
13.875,-0.25,0.006328022206919607,False
14.0,-0.25,-0.00601084289610828,False
14.125,-0.25,-0.0097425596932964,False
14.25,-0.25,-0.003776628555032938,False
14.375,-0.25,0.00728004353072198,False
14.5,-0.25,0.0158585532032564,False
14.625,-0.25,0.015769396319086405,False
14.75,-0.25,0.0059367130739081874,False
14.875,-0.25,-0.008390803394429335,False
15.0,-0.25,-0.01766384284196066,False
15.125,-0.25,-0.012459713861165008,False
15.25,-0.25,0.011687248989145565,False
15.375,-0.25,0.05131365053004405,False
15.5,-0.25,0.09541054960573712,False
15.625,-0.25,0.12920912926755534,False
15.75,-0.25,0.13991741226091908,False
15.875,-0.25,0.12206529778466704,False
16.0,-0.25,0.0802136341518115,False
16.125,-0.25,0.02782701924974096,False
16.25,-0.25,-0.017344339313928772,False
16.375,-0.25,-0.03962645659670115,False
16.5,-0.25,-0.031092641884482172,False
16.625,-0.25,0.005600845723831224,False
16.75,-0.25,0.058235146756738985,False
16.875,-0.25,0.10944007995465733,False
17.0,-0.25,0.14278006068542787,False
17.125,-0.25,0.14825538601797056,False
17.25,-0.25,0.12529453349328562,False
17.375,-0.25,0.08234349147898816,False
17.5,-0.25,0.03344545640218931,False
17.625,-0.25,-0.006755219740274737,False
17.75,-0.25,-0.027724624266059154,False
17.875,-0.25,-0.02589479304943819,False
18.0,-0.25,-0.004915184357200508,False
18.125,-0.25,0.02645172747359469,False
18.25,-0.25,0.057760494208421366,False
18.375,-0.25,0.08029928415424813,False
18.5,-0.25,0.08936649612413435,False
18.625,-0.25,0.08486071487943114,False
18.75,-0.25,0.0703147512053229,False
18.875,-0.25,0.0510145486867116,False
19.0,-0.25,0.032027655736079505,False
19.125,-0.25,0.01681596571339351,False
19.25,-0.25,0.006744762591591119,False
19.375,-0.25,0.0014052113599129726,False
19.5,-0.25,-0.0006021416144571981,False
19.625,-0.25,-0.0008436683238255327,False
19.75,-0.25,-0.0004975799020266684,False
19.875,-0.25,-0.00017370592482980125,False
20.0,-0.25,-2.8252607684904702e-05,False
20.125,-0.25,1.0096145481482567e-06,False
20.25,-0.25,7.933804251459969e-08,False
20.375,-0.25,2.9433152796600195e-07,False
20.5,-0.25,-3.0635080476164905e-06,False
20.625,-0.25,-6.489739913583623e-06,False
20.75,-0.25,9.641441397127998e-06,False
20.875,-0.25,4.2544602355869046e-05,False
21.0,-0.25,2.6088187648382443e-05,False
21.125,-0.25,-0.00014992346575765645,False
21.25,-0.25,-0.0005283499107661714,False
21.375,-0.25,-0.0009128292196277084,False
21.5,-0.25,-0.0007263870379292086,False
21.625,-0.25,0.000990617855483949,False
21.75,-0.25,0.005375505408957383,False
21.875,-0.25,0.013351379534174649,False
22.0,-0.25,0.025165577270534173,False
22.125,-0.25,0.040036430163109205,False
22.25,-0.25,0.05607782950445279,False
22.375,-0.25,0.07058910260010828,False
22.5,-0.25,0.08066954983580697,False
22.625,-0.25,0.08399108562139569,False
22.75,-0.25,0.07948868370170484,False
22.875,-0.25,0.0677378802617208,False
23.0,-0.25,0.05088119584065637,False
23.125,-0.25,0.03210937271107021,False
23.25,-0.25,0.014847974504179986,False
23.375,-0.25,0.001894396828843025,False
23.5,-0.25,-0.005237389581586843,False
23.625,-0.25,-0.006579363362631558,False
23.75,-0.25,-0.003524077642353499,False
23.875,-0.25,0.0017221368376977436,False
24.0,-0.25,0.006854933477823548,False
24.125,-0.25,0.010126708829103928,False
24.25,-0.25,0.010749193590607737,False
24.375,-0.25,0.008949708742256986,False
24.5,-0.25,0.005705959784806604,False
24.625,-0.25,0.002284562227811082,False
24.75,-0.25,-0.00024132906066483772,False
24.875,-0.25,-0.0013322205315199826,False
25.0,-0.25,-0.001082679297194377,False
25.125,-0.25,-7.656975603778334e-05,False
25.25,-0.25,0.0009223614269028194,False
25.375,-0.25,0.0013132005952586094,False
25.5,-0.25,0.0009015599972917372,False
25.625,-0.25,-4.2175424695147304e-05,False
25.75,-0.25,-0.0009224513130699168,False
25.875,-0.25,-0.0010936082837378588,False
26.0,-0.25,-0.0001587838594302117,False
26.125,-0.25,0.0018261667779257379,False
26.25,-0.25,0.004326289362942366,False
26.375,-0.25,0.006495204950388052,False
26.5,-0.25,0.007481283230509018,False
26.625,-0.25,0.006764186423927588,False
26.75,-0.25,0.004399141301895514,False
26.875,-0.25,0.0010751075359361514,False
27.0,-0.25,-0.002044626709085005,False
27.125,-0.25,-0.0036563987766238142,False
27.25,-0.25,-0.0027207124842233525,False
27.375,-0.25,0.0011929152576923754,False
27.5,-0.25,0.007733629276327135,False
27.625,-0.25,0.01582697175239928,False
27.75,-0.25,0.02394603226552512,False
27.875,-0.25,0.0305115531458856,False
28.0,-0.25,0.034297816592242424,False
28.125,-0.25,0.03472377924795412,False
28.25,-0.25,0.03195058778582782,False
28.375,-0.25,0.02677158169394389,False
28.5,-0.25,0.020346038911677976,False
28.625,-0.25,0.013871244940014002,False
28.75,-0.25,0.008295936973201651,False
28.875,-0.25,0.004151964031723214,False
29.0,-0.25,0.0015326062517287652,False
29.125,-0.25,0.00019475404746544856,False
29.25,-0.25,-0.0002735060777248925,False
29.375,-0.25,-0.00028778986977922335,False
29.5,-0.25,-0.00015642821366336018,False
29.625,-0.25,-4.357676213761513e-05,False
29.75,-0.25,5.732975831792041e-06,False
29.875,-0.25,1.0527121678020333e-05,False
30.0,-0.25,2.4711659409166407e-06,False
30.125,-0.25,-1.4682309757298777e-06,False
30.25,-0.25,-7.467522980824593e-07,False
30.375,-0.25,5.6903925524846665e-08,False
30.5,-0.25,1.483182076888917e-09,False
30.625,-0.25,1.8203633040037515e-07,False
30.75,-0.25,-4.037531695340316e-06,False
30.875,-0.25,-2.4959795915513844e-05,False
31.0,-0.25,-6.872319936265678e-05,False
31.125,-0.25,-0.00010718958807486705,False
31.25,-0.25,-5.115552013409524e-05,False
31.375,-0.25,0.0002519906822949358,False
31.5,-0.25,0.0009788799935816915,False
31.625,-0.25,0.002250853690612672,False
31.75,-0.25,0.0040410112600399485,False
31.875,-0.25,0.006111178380325625,False
32.0,-0.25,0.008021302284930474,False
32.125,-0.25,0.009230701794145294,False
32.25,-0.25,0.009272359368271216,False
32.375,-0.25,0.007943620328800432,False
32.5,-0.25,0.005437199223629857,False
32.625,-0.25,0.0023473292758444207,False
32.75,-0.25,-0.0004730241904848042,False
32.875,-0.25,-0.0021706250058843523,False
33.0,-0.25,-0.0021819826390397003,False
33.125,-0.25,-0.00044875522325796583,False
33.25,-0.25,0.002528813426334287,False
33.375,-0.25,0.005832379963793301,False
33.5,-0.25,0.00841985572061062,False
33.625,-0.25,0.009473074232894793,False
33.75,-0.25,0.008674102830886878,False
33.875,-0.25,0.00630885890237516,False
34.0,-0.25,0.003159610811742468,False
34.125,-0.25,0.00022639920291935792,False
34.25,-0.25,-0.0016192727154619995,False
34.375,-0.25,-0.0019217750189506133,False
34.5,-0.25,-0.0007683950051546142,False
34.625,-0.25,0.0012818698827250837,False
34.75,-0.25,0.0034301396548281978,False
34.875,-0.25,0.004934631067613147,False
35.0,-0.25,0.005359156632536927,False
35.125,-0.25,0.004686208483895435,False
35.25,-0.25,0.003266193954210142,False
35.375,-0.25,0.0016395103188304467,False
35.5,-0.25,0.0003134789931902441,False
35.625,-0.25,-0.00041498776811531703,False
35.75,-0.25,-0.000528376748733223,False
35.875,-0.25,-0.0002372938205173034,False
36.0,-0.25,0.00015277445164981046,False
36.125,-0.25,0.00038941149932090845,False
36.25,-0.25,0.00037120232660098264,False
36.375,-0.25,0.00016077031073990762,False
36.5,-0.25,-8.028533914307005e-05,False
36.625,-0.25,-0.0001936099233178585,False
36.75,-0.25,-0.00011031236321317771,False
36.875,-0.25,0.00011878068682285365,False
37.0,-0.25,0.00035836975345573474,False
37.125,-0.25,0.0004666348721576325,False
37.25,-0.25,0.00037396596090331176,False
37.375,-0.25,0.00012259421531796426,False
37.5,-0.25,-0.0001517886637246168,False
37.625,-0.25,-0.0002863573111295684,False
37.75,-0.25,-0.000172381711725672,False
37.875,-0.25,0.00018814385218982307,False
38.0,-0.25,0.0006775617574862301,False
38.125,-0.25,0.0011116117648587729,False
38.25,-0.25,0.001319606980228906,False
38.375,-0.25,0.0012188953754346849,False
38.5,-0.25,0.0008501153289381405,False
38.625,-0.25,0.0003582571188408024,False
38.75,-0.25,-7.074579799541586e-05,False
38.875,-0.25,-0.0002886767269991399,False
39.0,-0.25,-0.00024404606994687036,False
39.125,-0.25,3.322294401624708e-06,False
39.25,-0.25,0.0003161839231007958,False
39.375,-0.25,0.0005447360977964427,False
39.5,-0.25,0.0005922054158377112,False
39.625,-0.25,0.0004522740262623077,False
39.75,-0.25,0.00020360212631452012,False
39.875,-0.25,-3.332609403957032e-05,False
40.0,-0.25,-0.00015522845917889704,False
40.125,-0.25,-0.00012316840998910495,False
40.25,-0.25,2.313799745193564e-05,False
40.375,-0.25,0.00018892933038490512,False
40.5,-0.25,0.0002735758595124868,False
40.625,-0.25,0.00022185254938014942,False
40.75,-0.25,5.364967751348919e-05,False
40.875,-0.25,-0.0001411960074229529,False
41.0,-0.25,-0.00024043176362260944,False
41.125,-0.25,-0.0001426144368931854,False
41.25,-0.25,0.00018703007687482224,False
41.375,-0.25,0.0006974346811488945,False
41.5,-0.25,0.0012667665466186023,False
41.625,-0.25,0.0017449433536382815,False
41.75,-0.25,0.00200598818750487,False
41.875,-0.25,0.001989654453317512,False
42.0,-0.25,0.0017172876742506604,False
42.125,-0.25,0.0012780133243053984,False
42.25,-0.25,0.0007930648081449585,False
42.375,-0.25,0.0003736045243066876,False
42.5,-0.25,8.812689770041718e-05,False
42.625,-0.25,-5.0104669723476255e-05,False
42.75,-0.25,-7.416051920101898e-05,False
42.875,-0.25,-4.004905909200005e-05,False
43.0,-0.25,-2.534175385034339e-07,False
43.125,-0.25,1.5087320083595298e-05,False
43.25,-0.25,3.5220402224697517e-06,False
43.375,-0.25,-1.72241521433055e-05,False
43.5,-0.25,-2.3860100892729798e-05,False
43.625,-0.25,-1.5722836677494983e-06,False
43.75,-0.25,4.8551862341646105e-05,False
43.875,-0.25,0.000110877183198485,False
44.0,-0.25,0.00016333303961570337,False
44.125,-0.25,0.00018763728418957925,False
44.25,-0.25,0.0001767808589985664,False
44.375,-0.25,0.00013685022645756233,False
44.5,-0.25,8.31606988893203e-05,False
44.625,-0.25,3.313597624371821e-05,False
44.75,-0.25,-5.982228303777357e-07,False
44.875,-0.25,-1.405825332416335e-05,False
45.0,-0.25,-1.158132441257958e-05,False
45.125,-0.25,-2.1763925067510744e-06,False
45.25,-0.25,5.345666777337161e-06,False
45.375,-0.25,6.1929565049871775e-06,False
45.5,-0.25,9.270749613325304e-07,False
45.625,-0.25,-5.821921127377197e-06,False
45.75,-0.25,-8.254816714130654e-06,False
45.875,-0.25,-2.3965197503713923e-06,False
46.0,-0.25,1.2117779411004884e-05,False
46.125,-0.25,3.203445238575104e-05,False
46.25,-0.25,5.198199331469863e-05,False
46.375,-0.25,6.663496335838535e-05,False
46.5,-0.25,7.257566422605361e-05,False
46.625,-0.25,6.91853313011349e-05,False
46.75,-0.25,5.840567687266776e-05,False
46.875,-0.25,4.3679687472773255e-05,False
47.0,-0.25,2.8625720449131554e-05,False
47.125,-0.25,1.597174194072178e-05,False
47.25,-0.25,7.051558581985677e-06,False
47.375,-0.25,1.880566193882953e-06,False
47.5,-0.25,-3.86526444860119e-07,False
47.625,-0.25,-8.924493472126413e-07,False
47.75,-0.25,-6.349793657057441e-07,False
47.875,-0.25,-2.510697621869459e-07,False
48.0,-0.25,-1.2198938927585856e-08,False
48.125,-0.25,5.674181688885278e-08,False
48.25,-0.25,3.373571612506551e-08,False
48.375,-0.25,-2.941467445079333e-09,False
48.5,-0.25,-1.6514130991991e-08,False
48.625,-0.25,-7.718824337862121e-09,False
48.75,-0.25,7.384081996211862e-09,False
48.875,-0.25,1.6016911660899983e-08,False
49.0,-0.25,1.5272726037718082e-08,False
49.125,-0.25,9.207096836617632e-09,False
49.25,-0.25,3.0687387823989266e-09,False
49.375,-0.25,-3.6869450001891564e-10,False
49.5,-0.25,-1.1635125165555272e-09,False
49.625,-0.25,-6.856245382514953e-10,False
49.75,-0.25,-1.1465269832401853e-10,False
49.875,-0.25,1.1688998594938314e-10,False
50.0,-0.25,9.860497732585931e-11,False
50.125,-0.25,2.728403637491552e-11,False
50.25,-0.25,-6.4082933745682374e-12,False
50.375,-0.25,-8.058669538624546e-12,False
50.5,-0.25,-2.917349339640292e-12,False
50.625,-0.25,-4.2209648942003123e-13,False
50.75,-0.25,3.1459033405373643e-13,False
50.875,-0.25,6.991292583716726e-13,False
51.0,-0.25,-2.44490121549351e-13,False
51.125,-0.25,-6.152384761778078e-12,False
51.25,-0.25,-1.4027128935799685e-11,False
51.375,-0.25,3.0504777960697996e-12,False
51.5,-0.25,7.731857288639571e-11,False
51.625,-0.25,1.4867990175911175e-10,False
51.75,-0.25,-3.195553376354678e-11,False
51.875,-0.25,-7.539612041229639e-10,False
52.0,-0.25,-1.7689554993975551e-09,False
52.125,-0.25,-1.581336193724963e-09,False
52.25,-0.25,2.44061826757161e-09,False
52.375,-0.25,1.2134659110031295e-08,False
52.5,-0.25,2.5122972501201422e-08,False
52.625,-0.25,3.266568963590143e-08,False
52.75,-0.25,2.315954081431762e-08,False
52.875,-0.25,-6.535398418922402e-09,False
53.0,-0.25,-3.7320947361272264e-08,False
53.125,-0.25,-2.7162979664653168e-08,False
53.25,-0.25,5.67432062096556e-08,False
53.375,-0.25,1.6608965191188227e-07,False
53.5,-0.25,8.982348074183487e-08,False
53.625,-0.25,-5.537110622145843e-07,False
53.75,-0.25,-2.1232674522918098e-06,False
53.875,-0.25,-4.437889493637482e-06,False
54.0,-0.25,-5.906702847460456e-06,False
54.125,-0.25,-2.460198743052611e-06,False
54.25,-0.25,1.3328224513735435e-05,False
54.375,-0.25,5.235704097633093e-05,False
54.5,-0.25,0.00012776393192364018,False
54.625,-0.25,0.00025202406599627105,False
54.75,-0.25,0.000432600969145831,False
54.875,-0.25,0.0006670732649895234,False
55.0,-0.25,0.0009392747336344522,False
55.125,-0.25,0.0012182137169075486,False
55.25,-0.25,0.0014611492834334587,False
55.375,-0.25,0.0016211548515184452,False
55.5,-0.25,0.0016580179564987896,False
55.625,-0.25,0.0015498691547479843,False
55.75,-0.25,0.001302068897830715,False
55.875,-0.25,0.0009500671442094192,False
56.0,-0.25,0.0005543293115273265,False
56.125,-0.25,0.00018770340244488737,False
56.25,-0.25,-8.189681669195127e-05,False
56.375,-0.25,-0.00020876857874357386,False
56.5,-0.25,-0.0001814781515847721,False
56.625,-0.25,-2.5775341532008285e-05,False
56.75,-0.25,0.00020288232349826478,False
56.875,-0.25,0.0004351740813971094,False
57.0,-0.25,0.0006073625100366363,False
57.125,-0.25,0.0006783474685414713,False
57.25,-0.25,0.0006391114286262759,False
57.375,-0.25,0.0005119019795535289,False
57.5,-0.25,0.0003399592057264885,False
57.625,-0.25,0.00017172790334736294,False
57.75,-0.25,4.517680178300349e-05,False
57.875,-0.25,-2.250692512495452e-05,False
58.0,-0.25,-3.679602488268363e-05,False
58.125,-0.25,-1.9435781776484968e-05,False
58.25,-0.25,3.0598532278516713e-06,False
58.375,-0.25,1.1221975019419139e-05,False
58.5,-0.25,1.8254111051236832e-07,False
58.625,-0.25,-1.963881064380406e-05,False
58.75,-0.25,-2.848530253366423e-05,False
58.875,-0.25,-7.0294522889647e-06,False
59.0,-0.25,5.4212946414147926e-05,False
59.125,-0.25,0.00014963451406363768,False
59.25,-0.25,0.00025943860399206406,False
59.375,-0.25,0.0003561700757690712,False
59.5,-0.25,0.0004141840389185539,False
59.625,-0.25,0.0004183595404809164,False
59.75,-0.25,0.0003688482122025673,False
59.875,-0.25,0.0002803330575819817,False
60.0,-0.25,0.00017642382846259604,False
10.0,-0.2375,0.02318400264233545,False
10.125,-0.2375,0.07577570986367621,False
10.25,-0.2375,0.0841927781812459,False
10.375,-0.2375,0.05284613896106967,False
10.5,-0.2375,0.005451736681792295,False
10.625,-0.2375,-0.0293779502951943,False
10.75,-0.2375,-0.03242584028772906,False
10.875,-0.2375,-0.0020460884361051535,False
11.0,-0.2375,0.04657605909439061,False
11.125,-0.2375,0.08981564546249958,False
11.25,-0.2375,0.10722314087980024,False
11.375,-0.2375,0.0909296853189408,False
11.5,-0.2375,0.04881231564006361,False
11.625,-0.2375,0.0004178780544286005,False
11.75,-0.2375,-0.032119301545673315,False
11.875,-0.2375,-0.033891899902023195,False
12.0,-0.2375,-0.0034440909653775872,False
12.125,-0.2375,0.04708937911146234,False
12.25,-0.2375,0.09763899396200504,False
12.375,-0.2375,0.12888327637953764,False
12.5,-0.2375,0.1300722139359162,False
12.625,-0.2375,0.10273769651156348,False
12.75,-0.2375,0.05902897058938228,False
12.875,-0.2375,0.015805418330374948,False
13.0,-0.2375,-0.012651211846998042,False
13.125,-0.2375,-0.02008324805223768,False
13.25,-0.2375,-0.009709554232164005,False
13.375,-0.2375,0.00854228513353885,False
13.5,-0.2375,0.023377277623142224,False
13.625,-0.2375,0.02740691611096674,False
13.75,-0.2375,0.01997991213563128,False
13.875,-0.2375,0.006511913668115063,False
14.0,-0.2375,-0.005039249663011374,False
14.125,-0.2375,-0.008615971174026118,False
14.25,-0.2375,-0.0031754119591601,False
14.375,-0.2375,0.007006056947677976,False
14.5,-0.2375,0.014889862172646566,False
14.625,-0.2375,0.01473974657984614,False
14.75,-0.2375,0.005615555154287035,False
14.875,-0.2375,-0.007504058177374678,False
15.0,-0.2375,-0.015637747464969303,False
15.125,-0.2375,-0.009972255848767434,False
15.25,-0.2375,0.01359620338981745,False
15.375,-0.2375,0.051679655180689434,False
15.5,-0.2375,0.09378377827780549,False
15.625,-0.2375,0.12590144134727274,False
15.75,-0.2375,0.13594183266472978,False
15.875,-0.2375,0.11878139388347916,False
16.0,-0.2375,0.07881606144370158,False
16.125,-0.2375,0.028880887729441293,False
16.25,-0.2375,-0.01413559426815281,False
16.375,-0.2375,-0.03532839792641502,False
16.5,-0.2375,-0.027159002879123366,False
16.625,-0.2375,0.007849037604825922,False
16.75,-0.2375,0.05807239017616127,False
16.875,-0.2375,0.10697182454480302,False
17.0,-0.2375,0.138873968100192,False
17.125,-0.2375,0.14420863470938544,False
17.25,-0.2375,0.12237215751509854,False
17.375,-0.2375,0.0813605311526671,False
17.5,-0.2375,0.03453637536610897,False
17.625,-0.2375,-0.004116223708311967,False
17.75,-0.2375,-0.02448455119320154,False
17.875,-0.2375,-0.023070437191323113,False
18.0,-0.2375,-0.003263181341297737,False
18.125,-0.2375,0.02663401445241248,False
18.25,-0.2375,0.05665465603263904,False
18.375,-0.2375,0.07842744234013029,False
18.5,-0.2375,0.08736797998826548,False
18.625,-0.2375,0.08327431752156486,False
18.75,-0.2375,0.06943871334842705,False
18.875,-0.2375,0.050875211957633205,False
19.0,-0.2375,0.03244305896889894,False
19.125,-0.2375,0.017509982054128202,False
19.25,-0.2375,0.007459622049352411,False
19.375,-0.2375,0.0019737364760144473,False
19.5,-0.2375,-0.00023829141819342202,False
19.625,-0.2375,-0.0006593859939527222,False
19.75,-0.2375,-0.00042926518904954367,False
19.875,-0.2375,-0.00015948952755576808,False
20.0,-0.2375,-2.9185690355831172e-05,False
20.125,-0.2375,-1.3480620091681492e-07,False
20.25,-0.2375,7.725240686450586e-08,False
20.375,-0.2375,1.34982402163562e-07,False
20.5,-0.2375,-2.7734079143822208e-06,False
20.625,-0.2375,-5.0447657552058976e-06,False
20.75,-0.2375,9.976577862927655e-06,False
20.875,-0.2375,3.783342005030749e-05,False
21.0,-0.2375,1.8133198169237707e-05,False
21.125,-0.2375,-0.0001438627153071543,False
21.25,-0.2375,-0.0004709358644316651,False
21.375,-0.2375,-0.00075369423121691,False
21.5,-0.2375,-0.0004221379833619411,False
21.625,-0.2375,0.0014494251339881013,False
21.75,-0.2375,0.0059419640268273234,False
21.875,-0.2375,0.013916660968595888,False
22.0,-0.2375,0.025577355316483714,False
22.125,-0.2375,0.04013926957888881,False
22.25,-0.2375,0.05576393311423423,False
22.375,-0.2375,0.06984196379149604,False
22.5,-0.2375,0.07958367206442803,False
22.625,-0.2375,0.08275816893046815,False
22.75,-0.2375,0.07835202766300736,False
22.875,-0.2375,0.06692802050996374,False
23.0,-0.2375,0.05055276179827285,False
23.125,-0.2375,0.03229922029988955,False
23.25,-0.2375,0.015467776213235324,False
23.375,-0.2375,0.002759554928657086,False
23.5,-0.2375,-0.00435237702023555,False
23.625,-0.2375,-0.005877065365299391,False
23.75,-0.2375,-0.0031316722631529272,False
23.875,-0.2375,0.0017788063935822041,False
24.0,-0.2375,0.006645022786601553,False
24.125,-0.2375,0.00978062047218433,False
24.25,-0.2375,0.010410563315967365,False
24.375,-0.2375,0.008729661259601567,False
24.5,-0.2375,0.005653885436241227,False
24.625,-0.2375,0.0023829183282181206,False
24.75,-0.2375,-5.931782607200109e-05,False
24.875,-0.2375,-0.0011505880484789105,False
25.0,-0.2375,-0.0009690597984657722,False
25.125,-0.2375,-5.8824281156567176e-05,False
25.25,-0.2375,0.0008619148575508828,False
25.375,-0.2375,0.0012254498979418253,False
25.5,-0.2375,0.0008461673477165865,False
25.625,-0.2375,-2.3286645567958595e-05,False
25.75,-0.2375,-0.0008234329246254103,False
25.875,-0.2375,-0.0009480065776441516,False
26.0,-0.2375,-2.674516240882478e-05,False
26.125,-0.2375,0.0018819117891620018,False
26.25,-0.2375,0.004266638304015217,False
26.375,-0.2375,0.006323208768278724,False
26.5,-0.2375,0.00724577338564258,False
26.625,-0.2375,0.006546544029442794,False
26.75,-0.2375,0.004287233711732271,False
26.875,-0.2375,0.0011330529218871637,False
27.0,-0.2375,-0.0018005378382358608,False
27.125,-0.2375,-0.0032671848413695853,False
27.25,-0.2375,-0.002275951265320459,False
27.375,-0.2375,0.0015796245179644087,False
27.5,-0.2375,0.007957289856416666,False
27.625,-0.2375,0.015821549984805606,False
27.75,-0.2375,0.023703049333118047,False
27.875,-0.2375,0.030081397494773864,False
28.0,-0.2375,0.033773981764309485,False
28.125,-0.2375,0.034215671107309435,False
28.25,-0.2375,0.03155386413621328,False
28.375,-0.2375,0.02654515061061367,False
28.5,-0.2375,0.020301969725458828,False
28.625,-0.2375,0.013979126307267994,False
28.75,-0.2375,0.008498425863628962,False
28.875,-0.2375,0.0043850873763738455,False
29.0,-0.2375,0.0017437684117091491,False
29.125,-0.2375,0.00035330404429212404,False
29.25,-0.2375,-0.00017487542026175124,False
29.375,-0.2375,-0.0002390636378885917,False
29.5,-0.2375,-0.0001397470902341597,False
29.625,-0.2375,-4.1902731007670486e-05,False
29.75,-0.2375,3.619970836756345e-06,False
29.875,-0.2375,9.315783291747615e-06,False
30.0,-0.2375,2.537395194354377e-06,False
30.125,-0.2375,-1.1293444976213528e-06,False
30.25,-0.2375,-6.717592893470084e-07,False
30.375,-0.2375,2.1031282817005406e-08,False
30.5,-0.2375,4.536307870677408e-09,False
30.625,-0.2375,1.294882589129687e-08,False
30.75,-0.2375,-4.17326053503827e-06,False
30.875,-0.2375,-2.28282377522817e-05,False
31.0,-0.2375,-5.893380518532595e-05,False
31.125,-0.2375,-8.208165939194656e-05,False
31.25,-0.2375,-4.348762365726747e-06,False
31.375,-0.2375,0.00032036127577059176,False
31.5,-0.2375,0.0010577477035398847,False
31.625,-0.2375,0.0023175993460096763,False
31.75,-0.2375,0.004066519940561159,False
31.875,-0.2375,0.006070032345622253,False
32.0,-0.2375,0.007903809911866747,False
32.125,-0.2375,0.009051705323979758,False
32.25,-0.2375,0.009072069477786182,False
32.375,-0.2375,0.007778314187727419,False
32.5,-0.2375,0.00536165628396974,False
32.625,-0.2375,0.0023947400384590695,False
32.75,-0.2375,-0.0003060082837460429,False
32.875,-0.2375,-0.0019271165380511182,False
33.0,-0.2375,-0.0019337446687872149,False
33.125,-0.2375,-0.0002735909674418213,False
33.25,-0.2375,0.0025735473047559763,False
33.375,-0.2375,0.005730449740973165,False
33.5,-0.2375,0.008203002148192362,False
33.625,-0.2375,0.009210957911124591,False
33.75,-0.2375,0.008450605465092655,False
33.875,-0.2375,0.006193255560927247,False
34.0,-0.2375,0.003183165222616033,False
34.125,-0.2375,0.00037289600735843564,False
34.25,-0.2375,-0.0014058741862871605,False
34.375,-0.2375,-0.0017158841158191453,False
34.5,-0.2375,-0.0006359441985670216,False
34.625,-0.2375,0.0013055422519298791,False
34.75,-0.2375,0.0033498295690386998,False
34.875,-0.2375,0.004789588338127968,False
35.0,-0.2375,0.005205496513148086,False
35.125,-0.2375,0.004575033271600866,False
35.25,-0.2375,0.0032260719474268723,False
35.375,-0.2375,0.0016695040507320328,False
35.5,-0.2375,0.00038819941181219696,False
35.625,-0.2375,-0.00033172287214206425,False
35.75,-0.2375,-0.0004677685674915653,False
35.875,-0.2375,-0.0002142838661904874,False
36.0,-0.2375,0.00014229644781355323,False
36.125,-0.2375,0.0003629430959893169,False
36.25,-0.2375,0.00034912695192323783,False
36.375,-0.2375,0.00015629655431419816,False
36.5,-0.2375,-6.628292404349477e-05,False
36.625,-0.2375,-0.00017109759344614083,False
36.75,-0.2375,-9.343361675158022e-05,False
36.875,-0.2375,0.00011979642641031392,False
37.0,-0.2375,0.0003426416670486464,False
37.125,-0.2375,0.0004429105961893154,False
37.25,-0.2375,0.00035589571512707107,False
37.375,-0.2375,0.00012155847363998561,False
37.5,-0.2375,-0.00013267307070216792,False
37.625,-0.2375,-0.00025413085922499723,False
37.75,-0.2375,-0.00014116925779378484,False
37.875,-0.2375,0.00020365209274106794,False
38.0,-0.2375,0.0006689624248614233,False
38.125,-0.2375,0.0010807711315215583,False
38.25,-0.2375,0.0012779695981052833,False
38.375,-0.2375,0.0011825009293081282,False
38.5,-0.2375,0.000832650315497835,False
38.625,-0.2375,0.00036529060698563287,False
38.75,-0.2375,-4.382392449523657e-05,False
38.875,-0.2375,-0.0002542387221155599,False
39.0,-0.2375,-0.0002165762099773448,False
39.125,-0.2375,1.3484931487291646e-05,False
39.25,-0.2375,0.00030693698162033466,False
39.375,-0.2375,0.0005224631912735166,False
39.5,-0.2375,0.0005682966833837712,False
39.625,-0.2375,0.0004376815840339788,False
39.75,-0.2375,0.00020397320951715984,False
39.875,-0.2375,-1.9791743411200357e-05,False
40.0,-0.2375,-0.00013638587601054862,False
40.125,-0.2375,-0.00010881919443160928,False
40.25,-0.2375,2.6065991424496646e-05,False
40.375,-0.2375,0.000179680323864346,False
40.5,-0.2375,0.0002578865101121369,False
40.625,-0.2375,0.00020923080563289725,False
40.75,-0.2375,5.290966544590525e-05,False
40.875,-0.2375,-0.00012611394037791377,False
41.0,-0.2375,-0.00021251474084820767,False
41.125,-0.2375,-0.00011084369650684586,False
41.25,-0.2375,0.00021115218686193837,False
41.375,-0.2375,0.0007043930725913506,False
41.5,-0.2375,0.0012527033897210408,False
41.625,-0.2375,0.0017130488342321777,False
41.75,-0.2375,0.0019651730855397196,False
41.875,-0.2375,0.0019511800474479885,False
42.0,-0.2375,0.0016907864673388648,False
42.125,-0.2375,0.0012684534224559852,False
42.25,-0.2375,0.0007996988743717787,False
42.375,-0.2375,0.00039106889566752014,False
42.5,-0.2375,0.00010900922318014689,False
42.625,-0.2375,-3.239058653775026e-05,False
42.75,-0.2375,-6.331473572678723e-05,False
42.875,-0.2375,-3.628340133630553e-05,False
43.0,-0.2375,-1.1218566773331453e-06,False
43.125,-0.2375,1.3012256403508909e-05,False
43.25,-0.2375,2.9530080192837348e-06,False
43.375,-0.2375,-1.531274522067179e-05,False
43.5,-0.2375,-2.028649243903057e-05,False
43.625,-0.2375,1.8083825623026072e-06,False
43.75,-0.2375,4.9939963305177634e-05,False
43.875,-0.2375,0.00010942081073745031,False
44.0,-0.2375,0.0001594583037548909,False
44.125,-0.2375,0.0001827570428189869,False
44.25,-0.2375,0.00017260181573195956,False
44.375,-0.2375,0.0001346390035422271,False
44.5,-0.2375,8.329233953887411e-05,False
44.625,-0.2375,3.507719570041024e-05,False
44.75,-0.2375,2.071053608843443e-06,False
44.875,-0.2375,-1.1764035759635278e-05,False
45.0,-0.2375,-1.0341870636667554e-05,False
45.125,-0.2375,-2.0581665401946497e-06,False
45.25,-0.2375,4.787454022365473e-06,False
45.375,-0.2375,5.613973838043351e-06,False
45.5,-0.2375,8.570435914850694e-07,False
45.625,-0.2375,-5.202699348362858e-06,False
45.75,-0.2375,-7.149578980100229e-06,False
45.875,-0.2375,-1.2540953657404089e-06,False
46.0,-0.2375,1.2826133047646063e-05,False
46.125,-0.2375,3.2016041023198435e-05,False
46.25,-0.2375,5.122232518966568e-05,False
46.375,-0.2375,6.537280586464383e-05,False
46.5,-0.2375,7.11851790980608e-05,False
46.625,-0.2375,6.802808468858279e-05,False
46.75,-0.2375,5.7714612765569944e-05,False
46.875,-0.2375,4.35116013888044e-05,False
47.0,-0.2375,2.8884292070088133e-05,False
47.125,-0.2375,1.6475886782412456e-05,False
47.25,-0.2375,7.613130089713872e-06,False
47.375,-0.2375,2.3615175032183344e-06,False
47.5,-0.2375,-5.1340857358975654e-08,False
47.625,-0.2375,-7.037861865050152e-07,False
47.75,-0.2375,-5.553634195572225e-07,False
47.875,-0.2375,-2.3298491328722715e-07,False
48.0,-0.2375,-1.752536082215055e-08,False
48.125,-0.2375,4.94328712566507e-08,False
48.25,-0.2375,3.1384866814840054e-08,False
48.375,-0.2375,-1.4524377155009967e-09,False
48.5,-0.2375,-1.4351436566393196e-08,False
48.625,-0.2375,-6.808462053856804e-09,False
48.75,-0.2375,6.936068542400795e-09,False
48.875,-0.2375,1.505484522965428e-08,False
49.0,-0.2375,1.458351482249262e-08,False
49.125,-0.2375,9.056264850213708e-09,False
49.25,-0.2375,3.288485753881544e-09,False
49.375,-0.2375,-6.873786361436806e-11,False
49.5,-0.2375,-9.656383864118895e-10,False
49.625,-0.2375,-6.166464506845585e-10,False
49.75,-0.2375,-1.1765925616325637e-10,False
49.875,-0.2375,9.97362010502008e-11,False
50.0,-0.2375,9.132301062792359e-11,False
50.125,-0.2375,2.8512016465653953e-11,False
50.25,-0.2375,-3.707190647651668e-12,False
50.375,-0.2375,-6.8234361443506295e-12,False
50.5,-0.2375,-2.7100633347452957e-12,False
50.625,-0.2375,-4.4927671939406674e-13,False
50.75,-0.2375,2.748987721201461e-13,False
50.875,-0.2375,5.946769341299893e-13,False
51.0,-0.2375,-3.951203123612319e-13,False
51.125,-0.2375,-5.6109621076166445e-12,False
51.25,-0.2375,-1.1441656938120353e-11,False
51.375,-0.2375,6.353243565150352e-12,False
51.5,-0.2375,7.328831339565513e-11,False
51.625,-0.2375,1.2907487799061896e-10,False
51.75,-0.2375,-4.910328769732309e-11,False
51.875,-0.2375,-6.938227591742672e-10,False
52.0,-0.2375,-1.51535848926245e-09,False
52.125,-0.2375,-1.0857875683493408e-09,False
52.25,-0.2375,2.9881780649042227e-09,False
52.375,-0.2375,1.2235628533675661e-08,False
52.5,-0.2375,2.4221920816956142e-08,False
52.625,-0.2375,3.0777143889009684e-08,False
52.75,-0.2375,2.149040395584341e-08,False
52.875,-0.2375,-5.798915428748972e-09,False
53.0,-0.2375,-3.28355298815522e-08,False
53.125,-0.2375,-2.151980404841915e-08,False
53.25,-0.2375,5.523490471601557e-08,False
53.375,-0.2375,1.4799169779337095e-07,False
53.5,-0.2375,6.147311149695394e-08,False
53.625,-0.2375,-5.379339646760337e-07,False
53.75,-0.2375,-1.9180580622953596e-06,False
53.875,-0.2375,-3.7696054412740897e-06,False
54.0,-0.2375,-4.367874139715335e-06,False
54.125,-0.2375,4.3490822627913276e-07,False
54.25,-0.2375,1.800905487385588e-05,False
54.375,-0.2375,5.899225544032378e-05,False
54.5,-0.2375,0.00013603333633444,False
54.625,-0.2375,0.0002609478342475126,False
54.75,-0.2375,0.0004405212576767623,False
54.875,-0.2375,0.0006718624879922672,False
55.0,-0.2375,0.0009387847525134666,False
55.125,-0.2375,0.0012108930168446448,False
55.25,-0.2375,0.0014466685873967145,False
55.375,-0.2375,0.001600831176702118,False
55.5,-0.2375,0.0016348429312861006,False
55.625,-0.2375,0.0015280397570179348,False
55.75,-0.2375,0.0012860692359307623,False
55.875,-0.2375,0.0009435129809609572,False
56.0,-0.2375,0.000558903546267241,False
56.125,-0.2375,0.00020252935658040798,False
56.25,-0.2375,-6.019833656481079e-05,False
56.375,-0.2375,-0.00018529181426651944,False
56.5,-0.2375,-0.00016170468024013205,False
56.625,-0.2375,-1.4088535253218556e-05,False
56.75,-0.2375,0.00020438378161893286,False
56.875,-0.2375,0.0004271855147975624,False
57.0,-0.2375,0.0005930402720982879,False
57.125,-0.2375,0.0006622456583985478,False
57.25,-0.2375,0.0006257442521204581,False
57.375,-0.2375,0.0005044098438920716,False
57.5,-0.2375,0.0003393110456057996,False
57.625,-0.2375,0.0001766946009969637,False
57.75,-0.2375,5.303346147351956e-05,False
57.875,-0.2375,-1.4846193489948354e-05,False
58.0,-0.2375,-3.1645019744110114e-05,False
58.125,-0.2375,-1.7612421506314275e-05,False
58.25,-0.2375,2.3164634349167157e-06,False
58.375,-0.2375,9.715925838422615e-06,False
58.5,-0.2375,-1.3841550157416174e-07,False
58.625,-0.2375,-1.7569065069170942e-05,False
58.75,-0.2375,-2.4084386125559852e-05,False
58.875,-0.2375,-1.5950351244628416e-06,False
59.0,-0.2375,5.868351580322164e-05,False
59.125,-0.2375,0.00015125717690250905,False
59.25,-0.2375,0.0002571980355993534,False
59.375,-0.2375,0.00035032527690338544,False
59.5,-0.2375,0.00040618294870929504,False
59.625,-0.2375,0.0004103184191853789,False
59.75,-0.2375,0.0003628142972772916,False
59.875,-0.2375,0.00027761645293230387,False
60.0,-0.2375,0.0001772372984946057,False
10.0,-0.225,0.022083195267327053,False
10.125,-0.225,0.07120549155048951,False
10.25,-0.225,0.07959293712315509,False
10.375,-0.225,0.05080680533439038,False
10.5,-0.225,0.006796852090418987,False
10.625,-0.225,-0.025646436775862955,False
10.75,-0.225,-0.028403921052657443,False
10.875,-0.225,0.00018274611804843313,False
11.0,-0.225,0.04592228107042832,False
11.125,-0.225,0.08662456237760682,False
11.25,-0.225,0.10303159035738743,False
11.375,-0.225,0.08770158298318588,False
11.5,-0.225,0.048028613005319326,False
11.625,-0.225,0.0024315928396162756,False
11.75,-0.225,-0.028196625892294054,False
11.875,-0.225,-0.029754953527937042,False
12.0,-0.225,-0.0008317296818143062,False
12.125,-0.225,0.047133923364265924,False
12.25,-0.225,0.09516879904020543,False
12.375,-0.225,0.12495952992200904,False
12.5,-0.225,0.1262578472774098,False
12.625,-0.225,0.10041844182116659,False
12.75,-0.225,0.05886391897621325,False
12.875,-0.225,0.01753080383684469,False
13.0,-0.225,-0.010011068765476023,False
13.125,-0.225,-0.017724648687037506,False
13.25,-0.225,-0.008516337519204236,False
13.375,-0.225,0.008336646570821957,False
13.5,-0.225,0.022201740371332414,False
13.625,-0.225,0.026065007057933503,False
13.75,-0.225,0.019221337704273932,False
13.875,-0.225,0.006674872778745426,False
14.0,-0.225,-0.004151966107584302,False
14.125,-0.225,-0.00758438213009653,False
14.25,-0.225,-0.0026241131470145862,False
14.375,-0.225,0.006756212887055761,False
14.5,-0.225,0.014005836217080578,False
14.625,-0.225,0.013805189785783142,False
14.75,-0.225,0.005337995715966855,False
14.875,-0.225,-0.006667267146960865,False
15.0,-0.225,-0.013753819785098674,False
15.125,-0.225,-0.007670516340136126,False
15.25,-0.225,0.015353638028972359,False
15.375,-0.225,0.052002273497842255,False
15.5,-0.225,0.0922585288410981,False
15.625,-0.225,0.12282069068980633,False
15.75,-0.225,0.1322467108779621,False
15.875,-0.225,0.11573303958906059,False
16.0,-0.225,0.07752179727114142,False
16.125,-0.225,0.02986382081139902,False
16.25,-0.225,-0.011151609245896445,False
16.375,-0.225,-0.03133286911514352,False
16.5,-0.225,-0.02350179480131074,False
16.625,-0.225,0.009940749114005745,False
16.75,-0.225,0.057923669061841807,False
16.875,-0.225,0.10467896504461868,False
17.0,-0.225,0.13524148425943566,False
17.125,-0.225,0.14044117446776838,False
17.25,-0.225,0.119646227807185,False
17.375,-0.225,0.08043618536409831,False
17.5,-0.225,0.03554210825498866,False
17.625,-0.225,-0.001665933911489264,False
17.75,-0.225,-0.021468366571374926,False
17.875,-0.225,-0.02043429786453263,False
18.0,-0.225,-0.0017134745102143616,False
18.125,-0.225,0.02681654037222217,False
18.25,-0.225,0.05563467578832658,False
18.375,-0.225,0.07668778783078976,False
18.5,-0.225,0.08550284957088305,False
18.625,-0.225,0.08178679760002548,False
18.75,-0.225,0.06860975669012798,False
18.875,-0.225,0.050733204132732565,False
19.0,-0.225,0.032821709420822,False
19.125,-0.225,0.01815368730574504,False
19.25,-0.225,0.008128014801155698,False
19.375,-0.225,0.0025093924473173984,False
19.5,-0.225,0.00010798117916020235,False
19.625,-0.225,-0.0004811380027054911,False
19.75,-0.225,-0.00036096993742943295,False
19.875,-0.225,-0.00014370069255954866,False
20.0,-0.225,-2.9091073805598094e-05,False
20.125,-0.225,-1.0387420412752667e-06,False
20.25,-0.225,4.751313212325288e-08,False
20.375,-0.225,1.5207542975311447e-08,False
20.5,-0.225,-2.4730768102662297e-06,False
20.625,-0.225,-3.790062645745839e-06,False
20.75,-0.225,1.0129357479805927e-05,False
20.875,-0.225,3.355817599201227e-05,False
21.0,-0.225,1.1654545607091662e-05,False
21.125,-0.225,-0.00013595255015312588,False
21.25,-0.225,-0.00041364569799554914,False
21.375,-0.225,-0.0006003793933827459,False
21.5,-0.225,-0.00013313685361007028,False
21.625,-0.225,0.0018818458321930888,False
21.75,-0.225,0.006473035697728124,False
21.875,-0.225,0.014444218888408614,False
22.0,-0.225,0.025959192807106,False
22.125,-0.225,0.040230795696586955,False
22.25,-0.225,0.05546533322364596,False
22.375,-0.225,0.06913866775345846,False
22.5,-0.225,0.07856452654976681,False
22.625,-0.225,0.08160243640384322,False
22.75,-0.225,0.07728686650500065,False
22.875,-0.225,0.06616855368863753,False
23.0,-0.225,0.05024330757926056,False
23.125,-0.225,0.032474318948841,False
23.25,-0.225,0.016045267530131368,False
23.375,-0.225,0.0035674519333436065,False
23.5,-0.225,-0.0035243787925216485,False
23.625,-0.225,-0.005218150317503488,False
23.75,-0.225,-0.002760998533300738,False
23.875,-0.225,0.0018363874320925467,False
24.0,-0.225,0.006453224600151668,False
24.125,-0.225,0.009460441350600703,False
24.25,-0.225,0.010095670618447274,False
24.375,-0.225,0.00852380354900839,False
24.5,-0.225,0.005603598837879844,False
24.625,-0.225,0.002472537607473741,False
24.75,-0.225,0.00010865060038686225,False
24.875,-0.225,-0.0009820943323719782,False
25.0,-0.225,-0.0008628776196580011,False
25.125,-0.225,-4.104586419323897e-05,False
25.25,-0.225,0.0008073830234257239,False
25.375,-0.225,0.001145518723492584,False
25.5,-0.225,0.0007959500368511244,False
25.625,-0.225,-5.048876849977999e-06,False
25.75,-0.225,-0.0007313797007613054,False
25.875,-0.225,-0.0008132442189266879,False
26.0,-0.225,9.501635569508543e-05,False
26.125,-0.225,0.001932633844758073,False
26.25,-0.225,0.004210263975661174,False
26.375,-0.225,0.006162830803622378,False
26.5,-0.225,0.007026965085552356,False
26.625,-0.225,0.006345035072045878,False
26.75,-0.225,0.004184673593862565,False
26.875,-0.225,0.0011889105919018388,False
27.0,-0.225,-0.0015713401424972701,False
27.125,-0.225,-0.002903061203459284,False
27.25,-0.225,-0.00186048971708392,False
27.375,-0.225,0.001940505218492758,False
27.5,-0.225,0.008165704724741341,False
27.625,-0.225,0.01581591224769051,False
27.75,-0.225,0.023475395251454263,False
27.875,-0.225,0.029678641165667426,False
28.0,-0.225,0.03328327911375051,False
28.125,-0.225,0.03373912833495877,False
28.25,-0.225,0.031180915976141695,False
28.375,-0.225,0.026331095083451533,False
28.5,-0.225,0.0202584875882021,False
28.625,-0.225,0.014078235801541076,False
28.75,-0.225,0.008686873153634901,False
28.875,-0.225,0.004603208960095154,False
29.0,-0.225,0.0019422815155452399,False
29.125,-0.225,0.0005032292373294239,False
29.25,-0.225,-8.079390516786336e-05,False
29.375,-0.225,-0.00019185139136133612,False
29.5,-0.225,-0.00012295185395851026,False
29.625,-0.225,-3.965267778160624e-05,False
29.75,-0.225,1.9149271643678418e-06,False
29.875,-0.225,8.216341657999837e-06,False
30.0,-0.225,2.5587865233174877e-06,False
30.125,-0.225,-8.354729696117035e-07,False
30.25,-0.225,-5.953865013898291e-07,False
30.375,-0.225,-5.583378250719098e-09,False
30.5,-0.225,2.5111669207080278e-09,False
30.625,-0.225,-1.2112818462746907e-07,False
30.75,-0.225,-4.1598655432422995e-06,False
30.875,-0.225,-2.049399368472558e-05,False
31.0,-0.225,-4.922283626774344e-05,False
31.125,-0.225,-5.7928809511926315e-05,False
31.25,-0.225,4.00093354044647e-05,False
31.375,-0.225,0.00038455969687685725,False
31.5,-0.225,0.001131266929544377,False
31.625,-0.225,0.0023792768698521535,False
31.75,-0.225,0.004089312441719713,False
31.875,-0.225,0.006030497991231848,False
32.0,-0.225,0.007793237094126978,False
32.125,-0.225,0.008884205542512805,False
32.25,-0.225,0.008885252923517566,False
32.375,-0.225,0.007624575058993785,False
32.5,-0.225,0.005291834326252519,False
32.625,-0.225,0.0024394903039622433,False
32.75,-0.225,-0.00015003170967768848,False
32.875,-0.225,-0.0017001773915550935,False
33.0,-0.225,-0.0017026444226688033,False
33.125,-0.225,-0.00011064858246487654,False
33.25,-0.225,0.002615079056980941,False
33.375,-0.225,0.005635551112744157,False
33.5,-0.225,0.008001215256681965,False
33.625,-0.225,0.008967032660201607,False
33.75,-0.225,0.008242495594531404,False
33.875,-0.225,0.006085362638997463,False
34.0,-0.225,0.003204612947464697,False
34.125,-0.225,0.000508727596955757,False
34.25,-0.225,-0.0012076201810623764,False
34.375,-0.225,-0.0015242893718759492,False
34.5,-0.225,-0.0005123100932195552,False
34.625,-0.225,0.0013282354660269285,False
34.75,-0.225,0.003275822635537123,False
34.875,-0.225,0.004655136752432503,False
35.0,-0.225,0.005062609466989037,False
35.125,-0.225,0.004471202151425894,False
35.25,-0.225,0.003187997134025997,False
35.375,-0.225,0.0016965671525797144,False
35.5,-0.225,0.0004570704070682441,False
35.625,-0.225,-0.00025448855265536346,False
35.75,-0.225,-0.0004111348049712632,False
35.875,-0.225,-0.00019225919111778373,False
36.0,-0.225,0.00013330576574121115,False
36.125,-0.225,0.00033895783439893853,False
36.25,-0.225,0.0003289248884243809,False
36.375,-0.225,0.00015211693258299904,False
36.5,-0.225,-5.353428938869838e-05,False
36.625,-0.225,-0.000150511511830675,False
36.75,-0.225,-7.798193214151373e-05,False
36.875,-0.225,0.00012071069786338356,False
37.0,-0.225,0.00032820064511079243,False
37.125,-0.225,0.00042115391255692506,False
37.25,-0.225,0.0003393778023382493,False
37.375,-0.225,0.00012074461628163569,False
37.5,-0.225,-0.00011493098768583148,False
37.625,-0.225,-0.00022434223350721762,False
37.75,-0.225,-0.0001123731667103065,False
37.875,-0.225,0.00021789918285228133,False
38.0,-0.225,0.0006609096139120053,False
38.125,-0.225,0.001052150995956969,False
38.25,-0.225,0.0012393630102360818,False
38.375,-0.225,0.00114873836152261,False
38.5,-0.225,0.0008163948509500567,False
38.625,-0.225,0.0003717096731635309,False
38.75,-0.225,-1.8970792309742218e-05,False
38.875,-0.225,-0.00022237545474068713,False
39.0,-0.225,-0.00019109558573722878,False
39.125,-0.225,2.300323149695291e-05,False
39.25,-0.225,0.0002985142363055725,False
39.375,-0.225,0.0005019636743782068,False
39.5,-0.225,0.000546224168007768,False
39.625,-0.225,0.00042415527672487387,False
39.75,-0.225,0.00020423018048441974,False
39.875,-0.225,-7.3835648038170855e-06,False
40.0,-0.225,-0.00011905138037385932,False
40.125,-0.225,-9.55896362470325e-05,False
40.25,-0.225,2.8801793366605794e-05,False
40.375,-0.225,0.00017122379653942692,False
40.5,-0.225,0.00024352923310539377,False
40.625,-0.225,0.00019774476520512493,False
40.75,-0.225,5.2424019483872196e-05,False
40.875,-0.225,-0.00011197567918124232,False
41.0,-0.225,-0.0001865346781328459,False
41.125,-0.225,-8.134856779460899e-05,False
41.25,-0.225,0.00023350225038898945,False
41.375,-0.225,0.0007107770523452045,False
41.5,-0.225,0.001239540287672981,False
41.625,-0.225,0.0016832919567397555,False
41.75,-0.225,0.001927087860946602,False
41.875,-0.225,0.0019152266207813162,False
42.0,-0.225,0.0016659315203287094,False
42.125,-0.225,0.0012593490776431674,False
42.25,-0.225,0.0008056956532456925,False
42.375,-0.225,0.0004072210547139047,False
42.5,-0.225,0.00012844604596078024,False
42.625,-0.225,-1.5800392833891966e-05,False
42.75,-0.225,-5.304535360732351e-05,False
42.875,-0.225,-3.2580107907898684e-05,False
43.0,-0.225,-1.756682232391892e-06,False
43.125,-0.225,1.1196046202099102e-05,False
43.25,-0.225,2.470603214637753e-06,False
43.375,-0.225,-1.3541521860975313e-05,False
43.5,-0.225,-1.6997038275826763e-05,False
43.625,-0.225,4.91642045090664e-06,False
43.75,-0.225,5.120919915403898e-05,False
43.875,-0.225,0.00010806213505181229,False
44.0,-0.225,0.00015586051071288563,False
44.125,-0.225,0.000178222394516223,False
44.25,-0.225,0.00016870860351870888,False
44.375,-0.225,0.00013256335007792654,False
44.5,-0.225,8.338857628679435e-05,False
44.625,-0.225,3.685901801692507e-05,False
44.75,-0.225,4.54161253358806e-06,False
44.875,-0.225,-9.626298889709551e-06,False
45.0,-0.225,-9.170828171599519e-06,False
45.125,-0.225,-1.922144138030956e-06,False
45.25,-0.225,4.293953482388566e-06,False
45.375,-0.225,5.094244240124751e-06,False
45.5,-0.225,8.010038914842389e-07,False
45.625,-0.225,-4.626165103556128e-06,False
45.75,-0.225,-6.125819212091695e-06,False
45.875,-0.225,-1.9656615174509474e-07,False
46.0,-0.225,1.348161713170824e-05,False
46.125,-0.225,3.1997519770664076e-05,False
46.25,-0.225,5.051483317115196e-05,False
46.375,-0.225,6.41963893780568e-05,False
46.5,-0.225,6.988653871210272e-05,False
46.625,-0.225,6.694365457569525e-05,False
46.75,-0.225,5.706258037995621e-05,False
46.875,-0.225,4.334700195567991e-05,False
47.0,-0.225,2.911950087124362e-05,False
47.125,-0.225,1.694347078573352e-05,False
47.25,-0.225,8.13787371300662e-06,False
47.375,-0.225,2.8138380815884283e-06,False
47.5,-0.225,2.663665406809555e-07,False
47.625,-0.225,-5.228278907493574e-07,False
47.75,-0.225,-4.771821024911856e-07,False
47.875,-0.225,-2.1362701294159126e-07,False
48.0,-0.225,-2.1283225148925844e-08,False
48.125,-0.225,4.2972700207485525e-08,False
48.25,-0.225,2.9146935566247758e-08,False
48.375,-0.225,-1.9352291677356026e-10,False
48.5,-0.225,-1.240505745552553e-08,False
48.625,-0.225,-5.956679814574195e-09,False
48.75,-0.225,6.5528330422696065e-09,False
48.875,-0.225,1.4184433424149013e-08,False
49.0,-0.225,1.3945669968542848e-08,False
49.125,-0.225,8.905630177899556e-09,False
49.25,-0.225,3.481732087973187e-09,False
49.375,-0.225,2.0556620872516807e-10,False
49.5,-0.225,-7.800086971118913e-10,False
49.625,-0.225,-5.485206896812742e-10,False
49.75,-0.225,-1.1742239748346613e-10,False
49.875,-0.225,8.491151022897499e-11,False
50.0,-0.225,8.448648185306289e-11,False
50.125,-0.225,2.93551509660746e-11,False
50.25,-0.225,-1.3083967404435938e-12,False
50.375,-0.225,-5.6450617454687825e-12,False
50.5,-0.225,-2.4764120541254243e-12,False
50.625,-0.225,-4.613516092927935e-13,False
50.75,-0.225,2.3756354781619626e-13,False
50.875,-0.225,5.005942515234573e-13,False
51.0,-0.225,-4.995524253835002e-13,False
51.125,-0.225,-5.042510190049523e-12,False
51.25,-0.225,-9.08149152105331e-12,False
51.375,-0.225,9.094709198170892e-12,False
51.5,-0.225,6.920646403675969e-11,False
51.625,-0.225,1.1174985343239357e-10,False
51.75,-0.225,-6.116853006477314e-11,False
51.875,-0.225,-6.308721650808389e-10,False
52.0,-0.225,-1.2732504669818952e-09,False
52.125,-0.225,-6.272211054306332e-10,False
52.25,-0.225,3.480551814025446e-09,False
52.375,-0.225,1.2303756147480834e-08,False
52.5,-0.225,2.3372370713788412e-08,False
52.625,-0.225,2.905358152922416e-08,False
52.75,-0.225,2.0019814452871158e-08,False
52.875,-0.225,-5.044635664066235e-09,False
53.0,-0.225,-2.873834861112661e-08,False
53.125,-0.225,-1.6594012345328993e-08,False
53.25,-0.225,5.343603189602166e-08,False
53.375,-0.225,1.3154790235475767e-07,False
53.5,-0.225,3.827081751702601e-08,False
53.625,-0.225,-5.139040827992958e-07,False
53.75,-0.225,-1.706966493232187e-06,False
53.875,-0.225,-3.11179480541049e-06,False
54.0,-0.225,-2.8802590696689255e-06,False
54.125,-0.225,3.2052026223137882e-06,False
54.25,-0.225,2.2457675934113398e-05,False
54.375,-0.225,6.526635475406576e-05,False
54.5,-0.225,0.00014381983496821848,False
54.625,-0.225,0.00026931675756371566,False
54.75,-0.225,0.00044791236627946397,False
54.875,-0.225,0.0006762834733301518,False
55.0,-0.225,0.0009382330406223538,False
55.125,-0.225,0.0012039320974087748,False
55.25,-0.225,0.0014330096093706705,False
55.375,-0.225,0.001581724360099479,False
55.5,-0.225,0.0016130988803384851,False
55.625,-0.225,0.001507587282953313,False
55.75,-0.225,0.001271096447394837,False
55.875,-0.225,0.000937389777462688,False
56.0,-0.225,0.0005631913224540385,False
56.125,-0.225,0.00021640022574214904,False
56.25,-0.225,-3.990495892798872e-05,False
56.375,-0.225,-0.00016333307930952148,False
56.5,-0.225,-0.00014319645387213953,False
56.625,-0.225,-3.1219395997837603e-06,False
56.75,-0.225,0.00020584663543393874,False
56.875,-0.225,0.0004197854390799933,False
57.0,-0.225,0.0005797114852081693,False
57.125,-0.225,0.0006472271809918012,False
57.25,-0.225,0.0006132430279333905,False
57.375,-0.225,0.0004973596965456835,False
57.5,-0.225,0.0003386292234084998,False
57.625,-0.225,0.0001812542511243832,False
57.75,-0.225,6.0313248814755925e-05,False
57.875,-0.225,-7.709937025420685e-06,False
58.0,-0.225,-2.6806305513843327e-05,False
58.125,-0.225,-1.584205876925524e-05,False
58.25,-0.225,1.7106825850135028e-06,False
58.375,-0.225,8.395291451651192e-06,False
58.5,-0.225,-3.757574937055714e-07,False
58.625,-0.225,-1.5608853391747768e-05,False
58.75,-0.225,-1.9981823835358047e-05,False
58.875,-0.225,3.4487712934665117e-06,False
59.0,-0.225,6.281918700669145e-05,False
59.125,-0.225,0.00015273973022181557,False
59.25,-0.225,0.0002550871428886665,False
59.375,-0.225,0.0003448620459063239,False
59.5,-0.225,0.00039871193951834094,False
59.625,-0.225,0.000402805914582202,False
59.75,-0.225,0.0003571648106253544,False
59.875,-0.225,0.00027505233805706137,False
60.0,-0.225,0.0001779629571199839,False
10.0,-0.2125,0.021189699399893045,False
10.125,-0.2125,0.06706541282264118,False
10.25,-0.2125,0.07538106770754731,False
10.375,-0.2125,0.0489237648113541,False
10.5,-0.2125,0.008018299123373703,False
10.625,-0.2125,-0.022226656237247386,False
10.75,-0.2125,-0.024709656331404574,False
10.875,-0.2125,0.00223295478506488,False
11.0,-0.2125,0.04532160005526375,False
11.125,-0.2125,0.08368709323468619,False
11.25,-0.2125,0.09917072548761206,False
11.375,-0.2125,0.08472676039099812,False
11.5,-0.2125,0.04730631415971475,False
11.625,-0.2125,0.004289490209252733,False
11.75,-0.2125,-0.024576026524521878,False
11.875,-0.2125,-0.0259343009184964,False
12.0,-0.2125,0.0015835218623471738,False
12.125,-0.2125,0.04717843143045711,False
12.25,-0.2125,0.09288830587528364,False
12.375,-0.2125,0.1213310885799454,False
12.5,-0.2125,0.12272381580600832,False
12.625,-0.2125,0.09826029326164215,False
12.75,-0.2125,0.058694448416972196,False
12.875,-0.2125,0.019111478481563915,False
13.0,-0.2125,-0.007577218895150055,False
13.125,-0.2125,-0.015540923499901002,False
13.25,-0.2125,-0.007400698534715186,False
13.375,-0.2125,0.008164214118071717,False
13.5,-0.2125,0.021131933132975407,False
13.625,-0.2125,0.02483529936729312,False
13.75,-0.2125,0.018521930687928807,False
13.875,-0.2125,0.006819011263240489,False
14.0,-0.2125,-0.003342885912432839,False
14.125,-0.2125,-0.006641232202741353,False
14.25,-0.2125,-0.0021193576306058393,False
14.375,-0.2125,0.006528777756148686,False
14.5,-0.2125,0.01320037525967246,False
14.625,-0.2125,0.01295831381744547,False
14.75,-0.2125,0.005099213600050818,False
14.875,-0.2125,-0.005879793425928674,False
15.0,-0.2125,-0.012005562428992231,False
15.125,-0.2125,-0.005544512771209457,False
15.25,-0.2125,0.016968821331565763,False
15.375,-0.2125,0.05228584077756686,False
15.5,-0.2125,0.0908318284424306,False
15.625,-0.2125,0.1199571739579246,False
15.75,-0.2125,0.12881901397732023,False
15.875,-0.2125,0.11290877871505998,False
16.0,-0.2125,0.07632541930743629,False
16.125,-0.2125,0.03077865636446924,False
16.25,-0.2125,-0.008382175515241605,False
16.375,-0.2125,-0.027625942882424516,False
16.5,-0.2125,-0.020108365533841478,False
16.625,-0.2125,0.011882922400459777,False
16.75,-0.2125,0.05778796287524124,False
16.875,-0.2125,0.10255318192391705,False
17.0,-0.2125,0.13187018298991088,False
17.125,-0.2125,0.1369408974971171,False
17.25,-0.2125,0.11710895582272196,False
17.375,-0.2125,0.07956918762435024,False
17.5,-0.2125,0.03646770810693513,False
17.625,-0.2125,0.0006047254242346478,False
17.75,-0.2125,-0.018666340656199095,False
17.875,-0.2125,-0.017979149294051366,False
18.0,-0.2125,-0.0002632422278526919,False
18.125,-0.2125,0.02699754314405934,False
18.25,-0.2125,0.05469554103424098,False
18.375,-0.2125,0.0750742002623701,False
18.5,-0.2125,0.08376596039976844,False
18.625,-0.2125,0.08039532161171675,False
18.75,-0.2125,0.06782765111311459,False
18.875,-0.2125,0.050590282612904734,False
19.0,-0.2125,0.03316625537786378,False
19.125,-0.2125,0.01874954357099633,False
19.25,-0.2125,0.008751528866079078,False
19.375,-0.2125,0.003012723842353523,False
19.5,-0.2125,0.0004364251238212545,False
19.625,-0.2125,-0.00030953805537599246,False
19.75,-0.2125,-0.00029328551625021836,False
19.875,-0.2125,-0.0001267077838592099,False
20.0,-0.2125,-2.8106638374775718e-05,False
20.125,-0.2125,-1.7117508125356803e-06,False
20.25,-0.2125,3.3663536857817914e-09,False
20.375,-0.2125,-7.191779336729115e-08,False
20.5,-0.2125,-2.1707133362618407e-06,False
20.625,-0.2125,-2.7041625381442062e-06,False
20.75,-0.2125,1.013921217227164e-05,False
20.875,-0.2125,2.9704889658686936e-05,False
21.0,-0.2125,6.490456881352853e-06,False
21.125,-0.2125,-0.00012654839719763699,False
21.25,-0.2125,-0.00035696220280335495,False
21.375,-0.2125,-0.00045330360747410537,False
21.5,-0.2125,0.00014052032449997517,False
21.625,-0.2125,0.0022883227028356198,False
21.75,-0.2125,0.006969756886654655,False
21.875,-0.2125,0.014935508337845552,False
22.0,-0.2125,0.02631257728401889,False
22.125,-0.2125,0.040312042598403174,False
22.25,-0.2125,0.055182191902155495,False
22.375,-0.2125,0.0684783148892584,False
22.5,-0.2125,0.07761028344012189,False
22.625,-0.2125,0.08052156380169635,False
22.75,-0.2125,0.07629099731279528,False
22.875,-0.2125,0.06545800235418885,False
23.0,-0.2125,0.049952481751005126,False
23.125,-0.2125,0.03263551397461393,False
23.25,-0.2125,0.016582213670167538,False
23.375,-0.2125,0.004320243108911188,False
23.5,-0.2125,-0.002751460222954754,False
23.625,-0.2125,-0.004601405572589689,False
23.75,-0.2125,-0.002411813318844323,False
23.875,-0.2125,0.0018942150300758228,False
24.0,-0.2125,0.006278289554144658,False
24.125,-0.2125,0.009164797373767545,False
24.25,-0.2125,0.009803454218376003,False
24.375,-0.2125,0.008331666184147688,False
24.5,-0.2125,0.005555271331485915,False
24.625,-0.2125,0.0025540619635091135,False
24.75,-0.2125,0.0002633820866289737,False
24.875,-0.2125,-0.0008260918965810331,False
25.0,-0.2125,-0.0007638672091746639,False
25.125,-0.2125,-2.340567973776412e-05,False
25.25,-0.2125,0.0007582766687515632,False
25.375,-0.2125,0.00107283411939296,False
25.5,-0.2125,0.0007505055799533117,False
25.625,-0.2125,1.2481560783678017e-05,False
25.75,-0.2125,-0.0006459700497354204,False
25.875,-0.2125,-0.0006887443586189028,False
26.0,-0.2125,0.00020710263817953875,False
26.125,-0.2125,0.0019787087629542736,False
26.25,-0.2125,0.004157138471591161,False
26.375,-0.2125,0.006013604505283852,False
26.5,-0.2125,0.006824079675690271,False
26.625,-0.2125,0.006158818262060607,False
26.75,-0.2125,0.004090846499354305,False
26.875,-0.2125,0.0012425235231780711,False
27.0,-0.2125,-0.0013566423408771131,False
27.125,-0.2125,-0.0025631719038598246,False
27.25,-0.2125,-0.0014732419500936506,False
27.375,-0.2125,0.002276561049311655,False
27.5,-0.2125,0.008359504938733995,False
27.625,-0.2125,0.015810139209322553,False
27.75,-0.2125,0.023262587933754644,False
27.875,-0.2125,0.029302390318889978,False
28.0,-0.2125,0.03282466332102215,False
28.125,-0.2125,0.03329323782828874,False
28.25,-0.2125,0.030831182181756376,False
28.375,-0.2125,0.026129302000146556,False
28.5,-0.2125,0.02021588514685217,False
28.625,-0.2125,0.0141691226184083,False
28.75,-0.2125,0.008861890176767312,False
28.875,-0.2125,0.004806830146668509,False
29.0,-0.2125,0.0021284363511961373,False
29.125,-0.2125,0.0006445971145717618,False
29.25,-0.2125,8.640881264721759e-06,False
29.375,-0.2125,-0.0001463247495234847,False
29.5,-0.2125,-0.00010620524173719302,False
29.625,-0.2125,-3.693297480112773e-05,False
29.75,-0.2125,5.741600281770729e-07,False
29.875,-0.2125,7.22610327846071e-06,False
30.0,-0.2125,2.545330729478907e-06,False
30.125,-0.2125,-5.815947794253484e-07,False
30.25,-0.2125,-5.194224234048848e-07,False
30.375,-0.2125,-2.4559544761916945e-08,False
30.5,-0.2125,-2.386518197804524e-09,False
30.625,-0.2125,-2.216125352129719e-07,False
30.75,-0.2125,-4.018071429709825e-06,False
30.875,-0.2125,-1.8008278614215267e-05,False
31.0,-0.2125,-3.9663836353205105e-05,False
31.125,-0.2125,-3.4793013861337605e-05,False
31.25,-0.2125,8.191869693099181e-05,False
31.375,-0.2125,0.00044469051254661233,False
31.5,-0.2125,0.0011996533579128387,False
31.625,-0.2125,0.0024361650398731136,False
31.75,-0.2125,0.004109633112577536,False
31.875,-0.2125,0.0059926697792532565,False
32.0,-0.2125,0.007689443533982261,False
32.125,-0.2125,0.00872781881153433,False
32.25,-0.2125,0.008711371377524809,False
32.375,-0.2125,0.007481878010755993,False
32.5,-0.2125,0.0052274144342100565,False
32.625,-0.2125,0.0024816107795379546,False
32.75,-0.2125,-4.682783590370535e-06,False
32.875,-0.2125,-0.001489121014670794,False
33.0,-0.2125,-0.0014879369419660924,False
33.125,-0.2125,4.062148544265983e-05,False
33.25,-0.2125,0.0026535645530024465,False
33.375,-0.2125,0.005547380424152062,False
33.5,-0.2125,0.007813828080482402,False
33.625,-0.2125,0.008740495248912749,False
33.75,-0.2125,0.008049109970276955,False
33.875,-0.2125,0.005984881137065783,False
34.0,-0.2125,0.003224109880458694,False
34.125,-0.2125,0.0006344312603311759,False
34.25,-0.2125,-0.001023797798471469,False
34.375,-0.2125,-0.0013463596126797148,False
34.5,-0.2125,-0.0003971551051547423,False
34.625,-0.2125,0.0013499023622655893,False
34.75,-0.2125,0.0032077417610560854,False
34.875,-0.2125,0.004530738192717161,False
35.0,-0.2125,0.004930006196332014,False
35.125,-0.2125,0.004374442466062715,False
35.25,-0.2125,0.0031519799629112963,False
35.375,-0.2125,0.0017209442547308719,False
35.5,-0.2125,0.0005204394469901572,False
35.625,-0.2125,-0.00018298591247715415,False
35.75,-0.2125,-0.00035833315686676037,False
35.875,-0.2125,-0.00017126049807536384,False
36.0,-0.2125,0.00012563346586150258,False
36.125,-0.2125,0.000317259614572888,False
36.25,-0.2125,0.0003104695152283206,False
36.375,-0.2125,0.00014822368271148338,False
36.5,-0.2125,-4.194295721618961e-05,False
36.625,-0.2125,-0.0001317152307511881,False
36.75,-0.2125,-6.385877808685483e-05,False
36.875,-0.2125,0.0001215318902297857,False
37.0,-0.2125,0.00031496234674735697,False
37.125,-0.2125,0.0004012333104782193,False
37.25,-0.2125,0.0003243025921537898,False
37.375,-0.2125,0.0001201225569953611,False
37.5,-0.2125,-9.849476546568365e-05,False
37.625,-0.2125,-0.0001968556325307695,False
37.75,-0.2125,-8.585219238221612e-05,False
37.875,-0.2125,0.00023096592904834,False
38.0,-0.2125,0.0006533854204077992,False
38.125,-0.2125,0.001025641417026114,False
38.25,-0.2125,0.0012036331574046203,False
38.375,-0.2125,0.0011174762746178973,False
38.5,-0.2125,0.0008012955654816654,False
38.625,-0.2125,0.0003775587350049218,False
38.75,-0.2125,3.932521914309489e-06,False
38.875,-0.2125,-0.000192947819855001,False
39.0,-0.2125,-0.00016750502517418002,False
39.125,-0.2125,3.189717141834471e-05,False
39.25,-0.2125,0.00029085414941080773,False
39.375,-0.2125,0.00048312799533620487,False
39.5,-0.2125,0.0005258826519376166,False
39.625,-0.2125,0.00041164097126501265,False
39.75,-0.2125,0.00020439052712153608,False
39.875,-0.2125,3.974102883091816e-06,False
40.0,-0.2125,-0.00010313066485438796,False
40.125,-0.2125,-8.341311937038257e-05,False
40.25,-0.2125,3.135264772049761e-05,False
40.375,-0.2125,0.0001635045741633997,False
40.5,-0.2125,0.00023041261069003371,False
40.625,-0.2125,0.00018730967942963875,False
40.75,-0.2125,5.215480968874695e-05,False
40.875,-0.2125,-9.875262725810423e-05,False
41.0,-0.2125,-0.00016240543653868138,False
41.125,-0.2125,-5.401872807406634e-05,False
41.25,-0.2125,0.0002541715005309256,False
41.375,-0.2125,0.0007166235678033538,False
41.5,-0.2125,0.0012272466023005519,False
41.625,-0.2125,0.0016555872824387495,False
41.75,-0.2125,0.001891624634875381,False
41.875,-0.2125,0.0018817020167832266,False
42.0,-0.2125,0.0016426754640326867,False
42.125,-0.2125,0.0012507077080240975,False
42.25,-0.2125,0.0008111067281656454,False
42.375,-0.2125,0.0004221320760548601,False
42.5,-0.2125,0.00014650036377999705,False
42.625,-0.2125,-2.9886964054805297e-07,False
42.75,-0.2125,-4.3350622565207737e-05,False
42.875,-0.2125,-2.8962851053740225e-05,False
43.0,-0.2125,-2.190860205011158e-06,False
43.125,-0.2125,9.612702573347207e-06,False
43.25,-0.2125,2.0655959280392026e-06,False
43.375,-0.2125,-1.1902492964582026e-05,False
43.5,-0.2125,-1.3973834660125996e-05,False
43.625,-0.2125,7.769139126461775e-06,False
43.75,-0.2125,5.2367727612004876e-05,False
43.875,-0.2125,0.0001067970204489129,False
44.0,-0.2125,0.00015252606074075286,False
44.125,-0.2125,0.00017401694946343738,False
44.25,-0.2125,0.0001650890912807842,False
44.375,-0.2125,0.00013061971380894463,False
44.5,-0.2125,8.345457384020303e-05,False
44.625,-0.2125,3.8491848417206947e-05,False
44.75,-0.2125,6.8240358619599685e-06,False
44.875,-0.2125,-7.638550501266695e-06,False
45.0,-0.2125,-8.067601695783793e-06,False
45.125,-0.2125,-1.772630843496906e-06,False
45.25,-0.2125,3.858853606576585e-06,False
45.375,-0.2125,4.628685425092757e-06,False
45.5,-0.2125,7.572412323244517e-07,False
45.625,-0.2125,-4.090348887508462e-06,False
45.75,-0.2125,-5.179217638346482e-06,False
45.875,-0.2125,7.805915316589413e-07,False
46.0,-0.2125,1.4087032105716217e-05,False
46.125,-0.2125,3.1979016103976456e-05,False
46.25,-0.2125,4.9857218510818076e-05,False
46.375,-0.2125,6.310212473637644e-05,False
46.5,-0.2125,6.867628385031861e-05,False
46.625,-0.2125,6.592982117041839e-05,False
46.75,-0.2125,5.644904950849463e-05,False
46.875,-0.2125,4.318682235816009e-05,False
47.0,-0.2125,2.933308510661034e-05,False
47.125,-0.2125,1.7376292540242848e-05,False
47.25,-0.2125,8.627103187195864e-06,False
47.375,-0.2125,3.2381420899305827e-06,False
47.5,-0.2125,5.665952098473515e-07,False
47.625,-0.2125,-3.499373482966165e-07,False
47.75,-0.2125,-4.008906324074069e-07,False
47.875,-0.2125,-1.9335874486424146e-07,False
48.0,-0.2125,-2.367454597589105e-08,False
48.125,-0.2125,3.729748687514524e-08,False
48.25,-0.2125,2.7034104299586966e-08,False
48.375,-0.2125,8.659736173932847e-10,False
48.5,-0.2125,-1.0656804893707763e-08,False
48.625,-0.2125,-5.162854891612122e-09,False
48.75,-0.2125,6.226053461858948e-09,False
48.875,-0.2125,1.3398114826661133e-08,False
49.0,-0.2125,1.335674120263268e-08,False
49.125,-0.2125,8.756894639104995e-09,False
49.25,-0.2125,3.65129520580785e-09,False
49.375,-0.2125,4.55946745603666e-10,False
49.5,-0.2125,-6.064003804667411e-10,False
49.625,-0.2125,-4.818130881980622e-10,False
49.75,-0.2125,-1.14497078975193e-10,False
49.875,-0.2125,7.219471294284712e-11,False
50.0,-0.2125,7.811558030017797e-11,False
50.125,-0.2125,2.9882252194039445e-11,False
50.25,-0.2125,8.145553260583391e-13,False
50.375,-0.2125,-4.528980153527013e-12,False
50.5,-0.2125,-2.223964049467512e-12,False
50.625,-0.2125,-4.601874919087857e-13,False
50.75,-0.2125,2.0309336323367e-13,False
50.875,-0.2125,4.1698472223072023e-13,False
51.0,-0.2125,-5.64433929757117e-13,False
51.125,-0.2125,-4.460882667664786e-12,False
51.25,-0.2125,-6.936602473513248e-12,False
51.375,-0.2125,1.1351126306370338e-11,False
51.5,-0.2125,6.515902715778731e-11,False
51.625,-0.2125,9.654768717972981e-11,False
51.75,-0.2125,-6.885691716238048e-11,False
51.875,-0.2125,-5.66238567833065e-10,False
52.0,-0.2125,-1.0431512276839743e-09,False
52.125,-0.2125,-2.0388336358487794e-10,False
52.25,-0.2125,3.922512741224136e-09,False
52.375,-0.2125,1.2344497389156656e-08,False
52.5,-0.2125,2.257443915480405e-08,False
52.625,-0.2125,2.7483627149579285e-08,False
52.75,-0.2125,1.8726602125958344e-08,False
52.875,-0.2125,-4.2863471142517505e-09,False
53.0,-0.2125,-2.500600073094175e-08,False
53.125,-0.2125,-1.2306816377717223e-08,False
53.25,-0.2125,5.143901864456854e-08,False
53.375,-0.2125,1.1670536109741122e-07,False
53.5,-0.2125,1.9711854584418903e-08,False
53.625,-0.2125,-4.829881993737664e-07,False
53.75,-0.2125,-1.492583021030218e-06,False
53.875,-0.2125,-2.4683314825932214e-06,False
54.0,-0.2125,-1.4484941238581508e-06,False
54.125,-0.2125,5.846562023732569e-06,False
54.25,-0.2125,2.6672429117940127e-05,False
54.375,-0.2125,7.118232729676254e-05,False
54.5,-0.2125,0.00015113270793035063,False
54.625,-0.2125,0.0002771466032966274,False
54.75,-0.2125,0.00045479458082014633,False
54.875,-0.2125,0.0006803567492433673,False
55.0,-0.2125,0.0009376344757426774,False
55.125,-0.2125,0.0011973341981665953,False
55.25,-0.2125,0.001420159876659189,False
55.375,-0.2125,0.001563805918490649,False
55.5,-0.2125,0.0015927457695224744,False
55.625,-0.2125,0.0014884689084173266,False
55.75,-0.2125,0.0012571159613227819,False
55.875,-0.2125,0.0009316814035352378,False
56.0,-0.2125,0.0005672009611425846,False
56.125,-0.2125,0.00022934825614009943,False
56.25,-0.2125,-2.0968028242756366e-05,False
56.375,-0.2125,-0.000142840000260282,False
56.5,-0.2125,-0.0001259115899103852,False
56.625,-0.2125,7.144483799573779e-06,False
56.75,-0.2125,0.00020726420398369292,False
56.875,-0.2125,0.0004129436405830966,False
57.0,-0.2125,0.0005673325809734264,False
57.125,-0.2125,0.0006332488744043166,False
57.25,-0.2125,0.0006015777660925088,False
57.375,-0.2125,0.0004907423466421287,False
57.5,-0.2125,0.00033792558741581455,False
57.625,-0.2125,0.00018543300090756405,False
57.75,-0.2125,6.704573116151831e-05,False
57.875,-0.2125,-1.0760230994715013e-06,False
58.0,-0.2125,-2.227210956533753e-05,False
58.125,-0.2125,-1.4132059841102369e-05,False
58.25,-0.2125,1.2251552322925363e-06,False
58.375,-0.2125,7.241360793383185e-06,False
58.5,-0.2125,-5.410568921043533e-07,False
58.625,-0.2125,-1.3757599301000245e-05,False
58.75,-0.2125,-1.616515924381333e-05,False
58.875,-0.2125,8.121131280219936e-06,False
59.0,-0.2125,6.663803173901076e-05,False
59.125,-0.2125,0.0001540919100117723,False
59.25,-0.2125,0.00025310344277830574,False
59.375,-0.2125,0.00033976650726754803,False
59.5,-0.2125,0.00039175074137348876,False
59.625,-0.2125,0.00039580243288203393,False
59.75,-0.2125,0.0003518872346925528,False
59.875,-0.2125,0.00027263871414248664,False
60.0,-0.2125,0.0001786088179047697,False
10.0,-0.2,0.02047649040211602,False
10.125,-0.2,0.06332251058937843,False
10.25,-0.2,0.07153241467419157,False
10.375,-0.2,0.047189222417505054,False
10.5,-0.2,0.009125742487632427,False
10.625,-0.2,-0.019098451580031588,False
10.75,-0.2,-0.021323052066274047,False
10.875,-0.2,0.004114966052162952,False
11.0,-0.2,0.04477066996375654,False
11.125,-0.2,0.08098847007953086,False
11.25,-0.2,0.09562169985633577,False
11.375,-0.2,0.08199102162264854,False
11.5,-0.2,0.04664205115760489,False
11.625,-0.2,0.006000106784141961,False
11.75,-0.2,-0.021241246717116677,False
11.875,-0.2,-0.022413277397581487,False
12.0,-0.2,0.0038116458965544338,False
12.125,-0.2,0.047222370643488165,False
12.25,-0.2,0.09078732412788265,False
12.375,-0.2,0.11798296794320581,False
12.5,-0.2,0.11945685249017718,False
12.625,-0.2,0.09625696329697216,False
12.75,-0.2,0.05852312094003527,False
12.875,-0.2,0.02055681926154258,False
13.0,-0.2,-0.005338188926435901,False
13.125,-0.2,-0.013523615234034635,False
13.25,-0.2,-0.006360429787108882,False
13.375,-0.2,0.008020840721780994,False
13.5,-0.2,0.02016012580402958,False
13.625,-0.2,0.023710595314111557,False
13.75,-0.2,0.017878457240670286,False
13.875,-0.2,0.0069462429151280845,False
14.0,-0.2,-0.0026064191374087693,False
14.125,-0.2,-0.005780507643411027,False
14.25,-0.2,-0.0016580547844260453,False
14.375,-0.2,0.006322150980408012,False
14.5,-0.2,0.012467870561541741,False
14.625,-0.2,0.012192313568868879,False
14.75,-0.2,0.004894799474146328,False
14.875,-0.2,-0.005141014220358906,False
15.0,-0.2,-0.010386956302448104,False
15.125,-0.2,-0.003585025880978662,False
15.25,-0.2,0.018450296390027255,False
15.375,-0.2,0.052534332170888,False
15.5,-0.2,0.08950089663712706,False
15.625,-0.2,0.11730189458766592,False
15.75,-0.2,0.1256466760218002,False
15.875,-0.2,0.1102980127154475,False
16.0,-0.2,0.07522191739920654,False
16.125,-0.2,0.03162803121527467,False
16.25,-0.2,-0.0058178318489213975,False
16.375,-0.2,-0.024194712602585617,False
16.5,-0.2,-0.016966985160770873,False
16.625,-0.2,0.01368200266989282,False
16.75,-0.2,0.05766434086852065,False
16.875,-0.2,0.10058677598203139,False
17.0,-0.2,0.12874854731832705,False
17.125,-0.2,0.1336965661281627,False
17.25,-0.2,0.11475309384413027,False
17.375,-0.2,0.07875833076275697,False
17.5,-0.2,0.03731783274885114,False
17.625,-0.2,0.0027041588503921923,False
17.75,-0.2,-0.016069440115904172,False
17.875,-0.2,-0.01569826010331357,False
18.0,-0.2,0.0010901729439277384,False
18.125,-0.2,0.027175425955619746,False
18.25,-0.2,0.05383262474195449,False
18.375,-0.2,0.07358100257706264,False
18.5,-0.2,0.08215251924292351,False
18.625,-0.2,0.0790972267189554,False
18.75,-0.2,0.06709214736986581,False
18.875,-0.2,0.05044805165486042,False
19.0,-0.2,0.03347914396440052,False
19.125,-0.2,0.019299842028959617,False
19.25,-0.2,0.00933165612313294,False
19.375,-0.2,0.0034842580465764285,False
19.5,-0.2,0.0007468256087200991,False
19.625,-0.2,-0.00014514600563373032,False
19.75,-0.2,-0.00022676010270990666,False
19.875,-0.2,-0.00010885823084673196,False
20.0,-0.2,-2.636778866044856e-05,True
20.125,-0.2,-2.168323752145569e-06,True
20.25,-0.2,-4.5063325737479955e-08,True
20.375,-0.2,-1.322230314349423e-07,True
20.5,-0.2,-1.872716120658815e-06,True
20.625,-0.2,-1.7675389689513695e-06,False
20.75,-0.2,1.0039683014714827e-05,False
20.875,-0.2,2.6255533013386207e-05,False
21.0,-0.2,2.4857807029588003e-06,False
21.125,-0.2,-0.00011598263773374066,False
21.25,-0.2,-0.000301331703791425,False
21.375,-0.2,-0.0003128493365102871,False
21.5,-0.2,0.00039875402279829827,False
21.625,-0.2,0.0026692771458932925,False
21.75,-0.2,0.007433098278441674,False
21.875,-0.2,0.015391884730046487,False
22.0,-0.2,0.026638889684238727,False
22.125,-0.2,0.04038396604163093,False
22.25,-0.2,0.05491465244389754,False
22.375,-0.2,0.06786006153638648,False
22.5,-0.2,0.07671923548944337,False
22.625,-0.2,0.07951338586910857,False
22.75,-0.2,0.07536236893710326,False
22.875,-0.2,0.06479499060414601,False
23.0,-0.2,0.049679955738895984,False
23.125,-0.2,0.032783590071449736,False
23.25,-0.2,0.017080255793587042,False
23.375,-0.2,0.005019934152172823,False
23.5,-0.2,-0.0020318184535301213,False
23.625,-0.2,-0.004025697603515687,False
23.75,-0.2,-0.002083883514504262,False
23.875,-0.2,0.0019516775318784612,False
24.0,-0.2,0.006119060589524835,False
24.125,-0.2,0.008892412413119718,False
24.25,-0.2,0.00953292542667388,False
24.375,-0.2,0.008152807963551386,False
24.5,-0.2,0.005509056012654401,False
24.625,-0.2,0.0026280821952855533,False
24.75,-0.2,0.00040562160120507867,False
24.875,-0.2,-0.0006819803507214755,False
25.0,-0.2,-0.0006717804292929155,False
25.125,-0.2,-6.059386081242867e-06,False
25.25,-0.2,0.0007141454946640392,False
25.375,-0.2,0.0010068677136186987,False
25.5,-0.2,0.0007094626740043701,False
25.625,-0.2,2.925310282295932e-05,False
25.75,-0.2,-0.0005669063378879037,False
25.875,-0.2,-0.0005739736755667134,False
26.0,-0.2,0.0003100696182566919,False
26.125,-0.2,0.0020204825407084646,False
26.25,-0.2,0.004107233566980849,False
26.375,-0.2,0.005875095401127271,False
26.5,-0.2,0.006636394058503562,False
26.625,-0.2,0.005987113390424124,False
26.75,-0.2,0.004005183606763808,False
26.875,-0.2,0.0012937480490353929,False
27.0,-0.2,-0.001156078853510499,False
27.125,-0.2,-0.0022467199594955883,False
27.25,-0.2,-0.0011131976595396909,False
27.375,-0.2,0.0025887257241706384,False
27.5,-0.2,0.008539277799310917,False
27.625,-0.2,0.01580430646365976,False
27.75,-0.2,0.023064179475567582,False
27.875,-0.2,0.028951813488647577,False
28.0,-0.2,0.03239716094125662,False
28.125,-0.2,0.03287714780885057,False
28.25,-0.2,0.030504137278612495,False
28.375,-0.2,0.025939662214158818,False
28.5,-0.2,0.020174431267358277,False
28.625,-0.2,0.014252295793861062,False
28.75,-0.2,0.00902404586932766,False
28.875,-0.2,0.004996419638179786,False
29.0,-0.2,0.002302507140340635,False
29.125,-0.2,0.0007774745156649407,False
29.25,-0.2,9.334145935465678e-05,False
29.375,-0.2,-0.00010264158003752541,False
29.5,-0.2,-8.965855793107711e-05,False
29.625,-0.2,-3.384379075885305e-05,False
29.75,-0.2,-4.447191332316686e-07,False
29.875,-0.2,6.341052618528959e-06,False
30.0,-0.2,2.5055236521378472e-06,False
30.125,-0.2,-3.631116484334392e-07,False
30.25,-0.2,-4.452513374017545e-07,False
30.375,-0.2,-3.727796730732043e-08,False
30.5,-0.2,-8.468658397242391e-09,False
30.625,-0.2,-2.9063743705210887e-07,False
30.75,-0.2,-3.7680065812696252e-06,False
30.875,-0.2,-1.5419034483623696e-05,False
31.0,-0.2,-3.0324532655777714e-05,False
31.125,-0.2,-1.2730237042210074e-05,False
31.25,-0.2,0.00012138144960466049,False
31.375,-0.2,0.0005008528685990033,False
31.5,-0.2,0.001263108344038077,False
31.625,-0.2,0.0024885222958160123,False
31.75,-0.2,0.0041277069381000986,False
31.875,-0.2,0.0059566326146674,False
32.0,-0.2,0.007592296188684056,False
32.125,-0.2,0.008582187102446646,False
32.25,-0.2,0.00854992469198504,False
32.375,-0.2,0.007349736813949377,False
32.5,-0.2,0.005168102568095675,False
32.625,-0.2,0.0025211320953827405,False
32.75,-0.2,0.00013042213648323709,False
32.875,-0.2,-0.0012933096456485141,False
33.0,-0.2,-0.0012889311764911282,False
33.125,-0.2,0.00018072846036184067,False
33.25,-0.2,0.002689147739372067,False
33.375,-0.2,0.0054656556337986705,False
33.5,-0.2,0.0076402219185962,False
33.625,-0.2,0.008530600709527068,False
33.75,-0.2,0.007869833251010672,False
33.875,-0.2,0.0058915331097190255,False
34.0,-0.2,0.003241799576922229,False
34.125,-0.2,0.000750504225491168,False
34.25,-0.2,-0.0008537464805117236,False
34.375,-0.2,-0.0011815091842394836,False
34.5,-0.2,-0.00029016485761060046,False
34.625,-0.2,0.0013705011844577734,False
34.75,-0.2,0.0031452392275899905,False
34.875,-0.2,0.004415894858869142,False
35.0,-0.2,0.004807232885305815,False
35.125,-0.2,0.004284499944326342,False
35.25,-0.2,0.003118027801143025,False
35.375,-0.2,0.0017428598130025195,False
35.5,-0.2,0.0005786271421888169,False
35.625,-0.2,-0.0001169380241064592,False
35.75,-0.2,-0.0003092305040763191,False
35.875,-0.2,-0.00015132345606901047,False
36.0,-0.2,0.00011912506945863223,False
36.125,-0.2,0.000297668072843383,False
36.25,-0.2,0.0002936437172072118,False
36.375,-0.2,0.0001446087408629689,False
36.5,-0.2,-3.142102646745839e-05,False
36.625,-0.2,-0.00011458378329134269,False
36.75,-0.2,-5.097371832857246e-05,False
36.875,-0.2,0.00012226778392893198,False
37.0,-0.2,0.0003028493808974507,False
37.125,-0.2,0.0003830280281602514,False
37.25,-0.2,0.00031056942687109014,False
37.375,-0.2,0.00011966479996601735,False
37.5,-0.2,-8.330197458578825e-05,False
37.625,-0.2,-0.00017154591474344858,False
37.75,-0.2,-6.14762152045189e-05,False
37.875,-0.2,0.00024292673834578598,False
38.0,-0.2,0.0006463732583183585,False
38.125,-0.2,0.0010011409367679113,False
38.25,-0.2,0.001170637854205498,False
38.375,-0.2,0.0010885933200531937,False
38.5,-0.2,0.0007873030340056861,False
38.625,-0.2,0.0003828785829906938,False
38.75,-0.2,2.4995632957042153e-05,False
38.875,-0.2,-0.00016582742807158803,False
39.0,-0.2,-0.00014571281387127662,False
39.125,-0.2,4.0185509660851454e-05,False
39.25,-0.2,0.00028390027547697913,False
39.375,-0.2,0.00046585529831319223,False
39.5,-0.2,0.0005071750910351289,False
39.625,-0.2,0.0004000885619266211,False
39.75,-0.2,0.00020447009093850675,False
39.875,-0.2,1.4350742134067724e-05,False
40.0,-0.2,-8.853697628314429e-05,False
40.125,-0.2,-7.222831282664992e-05,False
40.25,-0.2,3.372524046497889e-05,False
40.375,-0.2,0.0001564718505818913,False
40.5,-0.2,0.00021845244466988794,False
40.625,-0.2,0.0001778475157184817,False
40.75,-0.2,5.20672069531794e-05,False
40.875,-0.2,-8.641820988874816e-05,False
41.0,-0.2,-0.00014004730993793152,False
41.125,-0.2,-2.8752127741253744e-05,False
41.25,-0.2,0.0002732443547098076,False
41.375,-0.2,0.000721966850096528,False
41.5,-0.2,0.0012157940257245083,False
41.625,-0.2,0.0016298557160922547,False
41.75,-0.2,0.0018586834037739852,False
41.875,-0.2,0.001850520627049143,False
42.0,-0.2,0.0016209740424247125,False
42.125,-0.2,0.0012425357796293566,False
42.25,-0.2,0.0008159795840862858,False
42.375,-0.2,0.00043586771619282336,False
42.5,-0.2,0.00016323070280794785,False
42.625,-0.2,1.414697529032613e-05,False
42.75,-0.2,-3.42284746399401e-05,False
42.875,-0.2,-2.5453172130149488e-05,False
43.0,-0.2,-2.4547057954257513e-06,False
43.125,-0.2,8.238173797445863e-06,False
43.25,-0.2,1.7292923739451019e-06,False
43.375,-0.2,-1.0388479853941727e-05,False
43.5,-0.2,-1.1200500366318736e-05,False
43.625,-0.2,1.0382455205665554e-05,False
43.75,-0.2,5.34230927081825e-05,False
43.875,-0.2,0.00010562169908384531,False
44.0,-0.2,0.00014944244032250227,False
44.125,-0.2,0.00017012557851920504,False
44.25,-0.2,0.00016173203647510437,False
44.375,-0.2,0.000128804746211729,False
44.5,-0.2,8.349503635745615e-05,False
44.625,-0.2,3.9985261520969876e-05,False
44.75,-0.2,8.928105146372244e-06,False
44.875,-0.2,-5.794748584858987e-06,False
45.0,-0.2,-7.0315784078375e-06,False
45.125,-0.2,-1.6135475818893994e-06,False
45.25,-0.2,3.4763558949814945e-06,False
45.375,-0.2,4.212605009298354e-06,False
45.5,-0.2,7.241526617796825e-07,False
45.625,-0.2,-3.593456813718169e-06,False
45.75,-0.2,-4.305801485318752e-06,False
45.875,-0.2,1.681553727299103e-06,False
46.0,-0.2,1.4644975157637712e-05,False
46.125,-0.2,3.1960662340792136e-05,False
46.25,-0.2,4.924736637874744e-05,False
46.375,-0.2,6.208669252264105e-05,False
46.5,-0.2,6.755120226798761e-05,False
46.625,-0.2,6.498450990011397e-05,False
46.75,-0.2,5.587350762109148e-05,False
46.875,-0.2,4.303191075178489e-05,False
47.0,-0.2,2.9526649188051764e-05,False
47.125,-0.2,1.7776023650054795e-05,False
47.25,-0.2,9.082048908680519e-06,False
47.375,-0.2,3.635014299765416e-06,False
47.5,-0.2,8.493577485008888e-07,False
47.625,-0.2,-1.8544338676445105e-07,False
47.75,-0.2,-3.269094481652094e-07,False
47.875,-0.2,-1.7251916066903766e-07,False
48.0,-0.2,-2.4891303433934878e-08,False
48.125,-0.2,3.234369967313399e-08,False
48.25,-0.2,2.505483233730116e-08,False
48.375,-0.2,1.7533483295447766e-09,False
48.5,-0.2,-9.089845016197903e-09,False
48.625,-0.2,-4.4260077867748794e-09,False
48.75,-0.2,5.948351234644037e-09,False
48.875,-0.2,1.268897671080759e-08,False
49.0,-0.2,1.2814377462076536e-08,False
49.125,-0.2,8.611518126503246e-09,False
49.25,-0.2,3.799724350062105e-09,False
49.375,-0.2,6.840123360322442e-10,False
49.5,-0.2,-4.4456921008254693e-10,False
49.625,-0.2,-4.170181877332007e-10,False
49.75,-0.2,-1.0939013590646633e-10,False
49.875,-0.2,6.137335959978282e-11,False
50.0,-0.2,7.222005626541234e-11,False
50.125,-0.2,3.015348057918555e-11,False
50.25,-0.2,2.68681782779705e-12,False
50.375,-0.2,-3.4789726607877555e-12,False
50.5,-0.2,-1.9594316782221254e-12,False
50.625,-0.2,-4.4767029680586077e-13,False
50.75,-0.2,1.7182328998418277e-13,False
50.875,-0.2,3.4366605525620564e-13,False
51.0,-0.2,-5.959728483765717e-13,False
51.125,-0.2,-3.877670594655608e-12,False
51.25,-0.2,-4.995849008905069e-12,False
51.375,-0.2,1.3191020914759946e-11,False
51.5,-0.2,6.121445334537922e-11,False
51.625,-0.2,8.330593911717483e-11,False
51.75,-0.2,-7.282619714444027e-11,False
51.875,-0.2,-5.009349716286346e-10,False
52.0,-0.2,-8.254703584138213e-10,False
52.125,-0.2,1.8591211532850428e-10,False
52.25,-0.2,4.318443572616384e-09,False
52.375,-0.2,1.236270316747401e-08,False
52.5,-0.2,2.182794775980969e-08,False
52.625,-0.2,2.6056661271614244e-08,False
52.75,-0.2,1.7591664220844027e-08,False
52.875,-0.2,-3.535626720231689e-09,False
53.0,-0.2,-2.1615717964204698e-08,False
53.125,-0.2,-8.586489607750069e-09,False
53.25,-0.2,4.93221157625864e-08,False
53.375,-0.2,1.0339711776804262e-07,False
53.5,-0.2,5.2968525019504046e-09,False
53.625,-0.2,-4.464976014542206e-07,False
53.75,-0.2,-1.2773590849153352e-06,False
53.875,-0.2,-1.8428491732667888e-06,False
54.0,-0.2,-7.68937117970739e-08,False
54.125,-0.2,8.355193538397884e-06,False
54.25,-0.2,3.065186280837908e-05,False
54.375,-0.2,7.674308573793928e-05,False
54.5,-0.2,0.00015798073916336788,False
54.625,-0.2,0.0002844521741009571,False
54.75,-0.2,0.00046118685426152164,False
54.875,-0.2,0.0006841014129964289,False
55.0,-0.2,0.0009370028084823661,False
55.125,-0.2,0.0011911021676320104,False
55.25,-0.2,0.001408107581481382,False
55.375,-0.2,0.0015470491569098857,False
55.5,-0.2,0.001573746208509375,False
55.625,-0.2,0.00147064472435944,False
55.75,-0.2,0.0012440956260366138,False
55.875,-0.2,0.0009263729226880124,False
56.0,-0.2,0.0005709403004609226,False
56.125,-0.2,0.00024140353998299382,False
56.25,-0.2,-3.342208499448673e-06,False
56.375,-0.2,-0.00012376380441585181,False
56.5,-0.2,-0.00010981108396740137,False
56.625,-0.2,1.672942650539602e-05,False
56.75,-0.2,0.00020863033926185997,False
56.875,-0.2,0.0004066320880603493,False
57.0,-0.2,0.0005558630889903166,False
57.125,-0.2,0.000620270599855764,False
57.25,-0.2,0.0005907205118100541,False
57.375,-0.2,0.00048454911692362006,False
57.5,-0.2,0.000337210986259267,False
57.625,-0.2,0.00018925500106857203,False
57.75,-0.2,7.325829389185582e-05,False
57.875,-0.2,5.076110030593357e-06,False
58.0,-0.2,-1.803512511107181e-05,False
58.125,-0.2,-1.2489120411098778e-05,False
58.25,-0.2,8.439243821738639e-07,False
58.375,-0.2,6.236888749286858e-06,False
58.5,-0.2,-6.449908457302736e-07,False
58.625,-0.2,-1.2014770072017411e-05,False
58.75,-0.2,-1.2622884343742252e-05,False
58.875,-0.2,1.2439756589629113e-05,False
59.0,-0.2,7.01567568731828e-05,False
59.125,-0.2,0.00015532271690370136,False
59.25,-0.2,0.00025124462917522556,False
59.375,-0.2,0.0003350258021408099,False
59.5,-0.2,0.000385280558793753,False
59.625,-0.2,0.00038928978373030225,False
59.75,-0.2,0.0003469699154972983,False
59.875,-0.2,0.00027037366604649055,False
60.0,-0.2,0.000179182255142713,False
10.0,-0.1875,0.019918792410056563,False
10.125,-0.1875,0.059946424145778034,False
10.25,-0.1875,0.06802408569142143,False
10.375,-0.1875,0.04559585986988966,False
10.5,-0.1875,0.01012794672735492,False
10.625,-0.1875,-0.01624335458225773,False
10.75,-0.1875,-0.018225733080395923,False
10.875,-0.1875,0.005838396955473224,False
11.0,-0.1875,0.044266451742481325,False
11.125,-0.1875,0.07851513786750772,False
11.25,-0.1875,0.09236718464930126,False
11.375,-0.1875,0.07948129516112505,False
11.5,-0.1875,0.04603270469287737,False
11.625,-0.1875,0.007571281488721802,False
11.75,-0.1875,-0.018177327616313754,False
11.875,-0.1875,-0.019176529492971415,False
12.0,-0.1875,0.005861859027273302,False
12.125,-0.1875,0.04726528035858549,False
12.25,-0.1875,0.08885649039870847,False
12.375,-0.1875,0.11490136887441194,False
12.5,-0.1875,0.11644471545942243,False
12.625,-0.1875,0.09440262003354603,False
12.75,-0.1875,0.058352251210948294,False
12.875,-0.1875,0.021875430041700367,False
13.0,-0.1875,-0.003283419491013507,False
13.125,-0.1875,-0.011664914395683188,False
13.25,-0.1875,-0.005393456977288614,False
13.375,-0.1875,0.007902754573057304,False
13.5,-0.1875,0.01927923676703942,False
13.625,-0.1875,0.02268428161489402,False
13.75,-0.1875,0.017287928801650462,False
13.875,-0.1875,0.007058299105600769,False
14.0,-0.1875,-0.0019374581764737102,False
14.125,-0.1875,-0.004996706340224285,False
14.25,-0.1875,-0.0012373793830113703,False
14.375,-0.1875,0.0061348578809625525,False
14.5,-0.1875,0.01180317539116299,False
14.625,-0.1875,0.011500953466841423,False
14.75,-0.1875,0.004720728287127688,False
14.875,-0.1875,-0.0044503247207222105,False
15.0,-0.1875,-0.008892437841666873,False
15.125,-0.1875,-0.0017835594584518291,False
15.25,-0.1875,0.01980592142021452,False
15.375,-0.1875,0.052751385475228195,False
15.5,-0.1875,0.0882631398876626,False
15.625,-0.1875,0.11484653023474597,False
15.75,-0.1875,0.12271855107472272,False
15.875,-0.1875,0.10789095800803217,False
16.0,-0.1875,0.07420667225361667,False
16.125,-0.1875,0.03241438966637276,False
16.25,-0.1875,-0.0034498295630037267,False
16.375,-0.1875,-0.021027244520497878,False
16.5,-0.1875,-0.014066803554773733,False
16.625,-0.1875,0.015343959696674948,False
16.75,-0.1875,0.05755195568609872,False
16.875,-0.1875,0.09877263777258855,False
17.0,-0.1875,0.12586592713886882,False
17.125,-0.1875,0.13069777458640677,False
17.25,-0.1875,0.1125719139842375,False
17.375,-0.1875,0.07800246894443233,False
17.5,-0.1875,0.03809676682326553,False
17.625,-0.1875,0.004640131929553924,False
17.75,-0.1875,-0.013669297867862844,False
17.875,-0.1875,-0.013585375220877402,False
18.0,-0.1875,0.00234926587096344,False
18.125,-0.1875,0.027348744448152378,False
18.25,-0.1875,0.05304166478067072,False
18.375,-0.1875,0.07220294112108258,False
18.5,-0.1875,0.08065807140737008,False
18.625,-0.1875,0.0778900180339938,False
18.75,-0.1875,0.06640298303874237,False
18.875,-0.1875,0.05030797288923308,False
19.0,-0.1875,0.033762631432450514,False
19.125,-0.1875,0.019806709470469638,False
19.25,-0.1875,0.009869793875488492,False
19.375,-0.1875,0.003924502845830291,False
19.5,-0.1875,0.001038999910028332,False
19.625,-0.1875,1.1528466935074064e-05,False
19.75,-0.1875,-0.0001619005772450334,False
19.875,-0.1875,-9.047856966484706e-05,False
20.0,-0.1875,-2.4006453506995253e-05,True
20.125,-0.1875,-2.426868393447694e-06,True
20.25,-0.1875,-9.036901663049153e-08,True
20.375,-0.1875,-1.7063894279349604e-07,True
20.5,-0.1875,-1.5839952652954289e-06,True
20.625,-0.1875,-9.625026120144875e-07,False
20.75,-0.1875,9.859106580702099e-06,False
20.875,-0.1875,2.3188945949754795e-05,False
21.0,-0.1875,-5.075577239425199e-07,False
21.125,-0.1875,-0.00010456522875039516,False
21.25,-0.1875,-0.00024716588418616334,False
21.375,-0.1875,-0.00017936508725258538,False
21.5,-0.1875,0.0006414991342069845,False
21.625,-0.1875,0.0030251086673318676,False
21.75,-0.1875,0.007863966438257345,False
21.875,-0.1875,0.015814607529884395,False
22.0,-0.1875,0.026939408984501527,False
22.125,-0.1875,0.04044744746428428,False
22.25,-0.1875,0.054662841188605996,False
22.375,-0.1875,0.06728311871956377,False
22.5,-0.1875,0.07588979389966678,False
22.625,-0.1875,0.07857589045817631,False
22.75,-0.1875,0.07449907622557389,False
22.875,-0.1875,0.06417824025306389,False
23.0,-0.1875,0.04942542315251956,False
23.125,-0.1875,0.03291927395677968,False
23.25,-0.1875,0.0175409160658955,False
23.375,-0.1875,0.005668387019875938,False
23.5,-0.1875,-0.0013637776606856356,False
23.625,-0.1875,-0.0034899696474262262,False
23.75,-0.1875,-0.0017769866390329686,False
23.875,-0.1875,0.002008213452314328,False
24.0,-0.1875,0.005974468559629033,False
24.125,-0.1875,0.00864210412573465,False
24.25,-0.1875,0.009283165486211484,False
24.375,-0.1875,0.007986815452025972,False
24.5,-0.1875,0.005465089364867329,False
24.625,-0.1875,0.002695140937022059,False
24.75,-0.1875,0.0005360562944846157,False
24.875,-0.1875,-0.0005492042668717332,False
25.0,-0.1875,-0.0005863860372266211,False
25.125,-0.1875,1.0851735703547272e-05,False
25.25,-0.1875,0.0006745759147854292,False
25.375,-0.1875,0.0009471332827154305,False
25.5,-0.1875,0.000672479517441622,False
25.625,-0.1875,4.5218637861915224e-05,False
25.75,-0.1875,-0.0004939137160293891,False
25.875,-0.1875,-0.0004684401747991235,False
26.0,-0.1875,0.00040442962211968366,False
26.125,-0.1875,0.002058273053139401,False
26.25,-0.1875,0.004060521054137295,False
26.375,-0.1875,0.005746899890273497,False
26.5,-0.1875,0.006463238310426964,False
26.625,-0.1875,0.00582919856273645,False
26.75,-0.1875,0.003927159518299182,False
26.875,-0.1875,0.0013424529895018642,False
27.0,-0.1875,-0.0009693090040999618,False
27.125,-0.1875,-0.0019529651220912014,False
27.25,-0.1875,-0.0007794191450292383,False
27.375,-0.1875,0.0028778657531537757,False
27.5,-0.1875,0.008705568546851053,False
27.625,-0.1875,0.015798484646469647,False
27.75,-0.1875,0.02287975471098946,False
27.875,-0.1875,0.028626139096874215,False
28.0,-0.1875,0.031999867696355586,False
28.125,-0.1875,0.03249006572723539,False
28.25,-0.1875,0.03019929052982946,False
28.375,-0.1875,0.025762070953851027,False
28.5,-0.1875,0.02013437246390385,False
28.625,-0.1875,0.014328226062326976,False
28.75,-0.1875,0.009173868411822644,False
28.875,-0.1875,0.005172414430524332,False
29.0,-0.1875,0.002464751653082224,False
29.125,-0.1875,0.0009019270696826755,False
29.25,-0.1875,0.00017322958303340834,False
29.375,-0.1875,-6.094679066355745e-05,False
29.5,-0.1875,-7.345212443091135e-05,False
29.625,-0.1875,-3.047914594429143e-05,False
29.75,-0.1875,-1.1825906930764857e-06,False
29.875,-0.1875,5.55612500170816e-06,False
30.0,-0.1875,2.4465343510350307e-06,False
30.125,-0.1875,-1.7583384624123354e-07,False
30.25,-0.1875,-3.7392351416746486e-07,False
30.375,-0.1875,-4.4917951707114645e-08,False
30.5,-0.1875,-1.4493563096668138e-08,False
30.625,-0.1875,-3.308990669269332e-07,False
30.75,-0.1875,-3.429092322552236e-06,False
30.875,-0.1875,-1.2771004953528002e-05,False
31.0,-0.1875,-2.126715878521244e-05,False
31.125,-0.1875,8.209084083425825e-06,False
31.25,-0.1875,0.00015840151132774888,False
31.375,-0.1875,0.0005531404224202886,False
31.5,-0.1875,0.0013218193673730835,False
31.625,-0.1875,0.002536587670559241,False
31.75,-0.1875,0.004143740645354336,False
31.875,-0.1875,0.005922462661885252,False
32.0,-0.1875,0.00750166935848084,False
32.125,-0.1875,0.008446977153357807,False
32.25,-0.1875,0.008400449293900089,False
32.375,-0.1875,0.007227702099108699,False
32.5,-0.1875,0.0051136281876682154,False
32.625,-0.1875,0.002558084500238097,False
32.75,-0.1875,0.0002556396606960751,False
32.875,-0.1875,-0.0011121522445746493,False
33.0,-0.1875,-0.0011049875571116127,False
33.125,-0.1875,0.00031014313451458017,False
33.25,-0.1875,0.0027219612707984186,False
33.375,-0.1875,0.0053901153950182,False
33.5,-0.1875,0.00747982416366779,False
33.625,-0.1875,0.008336659695713077,False
33.75,-0.1875,0.007704095858230821,False
33.875,-0.1875,0.00580506079955797,False
34.0,-0.1875,0.003257813957882401,False
34.125,-0.1875,0.0008574056296909903,False
34.25,-0.1875,-0.0006968555503693369,False
34.375,-0.1875,-0.0010291959275247032,False
34.5,-0.1875,-0.00019104731188789243,False
34.625,-0.1875,0.00138999505480915,False
34.75,-0.1875,0.003087995073254496,False
34.875,-0.1875,0.004310147259533865,False
35.0,-0.1875,0.004693869595629498,False
35.125,-0.1875,0.004201138068955722,False
35.25,-0.1875,0.0030861454068824242,False
35.375,-0.1875,0.0017625193695540433,False
35.5,-0.1875,0.0006319286965028369,False
35.625,-0.1875,-5.608889716060469e-05,False
35.75,-0.1875,-0.0002637026635490938,False
35.875,-0.1875,-0.00013247922915270212,False
36.0,-0.1875,0.00011363958742456278,False
36.125,-0.1875,0.0002800176552130648,False
36.25,-0.1875,0.00027833941331481716,False
36.375,-0.1875,0.00014126388513314194,False
36.5,-0.1875,-2.188855405084753e-05,False
36.625,-0.1875,-9.900293485636883e-05,False
36.75,-0.1875,-3.924391062839623e-05,False
36.875,-0.1875,0.00012292557455166936,False
37.0,-0.1875,0.0002917908678102425,False
37.125,-0.1875,0.0003664273891320956,False
37.25,-0.1875,0.0002980860676567435,False
37.375,-0.1875,0.00011934626536265917,False
37.5,-0.1875,-6.929512102271543e-05,False
37.625,-0.1875,-0.0001482979963222027,False
37.75,-0.1875,-3.912560967661283e-05,False
37.875,-0.1875,0.00025384998536141703,False
38.0,-0.1875,0.0006398577954898897,False
38.125,-0.1875,0.0009785561203995254,False
38.25,-0.1875,0.0011402461483547613,False
38.375,-0.1875,0.0010619776673650577,False
38.5,-0.1875,0.0007743715871470911,False
38.625,-0.1875,0.0003877066043415265,False
38.75,-0.1875,4.4319368429136693e-05,False
38.875,-0.1875,-0.00014089602912545685,False
39.0,-0.1875,-0.0001256343189840902,False
39.125,-0.1875,4.788580754168179e-05,False
39.25,-0.1875,0.0002776009393138162,False
39.375,-0.1875,0.0004500529209705521,False
39.5,-0.1875,0.0004900121665109402,False
39.625,-0.1875,0.00038945177386637156,False
39.75,-0.1875,0.00020448319670291105,False
39.875,-0.1875,2.3810036481094774e-05,False
40.0,-0.1875,-7.519067106493991e-05,False
40.125,-0.1875,-6.197886698437696e-05,False
40.25,-0.1875,3.592572802836308e-05,False
40.375,-0.1875,0.00015007893638037262,False
40.5,-0.1875,0.00020757134475798327,False
40.625,-0.1875,0.00016928657260152099,False
40.75,-0.1875,5.212929422442388e-05,False
40.875,-0.1875,-7.494778787823364e-05,False
41.0,-0.1875,-0.00011938670517472711,False
41.125,-0.1875,-5.454575674050617e-06,False
41.25,-0.1875,0.0002907987515986508,False
41.375,-0.1875,0.0007268385410199643,False
41.5,-0.1875,0.0012051564574252942,False
41.625,-0.1875,0.0016060241957795366,False
41.75,-0.1875,0.001828171674088695,False
41.875,-0.1875,0.0018216031135696662,False
42.0,-0.1875,0.001600786017730053,False
42.125,-0.1875,0.0012348389088673315,False
42.25,-0.1875,0.0008203578442097008,False
42.375,-0.1875,0.00044848867738775714,False
42.5,-0.1875,0.00017869130569040574,False
42.625,-0.1875,2.7567961090846057e-05,False
42.75,-0.1875,-2.5676602049794837e-05,False
42.875,-0.1875,-2.207063651769769e-05,False
43.0,-0.1875,-2.5760392264203983e-06,False
43.125,-0.1875,7.050250118991458e-06,False
43.25,-0.1875,1.4535310463506309e-06,False
43.375,-0.1875,-8.993043778687049e-06,False
43.5,-0.1875,-8.662075756004611e-06,False
43.625,-0.1875,1.2770974707456143e-05,False
43.75,-0.1875,5.438225459386534e-05,False
43.875,-0.1875,0.00010453274351129331,False
44.0,-0.1875,0.0001465981579967633,False
44.125,-0.1875,0.00016653434564083925,False
44.25,-0.1875,0.00015862704384036786,False
44.375,-0.1875,0.0001271153014003369,False
44.5,-0.1875,8.351424095971342e-05,False
44.625,-0.1875,4.134804994984525e-05,False
44.75,-0.1875,1.0862842399570383e-05,False
44.875,-0.1875,-4.089284170962147e-06,False
45.0,-0.1875,-6.062137742872574e-06,False
45.125,-0.1875,-1.4484585152322346e-06,False
45.25,-0.1875,3.141143878436457e-06,False
45.375,-0.1875,3.841680090271559e-06,False
45.5,-0.1875,7.002439837615009e-07,False
45.625,-0.1875,-3.1338577356934933e-06,False
45.75,-0.1875,-3.5019243687591484e-06,False
45.875,-0.1875,2.5101673223933443e-06,False
46.0,-0.1875,1.5157849253700604e-05,False
46.125,-0.1875,3.19425932024292e-05,False
46.25,-0.1875,4.86833349358317e-05,False
46.375,-0.1875,6.114702945797636e-05,False
46.5,-0.1875,6.650831810615513e-05,False
46.625,-0.1875,6.410578715966484e-05,False
46.75,-0.1875,5.53354620839478e-05,False
46.875,-0.1875,4.2883036593151634e-05,False
47.0,-0.1875,2.9701670809591386e-05,False
47.125,-0.1875,1.814421392206008e-05,False
47.25,-0.1875,9.503859950116374e-06,False
47.375,-0.1875,4.005009247799478e-06,False
47.5,-0.1875,1.114677461837399e-06,False
47.625,-0.1875,-2.9643354413092605e-08,False
47.75,-0.1875,-2.5562596355441826e-07,False
47.875,-0.1875,-1.5142431358287163e-07,False
48.0,-0.1875,-2.5115214899801104e-08,False
48.125,-0.1875,2.80486932339113e-08,False
48.25,-0.1875,2.3214405098429945e-08,False
48.375,-0.1875,2.4927892548680996e-09,False
48.5,-0.1875,-7.688655508371572e-09,False
48.625,-0.1875,-3.744887620974368e-09,False
48.75,-0.1875,5.713197926674328e-09,False
48.875,-0.1875,1.2050714378358712e-08,False
49.0,-0.1875,1.231633721979773e-08,False
49.125,-0.1875,8.470748235398244e-09,False
49.25,-0.1875,3.92932160144678e-09,False
49.375,-0.1875,8.912547544528928e-10,False
49.5,-0.1875,-2.9425695524394565e-10,False
49.625,-0.1875,-3.54566950502067e-10,False
49.75,-0.1875,-1.025632684261442e-10,False
49.875,-0.1875,5.224475065053372e-11,False
50.0,-0.1875,6.680110364762694e-11,False
50.125,-0.1875,3.0221187237514974e-11,False
50.25,-0.1875,4.332092910126087e-12,False
50.375,-0.1875,-2.497460437380516e-12,False
50.5,-0.1875,-1.6887351102760025e-12,False
50.625,-0.1875,-4.2566897900244835e-13,False
50.75,-0.1875,1.4393559495683175e-13,False
50.875,-0.1875,2.8023174346365996e-13,False
51.0,-0.1875,-5.999184855825077e-13,False
51.125,-0.1875,-3.302494492958685e-12,False
51.25,-0.1875,-3.2474200538743043e-12,False
51.375,-0.1875,1.4675671942390125e-11,False
51.5,-0.1875,5.74260521705756e-11,False
51.625,-0.1875,7.185991892494805e-11,False
51.75,-0.1875,-7.368717460775905e-11,False
51.875,-0.1875,-4.3586799717263204e-10,False
52.0,-0.1875,-6.205234274225437e-10,False
52.125,-0.1875,5.437769301630666e-10,False
52.25,-0.1875,4.672358135647567e-09,False
52.375,-0.1875,1.236267759207978e-08,False
52.5,-0.1875,2.113248355372927e-08,False
52.625,-0.1875,2.4762807516462077e-08,False
52.75,-0.1875,1.6597803861851502e-08,False
52.875,-0.1875,-2.8021275310804092e-09,False
53.0,-0.1875,-1.854555200061159e-08,False
53.125,-0.1875,-5.367990703961347e-09,False
53.25,-0.1875,4.715088394494671e-08,False
53.375,-0.1875,9.154506872647676e-08,False
53.5,-0.1875,-5.464268431439919e-09,False
53.625,-0.1875,-4.0568459255948914e-07,False
53.75,-0.1875,-1.0636066349932795e-06,False
53.875,-0.1875,-1.238746248175873e-06,False
54.0,-0.1875,1.23053775337549e-06,False
54.125,-0.1875,1.0727615254942118e-05,False
54.25,-0.1875,3.439471149185055e-05,False
54.375,-0.1875,8.195145122077369e-05,False
54.5,-0.1875,0.00016437221437833808,False
54.625,-0.1875,0.0002912473264861916,False
54.75,-0.1875,0.0004671068472714775,False
54.875,-0.1875,0.0006875351870204883,False
55.0,-0.1875,0.000936350719470004,False
55.125,-0.1875,0.001185238502338909,False
55.25,-0.1875,0.001396841584100128,False
55.375,-0.1875,0.0015314291263736238,False
55.5,-0.1875,0.001556065367374038,False
55.625,-0.1875,0.0014540776314957281,False
55.75,-0.1875,0.001232005611783275,False
55.875,-0.1875,0.0009214505345835451,False
56.0,-0.1875,0.0005744167004298666,False
56.125,-0.1875,0.00025259408705203905,False
56.25,-0.1875,1.3014637838565718e-05,False
56.375,-0.1875,-0.00010605918435427366,False
56.5,-0.1875,-9.485870142505106e-05,False
56.625,-0.1875,2.5650279836893743e-05,False
56.75,-0.1875,0.00020993939577976998,False
56.875,-0.1875,0.0004008248354495906,False
57.0,-0.1875,0.000545265505385354,False
57.125,-0.1875,0.000608255119784727,False
57.25,-0.1875,0.0005806452727071767,False
57.375,-0.1875,0.00047877184160169655,False
57.5,-0.1875,0.00033649533349479685,False
57.625,-0.1875,0.00019274250996580088,False
57.75,-0.1875,7.897624419394188e-05,False
57.875,-0.1875,1.0765519345134426e-05,False
58.0,-0.1875,-1.4088503914985815e-05,False
58.125,-0.1875,-1.0919315009942771e-05,False
58.25,-0.1875,5.523487789142724e-07,False
58.375,-0.1875,5.366014846971487e-06,False
58.5,-0.1875,-6.973895120182844e-07,False
58.625,-0.1875,-1.0379873903951298e-05,False
58.75,-0.1875,-9.344389946517302e-06,False
58.875,-0.1875,1.6420981122356236e-05,False
59.0,-0.1875,7.339077375596035e-05,False
59.125,-0.1875,0.0001564404532779733,False
59.25,-0.1875,0.0002495085649837505,False
59.375,-0.1875,0.0003306280404505883,False
59.5,-0.1875,0.0003792840031146086,False
59.625,-0.1875,0.00038325111901884803,False
59.75,-0.1875,0.0003424020297999413,False
59.875,-0.1875,0.00026825536727283255,False
60.0,-0.1875,0.00017969004111529358,False
10.0,-0.175,0.019493944948090185,False
10.125,-0.175,0.05690926004804535,False
10.25,-0.175,0.06483496797018236,False
10.375,-0.175,0.04413683116013985,False
10.5,-0.175,0.011032843140816139,False
10.625,-0.175,-0.013644483862345472,False
10.75,-0.175,-0.015400853192610555,False
10.875,-0.175,0.007412093168809076,False
11.0,-0.175,0.04380619065820954,False
11.125,-0.175,0.07625468406240027,False
11.25,-0.175,0.08939128509896181,False
11.375,-0.175,0.07718557485190639,False
11.5,-0.175,0.04547539391962309,False
11.625,-0.175,0.009010195702405967,False
11.75,-0.175,-0.015370538222885905,False
11.875,-0.175,-0.01620994712348308,False
12.0,-0.175,0.007742648812209367,False
12.125,-0.175,0.047306763634087146,False
12.25,-0.175,0.0870872216075579,False
12.375,-0.175,0.11207361519049519,False
12.5,-0.175,0.11367613771696027,False
12.625,-0.175,0.09269186944138404,False
12.75,-0.175,0.05818392612136197,False
12.875,-0.175,0.02307518678495555,False
13.0,-0.175,-0.0014032162355510289,False
13.125,-0.175,-0.009957628376148817,False
13.25,-0.175,-0.00449783810625508,False
13.375,-0.175,0.007806532473768043,False
13.5,-0.175,0.018482793433887187,False
13.625,-0.175,0.02175029657505914,False
13.75,-0.175,0.016747590811439953,False
13.875,-0.175,0.0071567429474564005,False
14.0,-0.175,-0.0013313465448478515,False
14.125,-0.175,-0.004284805721450643,False
14.25,-0.175,-0.0008547546515469328,False
14.375,-0.175,0.005965543128326671,False
14.5,-0.175,0.011201578077786864,False
14.625,-0.175,0.01087853304359024,False
14.75,-0.175,0.004573333989097169,False
14.875,-0.175,-0.003807141628990379,False
15.0,-0.175,-0.007516878027131474,False
15.125,-0.175,-0.0001323032647042137,False
15.25,-0.175,0.02104290700198394,False
15.375,-0.175,0.05294032208601042,False
15.5,-0.175,0.08711614643995416,False
15.625,-0.175,0.11258340272133789,False
15.75,-0.175,0.12002436985985535,False
15.875,-0.175,0.10567860660263942,False
16.0,-0.175,0.07327543577420287,False
16.125,-0.175,0.033139991357028095,False
16.25,-0.175,-0.0012701002440715248,False
16.375,-0.175,-0.018112533622323033,False
16.5,-0.175,-0.011397811178982448,False
16.625,-0.175,0.01687430774719214,False
16.75,-0.175,0.057450037518214654,False
16.875,-0.175,0.09710421940468053,False
17.0,-0.175,0.12321250010628085,False
17.125,-0.175,0.12793491361562673,False
17.25,-0.175,0.11055918868628781,False
17.375,-0.175,0.07730051942444599,False
17.5,-0.175,0.03880844206095849,False
17.625,-0.175,0.006419801002452487,False
17.75,-0.175,-0.011458185150665072,False
17.875,-0.175,-0.01163469904997601,False
18.0,-0.175,0.003516370476891604,False
18.125,-0.175,0.027516194966344464,False
18.25,-0.175,0.0523187449964424,False
18.375,-0.175,0.07093516721771609,False
18.5,-0.175,0.07927848891002545,False
18.625,-0.175,0.0767713659966185,False
18.75,-0.175,0.06575988793387261,False
18.875,-0.175,0.05017137499459577,False
19.0,-0.175,0.03401879268184922,False
19.125,-0.175,0.020272114394816687,False
19.25,-0.175,0.010367246372232944,False
19.375,-0.175,0.00433394425921373,False
19.5,-0.175,0.001312793574668773,False
19.625,-0.175,0.00016002245656726978,False
19.75,-0.175,-9.917430458714036e-05,False
19.875,-0.175,-7.187452141939899e-05,False
20.0,-0.175,-2.115019395985227e-05,True
20.125,-0.175,-2.508781558740588e-06,True
20.25,-0.175,-1.2748107483220673e-07,True
20.375,-0.175,-1.913597613698262e-07,True
20.5,-0.175,-1.3082402123331923e-06,True
20.625,-0.175,-2.730949113551849e-07,False
20.75,-0.175,9.621244365298268e-06,False
20.875,-0.175,2.0481665173308994e-05,False
21.0,-0.175,-2.630158243495058e-06,False
21.125,-0.175,-9.25842943913704e-05,False
21.25,-0.175,-0.00019484347781841758,False
21.375,-0.175,-5.316769661766873e-05,False
21.5,-0.175,0.0008687030708850784,False
21.625,-0.175,0.0033561944018964808,False
21.75,-0.175,0.008263205367425813,False
21.875,-0.175,0.016204843671942713,False
22.0,-0.175,0.027215316498617664,False
22.125,-0.175,0.04050329768324149,False
22.25,-0.175,0.05442686919378833,False
22.375,-0.175,0.06674675098334562,False
22.5,-0.175,0.07512048446161212,False
22.625,-0.175,0.0777072130795373,False
22.75,-0.175,0.0736993546775943,False
22.875,-0.175,0.06360656728867825,False
23.0,-0.175,0.04918859915912373,False
23.125,-0.175,0.0330432368195446,False
23.25,-0.175,0.017965602344893066,False
23.375,-0.175,0.0062673253318061145,False
23.5,-0.175,-0.000745784616519612,False
23.625,-0.175,-0.0029932395119756823,False
23.75,-0.175,-0.0014909113739640673,False
23.875,-0.175,0.002063308618038349,False
24.0,-0.175,0.005843528165661568,False
24.125,-0.175,0.008412780083373069,False
24.25,-0.175,0.009053323100365265,False
24.375,-0.175,0.007833302543196674,False
24.5,-0.175,0.005423492759982416,False
24.625,-0.175,0.0027557353659433677,False
24.75,-0.175,0.0006553183477805165,False
24.875,-0.175,-0.0004272512020470673,False
25.0,-0.175,-0.0005074691983155738,False
25.125,-0.175,2.7199735773415713e-05,False
25.25,-0.175,0.0006391889857963164,False
25.375,-0.175,0.0008931845067738449,False
25.5,-0.175,0.0006392422578966524,False
25.625,-0.175,6.033522701179379e-05,False
25.75,-0.175,-0.0004267390357320652,False
25.875,-0.175,-0.00037169115386814463,False
26.0,-0.175,0.000490653588499975,False
26.125,-0.175,0.0020923716221666537,False
26.25,-0.175,0.004016973049838866,False
26.375,-0.175,0.005628644123214004,False
26.5,-0.175,0.006303993475561988,False
26.625,-0.175,0.005684407639678255,False
26.75,-0.175,0.0038562902213929305,False
26.875,-0.175,0.0013885188485713218,False
27.0,-0.175,-0.0007960162793659786,False
27.125,-0.175,-0.0016812218011255592,False
27.25,-0.175,-0.0004710385491287067,False
27.375,-0.175,0.003144783012361374,False
27.5,-0.175,0.00885888193443387,False
27.625,-0.175,0.01579273954571865,False
27.75,-0.175,0.022708929877747894,False
27.875,-0.175,0.028324653151062622,False
28.0,-0.175,0.03163194596455185,False
28.125,-0.175,0.03213125631701317,False
28.25,-0.175,0.02991618508364652,False
28.375,-0.175,0.025596428193131588,False
28.5,-0.175,0.02009593421643238,False
28.625,-0.175,0.014397347575566637,False
28.75,-0.175,0.009311846752477433,False
28.875,-0.175,0.0053352207060936825,False
29.0,-0.175,0.0026154113241122975,False
29.125,-0.175,0.0010180186834441625,False
29.25,-0.175,0.00024823543663836866,False
29.375,-0.175,-2.1373062378537814e-05,False
29.5,-0.175,-5.771570202378605e-05,False
29.625,-0.175,-2.6926970508889517e-05,False
29.75,-0.175,-1.678637241683209e-06,False
29.875,-0.175,4.865455558826063e-06,False
30.0,-0.175,2.374361093572897e-06,False
30.125,-0.175,-1.5963011420430847e-08,False
30.25,-0.175,-3.062156720873376e-07,False
30.375,-0.175,-4.848885714675067e-08,False
30.5,-0.175,-1.9600184447100696e-08,False
30.625,-0.175,-3.4551895429939793e-07,False
30.75,-0.175,-3.019945545414168e-06,False
30.875,-0.175,-1.0105808740193538e-05,False
31.0,-0.175,-1.2548754592485908e-05,False
31.125,-0.175,2.797959657373362e-05,False
31.25,-0.175,0.0001929842147994786,False
31.375,-0.175,0.0006016412881434554,False
31.5,-0.175,0.0013759604577722434,False
31.625,-0.175,0.002580581652570061,False
31.75,-0.175,0.004157923722914012,False
31.875,-0.175,0.005890228092553656,False
32.0,-0.175,0.007417444759644331,False
32.125,-0.175,0.008321879683214963,False
32.25,-0.175,0.008262516698375815,False
32.375,-0.175,0.007115359654302418,False
32.5,-0.175,0.005063742984525578,False
32.625,-0.175,0.002592497586415094,False
32.75,-0.175,0.0003713003071636633,False
32.875,-0.175,-0.0009451025790459217,False
33.0,-0.175,-0.0009355157522208084,False
33.125,-0.175,0.00042929962025935035,False
33.25,-0.175,0.0027521270913151265,False
33.375,-0.175,0.0053205182048266225,False
33.5,-0.175,0.0073321062948568765,False
33.625,-0.175,0.00815803604070481,False
33.75,-0.175,0.007551371993777859,False
33.875,-0.175,0.005725225835481323,False
34.0,-0.175,0.0032722739588941425,False
34.125,-0.175,0.000955558337480595,False
34.25,-0.175,-0.0005525619382132233,False
34.375,-0.175,-0.0008889193053883354,False
34.5,-0.175,-9.95319602898712e-05,False
34.625,-0.175,0.0014083514913116979,False
34.75,-0.175,0.0030357156011584763,False
34.875,-0.175,0.004213072358313156,False
35.0,-0.175,0.004589528782957628,False
35.125,-0.175,0.004124137487522954,False
35.25,-0.175,0.003056335359452429,False
35.375,-0.175,0.001780110711527597,False
35.5,-0.175,0.0006806152439330681,False
35.625,-0.175,-2.0252348075422335e-07,False
35.75,-0.175,-0.0002216341533213302,False
35.875,-0.175,-0.0001147549582497545,False
36.0,-0.175,0.00010904862904956342,False
36.125,-0.175,0.0002641567644489619,False
36.25,-0.175,0.0002644571200741058,False
36.375,-0.175,0.00013818086348162974,False
36.5,-0.175,-1.3272988640699889e-05,False
36.625,-0.175,-8.486849644867842e-05,False
36.75,-0.175,-2.859364601558385e-05,False
36.875,-0.175,0.00012351189596338807,False
37.0,-0.175,0.00028172203745432863,False
37.125,-0.175,0.0003513301933441023,False
37.25,-0.175,0.0002867681859693883,False
37.375,-0.175,0.00011914412889756405,False
37.5,-0.175,-5.6421385170776066e-05,False
37.625,-0.175,-0.00012700629788960427,False
37.75,-0.175,-1.8690663051870162e-05,False
37.875,-0.175,0.00026379835004151106,False
38.0,-0.175,0.0006338248947673503,False
38.125,-0.175,0.0009578011334207546,False
38.25,-0.175,0.0011123377312642236,False
38.375,-0.175,0.0010375265153856259,False
38.5,-0.175,0.0007624591366548628,False
38.625,-0.175,0.00039207698832882383,False
38.75,-0.175,6.199624816651282e-05,False
38.875,-0.175,-0.000118044981214328,False
39.0,-0.175,-0.00010719164248247775,False
39.125,-0.175,5.501445005641436e-05,False
39.25,-0.175,0.00027190894057746695,False
39.375,-0.175,0.0004356359325618821,False
39.5,-0.175,0.00047431187225161116,False
39.625,-0.175,0.00037968798168148634,False
39.75,-0.175,0.00020444277088232498,False
39.875,-0.175,3.241021915684138e-05,False
40.0,-0.175,-6.30188063136238e-05,False
40.125,-0.175,-5.261313394922092e-05,False
40.25,-0.175,3.7959764243980695e-05,False
40.375,-0.175,0.00014428302792695875,False
40.5,-0.175,0.0001976983498492282,False
40.625,-0.175,0.00016156112533862151,False
40.75,-0.175,5.231189253112538e-05,False
40.875,-0.175,-6.431857823452817e-05,False
41.0,-0.175,-0.00010035584750547674,False
41.125,-0.175,1.596064294233227e-05,False
41.25,-0.175,0.0003069064620510699,False
41.375,-0.175,0.0007312678106481136,False
41.5,-0.175,0.0011953098914682361,False
41.625,-0.175,0.0015840254071258872,False
41.75,-0.175,0.0018000041250811625,False
41.875,-0.175,0.0017948761517334404,False
42.0,-0.175,0.0015820730817304798,False
42.125,-0.175,0.0012276219560109472,False
42.25,-0.175,0.0008242814877459291,False
42.375,-0.175,0.0004600508512074957,False
42.5,-0.175,0.00019293230583309376,False
42.625,-0.175,3.9992784419442954e-05,False
42.75,-0.175,-1.7692527887709263e-05,False
42.875,-0.175,-1.883297584009807e-05,False
43.0,-0.175,-2.580329430073346e-06,False
43.125,-0.175,6.0284772453833564e-06,False
43.25,-0.175,1.2306783961392572e-06,False
43.375,-0.175,-7.71042164378444e-06,False
43.5,-0.175,-6.344930113311768e-06,False
43.625,-0.175,1.4948068597013134e-05,False
43.75,-0.175,5.525161736867259e-05,False
43.875,-0.175,0.00010352704182142478,False
44.0,-0.175,0.0001439826855202921,False
44.125,-0.175,0.00016323044567497272,False
44.25,-0.175,0.0001557645272151206,False
44.375,-0.175,0.00012554843483079606,False
44.5,-0.175,8.351606835292482e-05,False
44.625,-0.175,4.258826900162569e-05,False
44.75,-0.175,1.263654777757233e-05,False
44.875,-0.175,-2.516965321719172e-06,False
45.0,-0.175,-5.158660102508726e-06,False
45.125,-0.175,-1.2805965534084937e-06,False
45.25,-0.175,2.848354568932322e-06,False
45.375,-0.175,3.5119383485258783e-06,False
45.5,-0.175,6.841269270717834e-07,False
45.625,-0.175,-2.7100715061148423e-06,False
45.75,-0.175,-2.7642473618823423e-06,False
45.875,-0.175,3.2699670666252473e-06,False
46.0,-0.175,1.5627871544881557e-05,False
46.125,-0.175,3.1924943660540186e-05,False
46.25,-0.175,4.816334532201299e-05,False
46.375,-0.175,6.028031586130628e-05,False
46.5,-0.175,6.55448820806147e-05,False
46.625,-0.175,6.329185631368552e-05,False
46.75,-0.175,5.483444213546476e-05,False
46.875,-0.175,4.274089644135506e-05,False
47.0,-0.175,2.9859507524980155e-05,False
47.125,-0.175,1.8482296192358783e-05,False
47.25,-0.175,9.893605973615274e-06,False
47.375,-0.175,4.348650501815748e-06,False
47.5,-0.175,1.3625861423955574e-06,False
47.625,-0.175,1.1719449652443194e-07,False
47.75,-0.175,-1.87396204723919e-07,False
47.875,-0.175,-1.3036786775682223e-07,False
48.0,-0.175,-2.451754350259754e-08,False
48.125,-0.175,2.435125342523522e-08,False
48.25,-0.175,2.151544057004658e-08,False
48.375,-0.175,3.105651022593786e-09,False
48.5,-0.175,-6.438979035906722e-09,False
48.625,-0.175,-3.1180466159440558e-09,False
48.75,-0.175,5.514830416863323e-09,False
48.875,-0.175,1.147759290737102e-08,False
49.0,-0.175,1.1860496736896045e-08,False
49.125,-0.175,8.335646817835954e-09,False
49.25,-0.175,4.042161216502841e-09,False
49.375,-0.175,1.0790526657243404e-09,False
49.5,-0.175,-1.55197634269795e-10,False
49.625,-0.175,-2.9483376059830036e-10,False
49.75,-0.175,-9.443587829926133e-11,False
49.875,-0.175,4.4616733984526487e-11,False
50.0,-0.175,6.185303897164989e-11,False
50.125,-0.175,3.013070613767042e-11,False
50.25,-0.175,5.772541952180626e-12,False
50.375,-0.175,-1.5857609111392976e-12,False
50.5,-0.175,-1.4170672092827734e-12,False
50.625,-0.175,-3.9600628649669507e-13,False
50.75,-0.175,1.194812430210141e-13,False
50.875,-0.175,2.2610490983690429e-13,False
51.0,-0.175,-5.815544840218146e-13,False
51.125,-0.175,-2.7432695689602184e-12,False
51.25,-0.175,-1.6791988808369949e-12,False
51.375,-0.175,1.5859604375064823e-11,False
51.5,-0.175,5.3834193319094486e-11,False
51.625,-0.175,6.204533486769122e-11,False
51.75,-0.175,-7.20048332875167e-11,False
51.875,-0.175,-3.718469334013339e-10,False
52.0,-0.175,-4.285465091853151e-10,False
52.125,-0.175,8.712413929950822e-10,False
52.25,-0.175,4.9879219436438214e-09,False
52.375,-0.175,1.2348230654671642e-08,False
52.5,-0.175,2.048745248127682e-08,False
52.625,-0.175,2.359291712063262e-08,False
52.75,-0.175,1.5729579587513438e-08,False
52.875,-0.175,-2.093837260734427e-09,False
53.0,-0.175,-1.577452582339926e-08,False
53.125,-0.175,-2.592581471520674e-09,False
53.25,-0.175,4.497961180894144e-08,False
53.375,-0.175,8.106267793206973e-08,False
53.5,-0.175,-1.3048680819078442e-08,False
53.625,-0.175,-3.617393278049234e-07,False
53.75,-0.175,-8.534976519457032e-07,False
53.875,-0.175,-6.59190417858018e-07,False
54.0,-0.175,2.470094510264488e-06,False
54.125,-0.175,1.2960638974143273e-05,False
54.25,-0.175,3.7899876473321246e-05,False
54.375,-0.175,8.681013889289747e-05,False
54.5,-0.175,0.0001703149194479791,False
54.625,-0.175,0.0002975449883692357,False
54.75,-0.175,0.00047257096616407774,False
54.875,-0.175,0.0006906744710967915,False
55.0,-0.175,0.0009356898722974128,False
55.125,-0.175,0.0011797453827755325,False
55.25,-0.175,0.0013863514153012828,False
55.375,-0.175,0.0015169225842588713,False
55.5,-0.175,0.0015396708989562885,False
55.625,-0.175,0.0014387332425467335,False
55.75,-0.175,0.0012208183206199406,False
55.875,-0.175,0.0009169015219371223,False
56.0,-0.175,0.000577637047720234,False
56.125,-0.175,0.00026294589128997227,False
56.25,-0.175,2.8141562180780823e-05,False
56.375,-0.175,-8.968417219532449e-05,False
56.5,-0.175,-8.102087698450127e-05,False
56.625,-0.175,3.3923178008916195e-05,False
56.75,-0.175,0.00021118620239487092,False
56.875,-0.175,0.00039549793186401767,False
57.0,-0.175,0.0005355051711045557,False
57.125,-0.175,0.0005971679849208977,False
57.25,-0.175,0.0005713279512963527,False
57.375,-0.175,0.0004734028641396074,False
57.5,-0.175,0.00033578766710422786,False
57.625,-0.175,0.00019591598971031255,False
57.75,-0.175,8.422290701742531e-05,False
57.875,-0.175,1.6009818326379104e-05,False
58.0,-0.175,-1.0425849320555424e-05,False
58.125,-0.175,-9.428142427457647e-06,False
58.25,-0.175,3.3702668103291445e-07,False
58.375,-0.175,4.61418822256581e-06,False
58.5,-0.175,-7.072803305642552e-07,False
58.625,-0.175,-8.852457587667587e-06,False
58.75,-0.175,-6.319920025915224e-06,False
58.875,-0.175,2.007982981680546e-05,False
59.0,-0.175,7.63542621973575e-05,False
59.125,-0.175,0.00015745275759089205,False
59.25,-0.175,0.00024789327482852567,False
59.375,-0.175,0.00032656225675320883,False
59.5,-0.175,0.0003737450300143643,False
59.625,-0.175,0.0003776708763092047,False
59.75,-0.175,0.0003381735546352838,False
59.875,-0.175,0.0002662820843883717,False
60.0,-0.175,0.00018013838036466906,False
10.0,-0.16249999999999998,0.019181280446404644,False
10.125,-0.16249999999999998,0.05418546774932538,False
10.25,-0.16249999999999998,0.0619456512504524,False
10.375,-0.16249999999999998,0.04280575805368576,False
10.5,-0.16249999999999998,0.01184759091653799,False
10.625,-0.16249999999999998,-0.011286451288425032,False
10.75,-0.16249999999999998,-0.012833012588233444,False
10.875,-0.16249999999999998,0.008844166030246082,False
11.0,-0.16249999999999998,0.043387395676424925,False
11.125,-0.16249999999999998,0.07419577414939284,False
11.25,-0.16249999999999998,0.08667946379783682,False
11.375,-0.16249999999999998,0.07509286561114231,False
11.5,-0.16249999999999998,0.044967466967287324,False
11.625,-0.16249999999999998,0.010323410004326251,False
11.75,-0.16249999999999998,-0.012808311150729033,False
11.875,-0.16249999999999998,-0.013500601287198375,False
12.0,-0.16249999999999998,0.009461807459369115,False
12.125,-0.16249999999999998,0.047346479726242854,False
12.25,-0.16249999999999998,0.0854716722751893,False
12.375,-0.16249999999999998,0.10948809644712845,False
12.5,-0.16249999999999998,0.11114078088288534,False
12.625,-0.16249999999999998,0.09111973889073022,False
12.75,-0.16249999999999998,0.05802002263518787,False
12.875,-0.16249999999999998,0.024163278994547233,False
13.0,-0.16249999999999998,0.0003112950990745954,False
13.125,-0.16249999999999998,-0.0083951530194272,False
13.25,-0.16249999999999998,-0.003671762524038595,False
13.375,-0.16249999999999998,0.0077290755155401715,False
13.5,-0.16249999999999998,0.017764896106526106,False
13.625,-0.16249999999999998,0.020903099943269884,False
13.75,-0.16249999999999998,0.016254912300139254,False
13.875,-0.16249999999999998,0.007242982202481249,False
14.0,-0.16249999999999998,-0.0007838503276834572,False
14.125,-0.16249999999999998,-0.003640233368946709,False
14.25,-0.16249999999999998,-0.0005078367426716935,False
14.375,-0.16249999999999998,0.005812964739871805,False
14.5,-0.16249999999999998,0.01065877731423911,False
14.625,-0.16249999999999998,0.010319855389677102,False
14.75,-0.16249999999999998,0.004449286385275212,False
14.875,-0.16249999999999998,-0.0032109063405995576,False
15.0,-0.16249999999999998,-0.006255563072606796,False
15.125,-0.16249999999999998,0.0013759010355315748,False
15.25,-0.16249999999999998,0.022167850275322996,False
15.375,-0.16249999999999998,0.053104166210095824,False
15.5,-0.16249999999999998,0.08605768156544205,False
15.625,-0.16249999999999998,0.11050545036247966,False
15.75,-0.16249999999999998,0.11755469987260478,False
15.875,-0.16249999999999998,0.10365268987089359,False
16.0,-0.16249999999999998,0.07242431296446036,False
16.125,-0.16249999999999998,0.0338069184990716,False
16.25,-0.16249999999999998,0.0007287739653161936,False
16.375,-0.16249999999999998,-0.015440462987429168,False
16.5,-0.16249999999999998,-0.008950802955065475,False
16.625,-0.16249999999999998,0.01827812398125947,False
16.75,-0.16249999999999998,0.057357888770615664,False
16.875,-0.16249999999999998,0.0955755086016655,False
17.0,-0.16249999999999998,0.1207792356030866,False
17.125,-0.16249999999999998,0.12539913783160542,False
17.25,-0.16249999999999998,0.10870917266785425,False
17.375,-0.16249999999999998,0.0766514640676795,False
17.5,-0.16249999999999998,0.03945645589318575,False
17.625,-0.16249999999999998,0.008049740605915246,False
17.75,-0.16249999999999998,-0.009428985736440633,False
17.875,-0.16249999999999998,-0.009840879859273646,False
18.0,-0.16249999999999998,0.00459366135810247,False
18.125,-0.16249999999999998,0.027676603816473556,False
18.25,-0.16249999999999998,0.0516602778064718,False
18.375,-0.16249999999999998,0.06977322015270641,False
18.5,-0.16249999999999998,0.07800995949434313,False
18.625,-0.16249999999999998,0.07573910385766447,False
18.75,-0.16249999999999998,0.06516258900825676,False
18.875,-0.16249999999999998,0.05003946257316258,False
19.0,-0.16249999999999998,0.03424953004485511,False
19.125,-0.16249999999999998,0.020697872679126775,False
19.25,-0.16249999999999998,0.010825226277984473,False
19.375,-0.16249999999999998,0.004713044599875335,False
19.5,-0.16249999999999998,0.0015680769374667731,False
19.625,-0.16249999999999998,0.0002999166960452595,False
19.75,-0.16249999999999998,-3.90108012950429e-05,False
19.875,-0.16249999999999998,-5.333109934047956e-05,False
20.0,-0.16249999999999998,-1.7921409328555595e-05,True
20.125,-0.16249999999999998,-2.437606430778794e-06,True
20.25,-0.16249999999999998,-1.533101719188193e-07,True
20.375,-0.16249999999999998,-1.9797547553287608e-07,True
20.5,-0.16249999999999998,-1.0481491730755517e-06,True
20.625,-0.16249999999999998,3.15018590799319e-07,False
20.75,-0.16249999999999998,9.345858668258156e-06,False
20.875,-0.16249999999999998,1.8108673160324442e-05,False
21.0,-0.16249999999999998,-4.014797593815532e-06,False
21.125,-0.16249999999999998,-8.030668630345474e-05,False
21.25,-0.16249999999999998,-0.0001447118342493721,False
21.375,-0.16249999999999998,6.545556741303655e-05,False
21.5,-0.16249999999999998,0.0010803240272398659,False
21.625,-0.16249999999999998,0.003662888693550024,False
21.75,-0.16249999999999998,0.008631597956256155,False
21.875,-0.16249999999999998,0.016563670723749566,False
22.0,-0.16249999999999998,0.02746769984313416,False
22.125,-0.16249999999999998,0.04055226029967439,False
22.25,-0.16249999999999998,0.054206833766588136,False
22.375,-0.16249999999999998,0.06625027530284269,False
22.5,-0.16249999999999998,0.07440994398310186,False
22.625,-0.16249999999999998,0.07690563186586657,False
22.75,-0.16249999999999998,0.07296157550505306,False
22.875,-0.16249999999999998,0.06307887859677856,False
23.0,-0.16249999999999998,0.04896921990274958,False
23.125,-0.16249999999999998,0.03315609657982903,False
23.25,-0.16249999999999998,0.018355612510113885,False
23.375,-0.16249999999999998,0.006818339365160278,False
23.5,-0.16249999999999998,-0.0001764045811158588,False
23.625,-0.16249999999999998,-0.002534597538433601,False
23.75,-0.16249999999999998,-0.0012254580500559147,False
23.875,-0.16249999999999998,0.002116493535817331,False
24.0,-0.16249999999999998,0.005725334206108502,False
24.125,-0.16249999999999998,0.008203434194546357,False
24.25,-0.16249999999999998,0.008842612142287485,False
24.375,-0.16249999999999998,0.007691910044230128,False
24.5,-0.16249999999999998,0.005384373832728145,False
24.625,-0.16249999999999998,0.0028103196945502744,False
24.75,-0.16249999999999998,0.0007639876008435313,False
24.875,-0.16249999999999998,-0.00031564987056632474,False
25.0,-0.16249999999999998,-0.00043483103094425383,False
25.125,-0.16249999999999998,4.2869037335334544e-05,False
25.25,-0.16249999999999998,0.0006076385042442034,False
25.375,-0.16249999999999998,0.0008446129023471887,False
25.5,-0.16249999999999998,0.0006094635619768692,False
25.625,-0.16249999999999998,7.456384484441213e-05,False
25.75,-0.16249999999999998,-0.00036514985124089044,False
25.875,-0.16249999999999998,-0.00028331132927291217,False
26.0,-0.16249999999999998,0.0005691731133473963,False
26.125,-0.16249999999999998,0.002123044460643326,False
26.25,-0.16249999999999998,0.003976562276062154,False
26.375,-0.16249999999999998,0.005519982966272103,False
26.5,-0.16249999999999998,0.006158089528490628,False
26.625,-0.16249999999999998,0.00555212787478717,False
26.75,-0.16249999999999998,0.0037921312083209636,False
26.875,-0.16249999999999998,0.0014318370749602273,False
27.0,-0.16249999999999998,-0.0006359076433789806,False
27.125,-0.16249999999999998,-0.0014308571441805813,False
27.25,-0.16249999999999998,-0.00018725530561819557,False
27.375,-0.16249999999999998,0.0033902171189355407,False
27.5,-0.16249999999999998,0.008999683683128257,False
27.625,-0.16249999999999998,0.015787132206034053,False
27.75,-0.16249999999999998,0.022551351386207792,False
27.875,-0.16249999999999998,0.028046697118253833,False
28.0,-0.16249999999999998,0.03129262245948422,False
28.125,-0.16249999999999998,0.031800039792305085,False
28.25,-0.16249999999999998,0.02965439717908401,False
28.375,-0.16249999999999998,0.025442638986492263,False
28.5,-0.16249999999999998,0.020059322182119213,False
28.625,-0.16249999999999998,0.014460059488603856,False
28.75,-0.16249999999999998,0.009438432017277657,False
28.875,-0.16249999999999998,0.005485214665103587,False
29.0,-0.16249999999999998,0.0027547113687477346,False
29.125,-0.16249999999999998,0.0011258110768645282,False
29.25,-0.16249999999999998,0.00031829689775140726,False
29.375,-0.16249999999999998,1.5958473668373024e-05,False
29.5,-0.16249999999999998,-4.256888354679229e-05,False
29.625,-0.16249999999999998,-2.3269164512643587e-05,False
29.75,-0.16249999999999998,-1.9701743762970147e-06,False
29.875,-0.16249999999999998,4.262605818104271e-06,False
30.0,-0.16249999999999998,2.293975604397378e-06,False
30.125,-0.16249999999999998,1.1992675313958517e-07,False
30.25,-0.16249999999999998,-2.42682841508643e-07,False
30.375,-0.16249999999999998,-4.8856534470498733e-08,False
30.5,-0.16249999999999998,-2.32475808128179e-08,False
30.625,-0.16249999999999998,-3.3791998402489456e-07,False
30.75,-0.16249999999999998,-2.5582933174329524e-06,False
30.875,-0.16249999999999998,-7.462010998413279e-06,False
31.0,-0.16249999999999998,-4.221443767652276e-06,False
31.125,-0.16249999999999998,4.654062465217795e-05,False
31.25,-0.16249999999999998,0.00022513596656383427,False
31.375,-0.16249999999999998,0.0006464379926212434,False
31.5,-0.16249999999999998,0.001425692593611461,False
31.625,-0.16249999999999998,0.0026207069825535177,False
31.75,-0.16249999999999998,0.004170429357912997,False
31.875,-0.16249999999999998,0.005859989768824756,False
32.0,-0.16249999999999998,0.007339511584457956,False
32.125,-0.16249999999999998,0.008206608661386365,False
32.25,-0.16249999999999998,0.008135732135475065,False
32.375,-0.16249999999999998,0.007012328857455872,False
32.5,-0.16249999999999998,0.005018219717986157,False
32.625,-0.16249999999999998,0.002624400041976965,False
32.75,-0.16249999999999998,0.000477709373061789,False
32.875,-0.16249999999999998,-0.0007916574570004645,False
33.0,-0.16249999999999998,-0.0007799725996628537,False
33.125,-0.16249999999999998,0.0005385969632927602,False
33.25,-0.16249999999999998,0.0027797569677389376,False
33.375,-0.16249999999999998,0.005256641617801187,False
33.5,-0.16249999999999998,0.007196582027087086,False
33.625,-0.16249999999999998,0.007994144506468575,False
33.75,-0.16249999999999998,0.007411177812213178,False
33.875,-0.16249999999999998,0.005651808492560431,False
34.0,-0.16249999999999998,0.0032852901260607683,False
34.125,-0.16249999999999998,0.001045350614320896,False
34.25,-0.16249999999999998,-0.0004203480860342245,False
34.375,-0.16249999999999998,-0.0007602186750329545,False
34.5,-0.16249999999999998,-1.5369078842244902e-05,False
34.625,-0.16249999999999998,0.0014255419677603408,False
34.75,-0.16249999999999998,0.002988132009581729,False
34.875,-0.16249999999999998,0.004124281867508474,False
35.0,-0.16249999999999998,0.0044938539284229565,False
35.125,-0.16249999999999998,0.004053295465192863,False
35.25,-0.16249999999999998,0.003028598449560424,False
35.375,-0.16249999999999998,0.001795804933172799,False
35.5,-0.16249999999999998,0.0007249350776736213,False
35.625,-0.16249999999999998,5.093800358189844e-05,False
35.75,-0.16249999999999998,-0.00018291797180768662,False
35.875,-0.16249999999999998,-9.817419919838999e-05,False
36.0,-0.16249999999999998,0.00010523558618591498,False
36.125,-0.16249999999999998,0.00024994697698513106,False
36.25,-0.16249999999999998,0.0002519055487002385,False
36.375,-0.16249999999999998,0.00013535150799799474,False
36.5,-0.16249999999999998,-5.5086538885577025e-06,False
36.625,-0.16249999999999998,-7.208569608975601e-05,False
36.75,-0.16249999999999998,-1.8953926100047282e-05,False
36.875,-0.16249999999999998,0.00012403284256191406,False
37.0,-0.16249999999999998,0.00027258386258328303,False
37.125,-0.16249999999999998,0.00033764415982241166,False
37.25,-0.16249999999999998,0.00027653889763577306,False
37.375,-0.16249999999999998,0.00011903767463470477,False
37.5,-0.16249999999999998,-4.463238278096514e-05,False
37.625,-0.16249999999999998,-0.00010757423735403275,False
37.75,-0.16249999999999998,-7.104219032624468e-08,False
37.875,-0.16249999999999998,0.0002728291276013357,False
38.0,-0.16249999999999998,0.0006282615602169464,False
38.125,-0.16249999999999998,0.0009387973537616946,False
38.25,-0.16249999999999998,0.0010868023970973504,False
38.375,-0.16249999999999998,0.0010151456433011583,False
38.5,-0.16249999999999998,0.0007515270145624436,False
38.625,-0.16249999999999998,0.0003960209141147009,False
38.75,-0.16249999999999998,7.81109239382543e-05,False
38.875,-0.16249999999999998,-9.717476374479786e-05,False
39.0,-0.16249999999999998,-9.031330222378269e-05,False
39.125,-0.16249999999999998,6.158666582479019e-05,False
39.25,-0.16249999999999998,0.0002667812833799091,False
39.375,-0.16249999999999998,0.00042252671032370724,False
39.5,-0.16249999999999998,0.0004599991358676935,False
39.625,-0.16249999999999998,0.00037075804227107954,False
39.75,-0.16249999999999998,0.00020436044960760565,False
39.875,-0.16249999999999998,4.020439251045844e-05,False
40.0,-0.16249999999999998,-5.1954764822875365e-05,False
40.125,-0.16249999999999998,-4.4083910817224523e-05,False
40.25,-0.16249999999999998,3.9832525398129206e-05,False
40.375,-0.16249999999999998,0.00013904499566096414,False
40.5,-0.16249999999999998,0.00018876858047166042,False
40.625,-0.16249999999999998,0.00015461110048472105,False
40.75,-0.16249999999999998,5.2588401060265624e-05,False
40.875,-0.16249999999999998,-5.4509581454922706e-05,False
41.0,-0.16249999999999998,-8.289250998909397e-05,False
41.125,-0.16249999999999998,3.557311801714278e-05,False
41.25,-0.16249999999999998,0.00032163337532039384,False
41.375,-0.16249999999999998,0.0007352814660161766,False
41.5,-0.16249999999999998,0.0011862323132874493,False
41.625,-0.16249999999999998,0.0015637975206672016,False
41.75,-0.16249999999999998,0.0017741022983984954,False
41.875,-0.16249999999999998,0.001770272193159096,False
42.0,-0.16249999999999998,0.0015647997731483856,False
42.125,-0.16249999999999998,0.0012208891102739494,False
42.25,-0.16249999999999998,0.0008277870497665229,False
42.375,-0.16249999999999998,0.00047060554274802493,False
42.5,-0.16249999999999998,0.00020599988848490902,False
42.625,-0.16249999999999998,5.1448067106344196e-05,False
42.75,-0.16249999999999998,-1.027367017398315e-05,False
42.875,-0.16249999999999998,-1.5756218215933743e-05,False
43.0,-0.16249999999999998,-2.4908262038128325e-06,False
43.125,-0.16249999999999998,5.154076311426432e-06,False
43.25,-0.16249999999999998,1.0536241480419738e-06,False
43.375,-0.16249999999999998,-6.535467539520541e-06,False
43.5,-0.16249999999999998,-4.2366767725271734e-06,False
43.625,-0.16249999999999998,1.6925942275172587e-05,False
43.75,-0.16249999999999998,5.603705496369799e-05,False
43.875,-0.16249999999999998,0.00010260177516192105,False
44.0,-0.16249999999999998,0.00014158640405377996,False
44.125,-0.16249999999999998,0.00016020214723234624,False
44.25,-0.16249999999999998,0.00015313567429566397,False
44.375,-0.16249999999999998,0.00012410140185864664,False
44.5,-0.16249999999999998,8.350403074764224e-05,False
44.625,-0.16249999999999998,4.3713277611548224e-05,False
44.75,-0.16249999999999998,1.4256834270960509e-05,False
44.875,-0.16249999999999998,-1.0730022482084381e-06,False
45.0,-0.16249999999999998,-4.320534682959185e-06,False
45.125,-0.16249999999999998,-1.11288666532903e-06,False
45.25,-0.16249999999999998,2.5935522489406797e-06,False
45.375,-0.16249999999999998,3.219740606945303e-06,False
45.5,-0.16249999999999998,6.745164203910766e-07,False
45.625,-0.16249999999999998,-2.320758296521515e-06,False
45.75,-0.16249999999999998,-2.0897216458854143e-06,False
45.875,-0.16249999999999998,3.9641912357049006e-06,False
46.0,-0.16249999999999998,1.6057081166405268e-05,False
46.125,-0.16249999999999998,3.1907847039752376e-05,False
46.25,-0.16249999999999998,4.768577250463899e-05,False
46.375,-0.16249999999999998,5.94839641215428e-05,False
46.5,-0.16249999999999998,6.465836241576662e-05,False
46.625,-0.16249999999999998,6.254105395180741e-05,False
46.75,-0.16249999999999998,5.437000064176866e-05,False
46.875,-0.16249999999999998,4.260611926236195e-05,False
47.0,-0.16249999999999998,3.0001402804537863e-05,False
47.125,-0.16249999999999998,1.879159080255117e-05,False
47.25,-0.16249999999999998,1.0252279038797803e-05,False
47.375,-0.16249999999999998,4.666430025564098e-06,False
47.5,-0.16249999999999998,1.5931220482958883e-06,False
47.625,-0.16249999999999998,2.548288152852955e-07,False
47.75,-0.16249999999999998,-1.225463337729282e-07,False
47.875,-0.16249999999999998,-1.0962168063468507e-07,False
48.0,-0.16249999999999998,-2.325893923599647e-08,False
48.125,-0.16249999999999998,2.1192090487042338e-08,False
48.25,-0.16249999999999998,1.995835547426605e-08,False
48.375,-0.16249999999999998,3.6107129251034364e-09,False
48.5,-0.16249999999999998,-5.327774620864303e-09,False
48.625,-0.16249999999999998,-2.5439048249455626e-09,False
48.75,-0.16249999999999998,5.348174023346506e-09,False
48.875,-0.16249999999999998,1.0964411340541647e-08,False
49.0,-0.16249999999999998,1.1444856552563324e-08,False
49.125,-0.16249999999999998,8.207113728538461e-09,False
49.25,-0.16249999999999998,4.140107366758381e-09,False
49.375,-0.16249999999999998,1.248675343093882e-09,False
49.5,-0.16249999999999998,-2.7122966480196568e-11,False
49.625,-0.16249999999999998,-2.381427638693088e-10,False
49.75,-0.16249999999999998,-8.53877474552786e-11,False
49.875,-0.16249999999999998,3.8308331154360104e-11,False
50.0,-0.16249999999999998,5.736479508971318e-11,False
50.125,-0.16249999999999998,2.9921094673040556e-11,False
50.25,-0.16249999999999998,7.02873154430018e-12,False
50.375,-0.16249999999999998,-7.443117070199861e-13,False
50.5,-0.16249999999999998,-1.1489578099442816e-12,False
50.625,-0.16249999999999998,-3.604357123006406e-13,False
50.75,-0.16249999999999998,9.840135850333415e-14,False
50.875,-0.16249999999999998,1.8058512700047916e-13,False
51.0,-0.16249999999999998,-5.457014063323526e-13,False
51.125,-0.16249999999999998,-2.20644531807733e-12,False
51.25,-0.16249999999999998,-2.7906241286666235e-13,False
51.375,-0.16249999999999998,1.6791086646493998e-11,False
51.5,-0.16249999999999998,5.046830960480298e-11,False
51.625,-0.16249999999999998,5.370058704503366e-11,False
51.75,-0.16249999999999998,-6.829956912988132e-11,False
51.875,-0.16249999999999998,-3.0959210227777407e-10,False
52.0,-0.16249999999999998,-2.4970918523337934e-10,False
52.125,-0.16249999999999998,1.1697493438310268e-09,False
52.25,-0.16249999999999998,5.268471690533574e-09,False
52.375,-0.16249999999999998,1.2322726169249638e-08,False
52.5,-0.16249999999999998,1.98921264209902e-08,False
52.625,-0.16249999999999998,2.253855153549104e-08,False
52.75,-0.16249999999999998,1.4973165789680205e-08,False
52.875,-0.16249999999999998,-1.4173103683849362e-09,False
53.0,-0.16249999999999998,-1.3282755309955174e-08,False
53.125,-0.16249999999999998,-2.0744444874724657e-10,False
53.25,-0.16249999999999998,4.285265897969768e-08,False
53.375,-0.16249999999999998,7.185750621663901e-08,False
53.5,-0.16249999999999998,-1.791731986373166e-08,False
53.625,-0.16249999999999998,-3.1578694909311846e-07,False
53.75,-0.16249999999999998,-6.490638131581336e-07,False
53.875,-0.16249999999999998,-1.0712318877997424e-07,False
54.0,-0.16249999999999998,3.6383588339119977e-06,False
54.125,-0.16249999999999998,1.5051354180868262e-05,False
54.25,-0.16249999999999998,4.116640809310788e-05,False
54.375,-0.16249999999999998,9.132174470158195e-05,False
54.5,-0.16249999999999998,0.00017581613919556043,False
54.625,-0.16249999999999998,0.00030335717561342997,False
54.75,-0.16249999999999998,0.00047759439823429127,False
54.875,-0.16249999999999998,0.0006935343907187425,False
55.0,-0.16249999999999998,0.0009350309623931108,False
55.125,-0.16249999999999998,0.0011746247063506774,False
55.25,-0.16249999999999998,0.00137662727831455,False
55.375,-0.16249999999999998,0.001503507957292115,False
55.5,-0.16249999999999998,0.0015245328668026916,False
55.625,-0.16249999999999998,0.0014245797917478366,False
55.75,-0.16249999999999998,0.0012105083031793184,False
55.875,-0.16249999999999998,0.0009127142016358516,False
56.0,-0.16249999999999998,0.0005806077603051293,False
56.125,-0.16249999999999998,0.00027248299256951773,False
56.25,-0.16249999999999998,4.207463377768946e-05,False
56.375,-0.16249999999999998,-7.460002335204507e-05,False
56.5,-0.16249999999999998,-6.826662184947991e-05,False
56.625,-0.16249999999999998,4.156303798129936e-05,False
56.75,-0.16249999999999998,0.00021236603630605692,False
56.875,-0.16249999999999998,0.00039062933849417017,False
57.0,-0.16249999999999998,0.0005265501595334702,False
57.125,-0.16249999999999998,0.0005869774299694714,False
57.25,-0.16249999999999998,0.0005627462825173004,False
57.375,-0.16249999999999998,0.00046843503499974785,False
57.5,-0.16249999999999998,0.0003350962041838719,False
57.625,-0.16249999999999998,0.0001987941946865002,False
57.75,-0.16249999999999998,8.901971354570524e-05,False
57.875,-0.16249999999999998,2.0825233561835855e-05,False
58.0,-0.16249999999999998,-7.041209615189964e-06,False
58.125,-0.16249999999999998,-8.020567344026977e-06,False
58.25,-0.16249999999999998,1.857257931744901e-07,False
58.375,-0.16249999999999998,3.968098557617881e-06,False
58.5,-0.16249999999999998,-6.829288479901118e-07,False
58.625,-0.16249999999999998,-7.432104467672333e-06,False
58.75,-0.16249999999999998,-3.540529790585654e-06,False
58.875,-0.16249999999999998,2.3430082014095216e-05,False
59.0,-0.16249999999999998,7.906022939046218e-05,False
59.125,-0.16249999999999998,0.00015836663604332663,False
59.25,-0.16249999999999998,0.0002463969384416714,False
59.375,-0.16249999999999998,0.00032281836965992436,False
59.5,-0.16249999999999998,0.0003686488819906958,False
59.625,-0.16249999999999998,0.00037253472665881796,False
59.75,-0.16249999999999998,0.0003342752391184846,False
59.875,-0.16249999999999998,0.00026445218093656606,False
60.0,-0.16249999999999998,0.00018053294114214806,False
10.0,-0.14999999999999997,0.01896201210046254,False
10.125,-0.14999999999999997,0.051751725486608814,False
10.25,-0.14999999999999997,0.05933835690142371,False
10.375,-0.14999999999999997,0.041596725579089035,False
10.5,-0.14999999999999997,0.012578632834870996,False
10.625,-0.14999999999999997,-0.009155276382845379,False
10.75,-0.14999999999999997,-0.010508182087008041,False
10.875,-0.14999999999999997,0.010142026629745848,False
11.0,-0.14999999999999997,0.04300782078485081,False
11.125,-0.14999999999999997,0.07232809273212314,False
11.25,-0.14999999999999997,0.0842184705189507,False
11.375,-0.14999999999999997,0.0731931336503062,False
11.5,-0.14999999999999997,0.04450649213691112,False
11.625,-0.14999999999999997,0.011516897707337924,False
11.75,-0.14999999999999997,-0.010479183854663447,False
11.875,-0.14999999999999997,-0.011036686973820879,False
12.0,-0.14999999999999997,0.011026462780836032,False
12.125,-0.14999999999999997,0.04738413733403855,False
12.25,-0.14999999999999997,0.0840026954919003,False
12.375,-0.14999999999999997,0.1071342155613125,False
12.5,-0.14999999999999997,0.10882919277263305,False
12.625,-0.14999999999999997,0.08968166195810015,False
12.75,-0.14999999999999997,0.057862224004375566,False
12.875,-0.14999999999999997,0.025146247578356175,False
13.0,-0.14999999999999997,0.0018682098006206245,False
13.125,-0.14999999999999997,-0.006971446521782261,False
13.25,-0.14999999999999997,-0.0029135499438513435,False
13.375,-0.14999999999999997,0.007667586930866808,False
13.5,-0.14999999999999997,0.017120184970007637,False
13.625,-0.14999999999999997,0.020137645329784407,False
13.75,-0.14999999999999997,0.015807576310445482,False
13.875,-0.14999999999999997,0.007318281012760731,False
14.0,-0.14999999999999997,-0.00029113213566399907,False
14.125,-0.14999999999999997,-0.003058840188348562,False
14.25,-0.14999999999999997,-0.0001945005597734869,False
14.375,-0.14999999999999997,0.005675988591403884,False
14.5,-0.14999999999999997,0.010170859585607208,False
14.625,-0.14999999999999997,0.009820198328231593,False
14.75,-0.14999999999999997,0.004345570003401394,False
14.875,-0.14999999999999997,-0.0026610878076457484,False
15.0,-0.14999999999999997,-0.005104176708875859,False
15.125,-0.14999999999999997,0.0027475910847787654,False
15.25,-0.14999999999999997,0.023186766249050948,False
15.375,-0.14999999999999997,0.05324566243444203,False
15.5,-0.14999999999999997,0.08508568315803416,False
15.625,-0.14999999999999997,0.10860620256110032,False
15.75,-0.14999999999999997,0.1153009087816766,False
15.875,-0.14999999999999997,0.10180564530761989,False
16.0,-0.14999999999999997,0.07164974532473932,False
16.125,-0.14999999999999997,0.034417082517610935,False
16.25,-0.14999999999999997,0.0025535876426147942,False
16.375,-0.14999999999999997,-0.013001766461506681,False
16.5,-0.14999999999999997,-0.006717345060985928,False
16.625,-0.14999999999999997,0.019560065393277218,False
16.75,-0.14999999999999997,0.057274879217596206,False
16.875,-0.14999999999999997,0.09418100490844125,False
17.0,-0.14999999999999997,0.1185578616414963,False
17.125,-0.14999999999999997,0.12308233569056212,False
17.25,-0.14999999999999997,0.10701658625772943,False
17.375,-0.14999999999999997,0.0760543506607147,False
17.5,-0.14999999999999997,0.04004408848963411,False
17.625,-0.14999999999999997,0.009535968649554296,False
17.75,-0.14999999999999997,-0.007575172195443808,False
17.875,-0.14999999999999997,-0.008198995356064871,False
18.0,-0.14999999999999997,0.005583155365888168,False
18.125,-0.14999999999999997,0.027828917473482234,False
18.25,-0.14999999999999997,0.05106298823547364,False
18.375,-0.14999999999999997,0.06871301151400891,False
18.5,-0.14999999999999997,0.0768489764681521,False
18.625,-0.14999999999999997,0.0747912252799081,False
18.75,-0.14999999999999997,0.06461081478616008,False
18.875,-0.14999999999999997,0.0499133242702803,False
19.0,-0.14999999999999997,0.034456581366209216,False
19.125,-0.14999999999999997,0.02108565283118518,False
19.25,-0.14999999999999997,0.011244856081722904,False
19.375,-0.14999999999999997,0.005062240744146414,False
19.5,-0.14999999999999997,0.0018047419483251447,False
19.625,-0.14999999999999997,0.0004308326749868145,False
19.75,-0.14999999999999997,1.8196709573953116e-05,False
19.875,-0.14999999999999997,-3.511273778828291e-05,False
20.0,-0.14999999999999997,-1.4436632379087818e-05,True
20.125,-0.14999999999999997,-2.23826816594706e-06,True
20.25,-0.14999999999999997,-1.6641400330743467e-07,True
20.375,-0.14999999999999997,-1.9357854431633867e-07,True
20.5,-0.14999999999999997,-8.056247628311787e-07,True
20.625,-0.14999999999999997,8.146537828480598e-07,False
20.75,-0.14999999999999997,9.04923803800178e-06,False
20.875,-0.14999999999999997,1.6044073246113033e-05,False
21.0,-0.14999999999999997,-4.786126165704765e-06,False
21.125,-0.14999999999999997,-6.797851176993134e-05,False
21.25,-0.14999999999999997,-9.708836151676261e-05,False
21.375,-0.14999999999999997,0.00017624508105337338,False
21.5,-0.14999999999999997,0.0012763293978627932,False
21.625,-0.14999999999999997,0.003945522727722318,False
21.75,-0.14999999999999997,0.008969867335468699,False
21.875,-0.14999999999999997,0.016892079803608948,False
22.0,-0.14999999999999997,0.027697556585378435,False
22.125,-0.14999999999999997,0.0405950148253552,False
22.25,-0.14999999999999997,0.05400281986309895,False
22.375,-0.14999999999999997,0.06579306007116577,False
22.5,-0.14999999999999997,0.07375691699381941,False
22.625,-0.14999999999999997,0.07616956293124828,False
22.75,-0.14999999999999997,0.07228424108292136,False
22.875,-0.14999999999999997,0.0625941689441908,False
23.0,-0.14999999999999997,0.04876704196753874,False
23.125,-0.14999999999999997,0.03325841996776922,False
23.25,-0.14999999999999997,0.018712138449153877,False
23.375,-0.14999999999999997,0.007322890656159842,False
23.5,-0.14999999999999997,0.0003456824861852938,False
23.625,-0.14999999999999997,-0.002113204716962156,False
23.75,-0.14999999999999997,-0.000980439085372525,False
23.875,-0.14999999999999997,0.002167340977094393,False
24.0,-0.14999999999999997,0.005619058126785762,False
24.125,-0.14999999999999997,0.008013143408158481,False
24.25,-0.14999999999999997,0.00865030953887994,False
24.375,-0.14999999999999997,0.007562305283671882,False
24.5,-0.14999999999999997,0.0053478277361693975,False
24.625,-0.14999999999999997,0.0028593074575539315,False
24.75,-0.14999999999999997,0.0008625939673540576,False
24.875,-0.14999999999999997,-0.00021396846043666122,False
25.0,-0.14999999999999997,-0.0003682881828047735,False
25.125,-0.14999999999999997,5.775556141966319e-05,False
25.25,-0.14999999999999997,0.000579609261518752,False
25.375,-0.14999999999999997,0.0008010459250509657,False
25.5,-0.14999999999999997,0.0005828813015873043,False
25.625,-0.14999999999999997,8.786914098958708e-05,False
25.75,-0.14999999999999997,-0.00030893350306000593,False
25.875,-0.14999999999999997,-0.00020292111569832243,False
26.0,-0.14999999999999997,0.0006403823275932304,False
26.125,-0.14999999999999997,0.002150533997787663,False
26.25,-0.14999999999999997,0.003939262315675694,False
26.375,-0.14999999999999997,0.0054205990471725245,False
26.5,-0.14999999999999997,0.0060250034992518405,False
26.625,-0.14999999999999997,0.005431797741278309,False
26.75,-0.14999999999999997,0.003734275747073195,False
26.875,-0.14999999999999997,0.0014723093834384808,False
27.0,-0.14999999999999997,-0.0004887129048070161,False
27.125,-0.14999999999999997,-0.00120128926848587,False
27.25,-0.14999999999999997,7.26662108710566e-05,False
27.375,-0.14999999999999997,0.0036148476190777335,False
27.5,-0.14999999999999997,0.009128401823761874,False
27.625,-0.14999999999999997,0.01578171902706483,False
27.75,-0.14999999999999997,0.0224066946877496,False
27.875,-0.14999999999999997,0.02779166596796604,False
28.0,-0.14999999999999997,0.030981186091443104,False
28.125,-0.14999999999999997,0.03149579018396714,False
28.25,-0.14999999999999997,0.029413535408492755,False
28.375,-0.14999999999999997,0.02530061377108275,False
28.5,-0.14999999999999997,0.02002472330598737,False
28.625,-0.14999999999999997,0.014516727418365379,False
28.75,-0.14999999999999997,0.00955403881067275,False
28.875,-0.14999999999999997,0.0056227432969313184,False
29.0,-0.14999999999999997,0.002882860897408978,False
29.125,-0.14999999999999997,0.0012253633621223112,False
29.25,-0.14999999999999997,0.0003833588626370343,False
29.375,-0.14999999999999997,5.093761307130461e-05,False
29.5,-0.14999999999999997,-2.8121459300344147e-05,False
29.625,-0.14999999999999997,-1.958165863611425e-05,False
29.75,-0.14999999999999997,-2.092500066159192e-06,False
29.875,-0.14999999999999997,3.740769391023289e-06,False
30.0,-0.14999999999999997,2.209456007232632e-06,False
30.125,-0.14999999999999997,2.349089129033996e-07,False
30.25,-0.14999999999999997,-1.837026664700478e-07,False
30.375,-0.14999999999999997,-4.67653663903102e-08,False
30.5,-0.14999999999999997,-2.5159358789750616e-08,False
30.625,-0.14999999999999997,-3.117149373578778e-07,False
30.75,-0.14999999999999997,-2.060898210314353e-06,False
30.875,-0.14999999999999997,-4.875192201312385e-06,False
31.0,-0.14999999999999997,3.6673100330573567e-06,False
31.125,-0.14999999999999997,6.385579799513344e-05,False
31.25,-0.14999999999999997,0.0002548639383986008,False
31.375,-0.14999999999999997,0.0006876074406464203,False
31.5,-0.14999999999999997,0.001471164072098232,False
31.625,-0.14999999999999997,0.002657149386946161,False
31.75,-0.14999999999999997,0.0041814152948320815,False
31.875,-0.14999999999999997,0.00583180186594349,False
32.0,-0.14999999999999997,0.007267766549941327,False
32.125,-0.14999999999999997,0.008100900631204316,False
32.25,-0.14999999999999997,0.008019733286029033,False
32.375,-0.14999999999999997,0.006918261236872823,False
32.5,-0.14999999999999997,0.004976851149188789,False
32.625,-0.14999999999999997,0.002653819427949012,False
32.75,-0.14999999999999997,0.0005751477393189154,False
32.875,-0.14999999999999997,-0.0006513551005663731,False
33.0,-0.14999999999999997,-0.0006378602062960279,False
33.125,-0.14999999999999997,0.0006384006235325423,False
33.25,-0.14999999999999997,0.0028049529779153337,False
33.375,-0.14999999999999997,0.0051982815222654235,False
33.5,-0.14999999999999997,0.007072805609801164,False
33.625,-0.14999999999999997,0.0078444487153545,False
33.75,-0.14999999999999997,0.007283069741179881,False
33.875,-0.14999999999999997,0.005584607010936561,False
34.0,-0.14999999999999997,0.0032969631619336297,False
34.125,-0.14999999999999997,0.00112713766256695,False
34.25,-0.14999999999999997,-0.00029974002336229376,False
34.375,-0.14999999999999997,-0.0006426716996899675,False
34.5,-0.14999999999999997,6.167096232820378e-05,False
34.625,-0.14999999999999997,0.0014415415137036956,False
34.75,-0.14999999999999997,0.0029449991372962904,False
34.875,-0.14999999999999997,0.0040434206824249905,False
35.0,-0.14999999999999997,0.004406518280386189,False
35.125,-0.14999999999999997,0.003988425378158646,False
35.25,-0.14999999999999997,0.0030029340324670187,False
35.375,-0.14999999999999997,0.0018097574067109424,False
35.5,-0.14999999999999997,0.0007651147765823433,False
35.625,-0.14999999999999997,9.753129891278009e-05,False
35.75,-0.14999999999999997,-0.00014745539139127866,False
35.875,-0.14999999999999997,-8.275731996682874e-05,False
36.0,-0.14999999999999997,0.00010209488850671617,False
36.125,-0.14999999999999997,0.00023726232602755087,False
36.25,-0.14999999999999997,0.0002406012344540816,False
36.375,-0.14999999999999997,0.00013276783671710126,False
36.5,-0.14999999999999997,1.4637219953053616e-06,False
36.625,-0.14999999999999997,-6.0568605076954714e-05,False
36.75,-0.14999999999999997,-1.0262076432900642e-05,False
36.875,-0.14999999999999997,0.000124493990560667,False
37.0,-0.14999999999999997,0.00026432272437512677,False
37.125,-0.14999999999999997,0.0003252854179366181,False
37.25,-0.14999999999999997,0.00026732833721266404,False
37.375,-0.14999999999999997,0.00011900816034969981,False
37.5,-0.14999999999999997,-3.388394661613819e-05,False
37.625,-0.14999999999999997,-8.991376634723391e-05,False
37.75,-0.14999999999999997,1.6824693981409963e-05,False
37.875,-0.14999999999999997,0.0002809945121348413,False
38.0,-0.14999999999999997,0.0006231558881351949,False
38.125,-0.14999999999999997,0.0009214730170852054,False
38.25,-0.14999999999999997,0.001063539547754312,False
38.375,-0.14999999999999997,0.000994748999512605,False
38.5,-0.14999999999999997,0.0007415398254715172,False
38.625,-0.14999999999999997,0.00039956672213432463,False
38.75,-0.14999999999999997,9.274058159731487e-05,False
38.875,-0.14999999999999997,-7.819453123839547e-05,False
39.0,-0.14999999999999997,-7.493393950274917e-05,False
39.125,-0.14999999999999997,6.761654611520992e-05,False
39.25,-0.14999999999999997,0.00026217892949785185,False
39.375,-0.14999999999999997,0.00041065455209950494,False
39.5,-0.14999999999999997,0.000447005471725831,False
39.625,-0.14999999999999997,0.00036262614134951847,False
39.75,-0.14999999999999997,0.00020424667682500963,False
39.875,-0.14999999999999997,4.7240819810948885e-05,False
40.0,-0.14999999999999997,-4.1937912063246876e-05,False
40.125,-0.14999999999999997,-3.6348204610962476e-05,False
40.25,-0.14999999999999997,4.154873341855313e-05,False
40.375,-0.14999999999999997,0.00013432919057385504,False
40.5,-0.14999999999999997,0.00018072292077251075,False
40.625,-0.14999999999999997,0.00014838177791869485,False
40.75,-0.14999999999999997,5.2934650590391244e-05,False
40.875,-0.14999999999999997,-4.550151505554952e-05,False
41.0,-0.14999999999999997,-6.69397656079956e-05,False
41.125,-0.14999999999999997,5.345563669880899e-05,False
41.25,-0.14999999999999997,0.00033503976173113236,False
41.375,-0.14999999999999997,0.0007389040512196267,False
41.5,-0.14999999999999997,0.0011779036054786602,False
41.625,-0.14999999999999997,0.0015452839511884131,False
41.75,-0.14999999999999997,0.001750394313142031,False
41.875,-0.14999999999999997,0.0017477292475182931,False
42.0,-0.14999999999999997,0.0015489334009808023,False
42.125,-0.14999999999999997,0.001214643967031891,False
42.25,-0.14999999999999997,0.0008309078040914135,False
42.375,-0.14999999999999997,0.00048019967642913715,False
42.5,-0.14999999999999997,0.00021793643913589912,False
42.625,-0.14999999999999997,6.195840077713803e-05,False
42.75,-0.14999999999999997,-3.4173997433408775e-06,False
42.875,-0.14999999999999997,-1.2854807212159697e-05,False
43.0,-0.14999999999999997,-2.3286813941712577e-06,False
43.125,-0.14999999999999997,4.4098700739882055e-06,False
43.25,-0.14999999999999997,9.157763891980801e-07,False
43.375,-0.14999999999999997,-5.463599688227661e-06,False
43.5,-0.14999999999999997,-2.326095603605453e-06,False
43.625,-0.14999999999999997,1.8715699304154063e-05,False
43.75,-0.14999999999999997,5.6743935127492126e-05,False
43.875,-0.14999999999999997,0.00010175439746608506,False
44.0,-0.14999999999999997,0.00013940055507729473,False
44.125,-0.14999999999999997,0.00015743874038561494,False
44.25,-0.14999999999999997,0.0001507324142120628,False
44.375,-0.14999999999999997,0.0001227716561981951,False
44.5,-0.14999999999999997,8.34812972479445e-05,False
44.625,-0.14999999999999997,4.4729775801588374e-05,False
44.75,-0.14999999999999997,1.5730659544186596e-05,False
44.875,-0.14999999999999997,2.470064752144283e-07,False
45.0,-0.14999999999999997,-3.5471664778337146e-06,False
45.125,-0.14999999999999997,-9.479671216091076e-07,False
45.25,-0.14999999999999997,2.3727044787237495e-06,False
45.375,-0.14999999999999997,2.9617647870057908e-06,False
45.5,-0.14999999999999997,6.702279883227474e-07,False
45.625,-0.14999999999999997,-1.964708906708748e-06,False
45.75,-0.14999999999999997,-1.4755726558748793e-06,False
45.875,-0.14999999999999997,4.595796004094932e-06,False
46.0,-0.14999999999999997,1.6447346448454513e-05,False
46.125,-0.14999999999999997,3.189143335016055e-05,False
46.25,-0.14999999999999997,4.724913693593429e-05,False
46.375,-0.14999999999999997,5.8755608132162794e-05,False
46.5,-0.14999999999999997,6.384643649416595e-05,False
46.625,-0.14999999999999997,6.18518463958079e-05,False
46.75,-0.14999999999999997,5.3941715652523174e-05,False
46.875,-0.14999999999999997,4.2479271265438556e-05,False
47.0,-0.14999999999999997,3.01284915952629e-05,False
47.125,-0.14999999999999997,1.9073309736802323e-05,False
47.25,-0.14999999999999997,1.0580795303001539e-05,False
47.375,-0.14999999999999997,4.958807631482883e-06,False
47.5,-0.14999999999999997,1.8063280666047594e-06,False
47.625,-0.14999999999999997,3.8304313818489805e-07,False
47.75,-0.14999999999999997,-6.137406109932503e-08,False
47.875,-0.14999999999999997,-8.943635613789339e-08,False
48.0,-0.14999999999999997,-2.1489308380253628e-08,False
48.125,-0.14999999999999997,1.8514284015121435e-08,False
48.25,-0.14999999999999997,1.8541792935158055e-08,False
48.375,-0.14999999999999997,4.024419990004986e-09,False
48.5,-0.14999999999999997,-4.343168008188796e-09,False
48.625,-0.14999999999999997,-2.020806170110753e-09,False
48.75,-0.14999999999999997,5.2087730435622975e-09,False
48.875,-0.14999999999999997,1.05064693262962e-08,False
49.0,-0.14999999999999997,1.1067546487700216e-08,False
49.125,-0.14999999999999997,8.085908006772438e-09,False
49.25,-0.14999999999999997,4.224830356377929e-09,False
49.375,-0.14999999999999997,1.4012863415895418e-09,False
49.5,-0.14999999999999997,9.023288796219306e-11,False
49.625,-0.14999999999999997,-1.8477359267298567e-10,False
49.75,-0.14999999999999997,-7.576155190178358e-11,False
49.875,-0.14999999999999997,3.3150219489054524e-11,False
50.0,-0.14999999999999997,5.3321246312733905e-11,False
50.125,-0.14999999999999997,2.962582207054903e-11,False
50.25,-0.14999999999999997,8.119608897652612e-12,False
50.375,-0.14999999999999997,2.713452958208127e-14,False
50.5,-0.14999999999999997,-8.883362388390635e-13,False
50.625,-0.14999999999999997,-3.2062362163295407e-13,False
50.75,-0.14999999999999997,8.054810889595534e-14,False
50.875,-0.14999999999999997,1.428889002794184e-13,False
51.0,-0.14999999999999997,-4.967264752907603e-13,False
51.125,-0.14999999999999997,-1.6972208779774702e-12,False
51.25,-0.14999999999999997,9.648755441890143e-13,False
51.375,-0.14999999999999997,1.751262339269633e-11,False
51.5,-0.14999999999999997,4.73487131262534e-11,False
51.625,-0.14999999999999997,4.666874566129208e-11,False
51.75,-0.14999999999999997,-6.304849209766466e-11,False
51.875,-0.14999999999999997,-2.4974255739817156e-10,False
52.0,-0.14999999999999997,-8.412614945763505e-11,False
52.125,-0.14999999999999997,1.4406540231313426e-09,False
52.25,-0.14999999999999997,5.517033598764939e-09,False
52.375,-0.14999999999999997,1.2289125261453569e-08,False
52.5,-0.14999999999999997,1.9345684367003632e-08,False
52.625,-0.14999999999999997,2.1591963761186976e-08,False
52.75,-0.14999999999999997,1.4316223841097806e-08,False
52.875,-0.14999999999999997,-7.77875668527502e-10,False
53.0,-0.14999999999999997,-1.1051545144929878e-08,False
53.125,-0.14999999999999997,1.8346950064512924e-09,False
53.25,-0.14999999999999997,4.080572163476445e-08,False
53.375,-0.14999999999999997,6.383355843702113e-08,False
53.5,-0.14999999999999997,-2.051182665107606e-08,False
53.625,-0.14999999999999997,-2.6888499919455e-07,False
53.75,-0.14999999999999997,-4.521962817394945e-07,False
53.875,-0.14999999999999997,4.1473590867888065e-07,False
54.0,-0.14999999999999997,4.732191143099007e-06,False
54.125,-0.14999999999999997,1.69971132198476e-05,False
54.25,-0.14999999999999997,4.419348938060872e-05,False
54.375,-0.14999999999999997,9.548873337675949e-05,False
54.5,-0.14999999999999997,0.00018088265651934615,False
54.625,-0.14999999999999997,0.00030869500754161485,False
54.75,-0.14999999999999997,0.00048219114454411553,False
54.875,-0.14999999999999997,0.000696128841760156,False
55.0,-0.14999999999999997,0.0009343837619954279,False
55.125,-0.14999999999999997,0.0011698781175484127,False
55.25,-0.14999999999999997,0.0013676600502588259,False
55.375,-0.14999999999999997,0.001491165307110842,False
55.5,-0.14999999999999997,0.0015106236785193447,False
55.625,-0.14999999999999997,0.0014115880513684846,False
55.75,-0.14999999999999997,0.001201052182035603,False
55.875,-0.14999999999999997,0.0009088778798785231,False
56.0,-0.14999999999999997,0.0005833347919687606,False
56.125,-0.14999999999999997,0.0002812275337933721,False
56.25,-0.14999999999999997,5.484703561847766e-05,False
56.375,-0.14999999999999997,-6.077110940537539e-05,False
56.5,-0.14999999999999997,-5.6567438238127694e-05,False
56.625,-0.14999999999999997,4.8583596153922674e-05,False
56.75,-0.14999999999999997,0.00021347459912604268,False
56.875,-0.14999999999999997,0.00038619885213436245,False
57.0,-0.14999999999999997,0.0005183711730628203,False
57.125,-0.14999999999999997,0.0005776542775593381,False
57.25,-0.14999999999999997,0.0005548797761372291,False
57.375,-0.14999999999999997,0.00046386170939043147,False
57.5,-0.14999999999999997,0.0003344283910594161,False
57.625,-0.14999999999999997,0.00020139425282727024,False
57.75,-0.14999999999999997,9.338628251769399e-05,False
57.875,-0.14999999999999997,2.522665687328389e-05,False
58.0,-0.14999999999999997,-3.929071749478906e-06,False
58.125,-0.14999999999999997,-6.7010583816862735e-06,False
58.25,-0.14999999999999997,8.73190494878382e-08,False
58.375,-0.14999999999999997,3.4156127047439917e-06,False
58.5,-0.14999999999999997,-6.318762446405289e-07,False
58.625,-0.14999999999999997,-6.11843266665589e-06,False
58.75,-0.14999999999999997,-9.980472934313167e-07,False
58.875,-0.14999999999999997,2.6484329565267575e-05,False
59.0,-0.14999999999999997,8.152056399733479e-05,False
59.125,-0.14999999999999997,0.0001591884917045257,False
59.25,-0.14999999999999997,0.0002450178846685415,False
59.375,-0.14999999999999997,0.00031938714464514864,False
59.5,-0.14999999999999997,0.00036398203555640374,False
59.625,-0.14999999999999997,0.0003678295266578557,False
59.75,-0.14999999999999997,0.0003306985784411604,False
59.875,-0.14999999999999997,0.0002627641208956206,False
60.0,-0.14999999999999997,0.00018087888418147634,False
10.0,-0.1375,0.0188191315582029,False
10.125,-0.1375,0.049586835951185904,False
10.25,-0.1375,0.05699687289723929,False
10.375,-0.1375,0.04050427757402923,False
10.5,-0.1375,0.013231745851408246,False
10.625,-0.1375,-0.007238308308725649,False
10.75,-0.1375,-0.008413633979164762,False
10.875,-0.1375,0.011312417071606217,False
11.0,-0.1375,0.042665448130053726,False
11.125,-0.1375,0.07064228991202334,False
11.25,-0.1375,0.08199627821418028,False
11.375,-0.1375,0.07147726100447306,False
11.5,-0.1375,0.04409024976553243,False
11.625,-0.1375,0.01259607536007563,False
11.75,-0.1375,-0.008372745047201221,False
11.875,-0.1375,-0.008807471047388566,False
12.0,-0.1375,0.012443106520652026,False
12.125,-0.1375,0.04741948853651617,False
12.25,-0.1375,0.08267380737530157,False
12.375,-0.1375,0.10500234102977946,False
12.5,-0.1375,0.10673276863173964,False
12.625,-0.1375,0.08837346445925065,False
12.75,-0.1375,0.05771203445673509,False
12.875,-0.1375,0.026030019326971913,False
13.0,-0.1375,0.003274881700425076,False
13.125,-0.1375,-0.005681005558895893,False
13.25,-0.1375,-0.0022216494428952834,False
13.375,-0.1375,0.007619551987882656,False
13.5,-0.1375,0.016543810048048124,False
13.625,-0.1375,0.019449355058050417,False
13.75,-0.1375,0.015403471121752051,False
13.875,-0.1375,0.0073837705292766655,False
14.0,-0.1375,0.00015027257370510676,False
14.125,-0.1375,-0.0025368759959515947,False
14.25,-0.1375,8.717314617487609e-05,False
14.375,-0.1375,0.0055535834157994885,False
14.5,-0.1375,0.009734278610922076,False
14.625,-0.1375,0.009375288165221648,False
14.75,-0.1375,0.004259464864501496,False
14.875,-0.1375,-0.002157185107415806,False
15.0,-0.1375,-0.004058783988597029,False
15.125,-0.1375,0.00398871232545927,False
15.25,-0.1375,0.024105116365875905,False
15.375,-0.1375,0.05336729173550666,False
15.5,-0.1375,0.08419825767588075,False
15.625,-0.1375,0.10687975656991387,False
15.75,-0.1375,0.11325513097028979,False
15.875,-0.1375,0.10013058614630108,False
16.0,-0.1375,0.07094849567411804,False
16.125,-0.1375,0.03497223012380288,False
16.25,-0.1375,0.004210537032500324,False
16.375,-0.1375,-0.010787994504112728,False
16.5,-0.1375,-0.004689744533017415,False
16.625,-0.1375,0.02072438434994687,False
16.75,-0.1375,0.05720044160853973,False
16.875,-0.1375,0.09291569794714721,False
17.0,-0.1375,0.11654083457201972,False
17.125,-0.1375,0.12097710196606079,False
17.25,-0.1375,0.10547660007871826,False
17.375,-0.1375,0.07550829403962432,False
17.5,-0.1375,0.0405743183009784,False
17.625,-0.1375,0.010883969450304693,False
17.75,-0.1375,-0.005890784131920479,False
17.875,-0.1375,-0.006704539405991547,False
18.0,-0.1375,0.006486713139929117,False
18.125,-0.1375,0.027972193682722808,False
18.25,-0.1375,0.0505238993271029,False
18.375,-0.1375,0.06775081083252064,False
18.5,-0.1375,0.07579232933983376,False
18.625,-0.1375,0.07392588206655748,False
18.75,-0.1375,0.0641042993577056,False
18.875,-0.1375,0.049793940176324325,False
19.0,-0.1375,0.03464152740724906,False
19.125,-0.1375,0.0214369808358036,False
19.25,-0.1375,0.011627169437125415,False
19.375,-0.1375,0.005381942591172413,False
19.5,-0.1375,0.0020226992914443116,False
19.625,-0.1375,0.0005524300011421836,False
19.75,-0.1375,7.208985590369203e-05,False
19.875,-0.1375,-1.7463436720313367e-05,False
20.0,-0.1375,-1.0805905493776423e-05,True
20.125,-0.1375,-1.9363829697210895e-06,True
20.25,-0.1375,-1.6668766269950697e-07,True
20.375,-0.1375,-1.8084884480987769e-07,True
20.5,-0.1375,-5.819400260947043e-07,True
20.625,-0.1375,1.237211075425592e-06,False
20.75,-0.1375,8.744675105035126e-06,False
20.875,-0.1375,1.4261696342675038e-05,False
21.0,-0.1375,-5.060404792973412e-06,False
21.125,-0.1375,-5.582562866859575e-05,False
21.25,-0.1375,-5.226185093701342e-05,False
21.375,-0.1375,0.0002789671075862909,False
21.5,-0.1375,0.0014566943413023702,False
21.625,-0.1375,0.004204404210058911,False
21.75,-0.1375,0.009278678127722432,False
21.875,-0.1375,0.01719097826162633,False
22.0,-0.1375,0.02790579758681456,False
22.125,-0.1375,0.04063217954231682,False
22.25,-0.1375,0.05381490136223712,False
22.375,-0.1375,0.0653745241622999,False
22.5,-0.1375,0.07316025271726515,False
22.625,-0.1375,0.07549755611161452,False
22.75,-0.1375,0.07166598077479623,False
22.875,-0.1375,0.06215151821010894,False
23.0,-0.1375,0.048581841883838316,False
23.125,-0.1375,0.03335072442904798,False
23.25,-0.1375,0.019036269714203795,False
23.375,-0.1375,0.007782316223602855,False
23.5,-0.1375,0.0008216854077754045,False
23.625,-0.1375,-0.001728290949798624,False
23.75,-0.1375,-0.0007556793786059719,False
23.875,-0.1375,0.002215463769106288,False
24.0,-0.1375,0.0055239448592809765,False
24.125,-0.1375,0.007841064688171957,False
24.25,-0.1375,0.008475753323917538,False
24.375,-0.1375,0.0074441817432332885,False
24.5,-0.1375,0.0053139382845302716,False
24.625,-0.1375,0.0029030736027941123,False
24.75,-0.1375,0.0009516196472710006,False
24.875,-0.1375,-0.00012181308833911399,False
25.0,-0.1375,-0.0003076724381326734,False
25.125,-0.1375,7.17659301545251e-05,False
25.25,-0.1375,0.0005548154495809577,False
25.375,-0.1375,0.0007621452342518817,False
25.5,-0.1375,0.0005592573517300748,False
25.625,-0.1375,0.00010021922157583423,False
25.75,-0.1375,-0.00025789627959171157,False
25.875,-0.1375,-0.00013017505138731712,False
26.0,-0.1375,0.0007046396153136932,False
26.125,-0.1375,0.0021750600912509993,False
26.25,-0.1375,0.0039050478445503134,False
26.375,-0.1375,0.005330201878738214,False
26.5,-0.1375,0.005904257754069251,False
26.625,-0.1375,0.005322904940261403,False
26.75,-0.1375,0.0036823532972268995,False
26.875,-0.1375,0.001509847134044403,False
27.0,-0.1375,-0.0003541841352702923,False
27.125,-0.1375,-0.0009919856379551645,False
27.25,-0.1375,0.00030939884150001096,False
27.375,-0.1375,0.003819295996096664,False
27.5,-0.1375,0.009245427929251872,False
27.625,-0.1375,0.015776551855590428,False
27.75,-0.1375,0.022274663238338818,False
27.875,-0.1375,0.027559006377424942,False
28.0,-0.1375,0.03069698600402704,False
28.125,-0.1375,0.03121793380975256,False
28.25,-0.1375,0.02919324003585625,False
28.375,-0.1375,0.025170268638234218,False
28.5,-0.1375,0.019992306835436166,False
28.625,-0.1375,0.014567684780250178,False
28.75,-0.1375,0.009659046410750908,False
28.875,-0.1375,0.0057481250927406,False
29.0,-0.1375,0.0030000530272420115,False
29.125,-0.1375,0.0013167316637065598,False
29.25,-0.1375,0.00044337263111875956,False
29.375,-0.1375,8.346450683965708e-05,False
29.5,-0.1375,-1.4473755173140135e-05,False
29.625,-0.1375,-1.593447455364731e-05,False
29.75,-0.1375,-2.0787609472482063e-06,False
29.875,-0.1375,3.2929580848079378e-06,False
30.0,-0.1375,2.1241088607559634e-06,False
30.125,-0.1375,3.3172512983696536e-07,False
30.25,-0.1375,-1.2951307324923667e-07,False
30.375,-0.1375,-4.28565049969711e-08,False
30.5,-0.1375,-2.5272871607595337e-08,False
30.625,-0.1375,-2.7060659271352296e-07,False
30.75,-0.1375,-1.5434932101020013e-06,False
30.875,-0.1375,-2.378014031719161e-06,False
31.0,-0.1375,1.1074467808080643e-05,False
31.125,-0.1375,7.989271320846703e-05,False
31.25,-0.1375,0.00028217578883774666,False
31.375,-0.1375,0.0007252208880215794,False
31.5,-0.1375,0.0015125108521686118,False
31.625,-0.1375,0.0026900782506967882,False
31.75,-0.1375,0.0041910246197653656,False
31.875,-0.1375,0.00580571243767574,False
32.0,-0.1375,0.0072021139369165335,False
32.125,-0.1375,0.008004514086084305,False
32.25,-0.1375,0.007914189122160341,False
32.375,-0.1375,0.006832839154274746,False
32.5,-0.1375,0.0049394490685324465,False
32.625,-0.1375,0.00268078197861693,False
32.75,-0.1375,0.0006638726110063109,False
32.875,-0.1375,-0.0005237736552837209,False
33.0,-0.1375,-0.000508724208017649,False
33.125,-0.1375,0.0007290438296206164,False
33.25,-0.1375,0.002827807956035633,False
33.375,-0.1375,0.005145251476364191,False
33.5,-0.1375,0.006960370268914889,False
33.625,-0.1375,0.007708459256415077,False
33.75,-0.1375,0.0071666429434379154,False
33.875,-0.1375,0.005523436971381428,False
34.0,-0.1375,0.0033073844237498057,False
34.125,-0.1375,0.0012012430260517587,False
34.25,-0.1375,-0.00019030560636609144,False
34.375,-0.1375,-0.0005358928936977097,False
34.5,-0.1375,0.00013179833291363815,False
34.625,-0.1375,0.0014563283518732202,False
34.75,-0.1375,0.0029060943183864115,False
34.875,-0.1375,0.003970165449829652,False
35.0,-0.1375,0.00432722370180643,False
35.125,-0.1375,0.003929356246661992,False
35.25,-0.1375,0.0029793403466385907,False
35.375,-0.1375,0.0018221086667474641,False
35.5,-0.1375,0.0008013602339887702,False
35.625,-0.1375,0.00013975842736850498,False
35.75,-0.1375,-0.00011515576633771307,False
35.875,-0.1375,-6.852185972258688e-05,False
36.0,-0.1375,9.95313259479866e-05,False
36.125,-0.1375,0.00022598864755671148,False
36.25,-0.1375,0.00023046819693117002,False
36.375,-0.1375,0.00013042214408497355,False
36.5,-0.1375,7.697433065632743e-06,False
36.625,-0.1375,-5.023961604769853e-05,False
36.75,-0.1375,-2.4613940644380926e-06,False
36.875,-0.1375,0.00012490041818444145,False
37.0,-0.1375,0.0002568901087468205,False
37.125,-0.1375,0.00031417804459280056,False
37.25,-0.1375,0.00025907327046921323,False
37.375,-0.1375,0.00011903869480046602,False
37.5,-0.1375,-2.4135927693714882e-05,False
37.625,-0.1375,-7.394494795070062e-05,False
37.75,-0.1375,3.2079538777130334e-05,False
37.875,-0.1375,0.0002883418552315312,False
38.0,-0.1375,0.0006184970225599924,False
38.125,-0.1375,0.0009057628935184571,False
38.25,-0.1375,0.0010424577414512375,False
38.375,-0.1375,0.0009762583264317816,False
38.5,-0.1375,0.0007324653113847836,False
38.625,-0.1375,0.00040274006994506364,False
38.75,-0.1375,0.0001059553076211233,False
38.875,-0.1375,-6.1021706342294195e-05,False
39.0,-0.1375,-6.099405183614177e-05,False
39.125,-0.1375,7.311706286266894e-05,False
39.25,-0.1375,0.0002580665738731156,False
39.375,-0.1375,0.00039995532331199807,False
39.5,-0.1375,0.0004352686643742072,False
39.625,-0.1375,0.0003552596530115804,False
39.75,-0.1375,0.00020411079324579332,False
39.875,-0.1375,5.356319092355886e-05,False
40.0,-0.1375,-3.291328354965356e-05,False
40.125,-0.1375,-2.9367017820114686e-05,False
40.25,-0.1375,4.3112677249649946e-05,False
40.375,-0.1375,0.0001301032679201529,False
40.5,-0.1375,0.00017350772853497114,False
40.625,-0.1375,0.00014282351897187604,False
40.75,-0.1375,5.332876964406295e-05,False
40.875,-0.1375,-3.727675301156325e-05,False
41.0,-0.1375,-5.244576100446577e-05,False
41.125,-0.1375,6.967447765116468e-05,False
41.25,-0.1375,0.0003471805128700377,False
41.375,-0.1375,0.0007421579392560817,False
41.5,-0.1375,0.0011703054620994338,False
41.625,-0.1375,0.0015284331379731941,False
41.75,-0.1375,0.001728814605284278,False
41.875,-0.1375,0.0017271906825793595,False
42.0,-0.1375,0.0015344439736615135,False
42.125,-0.1375,0.0012088895976934025,False
42.25,-0.1375,0.0008336739300697899,False
42.375,-0.1375,0.0004888759841965819,False
42.5,-0.1375,0.0002287806797057095,False
42.625,-0.1375,7.154638843474208e-05,False
42.75,-0.1375,2.8789075986375976e-06,False
42.875,-0.1375,-1.0141710111551392e-05,False
43.0,-0.1375,-2.1130596210157854e-06,False
43.125,-0.1375,3.7802151179444637e-06,False
43.25,-0.1375,8.110565476995113e-07,False
43.375,-0.1375,-4.49075245664274e-06,False
43.5,-0.1375,-6.030624578460596e-07,False
43.625,-0.1375,2.032739963711657e-05,False
43.75,-0.1375,5.7377141558523634e-05,False
43.875,-0.1375,0.00010098261722363288,False
44.0,-0.1375,0.00013741719576802807,False
44.125,-0.1375,0.00015493048895067998,False
44.25,-0.1375,0.0001485473878097628,False
44.375,-0.1375,0.00012155684832676308,False
44.5,-0.1375,8.345071686547632e-05,False
44.625,-0.1375,4.5643838801612536e-05,False
44.75,-0.1375,1.7064355051246346e-05,False
44.875,-0.1375,1.4470866263762712e-06,False
45.0,-0.1375,-2.8379825251035644e-06,False
45.125,-0.1375,-7.882087888041761e-07,False
45.25,-0.1375,2.1821602107280243e-06,False
45.375,-0.1375,2.7349912057146818e-06,False
45.5,-0.1375,6.701752814862767e-07,False
45.625,-0.1375,-1.640835999386394e-06,False
45.75,-0.1375,-9.192856426505357e-07,False
45.875,-0.1375,5.167468585457803e-06,False
46.0,-0.1375,1.6800371555166346e-05,False
46.125,-0.1375,3.187582782610418e-05,False
46.25,-0.1375,4.685209697302726e-05,False
46.375,-0.1375,5.809309364221544e-05,False
46.5,-0.1375,6.310698319478694e-05,False
46.625,-0.1375,6.122282645711847e-05,False
46.75,-0.1375,5.354919177578966e-05,False
46.875,-0.1375,4.2360860298294355e-05,False
47.0,-0.1375,3.0241805406320203e-05,False
47.125,-0.1375,1.9328560429858427e-05,False
47.25,-0.1375,1.087999661134455e-05,False
47.375,-0.1375,5.226210511111496e-06,False
47.5,-0.1375,2.002250050282343e-06,False
47.625,-0.1375,5.016440464355643e-07,False
47.75,-0.1375,-4.149948985631298e-09,False
47.875,-0.1375,-7.00417666922167e-08,False
48.0,-0.1375,-1.934770733411994e-08,False
48.125,-0.1375,1.6263683215097466e-08,False
48.25,-0.1375,1.726301333367345e-08,False
48.375,-0.1375,4.3611070332092844e-09,False
48.5,-0.1375,-3.474401956484972e-09,False
48.625,-0.1375,-1.5470667512965352e-09,False
48.75,-0.1375,5.09272821099819e-09,False
48.875,-0.1375,1.0099536212293453e-08,False
49.0,-0.1375,1.0726829407168428e-08,False
49.125,-0.1375,7.972666716112645e-09,False
49.25,-0.1375,4.2978213914381165e-09,False
49.375,-0.1375,1.5379470773525874e-09,False
49.5,-0.1375,1.971292201711841e-10,False
49.625,-0.1375,-1.3496651819605216e-10,False
49.75,-0.1375,-6.586520631903746e-11,False
49.875,-0.1375,2.8985094077292344e-11,False
50.0,-0.1375,4.970438030941016e-11,False
50.125,-0.1375,2.927340553145843e-11,False
50.25,-0.1375,9.06250044318919e-12,False
50.375,-0.1375,7.293413556367675e-13,False
50.5,-0.1375,-6.385911885178265e-13,False
50.625,-0.1375,-2.7813566757820525e-13,False
50.75,-0.1375,6.570462054103536e-14,False
50.875,-0.1375,1.1218447287538068e-13,False
51.0,-0.1375,-4.3855849107888056e-13,False
51.125,-0.1375,-1.2197375735226454e-12,False
51.25,-0.1375,2.0640688503066056e-12,False
51.375,-0.1375,1.8061436138647383e-11,False
51.5,-0.1375,4.448823542815861e-11,False
51.625,-0.1375,4.079925093190416e-11,False
51.75,-0.1375,-5.6686760524816615e-11,False
51.875,-0.1375,-1.9286313769256727e-10,False
52.0,-0.1375,6.813246413510995e-11,False
52.125,-0.1375,1.685214837672384e-09,False
52.25,-0.1375,5.736340576189587e-09,False
52.375,-0.1375,1.225002567881063e-08,False
52.5,-0.1375,1.884724838437974e-08,False
52.625,-0.1375,2.0746078984846982e-08,False
52.75,-0.1375,1.3747783669543462e-08,False
52.875,-0.1375,-1.7982135563552188e-10,False
53.0,-0.1375,-9.063462764904803e-09,False
53.125,-0.1375,3.575937765386151e-09,False
53.25,-0.1375,3.886701825593226e-08,False
53.375,-0.1375,5.689345199665073e-08,False
53.5,-0.1375,-2.125175316420087e-08,False
53.625,-0.1375,-2.2202109519983408e-07,False
53.75,-0.1375,-2.6464559691693724e-07,False
53.875,-0.1375,9.038853336576692e-07,False
54.0,-0.1375,5.748720823589504e-06,False
54.125,-0.1375,1.879551764103e-05,False
54.25,-0.1375,4.698042108517846e-05,False
54.375,-0.1375,9.931342753154801e-05,False
54.5,-0.1375,0.00018552075179758244,False
54.625,-0.1375,0.0003135687214126334,False
54.75,-0.1375,0.0004863740502140065,False
54.875,-0.1375,0.0006984705315677829,False
55.0,-0.1375,0.0009337571613806137,False
55.125,-0.1375,0.001165507035415081,False
55.25,-0.1375,0.0013594412831876037,False
55.375,-0.1375,0.001479876298361809,False
55.5,-0.1375,0.0014979180243790218,False
55.625,-0.1375,0.001399731254997438,False
55.75,-0.1375,0.0011924285814143547,False
55.875,-0.1375,0.0009053828111540603,False
56.0,-0.1375,0.0005858236366371927,False
56.125,-0.1375,0.00028919981346648587,False
56.25,-0.1375,6.648915254144645e-05,False
56.375,-0.1375,-4.816481976348151e-05,False
56.5,-0.1375,-4.589724094339253e-05,False
56.625,-0.1375,5.499744202985147e-05,False
56.75,-0.1375,0.0002145079949478719,False
56.875,-0.1375,0.0003821880350699576,False
57.0,-0.1375,0.0005109414482457375,False
57.125,-0.1375,0.0005691718501346984,False
57.25,-0.1375,0.0005477096638414694,False
57.375,-0.1375,0.00045967674504325757,False
57.5,-0.1375,0.0003337909490465633,False
57.625,-0.1375,0.00020373173996533783,False
57.75,-0.1375,9.734049470094498e-05,False
57.875,-0.1375,2.9227693142835968e-05,False
58.0,-0.1375,-1.0843554278256567e-06,False
58.125,-0.1375,-5.473622763502113e-06,False
58.25,-0.1375,3.1725968783088755e-08,False
58.375,-0.1375,2.9457167435016437e-06,False
58.5,-0.1375,-5.609737017028027e-07,False
58.625,-0.1375,-4.911093544021089e-06,False
58.75,-0.1375,1.3149615976716925e-06,False
58.875,-0.1375,2.9254029926694665e-05,False
59.0,-0.1375,8.374608561748707e-05,False
59.125,-0.1375,0.00015992415119555996,False
59.25,-0.1375,0.00024375458605069828,False
59.375,-0.1375,0.0003162601600779133,False
59.5,-0.1375,0.00035973215294255487,False
59.625,-0.1375,0.0003635432744998436,False
59.75,-0.1375,0.0003274357899809025,False
59.875,-0.1375,0.0002612164717251668,False
60.0,-0.1375,0.0001811808889335196,False
10.0,-0.125,0.01873731596544711,False
10.125,-0.125,0.047671631315086734,False
10.25,-0.125,0.054906494449717076,False
10.375,-0.125,0.03952341234759066,False
10.5,-0.125,0.01381208685033476,False
10.625,-0.125,-0.00552415506155215,False
10.75,-0.125,-0.006537879128758636,False
10.875,-0.125,0.012361439016363798,False
11.0,-0.125,0.042358472847465425,False
11.125,-0.125,0.06912993267500037,False
11.25,-0.125,0.08000202489011085,False
11.375,-0.125,0.06993700416959624,False
11.5,-0.125,0.043716724746382316,False
11.625,-0.125,0.013565830379719328,False
11.75,-0.125,-0.006479586048754924,False
11.875,-0.125,-0.0068032448676315395,False
12.0,-0.125,0.013717620166155676,False
12.125,-0.125,0.04745232337057183,False
12.25,-0.125,0.08147915483740616,False
12.375,-0.125,0.10308376352216192,False
12.5,-0.125,0.10484371586333081,False
12.625,-0.125,0.08719135166983964,False
12.75,-0.125,0.057570792448820886,False
12.875,-0.125,0.026819938180196193,False
13.0,-0.125,0.004537957253841885,False
13.125,-0.125,-0.004518843545125312,False
13.25,-0.125,-0.0015946384689966271,False
13.375,-0.125,0.007582719811993164,False
13.5,-0.125,0.016031403966471774,False
13.625,-0.125,0.018834097330232284,False
13.75,-0.125,0.015040682244143242,False
13.875,-0.125,0.007440458504432585,False
14.0,-0.125,0.0005434769376956739,False
14.125,-0.125,-0.0020709673946515406,False
14.25,-0.125,0.00033890947276564985,False
14.375,-0.125,0.005444816264112365,False
14.5,-0.125,0.009345836694978819,False
14.625,-0.125,0.008981275883335615,False
14.75,-0.125,0.00418852905662039,False
14.875,-0.125,-0.0016987297382013138,False
15.0,-0.125,-0.003115816545096716,False
15.125,-0.125,0.005104643901313592,False
15.25,-0.125,0.024927834455022214,False
15.375,-0.125,0.0534712860074453,False
15.5,-0.125,0.08339367641880278,False
15.625,-0.125,0.10532075632724722,False
15.75,-0.125,0.11141023707908683,False
15.875,-0.125,0.09862127370288185,False
16.0,-0.125,0.07031763433472982,False
16.125,-0.125,0.03547394884447594,False
16.25,-0.125,0.005705242765561088,False
16.375,-0.125,-0.008791483076461845,False
16.5,-0.125,-0.0028610215572496345,False
16.625,-0.125,0.02177494277666974,False
16.75,-0.125,0.057134067700866084,False
16.875,-0.125,0.09177504762994021,False
17.0,-0.125,0.11472131148171971,False
17.125,-0.125,0.11907671263708383,False
17.25,-0.125,0.10408482103302784,False
17.375,-0.125,0.07501247705522163,False
17.5,-0.125,0.04104983617799766,False
17.625,-0.125,0.01209871471544714,False
17.75,-0.125,-0.004370408317009336,False
17.875,-0.125,-0.005353409866120119,False
18.0,-0.125,0.007306040578914549,False
18.125,-0.125,0.028105593406944452,False
18.25,-0.125,0.05004031886917451,False
18.375,-0.125,0.066883232474798,False
18.5,-0.125,0.07483709523167499,False
18.625,-0.125,0.07314138202641875,False
18.75,-0.125,0.06364278596558569,False
18.875,-0.125,0.04968218854628536,False
19.0,-0.125,0.03480579860034154,False
19.125,-0.125,0.021753244604157354,False
19.25,-0.125,0.01197311242755025,False
19.375,-0.125,0.005672531696854875,False
19.5,-0.125,0.0022218757801690777,False
19.625,-0.125,0.0006644039949713059,False
19.75,-0.125,0.0001223437852610449,False
19.875,-0.125,-6.069159008256756e-07,False
20.0,-0.125,-7.132230404546169e-06,True
20.125,-0.125,-1.5576359917565206e-06,True
20.25,-0.125,-1.5507765509765551e-07,True
20.375,-0.125,-1.6212025337357662e-07,True
20.5,-0.125,-3.77878610984713e-07,True
20.625,-0.125,1.592774902675759e-06,False
20.75,-0.125,8.44289937763226e-06,False
20.875,-0.125,1.2735644268352078e-05,False
21.0,-0.125,-4.945277168112379e-06,False
21.125,-0.125,-4.405410642152853e-05,False
21.25,-0.125,-1.0493688038606892e-05,False
21.375,-0.125,0.00037341220003699385,False
21.5,-0.125,0.0016214004813946779,False
21.625,-0.125,0.0044398170868536905,False
21.75,-0.125,0.009558637600652987,False
21.875,-0.125,0.017461192131818876,False
22.0,-0.125,0.02809325005354918,False
22.125,-0.125,0.0406643141072714,False
22.25,-0.125,0.05364314222066732,False
22.375,-0.125,0.06499413606819864,False
22.5,-0.125,0.0726189023009652,False
22.625,-0.125,0.0748882910726865,False
22.75,-0.125,0.07110554711979741,False
22.875,-0.125,0.06175008885682792,False
23.0,-0.125,0.048413415675833044,False
23.125,-0.125,0.03343347986367019,False
23.25,-0.125,0.01932899686099168,False
23.375,-0.125,0.008197832427834138,False
23.5,-0.125,0.001252704971312698,False
23.625,-0.125,-0.001379153458410077,False
23.75,-0.125,-0.0005510166609222438,False
23.875,-0.125,0.0022605127836393224,False
24.0,-0.125,0.005439309936571841,False
24.125,-0.125,0.007686432249616554,False
24.25,-0.125,0.008318340855210658,False
24.375,-0.125,0.007337258714270516,False
24.5,-0.125,0.00528277898920916,False
24.625,-0.125,0.0029419563946744914,False
24.75,-0.125,0.0010315011441594875,False
24.875,-0.125,-3.8826388240329694e-05,False
25.0,-0.125,-0.00025283035556086895,False
25.125,-0.125,8.481674447569971e-05,False
25.25,-0.125,0.0005329992106629627,False
25.375,-0.125,0.0007276051128915342,False
25.5,-0.125,0.0005383764951406264,False
25.625,-0.125,0.00011158544976742537,False
25.75,-0.125,-0.00021186265351347464,False
25.875,-0.125,-6.476036352921931e-05,False
26.0,-0.125,0.0007622691789956935,False
26.125,-0.125,0.0021968211307102354,False
26.25,-0.125,0.0038738948414140124,False
26.375,-0.125,0.005248527057981265,False
26.5,-0.125,0.005795418425952146,False
26.625,-0.125,0.005224984583346023,False
26.75,-0.125,0.0036360280650962586,False
26.875,-0.125,0.0015443707667189173,False
27.0,-0.125,-0.00023209513714380383,False
27.125,-0.125,-0.000802461580486727,False
27.25,-0.125,0.0005235546131719942,False
27.375,-0.125,0.004004127504941426,False
27.5,-0.125,0.009351118241241855,False
27.625,-0.125,0.01577167807124328,False
27.75,-0.125,0.02215498755346227,False
27.875,-0.125,0.027348215093014286,False
28.0,-0.125,0.030439429780013124,False
28.125,-0.125,0.030965947874200508,False
28.25,-0.125,0.028993182369790274,False
28.375,-0.125,0.025051525576627945,False
28.5,-0.125,0.019962225243042604,False
28.625,-0.125,0.014613234007407706,False
28.75,-0.125,0.00975379986238568,False
28.875,-0.125,0.005861650700581714,False
29.0,-0.125,0.003106464989717003,False
29.125,-0.125,0.0013999687766674223,False
29.25,-0.125,0.0004982953480044921,False
29.375,-0.125,0.00011344913988406091,False
29.5,-0.125,-1.7169439079383987e-06,False
29.625,-0.125,-1.239178406698033e-05,False
29.75,-0.125,-1.9598340548338e-06,False
29.875,-0.125,2.9121696546407957e-06,False
30.0,-0.125,2.0405806622070385e-06,False
30.125,-0.125,4.128060126233072e-07,False
30.25,-0.125,-8.024414051654304e-08,False
30.375,-0.125,-3.768284069742058e-08,False
30.5,-0.125,-2.3692969709786362e-08,False
30.625,-0.125,-2.1829850018789687e-07,False
30.75,-0.125,-1.020725183567766e-06,False
30.875,-0.125,-2.8185628465056623e-10,False
31.0,-0.125,1.7961199909859116e-05,False
31.125,-0.125,9.462262680014043e-05,False
31.25,-0.125,0.00030707941282074984,False
31.375,-0.125,0.0007593439212179966,False
31.5,-0.125,0.0015498568703505968,False
31.625,-0.125,0.002719647231576301,False
31.75,-0.125,0.004199386473589505,False
31.875,-0.125,0.005781763927785344,False
32.0,-0.125,0.007142465620867171,False
32.125,-0.125,0.00791722889693668,False
32.25,-0.125,0.007818798848624705,False
32.375,-0.125,0.00675577460516326,False
32.5,-0.125,0.004905843412002619,False
32.625,-0.125,0.0027053124231549252,False
32.75,-0.125,0.0007441181953619708,False
32.875,-0.125,-0.00040852982953027014,False
33.0,-0.125,-0.00039215218368631843,False
33.125,-0.125,0.0008108288124732987,False
33.25,-0.125,0.0028484058971084848,False
33.375,-0.125,0.005097382101814045,False
33.5,-0.125,0.006858906786197697,False
33.625,-0.125,0.007585731959240427,False
33.75,-0.125,0.007061529914803674,False
33.875,-0.125,0.0054681307253613256,False
34.0,-0.125,0.0033166363762532334,False
34.125,-0.125,0.0012679598689685561,False
34.25,-0.125,-9.165291348075985e-05,False
34.375,-0.125,-0.00043953229565735425,False
34.5,-0.125,0.0001952043224422512,False
34.625,-0.125,0.0014698835708555245,False
34.75,-0.125,0.0028712163414138293,False
34.875,-0.125,0.0039042232647077675,False
35.0,-0.125,0.004255699619034026,False
35.125,-0.125,0.0038759323065873747,False
35.25,-0.125,0.002957814800188827,False
35.375,-0.125,0.001832985212617912,False
35.5,-0.125,0.0008338575933139787,False
35.625,-0.125,0.00017778358020642212,False
35.75,-0.125,-8.59363550433075e-05,False
35.875,-0.125,-5.5482852195234636e-05,False
36.0,-0.125,9.745943476948254e-05,False
36.125,-0.125,0.00021602298621041586,False
36.25,-0.125,0.00022143763009690304,False
36.375,-0.125,0.00012830708107014618,False
36.5,-0.125,1.3240181395492731e-05,False
36.625,-0.125,-4.10289700927403e-05,False
36.75,-0.125,4.4991723896480265e-06,False
36.875,-0.125,0.00012525672468031686,False
37.0,-0.125,0.0002502423316177072,False
37.125,-0.125,0.0003042536449047877,False
37.25,-0.125,0.00025171674301609524,False
37.375,-0.125,0.00011911412632232533,False
37.5,-0.125,-1.5352015089901454e-05,False
37.625,-0.125,-5.959557360845261e-05,False
37.75,-0.125,4.576844098878714e-05,False
37.875,-0.125,0.00029491390082058577,False
38.0,-0.125,0.0006142751150260863,False
38.125,-0.125,0.0008916079942419365,False
38.25,-0.125,0.0010234742827654063,False
38.375,-0.125,0.0009596028195101942,False
38.5,-0.125,0.0007242742285615241,False
38.625,-0.125,0.00040556407338311574,False
38.75,-0.125,0.00011781842181639727,False
38.875,-0.125,-4.5581610070060716e-05,False
39.0,-0.125,-4.843974984744012e-05,False
39.125,-0.125,7.810008560514152e-05,False
39.25,-0.125,0.00025441244121379497,False
39.375,-0.125,0.00039037113656543467,False
39.5,-0.125,0.00042473248090986996,False
39.625,-0.125,0.0003486290117996925,False
39.75,-0.125,0.00020396111664593055,False
39.875,-0.125,5.921086321246776e-05,False
40.0,-0.125,-2.4831301069302376e-05,False
40.125,-0.125,-2.3105153561590757e-05,False
40.25,-0.125,4.45282324582918e-05,False
40.375,-0.125,0.00012633802728188057,False
40.5,-0.125,0.0001670745718540429,False
40.625,-0.125,0.0001378915194110099,False
40.75,-0.125,5.3751062776592214e-05,False
40.875,-0.125,-2.98192708062306e-05,False
41.0,-0.125,-3.936351081542937e-05,False
41.125,-0.125,8.428967872885458e-05,False
41.25,-0.125,0.0003581053602724832,False
41.375,-0.125,0.000745063415907914,False
41.5,-0.125,0.0011634213110212233,False
41.625,-0.125,0.0015131983449954284,False
41.75,-0.125,0.0017093036903827973,False
41.875,-0.125,0.0017086050417653546,False
42.0,-0.125,0.0015213041339370375,False
42.125,-0.125,0.0012036286126813442,False
42.25,-0.125,0.0008361126640400961,False
42.375,-0.125,0.0004966731768905334,False
42.5,-0.125,0.00023856779295943257,False
42.625,-0.125,8.023268298483014e-05,False
42.75,-0.125,8.617824254689868e-06,False
42.875,-0.125,-7.628516052360279e-06,False
43.0,-0.125,-1.86123901139476e-06,False
43.125,-0.125,3.2509398716199065e-06,False
43.25,-0.125,7.338943669668203e-07,False
43.375,-0.125,-3.6133331148468e-06,False
43.5,-0.125,9.415147890535422e-07,False
43.625,-0.125,2.1770112596611095e-05,False
43.75,-0.125,5.7941094225437457e-05,False
43.875,-0.125,0.0001002843811463723,False
44.0,-0.125,0.0001356291585970543,False
44.125,-0.125,0.00015266858713281498,False
44.25,-0.125,0.00014657392053335914,False
44.375,-0.125,0.00012045482387245407,False
44.5,-0.125,8.341483930030964e-05,False
44.625,-0.125,4.6460948010077414e-05,False
44.75,-0.125,1.826365254528209e-05,False
44.875,-0.125,2.5309000057395492e-06,False
45.0,-0.125,-2.1924374609815383e-06,False
45.125,-0.125,-6.357325844587021e-07,False
45.25,-0.125,2.0186299097346457e-06,False
45.375,-0.125,2.536689161641194e-06,False
45.5,-0.125,6.733677520347028e-07,False
45.625,-0.125,-1.3481662016110186e-06,False
45.75,-0.125,-4.1859257780381454e-07,False
45.875,-0.125,5.68163919446424e-06,False
46.0,-0.125,1.7117702567826696e-05,False
46.125,-0.125,3.186114965003483e-05,False
46.25,-0.125,4.649344201817956e-05,False
46.375,-0.125,5.749446948175448e-05,False
46.5,-0.125,6.243807589516403e-05,False
46.625,-0.125,6.065271044316614e-05,False
46.75,-0.125,5.319206138886155e-05,False
46.875,-0.125,4.225133982518321e-05,False
47.0,-0.125,3.0342276940153293e-05,False
47.125,-0.125,1.9558349255459597e-05,False
47.25,-0.125,1.115065197469301e-05,False
47.375,-0.125,5.469032834029003e-06,False
47.5,-0.125,2.1809353181777644e-06,False
47.625,-0.125,6.104594888521661e-07,False
47.75,-0.125,4.888139123035383e-08,False
47.875,-0.125,-5.1647542364136135e-08,False
48.0,-0.125,-1.696225732660673e-08,False
48.125,-0.125,1.4389265560508526e-08,False
48.25,-0.125,1.611824992239127e-08,False
48.375,-0.125,4.633205705709083e-09,False
48.5,-0.125,-2.7117872854658214e-09,False
48.625,-0.125,-1.1210163033296373e-09,False
48.75,-0.125,4.996640608024038e-09,False
48.875,-0.125,9.739822580962185e-09,False
49.0,-0.125,1.042110395786406e-08,False
49.125,-0.125,7.867921643353935e-09,False
49.25,-0.125,4.3604059698038886e-09,False
49.375,-0.125,1.6596202706119561e-09,False
49.5,-0.125,2.9381522486981356e-10,False
49.625,-0.125,-8.892706962011788e-11,False
49.75,-0.125,-5.597403608147004e-11,False
49.875,-0.125,2.5667930771277864e-11,False
50.0,-0.125,4.6494330761705446e-11,False
50.125,-0.125,2.888799438650471e-11,False
50.25,-0.125,9.873128175433364e-12,False
50.375,-0.125,1.363442983398936e-12,False
50.5,-0.125,-4.0262727125784835e-13,False
50.625,-0.125,-2.344267265747415e-13,False
50.75,-0.125,5.360365095225214e-14,False
50.875,-0.125,8.762157249559013e-14,False
51.0,-0.125,-3.7470626863464384e-13,False
51.125,-0.125,-7.772501181486969e-13,False
51.25,-0.125,3.029383970926494e-12,False
51.375,-0.125,1.846992571155141e-11,False
51.5,-0.125,4.189370205732346e-11,False
51.625,-0.125,3.5949367616378925e-11,False
51.75,-0.125,-4.9608916693290255e-11,False
51.875,-0.125,-1.3945089752585142e-10,False
52.0,-0.125,2.070319236918408e-10,False
52.125,-0.125,1.904594873869931e-09,False
52.25,-0.125,5.928848149010916e-09,False
52.375,-0.125,1.220769717547e-08,False
52.5,-0.125,1.839591488720447e-08,False
52.625,-0.125,1.9994475021941627e-08,False
52.75,-0.125,1.3258135519356022e-08,False
52.875,-0.125,3.7344079526006334e-10,False
53.0,-0.125,-7.302393746072254e-09,False
53.125,-0.125,5.053567157657057e-09,False
53.25,-0.125,3.70583936431083e-08,False
53.375,-0.125,5.094041009231702e-08,False
53.5,-0.125,-2.0532018026318942e-08,False
53.625,-0.125,-1.7611084341378295e-07,False
53.75,-0.125,-8.802164620901714e-08,False
53.875,-0.125,1.3580378015140264e-06,False
54.0,-0.125,6.6853377607993915e-06,False
54.125,-0.125,2.0444405682718155e-05,False
54.25,-0.125,4.9526608029147606e-05,False
54.375,-0.125,0.00010279799781588123,False
54.5,-0.125,0.00018973620252408103,False
54.625,-0.125,0.00031798768585223594,False
54.75,-0.125,0.000490154832269769,False
54.875,-0.125,0.0007005710165867993,False
55.0,-0.125,0.0009331592064886468,False
55.125,-0.125,0.0011615126785100398,False
55.25,-0.125,0.001351963204802743,False
55.375,-0.125,0.0014696241693021414,False
55.5,-0.125,0.001486392821038271,False
55.625,-0.125,0.001388985027370682,False
55.75,-0.125,0.0011846180630107831,False
55.875,-0.125,0.0009022201608919514,False
56.0,-0.125,0.0005880793324999502,False
56.125,-0.125,0.00029641833387024027,False
56.25,-0.125,7.702865181705188e-05,False
56.375,-0.125,-3.6751471795591054e-05,False
56.5,-0.125,-3.623228568537484e-05,False
56.625,-0.125,6.081604895852712e-05,False
56.75,-0.125,0.00021546271032951,False
56.875,-0.125,0.0003785801510839509,False
57.0,-0.125,0.0005042366692221735,False
57.125,-0.125,0.0005615058894966512,False
57.25,-0.125,0.0005412188508549685,False
57.375,-0.125,0.00045587450004943366,False
57.5,-0.125,0.00033318991605811674,False
57.625,-0.125,0.00020582074755488887,False
57.75,-0.125,0.00010089856079253254,False
57.875,-0.125,3.284070399329086e-05,False
58.0,-0.125,1.4975924147910132e-06,False
58.125,-0.125,-4.34183775343256e-06,False
58.25,-0.125,9.859325793666533e-09,False
58.375,-0.125,2.5484632299683935e-06,False
58.5,-0.125,-4.764137357810047e-07,False
58.625,-0.125,-3.8097703625986128e-06,False
58.75,-0.125,3.4052250280495935e-06,False
58.875,-0.125,3.174955446846507e-05,False
59.0,-0.125,8.574658983700166e-05,False
59.125,-0.125,0.00016057888902821385,False
59.25,-0.125,0.00024260565394861814,False
59.375,-0.125,0.0003134297763287565,False
59.5,-0.125,0.00035588803811538255,False
59.625,-0.125,0.000359665069924351,False
59.75,-0.125,0.00032447979145359675,False
59.875,-0.125,0.00025980790704116757,False
60.0,-0.125,0.0001814431773869813,False
10.0,-0.11249999999999999,0.01870284394260917,False
10.125,-0.11249999999999999,0.04598888722418979,False
10.25,-0.11249999999999999,0.053053970098426176,False
10.375,-0.11249999999999999,0.038649578512130994,False
10.5,-0.11249999999999999,0.01432423382899435,False
10.625,-0.11249999999999999,-0.004002619523240231,False
10.75,-0.11249999999999999,-0.004870610070470261,False
10.875,-0.11249999999999999,0.01329457959791103,False
11.0,-0.11249999999999999,0.04208528947674184,False
11.125,-0.11249999999999999,0.0677834610359628,False
11.25,-0.11249999999999999,0.07822596108841032,False
11.375,-0.11249999999999999,0.068564956671587,False
11.5,-0.11249999999999999,0.043384099693149776,False
11.625,-0.11249999999999999,0.014430545962857397,False
11.75,-0.11249999999999999,-0.00479125683927703,False
11.875,-0.11249999999999999,-0.005015281439304348,False
12.0,-0.11249999999999999,0.014855298342487736,False
12.125,-0.11249999999999999,0.047482465002377565,False
12.25,-0.11249999999999999,0.08041348649787934,False
12.375,-0.11249999999999999,0.10137065664812292,False
12.5,-0.11249999999999999,0.10315502209952505,False
12.625,-0.11249999999999999,0.08613189669777391,False
12.75,-0.11249999999999999,0.05743968256802694,False
12.875,-0.11249999999999999,0.027520793440472653,False
13.0,-0.11249999999999999,0.005663406343694902,False
13.125,-0.11249999999999999,-0.003480470937921474,False
13.25,-0.11249999999999999,-0.0010312218701562152,False
13.375,-0.11249999999999999,0.00755508702854072,False
13.5,-0.11249999999999999,0.015579057384198408,False
13.625,-0.11249999999999999,0.018288165598275178,False
13.75,-0.11249999999999999,0.014717485153833648,False
13.875,-0.11249999999999999,0.007489237908808319,False
14.0,-0.11249999999999999,0.0008912620094356238,False
14.125,-0.11249999999999999,-0.0016580978231365469,False
14.25,-0.11249999999999999,0.0005622499157129427,False
14.375,-0.11249999999999999,0.005348848406884907,False
14.5,-0.11249999999999999,0.009002667896971758,False
14.625,-0.11249999999999999,0.008634715659276442,False
14.75,-0.11249999999999999,0.004130583020383155,False
14.875,-0.11249999999999999,-0.0012852876622948357,False
15.0,-0.11249999999999999,-0.0022720592440386655,False
15.125,-0.11249999999999999,0.006100222083046743,False
15.25,-0.11249999999999999,0.02565935019167198,False
15.375,-0.11249999999999999,0.05355964118003057,False
15.5,-0.11249999999999999,0.08267037213300615,False
15.625,-0.11249999999999999,0.10392437328227255,False
15.75,-0.11249999999999999,0.10975980642533925,False
15.875,-0.11249999999999999,0.09727209233353139,False
16.0,-0.11249999999999999,0.06975452662161911,False
16.125,-0.11249999999999999,0.03592367203108748,False
16.25,-0.11249999999999999,0.00704277043968421,False
16.375,-0.11249999999999999,-0.007005325447321079,False
16.5,-0.11249999999999999,-0.0012248843460185774,False
16.625,-0.11249999999999999,0.022715225040238107,False
16.75,-0.11249999999999999,0.057075304694877246,False
16.875,-0.11249999999999999,0.09075496624577122,False
17.0,-0.11249999999999999,0.1130931251755156,False
17.125,-0.11249999999999999,0.11737510209851904,False
17.25,-0.11249999999999999,0.10283727955057484,False
17.375,-0.11249999999999999,0.07456615139516164,False
17.5,-0.11249999999999999,0.04147305813263343,False
17.625,-0.11249999999999999,0.01318468255665335,False
17.75,-0.11249999999999999,-0.0030091606509037496,False
17.875,-0.11249999999999999,-0.004141897500931424,False
18.0,-0.11249999999999999,0.00804269023562046,False
18.125,-0.11249999999999999,0.028228373573672076,False
18.25,-0.11249999999999999,0.04960982737690226,False
18.375,-0.11249999999999999,0.06610722374301382,False
18.5,-0.11249999999999999,0.07398063105089314,False
18.625,-0.11249999999999999,0.0724361869837778,False
18.75,-0.11249999999999999,0.06322603021099409,False
18.875,-0.11249999999999999,0.049578851869150245,False
19.0,-0.11249999999999999,0.0349506811776447,False
19.125,-0.11249999999999999,0.022035698034840744,False
19.25,-0.11249999999999999,0.012283544749590182,False
19.375,-0.11249999999999999,0.005934360067472322,False
19.5,-0.11249999999999999,0.0024022120125330153,False
19.625,-0.11249999999999999,0.0007664835085831107,False
19.75,-0.11249999999999999,0.00016866594409945684,False
19.875,-0.11249999999999999,1.525322625355258e-05,False
20.0,-0.11249999999999999,-3.511084826720936e-06,True
20.125,-0.11249999999999999,-1.1272238155941056e-06,True
20.25,-0.11249999999999999,-1.3331947715391792e-07,True
20.375,-0.11249999999999999,-1.394318915079048e-07,True
20.5,-0.11249999999999999,-1.938524577290471e-07,True
20.625,-0.11249999999999999,1.8902086092975636e-06,False
20.75,-0.11249999999999999,8.152467330546468e-06,False
20.875,-0.11249999999999999,1.1440774186258555e-05,False
21.0,-0.11249999999999999,-4.53957392064542e-06,False
21.125,-0.11249999999999999,-3.28506522174637e-05,False
21.25,-0.11249999999999999,2.7981046645838452e-05,False
21.375,-0.11249999999999999,0.00045939375653912345,False
21.5,-0.11249999999999999,0.0017704347386394202,False
21.625,-0.11249999999999999,0.0046520213028128496,False
21.75,-0.11249999999999999,0.00981029672273729,False
21.875,-0.11249999999999999,0.0177034683625137,False
22.0,-0.11249999999999999,0.02826066030477366,False
22.125,-0.11249999999999999,0.04069192191117303,False
22.25,-0.11249999999999999,0.05348759751468054,False
22.375,-0.11249999999999999,0.06465141310898777,False
22.5,-0.11249999999999999,0.07213191629685942,False
22.625,-0.11249999999999999,0.07434057377303652,False
22.75,-0.11249999999999999,0.070601812368401,False
22.875,-0.11249999999999999,0.06138912363171074,False
23.0,-0.11249999999999999,0.04826157844953973,False
23.125,-0.11249999999999999,0.03350711020412025,False
23.25,-0.11249999999999999,0.019591214481266692,False
23.375,-0.11249999999999999,0.008570538477436773,False
23.5,-0.11249999999999999,0.0016397368252023807,False
23.625,-0.11249999999999999,-0.0010651553310131667,False
23.75,-0.11249999999999999,-0.00036630180930714525,False
23.875,-0.11249999999999999,0.0023021751153007777,False
24.0,-0.11249999999999999,0.005364536875584432,False
24.125,-0.11249999999999999,0.0075485550470951925,False
24.25,-0.11249999999999999,0.008177527191124424,False
24.375,-0.11249999999999999,0.007241280979612146,False
24.5,-0.11249999999999999,0.005254413993294002,False
24.625,-0.11249999999999999,0.0029762591378932396,False
24.75,-0.11249999999999999,0.0011026310949094234,False
24.875,-0.11249999999999999,3.531377091773745e-05,False
25.0,-0.11249999999999999,-0.00020362293625534217,False
25.125,-0.11249999999999999,9.683393257461844e-05,False
25.25,-0.11249999999999999,0.000513929324758187,False
25.375,-0.11249999999999999,0.000697151036104012,False
25.5,-0.11249999999999999,0.0005200454295270129,False
25.625,-0.11249999999999999,0.0001219422647128069,False
25.75,-0.11249999999999999,-0.0001706745898736572,False
25.875,-0.11249999999999999,-6.395668087508244e-06,False
26.0,-0.11249999999999999,0.0008135624580154316,False
26.125,-0.11249999999999999,0.0022159950374421008,False
26.25,-0.11249999999999999,0.0038457807766602297,False
26.375,-0.11249999999999999,0.005175335538093913,False
26.5,-0.11249999999999999,0.00569809398980847,False
26.625,-0.11249999999999999,0.0051376175432409875,False
26.75,-0.11249999999999999,0.0035949976929339593,False
26.875,-0.11249999999999999,0.001575809289111024,False
27.0,-0.11249999999999999,-0.00012224095929438722,False
27.125,-0.11249999999999999,-0.0006322789407563151,False
27.25,-0.11249999999999999,0.0007156865282012396,False
27.375,-0.11249999999999999,0.004169852839111409,False
27.5,-0.11249999999999999,0.009445794694466466,False
27.625,-0.11249999999999999,0.015767140665730577,False
27.75,-0.11249999999999999,0.022047424350945206,False
27.875,-0.11249999999999999,0.02715883744240009,False
28.0,-0.11249999999999999,0.030207981810784608,False
28.125,-0.11249999999999999,0.03073935919436097,False
28.25,-0.11249999999999999,0.028813064190266045,False
28.375,-0.11249999999999999,0.024944312689099028,False
28.5,-0.11249999999999999,0.019934615061602757,False
28.625,-0.11249999999999999,0.01465364765708508,False
28.75,-0.11249999999999999,0.009838610971553738,False
28.875,-0.11249999999999999,0.0059635835240646855,False
29.0,-0.11249999999999999,0.003202258233155552,False
29.125,-0.11249999999999999,0.0014751238606442137,False
29.25,-0.11249999999999999,0.0005480894984311521,False
29.375,-0.11249999999999999,0.0001408108575402994,False
29.5,-0.11249999999999999,1.0066670087383559e-05,False
29.625,-0.11249999999999999,-9.011966194031502e-06,False
29.75,-0.11249999999999999,-1.7642226465620061e-06,False
29.875,-0.11249999999999999,2.591538296794589e-06,False
30.0,-0.11249999999999999,1.9609591643148867e-06,False
30.125,-0.11249999999999999,4.802915695261563e-07,False
30.25,-0.11249999999999999,-3.59449182029341e-08,False
30.375,-0.11249999999999999,-3.172118006106874e-08,False
30.5,-0.11249999999999999,-2.065011667977398e-08,False
30.625,-0.11249999999999999,-1.5841563069002013e-07,False
30.75,-0.11249999999999999,-5.061059799253311e-07,False
30.875,-0.11249999999999999,2.2309965951501365e-06,False
31.0,-0.11249999999999999,2.4292690205884332e-05,False
31.125,-0.11249999999999999,0.00010802017810932575,False
31.25,-0.11249999999999999,0.00032958271765245534,False
31.375,-0.11249999999999999,0.0007900364424916944,False
31.5,-0.11249999999999999,0.0015833143299540714,False
31.625,-0.11249999999999999,0.0027459948180658823,False
31.75,-0.11249999999999999,0.0042066166971503095,False
31.875,-0.11249999999999999,0.005759993630469958,False
32.0,-0.11249999999999999,0.007088741095894482,False
32.125,-0.11249999999999999,0.007838845789687438,False
32.25,-0.11249999999999999,0.007733290941418034,False
32.375,-0.11249999999999999,0.006686808131776708,False
32.5,-0.11249999999999999,0.004875881462338189,False
32.625,-0.11249999999999999,0.0027274338269938935,False
32.75,-0.11249999999999999,0.0008160963192229173,False
32.875,-0.11249999999999999,-0.0003052776594367648,False
33.0,-0.11249999999999999,-0.00028777221696313045,False
33.125,-0.11249999999999999,0.0008840279228167624,False
33.25,-0.11249999999999999,0.0028668223224767265,False
33.375,-0.11249999999999999,0.005054520533307821,False
33.5,-0.11249999999999999,0.006768082210821297,False
33.625,-0.11249999999999999,0.007475866328797631,False
33.75,-0.11249999999999999,0.006967399212739658,False
33.875,-0.11249999999999999,0.005418536877636034,False
34.0,-0.11249999999999999,0.0033247930011406,False
34.125,-0.11249999999999999,0.0013275521342368804,False
34.25,-0.11249999999999999,-3.428791323483013e-06,False
34.375,-0.11249999999999999,-0.00035327426481800026,False
34.5,-0.11249999999999999,0.00025206186803758635,False
34.625,-0.11249999999999999,0.0014821908309822524,False
34.75,-0.11249999999999999,0.0028401845082441936,False
34.875,-0.11249999999999999,0.0038453304899891344,False
35.0,-0.11249999999999999,0.004191702068197754,False
35.125,-0.11249999999999999,0.0038280126187002148,False
35.25,-0.11249999999999999,0.0029383542271957984,False
35.375,-0.11249999999999999,0.001842500232649399,False
35.5,-0.11249999999999999,0.000862774094572024,False
35.625,-0.11249999999999999,0.00021175468867842495,False
35.75,-0.11249999999999999,-5.972215661576182e-05,False
35.875,-0.11249999999999999,-4.3653115540081006e-05,False
36.0,-0.11249999999999999,9.580294399933362e-05,False
36.125,-0.11249999999999999,0.0002072730583033251,False
36.25,-0.11249999999999999,0.00021344762098093287,False
36.375,-0.11249999999999999,0.00012641572581612584,False
36.5,-0.11249999999999999,1.8134424045573106e-05,False
36.625,-0.11249999999999999,-3.287433041562649e-05,False
36.75,-0.11249999999999999,1.0665311709633823e-05,False
36.875,-0.11249999999999999,0.0001255670480594756,False
37.0,-0.11249999999999999,0.00024434029155935913,False
37.125,-0.11249999999999999,0.0002954509741246276,False
37.25,-0.11249999999999999,0.00024520776328976754,False
37.375,-0.11249999999999999,0.00011922094221368613,False
37.5,-0.11249999999999999,-7.499573376304434e-06,False
37.625,-0.11249999999999999,-4.680081731935924e-05,False
37.75,-0.11249999999999999,5.795866901913508e-05,False
37.875,-0.11249999999999999,0.0003007489973509211,False
38.0,-0.11249999999999999,0.0006104812883330996,False
38.125,-0.11249999999999999,0.0008789553065103477,False
38.25,-0.11249999999999999,0.0010065148522141669,False
38.375,-0.11249999999999999,0.0009447188189534029,False
38.5,-0.11249999999999999,0.0007169402359164881,False
38.625,-0.11249999999999999,0.0004080594337891192,False
38.75,-0.11249999999999999,0.0001283867777983185,False
38.875,-0.11249999999999999,-3.180712756969858e-05,False
39.0,-0.11249999999999999,-3.722253721955745e-05,False
39.125,-0.11249999999999999,8.257639727255944e-05,False
39.25,-0.11249999999999999,0.0002511881026168342,False
39.375,-0.11249999999999999,0.00038185006231805413,False
39.5,-0.11249999999999999,0.0004153464109688062,False
39.625,-0.11249999999999999,0.00034270759677240285,False
39.75,-0.11249999999999999,0.00020380501401593237,False
39.875,-0.11249999999999999,6.421907889744537e-05,False
40.0,-0.11249999999999999,-1.7647516398658652e-05,False
40.125,-0.11249999999999999,-1.7531039463697144e-05,False
40.25,-0.11249999999999999,4.579887911172112e-05,False
40.375,-0.11249999999999999,0.0001230072681917801,False
40.5,-0.11249999999999999,0.00016137999122588936,False
40.625,-0.11249999999999999,0.000133545586143743,False
40.75,-0.11249999999999999,5.418390047018813e-05,False
40.875,-0.11249999999999999,-2.311459581619553e-05,False
41.0,-0.11249999999999999,-2.7650711682229273e-05,False
41.125,-0.11249999999999999,9.735527920437276e-05,False
41.25,-0.11249999999999999,0.00036785907349241886,False
41.375,-0.11249999999999999,0.0007476387559388844,False
41.5,-0.11249999999999999,0.0011572362439205741,False
41.625,-0.11249999999999999,0.0014995374801720044,False
41.75,-0.11249999999999999,0.0016918079486342506,False
41.875,-0.11249999999999999,0.0016919258785826918,False
42.0,-0.11249999999999999,0.0015094890993500283,False
42.125,-0.11249999999999999,0.0011988632179394058,False
42.25,-0.11249999999999999,0.0008382484361822733,False
42.375,-0.11249999999999999,0.0005036260994723663,False
42.5,-0.11249999999999999,0.0002473295355502443,False
42.625,-0.11249999999999999,8.803602269359796e-05,False
42.75,-0.11249999999999999,1.3801828993432503e-05,False
42.875,-0.11249999999999999,-5.32552454716993e-06,False
43.0,-0.11249999999999999,-1.5887023703711826e-06,False
43.125,-0.11249999999999999,2.8092882464926935e-06,False
43.25,-0.11249999999999999,6.792229702844095e-07,False
43.375,-0.11249999999999999,-2.8281830530168815e-06,False
43.5,-0.11249999999999999,2.3157539261512046e-06,False
43.625,-0.11249999999999999,2.305196482544227e-05,False
43.75,-0.11249999999999999,5.843976791390499e-05,False
43.875,-0.11249999999999999,9.965785959558255e-05,False
44.0,-0.11249999999999999,0.00013403001492449,False
44.125,-0.11249999999999999,0.00015064512033860448,False
44.25,-0.11249999999999999,0.00014480599781775281,False
44.375,-0.11249999999999999,0.00011946362201959319,False
44.5,-0.11249999999999999,8.337593361681856e-05,False
44.625,-0.11249999999999999,4.718601894653616e-05,False
44.75,-0.11249999999999999,1.9333708089295477e-05,False
44.875,-0.11249999999999999,3.501755085360491e-06,False
45.0,-0.11249999999999999,-1.6100184371927658e-06,False
45.125,-0.11249999999999999,-4.924251919921772e-07,False
45.25,-0.11249999999999999,1.8791675865981316e-06,False
45.375,-0.11249999999999999,2.3644047627654026e-06,False
45.5,-0.11249999999999999,6.789084845060518e-07,False
45.625,-0.11249999999999999,-1.0858330201401858e-06,False
45.75,-0.11249999999999999,2.853966374114643e-08,False
45.875,-0.11249999999999999,6.140491878894583e-06,False
46.0,-0.11249999999999999,1.7400733027024767e-05,False
46.125,-0.11249999999999999,3.184751084245319e-05,False
46.25,-0.11249999999999999,4.6172086340857225e-05,False
46.375,-0.11249999999999999,5.6957979623475645e-05,False
46.5,-0.11249999999999999,6.183797611466509e-05,False
46.625,-0.11249999999999999,6.014033541092328e-05,False
46.75,-0.11249999999999999,5.286998570032041e-05,False
46.875,-0.11249999999999999,4.2151112510026086e-05,False
47.0,-0.11249999999999999,3.043074428771252e-05,False
47.125,-0.11249999999999999,1.976358470387467e-05,False
47.25,-0.11249999999999999,1.1393458933896937e-05,False
47.375,-0.11249999999999999,5.687635407058194e-06,False
47.5,-0.11249999999999999,2.342431308497793e-06,False
47.625,-0.11249999999999999,7.093372627299217e-07,False
47.75,-0.11249999999999999,9.750020619176405e-08,False
47.875,-0.11249999999999999,-3.444352559189518e-08,False
48.0,-0.11249999999999999,-1.4450076826717916e-08,False
48.125,-0.11249999999999999,1.284345670941662e-08,False
48.25,-0.11249999999999999,1.510303065442375e-08,False
48.375,-0.11249999999999999,4.851434573035885e-09,False
48.5,-0.11249999999999999,-2.046655419689248e-09,False
48.625,-0.11249999999999999,-7.410335952656758e-10,False
48.75,-0.11249999999999999,4.9175616098687865e-09,False
48.875,-0.11249999999999999,9.42395420866001e-09,False
49.0,-0.11249999999999999,1.014890647391829e-08,False
49.125,-0.11249999999999999,7.772114038412641e-09,False
49.25,-0.11249999999999999,4.413755956479706e-09,False
49.375,-0.11249999999999999,1.7671732163427116e-09,False
49.5,-0.11249999999999999,3.8052694880490743e-10,False
49.625,-0.11249999999999999,-4.6830156056727136e-11,False
49.75,-0.11249999999999999,-4.6332774638779606e-11,False
49.875,-0.11249999999999999,2.3066168851631256e-11,False
50.0,-0.11249999999999999,4.3670283449449825e-11,False
50.125,-0.11249999999999999,2.8489902816992757e-11,False
50.25,-0.11249999999999999,1.0565639032564674e-11,False
50.375,-0.11249999999999999,1.930819391148276e-12,False
50.5,-0.11249999999999999,-1.8291775723051085e-13,False
50.625,-0.11249999999999999,-1.908336825987089e-13,False
50.75,-0.11249999999999999,4.3944836046175096e-14,False
50.875,-0.11249999999999999,6.835667732252011e-14,False
51.0,-0.11249999999999999,-3.0827922091824347e-13,False
51.125,-0.11249999999999999,-3.722779345024105e-13,False
51.25,-0.11249999999999999,3.870978745864858e-12,False
51.375,-0.11249999999999999,1.876611121289862e-11,False
51.5,-0.11249999999999999,3.956725135544282e-11,False
51.625,-0.11249999999999999,3.1985423748274586e-11,False
51.75,-0.11249999999999999,-4.217019657599847e-11,False
51.875,-0.11249999999999999,-8.99409342144351e-11,False
52.0,-0.11249999999999999,3.3256481411120615e-10,False
52.125,-0.11249999999999999,2.099859028992798e-09,False
52.25,-0.11249999999999999,6.096749146685838e-09,False
52.375,-0.11249999999999999,1.2164113206121744e-08,False
52.5,-0.11249999999999999,1.7990781733070254e-08,False
52.625,-0.11249999999999999,1.9331362994222788e-08,False
52.75,-0.11249999999999999,1.2838731632010908e-08,False
52.875,-0.11249999999999999,8.792304163422184e-10,False
53.0,-0.11249999999999999,-5.753581748503872e-09,False
53.125,-0.11249999999999999,6.300388819445691e-09,False
53.25,-0.11249999999999999,3.539633951828747e-08,False
53.375,-0.11249999999999999,4.5880082884413336e-08,False
53.5,-0.11249999999999999,-1.8720602815208104e-08,False
53.625,-0.11249999999999999,-1.3199597930090574e-07,False
53.75,-0.11249999999999999,7.620629839582123e-08,False
53.875,-0.11249999999999999,1.7751168143615441e-06,False
54.0,-0.11249999999999999,7.539684575588142e-06,False
54.125,-0.11249999999999999,2.1941840863142823e-05,False
54.25,-0.11249999999999999,5.183154673257604e-05,False
54.375,-0.11249999999999999,0.00010594445406458396,False
54.5,-0.11249999999999999,0.000193534283129223,False
54.625,-0.11249999999999999,0.000321960413230804,False
54.75,-0.11249999999999999,0.0004935441050913405,False
54.875,-0.11249999999999999,0.0007024407366190444,False
55.0,-0.11249999999999999,0.0009325971330769285,False
55.125,-0.11249999999999999,0.001157896087439811,False
55.25,-0.11249999999999999,0.0013452187188985644,False
55.375,-0.11249999999999999,0.001460393704871744,False
55.5,-0.11249999999999999,0.0014760271602320461,False
55.625,-0.11249999999999999,0.0013793273205381933,False
55.75,-0.11249999999999999,0.0011776030677017916,False
55.875,-0.11249999999999999,0.0008993819716331283,False
56.0,-0.11249999999999999,0.0005901064658946841,False
56.125,-0.11249999999999999,0.0003028998449573359,False
56.25,-0.11249999999999999,8.649055644111814e-05,False
56.375,-0.11249999999999999,-2.6504229157159085e-05,False
56.5,-0.11249999999999999,-2.7551104021671147e-05,False
56.625,-0.11249999999999999,6.604980206090241e-05,False
56.75,-0.11249999999999999,0.00021633559612691482,False
56.875,-0.11249999999999999,0.00037536010736240357,False
57.0,-0.11249999999999999,0.0004982348891145884,False
57.125,-0.11249999999999999,0.0005546344837270129,False
57.25,-0.11249999999999999,0.0005353918719490829,False
57.375,-0.11249999999999999,0.0004524498307807279,False
57.5,-0.11249999999999999,0.0003326306842402192,False
57.625,-0.11249999999999999,0.00020767394403168587,False
57.75,-0.11249999999999999,0.00010407508299961895,False
57.875,-0.11249999999999999,3.6076847466279496e-05,False
58.0,-0.11249999999999999,3.8210027368546004e-06,False
58.125,-0.11249999999999999,-3.3088790331973776e-06,False
58.25,-0.11249999999999999,1.357690583825307e-08,False
58.375,-0.11249999999999999,2.21492342458758e-06,False
58.5,-0.11249999999999999,-3.8375861682945643e-07,False
58.625,-0.11249999999999999,-2.814177140377836e-06,False
58.75,-0.11249999999999999,5.278793928917434e-06,False
58.875,-0.11249999999999999,3.3980232200269154e-05,False
59.0,-0.11249999999999999,8.753088903872713e-05,False
59.125,-0.11249999999999999,0.0001611574496867895,False
59.25,-0.11249999999999999,0.0002415698341703273,False
59.375,-0.11249999999999999,0.0003108891078177595,False
59.5,-0.11249999999999999,0.0003524395969307001,False
59.625,-0.11249999999999999,0.00035618507788422285,False
59.75,-0.11249999999999999,0.00032182418104392406,False
59.875,-0.11249999999999999,0.0002585372089548072,False
60.0,-0.11249999999999999,0.0001816695355882816,False
10.0,-0.09999999999999998,0.018703520106550808,False
10.125,-0.09999999999999998,0.04452324540536645,False
10.25,-0.09999999999999998,0.051427453076746614,False
10.375,-0.09999999999999998,0.03787867103212867,False
10.5,-0.09999999999999998,0.014772222749452103,False
10.625,-0.09999999999999998,-0.0026646420689405764,False
10.75,-0.09999999999999998,-0.003402649851934708,False
10.875,-0.09999999999999998,0.014116734802985236,False
11.0,-0.09999999999999998,0.04184447986527885,False
11.125,-0.09999999999999998,0.06659614871595118,False
11.25,-0.09999999999999998,0.07665940272391417,False
11.375,-0.09999999999999998,0.06735451540671582,False
11.5,-0.09999999999999998,0.043090748737302884,False
11.625,-0.09999999999999998,0.015194123407340438,False
11.75,-0.09999999999999998,-0.0033002266017276146,False
11.875,-0.09999999999999998,-0.0034357968989348463,False
12.0,-0.09999999999999998,0.015860869880699693,False
12.125,-0.09999999999999998,0.04750976545041879,False
12.25,-0.09999999999999998,0.0794721265962063,False
12.375,-0.09999999999999998,0.09985604171696777,False
12.5,-0.09999999999999998,0.10166042648205376,False
12.625,-0.09999999999999998,0.0851920299743852,False
12.75,-0.09999999999999998,0.05731974615964536,False
12.875,-0.09999999999999998,0.028136845076319656,False
13.0,-0.09999999999999998,0.006656549949149978,False
13.125,-0.09999999999999998,-0.0025618775086337286,False
13.25,-0.09999999999999998,-0.0005302309621848013,False
13.375,-0.09999999999999998,0.0075348831311232625,False
13.5,-0.09999999999999998,0.015183296965085923,False
13.625,-0.09999999999999998,0.017808260042526676,False
13.75,-0.09999999999999998,0.014432338744199542,False
13.875,-0.09999999999999998,0.007530894626443187,False
14.0,-0.09999999999999998,0.001196094063657115,False
14.125,-0.09999999999999998,-0.001295589673769116,False
14.25,-0.09999999999999998,0.0007585618264091247,False
14.375,-0.09999999999999998,0.005264931655603899,False
14.5,-0.09999999999999998,0.008702222931689969,False
14.625,-0.09999999999999998,0.008332545595917284,False
14.75,-0.09999999999999998,0.004083695464068405,False
14.875,-0.09999999999999998,-0.0009164611141247512,False
15.0,-0.09999999999999998,-0.0015246381727612413,False
15.125,-0.09999999999999998,0.00697976132257291,False
15.25,-0.09999999999999998,0.02630361017102778,False
15.375,-0.09999999999999998,0.0536341289904203,False
15.5,-0.09999999999999998,0.0820269359355042,False
15.625,-0.09999999999999998,0.10268628913316726,False
15.75,-0.09999999999999998,0.10829810218496037,False
15.875,-0.09999999999999998,0.09607802690281408,False
16.0,-0.09999999999999998,0.06925682158654592,False
16.125,-0.09999999999999998,0.0363226833683193,False
16.25,-0.09999999999999998,0.008227649146673299,False
16.375,-0.09999999999999998,-0.005423346806401078,False
16.5,-0.09999999999999998,0.00022429349550403058,False
16.625,-0.09999999999999998,0.023548349571065143,False
16.75,-0.09999999999999998,0.057023752048450296,False
16.875,-0.09999999999999998,0.08985180234600942,False
17.0,-0.09999999999999998,0.11165076164396404,False
17.125,-0.09999999999999998,0.11586684261354437,False
17.25,-0.09999999999999998,0.10173041806407733,False
17.375,-0.09999999999999998,0.0741686382802621,False
17.5,-0.09999999999999998,0.04184613680009454,False
17.625,-0.09999999999999998,0.014145874609831037,False
17.75,-0.09999999999999998,-0.0018026698927448995,False
17.875,-0.09999999999999998,-0.003066675953422037,False
18.0,-0.09999999999999998,0.008698062625176549,False
18.125,-0.09999999999999998,0.028339880582488756,False
18.25,-0.09999999999999998,0.04923026728363583,False
18.375,-0.09999999999999998,0.06542005414150874,False
18.5,-0.09999999999999998,0.07322056640048419,False
18.625,-0.09999999999999998,0.07180891094008872,False
18.75,-0.09999999999999998,0.06285380290319449,False
18.875,-0.09999999999999998,0.04948462231613716,False
19.0,-0.09999999999999998,0.03507732269602595,False
19.125,-0.09999999999999998,0.022285464694703362,False
19.25,-0.09999999999999998,0.012559240809830093,False
19.375,-0.09999999999999998,0.006167749099818411,False
19.5,-0.09999999999999998,0.0025636602739950547,False
19.625,-0.09999999999999998,0.0008584289609086307,False
19.75,-0.09999999999999998,0.00021079496657413447,False
19.875,-0.09999999999999998,2.993335373094834e-05,False
20.0,-0.09999999999999998,-3.0000000000433394e-08,False
20.125,-0.09999999999999998,-6.69357718216585e-07,False
20.25,-0.09999999999999998,-1.036986616209575e-07,False
20.375,-0.09999999999999998,-1.1456672472911168e-07,False
20.5,-0.09999999999999998,-2.999999999995609e-08,False
20.625,-0.09999999999999998,2.1372438181434026e-06,False
20.75,-0.09999999999999998,7.880111887996761e-06,False
20.875,-0.09999999999999998,1.0353128190693099e-05,False
21.0,-0.09999999999999998,-3.933144810614403e-06,False
21.125,-0.09999999999999998,-2.2383001888631886e-05,False
21.25,-0.09999999999999998,6.295258353870258e-05,False
21.375,-0.09999999999999998,0.0005367467219636677,False
21.5,-0.09999999999999998,0.001903788284840331,False
21.625,-0.09999999999999998,0.0048412525922388785,False
21.75,-0.09999999999999998,0.010034151123202677,False
21.875,-0.09999999999999998,0.017918476831579516,False
22.0,-0.09999999999999998,0.02840869626892132,False
22.125,-0.09999999999999998,0.040715452203329235,False
22.25,-0.09999999999999998,0.053348314374361126,False
22.375,-0.09999999999999998,0.06434592071525312,False
22.5,-0.09999999999999998,0.0716984423845352,False
22.625,-0.09999999999999998,0.07385333327104111,False
22.75,-0.09999999999999998,0.07015376535594219,False
22.875,-0.09999999999999998,0.06106794349297687,False
23.0,-0.09999999999999998,0.04812616402010185,False
23.125,-0.09999999999999998,0.033571994838435454,False
23.25,-0.09999999999999998,0.01982372393892577,False
23.375,-0.09999999999999998,0.008901419594816131,False
23.5,-0.09999999999999998,0.001983674094565096,False
23.625,-0.09999999999999998,-0.0007857242071692804,False
23.75,-0.09999999999999998,-0.00020139912409887788,False
23.875,-0.09999999999999998,0.0023401724419438133,False
24.0,-0.09999999999999998,0.005299074817404105,False
24.125,-0.09999999999999998,0.0074268145077519025,False
24.25,-0.09999999999999998,0.008052823622190454,False
24.375,-0.09999999999999998,0.007156018521316118,False
24.5,-0.09999999999999998,0.005228898909382919,False
24.625,-0.09999999999999998,0.0030062517285217257,False
24.75,-0.09999999999999998,0.0011653599185729247,False
24.875,-0.09999999999999998,0.00010089544258524608,False
25.0,-0.09999999999999998,-0.00015992532201694617,False
25.125,-0.09999999999999998,0.00010775216573930339,False
25.25,-0.09999999999999998,0.0004974000293002937,False
25.375,-0.09999999999999998,0.0006705383828760047,False
25.5,-0.09999999999999998,0.0005040918735686906,False
25.625,-0.09999999999999998,0.00013126701827989405,False
25.75,-0.09999999999999998,-0.00013419092316988262,False
25.875,-0.09999999999999998,4.517020098999047e-05,False
26.0,-0.09999999999999998,0.0008587794058719409,False
26.125,-0.09999999999999998,0.0022327401639219337,False
26.25,-0.09999999999999998,0.0038206847812057034,False
26.375,-0.09999999999999998,0.005110412971075133,False
26.5,-0.09999999999999998,0.005611933977202418,False
26.625,-0.09999999999999998,0.005060428966545591,False
26.75,-0.09999999999999998,0.003558992077444408,False
26.875,-0.09999999999999998,0.0016040998155148172,False
27.0,-0.09999999999999998,-2.443745937765802e-05,False
27.125,-0.09999999999999998,-0.0004810448641724001,False
27.25,-0.09999999999999998,0.0008862901795201618,False
27.375,-0.09999999999999998,0.0043169296352925405,False
27.5,-0.09999999999999998,0.009529745841952972,False
27.625,-0.09999999999999998,0.01576297831545363,False
27.75,-0.09999999999999998,0.021951755778490963,False
27.875,-0.09999999999999998,0.02699046599229726,False
28.0,-0.09999999999999998,0.030002161824179,False
28.125,-0.09999999999999998,0.030537743047820486,False
28.25,-0.09999999999999998,0.02865261722816158,False
28.375,-0.09999999999999998,0.02484856438487087,False
28.5,-0.09999999999999998,0.019909597635006323,False
28.625,-0.09999999999999998,0.014689169407996356,False
28.75,-0.09999999999999998,0.009913759203733075,False
28.875,-0.09999999999999998,0.006054160265613742,False
29.0,-0.09999999999999998,0.0032875785192505143,False
29.125,-0.09999999999999998,0.0015422421674810625,False
29.25,-0.09999999999999998,0.0005927224547477809,False
29.375,-0.09999999999999998,0.00016547793851601808,False
29.5,-0.09999999999999998,2.0803392005724838e-05,False
29.625,-0.09999999999999998,-5.847661496234532e-06,False
29.75,-0.09999999999999998,-1.5179649051838258e-06,False
29.875,-0.09999999999999998,2.3244688772706884e-06,False
30.0,-0.09999999999999998,1.8868648230966474e-06,False
30.125,-0.09999999999999998,5.36050993834723e-07,False
30.25,-0.09999999999999998,3.3941391857000475e-09,False
30.375,-0.09999999999999998,-2.538205758363257e-08,False
30.5,-0.09999999999999998,-1.646270053280886e-08,False
30.625,-0.09999999999999998,-9.4434182255681e-08,False
30.75,-0.09999999999999998,-1.1970344734624738e-08,False
30.875,-0.09999999999999998,4.291556676005533e-06,False
31.0,-0.09999999999999998,3.0037959136715164e-05,False
31.125,-0.09999999999999998,0.00012006314079914946,False
31.25,-0.09999999999999998,0.00034969342363750386,False
31.375,-0.09999999999999998,0.0008173526594445202,False
31.5,-0.09999999999999998,0.0016129839639255463,False
31.625,-0.09999999999999998,0.0027692448326857117,False
31.75,-0.09999999999999998,0.004212818411286404,False
31.875,-0.09999999999999998,0.005740434102382282,False
32.0,-0.09999999999999998,0.007040867492938986,False
32.125,-0.09999999999999998,0.007769185871823966,False
32.25,-0.09999999999999998,0.0076574222804234125,False
32.375,-0.09999999999999998,0.0066257078443574344,False
32.5,-0.09999999999999998,0.004849427131381119,False
32.625,-0.09999999999999998,0.0027471674515007257,False
32.75,-0.09999999999999998,0.0008799969874828193,False
32.875,-0.09999999999999998,-0.0002137073950155786,False
33.0,-0.09999999999999998,-0.0001952516006556913,False
33.125,-0.09999999999999998,0.0009488846371778152,False
33.25,-0.09999999999999998,0.0028831246080878482,False
33.375,-0.09999999999999998,0.005016529921738111,False
33.5,-0.09999999999999998,0.00668759869831068,False
33.625,-0.09999999999999998,0.007378504135374097,False
33.75,-0.09999999999999998,0.006883954310833908,False
33.875,-0.09999999999999998,0.005374519819608014,False
34.0,-0.09999999999999998,0.003331920164978664,False
34.125,-0.09999999999999998,0.0013802555860469498,False
34.25,-0.09999999999999998,7.468245475553489e-05,False
34.375,-0.09999999999999998,-0.00027683639629621614,False
34.5,-0.09999999999999998,0.00030252603141654245,False
34.625,-0.09999999999999998,0.0014932361016106984,False
34.75,-0.09999999999999998,0.0028128377882980773,False
34.875,-0.09999999999999998,0.003793251694419102,False
35.0,-0.09999999999999998,0.004135012835716505,False
35.125,-0.09999999999999998,0.0037854707146772718,False
35.25,-0.09999999999999998,0.00292095511577289,False
35.375,-0.09999999999999998,0.0018507542539351956,False
35.5,-0.09999999999999998,0.0008882588354360081,False
35.625,-0.09999999999999998,0.00024180397702892924,False
35.75,-0.09999999999999998,-3.6445761776386634e-05,False
35.875,-0.09999999999999998,-3.304351069072851e-05,False
36.0,-0.09999999999999998,9.449427934159354e-05,False
36.125,-0.09999999999999998,0.00019965676950161037,False
36.25,-0.09999999999999998,0.00020644289604261084,False
36.375,-0.09999999999999998,0.00012474164563755147,False
36.5,-0.09999999999999998,2.241768331047452e-05,False
36.625,-0.09999999999999998,-2.572040027871783e-05,False
36.75,-0.09999999999999998,1.60776094498949e-05,False
36.875,-0.09999999999999998,0.00012583508149757605,False
37.0,-0.09999999999999998,0.00023914924842402904,False
37.125,-0.09999999999999998,0.00028771559883010493,False
37.25,-0.09999999999999998,0.00023950101827376714,False
37.375,-0.09999999999999998,0.00011934717842859484,False
37.5,-0.09999999999999998,-5.494968518344936e-07,False
37.625,-0.09999999999999998,-3.5502925388135044e-05,False
37.75,-0.09999999999999998,6.871013768311478e-05,False
37.875,-0.09999999999999998,0.0003058812883095611,False
38.0,-0.09999999999999998,0.0006071076041177575,False
38.125,-0.09999999999999998,0.0008677575558188612,False
38.25,-0.09999999999999998,0.0009915131736224203,False
38.375,-0.09999999999999998,0.0009315495327222029,False
38.5,-0.09999999999999998,0.0007104397945271914,False
38.625,-0.09999999999999998,0.00041024455198900153,False
38.75,-0.09999999999999998,0.00013771103269797583,False
38.875,-0.09999999999999998,-1.9638407880191764e-05,False
39.0,-0.09999999999999998,-2.7299112781590596e-05,False
39.125,-0.09999999999999998,8.655570877089621e-05,False
39.25,-0.09999999999999998,0.0002483683112382938,False
39.375,-0.09999999999999998,0.00037434586921589847,False
39.5,-0.09999999999999998,0.0004070654331463098,False
39.625,-0.09999999999999998,0.0003374716271197432,False
39.75,-0.09999999999999998,0.00020364896601075607,False
39.875,-0.09999999999999998,6.861915997281512e-05,False
40.0,-0.09999999999999998,-1.132238127029778e-05,False
40.125,-0.09999999999999998,-1.2616569464192262e-05,False
40.25,-0.09999999999999998,4.692771796626601e-05,False
40.375,-0.09999999999999998,0.00012008766059800691,False
40.5,-0.09999999999999998,0.00015638528592519754,False
40.625,-0.09999999999999998,0.00012974993662295104,False
40.75,-0.09999999999999998,5.46116201523846e-05,False
40.875,-0.09999999999999998,-1.7149762787539944e-05,False
41.0,-0.09999999999999998,-1.7269575101191614e-05,False
41.125,-0.09999999999999998,0.00010891953758906584,False
41.25,-0.09999999999999998,0.00037648163836041397,False
41.375,-0.09999999999999998,0.0007499002918536009,False
41.5,-0.09999999999999998,0.0011517369535379678,False
41.625,-0.09999999999999998,0.0014874129328808652,False
41.75,-0.09999999999999998,0.0016762794314028001,False
41.875,-0.09999999999999998,0.0016771116073359539,False
42.0,-0.09999999999999998,0.0014989766082317054,False
42.125,-0.09999999999999998,0.0011945952653385056,False
42.25,-0.09999999999999998,0.0008401029934068064,False
42.375,-0.09999999999999998,0.0005097658707363607,False
42.5,-0.09999999999999998,0.00025509434005206114,False
42.625,-0.09999999999999998,9.497326357001895e-05,False
42.75,-0.09999999999999998,1.8433269763746316e-05,False
42.875,-0.09999999999999998,-3.2418248390545002e-06,False
43.0,-0.09999999999999998,-1.3092191760993315e-06,False
43.125,-0.09999999999999998,2.4438687321274345e-06,False
43.25,-0.09999999999999998,6.424740992010231e-07,False
43.375,-0.09999999999999998,-2.132543195883857e-06,False
43.5,-0.09999999999999998,3.5268501264831474e-06,False
43.625,-0.09999999999999998,2.4180183412716884e-05,False
43.75,-0.09999999999999998,5.887670903623588e-05,False
43.875,-0.09999999999999998,9.910143365162393e-05,False
44.0,-0.09999999999999998,0.0001326140423941055,False
44.125,-0.09999999999999998,0.00014885302997363656,False
44.25,-0.09999999999999998,0.00014323824290044825,False
44.375,-0.09999999999999998,0.00011858147396199813,False
44.5,-0.09999999999999998,8.33360049299345e-05,False
44.625,-0.09999999999999998,4.7823426333521986e-05,False
44.75,-0.09999999999999998,2.0279123665166686e-05,False
44.875,-0.09999999999999998,4.362616658098539e-06,False
45.0,-0.09999999999999998,-1.0902494522456256e-06,False
45.125,-0.09999999999999998,-3.5995312473160125e-07,False
45.25,-0.09999999999999998,1.7611546621591628e-06,False
45.375,-0.09999999999999998,2.215949953106886e-06,False
45.5,-0.09999999999999998,6.859921906145102e-07,False
45.625,-0.09999999999999998,-8.530705231642774e-07,False
45.75,-0.09999999999999998,4.2391990325891613e-07,False
45.875,-0.09999999999999998,6.5459742664080566e-06,False
46.0,-0.09999999999999998,1.7650708947350087e-05,False
46.125,-0.09999999999999998,3.18350153009559e-05,False
46.25,-0.09999999999999998,4.588706354703136e-05,False
46.375,-0.09999999999999998,5.6482056045927094e-05,False
46.5,-0.09999999999999998,6.130512777816431e-05,False
46.625,-0.09999999999999998,5.968465666600842e-05,False
46.75,-0.09999999999999998,5.258265567698156e-05,False
46.875,-0.09999999999999998,4.206053342442493e-05,False
47.0,-0.09999999999999998,3.0507954704577975e-05,False
47.125,-0.09999999999999998,1.9945080256550388e-05,False
47.25,-0.09999999999999998,1.160904480891063e-05,False
47.375,-0.09999999999999998,5.882345386330228e-06,False
47.5,-0.09999999999999998,2.486784377092883e-06,False
47.625,-0.09999999999999998,7.981436467832195e-07,False
47.75,-0.09999999999999998,1.4151060970536408e-07,False
47.875,-0.09999999999999998,-1.86001901914262e-08,False
48.0,-0.09999999999999998,-1.191722879600321e-08,False
48.125,-0.09999999999999998,1.1582414267123823e-08,False
48.25,-0.09999999999999998,1.4212467564187505e-08,False
48.375,-0.09999999999999998,5.02497228626377e-09,False
48.5,-0.09999999999999998,-1.4713130826231523e-09,False
48.625,-0.09999999999999998,-4.0557648655248e-10,False
48.75,-0.09999999999999998,4.852948470047872e-09,False
48.875,-0.09999999999999998,9.14894842472052e-09,False
49.0,-0.09999999999999998,9.90891221738378e-09,False
49.125,-0.09999999999999998,7.685607558422412e-09,False
49.25,-0.09999999999999998,4.4589004042473955e-09,False
49.375,-0.09999999999999998,1.8613808520243865e-09,False
49.5,-0.09999999999999998,4.574846785067555e-10,False
49.625,-0.09999999999999998,-8.823723961980084e-12,False
49.75,-0.09999999999999998,-3.715738512325164e-11,False
49.875,-0.09999999999999998,2.105982966058463e-11,False
50.0,-0.09999999999999998,4.121126720582596e-11,False
50.125,-0.09999999999999998,2.809609189685802e-11,False
50.25,-0.09999999999999998,1.1152643234069323e-11,False
50.375,-0.09999999999999998,2.432989762627899e-12,False
50.5,-0.09999999999999998,1.844685591315179e-14,False
50.625,-0.09999999999999998,-1.48570481539673e-13,False
50.75,-0.09999999999999998,3.641040100991451e-14,False
50.875,-0.09999999999999998,5.357433256586777e-14,False
51.0,-0.09999999999999998,-2.420089508075422e-13,False
51.125,-0.09999999999999998,-6.73801417981025e-15,False
51.25,-0.09999999999999998,4.59820918014181e-12,False
51.375,-0.09999999999999998,1.897404128286042e-11,False
51.5,-0.09999999999999998,3.750750666948067e-11,False
51.625,-0.09999999999999998,2.8783859977705904e-11,False
51.75,-0.09999999999999998,-3.4687790488071797e-11,False
51.875,-0.09999999999999998,-4.4711633249505176e-11,False
52.0,-0.09999999999999998,4.447439358029906e-10,False
52.125,-0.09999999999999998,2.2719726464799767e-09,False
52.25,-0.09999999999999998,6.241987122234441e-09,False
52.375,-0.09999999999999998,1.2120979144959819e-08,False
52.5,-0.09999999999999998,1.763097157705642e-08,False
52.625,-0.09999999999999998,1.8751568620042715e-08,False
52.75,-0.09999999999999998,1.2482097574089769e-08,False
52.875,-0.09999999999999998,1.3354712147718126e-09,False
53.0,-0.09999999999999998,-4.403655844118456e-09,False
53.125,-0.09999999999999998,7.345050970145878e-09,False
53.25,-0.09999999999999998,3.389293028921936e-08,False
53.375,-0.09999999999999998,4.1622199606841086e-08,False
53.5,-0.09999999999999998,-1.6156479633476204e-08,False
53.625,-0.09999999999999998,-9.04427175801606e-08,False
53.75,-0.09999999999999998,2.2670949629350265e-07,False
53.875,-0.09999999999999998,2.1532534648023223e-06,False
54.0,-0.09999999999999998,8.309649557150348e-06,False
54.125,-0.09999999999999998,2.328610165353873e-05,False
54.25,-0.09999999999999998,5.389481426387494e-05,False
54.375,-0.09999999999999998,0.0001087546373867038,False
54.5,-0.09999999999999998,0.00019691976494563097,False
54.625,-0.09999999999999998,0.000325494570981401,False
54.75,-0.09999999999999998,0.0004965514035061248,False
54.875,-0.09999999999999998,0.0007040890458048151,False
55.0,-0.09999999999999998,0.0009320773975202831,False
55.125,-0.09999999999999998,0.0011546581450840151,False
55.25,-0.09999999999999998,0.0013392014055917292,False
55.375,-0.09999999999999998,0.001452171212207573,False
55.5,-0.09999999999999998,0.0014668022623251099,False
55.625,-0.09999999999999998,0.0013707383561839827,False
55.75,-0.09999999999999998,0.0011713678629568184,False
55.875,-0.09999999999999998,0.0008968611325839421,False
56.0,-0.09999999999999998,0.000591909174930142,False
56.125,-0.09999999999999998,0.00030865938407567,False
56.25,-0.09999999999999998,9.489731135402387e-05,False
56.375,-0.09999999999999998,-1.7399028049347564e-05,False
56.5,-0.09999999999999998,-1.983444460346647e-05,False
56.625,-0.09999999999999998,7.070802342890926e-05,False
56.75,-0.09999999999999998,0.00021712385111237345,False
56.875,-0.09999999999999998,0.00037251440209871864,False
57.0,-0.09999999999999998,0.0004929164591265002,False
57.125,-0.09999999999999998,0.0005485380012515646,False
57.25,-0.09999999999999998,0.0005302148517015504,False
57.375,-0.09999999999999998,0.0004493980899181109,False
57.5,-0.09999999999999998,0.0003321180338032464,False
57.625,-0.09999999999999998,0.0002093026300545302,False
57.75,-0.09999999999999998,0.00010688311052807313,False
57.875,-0.09999999999999998,3.894611382845326e-05,False
58.0,-0.09999999999999998,5.88968910359525e-06,False
58.125,-0.09999999999999998,-2.377546157716378e-06,False
58.25,-0.09999999999999998,3.563813220030219e-08,False
58.375,-0.09999999999999998,1.9371443030725885e-06,False
58.5,-0.09999999999999998,-2.8796597464087536e-07,False
58.625,-0.09999999999999998,-1.924057666534752e-06,False
58.75,-0.09999999999999998,6.941067866227693e-06,False
58.875,-0.09999999999999998,3.595438909994153e-05,False
59.0,-0.09999999999999998,8.910684913700024e-05,False
59.125,-0.09999999999999998,0.00016166406753229034,False
59.25,-0.09999999999999998,0.00024064600307563267,False
59.375,-0.09999999999999998,0.000308631997882298,False
59.5,-0.09999999999999998,0.0003493778012662628,False
59.625,-0.09999999999999998,0.00035309449580364237,False
59.75,-0.09999999999999998,0.0003194632194552386,False
59.875,-0.09999999999999998,0.00025740327010740857,False
60.0,-0.09999999999999998,0.0001818633329629048,False
10.0,-0.08749999999999997,0.018728607790470114,False
10.125,-0.08749999999999997,0.043261144570275495,False
10.25,-0.08749999999999997,0.050016457790242996,False
10.375,-0.08749999999999997,0.037207027531939545,False
10.5,-0.08749999999999997,0.015159580268520623,False
10.625,-0.08749999999999997,-0.0015022494483221643,False
10.75,-0.08749999999999997,-0.00212590639852102,False
10.875,-0.08749999999999997,0.01483223039182311,False
11.0,-0.08749999999999997,0.04163480247303145,False
11.125,-0.08749999999999997,0.06556206814975583,False
11.25,-0.08749999999999997,0.07529468905865797,False
11.375,-0.08749999999999997,0.06629985060890767,False
11.5,-0.08749999999999997,0.04283523194822598,False
11.625,-0.08749999999999997,0.015860001964227564,False
11.75,-0.08749999999999997,-0.0019998485691830304,False
11.875,-0.08749999999999997,-0.002057916167700724,False
12.0,-0.08749999999999997,0.016738516640961584,False
12.125,-0.08749999999999997,0.04753410182269416,False
12.25,-0.08749999999999997,0.07865095177069559,False
12.375,-0.08749999999999997,0.09853375632673199,False
12.5,-0.08749999999999997,0.10035439403094487,False
12.625,-0.08749999999999997,0.08436902983466503,False
12.75,-0.08749999999999997,0.05721189074668084,False
12.875,-0.08749999999999997,0.028671846244139203,False
13.0,-0.08749999999999997,0.007522084807924751,False
13.125,-0.08749999999999997,-0.0017595165087866838,False
13.25,-0.08749999999999997,-9.062264781623994e-05,False
13.375,-0.08749999999999997,0.007520557490103955,False
13.5,-0.08749999999999997,0.014841065776948534,False
13.625,-0.08749999999999997,0.017391471069900404,False
13.75,-0.08749999999999997,0.014183879469064872,False
13.875,-0.08749999999999997,0.007566114277252495,False
14.0,-0.08749999999999997,0.0014601399814433086,False
14.125,-0.08749999999999997,-0.0009810883853306088,False
14.25,-0.08749999999999997,0.0009290468265062067,False
14.375,-0.08749999999999997,0.005192405086330266,False
14.5,-0.08749999999999997,0.008442255727672128,False
14.625,-0.08749999999999997,0.00807207057188979,False
14.75,-0.08749999999999997,0.0040461708343064815,False
14.875,-0.08749999999999997,-0.0005918901896278235,False
15.0,-0.08749999999999997,-0.0008710099176725953,False
15.125,-0.08749999999999997,0.007747073029635296,False
15.25,-0.08749999999999997,0.026864096693864255,False
15.375,-0.08749999999999997,0.053696307466392965,False
15.5,-0.08749999999999997,0.08146211455141496,False
15.625,-0.08749999999999997,0.10160268040943106,False
15.75,-0.08749999999999997,0.1070200492352751,False
15.875,-0.08749999999999997,0.09503464266912467,False
16.0,-0.08749999999999997,0.06882244196930894,False
16.125,-0.08749999999999997,0.036672120900523845,False
16.25,-0.08749999999999997,0.009263888018322258,False
16.375,-0.08749999999999997,-0.0040400815857172465,False
16.5,-0.08749999999999997,0.0014914931978996637,False
16.625,-0.08749999999999997,0.024277079263982305,False
16.75,-0.08749999999999997,0.0569790586518461,False
16.875,-0.08749999999999997,0.08906232636135057,False
17.0,-0.08749999999999997,0.11038933993060376,False
17.125,-0.08749999999999997,0.1145471259353439,False
17.25,-0.08749999999999997,0.1007610806782469,False
17.375,-0.08749999999999997,0.07381932905051089,False
17.5,-0.08749999999999997,0.04217097165510333,False
17.625,-0.08749999999999997,0.014985831328077117,False
17.75,-0.08749999999999997,-0.0007470631027502042,False
17.875,-0.08749999999999997,-0.002124792746113624,False
18.0,-0.08749999999999997,0.009273407436563377,False
18.125,-0.08749999999999997,0.028439544535891877,False
18.25,-0.08749999999999997,0.048899733293638246,False
18.375,-0.08749999999999997,0.06481930577325304,False
18.5,-0.08749999999999997,0.07255479721366032,False
18.625,-0.08749999999999997,0.07125831839368615,False
18.75,-0.08749999999999997,0.06252589257460422,False
18.875,-0.08749999999999997,0.049400106593922945,False
19.0,-0.08749999999999997,0.0351867369778472,False
19.125,-0.08749999999999997,0.02250354112683805,False
19.25,-0.08749999999999997,0.012800890730097493,False
19.375,-0.08749999999999997,0.006372988656088883,False
19.5,-0.08749999999999997,0.002706182675228164,False
19.625,-0.08749999999999997,0.0009400305817499138,False
19.75,-0.08749999999999997,0.00024849967213017536,False
19.875,-0.08749999999999997,4.326963789790104e-05,False
20.0,-0.08749999999999997,3.2318062149588405e-06,False
20.125,-0.08749999999999997,-2.068242590519283e-07,False
20.25,-0.08749999999999997,-6.883516085538644e-08,False
20.375,-0.08749999999999997,-8.907988660260331e-08,False
20.5,-0.08749999999999997,1.1373246277545129e-07,False
20.625,-0.08749999999999997,2.3405634821847675e-06,False
20.75,-0.08749999999999997,7.631053183932187e-06,False
20.875,-0.08749999999999997,9.450311648647026e-06,False
21.0,-0.08749999999999997,-3.2067158792210246e-06,False
21.125,-0.08749999999999997,-1.2800274913559022e-05,False
21.25,-0.08749999999999997,9.423557366439399e-05,False
21.375,-0.08749999999999997,0.0006053264300293385,False
21.5,-0.08749999999999997,0.00202145561492506,False
21.625,-0.08749999999999997,0.005007722300136676,False
21.75,-0.08749999999999997,0.010230641957099888,False
21.875,-0.08749999999999997,0.018106812152396304,False
22.0,-0.08749999999999997,0.02853794971634968,False
22.125,-0.08749999999999997,0.04073530198852704,False
22.25,-0.08749999999999997,0.05322533281484004,False
22.375,-0.08749999999999997,0.06407727178148054,False
22.5,-0.08749999999999997,0.07131772333069739,False
22.625,-0.08749999999999997,0.0734256188655962,False
22.75,-0.08749999999999997,0.06976050870362983,False
22.875,-0.08749999999999997,0.06078594575262825,False
23.0,-0.08749999999999997,0.04800702457742351,False
23.125,-0.08749999999999997,0.03362846988317734,False
23.25,-0.08749999999999997,0.02002723581888867,False
23.375,-0.08749999999999997,0.009191349850752739,False
23.5,-0.08749999999999997,0.0022853097254055244,False
23.625,-0.08749999999999997,-0.000540351096475671,False
23.75,-0.08749999999999997,-5.618657311653682e-05,False
23.875,-0.08749999999999997,0.0023742595606143675,False
24.0,-0.08749999999999997,0.0052424364167624905,False
24.125,-0.08749999999999997,0.007320662501447936,False
24.25,-0.08749999999999997,0.007943796353953696,False
24.375,-0.08749999999999997,0.007081266254864009,False
24.5,-0.08749999999999997,0.005206281565030142,False
24.625,-0.08749999999999997,0.0030321720387851843,False
24.75,-0.08749999999999997,0.001219997290388161,False
24.875,-0.08749999999999997,0.0001581736387635754,False
25.0,-0.08749999999999997,-0.00012162652305567625,False
25.125,-0.08749999999999997,0.00011751433858069286,False
25.25,-0.08749999999999997,0.00048322996598679826,False
25.375,-0.08749999999999997,0.000647551285567032,False
25.5,-0.08749999999999997,0.0004903637682100853,False
25.625,-0.08749999999999997,0.00013953982901287229,False
25.75,-0.08749999999999997,-0.00010228680094651761,False
25.875,-0.08749999999999997,9.01592377345057e-05,False
26.0,-0.08749999999999997,0.0008981496311698669,False
26.125,-0.08749999999999997,0.0022471960970895577,False
26.25,-0.08749999999999997,0.003798587796384691,False
26.375,-0.08749999999999997,0.005053569118950323,False
26.5,-0.08749999999999997,0.005536627826369871,False
26.625,-0.08749999999999997,0.004993086943501512,False
26.75,-0.08749999999999997,0.0035277723133349554,False
26.875,-0.08749999999999997,0.001629187155099483,False
27.0,-0.08749999999999997,6.147908854474155e-05,False
27.125,-0.08749999999999997,-0.00034841070808857395,False
27.25,-0.08749999999999997,0.001035805196674091,False
27.375,-0.08749999999999997,0.004445763820545364,False
27.5,-0.08749999999999997,0.009603227683865666,False
27.625,-0.08749999999999997,0.015759225447438966,False
27.75,-0.08749999999999997,0.021867788723097473,False
27.875,-0.08749999999999997,0.026842739347343242,False
28.0,-0.08749999999999997,0.029821543566124847,False
28.125,-0.08749999999999997,0.030360722139834498,False
28.25,-0.08749999999999997,0.028511602696826437,False
28.375,-0.08749999999999997,0.024764221548829547,False
28.5,-0.08749999999999997,0.01988727978817643,False
28.625,-0.08749999999999997,0.014720014952277745,False
28.75,-0.08749999999999997,0.0099794924890099,False
28.875,-0.08749999999999997,0.006133591415222393,False
29.0,-0.08749999999999997,0.0033625560127461644,False
29.125,-0.08749999999999997,0.0016013648004662962,False
29.25,-0.08749999999999997,0.0006321660727951511,False
29.375,-0.08749999999999997,0.00018738721280138357,False
29.5,-0.08749999999999997,3.042790363381568e-05,False
29.625,-0.08749999999999997,-2.9458230100690104e-06,False
29.75,-0.08749999999999997,-1.2445544389533403e-06,False
29.875,-0.08749999999999997,2.104755788701219e-06,False
30.0,-0.08749999999999997,1.8195326660990353e-06,False
30.125,-0.08749999999999997,5.817014570188012e-07,False
30.25,-0.08749999999999997,3.782253479350589e-08,False
30.375,-0.08749999999999997,-1.9017557646737643e-08,False
30.5,-0.08749999999999997,-1.15033867576969e-08,False
30.625,-0.08749999999999997,-2.9619903185960474e-08,False
30.75,-0.08749999999999997,4.50560085676299e-07,False
30.875,-0.08749999999999997,6.159826684067723e-06,False
31.0,-0.08749999999999997,3.516970515760562e-05,False
31.125,-0.08749999999999997,0.00013073220166072175,False
31.25,-0.08749999999999997,0.00036741888792419326,False
31.375,-0.08749999999999997,0.0008413410781302192,False
31.5,-0.08749999999999997,0.0016389552716822916,False
31.625,-0.08749999999999997,0.0027895068824459624,False
31.75,-0.08749999999999997,0.004218082534225517,False
31.875,-0.08749999999999997,0.005723113528592222,False
32.0,-0.08749999999999997,0.006998779593308313,False
32.125,-0.08749999999999997,0.0077080902069792566,False
32.25,-0.08749999999999997,0.007590977373189161,False
32.375,-0.08749999999999997,0.0065722685468750965,False
32.5,-0.08749999999999997,0.004826360320322211,False
32.625,-0.08749999999999997,0.0027645326306906404,False
32.75,-0.08749999999999997,0.0009359888840384563,False
32.875,-0.08749999999999997,-0.00013354450364916055,False
33.0,-0.08749999999999997,-0.00011429567868907327,False
33.125,-0.08749999999999997,0.0010056144563511554,False
33.25,-0.08749999999999997,0.002897372277051861,False
33.375,-0.08749999999999997,0.004983288989584828,False
33.5,-0.08749999999999997,0.006617192472605801,False
33.625,-0.08749999999999997,0.007293328154314123,False
33.75,-0.08749999999999997,0.006810932574883608,False
33.875,-0.08749999999999997,0.005335959311814203,False
34.0,-0.08749999999999997,0.003338075947253249,False
34.125,-0.08749999999999997,0.0014262787408056686,False
34.25,-0.08749999999999997,0.00014296023057360104,False
34.375,-0.08749999999999997,-0.0002099685511720322,False
34.5,-0.08749999999999997,0.00034673442647813944,False
34.625,-0.08749999999999997,0.00150300742815744,False
34.75,-0.08749999999999997,0.0027890340644193836,False
34.875,-0.08749999999999997,0.0037477787042341035,False
35.0,-0.08749999999999997,0.00408543868980853,False
35.125,-0.08749999999999997,0.003748194279155803,False
35.25,-0.08749999999999997,0.0029056138095755217,False
35.375,-0.08749999999999997,0.0018578357208532945,False
35.5,-0.08749999999999997,0.0009104434501803832,False
35.625,-0.08749999999999997,0.0002680484569162029,False
35.75,-0.08749999999999997,-1.604721806634151e-05,False
35.875,-0.08749999999999997,-2.366316998017099e-05,False
36.0,-0.08749999999999997,9.34741219254706e-05,False
36.125,-0.08749999999999997,0.00019310178492188784,False
36.25,-0.08749999999999997,0.00020037459431515461,False
36.375,-0.08749999999999997,0.0001232789510751188,False
36.5,-0.08749999999999997,2.6122822088402247e-05,False
36.625,-0.08749999999999997,-1.9518583208217988e-05,False
36.75,-0.08749999999999997,2.0771778982549996e-05,False
36.875,-0.08749999999999997,0.00012606408833182344,False
37.0,-0.08749999999999997,0.00023463862669099653,False
37.125,-0.08749999999999997,0.0002809995955739072,False
37.25,-0.08749999999999997,0.00023455662050461017,False
37.375,-0.08749999999999997,0.00011948233914068935,False
37.5,-0.08749999999999997,5.5239201799472516e-06,False
37.625,-0.08749999999999997,-2.565094019138025e-05,False
37.75,-0.08749999999999997,7.807569927011202e-05,False
37.875,-0.08749999999999997,0.0003103408819788977,False
38.0,-0.08749999999999997,0.0006041470340448383,False
38.125,-0.08749999999999997,0.000857972994060649,False
38.25,-0.08749999999999997,0.0009784107177120132,False
38.375,-0.08749999999999997,0.0009200447895642041,False
38.5,-0.08749999999999997,0.0007047520778577368,False
38.625,-0.08749999999999997,0.00041213562964495076,False
38.75,-0.08749999999999997,0.0001458358874027998,False
38.875,-0.08749999999999997,-9.022596294530442e-06,False
39.0,-0.08749999999999997,-1.8631193889712044e-05,False
39.125,-0.08749999999999997,9.004667231134898e-05,False
39.25,-0.08749999999999997,0.00024593085613832495,False
39.375,-0.08749999999999997,0.0003678177928233347,False
39.5,-0.08749999999999997,0.00039984980677611887,False
39.625,-0.08749999999999997,0.00033290006891632367,False
39.75,-0.08749999999999997,0.00020349862410255678,False
39.875,-0.08749999999999997,7.243868168306059e-05,False
40.0,-0.08749999999999997,-5.821042476874337e-06,False
40.125,-0.08749999999999997,-8.336962793945246e-06,False
40.25,-0.08749999999999997,4.791748500276658e-05,False
40.375,-0.08749999999999997,0.00011755862952706131,False
40.5,-0.08749999999999997,0.00015205632365999897,False
40.625,-0.08749999999999997,0.00012647302003000768,False
40.75,-0.08749999999999997,5.5020437905675587e-05,False
40.875,-0.08749999999999997,-1.1913274183147712e-05,False
41.0,-0.08749999999999997,-8.18667836597591e-06,False
41.125,-0.08749999999999997,0.00011902512598493813,False
41.25,-0.08749999999999997,0.00038400841615361344,False
41.375,-0.08749999999999997,0.0007518624754447996,False
41.5,-0.08749999999999997,0.0011469116778714092,False
41.625,-0.08749999999999997,0.0014767914290294657,False
41.75,-0.08749999999999997,0.00166267568844378,False
41.875,-0.08749999999999997,0.0016641253696022423,False
42.0,-0.08749999999999997,0.001489746871112945,False
42.125,-0.08749999999999997,0.001190826297317953,False
42.25,-0.08749999999999997,0.0008416955088594316,False
42.375,-0.08749999999999997,0.0005151200080703658,False
42.5,-0.08749999999999997,0.0002618874063101742,False
42.625,-0.08749999999999997,0.00010105940866726516,False
42.75,-0.08749999999999997,2.251433087830669e-05,False
42.875,-0.08749999999999997,-1.3853665063882631e-06,False
43.0,-0.08749999999999997,-1.0349187478221998e-06,False
43.125,-0.08749999999999997,2.144608793157013e-06,False
43.25,-0.08749999999999997,6.195735996843548e-07,False
43.375,-0.08749999999999997,-1.524023382040831e-06,False
43.5,-0.08749999999999997,4.581121963903567e-06,False
43.625,-0.08749999999999997,2.5161134377813274e-05,False
43.75,-0.08749999999999997,5.925505073708936e-05,False
43.875,-0.08749999999999997,9.861368371923083e-05,False
44.0,-0.08749999999999997,0.0001313761959489591,False
44.125,-0.08749999999999997,0.00014728608206406168,False
44.25,-0.08749999999999997,0.0001418658969769827,False
44.375,-0.08749999999999997,0.0001178068014305884,False
44.5,-0.08749999999999997,8.329680920505277e-05,False
44.625,-0.08749999999999997,4.837702643132103e-05,False
44.75,-0.08749999999999997,2.1103966468551376e-05,False
44.875,-0.08749999999999997,5.116114507033861e-06,False
45.0,-0.08749999999999997,-6.326951417875646e-07,False
45.125,-0.08749999999999997,-2.397752191485518e-07,False
45.25,-0.08749999999999997,1.6622855863177714e-06,False
45.375,-0.08749999999999997,2.089392699211604e-06,False
45.5,-0.08749999999999997,6.939033754177089e-07,False
45.625,-0.08749999999999997,-6.492077459064952e-07,False
45.75,-0.08749999999999997,7.691420932593218e-07,False
45.875,-0.08749999999999997,6.899806265990837e-06,False
46.0,-0.08749999999999997,1.7868733317049126e-05,False
46.125,-0.08749999999999997,3.1823757973330555e-05,False
46.25,-0.08749999999999997,4.563752166473319e-05,False
46.375,-0.08749999999999997,5.6065312367174965e-05,False
46.5,-0.08749999999999997,6.083815208138041e-05,False
46.625,-0.08749999999999997,5.928474550572041e-05,False
46.75,-0.08749999999999997,5.232979284789294e-05,False
46.875,-0.08749999999999997,4.1979912898439025e-05,False
47.0,-0.08749999999999997,3.057456798311158e-05,False
47.125,-0.08749999999999997,2.0103556965175386e-05,False
47.25,-0.08749999999999997,1.1797967831660103e-05,False
47.375,-0.08749999999999997,6.053456035607539e-06,False
47.5,-0.08749999999999997,2.6140387327832422e-06,False
47.625,-0.08749999999999997,8.7676218061232e-07,False
47.75,-0.08749999999999997,1.807396921706583e-07,False
47.875,-0.08749999999999997,-4.269023493442095e-09,False
48.0,-0.08749999999999997,-9.458680236969217e-09,False
48.125,-0.08749999999999997,1.056627772436148e-08,False
48.25,-0.08749999999999997,1.3441514919704401e-08,False
48.375,-0.08749999999999997,5.161613917185926e-09,False
48.5,-0.08749999999999997,-9.789997166290736e-10,False
48.625,-0.08749999999999997,-1.1320727970161956e-10,False
48.75,-0.08749999999999997,4.800625193154062e-09,False
48.875,-0.08749999999999997,8.912192842921339e-09,False
49.0,-0.08749999999999997,9.699936101402493e-09,False
49.125,-0.08749999999999997,7.608699561928568e-09,False
49.25,-0.08749999999999997,4.4967351750524995e-09,False
49.375,-0.08749999999999997,1.9429285967962737e-09,False
49.5,-0.08749999999999997,5.248907169774038e-10,False
49.625,-0.08749999999999997,2.4968020462187852e-11,False
49.75,-0.08749999999999997,-2.8636705748244746e-11,False
49.875,-0.08749999999999997,1.954158545035176e-11,False
50.0,-0.08749999999999997,3.909683999749002e-11,False
50.125,-0.08749999999999997,2.7720601838757768e-11,False
50.25,-0.08749999999999997,1.1645258081036047e-11,False
50.375,-0.08749999999999997,2.8715221557281105e-12,False
50.5,-0.08749999999999997,1.9971468602580097e-13,False
50.625,-0.08749999999999997,-1.0872495697659298e-13,False
50.75,-0.08749999999999997,3.067927760761296e-14,False
50.875,-0.08749999999999997,4.2505002265651804e-14,False
51.0,-0.08749999999999997,-1.7827091998649007e-13,False
51.125,-0.08749999999999997,3.1793932364087184e-13,False
51.25,-0.08749999999999997,5.219559158317726e-12,False
51.375,-0.08749999999999997,1.911417416158656e-11,False
51.5,-0.08749999999999997,3.5710610538822034e-11,False
51.625,-0.08749999999999997,2.6232112962808045e-11,False
51.75,-0.08749999999999997,-2.744203475261942e-11,False
51.875,-0.08749999999999997,-4.08935059364847e-12,False
52.0,-0.08749999999999997,5.435961085073032e-10,False
52.125,-0.08749999999999997,2.4218005551279344e-09,False
52.25,-0.08749999999999997,6.366268497325247e-09,False
52.375,-0.08749999999999997,1.2079757226486763e-08,False
52.5,-0.08749999999999997,1.7315651879731068e-08,False
52.625,-0.08749999999999997,1.825051444088253e-08,False
52.75,-0.08749999999999997,1.21817529461871e-08,False
52.875,-0.08749999999999997,1.7405799407156886e-09,False
53.0,-0.08749999999999997,-3.240647777193708e-09,False
53.125,-0.08749999999999997,8.212342274538343e-09,False
53.25,-0.08749999999999997,3.255667275646022e-08,False
53.375,-0.08749999999999997,3.808205443317173e-08,False
53.5,-0.08749999999999997,-1.3147761452472895e-08,False
53.625,-0.08749999999999997,-5.2140299012016785e-08,False
53.75,-0.08749999999999997,3.622996205341099e-07,False
53.875,-0.08749999999999997,2.490783521120985e-06,False
54.0,-0.08749999999999997,8.993360287324253e-06,False
54.125,-0.08749999999999997,2.4475672208206926e-05,False
54.25,-0.08749999999999997,5.5716058274768176e-05,False
54.375,-0.08749999999999997,0.00011123021314819315,False
54.5,-0.08749999999999997,0.00019989691628209463,False
54.625,-0.08749999999999997,0.0003285969918528159,False
54.75,-0.08749999999999997,0.000499185203565817,False
54.875,-0.08749999999999997,0.000705524240410634,False
55.0,-0.08749999999999997,0.0009316057043640291,False
55.125,-0.08749999999999997,0.0011517995946106478,False
55.25,-0.08749999999999997,0.001333905521386709,False
55.375,-0.08749999999999997,0.0014449444985727992,False
55.5,-0.08749999999999997,0.0014587014346108128,False
55.625,-0.08749999999999997,0.0013632005739320056,False
55.75,-0.08749999999999997,0.0011658984957718384,False
55.875,-0.08749999999999997,0.0008946513524297809,False
56.0,-0.08749999999999997,0.0005934911528255833,False
56.125,-0.08749999999999997,0.00031371031161922644,False
56.25,-0.08749999999999997,0.00010226884278075995,False
56.375,-0.08749999999999997,-9.414511180984526e-06,False
56.5,-0.08749999999999997,-1.306522058609828e-05,False
56.625,-0.08749999999999997,7.479899468235953e-05,False
56.75,-0.08749999999999997,0.00021782500732095823,False
56.875,-0.08749999999999997,0.0003700310776163742,False
57.0,-0.08749999999999997,0.0004882639651019028,False
57.125,-0.08749999999999997,0.0005431990318237918,False
57.25,-0.08749999999999997,0.0005256754688904652,False
57.375,-0.08749999999999997,0.0004467151246087713,False
57.5,-0.08749999999999997,0.00033165616319629713,False
57.625,-0.08749999999999997,0.00021071678784683758,False
57.75,-0.08749999999999997,0.00010933418918494475,False
57.875,-0.08749999999999997,4.145735762320052e-05,False
58.0,-0.08749999999999997,7.707051979359279e-06,False
58.125,-0.08749999999999997,-1.5502852163412795e-06,False
58.25,-0.08749999999999997,6.966537667632714e-08,False
58.375,-0.08749999999999997,1.7081101746189802e-06,False
58.5,-0.08749999999999997,-1.9341168873925226e-07,False
58.625,-0.08749999999999997,-1.139184663346089e-06,False
58.75,-0.08749999999999997,8.396818083982014e-06,False
58.875,-0.08749999999999997,3.767938321120427e-05,False
59.0,-0.08749999999999997,9.048142238410906e-05,False
59.125,-0.08749999999999997,0.00016210248460065698,False
59.25,-0.08749999999999997,0.00023983316412882645,False
59.375,-0.08749999999999997,0.0003066529963553879,False
59.5,-0.08749999999999997,0.0003466946569885431,False
59.625,-0.08749999999999997,0.00035038552430660436,False
59.75,-0.08749999999999997,0.00031739181382565355,False
59.875,-0.08749999999999997,0.00025640509543001065,False
60.0,-0.08749999999999997,0.00018202753953003314,False
10.0,-0.07500000000000001,0.01876876965221992,False
10.125,-0.07500000000000001,0.04219075933239368,False
10.25,-0.07500000000000001,0.04881182126082606,False
10.375,-0.07500000000000001,0.03663142489931197,False
10.5,-0.07500000000000001,0.01548935253447262,False
10.625,-0.07500000000000001,-0.0005085096932474151,False
10.75,-0.07500000000000001,-0.0010333322014191531,False
10.875,-0.07500000000000001,0.015444840430622192,False
11.0,-0.07500000000000001,0.041455183001577446,False
11.125,-0.07500000000000001,0.06467605964404327,False
11.25,-0.07500000000000001,0.07412514561414969,False
11.375,-0.07500000000000001,0.0653958793149777,False
11.5,-0.07500000000000001,0.0426162903667604,False
11.625,-0.07500000000000001,0.016431176325764067,False
11.75,-0.07500000000000001,-0.00088432900791566,False
11.875,-0.07500000000000001,-0.0008756426176592409,False
12.0,-0.07500000000000001,0.01749189016372213,False
12.125,-0.07500000000000001,0.04755537303492946,False
12.25,-0.07500000000000001,0.07794637058674463,False
12.375,-0.07500000000000001,0.09739842663746578,False
12.5,-0.07500000000000001,0.09923209299315065,False
12.625,-0.07500000000000001,0.08366051415980666,False
12.75,-0.07500000000000001,0.05711689830264286,False
12.875,-0.07500000000000001,0.02912906314270346,False
13.0,-0.07500000000000001,0.008264105185865964,False
13.125,-0.07500000000000001,-0.0010702906684924168,False
13.25,-0.07500000000000001,0.00028852140095317704,False
13.375,-0.07500000000000001,0.007510767925311842,False
13.5,-0.07500000000000001,0.014549706016528361,False
13.625,-0.07500000000000001,0.017035264753129255,False
13.75,-0.07500000000000001,0.01397091615734728,False
13.875,-0.07500000000000001,0.007595488209760495,False
14.0,-0.07500000000000001,0.0016852807979221554,False
14.125,-0.07500000000000001,-0.0007125484270749526,False
14.25,-0.07500000000000001,0.0010747482232076216,False
14.375,-0.07500000000000001,0.0051306921495278615,False
14.5,-0.07500000000000001,0.008220811575002918,False
14.625,-0.07500000000000001,0.007850947121822858,False
14.75,-0.07500000000000001,0.004016538276585328,False
14.875,-0.07500000000000001,-0.0003112542311887364,False
15.0,-0.07500000000000001,-0.00030895208547009425,False
15.125,-0.07500000000000001,0.00840548215440499,False
15.25,-0.07500000000000001,0.027343844349928984,False
15.375,-0.07500000000000001,0.053747530172420545,False
15.5,-0.07500000000000001,0.08097480785803499,False
15.625,-0.07500000000000001,0.10067020483700453,False
15.75,-0.07500000000000001,0.1059212145674855,False
15.875,-0.07500000000000001,0.09413806750425444,False
16.0,-0.07500000000000001,0.06844957531512225,False
16.125,-0.07500000000000001,0.03697298059224205,False
16.25,-0.07500000000000001,0.010154990858171464,False
16.375,-0.07500000000000001,-0.0028507534000643277,False
16.5,-0.07500000000000001,0.002581068727509868,False
16.625,-0.07500000000000001,0.024903830692536846,False
16.75,-0.07500000000000001,0.056940920345112736,False
16.875,-0.07500000000000001,0.08838371788973938,False
17.0,-0.07500000000000001,0.10930459432123446,False
17.125,-0.07500000000000001,0.11341174703326103,False
17.25,-0.07500000000000001,0.09992650400374889,False
17.375,-0.07500000000000001,0.07351768565443548,False
17.5,-0.07500000000000001,0.042449218029617986,False
17.625,-0.07500000000000001,0.015707645507853446,False
17.75,-0.07500000000000001,0.0001610472530763369,False
17.875,-0.07500000000000001,-0.0013136612893130924,False
18.0,-0.07500000000000001,0.009769824638593681,False
18.125,-0.07500000000000001,0.028526874161374526,False
18.25,-0.07500000000000001,0.04861656385630969,False
18.375,-0.07500000000000001,0.06430286483338245,False
18.5,-0.07500000000000001,0.07198148009725634,False
18.625,-0.07500000000000001,0.0707833228229475,False
18.75,-0.07500000000000001,0.06224210768083755,False
18.875,-0.07500000000000001,0.04932583022618617,False
19.0,-0.07500000000000001,0.03527980848527239,False
19.125,-0.07500000000000001,0.02269079979239994,False
19.25,-0.07500000000000001,0.013009101257095586,False
19.375,-0.07500000000000001,0.006550336263070376,False
19.5,-0.07500000000000001,0.0028297495141313684,False
19.625,-0.07500000000000001,0.0010111068580996986,False
19.75,-0.07500000000000001,0.00028157817105456645,False
19.875,-0.07500000000000001,5.5117909914441436e-05,False
20.0,-0.07500000000000001,6.203745428264255e-06,False
20.125,-0.07500000000000001,2.3939987199247183e-07,False
20.25,-0.07500000000000001,-3.1490931445251883e-08,False
20.375,-0.07500000000000001,-6.431880733268108e-08,False
20.5,-0.07500000000000001,2.3752388204185092e-07,False
20.625,-0.07500000000000001,2.5058779251547354e-06,False
20.75,-0.07500000000000001,7.409272274373553e-06,False
20.875,-0.07500000000000001,8.711823494431742e-06,False
21.0,-0.07500000000000001,-2.4317687652598878e-06,False
21.125,-0.07500000000000001,-4.2332930966641434e-06,False
21.25,-0.07500000000000001,0.0001216682992393062,False
21.375,-0.07500000000000001,0.0006650075807364322,False
21.5,-0.07500000000000001,0.002123433730527361,False
21.625,-0.07500000000000001,0.005151617230140187,False
21.75,-0.07500000000000001,0.010400156676556688,False
21.875,-0.07500000000000001,0.018268995275850224,False
22.0,-0.07500000000000001,0.02864893823641802,False
22.125,-0.07500000000000001,0.040751817704731026,False
22.25,-0.07500000000000001,0.053118686468911776,False
22.375,-0.07500000000000001,0.06384512608980845,False
22.5,-0.07500000000000001,0.07098909517895044,False
22.625,-0.07500000000000001,0.0730565975615374,False
22.75,-0.07500000000000001,0.06942125633798814,False
22.875,-0.07500000000000001,0.060542602430530446,False
23.0,-0.07500000000000001,0.04790403038927913,False
23.125,-0.07500000000000001,0.03367682931075638,False
23.25,-0.07500000000000001,0.020202372096866695,False
23.375,-0.07500000000000001,0.009441094676940391,False
23.5,-0.07500000000000001,0.002545338563887001,False
23.625,-0.07500000000000001,-0.00032858932867667784,False
23.75,-0.07500000000000001,6.944399547061737e-05,False
23.875,-0.07500000000000001,0.002404223093096023,False
24.0,-0.07500000000000001,0.0051941959733098715,False
24.125,-0.07500000000000001,0.00722961954165214,False
24.25,-0.07500000000000001,0.007850065337593474,False
24.375,-0.07500000000000001,0.007016843790236875,False
24.5,-0.07500000000000001,0.00518660265967313,False
24.625,-0.07500000000000001,0.0030542271412236613,False
24.75,-0.07500000000000001,0.0012668134464173457,False
24.875,-0.07500000000000001,0.00020737124830154385,False
25.0,-0.07500000000000001,-8.862917516766535e-05,False
25.125,-0.07500000000000001,0.0001260711109614346,False
25.25,-0.07500000000000001,0.00047126125024100993,False
25.375,-0.07500000000000001,0.0006280016126568268,False
25.5,-0.07500000000000001,0.0004787285701492808,False
25.625,-0.07500000000000001,0.00014674345280278758,False
25.75,-0.07500000000000001,-7.485319171064604e-05,False
25.875,-0.07500000000000001,0.000128765189365508,False
26.0,-0.07500000000000001,0.0009318734068156485,False
26.125,-0.07500000000000001,0.0022594843685388496,False
26.25,-0.07500000000000001,0.0037794727057609977,False
26.375,-0.07500000000000001,0.005004637331757715,False
26.5,-0.07500000000000001,0.0054719038635665,False
26.625,-0.07500000000000001,0.004935301330026639,False
26.75,-0.07500000000000001,0.0035011297580831357,False
26.875,-0.07500000000000001,0.001651023447788479,False
27.0,-0.07500000000000001,0.00013565234217662085,False
27.125,-0.07500000000000001,-0.00023407107677980758,False
27.25,-0.07500000000000001,0.0011646165272988882,False
27.375,-0.07500000000000001,0.004556710806362323,False
27.5,-0.07500000000000001,0.009666464402506066,False
27.625,-0.07500000000000001,0.0157559122985065,False
27.75,-0.07500000000000001,0.021795354199810484,False
27.875,-0.07500000000000001,0.02671534108602351,False
28.0,-0.07500000000000001,0.029665753631921615,False
28.125,-0.07500000000000001,0.03020796568670508,False
28.25,-0.07500000000000001,0.02838981087492357,False
28.375,-0.07500000000000001,0.02469123168927065,False
28.5,-0.07500000000000001,0.01986775441896061,False
28.625,-0.07500000000000001,0.014746372785213983,False
28.75,-0.07500000000000001,0.010036027936248125,False
28.875,-0.07500000000000001,0.006202061685539249,False
29.0,-0.07500000000000001,0.0034273053635452914,False
29.125,-0.07500000000000001,0.0016525285034474971,False
29.25,-0.07500000000000001,0.0006663963356699443,False
29.375,-0.07500000000000001,0.00020648372323644554,False
29.5,-0.07500000000000001,3.888305575227984e-05,False
29.625,-0.07500000000000001,-3.477632250452402e-07,False
29.75,-0.07500000000000001,-9.648716200205533e-07,False
29.875,-0.07500000000000001,1.9266872307503862e-06,False
30.0,-0.07500000000000001,1.7598848427340658e-06,False
30.125,-0.07500000000000001,6.186256262305625e-07,False
30.25,-0.07500000000000001,6.741436782830471e-08,False
30.375,-0.07500000000000001,-1.292747756099513e-08,False
30.5,-0.07500000000000001,-6.169375425904985e-09,False
30.625,-0.07500000000000001,3.302563541561116e-08,False
30.75,-0.07500000000000001,8.716073551226285e-07,False
30.875,-0.07500000000000001,7.816882387727282e-06,False
31.0,-0.07500000000000001,3.9664164101137415e-05,False
31.125,-0.07500000000000001,0.0001400107656114164,False
31.25,-0.07500000000000001,0.000382765950255875,False
31.375,-0.07500000000000001,0.0008620444989109367,False
31.5,-0.07500000000000001,0.0016613067302152307,False
31.625,-0.07500000000000001,0.0028068767579258603,False
31.75,-0.07500000000000001,0.004222488238616613,False
31.875,-0.07500000000000001,0.005708056044587462,False
32.0,-0.07500000000000001,0.006962419838430547,False
32.125,-0.07500000000000001,0.00765541943666568,False
32.25,-0.07500000000000001,0.007533767667235727,False
32.375,-0.07500000000000001,0.0065263109637641635,False
32.5,-0.07500000000000001,0.004806576354913062,False
32.625,-0.07500000000000001,0.0027795466638387382,False
32.75,-0.07500000000000001,0.0009842198165384752,False
32.875,-0.07500000000000001,-6.454878749288388e-05,False
33.0,-0.07500000000000001,-4.46468213490163e-05,False
33.125,-0.07500000000000001,0.0010544056999316521,False
33.25,-0.07500000000000001,0.0029096172578531162,False
33.375,-0.07500000000000001,0.004954691636985964,False
33.5,-0.07500000000000001,0.006556632907400165,False
33.625,-0.07500000000000001,0.007220061050804479,False
33.75,-0.07500000000000001,0.006748104356756025,False
33.875,-0.07500000000000001,0.005302750114123541,False
34.0,-0.07500000000000001,0.003343310930030246,False
34.125,-0.07500000000000001,0.0014658036902541877,False
34.25,-0.07500000000000001,0.00020164868801005913,False
34.375,-0.07500000000000001,-0.00015245199792496945,False
34.5,-0.07500000000000001,0.0003848075986948806,False
34.625,-0.07500000000000001,0.0015114947274281966,False
34.75,-0.07500000000000001,0.0027686494669656495,False
34.875,-0.07500000000000001,0.0037087297647674937,False
35.0,-0.07500000000000001,0.004042810700204162,False
35.125,-0.07500000000000001,0.003716084867104232,False
35.25,-0.07500000000000001,0.002892326684237487,False
35.375,-0.07500000000000001,0.0018638215052071926,False
35.5,-0.07500000000000001,0.0009294427094544255,False
35.625,-0.07500000000000001,0.0002905903650623407,False
35.75,-0.07500000000000001,1.5260906652423073e-06,False
35.875,-0.07500000000000001,-1.5519697611689225e-05,False
36.0,-0.07500000000000001,9.269101956182807e-05,False
36.125,-0.07500000000000001,0.00018754514966482506,False
36.25,-0.07500000000000001,0.0001952000665293377,False
36.375,-0.07500000000000001,0.000122022342641872,False
36.5,-0.07500000000000001,2.9278286016209716e-05,False
36.625,-0.07500000000000001,-1.4226683652719307e-05,False
36.75,-0.07500000000000001,2.477886532033071e-05,False
36.875,-0.07500000000000001,0.0001262569156020912,False
37.0,-0.07500000000000001,0.0002307818424102593,False
37.125,-0.07500000000000001,0.0002752612853963749,False
37.25,-0.07500000000000001,0.00023033988506855914,False
37.375,-0.07500000000000001,0.00011961732578970504,False
37.5,-0.07500000000000001,1.074309775458163e-05,False
37.625,-0.07500000000000001,-1.72004565846144e-05,False
37.75,-0.07500000000000001,8.610140028525608e-05,False
37.875,-0.07500000000000001,0.00031415400123573084,False
38.0,-0.07500000000000001,0.0006015934344523256,False
38.125,-0.07500000000000001,0.0008495652126483802,False
38.25,-0.07500000000000001,0.0009671564405174351,False
38.375,-0.07500000000000001,0.000910160820955731,False
38.5,-0.07500000000000001,0.0006998588923489935,False
38.625,-0.07500000000000001,0.00041374675852323103,False
38.75,-0.07500000000000001,0.0001528002984919925,False
38.875,-0.07500000000000001,8.640190249163915e-08,False
39.0,-0.07500000000000001,-1.1185360352814315e-05,False
39.125,-0.07500000000000001,9.305689344136866e-05,False
39.25,-0.07500000000000001,0.00024385643352395868,False
39.375,-0.07500000000000001,0.00036223033162375245,False
39.5,-0.07500000000000001,0.0003936648881130896,False
39.625,-0.07500000000000001,0.00032897455264641664,False
39.75,-0.07500000000000001,0.00020335886079394253,False
39.875,-0.07500000000000001,7.57016254404749e-05,False
40.0,-0.07500000000000001,-1.1131611205911013e-06,False
40.125,-0.07500000000000001,-4.670639496570182e-06,False
40.25,-0.07500000000000001,4.877056434160087e-05,False
40.375,-0.07500000000000001,0.00011540225337232044,False
40.5,-0.07500000000000001,0.00014836337260336422,False
40.625,-0.07500000000000001,0.00012368735941655791,False
40.75,-0.07500000000000001,5.5398370481461834e-05,False
40.875,-0.07500000000000001,-7.395065206546539e-06,False
41.0,-0.07500000000000001,-3.7283293435709923e-07,False
41.125,-0.07500000000000001,0.00012770930180277946,False
41.25,-0.07500000000000001,0.0003904702843240539,False
41.375,-0.07500000000000001,0.000753537932330231,False
41.5,-0.07500000000000001,0.0011427501510090543,False
41.625,-0.07500000000000001,0.0014676439030364076,False
41.75,-0.07500000000000001,0.0016509596151274527,False
41.875,-0.07500000000000001,0.0016529349159940972,False
42.0,-0.07500000000000001,0.0014817825274719618,False
42.125,-0.07500000000000001,0.0011875575860589853,False
42.25,-0.07500000000000001,0.0008430426785574735,False
42.375,-0.07500000000000001,0.0005197125377690432,False
42.5,-0.07500000000000001,0.0002677307824037205,False
42.625,-0.07500000000000001,0.0001063076343000755,False
42.75,-0.07500000000000001,2.6047004310764358e-05,False
42.875,-0.07500000000000001,2.3697831713077726e-07,False
43.0,-0.07500000000000001,-7.76354898246028e-07,False
43.125,-0.07500000000000001,1.902714430669046e-06,False
43.25,-0.07500000000000001,6.069372208230298e-07,False
43.375,-0.07500000000000001,-1.0005755011597218e-06,False
43.5,-0.07500000000000001,5.484051965994195e-06,False
43.625,-0.07500000000000001,2.600035667568506e-05,False
43.75,-0.07500000000000001,5.957752632578652e-05,False
43.875,-0.07500000000000001,9.819337957413978e-05,False
44.0,-0.07500000000000001,0.00013031208230935114,False
44.125,-0.07500000000000001,0.00014593883955756992,False
44.25,-0.07500000000000001,0.00014068480162953976,False
44.375,-0.07500000000000001,0.00011713821531848353,False
44.5,-0.07500000000000001,8.32598662633045e-05,False
44.625,-0.07500000000000001,4.885017673570654e-05,False
44.75,-0.07500000000000001,2.181178596794531e-05,False
44.875,-0.07500000000000001,5.76455111323553e-06,False
45.0,-0.07500000000000001,-2.3696406793017856e-07,False
45.125,-0.07500000000000001,-1.331536285276313e-07,False
45.25,-0.07500000000000001,1.5805551453380637e-06,False
45.375,-0.07500000000000001,1.9830483015930976e-06,False
45.5,-0.07500000000000001,7.020146812450351e-07,False
45.625,-0.07500000000000001,-4.736637823573419e-07,False
45.75,-0.07500000000000001,1.0655936356448147e-06,False
45.875,-0.07500000000000001,7.203487759838237e-06,False
46.0,-0.07500000000000001,1.8055770093871266e-05,False
46.125,-0.07500000000000001,3.181382415141274e-05,False
46.25,-0.07500000000000001,4.5422718818274583e-05,False
46.375,-0.07500000000000001,5.570653822111015e-05,False
46.5,-0.07500000000000001,6.043584294105238e-05,False
46.625,-0.07500000000000001,5.893978720441284e-05,False
46.75,-0.07500000000000001,5.2111149996154924e-05,False
46.875,-0.07500000000000001,4.190951903000277e-05,False
47.0,-0.07500000000000001,3.063115943417241e-05,False
47.125,-0.07500000000000001,2.0239645741714092e-05,False
47.25,-0.07500000000000001,1.1960718161707546e-05,False
47.375,-0.07500000000000001,6.201226525017042e-06,False
47.5,-0.07500000000000001,2.724235502793023e-06,False
47.625,-0.07500000000000001,9.450925857345678e-07,False
47.75,-0.07500000000000001,2.1503672851406015e-07,False
47.875,-0.07500000000000001,8.41712937311317e-09,False
48.0,-0.07500000000000001,-7.158271782271211e-09,False
48.125,-0.07500000000000001,9.75938665180732e-09,False
48.25,-0.07500000000000001,1.2785197249329224e-08,False
48.375,-0.07500000000000001,5.267910538149038e-09,False
48.5,-0.07500000000000001,-5.638481319564199e-10,False
48.625,-0.07500000000000001,1.373860621423528e-10,False
48.75,-0.07500000000000001,4.758748375753256e-09,False
48.875,-0.07500000000000001,8.711426435739814e-09,False
49.0,-0.07500000000000001,9.520933023579943e-09,False
49.125,-0.07500000000000001,7.541630882367024e-09,False
49.25,-0.07500000000000001,4.528031412217788e-09,False
49.375,-0.07500000000000001,2.0124149404301233e-09,False
49.5,-0.07500000000000001,5.829275053004739e-10,False
49.625,-0.07500000000000001,5.4441797412758594e-11,False
49.75,-0.07500000000000001,-2.0933919107173646e-11,False
49.875,-0.07500000000000001,1.8416790794132167e-11,False
50.0,-0.07500000000000001,3.730767923791655e-11,False
50.125,-0.07500000000000001,2.7374935390148225e-11,False
50.25,-0.07500000000000001,1.2053154225477607e-11,False
50.375,-0.07500000000000001,3.2479575363348895e-12,False
50.5,-0.07500000000000001,3.594328739242029e-13,False
50.625,-0.07500000000000001,-7.225700081149946e-14,False
50.75,-0.07500000000000001,2.643961031230765e-14,False
50.875,-0.07500000000000001,3.443989239542014e-14,False
51.0,-0.07500000000000001,-1.191054340194195e-13,False
51.125,-0.07500000000000001,6.007105004313743e-13,False
51.25,-0.07500000000000001,5.742588623893716e-12,False
51.375,-0.07500000000000001,1.9203723690755232e-11,False
51.5,-0.07500000000000001,3.417112864205484e-11,False
51.625,-0.07500000000000001,2.422935344001632e-11,False
51.75,-0.07500000000000001,-2.0677517466107384e-11,False
51.875,-0.07500000000000001,3.164744982124719e-11,False
52.0,-0.07500000000000001,6.291568096676238e-10,False
52.125,-0.07500000000000001,2.5501064251208173e-09,False
52.25,-0.07500000000000001,6.471073425866583e-09,False
52.375,-0.07500000000000001,1.2041688386048427e-08,False
52.5,-0.07500000000000001,1.7044051918029545e-08,False
52.625,-0.07500000000000001,1.7824203261436603e-08,False
52.75,-0.07500000000000001,1.1932141214956674e-08,False
52.875,-0.07500000000000001,2.0933704055639103e-09,False
53.0,-0.07500000000000001,-2.254001437451362e-09,False
53.125,-0.07500000000000001,8.923464776498527e-09,False
53.25,-0.07500000000000001,3.139326873535131e-08,False
53.375,-0.07500000000000001,3.518182869585941e-08,False
53.5,-0.07500000000000001,-9.970067577184904e-09,False
53.625,-0.07500000000000001,-1.7699721823944682e-08,False
53.75,-0.07500000000000001,4.819286193101151e-07,False
53.875,-0.07500000000000001,2.7862448011791245e-06,False
54.0,-0.07500000000000001,9.589177951030956e-06,False
54.125,-0.07500000000000001,2.550923412943762e-05,False
54.25,-0.07500000000000001,5.729498818237062e-05,False
54.375,-0.07500000000000001,0.00011337266480514889,False
54.5,-0.07500000000000001,0.00020246950257334103,False
54.625,-0.07500000000000001,0.0003312736830931202,False
54.75,-0.07500000000000001,0.0005014529410418918,False
54.875,-0.07500000000000001,0.0007067535834967808,False
55.0,-0.07500000000000001,0.0009311870307257488,False
55.125,-0.07500000000000001,0.001149321055367726,False
55.25,-0.07500000000000001,0.0013293259991208222,False
55.375,-0.07500000000000001,0.0014387028516762135,False
55.5,-0.07500000000000001,0.0014517100342590558,False
55.625,-0.07500000000000001,0.0013566985854878313,False
55.75,-0.07500000000000001,0.0011611827509693186,False
55.875,-0.07500000000000001,0.0008927471352980922,False
56.0,-0.07500000000000001,0.0005948556509473124,False
56.125,-0.07500000000000001,0.00031806434269395883,False
56.25,-0.07500000000000001,0.00010862261086633772,False
56.375,-0.07500000000000001,-2.5319692256023744e-06,False
56.5,-0.07500000000000001,-7.228463023071245e-06,False
56.625,-0.07500000000000001,7.8329976957532e-05,False
56.75,-0.07500000000000001,0.0002184369170739384,False
56.875,-0.07500000000000001,0.0003678996788487874,False
57.0,-0.07500000000000001,0.0004842621713292118,False
57.125,-0.07500000000000001,0.0005386023342334028,False
57.25,-0.07500000000000001,0.0005217629249156896,False
57.375,-0.07500000000000001,0.00044439727476984313,False
57.5,-0.07500000000000001,0.0003312487157582582,False
57.625,-0.07500000000000001,0.0002119251248337279,False
57.75,-0.07500000000000001,0.0001114384052786526,False
57.875,-0.07500000000000001,4.3618326072991336e-05,False
58.0,-0.07500000000000001,9.276082590200091e-06,False
58.125,-0.07500000000000001,-8.292088133320349e-07,False
58.25,-0.07500000000000001,1.1010978409693237e-07,False
58.375,-0.07500000000000001,1.521708750434167e-06,False
58.5,-0.07500000000000001,-1.0391014651802511e-07,False
58.625,-0.07500000000000001,-4.59359077727681e-07,False
58.75,-0.07500000000000001,9.650207847473623e-06,False
58.875,-0.07500000000000001,3.916163565925076e-05,False
59.0,-0.07500000000000001,9.166067637995472e-05,False
59.125,-0.07500000000000001,0.0001624759663592194,False
59.25,-0.07500000000000001,0.00023913044487591624,False
59.375,-0.07500000000000001,0.0003049473397573594,False
59.5,-0.07500000000000001,0.0003443831756257263,False
59.625,-0.07500000000000001,0.0003480513413081104,False
59.75,-0.07500000000000001,0.00031560550346266316,False
59.875,-0.07500000000000001,0.0002555418036528568,False
60.0,-0.07500000000000001,0.00018216474109232592,False
10.0,-0.0625,0.018816015897604746,False
10.125,-0.0625,0.04130194688669228,False
10.25,-0.0625,0.04780566940686089,False
10.375,-0.0625,0.03614907621676206,False
10.5,-0.0625,0.015764130216378954,False
10.625,-0.0625,0.0003225071671889967,False
10.75,-0.0625,-0.00011888915300271082,False
10.875,-0.0625,0.01595780349850305,False
11.0,-0.0625,0.04130470627968569,False
11.125,-0.0625,0.06393370452726424,False
11.25,-0.0625,0.07314505184732,False
11.375,-0.0625,0.06463824221379903,False
11.5,-0.0625,0.04243284164361455,False
11.625,-0.0625,0.01691021184272524,False
11.75,-0.0625,5.12998115016418e-05,False
11.875,-0.0625,0.00011616838360544238,False
12.0,-0.0625,0.018124126213302817,False
12.125,-0.0625,0.04757349698072594,False
12.25,-0.0625,0.07735530571070022,False
12.375,-0.0625,0.09644544320047703,False
12.5,-0.0625,0.09828937507557647,False
12.625,-0.0625,0.08306443305826745,False
12.75,-0.0625,0.05703543243030255,False
12.875,-0.0625,0.02951129230112309,False
13.0,-0.0625,0.00888612185455771,False
13.125,-0.0625,-0.0004915399709877478,False
13.25,-0.0625,0.0006079954870816741,False
13.375,-0.0625,0.007504370775991852,False
13.5,-0.0625,0.014306943971149049,False
13.625,-0.0625,0.016737470141851292,False
13.75,-0.0625,0.013792425480542754,False
13.875,-0.0625,0.0076195187021559085,False
14.0,-0.0625,0.0018731234869063243,False
14.125,-0.0625,-0.00048822110040091246,False
14.25,-0.0625,0.001196557463822191,False
14.375,-0.0625,0.0050792981520239346,False
14.5,-0.0625,0.00803621680337964,False
14.625,-0.0625,0.007667170270680474,False
14.75,-0.0625,0.00399354202750001,False
14.875,-0.0625,-7.427302077442431e-05,False
15.0,-0.0625,0.00016344497087494143,False
15.125,-0.0625,0.008957841649872038,False
15.25,-0.0625,0.027745454475444024,False
15.375,-0.0625,0.053788954263930065,False
15.5,-0.0625,0.0805640667302859,False
15.625,-0.0625,0.09988598943198858,False
15.75,-0.0625,0.10499779018837307,False
15.875,-0.0625,0.09338497637361859,False
16.0,-0.0625,0.06813666622137307,False
16.125,-0.0625,0.037226119437094286,False
16.25,-0.0625,0.010903968917462096,False
16.375,-0.0625,-0.001851257528054436,False
16.5,-0.0625,0.0034967624253021195,False
16.625,-0.0625,0.025430682167747774,False
16.75,-0.0625,0.05690907776267017,False
16.875,-0.0625,0.08781355460206963,False
17.0,-0.0625,0.1083928587864916,False
17.125,-0.0625,0.11245708986595822,False
17.25,-0.0625,0.09922430912989869,False
17.375,-0.0625,0.07326324105381767,False
17.5,-0.0625,0.042682294973816495,False
17.625,-0.0625,0.016313974101543647,False
17.75,-0.0625,0.0009245745796324248,False
17.875,-0.0625,-0.0006310538764699464,False
18.0,-0.0625,0.010188265472764146,False
18.125,-0.0625,0.028601452396202952,False
18.25,-0.0625,0.0483793337259734,False
18.375,-0.0625,0.0638689141707122,False
18.5,-0.0625,0.071499027371068,False
18.625,-0.0625,0.0703829853375913,False
18.75,-0.0625,0.062002278502833276,False
18.875,-0.0625,0.049262241284081194,False
19.0,-0.0625,0.0353572961437527,False
19.125,-0.0625,0.02284799165223605,False
19.25,-0.0625,0.013184396572860697,False
19.375,-0.0625,0.0067000164264460135,False
19.5,-0.0625,0.002934337852500929,False
19.625,-0.0625,0.0010715031768646706,False
19.75,-0.0625,0.0003098570772279253,False
19.875,-0.0625,6.535352366043584e-05,False
20.0,-0.0625,8.824128166990759e-06,False
20.125,-0.0625,6.504814607382169e-07,False
20.25,-0.0625,5.599422999090216e-09,False
20.375,-0.0625,-4.143695429392702e-08,False
20.5,-0.0625,3.4162402359249287e-07,False
20.625,-0.0625,2.6379932681125594e-06,False
20.75,-0.0625,7.2177492773741805e-06,False
20.875,-0.0625,8.119341286390278e-06,False
21.0,-0.0625,-1.6704397422747598e-06,False
21.125,-0.0625,3.2051374540358877e-06,False
21.25,-0.0625,0.00014511198276967034,False
21.375,-0.0625,0.0007156833485675203,False
21.5,-0.0625,0.00220972143055301,False
21.625,-0.0625,0.005273099516531491,False
21.75,-0.0625,0.010543029709126848,False
21.875,-0.0625,0.0184054748930367,False
22.0,-0.0625,0.02874210696592619,False
22.125,-0.0625,0.04076529668803569,False
22.25,-0.0625,0.053028403224791576,False
22.375,-0.0625,0.06364918980333688,False
22.5,-0.0625,0.0707119856646555,False
22.625,-0.0625,0.07274555185174521,False
22.75,-0.0625,0.06913533132068138,False
22.875,-0.0625,0.06033745881435391,False
23.0,-0.0625,0.04781706954113177,False
23.125,-0.0625,0.03371732593505047,False
23.25,-0.0625,0.020349668037234616,False
23.375,-0.0625,0.009651313064495418,False
23.5,-0.0625,0.002764359176834413,False
23.625,-0.0625,-0.00015005363281672465,False
23.75,-0.0625,0.00017558666964219611,False
23.875,-0.0625,0.0024298803558115063,False
24.0,-0.0625,0.005153987798039908,False
24.125,-0.0625,0.007153273211290377,False
24.25,-0.0625,0.007771303245245051,False
24.375,-0.0625,0.006962595220255884,False
24.5,-0.0625,0.005169896336448053,False
24.625,-0.0625,0.0030725943772584776,False
24.75,-0.0625,0.0013060403236059232,False
24.875,-0.0625,0.0002486798402954552,False
25.0,-0.0625,-6.0849326070061854e-05,False
25.125,-0.0625,0.00013338050925718932,False
25.25,-0.0625,0.00046135865932588836,False
25.375,-0.0625,0.000611728080619418,False
25.5,-0.0625,0.00046907263477725307,False
25.625,-0.0625,0.00015286316982080812,False
25.75,-0.0625,-5.1796455220152504e-05,False
25.875,-0.0625,0.00016115436434925966,False
26.0,-0.0625,0.0009601225513786637,False
26.125,-0.0625,0.0022697090745133043,False
26.25,-0.0625,0.00376332444963782,False
26.375,-0.0625,0.0049634740906824345,False
26.5,-0.0625,0.0054175284122737,False
26.625,-0.0625,0.0048868227178883545,False
26.75,-0.0625,0.003478885214535937,False
26.875,-0.0625,0.001669567846332229,False
27.0,-0.0625,0.00019820619592997117,False
27.125,-0.0625,-0.00013776297708902377,False
27.25,-0.0625,0.0012730555582403686,False
27.375,-0.0625,0.004650076533419143,False
27.5,-0.0625,0.009719649005695505,False
27.625,-0.0625,0.01575306496761114,False
27.75,-0.0625,0.021734306817563925,False
27.875,-0.0625,0.026607998830059057,False
28.0,-0.0625,0.02953447044349132,False
28.125,-0.0625,0.030079188612866355,False
28.25,-0.0625,0.028287060739890388,False
28.375,-0.0625,0.024629549065379598,False
28.5,-0.0625,0.019851101014523687,False
28.625,-0.0625,0.014768404895556333,False
28.75,-0.0625,0.010083552458409221,False
28.875,-0.0625,0.006259730394026734,False
29.0,-0.0625,0.0034819257806009392,False
29.125,-0.0625,0.0016957654782811726,False
29.25,-0.0625,0.0006953930432835966,False
29.375,-0.0625,0.00022272042957612368,False
29.5,-0.0625,4.611968565323544e-05,False
29.625,-0.0625,1.910803377969711e-06,False
29.75,-0.0625,-6.971249174791588e-07,False
29.875,-0.0625,1.7851356155608023e-06,False
30.0,-0.0625,1.708594090531414e-06,False
30.125,-0.0625,6.47987660997578e-07,False
30.25,-0.0625,9.225579499335031e-08,False
30.375,-0.0625,-7.364120149622517e-09,False
30.5,-0.0625,-8.564402212695342e-10,False
30.625,-0.0625,9.081131588313523e-08,False
30.75,-0.0625,1.2425628888334082e-06,False
30.875,-0.0625,9.24640643282397e-06,False
31.0,-0.0625,4.350098604857217e-05,False
31.125,-0.0625,0.00014788478590044865,False
31.25,-0.0625,0.00039574079948373003,False
31.375,-0.0625,0.0008795000143686547,False
31.5,-0.0625,0.0016801059797228713,False
31.625,-0.0625,0.002821436782316054,False
31.75,-0.0625,0.004226103350197939,False
31.875,-0.0625,0.00569528201616129,False
32.0,-0.0625,0.006931738336639341,False
32.125,-0.0625,0.0076110534483649715,False
32.25,-0.0625,0.007485630948586434,False
32.375,-0.0625,0.006487681064632386,False
32.5,-0.0625,0.00478998549305721,False
32.625,-0.0625,0.0027922247229936557,False
32.75,-0.0625,0.001024817106101333,False
32.875,-0.0625,-6.513611742625045e-06,False
33.0,-0.0625,1.3916470053779856e-05,False
33.125,-0.0625,0.001095420200083306,False
33.25,-0.0625,0.0029199041094216745,False
33.375,-0.0625,0.004930646597179937,False
33.5,-0.0625,0.006505721723364653,False
33.625,-0.0625,0.007158464405514537,False
33.75,-0.0625,0.006695272202641694,False
33.875,-0.0625,0.005274801662369088,False
34.0,-0.0625,0.003347668450536643,False
34.125,-0.0625,0.0014989868200889923,False
34.25,-0.0625,0.0002509576289108337,False
34.375,-0.0625,-0.00010409866208153778,False
34.5,-0.0625,0.0004168493573816389,False
34.625,-0.0625,0.001518689609960159,False
34.75,-0.0625,0.002751577793121878,False
34.875,-0.0625,0.003675948808561257,False
35.0,-0.0625,0.004006983643588986,False
35.125,-0.0625,0.0036890576558935733,False
35.25,-0.0625,0.0028810903000522086,False
35.375,-0.0625,0.0018687773505292994,False
35.5,-0.0625,0.0009453550434975564,False
35.625,-0.0625,0.0003095175457301514,False
35.75,-0.0625,1.6319550515894417e-05,False
35.875,-0.0625,-8.619343371392378e-06,False
36.0,-0.0625,9.210104844797063e-05,False
36.125,-0.0625,0.00018293295802596034,False
36.25,-0.0625,0.00019088269950809887,False
36.375,-0.0625,0.00012096715081539516,False
36.5,-0.0625,3.190831381595652e-05,False
36.625,-0.0625,-9.808646502991505e-06,False
36.75,-0.0625,2.8125422702377637e-05,False
36.875,-0.0625,0.00012641600609176687,False
37.0,-0.0625,0.00022755615275688786,False
37.125,-0.0625,0.0002704650027932745,False
37.25,-0.0625,0.00022682113544788106,False
37.375,-0.0625,0.00011974437526661673,False
37.5,-0.0625,1.5127269798586629e-05,False
37.625,-0.0625,-1.011340973878228e-05,False
37.75,-0.0625,9.282670512083704e-05,False
37.875,-0.0625,0.00031734311410096374,False
38.0,-0.0625,0.000599441524306547,False
38.125,-0.0625,0.0008425029796937908,False
38.25,-0.0625,0.0009577065553965363,False
38.375,-0.0625,0.0009018600709652388,False
38.5,-0.0625,0.000695744608065175,False
38.625,-0.0625,0.0004150899981604147,False
38.75,-0.0625,0.00015863766289186926,False
38.875,-0.0625,7.728127408821155e-06,False
39.0,-0.0625,-4.932918240770573e-06,False
39.125,-0.0625,9.559294174050287e-05,False
39.25,-0.0625,0.00024212853470507702,False
39.375,-0.0625,0.00035755306929655177,False
39.5,-0.0625,0.00038848097007603574,False
39.625,-0.0625,0.00032567930117743195,False
39.75,-0.0625,0.00020323381320654644,False
39.875,-0.0625,7.842851196561082e-05,False
40.0,-0.0625,2.827244866927201e-06,False
40.125,-0.0625,-1.5991119102021138e-06,False
40.25,-0.0625,4.948899956700597e-05,False
40.375,-0.0625,0.0001136031753033642,False
40.5,-0.0625,0.00014528095500731888,False
40.625,-0.0625,0.00012136941408035435,False
40.75,-0.0625,5.57351672761805e-05,False
40.875,-0.0625,-3.586473330823577e-06,False
41.0,-0.0625,6.197030369443224e-06,False
41.125,-0.0625,0.00013500405758452264,False
41.25,-0.0625,0.0003958937593566694,False
41.375,-0.0625,0.0007549375096583246,False
41.5,-0.0625,0.0011392435603403627,False
41.625,-0.0625,0.00145994538616375,False
41.75,-0.0625,0.0016410993190484858,False
41.875,-0.0625,0.0016435125027940553,False
42.0,-0.0625,0.0014750686077449583,False
42.125,-0.0625,0.0011847901674526084,False
42.25,-0.0625,0.0008441588056131699,False
42.375,-0.0625,0.0005235640913449449,False
42.5,-0.0625,0.0002726434354805308,False
42.625,-0.0625,0.0001107293131763611,False
42.75,-0.0625,2.90330648817972e-05,False
42.875,-0.0625,1.6193607837693433e-06,False
43.0,-0.0625,-5.42562345764185e-07,False
43.125,-0.0625,1.7106347856118196e-06,False
43.25,-0.0625,6.014667824146398e-07,False
43.375,-0.0625,-5.60470206960344e-07,False
43.5,-0.0625,6.24032191352147e-06,False
43.625,-0.0625,2.6702591868127337e-05,False
43.75,-0.0625,5.984648106271108e-05,False
43.875,-0.0625,9.783947176827148e-05,False
44.0,-0.0625,0.000129417937773153,False
44.125,-0.0625,0.00014480663817615988,False
44.25,-0.0625,0.00013969138346664158,False
44.375,-0.0625,0.00011657451442360454,False
44.5,-0.0625,8.322647107288895e-05,False
44.625,-0.0625,4.9245753135746354e-05,False
44.75,-0.0625,2.2405628797182532e-05,False
44.875,-0.0625,6.309908418157987e-06,False
45.0,-0.0625,9.728845749291151e-08,False
45.125,-0.0625,-4.1163379829079086e-08,False
45.25,-0.0625,1.514247398247068e-06,False
45.375,-0.0625,1.8954718001449145e-06,False
45.5,-0.0625,7.097854148319124e-07,False
45.625,-0.0625,-3.25943529964685e-07,False
45.75,-0.0625,1.314462624997479e-06,False
45.875,-0.0625,7.458305317339904e-06,False
46.0,-0.0625,1.821264770716336e-05,False
46.125,-0.0625,3.180528887410881e-05,False
46.25,-0.0625,4.524201946685263e-05,False
46.375,-0.0625,5.54046943518344e-05,False
46.5,-0.0625,6.009716301501109e-05,False
46.625,-0.0625,5.8649079239739025e-05,False
46.75,-0.0625,5.1926511748005704e-05,False
46.875,-0.0625,4.184957986702316e-05,False
47.0,-0.0625,3.067822249038908e-05,False
47.125,-0.0625,2.0353889365293253e-05,False
47.25,-0.0625,1.2097718783936952e-05,False
47.375,-0.0625,6.325881765072457e-06,False
47.5,-0.0625,2.8174119221684246e-06,False
47.625,-0.0625,1.003049823772472e-06,False
47.75,-0.0625,2.442724830602544e-07,False
47.875,-0.0625,1.9343759893526172e-08,False
48.0,-0.0625,-5.088695345503935e-09,False
48.125,-0.0625,9.130468990935348e-09,False
48.25,-0.0625,1.2238808228300512e-08,False
48.375,-0.0625,5.34929213083258e-09,False
48.5,-0.0625,-2.2084882087602194e-10,False
48.625,-0.0625,3.473723328064519e-10,False
48.75,-0.0625,4.725777730625979e-09,False
48.875,-0.0625,8.544722921565193e-09,False
49.0,-0.0625,9.37099791967401e-09,False
49.125,-0.0625,7.484594194319367e-09,False
49.25,-0.0625,4.553442908849215e-09,False
49.375,-0.0625,2.070353764112133e-09,False
49.5,-0.0625,6.317560507589038e-10,False
49.625,-0.0625,7.951282476959418e-11,False
49.75,-0.0625,-1.4187845851208695e-11,False
49.875,-0.0625,1.7603487175167133e-11,False
50.0,-0.0625,3.582608436557819e-11,False
50.125,-0.0625,2.7068393348829043e-11,False
50.25,-0.0625,1.2384601869883285e-11,False
50.375,-0.0625,3.5637465194070745e-12,False
50.5,-0.0625,4.964126460654449e-13,False
50.625,-0.0625,-3.999771656405543e-14,False
50.75,-0.0625,2.3399661995864978e-14,False
50.875,-0.0625,2.874313362349161e-14,False
51.0,-0.0625,-6.623732753761887e-14,False
51.125,-0.0625,8.408333998308962e-13,False
51.25,-0.0625,6.173896363524868e-12,False
51.375,-0.0625,1.925696895874296e-11,False
51.5,-0.0625,3.28828305609374e-11,False
51.625,-0.0625,2.2687097028397165e-11,False
51.75,-0.0625,-1.4604084071358146e-11,False
51.875,-0.0625,6.226458668687815e-11,False
52.0,-0.0625,7.014655854146354e-10,False
52.125,-0.0625,2.6575523654585297e-09,False
52.25,-0.0625,6.557665373718723e-09,False
52.375,-0.0625,1.2007811158867903e-08,False
52.5,-0.0625,1.6815477104712435e-08,False
52.625,-0.0625,1.746920303874058e-08,False
52.75,-0.0625,1.1728568425859985e-08,False
52.875,-0.0625,2.3929714304983836e-09,False
53.0,-0.0625,-1.4345765643805709e-09,False
53.125,-0.0625,9.496279701134269e-09,False
53.25,-0.0625,3.040628973127408e-08,False
53.375,-0.0625,3.285175182119178e-08,False
53.5,-0.0625,-6.865097401017657e-09,False
53.625,-0.0625,1.2347352912420408e-08,False
53.75,-0.0625,5.84688567943282e-07,False
53.875,-0.0625,3.03837484129604e-06,False
54.0,-0.0625,1.0095692327996435e-05,False
54.125,-0.0625,2.6385659247530158e-05,False
54.25,-0.0625,5.863136746530941e-05,False
54.375,-0.0625,0.00011518328854972858,False
54.5,-0.0625,0.00020464078657717643,False
54.625,-0.0625,0.00033352983456005995,False
54.75,-0.0625,0.0005033610276712553,False
54.875,-0.0625,0.0007077833265303181,False
55.0,-0.0625,0.0009308256476305013,False
55.125,-0.0625,0.0011472230367283213,False
55.25,-0.0625,0.0013254584478276821,False
55.375,-0.0625,0.0014334370223597287,False
55.5,-0.0625,0.0014458154358260903,False
55.625,-0.0625,0.0013512191344831324,False
55.75,-0.0625,0.0011572101147250373,False
55.875,-0.0625,0.00089114375977328,False
56.0,-0.0625,0.0005960054815255756,False
56.125,-0.0625,0.00032173157487684016,False
56.25,-0.0625,0.00011397365576124125,False
56.375,-0.0625,3.2647104101477443e-06,False
56.5,-0.0625,-2.3112800921280633e-06,False
56.625,-0.0625,8.130722839310282e-05,False
56.75,-0.0625,0.0002189577416337864,False
56.875,-0.0625,0.000366111217033467,False
57.0,-0.0625,0.0004808979713981707,False
57.125,-0.0625,0.0005347347905663301,False
57.25,-0.0625,0.0005184679161532338,False
57.375,-0.0625,0.00044244137155494405,False
57.5,-0.0625,0.0003308988029630208,False
57.625,-0.0625,0.00021293511174747483,False
57.75,-0.0625,0.00011320442397961278,False
57.875,-0.0625,4.5435683925436475e-05,False
58.0,-0.0625,1.059936634900149e-05,False
58.125,-0.0625,-2.1611346777217924e-07,False
58.25,-0.0625,1.5222146126895062e-07,False
58.375,-0.0625,1.3727015237439176e-06,False
58.5,-0.0625,-2.2731944752010942e-08,False
58.625,-0.0625,1.1559051182435215e-07,False
58.75,-0.0625,1.0704810179581908e-05,False
58.875,-0.0625,4.040665771554184e-05,False
59.0,-0.0625,9.264981940119787e-05,False
59.125,-0.0625,0.00016278731547819414,False
59.25,-0.0625,0.0002385370943252625,False
59.375,-0.0625,0.0003035109340149804,False
59.5,-0.0625,0.00034243734963371934,False
59.625,-0.0625,0.00034608607937288045,False
59.75,-0.0625,0.0003141004473540315,False
59.875,-0.0625,0.00025481262858704427,False
60.0,-0.0625,0.00018227715247308817,False
10.0,-0.05,0.018863659880142318,False
10.125,-0.05,0.04058620123318109,False
10.25,-0.05,0.04699138804562874,False
10.375,-0.05,0.03575762804846115,False
10.5,-0.05,0.015986069910557607,False
10.625,-0.05,0.000995762775227974,False
10.75,-0.05,0.0006224816241796308,False
10.875,-0.05,0.016373836623882206,False
11.0,-0.05,0.0411826093465702,False
11.125,-0.05,0.063331302153077,False
11.25,-0.05,0.07234961343794695,False
11.375,-0.05,0.06402328377987433,False
11.5,-0.05,0.04228397627502262,False
11.625,-0.05,0.017299257552354633,False
11.75,-0.05,0.0008112027839962512,False
11.875,-0.05,0.0009218321676095515,False
12.0,-0.05,0.018637857270272073,False
12.125,-0.05,0.047588408128448535,False
12.25,-0.05,0.07687517863904078,False
12.375,-0.05,0.09567094023175274,False
12.5,-0.05,0.09752275847913984,False
12.625,-0.05,0.08257906256448834,False
12.75,-0.05,0.0569680444924807,False
12.875,-0.05,0.029820875388090768,False
13.0,-0.05,0.009391078364720596,False
13.125,-0.05,-2.1031154387883143e-05,False
13.25,-0.05,0.0008684705504688651,False
13.375,-0.05,0.007500412409758506,False
13.5,-0.05,0.014110877139294079,False
13.625,-0.05,0.016496268385154545,False
13.75,-0.05,0.013647548056846188,False
13.875,-0.05,0.0076386234047162065,False
14.0,-0.05,0.002025011046905313,False
14.125,-0.05,-0.000306644093952377,False
14.25,-0.05,0.0012952196631812328,False
14.375,-0.05,0.005037808098861872,False
14.5,-0.05,0.007887069938735508,False
14.625,-0.05,0.007519062255503465,False
14.75,-0.05,0.003976133188156771,False
14.875,-0.05,0.00011929220774205019,False
15.0,-0.05,0.000547785255426989,False
15.125,-0.05,0.009406544878389345,False
15.25,-0.05,0.028071107551193707,False
15.375,-0.05,0.05382154738930505,False
15.5,-0.05,0.0802290911828181,False
15.625,-0.05,0.0992476202756686,False
15.75,-0.05,0.10424657844104322,False
15.875,-0.05,0.09277257801303024,False
16.0,-0.05,0.06788240968174618,False
16.125,-0.05,0.03743225812750618,False
16.25,-0.05,0.011513351866344688,False
16.375,-0.05,-0.0010381458651513812,False
16.5,-0.05,0.004241718443495426,False
16.625,-0.05,0.025859380668399323,False
16.75,-0.05,0.056883314491680895,False
16.875,-0.05,0.08734980271921987,False
17.0,-0.05,0.10765105361778535,False
17.125,-0.05,0.11168011515136722,False
17.25,-0.05,0.09865249471327434,False
17.375,-0.05,0.07305559955412802,False
17.5,-0.05,0.042871391996771195,False
17.625,-0.05,0.01680704836280465,False
17.75,-0.05,0.001545967849262452,False
17.875,-0.05,-7.509564894050893e-05,False
18.0,-0.05,0.010529533326423954,False
18.125,-0.05,0.02866293261004116,False
18.25,-0.05,0.04818684757589637,False
18.375,-0.05,0.06351592689177157,False
18.5,-0.05,0.07110610279165919,False
18.625,-0.05,0.07005651350212112,False
18.75,-0.05,0.061806258765967244,False
18.875,-0.05,0.049209713583626156,False
19.0,-0.05,0.03541983662838918,False
19.125,-0.05,0.02297574839360677,False
19.25,-0.05,0.01332721900299943,False
19.375,-0.05,0.006822220052238233,False
19.5,-0.05,0.003019930299018308,False
19.625,-0.05,0.0011210906588475925,False
19.75,-0.05,0.00033319082737131954,False
19.875,-0.05,7.38712318158652e-05,False
20.0,-0.05,1.1040390291130726e-05,False
20.125,-0.05,1.0100151967799837e-06,False
20.25,-0.05,3.9875092102904254e-08,False
20.375,-0.05,-2.1402738067969185e-08,False
20.5,-0.05,4.2630971611416536e-07,False
20.625,-0.05,2.740871725313309e-06,False
20.75,-0.05,7.05866722466457e-06,False
20.875,-0.05,7.656963463694347e-06,False
21.0,-0.05,-9.754363597493068e-07,False
21.125,-0.05,9.419981367372263e-06,False
21.25,-0.05,0.00016445019252518347,False
21.375,-0.05,0.000757264617479698,False
21.5,-0.05,0.0022803187045685553,False
21.625,-0.05,0.005372306517984512,False
21.75,-0.05,0.010659543044044017,False
21.875,-0.05,0.01851662864277119,False
22.0,-0.05,0.02881783007499826,False
22.125,-0.05,0.04077598843070605,False
22.25,-0.05,0.05295450577230824,False
22.375,-0.05,0.06348921502833438,False
22.5,-0.05,0.07048591285027155,False
22.625,-0.05,0.07249187780892478,False
22.75,-0.05,0.06890216398169029,False
22.875,-0.05,0.06017013222074411,False
23.0,-0.05,0.04774604771198827,False
23.125,-0.05,0.033750172258761243,False
23.25,-0.05,0.020469573825308448,False
23.375,-0.05,0.009822559455422096,False
23.5,-0.05,0.002942875418822282,False
23.625,-0.05,-4.419343348888952e-06,False
23.75,-0.05,0.0002623213177476596,False
23.875,-0.05,0.0024510783895030433,False
24.0,-0.05,0.00512150480906731,False
24.125,-0.05,0.007091276808518599,False
24.25,-0.05,0.007707234587328754,False
24.375,-0.05,0.006918388936515976,False
24.5,-0.05,0.005156190671865629,False
24.625,-0.05,0.0030874222745541162,False
24.75,-0.05,0.0013378725394659287,False
24.875,-0.05,0.0002822603551894459,False
25.0,-0.05,-3.8216250675297775e-05,False
25.125,-0.05,0.00013940758488292256,False
25.25,-0.05,0.0004534089356282479,False
25.375,-0.05,0.0005985954913407368,False
25.5,-0.05,0.0004613006861682125,False
25.625,-0.05,0.0001578866873186527,False
25.75,-0.05,-3.303797344411472e-05,False
25.875,-0.05,0.00018746632645534337,False
26.0,-0.05,0.0009830411860699538,False
26.125,-0.05,0.0022779574082260577,False
26.25,-0.05,0.0037501301229464477,False
26.375,-0.05,0.00492995861492387,False
26.5,-0.05,0.005373305027224341,False
26.625,-0.05,0.004847441549394788,False
26.75,-0.05,0.0034608882283830174,False
26.875,-0.05,0.0016847862433023878,False
27.0,-0.05,0.00024924504349785445,False
27.125,-0.05,-5.926509203905491e-05,False
27.25,-0.05,0.0013614010799512053,False
27.375,-0.05,0.004726118370364672,False
27.5,-0.05,0.009762943880489403,False
27.625,-0.05,0.015750705461305154,False
27.75,-0.05,0.021684524320144432,False
27.875,-0.05,0.02652048344411846,False
28.0,-0.05,0.02942742336939092,False
28.125,-0.05,0.029974150859456886,False
28.25,-0.05,0.028203199651440167,False
28.375,-0.05,0.02457913479554493,False
28.5,-0.05,0.01983738609446851,False
28.625,-0.05,0.014786247358895813,False
28.75,-0.05,0.010122223310850153,False
28.875,-0.05,0.006306731792846172,False
29.0,-0.05,0.0035265010970385157,False
29.125,-0.05,0.0017311032292752465,False
29.25,-0.05,0.0007191395462408798,False
29.375,-0.05,0.00023605795403781714,False
29.5,-0.05,5.209645951767555e-05,False
29.625,-0.05,3.79972264700844e-06,False
29.75,-0.05,-4.5680149287894573e-07,False
29.875,-0.05,1.675634709490376e-06,False
30.0,-0.05,1.6661383233928147e-06,False
30.125,-0.05,6.707474793037182e-07,False
30.25,-0.05,1.1243492401810014e-07,False
30.375,-0.05,-2.535964496928171e-09,False
30.5,-0.05,4.063357569094337e-09,False
30.625,-0.05,1.4139573118246708e-07,False
30.75,-0.05,1.5561088136530028e-06,False
30.875,-0.05,1.0434652813545378e-05,False
31.0,-0.05,4.666312934728446e-05,False
31.125,-0.05,0.00015434261866094059,False
31.25,-0.05,0.0004063488598440006,False
31.375,-0.05,0.0008937390086702648,False
31.5,-0.05,0.001695409984010869,False
31.625,-0.05,0.002833256111592273,False
31.75,-0.05,0.004228984689846101,False
31.875,-0.05,0.00568480827879828,False
32.0,-0.05,0.006906692867688266,False
32.125,-0.05,0.007574891089276975,False
32.25,-0.05,0.007446430824506887,False
32.375,-0.05,0.006456249484283669,False
32.5,-0.05,0.004776512502525138,False
32.625,-0.05,0.0028025797745274434,False
32.75,-0.05,0.0010578879230250468,False
32.875,-0.05,4.073475889806466e-05,False
33.0,-0.05,6.158033246098889e-05,False
33.125,-0.05,0.0011287938973128374,False
33.25,-0.05,0.002928270214115044,False
33.375,-0.05,0.004911077140172796,False
33.5,-0.05,0.006464292298294741,False
33.625,-0.05,0.0071083378774276194,False
33.75,-0.05,0.006652270172744776,False
33.875,-0.05,0.005252037790304073,False
34.0,-0.05,0.0033511848178022904,False
34.125,-0.05,0.0015259594269945538,False
34.25,-0.05,0.0002910632815093595,False
34.375,-0.05,-6.4750481341462e-05,False
34.5,-0.05,0.00044294706178334554,False
34.625,-0.05,0.0015245852282592843,False
34.75,-0.05,0.002737730008822843,False
34.875,-0.05,0.0036493048269949386,False
35.0,-0.05,0.003977835492617356,False
35.125,-0.05,0.0036670412315233172,False
35.25,-0.05,0.002871901532041972,False
35.375,-0.05,0.001872758252760653,False
35.5,-0.05,0.0009582629910742265,False
35.625,-0.05,0.0003249037794238139,False
35.75,-0.05,2.837140955272851e-05,False
35.875,-0.05,-2.9671507925814402e-06,False
36.0,-0.05,9.166752352709379e-05,False
36.125,-0.05,0.00017922006985096543,False
36.25,-0.05,0.00018739176521193114,False
36.375,-0.05,0.00012010936975634754,False
36.5,-0.05,3.403311711125075e-05,False
36.625,-0.05,-6.234334086027551e-06,False
36.75,-0.05,3.083366680092346e-05,False
36.875,-0.05,0.00012654340883116384,False
37.0,-0.05,0.00022494252733795174,False
37.125,-0.05,0.0002665808979121441,False
37.25,-0.05,0.00022397553722225692,False
37.375,-0.05,0.000119857006937149,False
37.5,-0.05,1.8692569400020752e-05,False
37.625,-0.05,-4.357893351254605e-06,False
37.75,-0.05,9.82846877478029e-05,False
37.875,-0.05,0.0003199270456580153,False
38.0,-0.05,0.0005976868663421553,False
38.125,-0.05,0.0008367601004565275,False
38.25,-0.05,0.0009500243375633803,False
38.375,-0.05,0.000895111033176225,False
38.5,-0.05,0.0006923960991260247,False
38.625,-0.05,0.0004161754423469654,False
38.75,-0.05,0.0001633759761439271,False
38.875,-0.05,1.3935743539640427e-05,False
39.0,-0.05,1.5021700238454397e-07,False
39.125,-0.05,9.766036014955075e-05,False
39.25,-0.05,0.00024073335016748306,False
39.375,-0.05,0.0003537605224044936,False
39.5,-0.05,0.0003842731448153059,False
39.625,-0.05,0.0003230010678990386,False
39.75,-0.05,0.0002031269203184588,False
39.875,-0.05,8.063651533059159e-05,False
40.0,-0.05,6.021935697089416e-06,False
40.125,-0.05,8.931083891131702e-07,False
40.25,-0.05,5.0074503487206004e-05,False
40.375,-0.05,0.00011214852735649335,False
40.5,-0.05,0.00014278772170633834,False
40.625,-0.05,0.00011949946154334026,False
40.75,-0.05,5.602225197084272e-05,False
40.875,-0.05,-4.802121837145247e-07,False
41.0,-0.05,1.154395983003756e-05,False
41.125,-0.05,0.00014093624957341194,False
41.25,-0.05,0.00040030110225581795,False
41.375,-0.05,0.0007560703171395374,False
41.5,-0.05,0.0011363845099193412,False
41.625,-0.05,0.0014536749107096447,False
41.75,-0.05,0.0016330680054848755,False
41.875,-0.05,0.0016358348030963994,False
42.0,-0.05,0.0014695925005344971,False
42.125,-0.05,0.0011825248700894416,False
42.25,-0.05,0.0008450558724409878,False
42.375,-0.05,0.0005266919882261623,False
42.5,-0.05,0.00027664131269241574,False
42.625,-0.05,0.00011433403444252292,False
42.75,-0.05,3.147404913866915e-05,False
42.875,-0.05,2.7569089524341426e-06,False
43.0,-0.05,-3.411051270905136e-07,False
43.125,-0.05,1.5620316768342768e-06,False
43.25,-0.05,6.005467598773155e-07,False
43.375,-0.05,-2.022770475326326e-07,False
43.5,-0.05,6.853843069912063e-06,False
43.625,-0.05,2.7271809587410176e-05,False
43.75,-0.05,6.006388232422238e-05,False
43.875,-0.05,9.755108432171412e-05,False
44.0,-0.05,0.00012869060921676855,False
44.125,-0.05,0.00014388556570937036,False
44.25,-0.05,0.00013888264091955685,False
44.375,-0.05,0.00011611468432597228,False
44.5,-0.05,8.319770339662898e-05,False
44.625,-0.05,4.95661646163382e-05,False
44.75,-0.05,2.2888051541904803e-05,False
44.875,-0.05,6.753853655094442e-06,False
45.0,-0.05,3.7035798544963684e-07,False
45.125,-0.05,3.529945162291099e-08,False
45.25,-0.05,1.4619261907314715e-06,False
45.375,-0.05,1.8254514463841985e-06,False
45.5,-0.05,7.167602622521603e-07,False
45.625,-0.05,-2.0563405845400667e-07,False
45.75,-0.05,1.5167440536121133e-06,False
45.875,-0.05,7.665337958824083e-06,False
46.0,-0.05,1.834006207508002e-05,False
46.125,-0.05,3.1798216429552946e-05,False
46.25,-0.05,4.509489118641054e-05,False
46.375,-0.05,5.5158908404689926e-05,False
46.5,-0.05,5.982124027907402e-05,False
46.625,-0.05,5.8412029758374146e-05,False
46.75,-0.05,5.177569506733719e-05,False
46.875,-0.05,4.180028527436215e-05,False
47.0,-0.05,3.0716170941458636e-05,False
47.125,-0.05,2.0446744211096734e-05,False
47.25,-0.05,1.2209326287634833e-05,False
47.375,-0.05,6.427612271538422e-06,False
47.5,-0.05,2.893600641847889e-06,False
47.625,-0.05,1.0505632879373416e-06,False
47.75,-0.05,2.683386099435543e-07,False
47.875,-0.05,2.841442998772868e-08,False
48.0,-0.05,-3.311478118103373e-09,False
48.125,-0.05,8.652801048189055e-09,False
48.25,-0.05,1.1798081294152487e-08,False
48.375,-0.05,5.4101739074256625e-09,False
48.5,-0.05,5.41816891757324e-11,False
48.625,-0.05,5.177627012000589e-10,False
48.75,-0.05,4.700451044179095e-09,False
48.875,-0.05,8.410476435348023e-09,False
49.0,-0.05,9.249365631400279e-09,False
49.125,-0.05,7.4377410709985576e-09,False
49.25,-0.05,4.573512412349308e-09,False
49.375,-0.05,2.1171763782817047e-09,False
49.5,-0.05,6.715146284371433e-10,False
49.625,-0.05,1.0011275401214046e-10,False
49.75,-0.05,-8.514063462903594e-12,False
49.875,-0.05,1.7032389792254728e-11,False
50.0,-0.05,3.463639865681573e-11,False
50.125,-0.05,2.6808363146381763e-11,False
50.25,-0.05,1.2646514761213533e-11,False
50.375,-0.05,3.820197386455922e-12,False
50.5,-0.05,6.096990727853283e-13,False
50.625,-0.05,-1.2649250790388084e-14,False
50.75,-0.05,2.1297146999052967e-14,False
50.875,-0.05,2.4861663078435668e-14,False
51.0,-0.05,-2.1093857682696612e-14,False
51.125,-0.05,1.0377956795945283e-12,False
51.25,-0.05,6.519094095713656e-12,False
51.375,-0.05,1.9285525745907856e-11,False
51.5,-0.05,3.1839353630143106e-11,False
51.625,-0.05,2.152970330303992e-11,False
51.75,-0.05,-9.397730798719644e-12,False
51.875,-0.05,8.756906490223705e-11,False
52.0,-0.05,7.605621800348236e-10,False
52.125,-0.05,2.7446986983982655e-09,False
52.25,-0.05,6.627099414121739e-09,False
52.375,-0.05,1.1978977777495065e-08,False
52.5,-0.05,1.6629320880921242e-08,False
52.625,-0.05,1.7182633418450027e-08,False
52.75,-0.05,1.156715057238317e-08,False
52.875,-0.05,2.6387577368279815e-09,False
53.0,-0.05,-7.746484472481655e-10,False
53.125,-0.05,9.945524217654048e-09,False
53.25,-0.05,2.959776295255365e-08,False
53.375,-0.05,3.103110309528728e-08,False
53.5,-0.05,-4.039406437525045e-09,False
53.625,-0.05,3.754953130481926e-08,False
53.75,-0.05,6.698115211956564e-07,False
53.875,-0.05,3.2461088655198068e-06,False
54.0,-0.05,1.0511717461383267e-05,False
54.125,-0.05,2.710400339852505e-05,False
54.25,-0.05,5.972500704493139e-05,False
54.375,-0.05,0.00011666318873569061,False
54.5,-0.05,0.00020641352859418174,False
54.625,-0.05,0.0003353698257552854,False
54.75,-0.05,0.0005049148651797679,False
54.875,-0.05,0.0007086187280011652,False
55.0,-0.05,0.0009305251383536086,False
55.125,-0.05,0.0011455059499561732,False
55.25,-0.05,0.0013222991525526063,False
55.375,-0.05,0.0014291392096343054,False
55.5,-0.05,0.0014410070032496514,False
55.625,-0.05,0.001346751061906476,False
55.75,-0.05,0.0011539717432000965,False
55.875,-0.05,0.0008898372608785251,False
56.0,-0.05,0.0005969430200373117,False
56.125,-0.05,0.0003247205121365972,False
56.25,-0.05,0.0001183346372922714,False
56.375,-0.05,7.989087667339545e-06,False
56.5,-0.05,1.6971779789274087e-06,False
56.625,-0.05,8.373601917073089e-05,False
56.75,-0.05,0.00021938594145106516,False
56.875,-0.05,0.00036465813849552784,False
57.0,-0.05,0.0004781603459423124,False
57.125,-0.05,0.0005315853668647684,False
57.25,-0.05,0.0005157826101601208,False
57.375,-0.05,0.000440844735997589,False
57.5,-0.05,0.00033060902436151546,False
57.625,-0.05,0.00021375301535226553,False
57.75,-0.05,0.00011463952228346519,False
57.875,-0.05,4.6915034824459906e-05,False
58.0,-0.05,1.1679085836557893e-05,False
58.125,-0.05,2.87505479703435e-07,False
58.25,-0.05,1.920238998115735e-07,False
58.375,-0.05,1.2566983400260845e-06,False
58.5,-0.05,4.738089983655094e-08,False
58.625,-0.05,5.858083851913859e-07,False
58.75,-0.05,1.1563623071323049e-05,False
58.875,-0.05,4.141907402645255e-05,False
59.0,-0.05,9.345322215143272e-05,False
59.125,-0.05,0.00016303888366694705,False
59.25,-0.05,0.000238052480713374,False
59.375,-0.05,0.00030234033963308826,False
59.5,-0.05,0.0003408521311562353,False
59.625,-0.05,0.00034448480625832745,False
59.75,-0.05,0.00031287341341786263,False
59.875,-0.05,0.0002542169201975349,False
60.0,-0.05,0.00018236662886377932,False
