meta_type,cases,event_rate,error_rate,mean_M_confidence
Fuzzy,15,0.3333333333333333,0.2,0.7423592970386146
Limbo,6,0.5,0.5,0.6108023193764955
Precise,27,0.2222222222222222,0.07407407407407407,0.9528571580294538
