model,feature_or_block_count,roc_auc,average_precision,brier,log_loss,balanced_accuracy_at_0_5
minimal_geometry,3,0.9159663865546218,0.8137060884960045,0.12110625286823845,0.38616472326046464,0.819327731092437
flat_all,23,0.884453781512605,0.7866841888270459,0.12914386102904843,0.4827963482727469,0.8340336134453781
geometry_block,5,0.8697478991596639,0.7784638972138972,0.14365411977307557,0.46703003607395654,0.7478991596638656
typed_mean3,3,0.8445378151260504,0.7415313094934944,0.1435766037010053,0.4577798148400441,0.7478991596638656
typed_geometric_mean4,4,0.8424369747899159,0.7935404289921096,0.13528937083413392,0.44150351247066394,0.7626050420168067
typed_mean4,4,0.8319327731092436,0.7740672026386312,0.1513510584507273,0.4779663157034202,0.76890756302521
typed_conjunctive3,3,0.8235294117647058,0.7430530812073538,0.15538135396792332,0.5990493992341897,0.6428571428571428
energy_only,1,0.6848739495798319,0.62207190023572,0.2100893184546364,0.6289549355777899,0.703781512605042
